rule,severity,school_code,year,program,message
sources_disagree,warning,BVH,2023,7510301,"sources disagree (vnn=25.01, ads=25.1)"
sources_disagree,warning,BVS,2026,7340115CL,"sources disagree (vne=16.6, ts=17.25)"
sources_disagree,warning,BVS,2026,7480102,"sources disagree (vne=16.6, ts=17.5)"
sources_disagree,warning,BVS,2026,7520208,"sources disagree (vne=16.6, ts=17)"
sources_disagree,warning,DCN,2024,7510205,"sources disagree (vnn=23.57, ads=24.82)"
sources_disagree,warning,DCT,2023,7220201,"sources disagree (vnn=21, ads=24)"
sources_disagree,warning,DCT,2023,7220204,"sources disagree (vnn=21, ads=24)"
sources_disagree,warning,DCT,2023,7340101,"sources disagree (vnn=21, ads=23.5)"
sources_disagree,warning,DCT,2023,7340122,"sources disagree (vnn=22, ads=23)"
sources_disagree,warning,DCT,2023,7340123,"sources disagree (vnn=16, ads=20)"
sources_disagree,warning,DCT,2023,7340201,"sources disagree (vnn=20.5, ads=23)"
sources_disagree,warning,DCT,2023,7340205,"sources disagree (vnn=18.5, ads=20)"
sources_disagree,warning,DCT,2023,7340301,"sources disagree (vnn=20, ads=23)"
sources_disagree,warning,DCT,2023,7380107,"sources disagree (vnn=19, ads=23)"
sources_disagree,warning,DCT,2023,7420201,"sources disagree (vnn=16, ads=20)"
sources_disagree,warning,DCT,2023,7480202,"sources disagree (vnn=16.5, ads=21.25)"
sources_disagree,warning,DCT,2023,7510202,"sources disagree (vnn=16, ads=20)"
sources_disagree,warning,DCT,2023,7510301,"sources disagree (vnn=16, ads=20)"
sources_disagree,warning,DCT,2023,7510303,"sources disagree (vnn=16, ads=20)"
sources_disagree,warning,DCT,2023,7510401,"sources disagree (vnn=16, ads=20)"
sources_disagree,warning,DCT,2023,7510406,"sources disagree (vnn=16, ads=20)"
sources_disagree,warning,DCT,2023,7520115,"sources disagree (vnn=16, ads=20)"
sources_disagree,warning,DCT,2023,7540204,"sources disagree (vnn=16, ads=20)"
sources_disagree,warning,DCT,2023,7810201,"sources disagree (vnn=18, ads=22)"
sources_disagree,warning,DCT,2023,7810202,"sources disagree (vnn=18, ads=22)"
sources_disagree,warning,DCT,2023,7819009,"sources disagree (vnn=16, ads=20.5)"
sources_disagree,warning,DCT,2023,7819010,"sources disagree (vnn=16, ads=20.5)"
sources_disagree,warning,DCT,2023,7850101,"sources disagree (vnn=16, ads=20)"
sources_disagree,warning,DCT,2024,7220201,"sources disagree (vnn=23.25, ads=23)"
sources_disagree,warning,DCT,2024,7220204,"sources disagree (vnn=23.75, ads=23.25)"
sources_disagree,warning,DCT,2024,7340122,"sources disagree (vnn=24.75, ads=23.75)"
sources_disagree,warning,DCT,2024,7340123,"sources disagree (vnn=17, ads=18)"
sources_disagree,warning,DCT,2024,7340201,"sources disagree (vnn=20.75, ads=23)"
sources_disagree,warning,DCT,2024,7340205,"sources disagree (vnn=22.75, ads=20.75)"
sources_disagree,warning,DCT,2024,7340301,"sources disagree (vnn=23, ads=22.5)"
sources_disagree,warning,DCT,2024,7380107,"sources disagree (vnn=17, ads=22.75)"
sources_disagree,warning,DCT,2024,7420201,"sources disagree (vnn=23, ads=17.75)"
sources_disagree,warning,DCT,2024,7460108,"sources disagree (vnn=18, ads=20)"
sources_disagree,warning,DCT,2024,7480201,"sources disagree (vnn=20, ads=23)"
sources_disagree,warning,DCT,2024,7510202,"sources disagree (vnn=18.5, ads=18)"
sources_disagree,warning,DCT,2024,7510203,"sources disagree (vnn=17.5, ads=18.5)"
sources_disagree,warning,DCT,2024,7510301,"sources disagree (vnn=18.75, ads=18)"
sources_disagree,warning,DCT,2024,7510303,"sources disagree (vnn=17, ads=18.75)"
sources_disagree,warning,DCT,2024,7510605,"sources disagree (vnn=22.5, ads=23.75)"
sources_disagree,warning,DCT,2024,7520115,"sources disagree (vnn=18, ads=17.5)"
sources_disagree,warning,DCT,2024,7540204,"sources disagree (vnn=18, ads=17)"
sources_disagree,warning,DCT,2024,7810201,"sources disagree (vnn=23, ads=21)"
sources_disagree,warning,DCT,2024,7819009,"sources disagree (vnn=17.5, ads=17)"
sources_disagree,warning,DCT,2024,7819010,"sources disagree (vnn=21, ads=17.5)"
sources_disagree,warning,DCT,2024,7850101,"sources disagree (vnn=17.75, ads=17)"
sources_disagree,warning,DDL,2023,7810103,"sources disagree (vnn=21.3, ads=21.5)"
sources_disagree,warning,DMS,2024,7340120_TH,"sources disagree (vnn=22.5, ads=22.2)"
sources_disagree,warning,DTL,2023,7220201,"sources disagree (vnn=24.5, ads=18)"
sources_disagree,warning,DTL,2023,7340201,"sources disagree (vnn=24.49, ads=24.35)"
sources_disagree,warning,DTL,2026,7220204,"sources disagree (vne=22.35, ts=21.85)"
sources_disagree,warning,DTL,2026,7220209,"sources disagree (vne=17.75, ts=17.25)"
sources_disagree,warning,DTL,2026,7220210,"sources disagree (vne=19.75, ts=19.25)"
sources_disagree,warning,DTL,2026,7310106,"sources disagree (vne=19, ts=18.5)"
sources_disagree,warning,DTL,2026,7310630,"sources disagree (vne=20.45, ts=19.95)"
sources_disagree,warning,DTL,2026,7320104,"sources disagree (vne=23.31, ts=22.81)"
sources_disagree,warning,DTL,2026,7340101,"sources disagree (vne=18.75, ts=18.25)"
sources_disagree,warning,DTL,2026,7340101A,"sources disagree (vne=16.25, ts=15.75)"
sources_disagree,warning,DTL,2026,7340115,"sources disagree (vne=20.1, ts=19.6)"
sources_disagree,warning,DTL,2026,7340122,"sources disagree (vne=22, ts=19.5)"
sources_disagree,warning,DTL,2026,7340201,"sources disagree (vne=19, ts=18.5)"
sources_disagree,warning,DTL,2026,7340301,"sources disagree (vne=18.35, ts=17.85)"
sources_disagree,warning,DTL,2026,7340301A,"sources disagree (vne=16.25, ts=15.75)"
sources_disagree,warning,DTL,2026,7380107,"sources disagree (vne=20.1, ts=19.6)"
sources_disagree,warning,DTL,2026,7510605,"sources disagree (vne=21.13, ts=20.63)"
sources_disagree,warning,DTL,2026,7720301,"sources disagree (vne=20.75, ts=20.25)"
sources_disagree,warning,DTL,2026,7810103,"sources disagree (vne=22.3, ts=21.8)"
sources_disagree,warning,DTL,2026,7810201,"sources disagree (vne=22, ts=21.5)"
sources_disagree,warning,DTT,2023,7210403,"sources disagree (vnn=29.5, ads=31)"
sources_disagree,warning,DTT,2023,7210404,"sources disagree (vnn=27, ads=26.5)"
sources_disagree,warning,DTT,2023,7220201,"sources disagree (vnn=36.5, ads=33.5)"
sources_disagree,warning,DTT,2023,7220204,"sources disagree (vnn=36, ads=32.2)"
sources_disagree,warning,DTT,2023,7310301,"sources disagree (vnn=33.75, ads=31.25)"
sources_disagree,warning,DTT,2023,7310630,"sources disagree (vnn=34.75, ads=31.4)"
sources_disagree,warning,DTT,2023,7310630Q,"sources disagree (vnn=34.75, ads=31.4)"
sources_disagree,warning,DTT,2023,7340101,"sources disagree (vnn=36.75, ads=33.45)"
sources_disagree,warning,DTT,2023,7340101N,"sources disagree (vnn=35.75, ads=32.25)"
sources_disagree,warning,DTT,2023,7340115,"sources disagree (vnn=37.25, ads=34.45)"
sources_disagree,warning,DTT,2023,7340120,"sources disagree (vnn=37.5, ads=34.6)"
sources_disagree,warning,DTT,2023,7340201,"sources disagree (vnn=36.5, ads=32.5)"
sources_disagree,warning,DTT,2023,7340301,"sources disagree (vnn=36, ads=31.6)"
sources_disagree,warning,DTT,2023,7340408,"sources disagree (vnn=28, ads=24)"
sources_disagree,warning,DTT,2023,7380101,"sources disagree (vnn=35.75, ads=31.85)"
sources_disagree,warning,DTT,2023,7420201,"sources disagree (vnn=34.75, ads=28.2)"
sources_disagree,warning,DTT,2023,7440301,"sources disagree (vnn=27, ads=22)"
sources_disagree,warning,DTT,2023,7460112,"sources disagree (vnn=30, ads=31.3)"
sources_disagree,warning,DTT,2023,7460201,"sources disagree (vnn=29.5, ads=27.7)"
sources_disagree,warning,DTT,2023,7480101,"sources disagree (vnn=37.25, ads=33.35)"
sources_disagree,warning,DTT,2023,7480102,"sources disagree (vnn=36.25, ads=32.1)"
sources_disagree,warning,DTT,2023,7480103,"sources disagree (vnn=37.25, ads=33.7)"
sources_disagree,warning,DTT,2023,7510406,"sources disagree (vnn=26, ads=22)"
sources_disagree,warning,DTT,2023,7520114,"sources disagree (vnn=33.5, ads=29.9)"
sources_disagree,warning,DTT,2023,7520201,"sources disagree (vnn=28.25, ads=26)"
sources_disagree,warning,DTT,2023,7520207,"sources disagree (vnn=29, ads=28.7)"
sources_disagree,warning,DTT,2023,7520216,"sources disagree (vnn=34.25, ads=31)"
sources_disagree,warning,DTT,2023,7520301,"sources disagree (vnn=33.75, ads=28.6)"
sources_disagree,warning,DTT,2023,7580101,"sources disagree (vnn=28, ads=27)"
sources_disagree,warning,DTT,2023,7580105,"sources disagree (vnn=26, ads=23)"
sources_disagree,warning,DTT,2023,7580108,"sources disagree (vnn=28, ads=27)"
sources_disagree,warning,DTT,2023,7580201,"sources disagree (vnn=29, ads=24)"
sources_disagree,warning,DTT,2023,7580205,"sources disagree (vnn=26, ads=22)"
sources_disagree,warning,DTT,2023,7720201,"sources disagree (vnn=36.5, ads=31.4)"
sources_disagree,warning,DTT,2023,7760101,"sources disagree (vnn=29.5, ads=28.5)"
sources_disagree,warning,DTT,2023,7810301,"sources disagree (vnn=33, ads=30.5)"
sources_disagree,warning,DTT,2023,7810301G,"sources disagree (vnn=26, ads=22)"
sources_disagree,warning,DTT,2023,7850201,"sources disagree (vnn=26, ads=22)"
sources_disagree,warning,DTT,2023,F7210403,"sources disagree (vnn=27, ads=26)"
sources_disagree,warning,DTT,2023,F7220201,"sources disagree (vnn=34.5, ads=30.8)"
sources_disagree,warning,DTT,2023,F7310630Q,"sources disagree (vnn=28, ads=28.5)"
sources_disagree,warning,DTT,2023,F7340115,"sources disagree (vnn=35.5, ads=32.65)"
sources_disagree,warning,DTT,2023,F7340120,"sources disagree (vnn=35.5, ads=33.15)"
sources_disagree,warning,DTT,2023,F7340201,"sources disagree (vnn=33.25, ads=33.15)"
sources_disagree,warning,DTT,2023,F7340301,"sources disagree (vnn=31.5, ads=28)"
sources_disagree,warning,DTT,2023,F7380101,"sources disagree (vnn=32.75, ads=28)"
sources_disagree,warning,DTT,2023,F7420201,"sources disagree (vnn=28, ads=24)"
sources_disagree,warning,DTT,2023,F7480103,"sources disagree (vnn=34.5, ads=31.4)"
sources_disagree,warning,DTT,2023,F7520207,"sources disagree (vnn=26, ads=24)"
sources_disagree,warning,DTT,2023,F7520216,"sources disagree (vnn=27, ads=24)"
sources_disagree,warning,DTT,2023,F7580101,"sources disagree (vnn=27, ads=22)"
sources_disagree,warning,DTT,2023,F7580201,"sources disagree (vnn=26, ads=23)"
sources_disagree,warning,DTT,2023,K7340120L,"sources disagree (vnn=33, ads=31.5)"
sources_disagree,warning,DTT,2023,K7340201X,"sources disagree (vnn=28, ads=24)"
sources_disagree,warning,DTT,2023,K7340301,"sources disagree (vnn=28, ads=22)"
sources_disagree,warning,DTT,2023,K7480101L,"sources disagree (vnn=28.5, ads=31)"
sources_disagree,warning,DTT,2023,K7480101T,"sources disagree (vnn=28, ads=26)"
sources_disagree,warning,DTT,2023,K7520201,"sources disagree (vnn=28, ads=24)"
sources_disagree,warning,DTT,2023,K7580201,"sources disagree (vnn=28, ads=22)"
sources_disagree,warning,DTT,2023,N7220201,"sources disagree (vnn=28, ads=24)"
sources_disagree,warning,DTT,2024,7580201,"sources disagree (vnn=23, ads=24)"
sources_disagree,warning,DVL,2023,7720501,"sources disagree (vnn=24, ads=19)"
sources_disagree,warning,DVL,2025,7720601,"sources disagree (vne=17, ts=15)"
sources_disagree,warning,GHA,2023,7520218,"sources disagree (vnn=24.34, ads=23.24)"
sources_disagree,warning,GHA,2026,GHA32,"sources disagree (vnn=20, ts=21.31)"
sources_disagree,warning,HBT,2024,603,"sources disagree (vnn=35.25, ads=35.13)"
sources_disagree,warning,HBT,2024,604,"sources disagree (vnn=35.75, ads=35.25)"
sources_disagree,warning,HBT,2025,533,"sources disagree (vne=23.17, vnn=22.98)"
sources_disagree,warning,HBT,2025,605,"sources disagree (vne=34.96, vnn=33.64)"
sources_disagree,warning,HBT,2025,606,"sources disagree (vne=33.64, vnn=34.14)"
sources_disagree,warning,HBT,2025,607,"sources disagree (vne=34.57, vnn=35)"
sources_disagree,warning,HBT,2025,611,"sources disagree (vne=35, vnn=35.5)"
sources_disagree,warning,HBT,2025,614,"sources disagree (vne=35.73, vnn=35.25)"
sources_disagree,warning,HBT,2025,615,"sources disagree (vne=36.2, vnn=23.11)"
sources_disagree,warning,HBT,2025,616,"sources disagree (vne=36.5, vnn=22.96)"
sources_disagree,warning,HBT,2025,7229010,"sources disagree (vne=34.76, vnn=24.32)"
sources_disagree,warning,HBT,2025,7310102,"sources disagree (vne=24.32, vnn=23.18)"
sources_disagree,warning,HBT,2025,7320104,"sources disagree (vne=36.5, vnn=35.74)"
sources_disagree,warning,HBT,2025,7320105,"sources disagree (vne=35.74, vnn=36)"
sources_disagree,warning,HBT,2025,7320107,"sources disagree (vne=36, vnn=35.5)"
sources_disagree,warning,HBT,2025,7320110,"sources disagree (vne=35.5, vnn=23.5)"
sources_disagree,warning,HBT,2025,801,"sources disagree (vne=33.83, vnn=34.33)"
sources_disagree,warning,HBT,2026,TT538,"sources disagree (vne=24.2, ts=23.7)"
sources_disagree,warning,HCP,2023,7340201,"sources disagree (vnn=24.85, ads=23.5)"
sources_disagree,warning,HCP,2026,7340115,"sources disagree (vne=21.94, ts=19)"
sources_disagree,warning,HIU,2024,7310206,"sources disagree (vnn=15, ads=17.75)"
sources_disagree,warning,HIU,2024,7310630,"sources disagree (vnn=15, ads=18)"
sources_disagree,warning,HIU,2024,7320104,"sources disagree (vnn=18, ads=16.25)"
sources_disagree,warning,HIU,2024,7340114,"sources disagree (vnn=17, ads=15)"
sources_disagree,warning,HIU,2024,7340412,"sources disagree (vnn=15, ads=17)"
sources_disagree,warning,HIU,2024,7810103,"sources disagree (vnn=17.75, ads=15)"
sources_disagree,info,HIU,2025,7720115,"majority kept, one source differs (vne=19, vnn=17, ts=19)"
sources_disagree,info,HIU,2025,7720201,"majority kept, one source differs (vne=19, vnn=17, ts=19)"
sources_disagree,warning,HQT,2024,HQT01,"sources disagree (vnn=25.76, ads=26.76)"
sources_disagree,warning,HQT,2024,HQT04,"sources disagree (vnn=25.55, ads=26.55)"
sources_disagree,warning,HQT,2024,HQT05,"sources disagree (vnn=26.05, ads=27.05)"
sources_disagree,warning,HQT,2024,HQT07,"sources disagree (vnn=25.37, ads=26.37)"
sources_disagree,warning,HQT,2024,HQT08-03,"sources disagree (vnn=25.73, ads=26.73)"
sources_disagree,warning,HQT,2024,HQT08-04,"sources disagree (vnn=26.2, ads=27.2)"
sources_disagree,warning,HTC,2023,7220201,"sources disagree (vnn=28.5, ads=25.85)"
sources_disagree,warning,HTC,2023,7340201C06,"sources disagree (vnn=27, ads=35.51)"
sources_disagree,warning,HTC,2023,7340201C09,"sources disagree (vnn=26.9, ads=34.6)"
sources_disagree,warning,HTC,2023,7340201C11,"sources disagree (vnn=29.5, ads=34.25)"
sources_disagree,warning,HTC,2023,7340301C21,"sources disagree (vnn=29.5, ads=34.1)"
sources_disagree,warning,HTC,2023,7340301C22,"sources disagree (vnn=29.4, ads=34.75)"
sources_disagree,warning,KHA,2023,7220201,"sources disagree (vnn=36.5, ads=26.5)"
sources_disagree,warning,KHA,2024,7340122,"sources disagree (vnn=28.2, ads=28.02)"
sources_disagree,warning,KHA,2025,7340405,"sources disagree (vne=26.38, vnn=27.5)"
sources_disagree,warning,KHA,2025,7380101,"sources disagree (vne=26.41, vnn=25.96)"
sources_disagree,warning,KHA,2025,POHE6,"sources disagree (vne=25.44, vnn=24.66)"
sources_disagree,warning,KMA,2024,7480202KMP,"sources disagree (vnn=25.95, ads=24.85)"
sources_disagree,warning,KMA,2026,7480202KP,"sources disagree (vne=24.63, ts=23.96)"
sources_disagree,warning,KMA,2026,7520207KA,"sources disagree (vne=23.96, ts=24.63)"
sources_disagree,warning,KTS,2026,7580201QT,"sources disagree (vne=17.1, ts=20.5)"
sources_disagree,warning,LPH,2023,7220201,"sources disagree (vnn=24.5, ads=24)"
sources_disagree,warning,LPH,2023,7380107,"sources disagree (vnn=27.36, ads=25.5)"
sources_disagree,warning,LPH,2023,7380109,"sources disagree (vnn=25.75, ads=24.8)"
sources_disagree,warning,LPS,2024,7340102,"sources disagree (vnn=23.87, ads=23.37)"
sources_disagree,warning,LPS,2024,7380101,"sources disagree (vnn=24.27, ads=23.77)"
sources_disagree,warning,MDA,2023,7480201,"sources disagree (vnn=23, ads=24)"
sources_disagree,warning,MDA,2023,7520201,"sources disagree (vnn=20.25, ads=20.5)"
sources_disagree,info,MDA,2026,7220204,"majority kept, one source differs (vne=24.5, vnn=24.6, ts=24.6)"
sources_disagree,info,MDA,2026,7520216TL,"majority kept, one source differs (vne=21.75, vnn=21.75, ts=21)"
sources_disagree,info,MDA,2026,7580201TL,"majority kept, one source differs (vne=21, vnn=21, ts=21.75)"
sources_disagree,warning,MHN,2026,7380107,"sources disagree (vne=20, ts=22)"
sources_disagree,warning,MHN,2026,7380108,"sources disagree (vne=22, ts=20)"
sources_disagree,warning,NHF,2026,7220201 TT,"sources disagree (vne=31.15, ts=32.84)"
sources_disagree,warning,NHF,2026,7340101,"sources disagree (vne=22.4, ts=24.13)"
sources_disagree,warning,NHH,2023,BANK03,"sources disagree (vnn=25.65, ads=25.56)"
sources_disagree,warning,NHH,2023,BUS02,"sources disagree (vnn=26.04, ads=26.4)"
sources_disagree,info,NHH,2026,LAW01,"majority kept, one source differs (vne=25.75, vnn=25.75, ts=25.25)"
sources_disagree,info,NHH,2026,LAW03,"majority kept, one source differs (vne=24.3, vnn=24.3, ts=23.8)"
sources_disagree,info,NHH,2026,LAW04,"majority kept, one source differs (vne=24.75, vnn=24.75, ts=24.25)"
sources_disagree,warning,NHS,2023,7340101,"sources disagree (vnn=25.05, ads=25.5)"
sources_disagree,warning,NHS,2024,7310106,"sources disagree (vnn=26.36, ads=25.5)"
sources_disagree,warning,NHS,2024,7340120,"sources disagree (vnn=25.5, ads=26.36)"
sources_disagree,info,NHS,2026,7380101,"majority kept, one source differs (vne=20, vnn=18.44, ts=20)"
sources_disagree,info,NHS,2026,7380107TA,"majority kept, one source differs (vne=20, vnn=18, ts=20)"
sources_disagree,warning,NTH,2024,NTH01-01,"sources disagree (vnn=27.5, ads=27)"
sources_disagree,warning,NTH,2024,NTH01-02,"sources disagree (vnn=28, ads=27.5)"
sources_disagree,warning,NTH,2024,NTH02,"sources disagree (vnn=28.1, ads=27.6)"
sources_disagree,warning,NTH,2024,NTH03,"sources disagree (vnn=27.8, ads=27.3)"
sources_disagree,warning,NTH,2024,NTH09,"sources disagree (vnn=27.2, ads=26.7)"
sources_disagree,warning,NTH,2026,NTHKD06,"sources disagree (vnn=28.75, ts=27.75)"
sources_disagree,warning,NTH,2026,NTHKD07,"sources disagree (vnn=27.9, ts=26.9)"
sources_disagree,warning,NTH,2026,NTHKD08,"sources disagree (vnn=25, ts=24)"
sources_disagree,warning,NTH,2026,NTHKE16,"sources disagree (vnn=27.1, ts=26.1)"
sources_disagree,warning,NTH,2026,NTHKT02,"sources disagree (vnn=28.75, ts=27.75)"
sources_disagree,warning,NTH,2026,NTHKT03,"sources disagree (vnn=28.7, ts=27.7)"
sources_disagree,warning,NTH,2026,NTHKT04,"sources disagree (vnn=28, ts=27)"
sources_disagree,warning,NTH,2026,NTHLS17,"sources disagree (vnn=25, ts=24)"
sources_disagree,warning,NTH,2026,NTHQK12,"sources disagree (vnn=25, ts=24)"
sources_disagree,warning,NTH,2026,NTHQT10,"sources disagree (vnn=26.6, ts=25.6)"
sources_disagree,warning,NTH,2026,NTHTC15,"sources disagree (vnn=27, ts=26)"
sources_disagree,warning,NTH,2026,NTHTM11,"sources disagree (vnn=27.2, ts=26.2)"
sources_disagree,warning,NTH,2026,NTSKE06,"sources disagree (vnn=26.85, ts=25.85)"
sources_disagree,warning,NTH,2026,NTSKT01,"sources disagree (vnn=27.9, ts=26.9)"
sources_disagree,warning,NTH,2026,NTSKT02,"sources disagree (vnn=28.5, ts=27.5)"
sources_disagree,warning,NTH,2026,NTSMT04,"sources disagree (vnn=27.65, ts=26.65)"
sources_disagree,warning,NTH,2026,NTSQT03,"sources disagree (vnn=26.8, ts=25.8)"
sources_disagree,warning,NTH,2026,NTSTC05,"sources disagree (vnn=27.45, ts=26.45)"
sources_disagree,warning,NTS,2024,NTS01,"sources disagree (vnn=28, ads=27.5)"
sources_disagree,warning,NTS,2024,NTS02,"sources disagree (vnn=28.2, ads=27.7)"
sources_disagree,warning,QHE,2024,7310106,"sources disagree (vnn=33.34, ads=33.43)"
sources_disagree,warning,QHF,2023,7140231,"sources disagree (vnn=37.21, ads=38.1)"
sources_disagree,warning,QHF,2023,7140234,"sources disagree (vnn=35.9, ads=38.46)"
sources_disagree,warning,QHF,2023,7140236,"sources disagree (vnn=35.61, ads=35.27)"
sources_disagree,warning,QHF,2023,7140237,"sources disagree (vnn=36.23, ads=35.92)"
sources_disagree,warning,QHF,2023,7220202,"sources disagree (vnn=33.3, ads=31.2)"
sources_disagree,warning,QHF,2023,7220203,"sources disagree (vnn=34.12, ads=32.99)"
sources_disagree,warning,QHF,2023,7220204,"sources disagree (vnn=35.55, ads=35.32)"
sources_disagree,warning,QHF,2023,7220205,"sources disagree (vnn=34.35, ads=32.83)"
sources_disagree,warning,QHF,2023,7220209,"sources disagree (vnn=34.65, ads=34.23)"
sources_disagree,warning,QHF,2023,7220210,"sources disagree (vnn=35.4, ads=34.92)"
sources_disagree,warning,QHF,2023,7220211,"sources disagree (vnn=33.04, ads=30.49)"
sources_disagree,warning,QHI,2026,CN3,"sources disagree (vne=25.41, ts=26.85)"
sources_disagree,warning,QHI,2026,CN4,"sources disagree (vne=26.13, ts=25.41)"
sources_disagree,warning,QHI,2026,CN9,"sources disagree (vne=25.67, ts=26.29)"
sources_disagree,warning,QHS,2025,QHS09,"sources disagree (vne=28.6, vnn=27.8)"
sources_disagree,warning,QHS,2025,QHS10,"sources disagree (vne=27.8, vnn=28.6)"
sources_disagree,warning,QHS,2026,QHS11,"sources disagree (vne=18.5, ts=19.5)"
sources_disagree,warning,QHT,2024,QHT01,"sources disagree (vnn=34.45, ads=34)"
sources_disagree,warning,QHT,2024,QHT02,"sources disagree (vnn=34.45, ads=34)"
sources_disagree,warning,QHT,2024,QHT98,"sources disagree (vnn=34.7, ads=34)"
sources_disagree,warning,QHX,2023,QHX01,"sources disagree (vnn=25.5, ads=25)"
sources_disagree,warning,QHX,2023,QHX03,"sources disagree (vnn=23.75, ads=23)"
sources_disagree,warning,QHX,2023,QHX04,"sources disagree (vnn=22.75, ads=22)"
sources_disagree,warning,QHX,2023,QHX05,"sources disagree (vnn=25.5, ads=25)"
sources_disagree,warning,QHX,2023,QHX06,"sources disagree (vnn=24.15, ads=24)"
sources_disagree,warning,QHX,2023,QHX07,"sources disagree (vnn=23.5, ads=23)"
sources_disagree,warning,QHX,2023,QHX08,"sources disagree (vnn=23.4, ads=23)"
sources_disagree,warning,QHX,2023,QHX10,"sources disagree (vnn=24.75, ads=24)"
sources_disagree,warning,QHX,2023,QHX13,"sources disagree (vnn=26.2, ads=26)"
sources_disagree,warning,QHX,2023,QHX14,"sources disagree (vnn=24.5, ads=24)"
sources_disagree,warning,QHX,2023,QHX15,"sources disagree (vnn=25.5, ads=25)"
sources_disagree,warning,QHX,2023,QHX19,"sources disagree (vnn=25.5, ads=25)"
sources_disagree,warning,QHX,2023,QHX22,"sources disagree (vnn=22.5, ads=22)"
sources_disagree,warning,QHX,2023,QHX23,"sources disagree (vnn=24.5, ads=24)"
sources_disagree,warning,QHX,2023,QHX26,"sources disagree (vnn=24.5, ads=24)"
sources_disagree,warning,QHX,2023,QHX27,"sources disagree (vnn=23.5, ads=23)"
sources_disagree,warning,QHX,2024,QHX05,"sources disagree (vnn=24.95, ads=25.99)"
sources_disagree,warning,QHX,2024,QHX06,"sources disagree (vnn=25.99, ads=25.05)"
sources_disagree,warning,QHX,2024,QHX08,"sources disagree (vnn=25.8, ads=25.01)"
sources_disagree,warning,QHX,2024,QHX10,"sources disagree (vnn=25.02, ads=25.45)"
sources_disagree,warning,QHX,2024,QHX12,"sources disagree (vnn=25.02, ads=25.75)"
sources_disagree,warning,QHX,2024,QHX13,"sources disagree (vnn=25, ads=26.45)"
sources_disagree,warning,QHX,2024,QHX19,"sources disagree (vnn=25.73, ads=26.18)"
sources_disagree,warning,QHX,2024,QHX20,"sources disagree (vnn=25.33, ads=24.82)"
sources_disagree,warning,QHX,2024,QHX22,"sources disagree (vnn=24.49, ads=25.02)"
sources_disagree,warning,QHX,2024,QHX23,"sources disagree (vnn=24.75, ads=25.99)"
sources_disagree,warning,QHX,2024,QHX24,"sources disagree (vnn=24.78, ads=24.97)"
sources_disagree,warning,QHX,2024,QHX25,"sources disagree (vnn=24.97, ads=25.2)"
sources_disagree,warning,QHX,2024,QHX26,"sources disagree (vnn=25.29, ads=26.2)"
sources_disagree,warning,QHX,2024,QHX27,"sources disagree (vnn=25.65, ads=25.26)"
sources_disagree,warning,QHX,2024,QHX28,"sources disagree (vnn=26.3, ads=25.77)"
sources_disagree,warning,QHX,2025,QHX02,"sources disagree (vne=25.86, vnn=25.36)"
sources_disagree,warning,QHX,2025,QHX03,"sources disagree (vne=24.99, vnn=24.49)"
sources_disagree,warning,QHX,2025,QHX04,"sources disagree (vne=21.75, vnn=24.8)"
sources_disagree,warning,QHX,2025,QHX05,"sources disagree (vne=24.5, vnn=21.75)"
sources_disagree,warning,QHX,2025,QHX06,"sources disagree (vne=24.76, vnn=24.5)"
sources_disagree,warning,QHX,2025,QHX07,"sources disagree (vne=24.18, vnn=24.26)"
sources_disagree,warning,QHX,2025,QHX08,"sources disagree (vne=25.8, vnn=24.33)"
sources_disagree,warning,QHX,2025,QHX09,"sources disagree (vne=24.54, vnn=24.18)"
sources_disagree,warning,QHX,2025,QHX10,"sources disagree (vne=25.25, vnn=25.8)"
sources_disagree,warning,QHX,2025,QHX11,"sources disagree (vne=24.3, vnn=24.54)"
sources_disagree,warning,QHX,2025,QHX12,"sources disagree (vne=21.75, vnn=25.25)"
sources_disagree,warning,QHX,2025,QHX13,"sources disagree (vne=25.45, vnn=24.3)"
sources_disagree,warning,QHX,2025,QHX14,"sources disagree (vne=24.49, vnn=21.75)"
sources_disagree,warning,QHX,2025,QHX15,"sources disagree (vne=24.37, vnn=25.45)"
sources_disagree,warning,QHX,2025,QHX16,"sources disagree (vne=23.99, vnn=24.49)"
sources_disagree,warning,QHX,2025,QHX17,"sources disagree (vne=24.93, vnn=24.37)"
sources_disagree,warning,QHX,2025,QHX18,"sources disagree (vne=23, vnn=23.99)"
sources_disagree,warning,QHX,2025,QHX19,"sources disagree (vne=25.5, vnn=24.93)"
sources_disagree,warning,QHX,2025,QHX20,"sources disagree (vne=23.91, vnn=23)"
sources_disagree,warning,QHX,2025,QHX21,"sources disagree (vne=23.5, vnn=25.5)"
sources_disagree,warning,QHX,2025,QHX22,"sources disagree (vne=24.39, vnn=23.91)"
sources_disagree,warning,QHX,2025,QHX23,"sources disagree (vne=25, vnn=23.5)"
sources_disagree,warning,QHX,2025,QHX24,"sources disagree (vne=24.12, vnn=24.39)"
sources_disagree,warning,QHX,2025,QHX25,"sources disagree (vne=24.5, vnn=24.72)"
sources_disagree,warning,QHX,2025,QHX26,"sources disagree (vne=24.33, vnn=25)"
sources_disagree,warning,QHX,2025,QHX27,"sources disagree (vne=24.72, vnn=24.12)"
sources_disagree,warning,QHX,2025,QHX28,"sources disagree (vne=24.8, vnn=24.5)"
sources_disagree,info,QHX,2026,QHX29,"majority kept, one source differs (vne=25.5, vnn=25.5, ts=22.5)"
sources_disagree,warning,QSC,2023,7480106_IOT,"sources disagree (vnn=25.6, ads=25.4)"
sources_disagree,warning,QSQ,2024,7580201_DK,"sources disagree (vnn=18, ads=16.5)"
sources_disagree,warning,QST,2024,7850101,"sources disagree (vnn=20, ads=22)"
sources_disagree,warning,QSX,2023,7140101,"sources disagree (vnn=24.1, ads=23)"
sources_disagree,warning,QSX,2023,7140114,"sources disagree (vnn=24.5, ads=23.5)"
sources_disagree,warning,QSX,2023,7220201,"sources disagree (vnn=26.05, ads=26)"
sources_disagree,warning,QSX,2023,7220206,"sources disagree (vnn=24.31, ads=23.1)"
sources_disagree,warning,QSX,2023,7220208,"sources disagree (vnn=22.56, ads=22.4)"
sources_disagree,warning,QSX,2023,7229010,"sources disagree (vnn=26, ads=24)"
sources_disagree,warning,QSX,2023,7229020,"sources disagree (vnn=25.5, ads=24.8)"
sources_disagree,warning,QSX,2023,7229030,"sources disagree (vnn=27, ads=25.73)"
sources_disagree,warning,QSX,2023,7310301,"sources disagree (vnn=25.2, ads=24.5)"
sources_disagree,warning,QSX,2023,7310501,"sources disagree (vnn=24.6, ads=21)"
sources_disagree,warning,QSX,2023,7310613_CLC,"sources disagree (vnn=23.5, ads=23.4)"
sources_disagree,warning,QSX,2023,7310614,"sources disagree (vnn=25.12, ads=25)"
sources_disagree,warning,QSX,2023,7320101_CLC,"sources disagree (vnn=27.5, ads=26.13)"
sources_disagree,warning,QSX,2023,7320104,"sources disagree (vnn=27.25, ads=27.2)"
sources_disagree,warning,QSX,2023,7320201,"sources disagree (vnn=23.5, ads=22)"
sources_disagree,warning,QSX,2023,7320205,"sources disagree (vnn=25.7, ads=24)"
sources_disagree,warning,QSX,2023,7320303,"sources disagree (vnn=23.75, ads=22.1)"
sources_disagree,warning,QSX,2023,7340406,"sources disagree (vnn=25.8, ads=24.3)"
sources_disagree,warning,QSX,2023,7580112,"sources disagree (vnn=23.9, ads=21)"
sources_disagree,warning,QSX,2023,7760101,"sources disagree (vnn=24.7, ads=23.6)"
sources_disagree,warning,QSX,2023,7810103,"sources disagree (vnn=27.4, ads=25.8)"
sources_disagree,warning,QSX,2024,7220202,"sources disagree (vnn=22.5, ads=22.95)"
sources_disagree,warning,QSX,2024,7220203,"sources disagree (vnn=23.7, ads=24.4)"
sources_disagree,warning,QSX,2024,7220204,"sources disagree (vnn=25.3, ads=25.78)"
sources_disagree,warning,QSX,2024,7220204_CLC,"sources disagree (vnn=24.5, ads=25.08)"
sources_disagree,warning,QSX,2024,7220205,"sources disagree (vnn=23.7, ads=25.33)"
sources_disagree,warning,QSX,2024,7220205_CLC,"sources disagree (vnn=22.9, ads=24.15)"
sources_disagree,warning,QSX,2024,7220206,"sources disagree (vnn=22.5, ads=24.48)"
sources_disagree,warning,QSX,2024,7220208,"sources disagree (vnn=22.2, ads=22.8)"
sources_disagree,warning,QSX,2024,7310608,"sources disagree (vnn=24.3, ads=24.57)"
sources_disagree,warning,QSX,2024,7310613,"sources disagree (vnn=25, ads=25.3)"
sources_disagree,warning,QSX,2024,7310613_CLC,"sources disagree (vnn=23.1, ads=23.3)"
sources_disagree,warning,QSX,2024,7310614,"sources disagree (vnn=25, ads=25.3)"
sources_disagree,warning,SGD,2023,7140114,"sources disagree (vnn=23.39, ads=22.39)"
sources_disagree,warning,SGD,2023,7310601,"sources disagree (vnn=22.7, ads=22.77)"
sources_disagree,warning,SGD,2023,7340101,"sources disagree (vnn=23.85, ads=22.85)"
sources_disagree,warning,SGD,2023,7340120,"sources disagree (vnn=24.98, ads=23.98)"
sources_disagree,warning,SGD,2023,7380101,"sources disagree (vnn=23.87, ads=22.87)"
sources_disagree,warning,SGD,2023,7440301,"sources disagree (vnn=18.91, ads=17.91)"
sources_disagree,warning,SGD,2023,7520201,"sources disagree (vnn=21.61, ads=20.61)"
sources_disagree,warning,SGD,2024,7140202,"sources disagree (vnn=23.51, ads=25.39)"
sources_disagree,warning,SGD,2025,7340201,"sources disagree (vne=20.01, vnn=20.1)"
sources_disagree,warning,SGD,2025,7480201CLC,"sources disagree (vne=21.01, vnn=21.61)"
sources_disagree,warning,SGD,2025,7510301,"sources disagree (vne=21.54, vnn=21.69)"
sources_disagree,warning,SGD,2025,7510302,"sources disagree (vne=20.24, vnn=20.43)"
sources_disagree,warning,SGD,2026,7140202,"sources disagree (vne=25.97, ts=25.75)"
sources_disagree,warning,SGD,2026,7140205,"sources disagree (vne=25.25, ts=25.03)"
sources_disagree,warning,SGD,2026,7140209,"sources disagree (vne=28.89, ts=27.9)"
sources_disagree,warning,SGD,2026,7140211,"sources disagree (vne=27.54, ts=26.55)"
sources_disagree,warning,SGD,2026,7140212,"sources disagree (vne=27.43, ts=26.81)"
sources_disagree,warning,SGD,2026,7140217,"sources disagree (vne=28.07, ts=26.31)"
sources_disagree,warning,SGD,2026,7140247,"sources disagree (vne=26.71, ts=25.72)"
sources_disagree,warning,SGD,2026,7310601,"sources disagree (vne=23.06, ts=21.3)"
sources_disagree,warning,SGD,2026,7310630,"sources disagree (vne=23.39, ts=21.63)"
sources_disagree,warning,SGD,2026,7340101,"sources disagree (vne=22.06, ts=21.48)"
sources_disagree,warning,SGD,2026,7340120,"sources disagree (vne=23.14, ts=22.56)"
sources_disagree,warning,SGD,2026,7340201,"sources disagree (vne=22.13, ts=21.55)"
sources_disagree,warning,SGD,2026,7340301,"sources disagree (vne=22.69, ts=22.11)"
sources_disagree,warning,SGD,2026,7340302,"sources disagree (vne=23.7, ts=23.12)"
sources_disagree,warning,SGD,2026,7380101,"sources disagree (vne=23.84, ts=22.08)"
sources_disagree,warning,SGD,2026,7440301,"sources disagree (vne=22.44, ts=21.16)"
sources_disagree,warning,SGD,2026,7460108,"sources disagree (vne=23.44, ts=22.45)"
sources_disagree,warning,SGD,2026,7460112,"sources disagree (vne=25.89, ts=24.9)"
sources_disagree,warning,SGD,2026,7480103,"sources disagree (vne=22.06, ts=21.48)"
sources_disagree,warning,SGD,2026,7480107,"sources disagree (vne=23.11, ts=22.53)"
sources_disagree,warning,SGD,2026,7480201,"sources disagree (vne=20.69, ts=20.11)"
sources_disagree,warning,SGD,2026,7510301,"sources disagree (vne=23.48, ts=23.12)"
sources_disagree,warning,SGD,2026,7510406,"sources disagree (vne=22.09, ts=20.81)"
sources_disagree,warning,SGD,2026,7810101,"sources disagree (vne=24.58, ts=22.82)"
sources_disagree,warning,SGD,2026,7810202,"sources disagree (vne=22.69, ts=22.11)"
sources_disagree,warning,SIU,2025,7310608,"sources disagree (vne=16, ts=15)"
sources_disagree,warning,SIU,2026,7380107,"sources disagree (vne=15, vnn=20)"
sources_disagree,warning,SPH,2023,7140201A,"sources disagree (vnn=22.25, ads=22.08)"
sources_disagree,warning,SPH,2023,7140202A,"sources disagree (vnn=26.62, ads=26.83)"
sources_disagree,warning,SPH,2023,7140205C,"sources disagree (vnn=28.13, ads=27.47)"
sources_disagree,warning,SPH,2023,7140208C,"sources disagree (vnn=26.5, ads=26.6)"
sources_disagree,warning,SPH,2023,7140211C,"sources disagree (vnn=25.46, ads=25.36)"
sources_disagree,warning,SPH,2023,7140212A,"sources disagree (vnn=26.13, ads=25.13)"
sources_disagree,warning,SPH,2023,7140217D,"sources disagree (vnn=26.4, ads=26.1)"
sources_disagree,warning,SPH,2023,7310401C,"sources disagree (vnn=25.89, ads=26.89)"
sources_disagree,warning,SPH,2023,7760103C,"sources disagree (vnn=22.5, ads=22.25)"
sources_disagree,warning,SPH,2026,7140201,"sources disagree (vne=22.25, ts=23.93)"
sources_disagree,warning,SPK,2023,7510209D,"sources disagree (vnn=26, ads=22.4)"
sources_disagree,warning,SPK,2023,7510605D,"sources disagree (vnn=25.15, ads=25.75)"
sources_disagree,warning,SPK,2024,7510201A,"sources disagree (vnn=25.25, ads=24.25)"
sources_disagree,warning,SPK,2024,7510202V,"sources disagree (vnn=24.75, ads=24.27)"
sources_disagree,warning,SPK,2026,7510203A,"sources disagree (vne=24.9, ts=24.09)"
sources_disagree,warning,SPS,2023,7140206,"sources disagree (vnn=26.04, ads=26.1)"
sources_disagree,warning,SPS,2023,7220209,"sources disagree (vnn=23.1, ads=24.9)"
sources_disagree,warning,SPS,2024,7140231_LA,"sources disagree (vnn=24.47, ads=25.47)"
sources_disagree,warning,XDA,2024,7580201_QT,"sources disagree (vnn=20, ads=22)"
sources_disagree,warning,XDA,2025,7480201,"sources disagree (vne=25.6, vnn=25.1)"
sources_disagree,warning,XDA,2025,7520201,"sources disagree (vne=25.75, vnn=25.5)"
sources_disagree,warning,XDA,2026,XDA08,"sources disagree (vne=18.75, ts=25.15)"
sources_disagree,warning,XDA,2026,XDA13,"sources disagree (vne=16, ts=24)"
sources_disagree,warning,XDA,2026,XDA15,"sources disagree (vne=16, ts=22.74)"
sources_disagree,warning,XDA,2026,XDA16,"sources disagree (vne=17, ts=24.92)"
sources_disagree,warning,XDA,2026,XDA23,"sources disagree (vne=17, ts=25.45)"
sources_disagree,warning,YDS,2025,7720302,"sources disagree (vne=18, vnn=18.3)"
sources_disagree,warning,YDS,2025,7720701,"sources disagree (vne=17, vnn=19)"
sources_disagree,info,YDS,2026,7720115,"majority kept, one source differs (vne=22.45, vnn=22.25, ts=22.25)"
sources_disagree,warning,YHB,2024,7720101,"sources disagree (vnn=26.55, ads=28.27)"
sources_disagree,warning,YHB,2024,7720101YHT,"sources disagree (vnn=25.07, ads=26.67)"
sources_disagree,warning,YHB,2024,7720301,"sources disagree (vnn=21.75, ads=24.59)"
below_15,warning,DCT,2018,7210403,cutoff 13.0 < 15/30 (check it is the THPT method)
below_15,warning,DCT,2019,7210403,cutoff 13.5 < 15/30 (check it is the THPT method)
below_15,warning,DCT,2018,7320104,cutoff 13.0 < 15/30 (check it is the THPT method)
below_15,warning,DCT,2019,7320104,cutoff 13.0 < 15/30 (check it is the THPT method)
below_15,warning,DCT,2018,7320106,cutoff 14.0 < 15/30 (check it is the THPT method)
below_15,warning,DCT,2019,7320106,cutoff 13.5 < 15/30 (check it is the THPT method)
below_15,warning,DCT,2018,7340122,cutoff 14.0 < 15/30 (check it is the THPT method)
below_15,warning,DCT,2019,7340122,cutoff 13.0 < 15/30 (check it is the THPT method)
below_15,warning,DCT,2018,7340405,cutoff 13.0 < 15/30 (check it is the THPT method)
below_15,warning,DCT,2019,7340405,cutoff 13.5 < 15/30 (check it is the THPT method)
below_15,warning,DCT,2018,7340406,cutoff 13.0 < 15/30 (check it is the THPT method)
below_15,warning,DCT,2019,7340406,cutoff 13.0 < 15/30 (check it is the THPT method)
below_15,warning,DCT,2018,7480101,cutoff 13.0 < 15/30 (check it is the THPT method)
below_15,warning,DCT,2019,7480101,cutoff 14.0 < 15/30 (check it is the THPT method)
below_15,warning,DCT,2018,7480102,cutoff 13.0 < 15/30 (check it is the THPT method)
below_15,warning,DCT,2019,7480102,cutoff 13.5 < 15/30 (check it is the THPT method)
below_15,warning,DCT,2018,7480103,cutoff 13.0 < 15/30 (check it is the THPT method)
below_15,warning,DCT,2019,7480103,cutoff 13.0 < 15/30 (check it is the THPT method)
below_15,warning,DCT,2019,7480103_DT,cutoff 14.0 < 15/30 (check it is the THPT method)
below_15,warning,DCT,2018,7480104,cutoff 13.0 < 15/30 (check it is the THPT method)
below_15,warning,DCT,2018,7480108,cutoff 13.0 < 15/30 (check it is the THPT method)
below_15,warning,DCT,2019,7480108,cutoff 13.5 < 15/30 (check it is the THPT method)
below_15,warning,DCT,2019,7480108_DT,cutoff 14.0 < 15/30 (check it is the THPT method)
below_15,warning,DCT,2018,7480201,cutoff 14.0 < 15/30 (check it is the THPT method)
below_15,warning,DCT,2019,7480201,cutoff 13.0 < 15/30 (check it is the THPT method)
below_15,warning,DCT,2019,7480201_DT,cutoff 13.5 < 15/30 (check it is the THPT method)
below_15,warning,DCT,2018,7480202,cutoff 13.0 < 15/30 (check it is the THPT method)
below_15,warning,DCT,2019,7480202,cutoff 13.5 < 15/30 (check it is the THPT method)
below_15,warning,DCT,2018,7510301,cutoff 13.0 < 15/30 (check it is the THPT method)
below_15,warning,DCT,2019,7510301,cutoff 13.0 < 15/30 (check it is the THPT method)
below_15,warning,DCT,2018,7510302,cutoff 14.0 < 15/30 (check it is the THPT method)
below_15,warning,DCT,2019,7510302,cutoff 13.0 < 15/30 (check it is the THPT method)
below_15,warning,DCT,2018,7510303,cutoff 13.0 < 15/30 (check it is the THPT method)
below_15,warning,DCT,2019,7510303,cutoff 13.0 < 15/30 (check it is the THPT method)
below_15,warning,DCT,2018,7520212,cutoff 14.0 < 15/30 (check it is the THPT method)
below_15,warning,DCT,2019,7520212,cutoff 14.0 < 15/30 (check it is the THPT method)
below_15,warning,DDL,2019,7340101_CLC,cutoff 14.0 < 15/30 (check it is the THPT method)
below_15,warning,DDL,2019,7340122,cutoff 14.0 < 15/30 (check it is the THPT method)
below_15,warning,DDL,2019,7340201_CLC,cutoff 14.0 < 15/30 (check it is the THPT method)
below_15,warning,DDL,2019,7340301_CLC,cutoff 14.0 < 15/30 (check it is the THPT method)
below_15,warning,DDL,2018,7340302,cutoff 14.0 < 15/30 (check it is the THPT method)
below_15,warning,DDL,2018,7510102,cutoff 14.0 < 15/30 (check it is the THPT method)
below_15,warning,DDL,2019,7510102,cutoff 14.0 < 15/30 (check it is the THPT method)
below_15,warning,DDL,2019,7510301_CLC,cutoff 14.0 < 15/30 (check it is the THPT method)
below_15,warning,DDL,2019,7510302_CLC,cutoff 14.0 < 15/30 (check it is the THPT method)
below_15,warning,DDL,2019,7510303_CLC,cutoff 14.0 < 15/30 (check it is the THPT method)
below_15,warning,DDL,2018,7510403,cutoff 14.0 < 15/30 (check it is the THPT method)
below_15,warning,DDL,2019,7510403,cutoff 14.0 < 15/30 (check it is the THPT method)
below_15,warning,DDL,2018,7510406,cutoff 14.0 < 15/30 (check it is the THPT method)
below_15,warning,DDL,2019,7510406,cutoff 14.0 < 15/30 (check it is the THPT method)
below_15,warning,DDL,2018,7510407,cutoff 14.0 < 15/30 (check it is the THPT method)
below_15,warning,DDL,2019,7510407,cutoff 14.0 < 15/30 (check it is the THPT method)
below_15,warning,DDL,2019,7510601,cutoff 14.0 < 15/30 (check it is the THPT method)
below_15,warning,DDL,2019,7510602,cutoff 14.0 < 15/30 (check it is the THPT method)
below_15,warning,DDL,2018,7510605,cutoff 14.0 < 15/30 (check it is the THPT method)
below_15,warning,DDL,2019,7510605,cutoff 14.0 < 15/30 (check it is the THPT method)
below_15,warning,DDL,2018,7520115,cutoff 14.0 < 15/30 (check it is the THPT method)
below_15,warning,DDL,2019,7520115,cutoff 14.0 < 15/30 (check it is the THPT method)
not_30_point_scale,info,DMS,2022,7220201,score 23.6 looks like a 40-point scale; no probability
not_30_point_scale,info,DMS,2023,7220201,score 24.0 looks like a 40-point scale; no probability
not_30_point_scale,info,DTL,2024,7220201,score 24.58 looks like a 40-point scale; no probability
not_30_point_scale,info,DTL,2024,7220204,score 25.4 looks like a 40-point scale; no probability
not_30_point_scale,info,DTL,2024,7220209,score 23.02 looks like a 40-point scale; no probability
not_30_point_scale,info,DTL,2024,7220210,score 24.75 looks like a 40-point scale; no probability
not_30_point_scale,info,DTL,2018,7460112,score 15.0 looks like a 40-point scale; no probability
not_30_point_scale,info,DTL,2018,7480101,score 15.0 looks like a 40-point scale; no probability
not_30_point_scale,info,DTL,2024,7480101,score 22.0 looks like a 40-point scale; no probability
not_30_point_scale,info,DTL,2018,7480102,score 15.0 looks like a 40-point scale; no probability
not_30_point_scale,info,DTL,2018,7480104,score 15.0 looks like a 40-point scale; no probability
not_30_point_scale,info,DTL,2024,7480201,score 22.0 looks like a 40-point scale; no probability
not_30_point_scale,info,DTL,2024,7480207,score 22.0 looks like a 40-point scale; no probability
not_30_point_scale,info,DTT,2023,1-A7220201,score 32.0 looks like a 40-point scale; no probability
not_30_point_scale,info,DTT,2019,7210402,score 22.5 looks like a 40-point scale; no probability
not_30_point_scale,info,DTT,2020,7210402,score 24.5 looks like a 40-point scale; no probability
not_30_point_scale,info,DTT,2021,7210402,score 30.5 looks like a 40-point scale; no probability
not_30_point_scale,info,DTT,2019,7210403,score 27.0 looks like a 40-point scale; no probability
not_30_point_scale,info,DTT,2020,7210403,score 30.0 looks like a 40-point scale; no probability
not_30_point_scale,info,DTT,2021,7210403,score 34.0 looks like a 40-point scale; no probability
not_30_point_scale,info,DTT,2023,7210403,score 29.5 looks like a 40-point scale; no probability
not_30_point_scale,info,DTT,2024,7210403,score 31.5 looks like a 40-point scale; no probability
not_30_point_scale,info,DTT,2019,7210404,score 22.5 looks like a 40-point scale; no probability
not_30_point_scale,info,DTT,2020,7210404,score 25.0 looks like a 40-point scale; no probability
not_30_point_scale,info,DTT,2021,7210404,score 30.5 looks like a 40-point scale; no probability
not_30_point_scale,info,DTT,2023,7210404,score 27.0 looks like a 40-point scale; no probability
not_30_point_scale,info,DTT,2024,7210404,score 30.6 looks like a 40-point scale; no probability
not_30_point_scale,info,DTT,2019,7220201,score 33.0 looks like a 40-point scale; no probability
not_30_point_scale,info,DTT,2020,7220201,score 33.25 looks like a 40-point scale; no probability
not_30_point_scale,info,DTT,2021,7220201,score 35.6 looks like a 40-point scale; no probability
not_30_point_scale,info,DTT,2023,7220201,score 36.5 looks like a 40-point scale; no probability
not_30_point_scale,info,DTT,2024,7220201,score 33.8 looks like a 40-point scale; no probability
not_30_point_scale,info,DTT,2025,7220201,score 30.84 looks like a 40-point scale; no probability
not_30_point_scale,info,DTT,2019,7220204,score 31.0 looks like a 40-point scale; no probability
not_30_point_scale,info,DTT,2020,7220204,score 31.5 looks like a 40-point scale; no probability
not_30_point_scale,info,DTT,2021,7220204,score 34.9 looks like a 40-point scale; no probability
not_30_point_scale,info,DTT,2023,7220204,score 36.0 looks like a 40-point scale; no probability
not_30_point_scale,info,DTT,2024,7220204,score 32.5 looks like a 40-point scale; no probability
not_30_point_scale,info,DTT,2019,7220204A,score 31.0 looks like a 40-point scale; no probability
not_30_point_scale,info,DTT,2019,7310301,score 25.0 looks like a 40-point scale; no probability
not_30_point_scale,info,DTT,2020,7310301,score 29.25 looks like a 40-point scale; no probability
not_30_point_scale,info,DTT,2021,7310301,score 32.9 looks like a 40-point scale; no probability
not_30_point_scale,info,DTT,2023,7310301,score 33.75 looks like a 40-point scale; no probability
not_30_point_scale,info,DTT,2024,7310301,score 32.3 looks like a 40-point scale; no probability
not_30_point_scale,info,DTT,2019,7310630,score 31.0 looks like a 40-point scale; no probability
not_30_point_scale,info,DTT,2020,7310630,score 31.75 looks like a 40-point scale; no probability
not_30_point_scale,info,DTT,2021,7310630,score 33.3 looks like a 40-point scale; no probability
not_30_point_scale,info,DTT,2023,7310630,score 34.75 looks like a 40-point scale; no probability
not_30_point_scale,info,DTT,2024,7310630,score 34.25 looks like a 40-point scale; no probability
not_30_point_scale,info,DTT,2020,7310630Q,score 32.75 looks like a 40-point scale; no probability
not_30_point_scale,info,DTT,2021,7310630Q,score 34.2 looks like a 40-point scale; no probability
not_30_point_scale,info,DTT,2023,7310630Q,score 34.75 looks like a 40-point scale; no probability
not_30_point_scale,info,DTT,2024,7310630Q,score 33.3 looks like a 40-point scale; no probability
not_30_point_scale,info,DTT,2019,7340101,score 32.0 looks like a 40-point scale; no probability
not_30_point_scale,info,DTT,2020,7340101,score 34.25 looks like a 40-point scale; no probability
not_30_point_scale,info,DTT,2021,7340101,score 36.0 looks like a 40-point scale; no probability
not_30_point_scale,info,DTT,2023,7340101,score 36.75 looks like a 40-point scale; no probability
not_30_point_scale,info,DTT,2024,7340101,score 33.0 looks like a 40-point scale; no probability
not_30_point_scale,info,DTT,2020,7340101N,score 34.25 looks like a 40-point scale; no probability
not_30_point_scale,info,DTT,2021,7340101N,score 35.1 looks like a 40-point scale; no probability
not_30_point_scale,info,DTT,2023,7340101N,score 35.75 looks like a 40-point scale; no probability
not_30_point_scale,info,DTT,2024,7340101N,score 32.0 looks like a 40-point scale; no probability
not_30_point_scale,info,DTT,2019,7340115,score 32.5 looks like a 40-point scale; no probability
not_30_point_scale,info,DTT,2020,7340115,score 35.25 looks like a 40-point scale; no probability
not_30_point_scale,info,DTT,2021,7340115,score 36.9 looks like a 40-point scale; no probability
not_30_point_scale,info,DTT,2023,7340115,score 37.25 looks like a 40-point scale; no probability
not_30_point_scale,info,DTT,2024,7340115,score 34.25 looks like a 40-point scale; no probability
not_30_point_scale,info,DTT,2025,7340115,score 31.24 looks like a 40-point scale; no probability
not_30_point_scale,info,DTT,2019,7340120,score 33.0 looks like a 40-point scale; no probability
not_30_point_scale,info,DTT,2020,7340120,score 35.25 looks like a 40-point scale; no probability
not_30_point_scale,info,DTT,2021,7340120,score 36.3 looks like a 40-point scale; no probability
not_30_point_scale,info,DTT,2023,7340120,score 37.5 looks like a 40-point scale; no probability
not_30_point_scale,info,DTT,2024,7340120,score 33.8 looks like a 40-point scale; no probability
not_30_point_scale,info,DTT,2025,7340120,score 31.01 looks like a 40-point scale; no probability
not_30_point_scale,info,DTT,2019,7340201,score 30.0 looks like a 40-point scale; no probability
not_30_point_scale,info,DTT,2020,7340201,score 33.5 looks like a 40-point scale; no probability
not_30_point_scale,info,DTT,2021,7340201,score 34.8 looks like a 40-point scale; no probability
not_30_point_scale,info,DTT,2023,7340201,score 36.5 looks like a 40-point scale; no probability
not_30_point_scale,info,DTT,2024,7340201,score 33.0 looks like a 40-point scale; no probability
not_30_point_scale,info,DTT,2019,7340301,score 30.0 looks like a 40-point scale; no probability
not_30_point_scale,info,DTT,2020,7340301,score 33.5 looks like a 40-point scale; no probability
not_30_point_scale,info,DTT,2021,7340301,score 34.8 looks like a 40-point scale; no probability
not_30_point_scale,info,DTT,2023,7340301,score 36.0 looks like a 40-point scale; no probability
not_30_point_scale,info,DTT,2024,7340301,score 32.4 looks like a 40-point scale; no probability
not_30_point_scale,info,DTT,2026,7340301,score 70.05 looks like a 100-point scale; no probability
not_30_point_scale,info,DTT,2026,7340302,score 72.2 looks like a 100-point scale; no probability
not_30_point_scale,info,DTT,2019,7340408,score 24.0 looks like a 40-point scale; no probability
not_30_point_scale,info,DTT,2020,7340408,score 29.0 looks like a 40-point scale; no probability
not_30_point_scale,info,DTT,2021,7340408,score 32.5 looks like a 40-point scale; no probability
not_30_point_scale,info,DTT,2023,7340408,score 28.0 looks like a 40-point scale; no probability
not_30_point_scale,info,DTT,2024,7340408,score 25.0 looks like a 40-point scale; no probability
not_30_point_scale,info,DTT,2019,7380101,score 30.25 looks like a 40-point scale; no probability
not_30_point_scale,info,DTT,2020,7380101,score 33.25 looks like a 40-point scale; no probability
not_30_point_scale,info,DTT,2021,7380101,score 35.0 looks like a 40-point scale; no probability
not_30_point_scale,info,DTT,2023,7380101,score 35.75 looks like a 40-point scale; no probability
not_30_point_scale,info,DTT,2024,7380101,score 33.45 looks like a 40-point scale; no probability
not_30_point_scale,info,DTT,2025,7380101,score 31.05 looks like a 40-point scale; no probability
not_30_point_scale,info,DTT,2019,7420201,score 26.75 looks like a 40-point scale; no probability
not_30_point_scale,info,DTT,2020,7420201,score 27.0 looks like a 40-point scale; no probability
not_30_point_scale,info,DTT,2021,7420201,score 29.6 looks like a 40-point scale; no probability
not_30_point_scale,info,DTT,2023,7420201,score 34.75 looks like a 40-point scale; no probability
not_30_point_scale,info,DTT,2024,7420201,score 25.0 looks like a 40-point scale; no probability
not_30_point_scale,info,DTT,2026,7420201,score 55.0 looks like a 100-point scale; no probability
not_30_point_scale,info,DTT,2019,7440301,score 24.0 looks like a 40-point scale; no probability
not_30_point_scale,info,DTT,2020,7440301,score 24.0 looks like a 40-point scale; no probability
not_30_point_scale,info,DTT,2021,7440301,score 23.0 looks like a 40-point scale; no probability
not_30_point_scale,info,DTT,2023,7440301,score 27.0 looks like a 40-point scale; no probability
not_30_point_scale,info,DTT,2024,7440301,score 22.0 looks like a 40-point scale; no probability
not_30_point_scale,info,DTT,2026,7440301,score 50.0 looks like a 100-point scale; no probability
not_30_point_scale,info,DTT,2019,7460112,score 23.0 looks like a 40-point scale; no probability
not_30_point_scale,info,DTT,2020,7460112,score 24.0 looks like a 40-point scale; no probability
not_30_point_scale,info,DTT,2021,7460112,score 29.5 looks like a 40-point scale; no probability
not_30_point_scale,info,DTT,2023,7460112,score 30.0 looks like a 40-point scale; no probability
not_30_point_scale,info,DTT,2024,7460112,score 31.0 looks like a 40-point scale; no probability
not_30_point_scale,info,DTT,2026,7460112,score 70.8 looks like a 100-point scale; no probability
not_30_point_scale,info,DTT,2019,7460201,score 23.0 looks like a 40-point scale; no probability
not_30_point_scale,info,DTT,2020,7460201,score 24.0 looks like a 40-point scale; no probability
not_30_point_scale,info,DTT,2021,7460201,score 28.5 looks like a 40-point scale; no probability
not_30_point_scale,info,DTT,2023,7460201,score 29.5 looks like a 40-point scale; no probability
not_30_point_scale,info,DTT,2024,7460201,score 28.5 looks like a 40-point scale; no probability
not_30_point_scale,info,DTT,2019,7480101,score 30.75 looks like a 40-point scale; no probability
not_30_point_scale,info,DTT,2020,7480101,score 33.75 looks like a 40-point scale; no probability
not_30_point_scale,info,DTT,2021,7480101,score 34.6 looks like a 40-point scale; no probability
not_30_point_scale,info,DTT,2023,7480101,score 37.25 looks like a 40-point scale; no probability
not_30_point_scale,info,DTT,2024,7480101,score 33.0 looks like a 40-point scale; no probability
not_30_point_scale,info,DTT,2025,7480101,score 30.27 looks like a 40-point scale; no probability
not_30_point_scale,info,DTT,2026,7480101,score 69.7 looks like a 100-point scale; no probability
not_30_point_scale,info,DTT,2019,7480102,score 29.0 looks like a 40-point scale; no probability
not_30_point_scale,info,DTT,2020,7480102,score 33.0 looks like a 40-point scale; no probability
not_30_point_scale,info,DTT,2021,7480102,score 33.4 looks like a 40-point scale; no probability
not_30_point_scale,info,DTT,2023,7480102,score 36.25 looks like a 40-point scale; no probability
not_30_point_scale,info,DTT,2024,7480102,score 31.2 looks like a 40-point scale; no probability
not_30_point_scale,info,DTT,2026,7480102,score 62.5 looks like a 100-point scale; no probability
not_30_point_scale,info,DTT,2019,7480103,score 32.0 looks like a 40-point scale; no probability
not_30_point_scale,info,DTT,2020,7480103,score 34.5 looks like a 40-point scale; no probability
not_30_point_scale,info,DTT,2021,7480103,score 35.2 looks like a 40-point scale; no probability
not_30_point_scale,info,DTT,2023,7480103,score 37.25 looks like a 40-point scale; no probability
not_30_point_scale,info,DTT,2024,7480103,score 33.3 looks like a 40-point scale; no probability
not_30_point_scale,info,DTT,2026,7480103,score 67.0 looks like a 100-point scale; no probability
not_30_point_scale,info,DTT,2019,7510406,score 24.0 looks like a 40-point scale; no probability
not_30_point_scale,info,DTT,2020,7510406,score 24.0 looks like a 40-point scale; no probability
not_30_point_scale,info,DTT,2021,7510406,score 23.0 looks like a 40-point scale; no probability
not_30_point_scale,info,DTT,2023,7510406,score 26.0 looks like a 40-point scale; no probability
not_30_point_scale,info,DTT,2024,7510406,score 22.0 looks like a 40-point scale; no probability
not_30_point_scale,info,DTT,2020,7520114,score 28.75 looks like a 40-point scale; no probability
not_30_point_scale,info,DTT,2021,7520114,score 32.0 looks like a 40-point scale; no probability
not_30_point_scale,info,DTT,2023,7520114,score 33.5 looks like a 40-point scale; no probability
not_30_point_scale,info,DTT,2024,7520114,score 31.3 looks like a 40-point scale; no probability
not_30_point_scale,info,DTT,2026,7520114,score 75.75 looks like a 100-point scale; no probability
not_30_point_scale,info,DTT,2019,7520201,score 25.75 looks like a 40-point scale; no probability
not_30_point_scale,info,DTT,2020,7520201,score 28.0 looks like a 40-point scale; no probability
not_30_point_scale,info,DTT,2021,7520201,score 29.7 looks like a 40-point scale; no probability
not_30_point_scale,info,DTT,2023,7520201,score 28.25 looks like a 40-point scale; no probability
not_30_point_scale,info,DTT,2024,7520201,score 30.0 looks like a 40-point scale; no probability
not_30_point_scale,info,DTT,2026,7520201,score 74.1 looks like a 100-point scale; no probability
not_30_point_scale,info,DTT,2019,7520207,score 25.5 looks like a 40-point scale; no probability
not_30_point_scale,info,DTT,2020,7520207,score 28.0 looks like a 40-point scale; no probability
not_30_point_scale,info,DTT,2021,7520207,score 31.0 looks like a 40-point scale; no probability
not_30_point_scale,info,DTT,2023,7520207,score 29.0 looks like a 40-point scale; no probability
not_30_point_scale,info,DTT,2024,7520207,score 31.2 looks like a 40-point scale; no probability
not_30_point_scale,info,DTT,2026,7520207T,score 77.0 looks like a 100-point scale; no probability
not_30_point_scale,info,DTT,2019,7520216,score 28.75 looks like a 40-point scale; no probability
not_30_point_scale,info,DTT,2020,7520216,score 31.25 looks like a 40-point scale; no probability
not_30_point_scale,info,DTT,2021,7520216,score 33.0 looks like a 40-point scale; no probability
not_30_point_scale,info,DTT,2023,7520216,score 34.25 looks like a 40-point scale; no probability
not_30_point_scale,info,DTT,2024,7520216,score 31.85 looks like a 40-point scale; no probability
not_30_point_scale,info,DTT,2019,7520301,score 27.25 looks like a 40-point scale; no probability
not_30_point_scale,info,DTT,2020,7520301,score 28.0 looks like a 40-point scale; no probability
not_30_point_scale,info,DTT,2021,7520301,score 32.0 looks like a 40-point scale; no probability
not_30_point_scale,info,DTT,2023,7520301,score 33.75 looks like a 40-point scale; no probability
not_30_point_scale,info,DTT,2024,7520301,score 27.8 looks like a 40-point scale; no probability
not_30_point_scale,info,DTT,2026,7520301,score 70.0 looks like a 100-point scale; no probability
not_30_point_scale,info,DTT,2019,7580101,score 25.0 looks like a 40-point scale; no probability
not_30_point_scale,info,DTT,2020,7580101,score 25.5 looks like a 40-point scale; no probability
not_30_point_scale,info,DTT,2021,7580101,score 28.0 looks like a 40-point scale; no probability
not_30_point_scale,info,DTT,2023,7580101,score 28.0 looks like a 40-point scale; no probability
not_30_point_scale,info,DTT,2026,7580101,score 75.0 looks like a 100-point scale; no probability
not_30_point_scale,info,DTT,2019,7580105,score 23.0 looks like a 40-point scale; no probability
not_30_point_scale,info,DTT,2020,7580105,score 24.0 looks like a 40-point scale; no probability
not_30_point_scale,info,DTT,2021,7580105,score 24.0 looks like a 40-point scale; no probability
not_30_point_scale,info,DTT,2023,7580105,score 26.0 looks like a 40-point scale; no probability
not_30_point_scale,info,DTT,2024,7580105,score 23.0 looks like a 40-point scale; no probability
not_30_point_scale,info,DTT,2019,7580108,score 22.5 looks like a 40-point scale; no probability
not_30_point_scale,info,DTT,2020,7580108,score 27.0 looks like a 40-point scale; no probability
not_30_point_scale,info,DTT,2021,7580108,score 29.0 looks like a 40-point scale; no probability
not_30_point_scale,info,DTT,2023,7580108,score 28.0 looks like a 40-point scale; no probability
not_30_point_scale,info,DTT,2019,7580201,score 27.0 looks like a 40-point scale; no probability
not_30_point_scale,info,DTT,2020,7580201,score 27.75 looks like a 40-point scale; no probability
not_30_point_scale,info,DTT,2021,7580201,score 29.4 looks like a 40-point scale; no probability
not_30_point_scale,info,DTT,2023,7580201,score 29.0 looks like a 40-point scale; no probability
not_30_point_scale,info,DTT,2024,7580201,score 23.0 looks like a 40-point scale; no probability
not_30_point_scale,info,DTT,2026,7580201,score 60.6 looks like a 100-point scale; no probability
not_30_point_scale,info,DTT,2019,7580205,score 23.0 looks like a 40-point scale; no probability
not_30_point_scale,info,DTT,2020,7580205,score 24.0 looks like a 40-point scale; no probability
not_30_point_scale,info,DTT,2021,7580205,score 24.0 looks like a 40-point scale; no probability
not_30_point_scale,info,DTT,2023,7580205,score 26.0 looks like a 40-point scale; no probability
not_30_point_scale,info,DTT,2024,7580205,score 22.0 looks like a 40-point scale; no probability
not_30_point_scale,info,DTT,2026,7580205,score 50.0 looks like a 100-point scale; no probability
not_30_point_scale,info,DTT,2023,7580302,score 23.0 looks like a 40-point scale; no probability
not_30_point_scale,info,DTT,2024,7580302,score 23.0 looks like a 40-point scale; no probability
not_30_point_scale,info,DTT,2019,7720201,score 30.0 looks like a 40-point scale; no probability
not_30_point_scale,info,DTT,2020,7720201,score 33.0 looks like a 40-point scale; no probability
not_30_point_scale,info,DTT,2021,7720201,score 33.8 looks like a 40-point scale; no probability
not_30_point_scale,info,DTT,2023,7720201,score 36.5 looks like a 40-point scale; no probability
not_30_point_scale,info,DTT,2024,7720201,score 31.45 looks like a 40-point scale; no probability
not_30_point_scale,info,DTT,2026,7720201,score 65.0 looks like a 100-point scale; no probability
not_30_point_scale,info,DTT,2019,7760101,score 23.5 looks like a 40-point scale; no probability
not_30_point_scale,info,DTT,2020,7760101,score 24.0 looks like a 40-point scale; no probability
not_30_point_scale,info,DTT,2021,7760101,score 29.5 looks like a 40-point scale; no probability
not_30_point_scale,info,DTT,2023,7760101,score 29.5 looks like a 40-point scale; no probability
not_30_point_scale,info,DTT,2024,7760101,score 29.45 looks like a 40-point scale; no probability
not_30_point_scale,info,DTT,2026,7760101,score 66.8 looks like a 100-point scale; no probability
not_30_point_scale,info,DTT,2025,7810101,score 32.05 looks like a 40-point scale; no probability
not_30_point_scale,info,DTT,2026,7810101,score 71.7 looks like a 100-point scale; no probability
not_30_point_scale,info,DTT,2025,7810101H,score 31.09 looks like a 40-point scale; no probability
not_30_point_scale,info,DTT,2026,7810101H,score 70.92 looks like a 100-point scale; no probability
not_30_point_scale,info,DTT,2019,7810301,score 26.5 looks like a 40-point scale; no probability
not_30_point_scale,info,DTT,2021,7810301,score 32.8 looks like a 40-point scale; no probability
not_30_point_scale,info,DTT,2023,7810301,score 33.0 looks like a 40-point scale; no probability
not_30_point_scale,info,DTT,2024,7810301,score 31.3 looks like a 40-point scale; no probability
not_30_point_scale,info,DTT,2023,7810301G,score 26.0 looks like a 40-point scale; no probability
not_30_point_scale,info,DTT,2024,7810301G,score 22.0 looks like a 40-point scale; no probability
not_30_point_scale,info,DTT,2019,7810302,score 24.0 looks like a 40-point scale; no probability
not_30_point_scale,info,DTT,2021,7810302,score 32.8 looks like a 40-point scale; no probability
not_30_point_scale,info,DTT,2019,7850201,score 23.5 looks like a 40-point scale; no probability
not_30_point_scale,info,DTT,2020,7850201,score 24.0 looks like a 40-point scale; no probability
not_30_point_scale,info,DTT,2021,7850201,score 23.0 looks like a 40-point scale; no probability
not_30_point_scale,info,DTT,2023,7850201,score 26.0 looks like a 40-point scale; no probability
not_30_point_scale,info,DTT,2024,7850201,score 22.0 looks like a 40-point scale; no probability
not_30_point_scale,info,DTT,2026,7850201,score 55.95 looks like a 100-point scale; no probability
not_30_point_scale,info,DTT,2024,D7310630Q,score 24.0 looks like a 40-point scale; no probability
not_30_point_scale,info,DTT,2024,D7340101N,score 27.0 looks like a 40-point scale; no probability
not_30_point_scale,info,DTT,2024,D7340115,score 28.0 looks like a 40-point scale; no probability
not_30_point_scale,info,DTT,2024,D7340120,score 28.0 looks like a 40-point scale; no probability
not_30_point_scale,info,DTT,2026,D7340120,score 52.0 looks like a 100-point scale; no probability
not_30_point_scale,info,DTT,2024,D7340201,score 26.0 looks like a 40-point scale; no probability
not_30_point_scale,info,DTT,2024,D7340301,score 24.0 looks like a 40-point scale; no probability
not_30_point_scale,info,DTT,2026,D7340301,score 52.0 looks like a 100-point scale; no probability
not_30_point_scale,info,DTT,2024,D7420201,score 24.0 looks like a 40-point scale; no probability
not_30_point_scale,info,DTT,2026,D7420201,score 52.0 looks like a 100-point scale; no probability
not_30_point_scale,info,DTT,2024,D7480101,score 28.0 looks like a 40-point scale; no probability
not_30_point_scale,info,DTT,2026,D7480101,score 52.0 looks like a 100-point scale; no probability
not_30_point_scale,info,DTT,2024,D7480103,score 28.0 looks like a 40-point scale; no probability
not_30_point_scale,info,DTT,2024,D7520216,score 24.0 looks like a 40-point scale; no probability
not_30_point_scale,info,DTT,2026,D7520216,score 52.0 looks like a 100-point scale; no probability
not_30_point_scale,info,DTT,2024,D7580201,score 24.0 looks like a 40-point scale; no probability
not_30_point_scale,info,DTT,2024,DK7340101E,score 28.0 looks like a 40-point scale; no probability
not_30_point_scale,info,DTT,2024,DK7340101L,score 28.0 looks like a 40-point scale; no probability
not_30_point_scale,info,DTT,2024,DK7340101N,score 28.0 looks like a 40-point scale; no probability
not_30_point_scale,info,DTT,2024,DK7340120L,score 28.0 looks like a 40-point scale; no probability
not_30_point_scale,info,DTT,2024,DK7340201M,score 26.0 looks like a 40-point scale; no probability
not_30_point_scale,info,DTT,2024,DK7340201X,score 26.0 looks like a 40-point scale; no probability
not_30_point_scale,info,DTT,2024,DK7340301,score 24.0 looks like a 40-point scale; no probability
not_30_point_scale,info,DTT,2024,DK7480101L,score 28.0 looks like a 40-point scale; no probability
not_30_point_scale,info,DTT,2024,DK7520201,score 24.0 looks like a 40-point scale; no probability
not_30_point_scale,info,DTT,2024,DK7580201,score 24.0 looks like a 40-point scale; no probability
not_30_point_scale,info,DTT,2023,E7340101,score 34.0 looks like a 40-point scale; no probability
not_30_point_scale,info,DTT,2023,F7210403,score 27.0 looks like a 40-point scale; no probability
not_30_point_scale,info,DTT,2024,F7210403,score 31.0 looks like a 40-point scale; no probability
not_30_point_scale,info,DTT,2023,F7220201,score 34.5 looks like a 40-point scale; no probability
not_30_point_scale,info,DTT,2024,F7220201,score 30.3 looks like a 40-point scale; no probability
not_30_point_scale,info,DTT,2023,F7310630Q,score 28.0 looks like a 40-point scale; no probability
not_30_point_scale,info,DTT,2024,F7310630Q,score 28.6 looks like a 40-point scale; no probability
not_30_point_scale,info,DTT,2023,F7340101,score 31.55 looks like a 40-point scale; no probability
not_30_point_scale,info,DTT,2024,F7340101,score 30.0 looks like a 40-point scale; no probability
not_30_point_scale,info,DTT,2023,F7340101N,score 29.9 looks like a 40-point scale; no probability
not_30_point_scale,info,DTT,2024,F7340101N,score 27.8 looks like a 40-point scale; no probability
not_30_point_scale,info,DTT,2023,F734010IN,score 33.0 looks like a 40-point scale; no probability
not_30_point_scale,info,DTT,2023,F7340115,score 35.5 looks like a 40-point scale; no probability
not_30_point_scale,info,DTT,2024,F7340115,score 31.3 looks like a 40-point scale; no probability
not_30_point_scale,info,DTT,2023,F7340120,score 35.5 looks like a 40-point scale; no probability
not_30_point_scale,info,DTT,2024,F7340120,score 30.8 looks like a 40-point scale; no probability
not_30_point_scale,info,DTT,2026,F7340120,score 67.3 looks like a 100-point scale; no probability
not_30_point_scale,info,DTT,2023,F7340201,score 33.25 looks like a 40-point scale; no probability
not_30_point_scale,info,DTT,2024,F7340201,score 28.7 looks like a 40-point scale; no probability
not_30_point_scale,info,DTT,2023,F7340301,score 31.5 looks like a 40-point scale; no probability
not_30_point_scale,info,DTT,2024,F7340301,score 27.0 looks like a 40-point scale; no probability
not_30_point_scale,info,DTT,2026,F7340301,score 58.0 looks like a 100-point scale; no probability
not_30_point_scale,info,DTT,2023,F7380101,score 32.75 looks like a 40-point scale; no probability
not_30_point_scale,info,DTT,2024,F7380101,score 31.1 looks like a 40-point scale; no probability
not_30_point_scale,info,DTT,2026,F7380101,score 60.0 looks like a 100-point scale; no probability
not_30_point_scale,info,DTT,2026,F7380101T,score 60.0 looks like a 100-point scale; no probability
not_30_point_scale,info,DTT,2023,F7420201,score 28.0 looks like a 40-point scale; no probability
not_30_point_scale,info,DTT,2024,F7420201,score 23.0 looks like a 40-point scale; no probability
not_30_point_scale,info,DTT,2026,F7420201,score 52.0 looks like a 100-point scale; no probability
not_30_point_scale,info,DTT,2023,F7480101,score 32.25 looks like a 40-point scale; no probability
not_30_point_scale,info,DTT,2024,F7480101,score 30.8 looks like a 40-point scale; no probability
not_30_point_scale,info,DTT,2026,F7480101,score 58.0 looks like a 100-point scale; no probability
not_30_point_scale,info,DTT,2023,F7480103,score 34.5 looks like a 40-point scale; no probability
not_30_point_scale,info,DTT,2024,F7480103,score 30.9 looks like a 40-point scale; no probability
not_30_point_scale,info,DTT,2026,F7480103,score 58.0 looks like a 100-point scale; no probability
not_30_point_scale,info,DTT,2023,F748010l,score 34.5 looks like a 40-point scale; no probability
not_30_point_scale,info,DTT,2024,F748010l,score 30.8 looks like a 40-point scale; no probability
not_30_point_scale,info,DTT,2023,F7520201,score 24.0 looks like a 40-point scale; no probability
not_30_point_scale,info,DTT,2024,F7520201,score 23.0 looks like a 40-point scale; no probability
not_30_point_scale,info,DTT,2026,F7520201,score 61.5 looks like a 100-point scale; no probability
not_30_point_scale,info,DTT,2023,F7520207,score 26.0 looks like a 40-point scale; no probability
not_30_point_scale,info,DTT,2024,F7520207,score 26.0 looks like a 40-point scale; no probability
not_30_point_scale,info,DTT,2026,F7520207,score 59.0 looks like a 100-point scale; no probability
not_30_point_scale,info,DTT,2023,F7520216,score 27.0 looks like a 40-point scale; no probability
not_30_point_scale,info,DTT,2024,F7520216,score 26.7 looks like a 40-point scale; no probability
not_30_point_scale,info,DTT,2026,F7520216,score 66.25 looks like a 100-point scale; no probability
not_30_point_scale,info,DTT,2023,F7520301,score 24.0 looks like a 40-point scale; no probability
not_30_point_scale,info,DTT,2024,F7520301,score 23.0 looks like a 40-point scale; no probability
not_30_point_scale,info,DTT,2026,F7520301,score 66.0 looks like a 100-point scale; no probability
not_30_point_scale,info,DTT,2023,F7580101,score 27.0 looks like a 40-point scale; no probability
not_30_point_scale,info,DTT,2024,F7580101,score 28.5 looks like a 40-point scale; no probability
not_30_point_scale,info,DTT,2026,F7580101,score 60.0 looks like a 100-point scale; no probability
not_30_point_scale,info,DTT,2023,F7580201,score 26.0 looks like a 40-point scale; no probability
not_30_point_scale,info,DTT,2024,F7580201,score 22.0 looks like a 40-point scale; no probability
not_30_point_scale,info,DTT,2026,F7580201,score 50.0 looks like a 100-point scale; no probability
not_30_point_scale,info,DTT,2024,FA7220201,score 25.0 looks like a 40-point scale; no probability
not_30_point_scale,info,DTT,2024,FA7310630Q,score 24.0 looks like a 40-point scale; no probability
not_30_point_scale,info,DTT,2024,FA7340101N,score 27.0 looks like a 40-point scale; no probability
not_30_point_scale,info,DTT,2023,FA7340115,score 33.0 looks like a 40-point scale; no probability
not_30_point_scale,info,DTT,2024,FA7340115,score 28.0 looks like a 40-point scale; no probability
not_30_point_scale,info,DTT,2023,FA7340120,score 33.0 looks like a 40-point scale; no probability
not_30_point_scale,info,DTT,2024,FA7340120,score 28.0 looks like a 40-point scale; no probability
not_30_point_scale,info,DTT,2026,FA7340120,score 52.0 looks like a 100-point scale; no probability
not_30_point_scale,info,DTT,2024,FA7340201,score 26.0 looks like a 40-point scale; no probability
not_30_point_scale,info,DTT,2024,FA7340301,score 24.0 looks like a 40-point scale; no probability
not_30_point_scale,info,DTT,2026,FA7340301,score 52.0 looks like a 100-point scale; no probability
not_30_point_scale,info,DTT,2024,FA7420201,score 24.0 looks like a 40-point scale; no probability
not_30_point_scale,info,DTT,2026,FA7420201,score 52.0 looks like a 100-point scale; no probability
not_30_point_scale,info,DTT,2024,FA7480101,score 28.0 looks like a 40-point scale; no probability
not_30_point_scale,info,DTT,2026,FA7480101,score 52.0 looks like a 100-point scale; no probability
not_30_point_scale,info,DTT,2024,FA7480103,score 28.0 looks like a 40-point scale; no probability
not_30_point_scale,info,DTT,2026,FA7480103,score 52.0 looks like a 100-point scale; no probability
not_30_point_scale,info,DTT,2024,FA7520216,score 24.0 looks like a 40-point scale; no probability
not_30_point_scale,info,DTT,2026,FA7520216,score 52.0 looks like a 100-point scale; no probability
not_30_point_scale,info,DTT,2024,FA7580201,score 24.0 looks like a 40-point scale; no probability
not_30_point_scale,info,DTT,2026,FA7580201,score 52.0 looks like a 100-point scale; no probability
not_30_point_scale,info,DTT,2023,K7340101,score 28.0 looks like a 40-point scale; no probability
not_30_point_scale,info,DTT,2024,K7340101,score 28.0 looks like a 40-point scale; no probability
not_30_point_scale,info,DTT,2024,K7340101E,score 28.0 looks like a 40-point scale; no probability
not_30_point_scale,info,DTT,2024,K7340101L,score 28.0 looks like a 40-point scale; no probability
not_30_point_scale,info,DTT,2021,K7340101N,score 28.0 looks like a 40-point scale; no probability
not_30_point_scale,info,DTT,2024,K7340101N,score 28.0 looks like a 40-point scale; no probability
not_30_point_scale,info,DTT,2023,K7340120L,score 33.0 looks like a 40-point scale; no probability
not_30_point_scale,info,DTT,2024,K7340120L,score 28.0 looks like a 40-point scale; no probability
not_30_point_scale,info,DTT,2024,K7340201M,score 26.0 looks like a 40-point scale; no probability
not_30_point_scale,info,DTT,2023,K7340201X,score 28.0 looks like a 40-point scale; no probability
not_30_point_scale,info,DTT,2024,K7340201X,score 26.0 looks like a 40-point scale; no probability
not_30_point_scale,info,DTT,2023,K7340301,score 28.0 looks like a 40-point scale; no probability
not_30_point_scale,info,DTT,2024,K7340301,score 24.0 looks like a 40-point scale; no probability
not_30_point_scale,info,DTT,2023,K7480101L,score 28.5 looks like a 40-point scale; no probability
not_30_point_scale,info,DTT,2024,K7480101L,score 28.0 looks like a 40-point scale; no probability
not_30_point_scale,info,DTT,2023,K7480101T,score 28.0 looks like a 40-point scale; no probability
not_30_point_scale,info,DTT,2024,K7480101T,score 28.0 looks like a 40-point scale; no probability
not_30_point_scale,info,DTT,2023,K7520201,score 28.0 looks like a 40-point scale; no probability
not_30_point_scale,info,DTT,2024,K7520201,score 24.0 looks like a 40-point scale; no probability
not_30_point_scale,info,DTT,2023,K7580201,score 28.0 looks like a 40-point scale; no probability
not_30_point_scale,info,DTT,2024,K7580201,score 24.0 looks like a 40-point scale; no probability
not_30_point_scale,info,DTT,2023,N7220201,score 28.0 looks like a 40-point scale; no probability
not_30_point_scale,info,DTT,2024,N7220201,score 24.0 looks like a 40-point scale; no probability
not_30_point_scale,info,DTT,2024,N7310630,score 22.0 looks like a 40-point scale; no probability
not_30_point_scale,info,DTT,2024,N7340101N,score 22.0 looks like a 40-point scale; no probability
not_30_point_scale,info,DTT,2024,N7340115,score 24.0 looks like a 40-point scale; no probability
not_30_point_scale,info,DTT,2024,N7340301,score 22.0 looks like a 40-point scale; no probability
not_30_point_scale,info,DTT,2024,N7380101,score 22.0 looks like a 40-point scale; no probability
not_30_point_scale,info,DTT,2024,N7480101,score 22.0 looks like a 40-point scale; no probability
not_30_point_scale,info,DTT,2024,N7480103,score 22.0 looks like a 40-point scale; no probability
not_30_point_scale,info,DVL,2023,7210302,score 16.0 looks like a 40-point scale; no probability
not_30_point_scale,info,DVL,2023,7210402,score 16.0 looks like a 40-point scale; no probability
not_30_point_scale,info,DVL,2023,7210403,score 16.0 looks like a 40-point scale; no probability
not_30_point_scale,info,DVL,2023,7210404,score 16.0 looks like a 40-point scale; no probability
not_30_point_scale,info,DVL,2023,7210409,score 16.0 looks like a 40-point scale; no probability
not_30_point_scale,info,DVL,2023,7220201,score 16.0 looks like a 40-point scale; no probability
below_15,warning,DVL,2018,7310401,cutoff 14.5 < 15/30 (check it is the THPT method)
below_15,warning,DVL,2018,7420201,cutoff 14.0 < 15/30 (check it is the THPT method)
below_15,warning,DVL,2018,7510406,cutoff 14.0 < 15/30 (check it is the THPT method)
below_15,warning,DVL,2018,7520115,cutoff 14.0 < 15/30 (check it is the THPT method)
not_30_point_scale,info,DVL,2023,7580101,score 16.0 looks like a 40-point scale; no probability
not_30_point_scale,info,DVL,2023,7580108,score 16.0 looks like a 40-point scale; no probability
below_15,warning,DVL,2018,7580201,cutoff 14.5 < 15/30 (check it is the THPT method)
below_15,warning,GHA,2018,GHA-02,cutoff 14.5 < 15/30 (check it is the THPT method)
below_15,warning,GHA,2018,GHA-03,cutoff 14.0 < 15/30 (check it is the THPT method)
below_15,warning,GHA,2018,GHA-06,cutoff 14.05 < 15/30 (check it is the THPT method)
below_15,warning,GHA,2019,GHA-06,cutoff 14.8 < 15/30 (check it is the THPT method)
below_15,warning,GHA,2018,GHA-07,cutoff 14.25 < 15/30 (check it is the THPT method)
below_15,warning,GHA,2018,GHA-08,cutoff 14.45 < 15/30 (check it is the THPT method)
below_15,warning,GHA,2019,GHA-08,cutoff 14.6 < 15/30 (check it is the THPT method)
below_15,warning,GHA,2018,GHA-09,cutoff 14.1 < 15/30 (check it is the THPT method)
below_15,warning,GHA,2019,GHA-09,cutoff 14.65 < 15/30 (check it is the THPT method)
below_15,warning,GHA,2018,GHA-10,cutoff 14.3 < 15/30 (check it is the THPT method)
below_15,warning,GHA,2018,GHA-11,cutoff 14.0 < 15/30 (check it is the THPT method)
below_15,warning,GHA,2018,GHA-12,cutoff 14.05 < 15/30 (check it is the THPT method)
below_15,warning,GHA,2019,GHA-13,cutoff 14.65 < 15/30 (check it is the THPT method)
below_15,warning,GHA,2018,GHA-14,cutoff 14.0 < 15/30 (check it is the THPT method)
below_15,warning,GHA,2019,GHA-14,cutoff 14.6 < 15/30 (check it is the THPT method)
below_15,warning,GHA,2018,GHA-18,cutoff 14.0 < 15/30 (check it is the THPT method)
below_15,warning,GHA,2018,GHA-19,cutoff 14.1 < 15/30 (check it is the THPT method)
below_15,warning,GHA,2019,GHA-20,cutoff 14.5 < 15/30 (check it is the THPT method)
below_15,warning,GHA,2019,GHA-25,cutoff 14.65 < 15/30 (check it is the THPT method)
below_15,warning,GHA,2019,GHA-26,cutoff 14.6 < 15/30 (check it is the THPT method)
below_15,warning,GHA,2019,GHA-27,cutoff 14.7 < 15/30 (check it is the THPT method)
below_15,warning,GHA,2018,GHA-30,cutoff 14.0 < 15/30 (check it is the THPT method)
below_15,warning,GHA,2019,GHA-30,cutoff 14.55 < 15/30 (check it is the THPT method)
below_15,warning,GHA,2018,GHA-31,cutoff 14.2 < 15/30 (check it is the THPT method)
below_15,warning,GHA,2019,GHA-31,cutoff 14.6 < 15/30 (check it is the THPT method)
below_15,warning,GHA,2018,GHA-33,cutoff 14.0 < 15/30 (check it is the THPT method)
below_15,warning,GHA,2019,GHA-33,cutoff 14.65 < 15/30 (check it is the THPT method)
below_15,warning,GHA,2018,GHA-34,cutoff 14.3 < 15/30 (check it is the THPT method)
below_15,warning,GHA,2019,GHA-35,cutoff 14.9 < 15/30 (check it is the THPT method)
below_15,warning,GHA,2018,GHA-36,cutoff 14.0 < 15/30 (check it is the THPT method)
not_30_point_scale,info,HBT,2021,533,score 22.0 looks like a 40-point scale; no probability
not_30_point_scale,info,HBT,2021,535,score 23.75 looks like a 40-point scale; no probability
not_30_point_scale,info,HBT,2021,538,score 24.75 looks like a 40-point scale; no probability
not_30_point_scale,info,HBT,2019,602,score 19.15 looks like a 40-point scale; no probability
not_30_point_scale,info,HBT,2020,602,score 29.0 looks like a 40-point scale; no probability
not_30_point_scale,info,HBT,2021,602,score 24.4 looks like a 40-point scale; no probability
not_30_point_scale,info,HBT,2022,602,score 33.85 looks like a 40-point scale; no probability
not_30_point_scale,info,HBT,2023,602,score 34.47 looks like a 40-point scale; no probability
not_30_point_scale,info,HBT,2024,602,score 34.98 looks like a 40-point scale; no probability
not_30_point_scale,info,HBT,2025,602,score 33.82 looks like a 40-point scale; no probability
not_30_point_scale,info,HBT,2026,602,score 30.35 looks like a 40-point scale; no probability
not_30_point_scale,info,HBT,2023,"602, 602M",score 34.47 looks like a 40-point scale; no probability
not_30_point_scale,info,HBT,2019,603,score 18.7 looks like a 40-point scale; no probability
not_30_point_scale,info,HBT,2020,603,score 25.5 looks like a 40-point scale; no probability
not_30_point_scale,info,HBT,2021,603,score 23.6 looks like a 40-point scale; no probability
not_30_point_scale,info,HBT,2022,603,score 33.73 looks like a 40-point scale; no probability
not_30_point_scale,info,HBT,2023,603,score 34.5 looks like a 40-point scale; no probability
not_30_point_scale,info,HBT,2024,603,score 35.25 looks like a 40-point scale; no probability
not_30_point_scale,info,HBT,2025,603,score 34.08 looks like a 40-point scale; no probability
not_30_point_scale,info,HBT,2023,"603, 603M",score 34.5 looks like a 40-point scale; no probability
not_30_point_scale,info,HBT,2019,604,score 19.5 looks like a 40-point scale; no probability
not_30_point_scale,info,HBT,2020,604,score 29.8 looks like a 40-point scale; no probability
not_30_point_scale,info,HBT,2021,604,score 24.65 looks like a 40-point scale; no probability
not_30_point_scale,info,HBT,2022,604,score 34.2 looks like a 40-point scale; no probability
not_30_point_scale,info,HBT,2023,604,score 34.72 looks like a 40-point scale; no probability
not_30_point_scale,info,HBT,2024,604,score 35.75 looks like a 40-point scale; no probability
not_30_point_scale,info,HBT,2025,604,score 34.3 looks like a 40-point scale; no probability
not_30_point_scale,info,HBT,2026,604,score 30.9 looks like a 40-point scale; no probability
not_30_point_scale,info,HBT,2023,604.604M,score 34.72 looks like a 40-point scale; no probability
not_30_point_scale,info,HBT,2019,605,score 21.5 looks like a 40-point scale; no probability
not_30_point_scale,info,HBT,2020,605,score 31.75 looks like a 40-point scale; no probability
not_30_point_scale,info,HBT,2021,605,score 25.5 looks like a 40-point scale; no probability
not_30_point_scale,info,HBT,2022,605,score 34.94 looks like a 40-point scale; no probability
not_30_point_scale,info,HBT,2023,605,score 35.23 looks like a 40-point scale; no probability
not_30_point_scale,info,HBT,2024,605,score 35.46 looks like a 40-point scale; no probability
not_30_point_scale,info,HBT,2025,605,score 34.96 looks like a 40-point scale; no probability
not_30_point_scale,info,HBT,2026,605,score 31.83 looks like a 40-point scale; no probability
not_30_point_scale,info,HBT,2023,"605, 605M",score 35.23 looks like a 40-point scale; no probability
not_30_point_scale,info,HBT,2019,606,score 16.0 looks like a 40-point scale; no probability
not_30_point_scale,info,HBT,2020,606,score 22.0 looks like a 40-point scale; no probability
not_30_point_scale,info,HBT,2021,606,score 19.0 looks like a 40-point scale; no probability
not_30_point_scale,info,HBT,2022,606,score 33.33 looks like a 40-point scale; no probability
not_30_point_scale,info,HBT,2023,606,score 34.49 looks like a 40-point scale; no probability
not_30_point_scale,info,HBT,2024,606,score 35.48 looks like a 40-point scale; no probability
not_30_point_scale,info,HBT,2025,606,score 33.64 looks like a 40-point scale; no probability
not_30_point_scale,info,HBT,2026,606,score 30.25 looks like a 40-point scale; no probability
not_30_point_scale,info,HBT,2023,"606, 606M",score 34.49 looks like a 40-point scale; no probability
not_30_point_scale,info,HBT,2019,607,score 20.0 looks like a 40-point scale; no probability
not_30_point_scale,info,HBT,2020,607,score 30.6 looks like a 40-point scale; no probability
not_30_point_scale,info,HBT,2021,607,score 25.15 looks like a 40-point scale; no probability
not_30_point_scale,info,HBT,2022,607,score 34.5 looks like a 40-point scale; no probability
not_30_point_scale,info,HBT,2023,607,score 34.98 looks like a 40-point scale; no probability
not_30_point_scale,info,HBT,2024,607,score 35.15 looks like a 40-point scale; no probability
not_30_point_scale,info,HBT,2025,607,score 34.57 looks like a 40-point scale; no probability
not_30_point_scale,info,HBT,2026,607,score 31.3 looks like a 40-point scale; no probability
not_30_point_scale,info,HBT,2023,"607, 607M",score 34.98 looks like a 40-point scale; no probability
not_30_point_scale,info,HBT,2019,608,score 18.5 looks like a 40-point scale; no probability
not_30_point_scale,info,HBT,2020,608,score 27.9 looks like a 40-point scale; no probability
not_30_point_scale,info,HBT,2021,608,score 24.7 looks like a 40-point scale; no probability
not_30_point_scale,info,HBT,2022,608,score 33.94 looks like a 40-point scale; no probability
not_30_point_scale,info,HBT,2023,608,score 34.3 looks like a 40-point scale; no probability
not_30_point_scale,info,HBT,2023,"608, 608M",score 34.3 looks like a 40-point scale; no probability
not_30_point_scale,info,HBT,2019,609,score 18.85 looks like a 40-point scale; no probability
not_30_point_scale,info,HBT,2020,609,score 27.0 looks like a 40-point scale; no probability
not_30_point_scale,info,HBT,2021,609,score 24.0 looks like a 40-point scale; no probability
not_30_point_scale,info,HBT,2022,609,score 33.38 looks like a 40-point scale; no probability
not_30_point_scale,info,HBT,2023,609,score 33.92 looks like a 40-point scale; no probability
not_30_point_scale,info,HBT,2023,"609, 609M",score 33.92 looks like a 40-point scale; no probability
not_30_point_scale,info,HBT,2019,610,score 29.25 looks like a 40-point scale; no probability
not_30_point_scale,info,HBT,2020,610,score 32.2 looks like a 40-point scale; no probability
not_30_point_scale,info,HBT,2021,610,score 35.45 looks like a 40-point scale; no probability
not_30_point_scale,info,HBT,2022,610,score 34.27 looks like a 40-point scale; no probability
not_30_point_scale,info,HBT,2023,610,score 35.1 looks like a 40-point scale; no probability
not_30_point_scale,info,HBT,2024,610,score 34.5 looks like a 40-point scale; no probability
not_30_point_scale,info,HBT,2025,610,score 35.0 looks like a 40-point scale; no probability
not_30_point_scale,info,HBT,2023,"610, 610M",score 35.6 looks like a 40-point scale; no probability
not_30_point_scale,info,HBT,2019,611,score 29.2 looks like a 40-point scale; no probability
not_30_point_scale,info,HBT,2020,611,score 32.05 looks like a 40-point scale; no probability
not_30_point_scale,info,HBT,2021,611,score 35.35 looks like a 40-point scale; no probability
not_30_point_scale,info,HBT,2022,611,score 34.17 looks like a 40-point scale; no probability
not_30_point_scale,info,HBT,2023,611,score 35.02 looks like a 40-point scale; no probability
not_30_point_scale,info,HBT,2024,611,score 34.7 looks like a 40-point scale; no probability
not_30_point_scale,info,HBT,2025,611,score 35.0 looks like a 40-point scale; no probability
not_30_point_scale,info,HBT,2023,"611, 61 IM",score 35.02 looks like a 40-point scale; no probability
not_30_point_scale,info,HBT,2025,612,score 36.2 looks like a 40-point scale; no probability
not_30_point_scale,info,HBT,2025,613,score 36.7 looks like a 40-point scale; no probability
not_30_point_scale,info,HBT,2019,614,score 30.15 looks like a 40-point scale; no probability
not_30_point_scale,info,HBT,2020,614,score 32.4 looks like a 40-point scale; no probability
not_30_point_scale,info,HBT,2021,614,score 35.42 looks like a 40-point scale; no probability
not_30_point_scale,info,HBT,2022,614,score 34.26 looks like a 40-point scale; no probability
not_30_point_scale,info,HBT,2023,614,score 34.67 looks like a 40-point scale; no probability
not_30_point_scale,info,HBT,2024,614,score 35.07 looks like a 40-point scale; no probability
not_30_point_scale,info,HBT,2025,614,score 35.73 looks like a 40-point scale; no probability
not_30_point_scale,info,HBT,2023,"614, 614M",score 34.67 looks like a 40-point scale; no probability
not_30_point_scale,info,HBT,2019,615,score 32.25 looks like a 40-point scale; no probability
not_30_point_scale,info,HBT,2020,615,score 34.34 looks like a 40-point scale; no probability
not_30_point_scale,info,HBT,2021,615,score 36.32 looks like a 40-point scale; no probability
not_30_point_scale,info,HBT,2022,615,score 35.85 looks like a 40-point scale; no probability
not_30_point_scale,info,HBT,2023,615,score 36.02 looks like a 40-point scale; no probability
not_30_point_scale,info,HBT,2024,615,score 35.95 looks like a 40-point scale; no probability
not_30_point_scale,info,HBT,2025,615,score 36.2 looks like a 40-point scale; no probability
not_30_point_scale,info,HBT,2023,"615, 615M",score 36.02 looks like a 40-point scale; no probability
not_30_point_scale,info,HBT,2019,616,score 30.5 looks like a 40-point scale; no probability
not_30_point_scale,info,HBT,2020,616,score 32.5 looks like a 40-point scale; no probability
not_30_point_scale,info,HBT,2021,616,score 35.82 looks like a 40-point scale; no probability
not_30_point_scale,info,HBT,2022,616,score 34.84 looks like a 40-point scale; no probability
not_30_point_scale,info,HBT,2023,616,score 34.97 looks like a 40-point scale; no probability
not_30_point_scale,info,HBT,2024,616,score 35.63 looks like a 40-point scale; no probability
not_30_point_scale,info,HBT,2025,616,score 36.5 looks like a 40-point scale; no probability
not_30_point_scale,info,HBT,2023,"616, 616M",score 34.97 looks like a 40-point scale; no probability
not_30_point_scale,info,HBT,2019,7220201,score 30.5 looks like a 40-point scale; no probability
not_30_point_scale,info,HBT,2020,7220201,score 32.7 looks like a 40-point scale; no probability
not_30_point_scale,info,HBT,2021,7220201,score 36.15 looks like a 40-point scale; no probability
not_30_point_scale,info,HBT,2022,7220201,score 34.54 looks like a 40-point scale; no probability
not_30_point_scale,info,HBT,2023,7220201,score 34.5 looks like a 40-point scale; no probability
not_30_point_scale,info,HBT,2024,7220201,score 34.7 looks like a 40-point scale; no probability
not_30_point_scale,info,HBT,2025,7220201,score 35.25 looks like a 40-point scale; no probability
not_30_point_scale,info,HBT,2023,"7220201, 722020 IM",score 34.5 looks like a 40-point scale; no probability
not_30_point_scale,info,HBT,2021,7229010,score 33.4 looks like a 40-point scale; no probability
not_30_point_scale,info,HBT,2022,7229010,score 35.5 looks like a 40-point scale; no probability
not_30_point_scale,info,HBT,2024,7229010,score 36.12 looks like a 40-point scale; no probability
not_30_point_scale,info,HBT,2025,7229010,score 34.76 looks like a 40-point scale; no probability
not_30_point_scale,info,HBT,2025,7320104,score 36.5 looks like a 40-point scale; no probability
not_30_point_scale,info,HBT,2025,7320105,score 35.74 looks like a 40-point scale; no probability
not_30_point_scale,info,HBT,2019,7320107,score 30.5 looks like a 40-point scale; no probability
not_30_point_scale,info,HBT,2020,7320107,score 33.75 looks like a 40-point scale; no probability
not_30_point_scale,info,HBT,2021,7320107,score 36.01 looks like a 40-point scale; no probability
not_30_point_scale,info,HBT,2022,7320107,score 35.49 looks like a 40-point scale; no probability
not_30_point_scale,info,HBT,2023,7320107,score 35.56 looks like a 40-point scale; no probability
not_30_point_scale,info,HBT,2024,7320107,score 35.4 looks like a 40-point scale; no probability
not_30_point_scale,info,HBT,2025,7320107,score 36.0 looks like a 40-point scale; no probability
not_30_point_scale,info,HBT,2023,"7320107, 7320107M",score 35.56 looks like a 40-point scale; no probability
not_30_point_scale,info,HBT,2019,7320110,score 30.25 looks like a 40-point scale; no probability
not_30_point_scale,info,HBT,2020,7320110,score 32.3 looks like a 40-point scale; no probability
not_30_point_scale,info,HBT,2021,7320110,score 35.8 looks like a 40-point scale; no probability
not_30_point_scale,info,HBT,2022,7320110,score 34.95 looks like a 40-point scale; no probability
not_30_point_scale,info,HBT,2023,7320110,score 35.52 looks like a 40-point scale; no probability
not_30_point_scale,info,HBT,2024,7320110,score 35.08 looks like a 40-point scale; no probability
not_30_point_scale,info,HBT,2025,7320110,score 35.5 looks like a 40-point scale; no probability
not_30_point_scale,info,HBT,2023,"7320110, 732011 OM",score 35.52 looks like a 40-point scale; no probability
not_30_point_scale,info,HBT,2025,801,score 33.83 looks like a 40-point scale; no probability
not_30_point_scale,info,HBT,2021,802,score 24.9 looks like a 40-point scale; no probability
not_30_point_scale,info,HBT,2025,802,score 33.69 looks like a 40-point scale; no probability
not_30_point_scale,info,HBT,2026,BC602,score 30.35 looks like a 40-point scale; no probability
not_30_point_scale,info,HBT,2026,BC604,score 30.9 looks like a 40-point scale; no probability
not_30_point_scale,info,HBT,2026,BC605,score 31.83 looks like a 40-point scale; no probability
not_30_point_scale,info,HBT,2026,BC606,score 30.25 looks like a 40-point scale; no probability
not_30_point_scale,info,HBT,2026,BC607,score 31.3 looks like a 40-point scale; no probability
not_30_point_scale,info,HCP,2023,7220201,score 32.3 looks like a 40-point scale; no probability
not_30_point_scale,info,HCP,2024,7220201,score 33.05 looks like a 40-point scale; no probability
not_30_point_scale,info,HCP,2025,7220201,score 30.02 looks like a 40-point scale; no probability
not_30_point_scale,info,HCP,2024,7310106_1,score 32.85 looks like a 40-point scale; no probability
not_30_point_scale,info,HCP,2024,7340101_1,score 33.33 looks like a 40-point scale; no probability
not_30_point_scale,info,HCP,2024,7340201_1,score 33.3 looks like a 40-point scale; no probability
not_30_point_scale,info,HQT,2019,7220201,score 33.25 looks like a 40-point scale; no probability
not_30_point_scale,info,HQT,2020,7220201,score 34.75 looks like a 40-point scale; no probability
not_30_point_scale,info,HQT,2021,7220201,score 36.9 looks like a 40-point scale; no probability
not_30_point_scale,info,HQT,2022,HQT02,score 35.07 looks like a 40-point scale; no probability
not_30_point_scale,info,HQT,2023,HQT02,score 35.99 looks like a 40-point scale; no probability
not_30_point_scale,info,HQT,2024,HQT02,score 35.38 looks like a 40-point scale; no probability
not_30_point_scale,info,HSU,2024,7220201,score 18.0 looks like a 40-point scale; no probability
not_30_point_scale,info,HTC,2018,7220201,score 27.0 looks like a 40-point scale; no probability
not_30_point_scale,info,HTC,2019,7220201,score 29.82 looks like a 40-point scale; no probability
not_30_point_scale,info,HTC,2020,7220201,score 32.7 looks like a 40-point scale; no probability
not_30_point_scale,info,HTC,2024,7220201,score 34.73 looks like a 40-point scale; no probability
not_30_point_scale,info,HTC,2020,7340201C06,score 31.17 looks like a 40-point scale; no probability
not_30_point_scale,info,HTC,2021,7340201C06,score 36.22 looks like a 40-point scale; no probability
not_30_point_scale,info,HTC,2023,7340201C06,score 27.0 looks like a 40-point scale; no probability
not_30_point_scale,info,HTC,2024,7340201C06,score 36.15 looks like a 40-point scale; no probability
not_30_point_scale,info,HTC,2020,7340201C09,score 31.8 looks like a 40-point scale; no probability
not_30_point_scale,info,HTC,2021,7340201C09,score 35.63 looks like a 40-point scale; no probability
not_30_point_scale,info,HTC,2023,7340201C09,score 26.9 looks like a 40-point scale; no probability
not_30_point_scale,info,HTC,2024,7340201C09,score 35.36 looks like a 40-point scale; no probability
not_30_point_scale,info,HTC,2020,7340201C11,score 30.17 looks like a 40-point scale; no probability
not_30_point_scale,info,HTC,2021,7340201C11,score 35.7 looks like a 40-point scale; no probability
not_30_point_scale,info,HTC,2023,7340201C11,score 29.5 looks like a 40-point scale; no probability
not_30_point_scale,info,HTC,2024,7340201C11,score 35.4 looks like a 40-point scale; no probability
not_30_point_scale,info,HTC,2020,7340301C21,score 30.57 looks like a 40-point scale; no probability
not_30_point_scale,info,HTC,2021,7340301C21,score 35.13 looks like a 40-point scale; no probability
not_30_point_scale,info,HTC,2023,7340301C21,score 29.5 looks like a 40-point scale; no probability
not_30_point_scale,info,HTC,2024,7340301C21,score 34.35 looks like a 40-point scale; no probability
not_30_point_scale,info,HTC,2020,7340301C22,score 31.0 looks like a 40-point scale; no probability
not_30_point_scale,info,HTC,2021,7340301C22,score 35.73 looks like a 40-point scale; no probability
not_30_point_scale,info,HTC,2023,7340301C22,score 29.4 looks like a 40-point scale; no probability
not_30_point_scale,info,HTC,2024,7340301C22,score 35.7 looks like a 40-point scale; no probability
not_30_point_scale,info,HTC,2024,7340401C35,score 35.31 looks like a 40-point scale; no probability
below_15,warning,HVN,2018,7310101,cutoff 14.5 < 15/30 (check it is the THPT method)
below_15,warning,HVN,2018,7310101E,cutoff 14.5 < 15/30 (check it is the THPT method)
below_15,warning,HVN,2018,7310104,cutoff 14.5 < 15/30 (check it is the THPT method)
below_15,warning,HVN,2018,7310301,cutoff 14.0 < 15/30 (check it is the THPT method)
below_15,warning,HVN,2018,7510203,cutoff 14.5 < 15/30 (check it is the THPT method)
below_15,warning,HVN,2018,7510205,cutoff 14.5 < 15/30 (check it is the THPT method)
below_15,warning,HVN,2018,7520103,cutoff 14.0 < 15/30 (check it is the THPT method)
below_15,warning,HVN,2018,7520103P,cutoff 14.0 < 15/30 (check it is the THPT method)
below_15,warning,HVN,2018,7520201,cutoff 14.0 < 15/30 (check it is the THPT method)
below_15,warning,HVN,2018,7620105,cutoff 14.0 < 15/30 (check it is the THPT method)
below_15,warning,HVN,2018,7620105P,cutoff 14.0 < 15/30 (check it is the THPT method)
below_15,warning,HVN,2018,7620110,cutoff 14.0 < 15/30 (check it is the THPT method)
below_15,warning,HVN,2018,7620112,cutoff 14.0 < 15/30 (check it is the THPT method)
below_15,warning,HVN,2018,7620114,cutoff 14.0 < 15/30 (check it is the THPT method)
below_15,warning,HVN,2018,7620116,cutoff 14.5 < 15/30 (check it is the THPT method)
below_15,warning,HVN,2018,7620116P,cutoff 14.5 < 15/30 (check it is the THPT method)
below_15,warning,HVN,2018,7620301,cutoff 14.0 < 15/30 (check it is the THPT method)
below_15,warning,HVN,2018,7850103,cutoff 14.0 < 15/30 (check it is the THPT method)
not_30_point_scale,info,KHA,2018,7220201,score 30.75 looks like a 40-point scale; no probability
not_30_point_scale,info,KHA,2019,7220201,score 33.65 looks like a 40-point scale; no probability
not_30_point_scale,info,KHA,2020,7220201,score 35.6 looks like a 40-point scale; no probability
not_30_point_scale,info,KHA,2021,7220201,score 37.3 looks like a 40-point scale; no probability
not_30_point_scale,info,KHA,2022,7220201,score 35.85 looks like a 40-point scale; no probability
not_30_point_scale,info,KHA,2023,7220201,score 36.5 looks like a 40-point scale; no probability
not_30_point_scale,info,KHA,2024,7220201,score 35.6 looks like a 40-point scale; no probability
not_30_point_scale,info,KHA,2023,7310107,score 36.2 looks like a 40-point scale; no probability
not_30_point_scale,info,KHA,2024,7310107,score 36.23 looks like a 40-point scale; no probability
not_30_point_scale,info,KHA,2023,7310108,score 35.95 looks like a 40-point scale; no probability
not_30_point_scale,info,KHA,2024,7310108,score 36.2 looks like a 40-point scale; no probability
not_30_point_scale,info,KHA,2023,7340405,score 36.15 looks like a 40-point scale; no probability
not_30_point_scale,info,KHA,2024,7340405,score 36.36 looks like a 40-point scale; no probability
not_30_point_scale,info,KHA,2023,7480101,score 35.35 looks like a 40-point scale; no probability
not_30_point_scale,info,KHA,2024,7480101,score 35.55 looks like a 40-point scale; no probability
not_30_point_scale,info,KHA,2024,7480104,score 35.94 looks like a 40-point scale; no probability
not_30_point_scale,info,KHA,2023,7480201,score 35.3 looks like a 40-point scale; no probability
not_30_point_scale,info,KHA,2024,7480201,score 35.17 looks like a 40-point scale; no probability
not_30_point_scale,info,KHA,2024,7480202,score 35.0 looks like a 40-point scale; no probability
not_30_point_scale,info,KHA,2019,EP01,score 31.0 looks like a 40-point scale; no probability
not_30_point_scale,info,KHA,2020,EP01,score 33.05 looks like a 40-point scale; no probability
not_30_point_scale,info,KHA,2021,EP01,score 36.45 looks like a 40-point scale; no probability
not_30_point_scale,info,KHA,2022,EP01,score 34.9 looks like a 40-point scale; no probability
not_30_point_scale,info,KHA,2023,EP01,score 36.1 looks like a 40-point scale; no probability
not_30_point_scale,info,KHA,2024,EP01,score 36.25 looks like a 40-point scale; no probability
not_30_point_scale,info,KHA,2019,EP10,score 31.75 looks like a 40-point scale; no probability
not_30_point_scale,info,KHA,2020,EP10,score 34.55 looks like a 40-point scale; no probability
not_30_point_scale,info,KHA,2021,EP10,score 37.1 looks like a 40-point scale; no probability
not_30_point_scale,info,KHA,2022,EP10,score 36.25 looks like a 40-point scale; no probability
not_30_point_scale,info,KHA,2023,EP10,score 36.5 looks like a 40-point scale; no probability
not_30_point_scale,info,KHA,2024,EP10,score 36.36 looks like a 40-point scale; no probability
not_30_point_scale,info,KHA,2019,EP11,score 33.35 looks like a 40-point scale; no probability
not_30_point_scale,info,KHA,2020,EP11,score 34.5 looks like a 40-point scale; no probability
not_30_point_scale,info,KHA,2021,EP11,score 36.6 looks like a 40-point scale; no probability
not_30_point_scale,info,KHA,2022,EP11,score 34.6 looks like a 40-point scale; no probability
not_30_point_scale,info,KHA,2023,EP11,score 35.75 looks like a 40-point scale; no probability
not_30_point_scale,info,KHA,2024,EP11,score 35.65 looks like a 40-point scale; no probability
not_30_point_scale,info,KHA,2022,EP14,score 36.25 looks like a 40-point scale; no probability
not_30_point_scale,info,KHA,2023,EP14,score 36.4 looks like a 40-point scale; no probability
not_30_point_scale,info,KHA,2024,EP14,score 36.42 looks like a 40-point scale; no probability
not_30_point_scale,info,KHA,2024,EP15,score 35.46 looks like a 40-point scale; no probability
not_30_point_scale,info,KHA,2024,EP16,score 34.5 looks like a 40-point scale; no probability
not_30_point_scale,info,KHA,2024,EP17,score 34.06 looks like a 40-point scale; no probability
not_30_point_scale,info,KHA,2024,EP18,score 36.55 looks like a 40-point scale; no probability
not_30_point_scale,info,KHA,2023,EPI0,score 36.5 looks like a 40-point scale; no probability
not_30_point_scale,info,KHA,2023,EPI1,score 35.75 looks like a 40-point scale; no probability
not_30_point_scale,info,KHA,2023,EPI4,score 36.4 looks like a 40-point scale; no probability
not_30_point_scale,info,KHA,2018,POHE,score 28.75 looks like a 40-point scale; no probability
not_30_point_scale,info,KHA,2019,POHE,score 31.75 looks like a 40-point scale; no probability
not_30_point_scale,info,KHA,2020,POHE,score 34.25 looks like a 40-point scale; no probability
not_30_point_scale,info,KHA,2021,POHE,score 36.75 looks like a 40-point scale; no probability
not_30_point_scale,info,KHA,2022,POHE1,score 35.35 looks like a 40-point scale; no probability
not_30_point_scale,info,KHA,2023,POHE1,score 35.65 looks like a 40-point scale; no probability
not_30_point_scale,info,KHA,2024,POHE1,score 35.8 looks like a 40-point scale; no probability
not_30_point_scale,info,KHA,2022,POHE2,score 34.8 looks like a 40-point scale; no probability
not_30_point_scale,info,KHA,2023,POHE2,score 35.65 looks like a 40-point scale; no probability
not_30_point_scale,info,KHA,2024,POHE2,score 35.75 looks like a 40-point scale; no probability
not_30_point_scale,info,KHA,2022,POHE3,score 38.35 looks like a 40-point scale; no probability
not_30_point_scale,info,KHA,2023,POHE3,score 37.1 looks like a 40-point scale; no probability
not_30_point_scale,info,KHA,2024,POHE3,score 37.49 looks like a 40-point scale; no probability
not_30_point_scale,info,KHA,2022,POHE4,score 35.5 looks like a 40-point scale; no probability
not_30_point_scale,info,KHA,2023,POHE4,score 36.2 looks like a 40-point scale; no probability
not_30_point_scale,info,KHA,2024,POHE4,score 35.26 looks like a 40-point scale; no probability
not_30_point_scale,info,KHA,2022,POHE5,score 36.95 looks like a 40-point scale; no probability
not_30_point_scale,info,KHA,2023,POHE5,score 36.85 looks like a 40-point scale; no probability
not_30_point_scale,info,KHA,2024,POHE5,score 36.59 looks like a 40-point scale; no probability
not_30_point_scale,info,KHA,2022,POHE6,score 35.0 looks like a 40-point scale; no probability
not_30_point_scale,info,KHA,2023,POHE6,score 35.65 looks like a 40-point scale; no probability
not_30_point_scale,info,KHA,2024,POHE6,score 35.88 looks like a 40-point scale; no probability
not_30_point_scale,info,KHA,2022,POHE7,score 35.0 looks like a 40-point scale; no probability
not_30_point_scale,info,KHA,2023,POHE7,score 35.85 looks like a 40-point scale; no probability
not_30_point_scale,info,KHA,2024,POHE7,score 36.05 looks like a 40-point scale; no probability
not_30_point_scale,info,KHA,2023,POHEI,score 35.65 looks like a 40-point scale; no probability
not_30_point_scale,info,KSA,2022,7220201,score 17.0 looks like a 40-point scale; no probability
not_30_point_scale,info,KSA,2026,7220201,score 83.4 looks like a 100-point scale; no probability
not_30_point_scale,info,KSA,2026,7310101,score 85.2 looks like a 100-point scale; no probability
not_30_point_scale,info,KSA,2026,7310102_01,score 77.5 looks like a 100-point scale; no probability
not_30_point_scale,info,KSA,2026,7310102_02,score 70.0 looks like a 100-point scale; no probability
not_30_point_scale,info,KSA,2026,7310104_01,score 80.5 looks like a 100-point scale; no probability
not_30_point_scale,info,KSA,2026,7310104_02,score 76.1 looks like a 100-point scale; no probability
not_30_point_scale,info,KSA,2022,7310107,score 26.0 looks like a 40-point scale; no probability
not_30_point_scale,info,KSA,2026,7310107,score 83.0 looks like a 100-point scale; no probability
not_30_point_scale,info,KSA,2022,7310108,score 25.8 looks like a 40-point scale; no probability
not_30_point_scale,info,KSA,2026,7310108_01,score 82.2 looks like a 100-point scale; no probability
not_30_point_scale,info,KSA,2026,7310108_02,score 79.5 looks like a 100-point scale; no probability
not_30_point_scale,info,KSA,2026,7320106_01,score 90.2 looks like a 100-point scale; no probability
not_30_point_scale,info,KSA,2026,7320106_1D,score 70.0 looks like a 100-point scale; no probability
not_30_point_scale,info,KSA,2026,7340101_01,score 79.4 looks like a 100-point scale; no probability
not_30_point_scale,info,KSA,2026,7340101_02,score 87.0 looks like a 100-point scale; no probability
not_30_point_scale,info,KSA,2026,7340101_03,score 71.9 looks like a 100-point scale; no probability
not_30_point_scale,info,KSA,2026,7340101_04,score 80.7 looks like a 100-point scale; no probability
not_30_point_scale,info,KSA,2026,7340101_1F,score 71.0 looks like a 100-point scale; no probability
not_30_point_scale,info,KSA,2026,7340101_4D,score 70.0 looks like a 100-point scale; no probability
not_30_point_scale,info,KSA,2026,7340115_01,score 90.2 looks like a 100-point scale; no probability
not_30_point_scale,info,KSA,2026,7340115_02,score 90.2 looks like a 100-point scale; no probability
not_30_point_scale,info,KSA,2026,7340115_1F,score 86.3 looks like a 100-point scale; no probability
not_30_point_scale,info,KSA,2026,7340116,score 72.5 looks like a 100-point scale; no probability
not_30_point_scale,info,KSA,2026,7340120_01,score 92.5 looks like a 100-point scale; no probability
not_30_point_scale,info,KSA,2026,7340120_1F,score 89.3 looks like a 100-point scale; no probability
not_30_point_scale,info,KSA,2026,7340121_01,score 88.5 looks like a 100-point scale; no probability
not_30_point_scale,info,KSA,2026,7340121_1F,score 86.0 looks like a 100-point scale; no probability
not_30_point_scale,info,KSA,2026,7340122,score 89.2 looks like a 100-point scale; no probability
not_30_point_scale,info,KSA,2026,7340201_01,score 79.0 looks like a 100-point scale; no probability
not_30_point_scale,info,KSA,2026,7340201_02,score 78.7 looks like a 100-point scale; no probability
not_30_point_scale,info,KSA,2026,7340201_03,score 80.8 looks like a 100-point scale; no probability
not_30_point_scale,info,KSA,2026,7340201_04,score 77.0 looks like a 100-point scale; no probability
not_30_point_scale,info,KSA,2026,7340201_05,score 85.2 looks like a 100-point scale; no probability
not_30_point_scale,info,KSA,2026,7340201_06,score 83.8 looks like a 100-point scale; no probability
not_30_point_scale,info,KSA,2026,7340201_07,score 86.5 looks like a 100-point scale; no probability
not_30_point_scale,info,KSA,2026,7340201_0D,score 70.0 looks like a 100-point scale; no probability
not_30_point_scale,info,KSA,2026,7340201_3F,score 70.0 looks like a 100-point scale; no probability
not_30_point_scale,info,KSA,2026,7340201_5F,score 82.2 looks like a 100-point scale; no probability
not_30_point_scale,info,KSA,2026,7340201_6F,score 70.0 looks like a 100-point scale; no probability
not_30_point_scale,info,KSA,2026,7340204,score 75.3 looks like a 100-point scale; no probability
not_30_point_scale,info,KSA,2026,7340205,score 88.7 looks like a 100-point scale; no probability
not_30_point_scale,info,KSA,2026,7340206_01,score 92.5 looks like a 100-point scale; no probability
not_30_point_scale,info,KSA,2026,7340206_1F,score 88.3 looks like a 100-point scale; no probability
not_30_point_scale,info,KSA,2026,7340301_01,score 79.1 looks like a 100-point scale; no probability
not_30_point_scale,info,KSA,2026,7340301_02,score 81.0 looks like a 100-point scale; no probability
not_30_point_scale,info,KSA,2026,7340301_03,score 70.0 looks like a 100-point scale; no probability
not_30_point_scale,info,KSA,2026,7340301_04,score 80.0 looks like a 100-point scale; no probability
not_30_point_scale,info,KSA,2026,7340301_1F,score 70.0 looks like a 100-point scale; no probability
not_30_point_scale,info,KSA,2026,7340302_01,score 91.1 looks like a 100-point scale; no probability
not_30_point_scale,info,KSA,2026,7340302_1F,score 85.0 looks like a 100-point scale; no probability
not_30_point_scale,info,KSA,2026,7340403,score 76.0 looks like a 100-point scale; no probability
not_30_point_scale,info,KSA,2026,7340404,score 83.3 looks like a 100-point scale; no probability
not_30_point_scale,info,KSA,2022,7340405,score 27.1 looks like a 40-point scale; no probability
not_30_point_scale,info,KSA,2026,7340405,score 86.8 looks like a 100-point scale; no probability
not_30_point_scale,info,KSA,2026,7380101_01,score 82.5 looks like a 100-point scale; no probability
not_30_point_scale,info,KSA,2026,7380101_02,score 76.0 looks like a 100-point scale; no probability
not_30_point_scale,info,KSA,2026,7380107,score 82.5 looks like a 100-point scale; no probability
not_30_point_scale,info,KSA,2026,7380109,score 80.0 looks like a 100-point scale; no probability
not_30_point_scale,info,KSA,2022,7460108,score 26.5 looks like a 40-point scale; no probability
not_30_point_scale,info,KSA,2026,7460108_01,score 88.1 looks like a 100-point scale; no probability
not_30_point_scale,info,KSA,2026,7460108_02,score 91.5 looks like a 100-point scale; no probability
not_30_point_scale,info,KSA,2026,7480101,score 79.4 looks like a 100-point scale; no probability
not_30_point_scale,info,KSA,2022,7480103,score 26.3 looks like a 40-point scale; no probability
not_30_point_scale,info,KSA,2026,7480103,score 76.6 looks like a 100-point scale; no probability
not_30_point_scale,info,KSA,2026,7480107_01,score 75.0 looks like a 100-point scale; no probability
not_30_point_scale,info,KSA,2026,7480107_02,score 77.0 looks like a 100-point scale; no probability
not_30_point_scale,info,KSA,2026,7480107_1D,score 70.0 looks like a 100-point scale; no probability
not_30_point_scale,info,KSA,2026,7480107_2D,score 70.0 looks like a 100-point scale; no probability
not_30_point_scale,info,KSA,2026,7480201_01,score 78.5 looks like a 100-point scale; no probability
not_30_point_scale,info,KSA,2026,7480201_02,score 84.5 looks like a 100-point scale; no probability
not_30_point_scale,info,KSA,2026,7480201_03,score 78.5 looks like a 100-point scale; no probability
not_30_point_scale,info,KSA,2026,7480202,score 77.0 looks like a 100-point scale; no probability
not_30_point_scale,info,KSA,2026,7510201,score 70.0 looks like a 100-point scale; no probability
not_30_point_scale,info,KSA,2026,7510605_01,score 97.0 looks like a 100-point scale; no probability
not_30_point_scale,info,KSA,2026,7510605_02,score 87.0 looks like a 100-point scale; no probability
not_30_point_scale,info,KSA,2026,7510605_1F,score 94.0 looks like a 100-point scale; no probability
not_30_point_scale,info,KSA,2026,7510605_2F,score 88.0 looks like a 100-point scale; no probability
not_30_point_scale,info,KSA,2026,7580104_02,score 70.0 looks like a 100-point scale; no probability
not_30_point_scale,info,KSA,2026,7580104_SD,score 70.0 looks like a 100-point scale; no probability
not_30_point_scale,info,KSA,2026,7620114,score 78.3 looks like a 100-point scale; no probability
not_30_point_scale,info,KSA,2026,7810103,score 75.3 looks like a 100-point scale; no probability
not_30_point_scale,info,KSA,2026,7810201_01,score 78.5 looks like a 100-point scale; no probability
not_30_point_scale,info,KSA,2026,7810201_02,score 85.7 looks like a 100-point scale; no probability
not_30_point_scale,info,KSA,2026,7840104,score 76.5 looks like a 100-point scale; no probability
not_30_point_scale,info,KSA,2026,ASACoop_01,score 70.0 looks like a 100-point scale; no probability
not_30_point_scale,info,KSA,2026,ISBCNTN_01,score 84.1 looks like a 100-point scale; no probability
not_30_point_scale,info,KSA,2026,ISBCNTN_02,score 79.0 looks like a 100-point scale; no probability
below_15,warning,MDA,2018,7340101,cutoff 14.0 < 15/30 (check it is the THPT method)
below_15,warning,MDA,2019,7340101_V,cutoff 14.0 < 15/30 (check it is the THPT method)
below_15,warning,MDA,2019,7340201,cutoff 14.0 < 15/30 (check it is the THPT method)
below_15,warning,MDA,2018,7340301,cutoff 14.0 < 15/30 (check it is the THPT method)
below_15,warning,MDA,2019,7340301,cutoff 14.0 < 15/30 (check it is the THPT method)
below_15,warning,MDA,2019,7440201,cutoff 14.0 < 15/30 (check it is the THPT method)
below_15,warning,MDA,2018,7480201,cutoff 14.0 < 15/30 (check it is the THPT method)
below_15,warning,MDA,2019,7480201_V,cutoff 14.0 < 15/30 (check it is the THPT method)
below_15,warning,MDA,2019,7510401_V,cutoff 14.0 < 15/30 (check it is the THPT method)
below_15,warning,MDA,2018,7520103,cutoff 14.0 < 15/30 (check it is the THPT method)
below_15,warning,MDA,2019,7520103,cutoff 14.0 < 15/30 (check it is the THPT method)
below_15,warning,MDA,2018,7520201,cutoff 14.0 < 15/30 (check it is the THPT method)
below_15,warning,MDA,2019,7520201,cutoff 14.0 < 15/30 (check it is the THPT method)
below_15,warning,MDA,2018,7520320,cutoff 14.0 < 15/30 (check it is the THPT method)
below_15,warning,MDA,2019,7520320,cutoff 14.0 < 15/30 (check it is the THPT method)
below_15,warning,MDA,2018,7520501,cutoff 14.0 < 15/30 (check it is the THPT method)
below_15,warning,MDA,2019,7520501,cutoff 14.0 < 15/30 (check it is the THPT method)
below_15,warning,MDA,2018,7520503,cutoff 14.0 < 15/30 (check it is the THPT method)
below_15,warning,MDA,2019,7520503,cutoff 14.0 < 15/30 (check it is the THPT method)
below_15,warning,MDA,2018,7520601,cutoff 14.0 < 15/30 (check it is the THPT method)
below_15,warning,MDA,2019,7520601,cutoff 14.0 < 15/30 (check it is the THPT method)
below_15,warning,MDA,2019,7520604_V,cutoff 14.0 < 15/30 (check it is the THPT method)
below_15,warning,MDA,2018,7520607,cutoff 14.0 < 15/30 (check it is the THPT method)
below_15,warning,MDA,2019,7520607,cutoff 14.0 < 15/30 (check it is the THPT method)
below_15,warning,MDA,2018,7580201,cutoff 14.0 < 15/30 (check it is the THPT method)
below_15,warning,MDA,2019,7580201_V,cutoff 14.0 < 15/30 (check it is the THPT method)
below_15,warning,MDA,2019,7580211,cutoff 14.0 < 15/30 (check it is the THPT method)
below_15,warning,MDA,2018,7850103,cutoff 14.0 < 15/30 (check it is the THPT method)
below_15,warning,MDA,2019,7850103,cutoff 14.0 < 15/30 (check it is the THPT method)
not_30_point_scale,info,MHN,2018,7220201,score 25.92 looks like a 40-point scale; no probability
not_30_point_scale,info,MHN,2019,7220201,score 28.47 looks like a 40-point scale; no probability
not_30_point_scale,info,MHN,2020,7220201,score 30.33 looks like a 40-point scale; no probability
not_30_point_scale,info,MHN,2021,7220201,score 34.27 looks like a 40-point scale; no probability
not_30_point_scale,info,MHN,2022,7220201,score 31.0 looks like a 40-point scale; no probability
not_30_point_scale,info,MHN,2023,7220201,score 31.51 looks like a 40-point scale; no probability
not_30_point_scale,info,MHN,2024,7220201,score 32.03 looks like a 40-point scale; no probability
not_30_point_scale,info,MHN,2018,7220204,score 27.08 looks like a 40-point scale; no probability
not_30_point_scale,info,MHN,2019,7220204,score 29.27 looks like a 40-point scale; no probability
not_30_point_scale,info,MHN,2020,7220204,score 31.12 looks like a 40-point scale; no probability
not_30_point_scale,info,MHN,2021,7220204,score 34.87 looks like a 40-point scale; no probability
not_30_point_scale,info,MHN,2022,7220204,score 31.77 looks like a 40-point scale; no probability
not_30_point_scale,info,MHN,2023,7220204,score 32.82 looks like a 40-point scale; no probability
not_30_point_scale,info,MHN,2024,7220204,score 33.19 looks like a 40-point scale; no probability
not_30_point_scale,info,MHN,2023,7340101,score 23.62 looks like a 40-point scale; no probability
below_15,warning,MHN,2019,7380107,cutoff 10.5 < 15/30 (check it is the THPT method)
below_15,warning,MHN,2018,7420201,cutoff 14.5 < 15/30 (check it is the THPT method)
below_15,warning,MHN,2018,7540101,cutoff 14.5 < 15/30 (check it is the THPT method)
not_30_point_scale,info,MHN,2018,7580101,score 20.0 looks like a 40-point scale; no probability
not_30_point_scale,info,MHN,2019,7580101,score 20.0 looks like a 40-point scale; no probability
not_30_point_scale,info,MHN,2020,7580101,score 20.0 looks like a 40-point scale; no probability
not_30_point_scale,info,MHN,2022,7580101,score 24.0 looks like a 40-point scale; no probability
not_30_point_scale,info,MHN,2023,7580101,score 23.0 looks like a 40-point scale; no probability
not_30_point_scale,info,MHN,2018,7810103,score 26.4 looks like a 40-point scale; no probability
not_30_point_scale,info,MHN,2019,7810103,score 28.53 looks like a 40-point scale; no probability
not_30_point_scale,info,MHN,2020,7810103,score 30.07 looks like a 40-point scale; no probability
not_30_point_scale,info,MHN,2021,7810103,score 32.61 looks like a 40-point scale; no probability
not_30_point_scale,info,MHN,2022,7810103,score 30.35 looks like a 40-point scale; no probability
not_30_point_scale,info,MHN,2023,7810103,score 30.53 looks like a 40-point scale; no probability
not_30_point_scale,info,MHN,2020,7810201,score 33.18 looks like a 40-point scale; no probability
not_30_point_scale,info,MHN,2022,7810201,score 27.05 looks like a 40-point scale; no probability
not_30_point_scale,info,MHN,2023,7810201,score 29.28 looks like a 40-point scale; no probability
not_30_point_scale,info,NHF,2018,7220201,score 30.6 looks like a 40-point scale; no probability
not_30_point_scale,info,NHF,2019,7220201,score 33.23 looks like a 40-point scale; no probability
not_30_point_scale,info,NHF,2020,7220201,score 34.82 looks like a 40-point scale; no probability
not_30_point_scale,info,NHF,2021,7220201,score 36.75 looks like a 40-point scale; no probability
not_30_point_scale,info,NHF,2022,7220201,score 35.5 looks like a 40-point scale; no probability
not_30_point_scale,info,NHF,2023,7220201,score 35.38 looks like a 40-point scale; no probability
not_30_point_scale,info,NHF,2024,7220201,score 35.43 looks like a 40-point scale; no probability
not_30_point_scale,info,NHF,2025,7220201,score 33.89 looks like a 40-point scale; no probability
not_30_point_scale,info,NHF,2026,7220201,score 34.45 looks like a 40-point scale; no probability
not_30_point_scale,info,NHF,2026,7220201 TM,score 31.15 looks like a 40-point scale; no probability
not_30_point_scale,info,NHF,2024,7220201 TT,score 33.0 looks like a 40-point scale; no probability
not_30_point_scale,info,NHF,2026,7220201 TT,score 31.15 looks like a 40-point scale; no probability
not_30_point_scale,info,NHF,2024,7220201TT,score 33.0 looks like a 40-point scale; no probability
not_30_point_scale,info,NHF,2025,7220201TT,score 32.48 looks like a 40-point scale; no probability
not_30_point_scale,info,NHF,2018,7220202,score 25.3 looks like a 40-point scale; no probability
not_30_point_scale,info,NHF,2019,7220202,score 25.88 looks like a 40-point scale; no probability
not_30_point_scale,info,NHF,2020,7220202,score 28.93 looks like a 40-point scale; no probability
not_30_point_scale,info,NHF,2021,7220202,score 33.95 looks like a 40-point scale; no probability
not_30_point_scale,info,NHF,2022,7220202,score 31.18 looks like a 40-point scale; no probability
not_30_point_scale,info,NHF,2023,7220202,score 31.93 looks like a 40-point scale; no probability
not_30_point_scale,info,NHF,2024,7220202,score 32.0 looks like a 40-point scale; no probability
not_30_point_scale,info,NHF,2018,7220203,score 29.0 looks like a 40-point scale; no probability
not_30_point_scale,info,NHF,2019,7220203,score 30.55 looks like a 40-point scale; no probability
not_30_point_scale,info,NHF,2020,7220203,score 32.83 looks like a 40-point scale; no probability
not_30_point_scale,info,NHF,2021,7220203,score 35.6 looks like a 40-point scale; no probability
not_30_point_scale,info,NHF,2022,7220203,score 33.73 looks like a 40-point scale; no probability
not_30_point_scale,info,NHF,2023,7220203,score 33.7 looks like a 40-point scale; no probability
not_30_point_scale,info,NHF,2024,7220203,score 32.99 looks like a 40-point scale; no probability
not_30_point_scale,info,NHF,2018,7220204,score 30.37 looks like a 40-point scale; no probability
not_30_point_scale,info,NHF,2019,7220204,score 32.97 looks like a 40-point scale; no probability
not_30_point_scale,info,NHF,2020,7220204,score 34.63 looks like a 40-point scale; no probability
not_30_point_scale,info,NHF,2021,7220204,score 37.07 looks like a 40-point scale; no probability
not_30_point_scale,info,NHF,2022,7220204,score 35.92 looks like a 40-point scale; no probability
not_30_point_scale,info,NHF,2023,7220204,score 35.75 looks like a 40-point scale; no probability
not_30_point_scale,info,NHF,2024,7220204,score 35.8 looks like a 40-point scale; no probability
not_30_point_scale,info,NHF,2025,7220204,score 34.35 looks like a 40-point scale; no probability
not_30_point_scale,info,NHF,2026,7220204,score 34.2 looks like a 40-point scale; no probability
not_30_point_scale,info,NHF,2019,7220204 CLC,score 21.7 looks like a 40-point scale; no probability
not_30_point_scale,info,NHF,2020,7220204 CLC,score 34.0 looks like a 40-point scale; no probability
not_30_point_scale,info,NHF,2021,7220204 CLC,score 36.42 looks like a 40-point scale; no probability
not_30_point_scale,info,NHF,2022,7220204 CLC,score 35.1 looks like a 40-point scale; no probability
not_30_point_scale,info,NHF,2023,7220204 CLC,score 34.82 looks like a 40-point scale; no probability
not_30_point_scale,info,NHF,2024,7220204 TT,score 34.95 looks like a 40-point scale; no probability
not_30_point_scale,info,NHF,2025,7220204 TT,score 33.0 looks like a 40-point scale; no probability
not_30_point_scale,info,NHF,2026,7220204 TT,score 33.15 looks like a 40-point scale; no probability
not_30_point_scale,info,NHF,2024,7220204TT,score 34.95 looks like a 40-point scale; no probability
not_30_point_scale,info,NHF,2018,7220205,score 27.93 looks like a 40-point scale; no probability
not_30_point_scale,info,NHF,2019,7220205,score 30.4 looks like a 40-point scale; no probability
not_30_point_scale,info,NHF,2020,7220205,score 31.83 looks like a 40-point scale; no probability
not_30_point_scale,info,NHF,2021,7220205,score 35.53 looks like a 40-point scale; no probability
not_30_point_scale,info,NHF,2022,7220205,score 33.48 looks like a 40-point scale; no probability
not_30_point_scale,info,NHF,2023,7220205,score 33.96 looks like a 40-point scale; no probability
not_30_point_scale,info,NHF,2024,7220205,score 34.2 looks like a 40-point scale; no probability
not_30_point_scale,info,NHF,2018,7220206,score 28.4 looks like a 40-point scale; no probability
not_30_point_scale,info,NHF,2019,7220206,score 29.6 looks like a 40-point scale; no probability
not_30_point_scale,info,NHF,2020,7220206,score 31.73 looks like a 40-point scale; no probability
not_30_point_scale,info,NHF,2021,7220206,score 35.3 looks like a 40-point scale; no probability
not_30_point_scale,info,NHF,2022,7220206,score 32.77 looks like a 40-point scale; no probability
not_30_point_scale,info,NHF,2023,7220206,score 33.38 looks like a 40-point scale; no probability
not_30_point_scale,info,NHF,2024,7220206,score 33.14 looks like a 40-point scale; no probability
not_30_point_scale,info,NHF,2018,7220207,score 26.03 looks like a 40-point scale; no probability
not_30_point_scale,info,NHF,2019,7220207,score 20.03 looks like a 40-point scale; no probability
not_30_point_scale,info,NHF,2020,7220207,score 27.83 looks like a 40-point scale; no probability
not_30_point_scale,info,NHF,2021,7220207,score 33.4 looks like a 40-point scale; no probability
not_30_point_scale,info,NHF,2022,7220207,score 30.32 looks like a 40-point scale; no probability
not_30_point_scale,info,NHF,2023,7220207,score 31.35 looks like a 40-point scale; no probability
not_30_point_scale,info,NHF,2024,7220207,score 31.4 looks like a 40-point scale; no probability
not_30_point_scale,info,NHF,2018,7220208,score 26.7 looks like a 40-point scale; no probability
not_30_point_scale,info,NHF,2019,7220208,score 27.85 looks like a 40-point scale; no probability
not_30_point_scale,info,NHF,2020,7220208,score 30.43 looks like a 40-point scale; no probability
not_30_point_scale,info,NHF,2021,7220208,score 34.78 looks like a 40-point scale; no probability
not_30_point_scale,info,NHF,2022,7220208,score 32.15 looks like a 40-point scale; no probability
not_30_point_scale,info,NHF,2023,7220208,score 32.63 looks like a 40-point scale; no probability
not_30_point_scale,info,NHF,2024,7220208,score 32.41 looks like a 40-point scale; no probability
not_30_point_scale,info,NHF,2019,7220208 CLC,score 22.42 looks like a 40-point scale; no probability
not_30_point_scale,info,NHF,2020,7220208 CLC,score 27.4 looks like a 40-point scale; no probability
not_30_point_scale,info,NHF,2021,7220208 CLC,score 33.05 looks like a 40-point scale; no probability
not_30_point_scale,info,NHF,2022,7220208 CLC,score 31.17 looks like a 40-point scale; no probability
not_30_point_scale,info,NHF,2023,7220208 CLC,score 30.95 looks like a 40-point scale; no probability
not_30_point_scale,info,NHF,2024,7220208 TT,score 30.48 looks like a 40-point scale; no probability
not_30_point_scale,info,NHF,2024,7220208TT,score 30.48 looks like a 40-point scale; no probability
not_30_point_scale,info,NHF,2018,7220209,score 29.75 looks like a 40-point scale; no probability
not_30_point_scale,info,NHF,2019,7220209,score 32.93 looks like a 40-point scale; no probability
not_30_point_scale,info,NHF,2020,7220209,score 34.47 looks like a 40-point scale; no probability
not_30_point_scale,info,NHF,2021,7220209,score 36.43 looks like a 40-point scale; no probability
not_30_point_scale,info,NHF,2022,7220209,score 35.8 looks like a 40-point scale; no probability
not_30_point_scale,info,NHF,2023,7220209,score 34.59 looks like a 40-point scale; no probability
not_30_point_scale,info,NHF,2024,7220209,score 34.45 looks like a 40-point scale; no probability
not_30_point_scale,info,NHF,2018,7220210,score 31.37 looks like a 40-point scale; no probability
not_30_point_scale,info,NHF,2019,7220210,score 33.85 looks like a 40-point scale; no probability
not_30_point_scale,info,NHF,2020,7220210,score 35.38 looks like a 40-point scale; no probability
not_30_point_scale,info,NHF,2021,7220210,score 37.55 looks like a 40-point scale; no probability
not_30_point_scale,info,NHF,2022,7220210,score 36.42 looks like a 40-point scale; no probability
not_30_point_scale,info,NHF,2023,7220210,score 36.15 looks like a 40-point scale; no probability
not_30_point_scale,info,NHF,2024,7220210,score 34.59 looks like a 40-point scale; no probability
not_30_point_scale,info,NHF,2025,7220210,score 32.07 looks like a 40-point scale; no probability
not_30_point_scale,info,NHF,2026,7220210,score 32.14 looks like a 40-point scale; no probability
not_30_point_scale,info,NHF,2019,7220210 CLC,score 32.15 looks like a 40-point scale; no probability
not_30_point_scale,info,NHF,2020,7220210 CLC,score 33.93 looks like a 40-point scale; no probability
not_30_point_scale,info,NHF,2021,7220210 CLC,score 36.47 looks like a 40-point scale; no probability
not_30_point_scale,info,NHF,2022,7220210 CLC,score 34.73 looks like a 40-point scale; no probability
not_30_point_scale,info,NHF,2023,7220210 CLC,score 34.73 looks like a 40-point scale; no probability
not_30_point_scale,info,NHF,2021,7310111,score 33.85 looks like a 40-point scale; no probability
not_30_point_scale,info,NHF,2022,7310111,score 32.22 looks like a 40-point scale; no probability
not_30_point_scale,info,NHF,2023,7310111,score 32.55 looks like a 40-point scale; no probability
not_30_point_scale,info,NHF,2024,7310111,score 25.78 looks like a 40-point scale; no probability
not_30_point_scale,info,NHF,2026,7310206,score 30.33 looks like a 40-point scale; no probability
not_30_point_scale,info,NHF,2018,7310601,score 27.25 looks like a 40-point scale; no probability
not_30_point_scale,info,NHF,2019,7310601,score 29.15 looks like a 40-point scale; no probability
not_30_point_scale,info,NHF,2020,7310601,score 31.3 looks like a 40-point scale; no probability
not_30_point_scale,info,NHF,2021,7310601,score 35.2 looks like a 40-point scale; no probability
not_30_point_scale,info,NHF,2022,7310601,score 32.88 looks like a 40-point scale; no probability
not_30_point_scale,info,NHF,2023,7310601,score 33.48 looks like a 40-point scale; no probability
not_30_point_scale,info,NHF,2024,7310601,score 25.27 looks like a 40-point scale; no probability
not_30_point_scale,info,NHF,2019,7320104,score 22.8 looks like a 40-point scale; no probability
not_30_point_scale,info,NHF,2020,7320104,score 25.4 looks like a 40-point scale; no probability
not_30_point_scale,info,NHF,2021,7320104,score 26.75 looks like a 40-point scale; no probability
not_30_point_scale,info,NHF,2022,7320104,score 26.0 looks like a 40-point scale; no probability
not_30_point_scale,info,NHF,2023,7320104,score 25.94 looks like a 40-point scale; no probability
not_30_point_scale,info,NHF,2025,7320104,score 30.82 looks like a 40-point scale; no probability
not_30_point_scale,info,NHF,2018,7320109,score 29.33 looks like a 40-point scale; no probability
not_30_point_scale,info,NHF,2019,7320109,score 28.25 looks like a 40-point scale; no probability
not_30_point_scale,info,NHF,2020,7320109,score 32.2 looks like a 40-point scale; no probability
not_30_point_scale,info,NHF,2021,7320109,score 35.68 looks like a 40-point scale; no probability
not_30_point_scale,info,NHF,2022,7320109,score 26.0 looks like a 40-point scale; no probability
not_30_point_scale,info,NHF,2023,7320109,score 34.1 looks like a 40-point scale; no probability
not_30_point_scale,info,NHF,2024,7320109,score 31.05 looks like a 40-point scale; no probability
not_30_point_scale,info,NHF,2018,7340101,score 27.92 looks like a 40-point scale; no probability
not_30_point_scale,info,NHF,2019,7340101,score 31.1 looks like a 40-point scale; no probability
not_30_point_scale,info,NHF,2020,7340101,score 33.2 looks like a 40-point scale; no probability
not_30_point_scale,info,NHF,2021,7340101,score 35.92 looks like a 40-point scale; no probability
not_30_point_scale,info,NHF,2022,7340101,score 33.55 looks like a 40-point scale; no probability
not_30_point_scale,info,NHF,2023,7340101,score 33.93 looks like a 40-point scale; no probability
not_30_point_scale,info,NHF,2024,7340101,score 30.72 looks like a 40-point scale; no probability
not_30_point_scale,info,NHF,2019,7340115,score 31.4 looks like a 40-point scale; no probability
not_30_point_scale,info,NHF,2020,7340115,score 34.48 looks like a 40-point scale; no probability
not_30_point_scale,info,NHF,2021,7340115,score 36.63 looks like a 40-point scale; no probability
not_30_point_scale,info,NHF,2022,7340115,score 34.63 looks like a 40-point scale; no probability
not_30_point_scale,info,NHF,2023,7340115,score 35.05 looks like a 40-point scale; no probability
not_30_point_scale,info,NHF,2024,7340115,score 33.93 looks like a 40-point scale; no probability
not_30_point_scale,info,NHF,2025,7340115,score 30.17 looks like a 40-point scale; no probability
not_30_point_scale,info,NHF,2019,7340201,score 28.98 looks like a 40-point scale; no probability
not_30_point_scale,info,NHF,2020,7340201,score 31.5 looks like a 40-point scale; no probability
not_30_point_scale,info,NHF,2021,7340201,score 35.27 looks like a 40-point scale; no probability
not_30_point_scale,info,NHF,2022,7340201,score 32.13 looks like a 40-point scale; no probability
not_30_point_scale,info,NHF,2023,7340201,score 33.7 looks like a 40-point scale; no probability
not_30_point_scale,info,NHF,2024,7340201,score 32.53 looks like a 40-point scale; no probability
not_30_point_scale,info,NHF,2018,7340301,score 23.7 looks like a 40-point scale; no probability
not_30_point_scale,info,NHF,2019,7340301,score 28.65 looks like a 40-point scale; no probability
not_30_point_scale,info,NHF,2020,7340301,score 31.48 looks like a 40-point scale; no probability
not_30_point_scale,info,NHF,2021,7340301,score 35.12 looks like a 40-point scale; no probability
not_30_point_scale,info,NHF,2022,7340301,score 32.27 looks like a 40-point scale; no probability
not_30_point_scale,info,NHF,2023,7340301,score 33.52 looks like a 40-point scale; no probability
not_30_point_scale,info,NHF,2024,7340301,score 25.08 looks like a 40-point scale; no probability
not_30_point_scale,info,NHF,2020,7480201,score 24.65 looks like a 40-point scale; no probability
not_30_point_scale,info,NHF,2020,7480201 CLC,score 23.45 looks like a 40-point scale; no probability
not_30_point_scale,info,NHF,2023,7480201 CLC,score 24.2 looks like a 40-point scale; no probability
not_30_point_scale,info,NHF,2018,7810103,score 29.68 looks like a 40-point scale; no probability
not_30_point_scale,info,NHF,2019,7810103,score 32.2 looks like a 40-point scale; no probability
not_30_point_scale,info,NHF,2020,7810103,score 33.27 looks like a 40-point scale; no probability
not_30_point_scale,info,NHF,2021,7810103,score 35.6 looks like a 40-point scale; no probability
not_30_point_scale,info,NHF,2022,7810103,score 32.7 looks like a 40-point scale; no probability
not_30_point_scale,info,NHF,2023,7810103,score 33.9 looks like a 40-point scale; no probability
not_30_point_scale,info,NHF,2024,7810103,score 33.04 looks like a 40-point scale; no probability
not_30_point_scale,info,NHF,2020,7810103 CLC,score 24.95 looks like a 40-point scale; no probability
not_30_point_scale,info,NHF,2021,7810103 CLC,score 34.55 looks like a 40-point scale; no probability
not_30_point_scale,info,NHF,2022,7810103 CLC,score 31.1 looks like a 40-point scale; no probability
not_30_point_scale,info,NHF,2023,7810103 CLC,score 32.25 looks like a 40-point scale; no probability
not_30_point_scale,info,NHF,2024,7810103 TT,score 32.11 looks like a 40-point scale; no probability
not_30_point_scale,info,NHF,2023,7810103CLC,score 32.25 looks like a 40-point scale; no probability
not_30_point_scale,info,NHF,2024,7810103TT,score 32.11 looks like a 40-point scale; no probability
not_30_point_scale,info,NHH,2023,ACT01,score 32.75 looks like a 40-point scale; no probability
not_30_point_scale,info,NHH,2024,ACT01,score 34.0 looks like a 40-point scale; no probability
not_30_point_scale,info,NHH,2023,BANK01,score 32.7 looks like a 40-point scale; no probability
not_30_point_scale,info,NHH,2024,BANK01,score 34.0 looks like a 40-point scale; no probability
not_30_point_scale,info,NHH,2024,BANK06,score 33.8 looks like a 40-point scale; no probability
not_30_point_scale,info,NHH,2023,BUS01,score 32.65 looks like a 40-point scale; no probability
not_30_point_scale,info,NHH,2024,BUS01,score 33.9 looks like a 40-point scale; no probability
not_30_point_scale,info,NHH,2024,BUS06,score 34.0 looks like a 40-point scale; no probability
not_30_point_scale,info,NHH,2024,ECON02,score 34.0 looks like a 40-point scale; no probability
not_30_point_scale,info,NHH,2023,FIN01,score 32.6 looks like a 40-point scale; no probability
not_30_point_scale,info,NHH,2024,FIN01,score 34.2 looks like a 40-point scale; no probability
not_30_point_scale,info,NHH,2024,IB04,score 33.9 looks like a 40-point scale; no probability
not_30_point_scale,info,NHS,2020,7220201,score 24.44 looks like a 40-point scale; no probability
not_30_point_scale,info,NHS,2020,7340001,score 22.3 looks like a 40-point scale; no probability
not_30_point_scale,info,NHS,2020,7340002,score 22.3 looks like a 40-point scale; no probability
below_15,warning,NLS,2019,7310101,cutoff 13.0 < 15/30 (check it is the THPT method)
below_15,warning,NLS,2019,7340101,cutoff 13.0 < 15/30 (check it is the THPT method)
below_15,warning,NLS,2019,7340301,cutoff 13.0 < 15/30 (check it is the THPT method)
below_15,warning,NLS,2019,7540101,cutoff 13.0 < 15/30 (check it is the THPT method)
below_15,warning,NLS,2019,7620109,cutoff 13.0 < 15/30 (check it is the THPT method)
below_15,warning,NLS,2019,7620301,cutoff 13.0 < 15/30 (check it is the THPT method)
below_15,warning,NLS,2019,7640101,cutoff 13.0 < 15/30 (check it is the THPT method)
not_30_point_scale,info,NTH,2025,KHMH2_1,score 36.4 looks like a 40-point scale; no probability
not_30_point_scale,info,NTH,2025,NNAH1_1,score 32.4 looks like a 40-point scale; no probability
not_30_point_scale,info,NTH,2025,NNTH1_1,score 35.15 looks like a 40-point scale; no probability
not_30_point_scale,info,NTH,2026,NTCNH18,score 33.66 looks like a 40-point scale; no probability
not_30_point_scale,info,NTH,2019,NTH04,score 34.3 looks like a 40-point scale; no probability
not_30_point_scale,info,NTH,2020,NTH04,score 36.25 looks like a 40-point scale; no probability
not_30_point_scale,info,NTH,2021,NTH04,score 37.55 looks like a 40-point scale; no probability
not_30_point_scale,info,NTH,2022,NTH04,score 36.4 looks like a 40-point scale; no probability
not_30_point_scale,info,NTH,2019,NTH05,score 31.55 looks like a 40-point scale; no probability
not_30_point_scale,info,NTH,2020,NTH05,score 32.8 looks like a 40-point scale; no probability
not_30_point_scale,info,NTH,2021,NTH05,score 36.75 looks like a 40-point scale; no probability
not_30_point_scale,info,NTH,2022,NTH05,score 35.0 looks like a 40-point scale; no probability
not_30_point_scale,info,NTH,2019,NTH06,score 32.3 looks like a 40-point scale; no probability
not_30_point_scale,info,NTH,2020,NTH06,score 34.6 looks like a 40-point scale; no probability
not_30_point_scale,info,NTH,2021,NTH06,score 39.35 looks like a 40-point scale; no probability
not_30_point_scale,info,NTH,2022,NTH06,score 36.6 looks like a 40-point scale; no probability
not_30_point_scale,info,NTH,2019,NTH07,score 31.75 looks like a 40-point scale; no probability
not_30_point_scale,info,NTH,2020,NTH07,score 33.9 looks like a 40-point scale; no probability
not_30_point_scale,info,NTH,2021,NTH07,score 37.2 looks like a 40-point scale; no probability
not_30_point_scale,info,NTH,2022,NTH07,score 36.0 looks like a 40-point scale; no probability
not_30_point_scale,info,NTH,2026,NTHCN18,score 34.66 looks like a 40-point scale; no probability
not_30_point_scale,info,NTH,2026,NTHNN19,score 33.88 looks like a 40-point scale; no probability
not_30_point_scale,info,NTH,2026,NTHNN20,score 36.0 looks like a 40-point scale; no probability
not_30_point_scale,info,NTH,2026,NTHNN21,score 32.15 looks like a 40-point scale; no probability
not_30_point_scale,info,NTH,2026,NTHNN22,score 32.25 looks like a 40-point scale; no probability
not_30_point_scale,info,NTH,2026,NTNNH19,score 32.88 looks like a 40-point scale; no probability
not_30_point_scale,info,NTH,2026,NTNNH20,score 35.0 looks like a 40-point scale; no probability
not_30_point_scale,info,NTH,2026,NTNNH21,score 31.15 looks like a 40-point scale; no probability
not_30_point_scale,info,NTH,2026,NTNNH22,score 31.25 looks like a 40-point scale; no probability
not_30_point_scale,info,QHE,2023,7310101,score 34.83 looks like a 40-point scale; no probability
not_30_point_scale,info,QHE,2024,7310101,score 33.23 looks like a 40-point scale; no probability
not_30_point_scale,info,QHE,2023,7310105,score 34.25 looks like a 40-point scale; no probability
not_30_point_scale,info,QHE,2024,7310105,score 33.35 looks like a 40-point scale; no probability
not_30_point_scale,info,QHE,2023,7310106,score 35.7 looks like a 40-point scale; no probability
not_30_point_scale,info,QHE,2024,7310106,score 33.34 looks like a 40-point scale; no probability
not_30_point_scale,info,QHE,2023,7340101,score 34.54 looks like a 40-point scale; no probability
not_30_point_scale,info,QHE,2024,7340101,score 33.33 looks like a 40-point scale; no probability
not_30_point_scale,info,QHE,2023,7340201,score 34.25 looks like a 40-point scale; no probability
not_30_point_scale,info,QHE,2024,7340201,score 33.62 looks like a 40-point scale; no probability
not_30_point_scale,info,QHE,2023,7340301,score 34.1 looks like a 40-point scale; no probability
not_30_point_scale,info,QHE,2024,7340301,score 33.1 looks like a 40-point scale; no probability
not_30_point_scale,info,QHE,2019,QHE40,score 29.6 looks like a 40-point scale; no probability
not_30_point_scale,info,QHE,2020,QHE40,score 33.45 looks like a 40-point scale; no probability
not_30_point_scale,info,QHE,2021,QHE40,score 36.2 looks like a 40-point scale; no probability
not_30_point_scale,info,QHE,2019,QHE41,score 28.08 looks like a 40-point scale; no probability
not_30_point_scale,info,QHE,2020,QHE41,score 32.72 looks like a 40-point scale; no probability
not_30_point_scale,info,QHE,2021,QHE41,score 35.75 looks like a 40-point scale; no probability
not_30_point_scale,info,QHE,2019,QHE42,score 28.07 looks like a 40-point scale; no probability
not_30_point_scale,info,QHE,2020,QHE42,score 32.6 looks like a 40-point scale; no probability
not_30_point_scale,info,QHE,2021,QHE42,score 35.55 looks like a 40-point scale; no probability
not_30_point_scale,info,QHE,2019,QHE43,score 31.06 looks like a 40-point scale; no probability
not_30_point_scale,info,QHE,2020,QHE43,score 34.5 looks like a 40-point scale; no probability
not_30_point_scale,info,QHE,2021,QHE43,score 36.53 looks like a 40-point scale; no probability
not_30_point_scale,info,QHE,2019,QHE44,score 27.08 looks like a 40-point scale; no probability
not_30_point_scale,info,QHE,2020,QHE44,score 32.47 looks like a 40-point scale; no probability
not_30_point_scale,info,QHE,2021,QHE44,score 35.83 looks like a 40-point scale; no probability
not_30_point_scale,info,QHE,2020,QHE45,score 31.73 looks like a 40-point scale; no probability
not_30_point_scale,info,QHE,2021,QHE45,score 35.57 looks like a 40-point scale; no probability
not_30_point_scale,info,QHE,2019,QHE80,score 23.45 looks like a 40-point scale; no probability
not_30_point_scale,info,QHE,2020,QHE80,score 30.75 looks like a 40-point scale; no probability
not_30_point_scale,info,QHE,2021,QHE80,score 34.85 looks like a 40-point scale; no probability
not_30_point_scale,info,QHE,2021,QHE89,score 32.65 looks like a 40-point scale; no probability
not_30_point_scale,info,QHF,2019,7140231,score 34.45 looks like a 40-point scale; no probability
not_30_point_scale,info,QHF,2020,7140231,score 35.38 looks like a 40-point scale; no probability
not_30_point_scale,info,QHF,2021,7140231,score 38.45 looks like a 40-point scale; no probability
not_30_point_scale,info,QHF,2022,7140231,score 38.1 looks like a 40-point scale; no probability
not_30_point_scale,info,QHF,2023,7140231,score 37.21 looks like a 40-point scale; no probability
not_30_point_scale,info,QHF,2024,7140231,score 38.45 looks like a 40-point scale; no probability
not_30_point_scale,info,QHF,2019,7140234,score 34.7 looks like a 40-point scale; no probability
not_30_point_scale,info,QHF,2020,7140234,score 36.08 looks like a 40-point scale; no probability
not_30_point_scale,info,QHF,2021,7140234,score 38.32 looks like a 40-point scale; no probability
not_30_point_scale,info,QHF,2022,7140234,score 38.46 looks like a 40-point scale; no probability
not_30_point_scale,info,QHF,2023,7140234,score 35.9 looks like a 40-point scale; no probability
not_30_point_scale,info,QHF,2024,7140234,score 37.85 looks like a 40-point scale; no probability
not_30_point_scale,info,QHF,2022,7140235,score 32.98 looks like a 40-point scale; no probability
not_30_point_scale,info,QHF,2023,7140235,score 32.98 looks like a 40-point scale; no probability
not_30_point_scale,info,QHF,2024,7140235,score 36.94 looks like a 40-point scale; no probability
not_30_point_scale,info,QHF,2019,7140236,score 34.52 looks like a 40-point scale; no probability
not_30_point_scale,info,QHF,2020,7140236,score 35.66 looks like a 40-point scale; no probability
not_30_point_scale,info,QHF,2021,7140236,score 37.33 looks like a 40-point scale; no probability
not_30_point_scale,info,QHF,2022,7140236,score 35.27 looks like a 40-point scale; no probability
not_30_point_scale,info,QHF,2023,7140236,score 35.61 looks like a 40-point scale; no probability
not_30_point_scale,info,QHF,2024,7140236,score 37.21 looks like a 40-point scale; no probability
not_30_point_scale,info,QHF,2019,7140237,score 34.8 looks like a 40-point scale; no probability
not_30_point_scale,info,QHF,2020,7140237,score 35.87 looks like a 40-point scale; no probability
not_30_point_scale,info,QHF,2021,7140237,score 37.7 looks like a 40-point scale; no probability
not_30_point_scale,info,QHF,2022,7140237,score 35.92 looks like a 40-point scale; no probability
not_30_point_scale,info,QHF,2023,7140237,score 36.23 looks like a 40-point scale; no probability
not_30_point_scale,info,QHF,2024,7140237,score 37.31 looks like a 40-point scale; no probability
not_30_point_scale,info,QHF,2019,7220201,score 35.5 looks like a 40-point scale; no probability
not_30_point_scale,info,QHF,2020,7220201,score 34.6 looks like a 40-point scale; no probability
not_30_point_scale,info,QHF,2021,7220201,score 36.9 looks like a 40-point scale; no probability
not_30_point_scale,info,QHF,2022,7220201,score 35.57 looks like a 40-point scale; no probability
not_30_point_scale,info,QHF,2023,7220201,score 35.55 looks like a 40-point scale; no probability
not_30_point_scale,info,QHF,2024,7220201,score 36.99 looks like a 40-point scale; no probability
not_30_point_scale,info,QHF,2019,7220201CLC,score 31.32 looks like a 40-point scale; no probability
not_30_point_scale,info,QHF,2020,7220201CLC,score 34.6 looks like a 40-point scale; no probability
not_30_point_scale,info,QHF,2020,7220202,score 31.37 looks like a 40-point scale; no probability
not_30_point_scale,info,QHF,2021,7220202,score 35.19 looks like a 40-point scale; no probability
not_30_point_scale,info,QHF,2022,7220202,score 31.2 looks like a 40-point scale; no probability
not_30_point_scale,info,QHF,2023,7220202,score 33.3 looks like a 40-point scale; no probability
not_30_point_scale,info,QHF,2024,7220202,score 34.24 looks like a 40-point scale; no probability
not_30_point_scale,info,QHF,2019,7220203,score 32.48 looks like a 40-point scale; no probability
not_30_point_scale,info,QHF,2020,7220203,score 32.54 looks like a 40-point scale; no probability
not_30_point_scale,info,QHF,2021,7220203,score 35.77 looks like a 40-point scale; no probability
not_30_point_scale,info,QHF,2022,7220203,score 32.99 looks like a 40-point scale; no probability
not_30_point_scale,info,QHF,2023,7220203,score 34.12 looks like a 40-point scale; no probability
not_30_point_scale,info,QHF,2024,7220203,score 34.53 looks like a 40-point scale; no probability
not_30_point_scale,info,QHF,2020,7220203CLC,score 32.54 looks like a 40-point scale; no probability
not_30_point_scale,info,QHF,2021,7220204,score 37.13 looks like a 40-point scale; no probability
not_30_point_scale,info,QHF,2022,7220204,score 35.32 looks like a 40-point scale; no probability
not_30_point_scale,info,QHF,2023,7220204,score 35.55 looks like a 40-point scale; no probability
not_30_point_scale,info,QHF,2024,7220204,score 37.0 looks like a 40-point scale; no probability
not_30_point_scale,info,QHF,2019,7220204CLC,score 32.03 looks like a 40-point scale; no probability
not_30_point_scale,info,QHF,2020,7220204CLC,score 34.65 looks like a 40-point scale; no probability
not_30_point_scale,info,QHF,2019,7220205,score 32.3 looks like a 40-point scale; no probability
not_30_point_scale,info,QHF,2020,7220205,score 31.85 looks like a 40-point scale; no probability
not_30_point_scale,info,QHF,2021,7220205,score 35.92 looks like a 40-point scale; no probability
not_30_point_scale,info,QHF,2022,7220205,score 32.83 looks like a 40-point scale; no probability
not_30_point_scale,info,QHF,2023,7220205,score 34.35 looks like a 40-point scale; no probability
not_30_point_scale,info,QHF,2024,7220205,score 35.82 looks like a 40-point scale; no probability
not_30_point_scale,info,QHF,2020,7220205CLC,score 32.28 looks like a 40-point scale; no probability
not_30_point_scale,info,QHF,2021,7220209,score 36.53 looks like a 40-point scale; no probability
not_30_point_scale,info,QHF,2022,7220209,score 34.23 looks like a 40-point scale; no probability
not_30_point_scale,info,QHF,2023,7220209,score 34.65 looks like a 40-point scale; no probability
not_30_point_scale,info,QHF,2024,7220209,score 35.4 looks like a 40-point scale; no probability
not_30_point_scale,info,QHF,2019,7220209CLC,score 31.95 looks like a 40-point scale; no probability
not_30_point_scale,info,QHF,2020,7220209CLC,score 34.37 looks like a 40-point scale; no probability
not_30_point_scale,info,QHF,2021,7220210,score 36.83 looks like a 40-point scale; no probability
not_30_point_scale,info,QHF,2022,7220210,score 34.92 looks like a 40-point scale; no probability
not_30_point_scale,info,QHF,2023,7220210,score 35.4 looks like a 40-point scale; no probability
not_30_point_scale,info,QHF,2024,7220210,score 36.38 looks like a 40-point scale; no probability
not_30_point_scale,info,QHF,2019,7220210CLC,score 32.77 looks like a 40-point scale; no probability
not_30_point_scale,info,QHF,2020,7220210CLC,score 34.68 looks like a 40-point scale; no probability
not_30_point_scale,info,QHF,2021,7220211,score 34.0 looks like a 40-point scale; no probability
not_30_point_scale,info,QHF,2022,7220211,score 30.49 looks like a 40-point scale; no probability
not_30_point_scale,info,QHF,2023,7220211,score 33.04 looks like a 40-point scale; no probability
not_30_point_scale,info,QHF,2024,7220211,score 33.42 looks like a 40-point scale; no probability
not_30_point_scale,info,QHF,2023,7220212QTD,score 34.49 looks like a 40-point scale; no probability
not_30_point_scale,info,QHF,2024,7220212QTD,score 36.5 looks like a 40-point scale; no probability
not_30_point_scale,info,QHT,2023,QHT01,score 33.4 looks like a 40-point scale; no probability
not_30_point_scale,info,QHT,2024,QHT01,score 34.45 looks like a 40-point scale; no probability
not_30_point_scale,info,QHT,2023,QHT02,score 34.25 looks like a 40-point scale; no probability
not_30_point_scale,info,QHT,2024,QHT02,score 34.45 looks like a 40-point scale; no probability
not_30_point_scale,info,QHT,2023,QHT93,score 34.85 looks like a 40-point scale; no probability
not_30_point_scale,info,QHT,2024,QHT93,score 35.0 looks like a 40-point scale; no probability
not_30_point_scale,info,QHT,2023,QHT98,score 34.7 looks like a 40-point scale; no probability
not_30_point_scale,info,QHT,2024,QHT98,score 34.7 looks like a 40-point scale; no probability
not_30_point_scale,info,QSB,2023,106,score 79.84 looks like a 100-point scale; no probability
not_30_point_scale,info,QSB,2024,106,score 84.16 looks like a 100-point scale; no probability
not_30_point_scale,info,QSB,2025,106,score 85.41 looks like a 100-point scale; no probability
not_30_point_scale,info,QSB,2026,106,score 85.45 looks like a 100-point scale; no probability
not_30_point_scale,info,QSB,2023,107,score 78.26 looks like a 100-point scale; no probability
not_30_point_scale,info,QSB,2024,107,score 82.87 looks like a 100-point scale; no probability
not_30_point_scale,info,QSB,2025,107,score 82.91 looks like a 100-point scale; no probability
not_30_point_scale,info,QSB,2026,107,score 84.98 looks like a 100-point scale; no probability
not_30_point_scale,info,QSB,2023,108,score 66.59 looks like a 100-point scale; no probability
not_30_point_scale,info,QSB,2024,108,score 80.03 looks like a 100-point scale; no probability
not_30_point_scale,info,QSB,2025,108,score 80.77 looks like a 100-point scale; no probability
not_30_point_scale,info,QSB,2026,108,score 84.29 looks like a 100-point scale; no probability
not_30_point_scale,info,QSB,2023,109,score 58.49 looks like a 100-point scale; no probability
not_30_point_scale,info,QSB,2024,109,score 73.89 looks like a 100-point scale; no probability
not_30_point_scale,info,QSB,2025,109,score 75.43 looks like a 100-point scale; no probability
not_30_point_scale,info,QSB,2026,109,score 80.75 looks like a 100-point scale; no probability
not_30_point_scale,info,QSB,2023,110,score 71.81 looks like a 100-point scale; no probability
not_30_point_scale,info,QSB,2024,110,score 81.33 looks like a 100-point scale; no probability
not_30_point_scale,info,QSB,2025,110,score 81.82 looks like a 100-point scale; no probability
not_30_point_scale,info,QSB,2026,110,score 84.36 looks like a 100-point scale; no probability
not_30_point_scale,info,QSB,2024,111,score 55.51 looks like a 100-point scale; no probability
not_30_point_scale,info,QSB,2023,112,score 57.3 looks like a 100-point scale; no probability
not_30_point_scale,info,QSB,2024,112,score 80.1 looks like a 100-point scale; no probability
not_30_point_scale,info,QSB,2025,112,score 60.75 looks like a 100-point scale; no probability
not_30_point_scale,info,QSB,2026,112,score 69.92 looks like a 100-point scale; no probability
not_30_point_scale,info,QSB,2023,114,score 70.83 looks like a 100-point scale; no probability
not_30_point_scale,info,QSB,2024,114,score 62.01 looks like a 100-point scale; no probability
not_30_point_scale,info,QSB,2025,114,score 75.43 looks like a 100-point scale; no probability
not_30_point_scale,info,QSB,2026,114,score 79.08 looks like a 100-point scale; no probability
not_30_point_scale,info,QSB,2023,115,score 55.4 looks like a 100-point scale; no probability
not_30_point_scale,info,QSB,2024,115,score 70.85 looks like a 100-point scale; no probability
not_30_point_scale,info,QSB,2025,115,score 55.05 looks like a 100-point scale; no probability
not_30_point_scale,info,QSB,2026,115,score 68.69 looks like a 100-point scale; no probability
not_30_point_scale,info,QSB,2023,117,score 59.36 looks like a 100-point scale; no probability
not_30_point_scale,info,QSB,2024,117,score 58.59 looks like a 100-point scale; no probability
not_30_point_scale,info,QSB,2025,117,score 67.42 looks like a 100-point scale; no probability
not_30_point_scale,info,QSB,2026,117,score 71.57 looks like a 100-point scale; no probability
not_30_point_scale,info,QSB,2023,120,score 58.02 looks like a 100-point scale; no probability
not_30_point_scale,info,QSB,2024,120,score 55.38 looks like a 100-point scale; no probability
not_30_point_scale,info,QSB,2025,120,score 60.0 looks like a 100-point scale; no probability
not_30_point_scale,info,QSB,2023,123,score 65.17 looks like a 100-point scale; no probability
not_30_point_scale,info,QSB,2024,123,score 77.28 looks like a 100-point scale; no probability
not_30_point_scale,info,QSB,2025,123,score 75.98 looks like a 100-point scale; no probability
not_30_point_scale,info,QSB,2026,123,score 80.17 looks like a 100-point scale; no probability
not_30_point_scale,info,QSB,2023,125,score 54.0 looks like a 100-point scale; no probability
not_30_point_scale,info,QSB,2024,125,score 61.98 looks like a 100-point scale; no probability
not_30_point_scale,info,QSB,2025,125,score 60.93 looks like a 100-point scale; no probability
not_30_point_scale,info,QSB,2026,125,score 69.38 looks like a 100-point scale; no probability
not_30_point_scale,info,QSB,2023,128,score 73.51 looks like a 100-point scale; no probability
not_30_point_scale,info,QSB,2024,128,score 72.01 looks like a 100-point scale; no probability
not_30_point_scale,info,QSB,2025,128,score 80.52 looks like a 100-point scale; no probability
not_30_point_scale,info,QSB,2026,128,score 82.4 looks like a 100-point scale; no probability
not_30_point_scale,info,QSB,2023,129,score 55.36 looks like a 100-point scale; no probability
not_30_point_scale,info,QSB,2024,129,score 68.5 looks like a 100-point scale; no probability
not_30_point_scale,info,QSB,2025,129,score 71.1 looks like a 100-point scale; no probability
not_30_point_scale,info,QSB,2026,129,score 78.88 looks like a 100-point scale; no probability
not_30_point_scale,info,QSB,2023,137,score 60.81 looks like a 100-point scale; no probability
not_30_point_scale,info,QSB,2024,137,score 73.86 looks like a 100-point scale; no probability
not_30_point_scale,info,QSB,2025,137,score 76.61 looks like a 100-point scale; no probability
not_30_point_scale,info,QSB,2026,137,score 82.01 looks like a 100-point scale; no probability
not_30_point_scale,info,QSB,2023,138,score 60.65 looks like a 100-point scale; no probability
not_30_point_scale,info,QSB,2024,138,score 74.7 looks like a 100-point scale; no probability
not_30_point_scale,info,QSB,2025,138,score 75.98 looks like a 100-point scale; no probability
not_30_point_scale,info,QSB,2026,138,score 79.62 looks like a 100-point scale; no probability
not_30_point_scale,info,QSB,2023,140,score 60.46 looks like a 100-point scale; no probability
not_30_point_scale,info,QSB,2024,140,score 77.36 looks like a 100-point scale; no probability
not_30_point_scale,info,QSB,2025,140,score 73.5 looks like a 100-point scale; no probability
not_30_point_scale,info,QSB,2026,140,score 79.91 looks like a 100-point scale; no probability
not_30_point_scale,info,QSB,2023,141,score 57.33 looks like a 100-point scale; no probability
not_30_point_scale,info,QSB,2024,141,score 65.44 looks like a 100-point scale; no probability
not_30_point_scale,info,QSB,2025,141,score 65.59 looks like a 100-point scale; no probability
not_30_point_scale,info,QSB,2026,141,score 75.31 looks like a 100-point scale; no probability
not_30_point_scale,info,QSB,2023,142,score 68.73 looks like a 100-point scale; no probability
not_30_point_scale,info,QSB,2024,142,score 78.22 looks like a 100-point scale; no probability
not_30_point_scale,info,QSB,2025,142,score 76.34 looks like a 100-point scale; no probability
not_30_point_scale,info,QSB,2026,142,score 79.3 looks like a 100-point scale; no probability
not_30_point_scale,info,QSB,2023,145,score 59.94 looks like a 100-point scale; no probability
not_30_point_scale,info,QSB,2024,145,score 75.38 looks like a 100-point scale; no probability
not_30_point_scale,info,QSB,2025,145,score 76.63 looks like a 100-point scale; no probability
not_30_point_scale,info,QSB,2026,145,score 80.37 looks like a 100-point scale; no probability
not_30_point_scale,info,QSB,2024,146,score 82.14 looks like a 100-point scale; no probability
not_30_point_scale,info,QSB,2025,146,score 83.85 looks like a 100-point scale; no probability
not_30_point_scale,info,QSB,2026,146,score 84.97 looks like a 100-point scale; no probability
not_30_point_scale,info,QSB,2024,147,score 68.5 looks like a 100-point scale; no probability
not_30_point_scale,info,QSB,2025,147,score 55.06 looks like a 100-point scale; no probability
not_30_point_scale,info,QSB,2026,147,score 64.37 looks like a 100-point scale; no probability
not_30_point_scale,info,QSB,2024,148,score 66.11 looks like a 100-point scale; no probability
not_30_point_scale,info,QSB,2025,148,score 55.72 looks like a 100-point scale; no probability
not_30_point_scale,info,QSB,2026,148,score 69.35 looks like a 100-point scale; no probability
not_30_point_scale,info,QSB,2026,150,score 73.82 looks like a 100-point scale; no probability
not_30_point_scale,info,QSB,2026,151,score 65.6 looks like a 100-point scale; no probability
not_30_point_scale,info,QSB,2026,152,score 76.06 looks like a 100-point scale; no probability
not_30_point_scale,info,QSB,2025,153,score 71.24 looks like a 100-point scale; no probability
not_30_point_scale,info,QSB,2026,153,score 73.59 looks like a 100-point scale; no probability
not_30_point_scale,info,QSB,2026,155,score 61.43 looks like a 100-point scale; no probability
not_30_point_scale,info,QSB,2026,156,score 80.61 looks like a 100-point scale; no probability
not_30_point_scale,info,QSB,2026,159,score 85.8 looks like a 100-point scale; no probability
not_30_point_scale,info,QSB,2023,206,score 75.63 looks like a 100-point scale; no probability
not_30_point_scale,info,QSB,2024,206,score 83.63 looks like a 100-point scale; no probability
not_30_point_scale,info,QSB,2025,206,score 83.74 looks like a 100-point scale; no probability
not_30_point_scale,info,QSB,2026,206,score 84.23 looks like a 100-point scale; no probability
not_30_point_scale,info,QSB,2023,207,score 61.39 looks like a 100-point scale; no probability
not_30_point_scale,info,QSB,2024,207,score 80.41 looks like a 100-point scale; no probability
not_30_point_scale,info,QSB,2025,207,score 78.66 looks like a 100-point scale; no probability
not_30_point_scale,info,QSB,2026,207,score 81.54 looks like a 100-point scale; no probability
not_30_point_scale,info,QSB,2023,208,score 61.66 looks like a 100-point scale; no probability
not_30_point_scale,info,QSB,2024,208,score 76.71 looks like a 100-point scale; no probability
not_30_point_scale,info,QSB,2025,208,score 79.5 looks like a 100-point scale; no probability
not_30_point_scale,info,QSB,2026,208,score 83.27 looks like a 100-point scale; no probability
not_30_point_scale,info,QSB,2023,209,score 58.49 looks like a 100-point scale; no probability
not_30_point_scale,info,QSB,2024,209,score 65.77 looks like a 100-point scale; no probability
not_30_point_scale,info,QSB,2025,209,score 74.3 looks like a 100-point scale; no probability
not_30_point_scale,info,QSB,2026,209,score 79.07 looks like a 100-point scale; no probability
not_30_point_scale,info,QSB,2023,210,score 62.28 looks like a 100-point scale; no probability
not_30_point_scale,info,QSB,2024,210,score 78.0 looks like a 100-point scale; no probability
not_30_point_scale,info,QSB,2025,210,score 78.44 looks like a 100-point scale; no probability
not_30_point_scale,info,QSB,2026,210,score 82.14 looks like a 100-point scale; no probability
not_30_point_scale,info,QSB,2023,211,score 62.28 looks like a 100-point scale; no probability
not_30_point_scale,info,QSB,2024,211,score 71.3 looks like a 100-point scale; no probability
not_30_point_scale,info,QSB,2025,211,score 73.89 looks like a 100-point scale; no probability
not_30_point_scale,info,QSB,2026,211,score 78.53 looks like a 100-point scale; no probability
not_30_point_scale,info,QSB,2023,214,score 60.93 looks like a 100-point scale; no probability
not_30_point_scale,info,QSB,2024,214,score 64.68 looks like a 100-point scale; no probability
not_30_point_scale,info,QSB,2025,214,score 63.3 looks like a 100-point scale; no probability
not_30_point_scale,info,QSB,2026,214,score 69.22 looks like a 100-point scale; no probability
not_30_point_scale,info,QSB,2023,215,score 55.4 looks like a 100-point scale; no probability
not_30_point_scale,info,QSB,2024,215,score 58.59 looks like a 100-point scale; no probability
not_30_point_scale,info,QSB,2025,215,score 56.2 looks like a 100-point scale; no probability
not_30_point_scale,info,QSB,2026,215,score 56.65 looks like a 100-point scale; no probability
not_30_point_scale,info,QSB,2023,217,score 59.36 looks like a 100-point scale; no probability
not_30_point_scale,info,QSB,2024,217,score 61.08 looks like a 100-point scale; no probability
not_30_point_scale,info,QSB,2025,217,score 55.45 looks like a 100-point scale; no probability
not_30_point_scale,info,QSB,2026,217,score 55.82 looks like a 100-point scale; no probability
not_30_point_scale,info,QSB,2023,218,score 63.05 looks like a 100-point scale; no probability
not_30_point_scale,info,QSB,2024,218,score 70.91 looks like a 100-point scale; no probability
not_30_point_scale,info,QSB,2025,218,score 66.13 looks like a 100-point scale; no probability
not_30_point_scale,info,QSB,2026,218,score 59.96 looks like a 100-point scale; no probability
not_30_point_scale,info,QSB,2023,219,score 61.12 looks like a 100-point scale; no probability
not_30_point_scale,info,QSB,2024,219,score 60.11 looks like a 100-point scale; no probability
not_30_point_scale,info,QSB,2025,219,score 59.21 looks like a 100-point scale; no probability
not_30_point_scale,info,QSB,2026,219,score 58.77 looks like a 100-point scale; no probability
not_30_point_scale,info,QSB,2023,220,score 58.02 looks like a 100-point scale; no probability
not_30_point_scale,info,QSB,2024,220,score 57.88 looks like a 100-point scale; no probability
not_30_point_scale,info,QSB,2025,220,score 60.25 looks like a 100-point scale; no probability
not_30_point_scale,info,QSB,2026,220,score 55.76 looks like a 100-point scale; no probability
not_30_point_scale,info,QSB,2023,223,score 61.41 looks like a 100-point scale; no probability
not_30_point_scale,info,QSB,2024,223,score 65.03 looks like a 100-point scale; no probability
not_30_point_scale,info,QSB,2025,223,score 61.08 looks like a 100-point scale; no probability
not_30_point_scale,info,QSB,2026,223,score 65.81 looks like a 100-point scale; no probability
not_30_point_scale,info,QSB,2023,225,score 54.0 looks like a 100-point scale; no probability
not_30_point_scale,info,QSB,2024,225,score 61.59 looks like a 100-point scale; no probability
not_30_point_scale,info,QSB,2025,225,score 55.46 looks like a 100-point scale; no probability
not_30_point_scale,info,QSB,2026,225,score 57.04 looks like a 100-point scale; no probability
not_30_point_scale,info,QSB,2023,228,score 60.78 looks like a 100-point scale; no probability
not_30_point_scale,info,QSB,2024,228,score 74.47 looks like a 100-point scale; no probability
not_30_point_scale,info,QSB,2025,228,score 73.05 looks like a 100-point scale; no probability
not_30_point_scale,info,QSB,2026,228,score 78.04 looks like a 100-point scale; no probability
not_30_point_scale,info,QSB,2023,229,score 55.36 looks like a 100-point scale; no probability
not_30_point_scale,info,QSB,2024,229,score 57.96 looks like a 100-point scale; no probability
not_30_point_scale,info,QSB,2025,229,score 55.23 looks like a 100-point scale; no probability
not_30_point_scale,info,QSB,2026,229,score 67.15 looks like a 100-point scale; no probability
not_30_point_scale,info,QSB,2023,237,score 60.81 looks like a 100-point scale; no probability
not_30_point_scale,info,QSB,2024,237,score 57.23 looks like a 100-point scale; no probability
not_30_point_scale,info,QSB,2025,237,score 64.74 looks like a 100-point scale; no probability
not_30_point_scale,info,QSB,2026,237,score 65.9 looks like a 100-point scale; no probability
not_30_point_scale,info,QSB,2023,242,score 60.7 looks like a 100-point scale; no probability
not_30_point_scale,info,QSB,2024,242,score 65.87 looks like a 100-point scale; no probability
not_30_point_scale,info,QSB,2025,242,score 69.49 looks like a 100-point scale; no probability
not_30_point_scale,info,QSB,2026,242,score 71.22 looks like a 100-point scale; no probability
not_30_point_scale,info,QSB,2023,245,score 59.94 looks like a 100-point scale; no probability
not_30_point_scale,info,QSB,2024,245,score 73.5 looks like a 100-point scale; no probability
not_30_point_scale,info,QSB,2025,245,score 78.79 looks like a 100-point scale; no probability
not_30_point_scale,info,QSB,2026,245,score 79.87 looks like a 100-point scale; no probability
not_30_point_scale,info,QSB,2026,251,score 80.68 looks like a 100-point scale; no probability
not_30_point_scale,info,QSB,2026,252,score 58.67 looks like a 100-point scale; no probability
not_30_point_scale,info,QSB,2025,253,score 59.06 looks like a 100-point scale; no probability
not_30_point_scale,info,QSB,2026,253,score 61.58 looks like a 100-point scale; no probability
not_30_point_scale,info,QSB,2025,254,score 56.42 looks like a 100-point scale; no probability
not_30_point_scale,info,QSB,2026,254,score 56.77 looks like a 100-point scale; no probability
not_30_point_scale,info,QSB,2025,255,score 64.38 looks like a 100-point scale; no probability
not_30_point_scale,info,QSB,2026,255,score 56.36 looks like a 100-point scale; no probability
not_30_point_scale,info,QSB,2026,256,score 56.91 looks like a 100-point scale; no probability
not_30_point_scale,info,QSB,2025,257,score 58.07 looks like a 100-point scale; no probability
not_30_point_scale,info,QSB,2026,257,score 61.71 looks like a 100-point scale; no probability
not_30_point_scale,info,QSB,2025,258,score 83.09 looks like a 100-point scale; no probability
not_30_point_scale,info,QSB,2026,258,score 85.51 looks like a 100-point scale; no probability
not_30_point_scale,info,QSB,2026,259,score 82.66 looks like a 100-point scale; no probability
not_30_point_scale,info,QSB,2023,266,score 66.76 looks like a 100-point scale; no probability
not_30_point_scale,info,QSB,2024,266,score 79.63 looks like a 100-point scale; no probability
not_30_point_scale,info,QSB,2025,266,score 77.05 looks like a 100-point scale; no probability
not_30_point_scale,info,QSB,2026,266,score 78.69 looks like a 100-point scale; no probability
not_30_point_scale,info,QSB,2023,268,score 59.77 looks like a 100-point scale; no probability
not_30_point_scale,info,QSB,2024,268,score 68.75 looks like a 100-point scale; no probability
not_30_point_scale,info,QSB,2025,268,score 69.4 looks like a 100-point scale; no probability
not_30_point_scale,info,QSB,2026,268,score 73.96 looks like a 100-point scale; no probability
not_30_point_scale,info,QSB,2025,306,score 72.9 looks like a 100-point scale; no probability
not_30_point_scale,info,QSB,2026,306,score 70.84 looks like a 100-point scale; no probability
not_30_point_scale,info,QSB,2025,307,score 67.68 looks like a 100-point scale; no probability
not_30_point_scale,info,QSB,2026,307,score 62.37 looks like a 100-point scale; no probability
not_30_point_scale,info,QSB,2025,308,score 65.52 looks like a 100-point scale; no probability
not_30_point_scale,info,QSB,2026,308,score 68.85 looks like a 100-point scale; no probability
not_30_point_scale,info,QSB,2025,309,score 74.3 looks like a 100-point scale; no probability
not_30_point_scale,info,QSB,2026,309,score 82.42 looks like a 100-point scale; no probability
not_30_point_scale,info,QSB,2025,310,score 78.44 looks like a 100-point scale; no probability
not_30_point_scale,info,QSB,2026,310,score 61.51 looks like a 100-point scale; no probability
not_30_point_scale,info,QSB,2025,314,score 63.3 looks like a 100-point scale; no probability
not_30_point_scale,info,QSB,2026,314,score 75.3 looks like a 100-point scale; no probability
not_30_point_scale,info,QSB,2025,315,score 56.2 looks like a 100-point scale; no probability
not_30_point_scale,info,QSB,2026,315,score 67.58 looks like a 100-point scale; no probability
not_30_point_scale,info,QSB,2025,319,score 56.2 looks like a 100-point scale; no probability
not_30_point_scale,info,QSB,2026,319,score 61.51 looks like a 100-point scale; no probability
not_30_point_scale,info,QSB,2025,323,score 61.08 looks like a 100-point scale; no probability
not_30_point_scale,info,QSB,2026,323,score 61.51 looks like a 100-point scale; no probability
not_30_point_scale,info,QSB,2025,325,score 54.46 looks like a 100-point scale; no probability
not_30_point_scale,info,QSB,2026,325,score 61.51 looks like a 100-point scale; no probability
not_30_point_scale,info,QSB,2025,342,score 69.49 looks like a 100-point scale; no probability
not_30_point_scale,info,QSB,2026,342,score 61.51 looks like a 100-point scale; no probability
not_30_point_scale,info,QSB,2025,345,score 78.79 looks like a 100-point scale; no probability
not_30_point_scale,info,QSB,2026,345,score 78.91 looks like a 100-point scale; no probability
not_30_point_scale,info,QSB,2025,406,score 65.5 looks like a 100-point scale; no probability
not_30_point_scale,info,QSB,2026,406,score 73.21 looks like a 100-point scale; no probability
not_30_point_scale,info,QSB,2025,416,score 57.38 looks like a 100-point scale; no probability
not_30_point_scale,info,QSB,2026,416,score 70.18 looks like a 100-point scale; no probability
not_30_point_scale,info,QSK,2026,7310101_401,score 74.78 looks like a 100-point scale; no probability
not_30_point_scale,info,QSK,2026,7310101_403,score 74.49 looks like a 100-point scale; no probability
not_30_point_scale,info,QSK,2026,7310106_402,score 84.76 looks like a 100-point scale; no probability
not_30_point_scale,info,QSK,2026,7310108_413,score 79.65 looks like a 100-point scale; no probability
not_30_point_scale,info,QSK,2026,7310108_413E,score 67.22 looks like a 100-point scale; no probability
not_30_point_scale,info,QSK,2026,7310108_419,score 82.61 looks like a 100-point scale; no probability
not_30_point_scale,info,QSK,2026,7340101_407,score 80.5 looks like a 100-point scale; no probability
not_30_point_scale,info,QSK,2026,7340101_407E,score 70.28 looks like a 100-point scale; no probability
not_30_point_scale,info,QSK,2026,7340101_415,score 69.55 looks like a 100-point scale; no probability
not_30_point_scale,info,QSK,2026,7340101_421,score 80.84 looks like a 100-point scale; no probability
not_30_point_scale,info,QSK,2026,7340115_410,score 84.63 looks like a 100-point scale; no probability
not_30_point_scale,info,QSK,2026,7340115_410E,score 70.09 looks like a 100-point scale; no probability
not_30_point_scale,info,QSK,2026,7340115_417,score 82.48 looks like a 100-point scale; no probability
not_30_point_scale,info,QSK,2026,7340120_408,score 87.94 looks like a 100-point scale; no probability
not_30_point_scale,info,QSK,2026,7340120_408E,score 82.66 looks like a 100-point scale; no probability
not_30_point_scale,info,QSK,2026,7340120_420,score 90.01 looks like a 100-point scale; no probability
not_30_point_scale,info,QSK,2026,7340122_411,score 86.73 looks like a 100-point scale; no probability
not_30_point_scale,info,QSK,2026,7340122_411E,score 78.36 looks like a 100-point scale; no probability
not_30_point_scale,info,QSK,2026,7340201_404,score 81.4 looks like a 100-point scale; no probability
not_30_point_scale,info,QSK,2026,7340201_404E,score 72.68 looks like a 100-point scale; no probability
not_30_point_scale,info,QSK,2026,7340205_414,score 82.54 looks like a 100-point scale; no probability
not_30_point_scale,info,QSK,2026,7340205_414H,score 73.15 looks like a 100-point scale; no probability
not_30_point_scale,info,QSK,2026,7340301_405,score 80.49 looks like a 100-point scale; no probability
not_30_point_scale,info,QSK,2026,7340301_405E,score 70.42 looks like a 100-point scale; no probability
not_30_point_scale,info,QSK,2026,7340301_422,score 79.91 looks like a 100-point scale; no probability
not_30_point_scale,info,QSK,2026,7340302_409,score 85.29 looks like a 100-point scale; no probability
not_30_point_scale,info,QSK,2026,7340403_418,score 71.81 looks like a 100-point scale; no probability
not_30_point_scale,info,QSK,2026,7340405_406,score 86.46 looks like a 100-point scale; no probability
not_30_point_scale,info,QSK,2026,7340405_406H,score 86.22 looks like a 100-point scale; no probability
not_30_point_scale,info,QSK,2026,7340405_416,score 84.44 looks like a 100-point scale; no probability
not_30_point_scale,info,QSK,2026,7380101_503,score 76.01 looks like a 100-point scale; no probability
not_30_point_scale,info,QSK,2026,7380101_503E,score 69.42 looks like a 100-point scale; no probability
not_30_point_scale,info,QSK,2026,7380101_504,score 65.01 looks like a 100-point scale; no probability
not_30_point_scale,info,QSK,2026,7380101_505,score 65.54 looks like a 100-point scale; no probability
not_30_point_scale,info,QSK,2026,7380101_506,score 71.65 looks like a 100-point scale; no probability
not_30_point_scale,info,QSK,2026,7380107_501,score 80.65 looks like a 100-point scale; no probability
not_30_point_scale,info,QSK,2026,7380107_502,score 83.24 looks like a 100-point scale; no probability
not_30_point_scale,info,QSK,2026,7380107_502E,score 76.72 looks like a 100-point scale; no probability
not_30_point_scale,info,QSQ,2024,7220201,score 34.5 looks like a 40-point scale; no probability
not_30_point_scale,info,QSQ,2026,7220201,score 73.0 looks like a 100-point scale; no probability
not_30_point_scale,info,QSQ,2026,7220201W3,score 65.0 looks like a 100-point scale; no probability
not_30_point_scale,info,QSQ,2026,7220201W4,score 65.0 looks like a 100-point scale; no probability
not_30_point_scale,info,QSQ,2024,7220201_WE2,score 30.0 looks like a 40-point scale; no probability
not_30_point_scale,info,QSQ,2024,7220201_WE3,score 30.0 looks like a 40-point scale; no probability
not_30_point_scale,info,QSQ,2024,7220201_WE4,score 30.0 looks like a 40-point scale; no probability
not_30_point_scale,info,QSQ,2026,7310101,score 62.0 looks like a 100-point scale; no probability
not_30_point_scale,info,QSQ,2026,7340101,score 53.0 looks like a 100-point scale; no probability
not_30_point_scale,info,QSQ,2026,7340101AD,score 52.0 looks like a 100-point scale; no probability
not_30_point_scale,info,QSQ,2026,7340101MQ,score 54.0 looks like a 100-point scale; no probability
not_30_point_scale,info,QSQ,2026,7340101SY,score 65.0 looks like a 100-point scale; no probability
not_30_point_scale,info,QSQ,2026,7340101W2,score 52.0 looks like a 100-point scale; no probability
not_30_point_scale,info,QSQ,2026,7340101W4,score 52.0 looks like a 100-point scale; no probability
not_30_point_scale,info,QSQ,2026,7340115,score 53.0 looks like a 100-point scale; no probability
not_30_point_scale,info,QSQ,2026,7340122,score 53.0 looks like a 100-point scale; no probability
not_30_point_scale,info,QSQ,2026,7340201,score 53.0 looks like a 100-point scale; no probability
not_30_point_scale,info,QSQ,2026,7340201MQ,score 53.0 looks like a 100-point scale; no probability
not_30_point_scale,info,QSQ,2026,7340301,score 53.0 looks like a 100-point scale; no probability
not_30_point_scale,info,QSQ,2026,7340301MQ,score 53.0 looks like a 100-point scale; no probability
not_30_point_scale,info,QSQ,2026,7420201,score 55.0 looks like a 100-point scale; no probability
not_30_point_scale,info,QSQ,2026,7420201W2,score 62.0 looks like a 100-point scale; no probability
not_30_point_scale,info,QSQ,2026,7420201W4,score 70.0 looks like a 100-point scale; no probability
not_30_point_scale,info,QSQ,2026,7440112,score 58.0 looks like a 100-point scale; no probability
not_30_point_scale,info,QSQ,2026,7460108,score 62.0 looks like a 100-point scale; no probability
not_30_point_scale,info,QSQ,2026,7460112,score 52.0 looks like a 100-point scale; no probability
not_30_point_scale,info,QSQ,2026,7460201,score 52.0 looks like a 100-point scale; no probability
not_30_point_scale,info,QSQ,2026,7480101,score 65.0 looks like a 100-point scale; no probability
not_30_point_scale,info,QSQ,2026,7480201,score 62.0 looks like a 100-point scale; no probability
not_30_point_scale,info,QSQ,2026,7480201DK,score 60.0 looks like a 100-point scale; no probability
not_30_point_scale,info,QSQ,2026,7480201MQ,score 60.0 looks like a 100-point scale; no probability
not_30_point_scale,info,QSQ,2026,7480201W4,score 60.0 looks like a 100-point scale; no probability
not_30_point_scale,info,QSQ,2026,7510605,score 72.0 looks like a 100-point scale; no probability
not_30_point_scale,info,QSQ,2026,7520118,score 63.0 looks like a 100-point scale; no probability
not_30_point_scale,info,QSQ,2026,7520121,score 52.0 looks like a 100-point scale; no probability
not_30_point_scale,info,QSQ,2026,7520207,score 55.0 looks like a 100-point scale; no probability
not_30_point_scale,info,QSQ,2026,7520212,score 68.0 looks like a 100-point scale; no probability
not_30_point_scale,info,QSQ,2026,7520216,score 65.0 looks like a 100-point scale; no probability
not_30_point_scale,info,QSQ,2026,7520301,score 58.0 looks like a 100-point scale; no probability
not_30_point_scale,info,QSQ,2026,7540101,score 52.0 looks like a 100-point scale; no probability
not_30_point_scale,info,QSQ,2026,7580201,score 50.0 looks like a 100-point scale; no probability
not_30_point_scale,info,QSQ,2026,7580302,score 50.0 looks like a 100-point scale; no probability
not_30_point_scale,info,QSQ,2025,IU01,score 34.03 looks like a 40-point scale; no probability
not_30_point_scale,info,QSX,2026,7140101,score 76.2 looks like a 100-point scale; no probability
not_30_point_scale,info,QSX,2026,7140107,score 78.5 looks like a 100-point scale; no probability
not_30_point_scale,info,QSX,2026,7140114,score 79.0 looks like a 100-point scale; no probability
not_30_point_scale,info,QSX,2026,7210213,score 83.5 looks like a 100-point scale; no probability
not_30_point_scale,info,QSX,2026,7220104,score 73.5 looks like a 100-point scale; no probability
not_30_point_scale,info,QSX,2026,7220201,score 83.1 looks like a 100-point scale; no probability
not_30_point_scale,info,QSX,2026,7220201LK,score 71.4 looks like a 100-point scale; no probability
not_30_point_scale,info,QSX,2026,7220201QT,score 80.1 looks like a 100-point scale; no probability
not_30_point_scale,info,QSX,2026,7220202,score 77.0 looks like a 100-point scale; no probability
not_30_point_scale,info,QSX,2026,7220203,score 73.7 looks like a 100-point scale; no probability
not_30_point_scale,info,QSX,2026,7220204,score 81.5 looks like a 100-point scale; no probability
not_30_point_scale,info,QSX,2026,7220204LK,score 75.5 looks like a 100-point scale; no probability
not_30_point_scale,info,QSX,2026,7220204QT,score 78.1 looks like a 100-point scale; no probability
not_30_point_scale,info,QSX,2026,7220205,score 78.7 looks like a 100-point scale; no probability
not_30_point_scale,info,QSX,2026,7220205QT,score 72.0 looks like a 100-point scale; no probability
not_30_point_scale,info,QSX,2026,7220206,score 75.1 looks like a 100-point scale; no probability
not_30_point_scale,info,QSX,2026,7220208,score 71.6 looks like a 100-point scale; no probability
not_30_point_scale,info,QSX,2026,7229001,score 76.5 looks like a 100-point scale; no probability
not_30_point_scale,info,QSX,2026,7229009,score 70.0 looks like a 100-point scale; no probability
not_30_point_scale,info,QSX,2026,7229010,score 80.3 looks like a 100-point scale; no probability
not_30_point_scale,info,QSX,2026,7229020,score 74.0 looks like a 100-point scale; no probability
not_30_point_scale,info,QSX,2026,7229030,score 81.0 looks like a 100-point scale; no probability
not_30_point_scale,info,QSX,2026,7229040,score 80.9 looks like a 100-point scale; no probability
not_30_point_scale,info,QSX,2026,7310206,score 82.6 looks like a 100-point scale; no probability
not_30_point_scale,info,QSX,2026,7310206LK,score 70.0 looks like a 100-point scale; no probability
not_30_point_scale,info,QSX,2026,7310206QT,score 80.8 looks like a 100-point scale; no probability
not_30_point_scale,info,QSX,2026,7310301,score 77.9 looks like a 100-point scale; no probability
not_30_point_scale,info,QSX,2026,7310302,score 75.3 looks like a 100-point scale; no probability
not_30_point_scale,info,QSX,2026,7310401,score 87.0 looks like a 100-point scale; no probability
not_30_point_scale,info,QSX,2026,7310401QT,score 84.6 looks like a 100-point scale; no probability
not_30_point_scale,info,QSX,2026,7310403,score 79.5 looks like a 100-point scale; no probability
not_30_point_scale,info,QSX,2026,7310501,score 78.5 looks like a 100-point scale; no probability
not_30_point_scale,info,QSX,2026,7310601,score 79.5 looks like a 100-point scale; no probability
not_30_point_scale,info,QSX,2026,7310608,score 74.7 looks like a 100-point scale; no probability
not_30_point_scale,info,QSX,2026,7310613,score 76.3 looks like a 100-point scale; no probability
not_30_point_scale,info,QSX,2026,7310613QT,score 73.0 looks like a 100-point scale; no probability
not_30_point_scale,info,QSX,2026,7310614,score 77.0 looks like a 100-point scale; no probability
not_30_point_scale,info,QSX,2026,7310630,score 76.6 looks like a 100-point scale; no probability
not_30_point_scale,info,QSX,2026,73106a1,score 76.9 looks like a 100-point scale; no probability
not_30_point_scale,info,QSX,2026,7320101,score 84.9 looks like a 100-point scale; no probability
not_30_point_scale,info,QSX,2026,7320101LK,score 70.0 looks like a 100-point scale; no probability
not_30_point_scale,info,QSX,2026,7320101QT,score 80.7 looks like a 100-point scale; no probability
not_30_point_scale,info,QSX,2026,7320104,score 88.8 looks like a 100-point scale; no probability
not_30_point_scale,info,QSX,2026,7320108,score 85.5 looks like a 100-point scale; no probability
not_30_point_scale,info,QSX,2026,7320201,score 74.5 looks like a 100-point scale; no probability
not_30_point_scale,info,QSX,2026,7320205,score 79.5 looks like a 100-point scale; no probability
not_30_point_scale,info,QSX,2026,7320303,score 75.2 looks like a 100-point scale; no probability
not_30_point_scale,info,QSX,2026,7340404,score 80.35 looks like a 100-point scale; no probability
not_30_point_scale,info,QSX,2026,7340406,score 78.8 looks like a 100-point scale; no probability
not_30_point_scale,info,QSX,2026,7580109,score 70.0 looks like a 100-point scale; no probability
not_30_point_scale,info,QSX,2026,7580112,score 74.1 looks like a 100-point scale; no probability
not_30_point_scale,info,QSX,2026,7760101,score 77.65 looks like a 100-point scale; no probability
not_30_point_scale,info,QSX,2026,7810103,score 82.0 looks like a 100-point scale; no probability
not_30_point_scale,info,QSX,2026,7810103QT,score 76.9 looks like a 100-point scale; no probability
below_15,warning,TLA,2018,TLA101,cutoff 14.0 < 15/30 (check it is the THPT method)
below_15,warning,TLA,2019,TLA101,cutoff 14.0 < 15/30 (check it is the THPT method)
below_15,warning,TLA,2018,TLA102,cutoff 14.0 < 15/30 (check it is the THPT method)
below_15,warning,TLA,2019,TLA102,cutoff 14.0 < 15/30 (check it is the THPT method)
below_15,warning,TLA,2018,TLA103,cutoff 14.0 < 15/30 (check it is the THPT method)
below_15,warning,TLA,2019,TLA103,cutoff 14.0 < 15/30 (check it is the THPT method)
below_15,warning,TLA,2018,TLA104,cutoff 14.0 < 15/30 (check it is the THPT method)
below_15,warning,TLA,2019,TLA105,cutoff 14.95 < 15/30 (check it is the THPT method)
below_15,warning,TLA,2018,TLA107,cutoff 14.0 < 15/30 (check it is the THPT method)
below_15,warning,TLA,2019,TLA107,cutoff 14.0 < 15/30 (check it is the THPT method)
below_15,warning,TLA,2018,TLA109,cutoff 14.0 < 15/30 (check it is the THPT method)
below_15,warning,TLA,2019,TLA109,cutoff 14.0 < 15/30 (check it is the THPT method)
below_15,warning,TLA,2018,TLA110,cutoff 14.0 < 15/30 (check it is the THPT method)
below_15,warning,TLA,2019,TLA110,cutoff 14.0 < 15/30 (check it is the THPT method)
below_15,warning,TLA,2018,TLA111,cutoff 14.0 < 15/30 (check it is the THPT method)
below_15,warning,TLA,2019,TLA111,cutoff 14.0 < 15/30 (check it is the THPT method)
below_15,warning,TLA,2018,TLA112,cutoff 14.0 < 15/30 (check it is the THPT method)
below_15,warning,TLA,2018,TLA113,cutoff 14.0 < 15/30 (check it is the THPT method)
below_15,warning,TLA,2019,TLA113,cutoff 14.0 < 15/30 (check it is the THPT method)
below_15,warning,TLA,2018,TLA114,cutoff 14.0 < 15/30 (check it is the THPT method)
below_15,warning,TLA,2019,TLA115,cutoff 14.0 < 15/30 (check it is the THPT method)
below_15,warning,TLA,2018,TLA118,cutoff 14.0 < 15/30 (check it is the THPT method)
below_15,warning,TLA,2018,TLA119,cutoff 14.0 < 15/30 (check it is the THPT method)
below_15,warning,TLA,2018,TLA122,cutoff 14.0 < 15/30 (check it is the THPT method)
below_15,warning,TLA,2019,TLA122,cutoff 14.0 < 15/30 (check it is the THPT method)
below_15,warning,TLA,2018,TLA201,cutoff 14.0 < 15/30 (check it is the THPT method)
jump_over_3,warning,BKA,2020,CH-E11,year-on-year change 3.40 points
jump_over_3,warning,BKA,2020,CH2,year-on-year change 3.06 points
jump_over_3,warning,BKA,2020,CH3,year-on-year change 3.41 points
jump_over_3,warning,BKA,2020,ED2,year-on-year change 3.20 points
jump_over_3,warning,BKA,2019,EE1,year-on-year change 3.28 points
jump_over_3,warning,BKA,2020,EM-E13,year-on-year change 3.03 points
jump_over_3,warning,BKA,2020,ET-LUH,year-on-year change 3.55 points
jump_over_3,warning,BKA,2020,EV1,year-on-year change 3.65 points
jump_over_3,warning,BKA,2023,EV1,year-on-year change 3.01 points
jump_over_3,warning,BKA,2026,FL2,year-on-year change 3.55 points
jump_over_3,warning,BKA,2020,HE1,year-on-year change 3.50 points
jump_over_3,warning,BKA,2020,IT-LTU,year-on-year change 3.25 points
jump_over_3,warning,BKA,2020,IT-VUW,year-on-year change 3.55 points
jump_over_3,warning,BKA,2019,IT2,year-on-year change 3.35 points
jump_over_3,warning,BKA,2019,ME-GU,year-on-year change 3.20 points
jump_over_3,warning,BKA,2020,ME-LUH,year-on-year change 3.70 points
jump_over_3,warning,BKA,2019,MI2,year-on-year change 3.20 points
jump_over_3,warning,BKA,2020,MS1,year-on-year change 3.78 points
jump_over_3,warning,BKA,2020,PH1,year-on-year change 4.08 points
jump_over_3,warning,BKA,2020,PH2,year-on-year change 4.70 points
jump_over_3,warning,BKA,2020,TROY-IT,year-on-year change 4.40 points
jump_over_3,warning,BKA,2024,TROY-IT,year-on-year change 3.96 points
jump_over_3,warning,BKA,2026,TROY-IT,year-on-year change 3.14 points
jump_over_3,warning,BVH,2020,7329001,year-on-year change 3.20 points
jump_over_3,warning,BVH,2020,7340115,year-on-year change 3.15 points
jump_over_3,warning,BVH,2020,7340122,year-on-year change 3.25 points
jump_over_3,warning,BVH,2020,7510301,year-on-year change 3.70 points
jump_over_3,warning,BVH,2020,7520207,year-on-year change 3.30 points
jump_over_3,warning,BVS,2020,7340101,year-on-year change 3.80 points
jump_over_3,warning,BVS,2022,7340101,year-on-year change 3.30 points
jump_over_3,warning,BVS,2024,7340101,year-on-year change 4.40 points
jump_over_3,warning,BVS,2020,7340115,year-on-year change 3.40 points
jump_over_3,warning,BVS,2026,7340115,year-on-year change 4.50 points
jump_over_3,warning,BVS,2020,7340301,year-on-year change 3.70 points
jump_over_3,warning,BVS,2025,7340301,year-on-year change 4.70 points
jump_over_3,warning,BVS,2020,7480201,year-on-year change 3.10 points
jump_over_3,warning,BVS,2026,7480201,year-on-year change 6.47 points
jump_over_3,warning,BVS,2020,7480202,year-on-year change 4.20 points
jump_over_3,warning,BVS,2020,7510301,year-on-year change 3.25 points
jump_over_3,warning,BVS,2026,7520207,year-on-year change 4.40 points
jump_over_3,warning,BVS,2024,7520208,year-on-year change 3.70 points
jump_over_3,warning,DCN,2021,7220201,year-on-year change 3.16 points
jump_over_3,warning,DCN,2025,7220201,year-on-year change 3.33 points
jump_over_3,warning,DCN,2021,7220209,year-on-year change 3.41 points
jump_over_3,warning,DCN,2025,7220209,year-on-year change 4.00 points
jump_over_3,warning,DCN,2021,7220210,year-on-year change 3.01 points
jump_over_3,warning,DCN,2025,7220210,year-on-year change 3.36 points
jump_over_3,warning,DCN,2025,7229020,year-on-year change 5.25 points
jump_over_3,warning,DCN,2020,7310104,year-on-year change 3.65 points
jump_over_3,warning,DCN,2025,7310104,year-on-year change 3.39 points
jump_over_3,warning,DCN,2025,7340101,year-on-year change 4.06 points
jump_over_3,warning,DCN,2020,7340115,year-on-year change 3.25 points
jump_over_3,warning,DCN,2025,7340125,year-on-year change 4.25 points
jump_over_3,warning,DCN,2020,7340201,year-on-year change 3.25 points
jump_over_3,warning,DCN,2025,7340201,year-on-year change 3.99 points
jump_over_3,warning,DCN,2025,7340301,year-on-year change 4.01 points
jump_over_3,warning,DCN,2025,7340302,year-on-year change 4.45 points
jump_over_3,warning,DCN,2020,7340404,year-on-year change 3.55 points
jump_over_3,warning,DCN,2025,7340404,year-on-year change 3.55 points
jump_over_3,warning,DCN,2025,7340406,year-on-year change 4.01 points
jump_over_3,warning,DCN,2020,7480101,year-on-year change 3.55 points
jump_over_3,warning,DCN,2019,7480102,year-on-year change 3.05 points
jump_over_3,warning,DCN,2020,7480102,year-on-year change 3.45 points
jump_over_3,warning,DCN,2020,7480103,year-on-year change 3.25 points
jump_over_3,warning,DCN,2020,7480104,year-on-year change 3.30 points
jump_over_3,warning,DCN,2025,7480104,year-on-year change 3.34 points
jump_over_3,warning,DCN,2020,7480108,year-on-year change 3.50 points
jump_over_3,warning,DCN,2020,7510201,year-on-year change 3.05 points
jump_over_3,warning,DCN,2020,7510206,year-on-year change 3.30 points
jump_over_3,warning,DCN,2020,7510301,year-on-year change 3.20 points
jump_over_3,warning,DCN,2020,7510302,year-on-year change 3.45 points
jump_over_3,warning,DCN,2021,7510401,year-on-year change 4.05 points
jump_over_3,warning,DCN,2025,7510605,year-on-year change 3.13 points
jump_over_3,warning,DCN,2020,7520118,year-on-year change 4.10 points
jump_over_3,warning,DCN,2021,7540203,year-on-year change 3.65 points
jump_over_3,warning,DCN,2025,7540204,year-on-year change 3.90 points
jump_over_3,warning,DCN,2026,7810101,year-on-year change 4.85 points
jump_over_3,warning,DCN,2026,7810103,year-on-year change 4.40 points
jump_over_3,warning,DCN,2026,7810201,year-on-year change 4.75 points
jump_over_3,warning,DCN,2026,7810202,year-on-year change 3.85 points
jump_over_3,warning,DCT,2020,7210403,year-on-year change 4.50 points
jump_over_3,warning,DCT,2023,7340122,year-on-year change 6.00 points
jump_over_3,warning,DCT,2022,7340123,year-on-year change 3.75 points
jump_over_3,warning,DCT,2023,7340123,year-on-year change 3.75 points
jump_over_3,warning,DCT,2023,7340129,year-on-year change 3.75 points
jump_over_3,warning,DCT,2024,7340205,year-on-year change 4.25 points
jump_over_3,warning,DCT,2023,7340301,year-on-year change 3.50 points
jump_over_3,warning,DCT,2020,7340405,year-on-year change 3.50 points
jump_over_3,warning,DCT,2023,7380107,year-on-year change 4.00 points
jump_over_3,warning,DCT,2025,7380107,year-on-year change 7.00 points
jump_over_3,warning,DCT,2022,7420201,year-on-year change 4.50 points
jump_over_3,warning,DCT,2023,7420201,year-on-year change 5.00 points
jump_over_3,warning,DCT,2024,7420201,year-on-year change 7.00 points
jump_over_3,warning,DCT,2025,7420201,year-on-year change 4.50 points
jump_over_3,warning,DCT,2025,7460108,year-on-year change 4.00 points
jump_over_3,warning,DCT,2020,7480101,year-on-year change 4.00 points
jump_over_3,warning,DCT,2020,7480102,year-on-year change 3.50 points
jump_over_3,warning,DCT,2020,7480103,year-on-year change 6.00 points
jump_over_3,warning,DCT,2021,7480201,year-on-year change 9.50 points
jump_over_3,warning,DCT,2022,7480201,year-on-year change 5.50 points
jump_over_3,warning,DCT,2023,7480201,year-on-year change 4.00 points
jump_over_3,warning,DCT,2025,7480201,year-on-year change 3.25 points
jump_over_3,warning,DCT,2026,7480201,year-on-year change 3.25 points
jump_over_3,warning,DCT,2020,7480201_DT,year-on-year change 3.50 points
jump_over_3,warning,DCT,2020,7480202,year-on-year change 3.50 points
jump_over_3,warning,DCT,2022,7480202,year-on-year change 6.25 points
jump_over_3,warning,DCT,2023,7480202,year-on-year change 5.75 points
jump_over_3,warning,DCT,2024,7480202,year-on-year change 3.50 points
jump_over_3,warning,DCT,2022,7510203,year-on-year change 5.00 points
jump_over_3,warning,DCT,2023,7510203,year-on-year change 5.00 points
jump_over_3,warning,DCT,2025,7510203,year-on-year change 4.50 points
jump_over_3,warning,DCT,2020,7510303,year-on-year change 5.00 points
jump_over_3,warning,DCT,2025,7510303,year-on-year change 5.25 points
jump_over_3,warning,DCT,2023,7540204,year-on-year change 3.75 points
jump_over_3,warning,DCT,2023,7810103,year-on-year change 5.00 points
jump_over_3,warning,DCT,2023,7810201,year-on-year change 4.50 points
jump_over_3,warning,DCT,2024,7810201,year-on-year change 5.00 points
jump_over_3,warning,DCT,2023,7810202,year-on-year change 4.50 points
jump_over_3,warning,DCT,2024,7819010,year-on-year change 5.00 points
jump_over_3,warning,DCT,2026,LK7220204,year-on-year change 4.00 points
jump_over_3,warning,DDL,2021,7340101,year-on-year change 5.00 points
jump_over_3,warning,DDL,2021,7340122,year-on-year change 9.50 points
jump_over_3,warning,DDL,2021,7340201,year-on-year change 5.50 points
jump_over_3,warning,DDL,2026,7340205,year-on-year change 3.75 points
jump_over_3,warning,DDL,2021,7340301,year-on-year change 5.00 points
jump_over_3,warning,DDL,2021,7340302,year-on-year change 4.50 points
jump_over_3,warning,DDL,2022,7340302,year-on-year change 3.50 points
jump_over_3,warning,DDL,2026,7460108,year-on-year change 3.75 points
jump_over_3,warning,DDL,2021,7480201,year-on-year change 7.75 points
jump_over_3,warning,DDL,2023,7510102,year-on-year change 3.50 points
jump_over_3,warning,DDL,2021,7510201,year-on-year change 4.00 points
jump_over_3,warning,DDL,2022,7510203,year-on-year change 9.50 points
jump_over_3,warning,DDL,2021,7510301,year-on-year change 4.75 points
jump_over_3,warning,DDL,2021,7510302,year-on-year change 6.50 points
jump_over_3,warning,DDL,2021,7510303,year-on-year change 4.50 points
jump_over_3,warning,DDL,2025,7510403,year-on-year change 3.50 points
jump_over_3,warning,DDL,2026,7510407,year-on-year change 5.25 points
jump_over_3,warning,DDL,2022,7510601,year-on-year change 3.50 points
jump_over_3,warning,DDL,2025,7510601,year-on-year change 3.53 points
jump_over_3,warning,DDL,2023,7510602,year-on-year change 4.00 points
jump_over_3,warning,DDL,2025,7510602,year-on-year change 3.33 points
jump_over_3,warning,DDL,2021,7510605,year-on-year change 6.50 points
jump_over_3,warning,DDL,2026,7520107,year-on-year change 3.33 points
jump_over_3,warning,DDL,2022,7810103,year-on-year change 3.75 points
jump_over_3,warning,DKC,2022,7210205,year-on-year change 4.00 points
jump_over_3,warning,DKC,2025,7210403,year-on-year change 4.00 points
jump_over_3,warning,DKC,2020,7210404,year-on-year change 4.00 points
jump_over_3,warning,DKC,2025,7320104,year-on-year change 5.00 points
jump_over_3,warning,DKC,2022,7320108,year-on-year change 5.00 points
jump_over_3,warning,DKC,2025,7340101,year-on-year change 5.00 points
jump_over_3,warning,DKC,2025,7340114,year-on-year change 4.00 points
jump_over_3,warning,DKC,2025,7340115,year-on-year change 5.00 points
jump_over_3,warning,DKC,2022,7340122,year-on-year change 4.00 points
jump_over_3,warning,DKC,2020,7340405,year-on-year change 4.00 points
jump_over_3,warning,DKC,2026,7380101,year-on-year change 5.00 points
jump_over_3,warning,DKC,2026,7380107,year-on-year change 5.00 points
jump_over_3,warning,DKC,2025,7480201,year-on-year change 6.00 points
jump_over_3,warning,DKC,2025,7510205,year-on-year change 5.00 points
jump_over_3,warning,DKC,2025,7510605,year-on-year change 4.00 points
jump_over_3,warning,DKC,2025,7520141,year-on-year change 4.00 points
jump_over_3,warning,DKC,2020,7580101,year-on-year change 4.00 points
jump_over_3,warning,DKC,2019,7720201,year-on-year change 4.00 points
jump_over_3,warning,DMS,2020,7220201,year-on-year change 3.80 points
jump_over_3,warning,DMS,2026,7310101,year-on-year change 4.38 points
jump_over_3,warning,DMS,2022,7310108,year-on-year change 3.35 points
jump_over_3,warning,DMS,2021,7340101C,year-on-year change 6.30 points
jump_over_3,warning,DMS,2022,7340101Q,year-on-year change 4.30 points
jump_over_3,warning,DMS,2019,7340115,year-on-year change 3.50 points
jump_over_3,warning,DMS,2021,7340115C,year-on-year change 7.00 points
jump_over_3,warning,DMS,2022,7340115Q,year-on-year change 6.50 points
jump_over_3,warning,DMS,2025,7340115_TATP,year-on-year change 5.71 points
jump_over_3,warning,DMS,2020,7340116,year-on-year change 3.60 points
jump_over_3,warning,DMS,2021,7340120C,year-on-year change 5.50 points
jump_over_3,warning,DMS,2022,7340120Q,year-on-year change 4.30 points
jump_over_3,warning,DMS,2024,7340120_TATP,year-on-year change 3.80 points
jump_over_3,warning,DMS,2025,7340120_TATP,year-on-year change 5.79 points
jump_over_3,warning,DMS,2020,7340201,year-on-year change 3.37 points
jump_over_3,warning,DMS,2021,7340201C,year-on-year change 7.60 points
jump_over_3,warning,DMS,2020,7340301,year-on-year change 3.10 points
jump_over_3,warning,DMS,2021,7340301C,year-on-year change 7.00 points
jump_over_3,warning,DMS,2023,7340405,year-on-year change 6.90 points
jump_over_3,warning,DMS,2020,7340405D,year-on-year change 3.90 points
jump_over_3,warning,DMS,2020,7810201,year-on-year change 3.80 points
jump_over_3,warning,DTL,2026,7210205,year-on-year change 3.50 points
jump_over_3,warning,DTL,2021,7220201,year-on-year change 3.95 points
jump_over_3,warning,DTL,2025,7220201,year-on-year change 4.80 points
jump_over_3,warning,DTL,2025,7220204,year-on-year change 3.98 points
jump_over_3,warning,DTL,2025,7220209,year-on-year change 7.63 points
jump_over_3,warning,DTL,2025,7220210,year-on-year change 5.61 points
jump_over_3,warning,DTL,2021,7310106,year-on-year change 3.35 points
jump_over_3,warning,DTL,2025,7310106,year-on-year change 3.20 points
jump_over_3,warning,DTL,2021,7310630,year-on-year change 3.50 points
jump_over_3,warning,DTL,2020,7320104,year-on-year change 4.30 points
jump_over_3,warning,DTL,2025,7340101,year-on-year change 3.41 points
jump_over_3,warning,DTL,2021,7340201,year-on-year change 3.25 points
jump_over_3,warning,DTL,2025,7340201,year-on-year change 4.81 points
jump_over_3,warning,DTL,2021,7340301,year-on-year change 3.15 points
jump_over_3,warning,DTL,2025,7340301,year-on-year change 4.08 points
jump_over_3,warning,DTL,2021,7380107,year-on-year change 3.90 points
jump_over_3,warning,DTL,2025,7380107,year-on-year change 3.50 points
jump_over_3,warning,DTL,2020,7460112,year-on-year change 4.00 points
jump_over_3,warning,DTL,2020,7480101,year-on-year change 4.50 points
jump_over_3,warning,DTL,2021,7480101,year-on-year change 4.13 points
jump_over_3,warning,DTL,2025,7480101,year-on-year change 7.66 points
jump_over_3,warning,DTL,2020,7480102,year-on-year change 4.50 points
jump_over_3,warning,DTL,2021,7480102,year-on-year change 3.78 points
jump_over_3,warning,DTL,2025,7480102,year-on-year change 7.46 points
jump_over_3,warning,DTL,2020,7480104,year-on-year change 4.50 points
jump_over_3,warning,DTL,2021,7480104,year-on-year change 4.38 points
jump_over_3,warning,DTL,2025,7480104,year-on-year change 7.29 points
jump_over_3,warning,DTL,2020,7480201,year-on-year change 5.46 points
jump_over_3,warning,DTL,2021,7480201,year-on-year change 3.04 points
jump_over_3,warning,DTL,2025,7480201,year-on-year change 7.02 points
jump_over_3,warning,DTL,2021,7480207,year-on-year change 3.36 points
jump_over_3,warning,DTL,2025,7480207,year-on-year change 5.93 points
jump_over_3,warning,DTL,2020,7510605,year-on-year change 4.35 points
jump_over_3,warning,DTL,2025,7510605,year-on-year change 3.09 points
jump_over_3,warning,DTL,2019,7720301,year-on-year change 3.20 points
jump_over_3,warning,DTL,2019,7720401,year-on-year change 3.20 points
jump_over_3,warning,DTL,2021,7720401,year-on-year change 3.60 points
jump_over_3,warning,DTL,2021,7760101,year-on-year change 3.35 points
jump_over_3,warning,DTL,2025,7810103,year-on-year change 3.18 points
jump_over_3,warning,DTT,2025,7220204,year-on-year change 9.90 points
jump_over_3,warning,DTT,2025,7340101,year-on-year change 9.00 points
jump_over_3,warning,DTT,2025,7340101N,year-on-year change 6.65 points
jump_over_3,warning,DTT,2025,7340301,year-on-year change 7.02 points
jump_over_3,warning,DTT,2025,7340408,year-on-year change 5.30 points
jump_over_3,warning,DTT,2025,7420201,year-on-year change 6.27 points
jump_over_3,warning,DTT,2025,7460112,year-on-year change 9.14 points
jump_over_3,warning,DTT,2025,7480102,year-on-year change 7.53 points
jump_over_3,warning,DTT,2025,7480103,year-on-year change 8.83 points
jump_over_3,warning,DTT,2025,7520201,year-on-year change 9.86 points
jump_over_3,warning,DTT,2025,7520207,year-on-year change 10.09 points
jump_over_3,warning,DTT,2025,7520216,year-on-year change 10.85 points
jump_over_3,warning,DTT,2025,7520301,year-on-year change 8.85 points
jump_over_3,warning,DTT,2024,7580101,year-on-year change 9.80 points
jump_over_3,warning,DTT,2024,7580108,year-on-year change 10.70 points
jump_over_3,warning,DTT,2025,7580201,year-on-year change 7.80 points
jump_over_3,warning,DTT,2025,7580205,year-on-year change 5.50 points
jump_over_3,warning,DTT,2025,7720201,year-on-year change 6.17 points
jump_over_3,warning,DTT,2025,7760101,year-on-year change 12.36 points
jump_over_3,warning,DTT,2025,7810301,year-on-year change 9.48 points
jump_over_3,warning,DTT,2024,F752O3O1,year-on-year change 4.00 points
jump_over_3,warning,DTT,2025,FA7340101N,year-on-year change 5.00 points
jump_over_3,warning,DTT,2025,FA7340301,year-on-year change 7.00 points
jump_over_3,warning,DTT,2025,FA7420201,year-on-year change 6.00 points
jump_over_3,warning,DTT,2025,FA7480101,year-on-year change 4.50 points
jump_over_3,warning,DTT,2025,FA7480103,year-on-year change 4.50 points
jump_over_3,warning,DTT,2025,FA7520216,year-on-year change 4.00 points
jump_over_3,warning,DTT,2025,FA7580201,year-on-year change 8.00 points
jump_over_3,warning,DVL,2019,7210205,year-on-year change 4.00 points
jump_over_3,warning,DVL,2021,7210205,year-on-year change 4.00 points
jump_over_3,warning,DVL,2022,7210205,year-on-year change 4.00 points
jump_over_3,warning,DVL,2021,7210208,year-on-year change 4.00 points
jump_over_3,warning,DVL,2022,7210208,year-on-year change 4.00 points
jump_over_3,warning,DVL,2021,7210402,year-on-year change 7.00 points
jump_over_3,warning,DVL,2022,7210402,year-on-year change 7.00 points
jump_over_3,warning,DVL,2019,7210403,year-on-year change 5.50 points
jump_over_3,warning,DVL,2021,7210403,year-on-year change 8.00 points
jump_over_3,warning,DVL,2022,7210403,year-on-year change 8.00 points
jump_over_3,warning,DVL,2019,7210404,year-on-year change 4.00 points
jump_over_3,warning,DVL,2021,7210404,year-on-year change 9.00 points
jump_over_3,warning,DVL,2022,7210404,year-on-year change 8.00 points
jump_over_3,warning,DVL,2025,7320104,year-on-year change 4.00 points
jump_over_3,warning,DVL,2021,7320108,year-on-year change 5.50 points
jump_over_3,warning,DVL,2022,7320108,year-on-year change 6.50 points
jump_over_3,warning,DVL,2025,7320108,year-on-year change 4.00 points
jump_over_3,warning,DVL,2026,7380101,year-on-year change 5.00 points
jump_over_3,warning,DVL,2026,7380107,year-on-year change 5.00 points
jump_over_3,warning,DVL,2022,7510605,year-on-year change 4.00 points
jump_over_3,warning,FBU,2024,7220201,year-on-year change 7.50 points
jump_over_3,warning,FBU,2024,7340101,year-on-year change 7.75 points
jump_over_3,warning,FBU,2024,7340121,year-on-year change 9.00 points
jump_over_3,warning,FBU,2024,7340201,year-on-year change 8.25 points
jump_over_3,warning,FBU,2024,7340301,year-on-year change 8.25 points
jump_over_3,warning,FBU,2024,7340302,year-on-year change 8.25 points
jump_over_3,warning,FBU,2024,7380107,year-on-year change 8.50 points
jump_over_3,warning,FBU,2024,7480201,year-on-year change 7.25 points
jump_over_3,warning,GHA,2022,7340301QT,year-on-year change 3.70 points
jump_over_3,warning,GHA,2022,7460112,year-on-year change 7.00 points
jump_over_3,warning,GHA,2022,7510104,year-on-year change 4.75 points
jump_over_3,warning,GHA,2023,7520219,year-on-year change 4.35 points
jump_over_3,warning,GHA,2022,7520320,year-on-year change 5.30 points
jump_over_3,warning,GHA,2023,7580106,year-on-year change 3.55 points
jump_over_3,warning,GHA,2022,7580201,year-on-year change 4.20 points
jump_over_3,warning,GHA,2025,7580205,year-on-year change 3.21 points
jump_over_3,warning,GHA,2022,7580205QT,year-on-year change 5.50 points
jump_over_3,warning,GHA,2023,7580210,year-on-year change 4.25 points
jump_over_3,warning,GHA,2022,7580301,year-on-year change 3.70 points
jump_over_3,warning,GHA,2022,7580301QT,year-on-year change 5.90 points
jump_over_3,warning,GHA,2022,7580302,year-on-year change 6.30 points
jump_over_3,warning,GHA,2025,7580302QT,year-on-year change 4.99 points
jump_over_3,warning,GHA,2019,GHA-01,year-on-year change 5.45 points
jump_over_3,warning,GHA,2019,GHA-02,year-on-year change 5.85 points
jump_over_3,warning,GHA,2019,GHA-03,year-on-year change 4.95 points
jump_over_3,warning,GHA,2019,GHA-07,year-on-year change 7.25 points
jump_over_3,warning,GHA,2019,GHA-10,year-on-year change 5.40 points
jump_over_3,warning,GHA,2019,GHA-11,year-on-year change 5.95 points
jump_over_3,warning,GHA,2019,GHA-15,year-on-year change 5.95 points
jump_over_3,warning,GHA,2019,GHA-18,year-on-year change 6.95 points
jump_over_3,warning,GHA,2019,GHA-21,year-on-year change 3.30 points
jump_over_3,warning,GHA,2019,GHA-22,year-on-year change 4.20 points
jump_over_3,warning,GHA,2019,GHA-23,year-on-year change 4.90 points
jump_over_3,warning,GHA,2019,GHA-27,year-on-year change 4.25 points
jump_over_3,warning,GHA,2019,GHA-28,year-on-year change 3.15 points
jump_over_3,warning,GHA,2019,GHA-29,year-on-year change 3.60 points
jump_over_3,warning,GHA,2019,GHA-36,year-on-year change 3.35 points
jump_over_3,warning,HBT,2020,527,year-on-year change 3.55 points
jump_over_3,warning,HBT,2021,530,year-on-year change 5.45 points
jump_over_3,warning,HBT,2021,531,year-on-year change 5.75 points
jump_over_3,warning,HBT,2020,532,year-on-year change 4.15 points
jump_over_3,warning,HBT,2022,533,year-on-year change 7.83 points
jump_over_3,warning,HBT,2022,535,year-on-year change 4.95 points
jump_over_3,warning,HBT,2021,536,year-on-year change 4.85 points
jump_over_3,warning,HBT,2020,537,year-on-year change 4.22 points
jump_over_3,warning,HBT,2020,538,year-on-year change 3.40 points
jump_over_3,warning,HBT,2021,7229001,year-on-year change 3.35 points
jump_over_3,warning,HBT,2020,7229008,year-on-year change 3.25 points
jump_over_3,warning,HBT,2021,7229008,year-on-year change 3.25 points
jump_over_3,warning,HBT,2020,7229010,year-on-year change 5.75 points
jump_over_3,warning,HBT,2020,7310202,year-on-year change 3.80 points
jump_over_3,warning,HBT,2020,7310301,year-on-year change 3.70 points
jump_over_3,warning,HBT,2020,7320105,year-on-year change 3.18 points
jump_over_3,warning,HBT,2020,7340403,year-on-year change 3.02 points
jump_over_3,warning,HBT,2020,7760101,year-on-year change 3.21 points
jump_over_3,warning,HBT,2020,801,year-on-year change 3.75 points
jump_over_3,warning,HBT,2020,802,year-on-year change 4.35 points
jump_over_3,warning,HCP,2023,7310101,year-on-year change 6.90 points
jump_over_3,warning,HCP,2023,7310105,year-on-year change 7.30 points
jump_over_3,warning,HCP,2025,7310105,year-on-year change 3.07 points
jump_over_3,warning,HCP,2023,7310106,year-on-year change 4.80 points
jump_over_3,warning,HCP,2025,7310106,year-on-year change 3.01 points
jump_over_3,warning,HCP,2026,7310106_1,year-on-year change 6.84 points
jump_over_3,warning,HCP,2023,7310205,year-on-year change 6.35 points
jump_over_3,warning,HCP,2026,7310205,year-on-year change 5.14 points
jump_over_3,warning,HCP,2023,7340101,year-on-year change 5.14 points
jump_over_3,warning,HCP,2026,7340101_1,year-on-year change 8.99 points
jump_over_3,warning,HCP,2023,7340201,year-on-year change 5.85 points
jump_over_3,warning,HCP,2026,7340201,year-on-year change 4.28 points
jump_over_3,warning,HCP,2026,7340201_1,year-on-year change 9.00 points
jump_over_3,warning,HCP,2023,7380107,year-on-year change 8.35 points
jump_over_3,warning,HCP,2026,7380107,year-on-year change 3.50 points
jump_over_3,warning,HIU,2026,7380101,year-on-year change 5.00 points
jump_over_3,warning,HIU,2026,7380107,year-on-year change 5.00 points
jump_over_3,warning,HSU,2026,7380101,year-on-year change 5.00 points
jump_over_3,warning,HSU,2026,7380107,year-on-year change 5.00 points
jump_over_3,warning,HTC,2025,7220201,year-on-year change 4.40 points
jump_over_3,warning,HTC,2023,7310101,year-on-year change 3.55 points
jump_over_3,warning,HTC,2019,7340101,year-on-year change 4.25 points
jump_over_3,warning,HTC,2020,7340201,year-on-year change 3.55 points
jump_over_3,warning,HTC,2020,7340201D,year-on-year change 3.50 points
jump_over_3,warning,HTC,2020,7340301D,year-on-year change 3.20 points
jump_over_3,warning,HTC,2020,7340405,year-on-year change 3.60 points
jump_over_3,warning,HVN,2019,7310301,year-on-year change 3.50 points
jump_over_3,warning,HVN,2019,7420201,year-on-year change 4.50 points
jump_over_3,warning,HVN,2019,7420201E,year-on-year change 4.50 points
jump_over_3,warning,HVN,2019,7440301,year-on-year change 3.50 points
jump_over_3,warning,HVN,2019,7520103,year-on-year change 3.50 points
jump_over_3,warning,HVN,2019,7520201,year-on-year change 3.50 points
jump_over_3,warning,HVN,2019,7540104,year-on-year change 4.00 points
jump_over_3,warning,HVN,2019,7620105,year-on-year change 3.50 points
jump_over_3,warning,HVN,2019,7620110,year-on-year change 3.50 points
jump_over_3,warning,HVN,2019,7620112,year-on-year change 3.50 points
jump_over_3,warning,HVN,2019,7620114,year-on-year change 3.50 points
jump_over_3,warning,HVN,2019,7620115,year-on-year change 3.50 points
jump_over_3,warning,HVN,2019,7620115E,year-on-year change 3.50 points
jump_over_3,warning,HVN,2019,7620301,year-on-year change 3.50 points
jump_over_3,warning,HVN,2019,7850103,year-on-year change 3.50 points
jump_over_3,warning,HVN,2023,HVN01,year-on-year change 4.00 points
jump_over_3,warning,HVN,2023,HVN04,year-on-year change 8.00 points
jump_over_3,warning,HVN,2024,HVN04,year-on-year change 6.00 points
jump_over_3,warning,HVN,2023,HVN05,year-on-year change 5.00 points
jump_over_3,warning,HVN,2024,HVN05,year-on-year change 4.00 points
jump_over_3,warning,HVN,2025,HVN05,year-on-year change 3.50 points
jump_over_3,warning,HVN,2023,HVN06,year-on-year change 7.00 points
jump_over_3,warning,HVN,2023,HVN07,year-on-year change 8.50 points
jump_over_3,warning,HVN,2025,HVN07,year-on-year change 4.25 points
jump_over_3,warning,HVN,2023,HVN08,year-on-year change 5.50 points
jump_over_3,warning,HVN,2024,HVN08,year-on-year change 4.50 points
jump_over_3,warning,HVN,2021,HVN11,year-on-year change 5.00 points
jump_over_3,warning,HVN,2023,HVN11,year-on-year change 5.00 points
jump_over_3,warning,HVN,2025,HVN12,year-on-year change 4.00 points
jump_over_3,warning,HVN,2026,HVN12,year-on-year change 6.00 points
jump_over_3,warning,HVN,2023,HVN13,year-on-year change 4.50 points
jump_over_3,warning,HVN,2024,HVN13,year-on-year change 3.25 points
jump_over_3,warning,HVN,2026,HVN13,year-on-year change 3.30 points
jump_over_3,warning,HVN,2021,HVN14,year-on-year change 4.00 points
jump_over_3,warning,HVN,2023,HVN14,year-on-year change 4.00 points
jump_over_3,warning,HVN,2023,HVN16,year-on-year change 3.50 points
jump_over_3,warning,HVN,2025,HVN16,year-on-year change 4.00 points
jump_over_3,warning,HVN,2026,HVN16,year-on-year change 5.00 points
jump_over_3,warning,HVN,2025,HVN17,year-on-year change 3.20 points
jump_over_3,warning,HVN,2026,HVN17,year-on-year change 4.20 points
jump_over_3,warning,HVN,2024,HVN18,year-on-year change 3.25 points
jump_over_3,warning,HVN,2025,HVN19,year-on-year change 8.30 points
jump_over_3,warning,HVN,2026,HVN20,year-on-year change 4.80 points
jump_over_3,warning,IUH,2020,7340101,year-on-year change 3.25 points
jump_over_3,warning,IUH,2022,7340101C,year-on-year change 4.00 points
jump_over_3,warning,IUH,2020,7340115,year-on-year change 5.00 points
jump_over_3,warning,IUH,2022,7340115C,year-on-year change 5.00 points
jump_over_3,warning,IUH,2022,7340120C,year-on-year change 5.00 points
jump_over_3,warning,IUH,2020,7340201,year-on-year change 4.00 points
jump_over_3,warning,IUH,2022,7340201C,year-on-year change 4.00 points
jump_over_3,warning,IUH,2022,7340301,year-on-year change 3.50 points
jump_over_3,warning,IUH,2022,7340301C,year-on-year change 3.50 points
jump_over_3,warning,IUH,2022,7380107,year-on-year change 3.75 points
jump_over_3,warning,IUH,2023,7380107,year-on-year change 3.25 points
jump_over_3,warning,IUH,2022,7380108,year-on-year change 4.50 points
jump_over_3,warning,IUH,2023,7380108C,year-on-year change 3.50 points
jump_over_3,warning,IUH,2022,7420201,year-on-year change 4.50 points
jump_over_3,warning,IUH,2020,7480108,year-on-year change 3.50 points
jump_over_3,warning,IUH,2020,7480201,year-on-year change 3.50 points
jump_over_3,warning,IUH,2022,7510302,year-on-year change 4.50 points
jump_over_3,warning,IUH,2022,7510303C,year-on-year change 4.00 points
jump_over_3,warning,IUH,2020,7510406C,year-on-year change 4.00 points
jump_over_3,warning,KHA,2020,7380101,year-on-year change 3.10 points
jump_over_3,warning,KHA,2025,7620114,year-on-year change 3.06 points
jump_over_3,warning,KHA,2020,7620115,year-on-year change 3.05 points
jump_over_3,warning,KHA,2020,7850102,year-on-year change 3.30 points
jump_over_3,warning,KHA,2025,7850102,year-on-year change 3.37 points
jump_over_3,warning,KHA,2020,7850103,year-on-year change 3.35 points
jump_over_3,warning,KHA,2020,EPMP,year-on-year change 3.85 points
jump_over_3,warning,KHA,2025,EPMP,year-on-year change 3.70 points
jump_over_3,warning,KMA,2020,7480202,year-on-year change 3.40 points
jump_over_3,warning,KMA,2020,7520207,year-on-year change 3.50 points
jump_over_3,warning,KSA,2021,7220201,year-on-year change 8.80 points
jump_over_3,warning,KSA,2024,7220201,year-on-year change 9.30 points
jump_over_3,warning,KSA,2020,7310101_01,year-on-year change 4.70 points
jump_over_3,warning,KSA,2020,7310107,year-on-year change 3.39 points
jump_over_3,warning,KSA,2020,7310108,year-on-year change 3.37 points
jump_over_3,warning,KSA,2023,7310108_01,year-on-year change 6.12 points
jump_over_3,warning,KSA,2021,7340101,year-on-year change 9.40 points
jump_over_3,warning,KSA,2019,7340101_01,year-on-year change 3.80 points
jump_over_3,warning,KSA,2024,7340101_03,year-on-year change 8.10 points
jump_over_3,warning,KSA,2021,7340115,year-on-year change 10.50 points
jump_over_3,warning,KSA,2023,7340115,year-on-year change 10.00 points
jump_over_3,warning,KSA,2021,7340120,year-on-year change 10.50 points
jump_over_3,warning,KSA,2024,7340120,year-on-year change 9.72 points
jump_over_3,warning,KSA,2025,7340120,year-on-year change 7.22 points
jump_over_3,warning,KSA,2020,7340120_01,year-on-year change 6.60 points
jump_over_3,warning,KSA,2021,7340120_01,year-on-year change 11.50 points
jump_over_3,warning,KSA,2024,7340122,year-on-year change 9.50 points
jump_over_3,warning,KSA,2019,7340201,year-on-year change 3.10 points
jump_over_3,warning,KSA,2021,7340201,year-on-year change 8.80 points
jump_over_3,warning,KSA,2021,7340201_01,year-on-year change 9.30 points
jump_over_3,warning,KSA,2023,7340201_02,year-on-year change 4.20 points
jump_over_3,warning,KSA,2024,7340201_02,year-on-year change 8.20 points
jump_over_3,warning,KSA,2023,7340201_03,year-on-year change 7.30 points
jump_over_3,warning,KSA,2023,7340201_04,year-on-year change 6.05 points
jump_over_3,warning,KSA,2023,7340201_05,year-on-year change 7.70 points
jump_over_3,warning,KSA,2023,7340201_06,year-on-year change 6.70 points
jump_over_3,warning,KSA,2024,7340201_07,year-on-year change 4.50 points
jump_over_3,warning,KSA,2021,7340301,year-on-year change 8.80 points
jump_over_3,warning,KSA,2021,7340301_01,year-on-year change 6.00 points
jump_over_3,warning,KSA,2020,7340405,year-on-year change 3.05 points
jump_over_3,warning,KSA,2020,7340405_01,year-on-year change 4.00 points
jump_over_3,warning,KSA,2023,7340405_01,year-on-year change 10.12 points
jump_over_3,warning,KSA,2023,7340405_02,year-on-year change 3.65 points
jump_over_3,warning,KSA,2023,7380107,year-on-year change 9.60 points
jump_over_3,warning,KSA,2020,7480103,year-on-year change 3.29 points
jump_over_3,warning,KSA,2022,7510605,year-on-year change 10.40 points
jump_over_3,warning,KSA,2024,7620114,year-on-year change 8.35 points
jump_over_3,warning,KSA,2021,7810103,year-on-year change 9.40 points
jump_over_3,warning,KSA,2023,7810103,year-on-year change 8.60 points
jump_over_3,warning,KSA,2023,7810201,year-on-year change 8.40 points
jump_over_3,warning,KSA,2023,7810201_02,year-on-year change 4.11 points
jump_over_3,warning,KTS,2020,7210402,year-on-year change 3.25 points
jump_over_3,warning,KTS,2019,7580101,year-on-year change 6.75 points
jump_over_3,warning,KTS,2023,7580101CT,year-on-year change 3.92 points
jump_over_3,warning,KTS,2023,7580101DL,year-on-year change 3.09 points
jump_over_3,warning,KTS,2021,7580105CLC,year-on-year change 4.33 points
jump_over_3,warning,KTS,2019,7580108,year-on-year change 6.85 points
jump_over_3,warning,KTS,2021,7580108CT,year-on-year change 3.75 points
jump_over_3,warning,KTS,2022,7580108CT,year-on-year change 3.75 points
jump_over_3,warning,KTS,2024,7580108CT,year-on-year change 3.08 points
jump_over_3,warning,KTS,2023,7580199,year-on-year change 5.96 points
jump_over_3,warning,KTS,2019,7580201,year-on-year change 4.70 points
jump_over_3,warning,KTS,2021,7580201CLC,year-on-year change 5.15 points
jump_over_3,warning,KTS,2024,7580210,year-on-year change 3.80 points
jump_over_3,warning,LPH,2021,7220201,year-on-year change 3.80 points
jump_over_3,warning,LPH,2020,7380101,year-on-year change 4.20 points
jump_over_3,warning,LPH,2021,7380101LK,year-on-year change 3.20 points
jump_over_3,warning,LPH,2020,7380107,year-on-year change 4.10 points
jump_over_3,warning,LPH,2019,7380109,year-on-year change 4.81 points
jump_over_3,warning,LPS,2020,7220201,year-on-year change 6.15 points
jump_over_3,warning,LPS,2025,7220201,year-on-year change 4.11 points
jump_over_3,warning,LPS,2020,7340101,year-on-year change 6.25 points
jump_over_3,warning,LPS,2025,7340101,year-on-year change 4.44 points
jump_over_3,warning,LPS,2020,7340102,year-on-year change 4.00 points
jump_over_3,warning,LPS,2025,7340102,year-on-year change 4.27 points
jump_over_3,warning,LPS,2020,7380101,year-on-year change 10.00 points
jump_over_3,warning,LPS,2025,7380101,year-on-year change 3.73 points
jump_over_3,warning,LPS,2021,7380109,year-on-year change 4.00 points
jump_over_3,warning,LPS,2025,7380109,year-on-year change 4.35 points
jump_over_3,warning,MBS,2021,7220201,year-on-year change 3.95 points
jump_over_3,warning,MBS,2026,7220201,year-on-year change 3.25 points
jump_over_3,warning,MBS,2021,7220201C,year-on-year change 4.70 points
jump_over_3,warning,MBS,2022,7220201C,year-on-year change 3.50 points
jump_over_3,warning,MBS,2024,7220201C,year-on-year change 3.60 points
jump_over_3,warning,MBS,2026,7220201C,year-on-year change 3.15 points
jump_over_3,warning,MBS,2021,7220204,year-on-year change 4.15 points
jump_over_3,warning,MBS,2022,7220204C,year-on-year change 3.25 points
jump_over_3,warning,MBS,2025,7220204C,year-on-year change 5.50 points
jump_over_3,warning,MBS,2021,7220209,year-on-year change 4.80 points
jump_over_3,warning,MBS,2024,7220209,year-on-year change 3.30 points
jump_over_3,warning,MBS,2026,7220209,year-on-year change 3.10 points
jump_over_3,warning,MBS,2025,7220209C,year-on-year change 4.00 points
jump_over_3,warning,MBS,2026,7220209C,year-on-year change 4.00 points
jump_over_3,warning,MBS,2025,7220210,year-on-year change 3.85 points
jump_over_3,warning,MBS,2026,7220210,year-on-year change 3.25 points
jump_over_3,warning,MBS,2021,7310101,year-on-year change 5.15 points
jump_over_3,warning,MBS,2024,7310101,year-on-year change 4.00 points
jump_over_3,warning,MBS,2023,7310101C,year-on-year change 4.00 points
jump_over_3,warning,MBS,2024,7310101C,year-on-year change 5.00 points
jump_over_3,warning,MBS,2024,7310101CL,year-on-year change 5.00 points
jump_over_3,warning,MBS,2021,7310301,year-on-year change 7.60 points
jump_over_3,warning,MBS,2024,7310301,year-on-year change 6.10 points
jump_over_3,warning,MBS,2025,7310301,year-on-year change 5.00 points
jump_over_3,warning,MBS,2021,7310620,year-on-year change 4.90 points
jump_over_3,warning,MBS,2022,7310620,year-on-year change 3.10 points
jump_over_3,warning,MBS,2024,7310620,year-on-year change 4.60 points
jump_over_3,warning,MBS,2021,7340101,year-on-year change 4.55 points
jump_over_3,warning,MBS,2022,7340101,year-on-year change 3.10 points
jump_over_3,warning,MBS,2024,7340101,year-on-year change 3.25 points
jump_over_3,warning,MBS,2021,7340101C,year-on-year change 8.10 points
jump_over_3,warning,MBS,2022,7340101C,year-on-year change 6.40 points
jump_over_3,warning,MBS,2025,7340101C,year-on-year change 4.00 points
jump_over_3,warning,MBS,2021,7340115,year-on-year change 5.10 points
jump_over_3,warning,MBS,2021,7340120,year-on-year change 3.70 points
jump_over_3,warning,MBS,2021,7340201,year-on-year change 5.25 points
jump_over_3,warning,MBS,2025,7340201,year-on-year change 4.00 points
jump_over_3,warning,MBS,2026,7340201,year-on-year change 4.55 points
jump_over_3,warning,MBS,2021,7340201C,year-on-year change 9.75 points
jump_over_3,warning,MBS,2022,7340201C,year-on-year change 4.65 points
jump_over_3,warning,MBS,2024,7340201C,year-on-year change 4.00 points
jump_over_3,warning,MBS,2026,7340204,year-on-year change 5.50 points
jump_over_3,warning,MBS,2021,7340301,year-on-year change 4.90 points
jump_over_3,warning,MBS,2026,7340301,year-on-year change 3.95 points
jump_over_3,warning,MBS,2021,7340301C,year-on-year change 8.35 points
jump_over_3,warning,MBS,2024,7340301C,year-on-year change 3.25 points
jump_over_3,warning,MBS,2021,7340302,year-on-year change 5.20 points
jump_over_3,warning,MBS,2024,7340302,year-on-year change 4.10 points
jump_over_3,warning,MBS,2026,7340302,year-on-year change 3.40 points
jump_over_3,warning,MBS,2023,7340403,year-on-year change 3.50 points
jump_over_3,warning,MBS,2026,7340403,year-on-year change 3.10 points
jump_over_3,warning,MBS,2021,7340404,year-on-year change 4.60 points
jump_over_3,warning,MBS,2021,7340405,year-on-year change 7.00 points
jump_over_3,warning,MBS,2024,7340405,year-on-year change 3.70 points
jump_over_3,warning,MBS,2021,7380101,year-on-year change 5.55 points
jump_over_3,warning,MBS,2021,7380107,year-on-year change 5.15 points
jump_over_3,warning,MBS,2021,7380107C,year-on-year change 9.10 points
jump_over_3,warning,MBS,2022,7380107C,year-on-year change 3.60 points
jump_over_3,warning,MBS,2023,7420201,year-on-year change 3.30 points
jump_over_3,warning,MBS,2024,7420201,year-on-year change 3.30 points
jump_over_3,warning,MBS,2026,7420201,year-on-year change 5.35 points
jump_over_3,warning,MBS,2024,7460108,year-on-year change 3.90 points
jump_over_3,warning,MBS,2021,7480101,year-on-year change 6.35 points
jump_over_3,warning,MBS,2024,7480101,year-on-year change 4.00 points
jump_over_3,warning,MBS,2021,7480201,year-on-year change 5.25 points
jump_over_3,warning,MBS,2024,7480201,year-on-year change 3.50 points
jump_over_3,warning,MBS,2026,7540101,year-on-year change 4.50 points
jump_over_3,warning,MBS,2021,7580302,year-on-year change 3.50 points
jump_over_3,warning,MBS,2021,7760101,year-on-year change 3.30 points
jump_over_3,warning,MDA,2019,7340101,year-on-year change 9.30 points
jump_over_3,warning,MDA,2022,7340101_V,year-on-year change 3.50 points
jump_over_3,warning,MDA,2022,7340201,year-on-year change 4.00 points
jump_over_3,warning,MDA,2022,7340301,year-on-year change 4.00 points
jump_over_3,warning,MDA,2022,7480201,year-on-year change 6.00 points
jump_over_3,warning,MDA,2023,7510301,year-on-year change 4.50 points
jump_over_3,warning,MDA,2023,7510601,year-on-year change 3.75 points
jump_over_3,warning,MDA,2023,7520103,year-on-year change 7.75 points
jump_over_3,warning,MDA,2023,7520114,year-on-year change 3.95 points
jump_over_3,warning,MDA,2023,7520116,year-on-year change 5.15 points
jump_over_3,warning,MDA,2024,7520116,year-on-year change 3.85 points
jump_over_3,warning,MDA,2025,7520116,year-on-year change 5.00 points
jump_over_3,warning,MDA,2026,7520116,year-on-year change 3.50 points
jump_over_3,warning,MDA,2026,7520121,year-on-year change 5.00 points
jump_over_3,warning,MDA,2023,7520130,year-on-year change 4.75 points
jump_over_3,warning,MDA,2021,7520301,year-on-year change 6.00 points
jump_over_3,warning,MDA,2026,7520309,year-on-year change 5.00 points
jump_over_3,warning,MDA,2026,7520604,year-on-year change 3.50 points
jump_over_3,warning,MDA,2026,7580106,year-on-year change 4.00 points
jump_over_3,warning,MDA,2023,7580109,year-on-year change 6.00 points
jump_over_3,warning,MDA,2025,7580109,year-on-year change 4.10 points
jump_over_3,warning,MDA,2019,7580201,year-on-year change 5.97 points
jump_over_3,warning,MDA,2020,7580201,year-on-year change 4.97 points
jump_over_3,warning,MDA,2023,7580201,year-on-year change 5.50 points
jump_over_3,warning,MDA,2023,7580302,year-on-year change 3.50 points
jump_over_3,warning,MDA,2026,7580302,year-on-year change 4.50 points
jump_over_3,warning,MDA,2023,7810105,year-on-year change 7.00 points
jump_over_3,warning,MDA,2024,7850101,year-on-year change 3.50 points
jump_over_3,warning,MDA,2023,7850103,year-on-year change 4.50 points
jump_over_3,warning,MDA,2024,7850103,year-on-year change 3.60 points
jump_over_3,warning,MDA,2025,7850103,year-on-year change 4.60 points
jump_over_3,warning,MHN,2026,7210404,year-on-year change 3.66 points
jump_over_3,warning,MHN,2025,7340101,year-on-year change 3.39 points
jump_over_3,warning,MHN,2020,7340122,year-on-year change 3.45 points
jump_over_3,warning,MHN,2025,7340201,year-on-year change 3.92 points
jump_over_3,warning,MHN,2025,7340301,year-on-year change 4.06 points
jump_over_3,warning,MHN,2019,7380107,year-on-year change 8.50 points
jump_over_3,warning,MHN,2020,7380107,year-on-year change 12.50 points
jump_over_3,warning,MHN,2026,7380107,year-on-year change 3.17 points
jump_over_3,warning,MHN,2021,7380108,year-on-year change 3.40 points
jump_over_3,warning,MHN,2025,7480201,year-on-year change 3.45 points
jump_over_3,warning,MHN,2021,7510302,year-on-year change 4.50 points
jump_over_3,warning,MHN,2025,7510302,year-on-year change 3.99 points
jump_over_3,warning,MHN,2021,7510303,year-on-year change 4.40 points
jump_over_3,warning,MHN,2025,7510303,year-on-year change 3.74 points
jump_over_3,warning,MHN,2025,7580101,year-on-year change 4.25 points
jump_over_3,warning,MHN,2025,7810103,year-on-year change 10.13 points
jump_over_3,warning,MHN,2025,7810201,year-on-year change 10.08 points
jump_over_3,warning,NHF,2026,7320104,year-on-year change 3.95 points
jump_over_3,warning,NHF,2026,7320109,year-on-year change 3.95 points
jump_over_3,warning,NHF,2026,7340101,year-on-year change 5.85 points
jump_over_3,warning,NHF,2025,7340205,year-on-year change 8.40 points
jump_over_3,warning,NHF,2026,7340301,year-on-year change 3.14 points
jump_over_3,warning,NHF,2021,7480201,year-on-year change 3.90 points
jump_over_3,warning,NHF,2026,7480201,year-on-year change 4.02 points
jump_over_3,warning,NHF,2025,7480201 TT,year-on-year change 8.10 points
jump_over_3,warning,NHH,2020,7340101,year-on-year change 3.05 points
jump_over_3,warning,NHH,2020,7340120,year-on-year change 3.05 points
jump_over_3,warning,NHH,2023,7340120,year-on-year change 5.75 points
jump_over_3,warning,NHH,2019,7340201,year-on-year change 4.25 points
jump_over_3,warning,NHH,2020,7340201,year-on-year change 9.50 points
jump_over_3,warning,NHH,2019,7340301,year-on-year change 4.50 points
jump_over_3,warning,NHH,2020,7340301,year-on-year change 9.60 points
jump_over_3,warning,NHH,2020,7340405,year-on-year change 3.25 points
jump_over_3,warning,NHH,2020,7380107_A,year-on-year change 3.50 points
jump_over_3,warning,NHH,2025,BANK04,year-on-year change 3.50 points
jump_over_3,warning,NHH,2025,BUS05,year-on-year change 3.36 points
jump_over_3,warning,NHH,2025,IB03,year-on-year change 3.20 points
jump_over_3,warning,NHS,2021,7220201,year-on-year change 6.26 points
jump_over_3,warning,NHS,2025,7220201,year-on-year change 3.23 points
jump_over_3,warning,NHS,2025,7220201_DB,year-on-year change 3.34 points
jump_over_3,warning,NHS,2020,7310106,year-on-year change 4.94 points
jump_over_3,warning,NHS,2025,7310106,year-on-year change 4.31 points
jump_over_3,warning,NHS,2020,7340101,year-on-year change 5.24 points
jump_over_3,warning,NHS,2020,7340201,year-on-year change 5.75 points
jump_over_3,warning,NHS,2025,7340201_TABP,year-on-year change 5.37 points
jump_over_3,warning,NHS,2020,7340301,year-on-year change 5.41 points
jump_over_3,warning,NHS,2025,7340301_TABP,year-on-year change 5.30 points
jump_over_3,warning,NHS,2020,7340405,year-on-year change 6.05 points
jump_over_3,warning,NHS,2025,7340405,year-on-year change 3.74 points
jump_over_3,warning,NHS,2025,7340405_TABP,year-on-year change 4.20 points
jump_over_3,warning,NHS,2020,7380107,year-on-year change 6.05 points
jump_over_3,warning,NHS,2025,7460108,year-on-year change 4.25 points
jump_over_3,warning,NLS,2024,7140215,year-on-year change 3.50 points
jump_over_3,warning,NLS,2023,7310101,year-on-year change 9.25 points
jump_over_3,warning,NLS,2023,7340101,year-on-year change 9.25 points
jump_over_3,warning,NLS,2023,7340301,year-on-year change 10.00 points
jump_over_3,warning,NLS,2025,7440301,year-on-year change 4.65 points
jump_over_3,warning,NLS,2024,7510206,year-on-year change 3.25 points
jump_over_3,warning,NLS,2024,7519007,year-on-year change 3.50 points
jump_over_3,warning,NLS,2025,7520320,year-on-year change 5.10 points
jump_over_3,warning,NLS,2023,7540101,year-on-year change 8.25 points
jump_over_3,warning,NLS,2025,7540105,year-on-year change 5.00 points
jump_over_3,warning,NLS,2026,7549001,year-on-year change 3.20 points
jump_over_3,warning,NLS,2025,7620105,year-on-year change 4.26 points
jump_over_3,warning,NLS,2025,7620105C,year-on-year change 4.26 points
jump_over_3,warning,NLS,2023,7620109,year-on-year change 4.00 points
jump_over_3,warning,NLS,2025,7620109,year-on-year change 4.50 points
jump_over_3,warning,NLS,2025,7620112,year-on-year change 4.50 points
jump_over_3,warning,NLS,2025,7620114,year-on-year change 4.50 points
jump_over_3,warning,NLS,2023,7640101,year-on-year change 11.00 points
jump_over_3,warning,NLS,2024,7850101,year-on-year change 3.50 points
jump_over_3,warning,NLS,2026,7859002N,year-on-year change 5.50 points
jump_over_3,warning,NTH,2022,NTH08,year-on-year change 6.50 points
jump_over_3,warning,PKA,2022,EEE3,year-on-year change 4.00 points
jump_over_3,warning,PKA,2022,FBE1,year-on-year change 5.00 points
jump_over_3,warning,PKA,2022,FBE2,year-on-year change 5.00 points
jump_over_3,warning,PKA,2022,FBE3,year-on-year change 5.25 points
jump_over_3,warning,PKA,2023,FBE4,year-on-year change 3.50 points
jump_over_3,warning,PKA,2022,FLE1,year-on-year change 4.75 points
jump_over_3,warning,PKA,2022,FLJ1,year-on-year change 4.50 points
jump_over_3,warning,PKA,2024,FLJ1,year-on-year change 4.00 points
jump_over_3,warning,PKA,2022,ICT-VJ,year-on-year change 3.50 points
jump_over_3,warning,PKA,2022,ICT1,year-on-year change 4.00 points
jump_over_3,warning,PKA,2022,VEE1,year-on-year change 4.00 points
jump_over_3,warning,QHF,2025,7220202,year-on-year change 5.97 points
jump_over_3,warning,QHF,2025,7220211,year-on-year change 3.89 points
jump_over_3,warning,QHF,2020,7903124QT,year-on-year change 5.79 points
jump_over_3,warning,QHF,2025,7903124QT,year-on-year change 9.91 points
jump_over_3,warning,QHI,2026,CN1,year-on-year change 3.19 points
jump_over_3,warning,QHI,2019,CN2,year-on-year change 3.45 points
jump_over_3,warning,QHI,2022,CN2,year-on-year change 4.65 points
jump_over_3,warning,QHI,2023,CN2,year-on-year change 4.25 points
jump_over_3,warning,QHI,2020,CN3,year-on-year change 4.10 points
jump_over_3,warning,QHI,2022,CN3,year-on-year change 3.40 points
jump_over_3,warning,QHI,2020,CN4,year-on-year change 3.35 points
jump_over_3,warning,QHI,2020,CN5,year-on-year change 3.75 points
jump_over_3,warning,QHI,2019,CN7,year-on-year change 3.25 points
jump_over_3,warning,QHI,2020,CN7,year-on-year change 3.10 points
jump_over_3,warning,QHI,2019,CN9,year-on-year change 3.10 points
jump_over_3,warning,QHI,2022,CN9,year-on-year change 3.55 points
jump_over_3,warning,QHS,2020,GD1,year-on-year change 3.25 points
jump_over_3,warning,QHS,2021,GD2,year-on-year change 3.25 points
jump_over_3,warning,QHS,2021,GD3,year-on-year change 3.25 points
jump_over_3,warning,QHS,2024,GD3,year-on-year change 4.42 points
jump_over_3,warning,QHS,2021,GD5,year-on-year change 5.80 points
jump_over_3,warning,QHS,2026,QHS08,year-on-year change 4.56 points
jump_over_3,warning,QHS,2026,QHS11,year-on-year change 7.25 points
jump_over_3,warning,QHT,2020,QHT01,year-on-year change 6.30 points
jump_over_3,warning,QHT,2020,QHT02,year-on-year change 3.20 points
jump_over_3,warning,QHT,2020,QHT03,year-on-year change 4.50 points
jump_over_3,warning,QHT,2020,QHT04,year-on-year change 5.55 points
jump_over_3,warning,QHT,2020,QHT05,year-on-year change 4.25 points
jump_over_3,warning,QHT,2020,QHT06,year-on-year change 3.60 points
jump_over_3,warning,QHT,2020,QHT07,year-on-year change 3.05 points
jump_over_3,warning,QHT,2020,QHT08,year-on-year change 3.10 points
jump_over_3,warning,QHT,2025,QHT08,year-on-year change 3.30 points
jump_over_3,warning,QHT,2020,QHT09,year-on-year change 3.15 points
jump_over_3,warning,QHT,2020,QHT12,year-on-year change 4.30 points
jump_over_3,warning,QHT,2021,QHT12,year-on-year change 3.90 points
jump_over_3,warning,QHT,2021,QHT13,year-on-year change 4.25 points
jump_over_3,warning,QHT,2021,QHT20,year-on-year change 5.60 points
jump_over_3,warning,QHT,2020,QHT40,year-on-year change 5.35 points
jump_over_3,warning,QHT,2021,QHT41,year-on-year change 5.00 points
jump_over_3,warning,QHT,2021,QHT42,year-on-year change 5.10 points
jump_over_3,warning,QHT,2020,QHT43,year-on-year change 3.55 points
jump_over_3,warning,QHT,2022,QHT44,year-on-year change 4.15 points
jump_over_3,warning,QHT,2025,QHT81,year-on-year change 4.15 points
jump_over_3,warning,QHT,2019,QHT90,year-on-year change 3.35 points
jump_over_3,warning,QHT,2021,QHT91,year-on-year change 4.40 points
jump_over_3,warning,QHT,2021,QHT95,year-on-year change 3.60 points
jump_over_3,warning,QHX,2021,QHX01,year-on-year change 4.60 points
jump_over_3,warning,QHX,2026,QHX02,year-on-year change 3.16 points
jump_over_3,warning,QHX,2021,QHX04,year-on-year change 6.50 points
jump_over_3,warning,QHX,2020,QHX05,year-on-year change 6.00 points
jump_over_3,warning,QHX,2021,QHX06,year-on-year change 5.80 points
jump_over_3,warning,QHX,2020,QHX07,year-on-year change 3.75 points
jump_over_3,warning,QHX,2026,QHX08,year-on-year change 3.07 points
jump_over_3,warning,QHX,2021,QHX09,year-on-year change 5.60 points
jump_over_3,warning,QHX,2026,QHX09,year-on-year change 5.54 points
jump_over_3,warning,QHX,2021,QHX10,year-on-year change 5.50 points
jump_over_3,warning,QHX,2021,QHX11,year-on-year change 4.20 points
jump_over_3,warning,QHX,2021,QHX12,year-on-year change 5.40 points
jump_over_3,warning,QHX,2025,QHX12,year-on-year change 3.27 points
jump_over_3,warning,QHX,2020,QHX13,year-on-year change 4.25 points
jump_over_3,warning,QHX,2026,QHX13,year-on-year change 4.87 points
jump_over_3,warning,QHX,2021,QHX14,year-on-year change 5.70 points
jump_over_3,warning,QHX,2020,QHX16,year-on-year change 4.75 points
jump_over_3,warning,QHX,2026,QHX16,year-on-year change 4.72 points
jump_over_3,warning,QHX,2021,QHX17,year-on-year change 3.80 points
jump_over_3,warning,QHX,2021,QHX18,year-on-year change 3.70 points
jump_over_3,warning,QHX,2022,QHX18,year-on-year change 3.30 points
jump_over_3,warning,QHX,2021,QHX19,year-on-year change 6.70 points
jump_over_3,warning,QHX,2026,QHX19,year-on-year change 6.00 points
jump_over_3,warning,QHX,2021,QHX20,year-on-year change 4.40 points
jump_over_3,warning,QHX,2022,QHX23,year-on-year change 3.05 points
jump_over_3,warning,QHX,2023,QHX23,year-on-year change 3.25 points
jump_over_3,warning,QHX,2026,QHX23,year-on-year change 6.00 points
jump_over_3,warning,QHX,2021,QHX24,year-on-year change 4.40 points
jump_over_3,warning,QHX,2021,QHX25,year-on-year change 5.10 points
jump_over_3,warning,QHX,2026,QHX27,year-on-year change 3.22 points
jump_over_3,warning,QHX,2021,QHX40,year-on-year change 5.80 points
jump_over_3,warning,QHX,2020,QHX41,year-on-year change 4.25 points
jump_over_3,warning,QHX,2021,QHX41,year-on-year change 3.75 points
jump_over_3,warning,QSB,2021,106,year-on-year change 4.75 points
jump_over_3,warning,QSB,2019,109,year-on-year change 4.25 points
jump_over_3,warning,QSB,2019,115,year-on-year change 7.50 points
jump_over_3,warning,QSB,2021,117,year-on-year change 5.50 points
jump_over_3,warning,QSB,2020,125,year-on-year change 3.25 points
jump_over_3,warning,QSB,2020,129,year-on-year change 3.25 points
jump_over_3,warning,QSB,2020,137,year-on-year change 4.00 points
jump_over_3,warning,QSB,2019,138,year-on-year change 3.25 points
jump_over_3,warning,QSB,2019,140,year-on-year change 4.00 points
jump_over_3,warning,QSB,2020,140,year-on-year change 3.25 points
jump_over_3,warning,QSB,2020,145,year-on-year change 3.50 points
jump_over_3,warning,QSB,2020,214,year-on-year change 3.25 points
jump_over_3,warning,QSB,2020,219,year-on-year change 3.50 points
jump_over_3,warning,QSB,2020,223,year-on-year change 3.75 points
jump_over_3,warning,QSB,2020,242,year-on-year change 3.75 points
jump_over_3,warning,QSB,2021,245,year-on-year change 8.50 points
jump_over_3,warning,QSC,2020,7340122,year-on-year change 5.30 points
jump_over_3,warning,QSC,2020,7480101,year-on-year change 4.80 points
jump_over_3,warning,QSC,2020,7480101_CLCA,year-on-year change 5.45 points
jump_over_3,warning,QSC,2020,7480102,year-on-year change 4.80 points
jump_over_3,warning,QSC,2020,7480102_CLCA,year-on-year change 5.00 points
jump_over_3,warning,QSC,2020,7480103,year-on-year change 4.50 points
jump_over_3,warning,QSC,2020,7480103_CLCA,year-on-year change 4.80 points
jump_over_3,warning,QSC,2020,7480104,year-on-year change 5.20 points
jump_over_3,warning,QSC,2020,7480104_CLCA,year-on-year change 5.70 points
jump_over_3,warning,QSC,2021,7480104_TT,year-on-year change 3.10 points
jump_over_3,warning,QSC,2020,7480106,year-on-year change 5.00 points
jump_over_3,warning,QSC,2020,7480106_CLCA,year-on-year change 5.80 points
jump_over_3,warning,QSC,2020,7480201,year-on-year change 4.50 points
jump_over_3,warning,QSC,2020,7480201_CLCN,year-on-year change 4.70 points
jump_over_3,warning,QSC,2020,7480202,year-on-year change 4.45 points
jump_over_3,warning,QSC,2020,7480202_CLCA,year-on-year change 5.20 points
jump_over_3,warning,QSK,2019,7310101_401C,year-on-year change 3.90 points
jump_over_3,warning,QSK,2019,7310108_413,year-on-year change 4.10 points
jump_over_3,warning,QSK,2019,7340201_404,year-on-year change 3.15 points
jump_over_3,warning,QSK,2019,7340201_404C,year-on-year change 3.25 points
jump_over_3,warning,QSK,2019,7340302_409C,year-on-year change 3.15 points
jump_over_3,warning,QSK,2020,7340405_406,year-on-year change 3.10 points
jump_over_3,warning,QSK,2019,7380101_503,year-on-year change 3.25 points
jump_over_3,warning,QSK,2019,7380101_504,year-on-year change 3.25 points
jump_over_3,warning,QSK,2019,7380101_504C,year-on-year change 3.30 points
jump_over_3,warning,QSK,2020,7380107_502C,year-on-year change 3.10 points
jump_over_3,warning,QSQ,2020,7220201,year-on-year change 4.00 points
jump_over_3,warning,QSQ,2020,7340101,year-on-year change 4.00 points
jump_over_3,warning,QSQ,2022,7340101,year-on-year change 3.50 points
jump_over_3,warning,QSQ,2020,7340201,year-on-year change 4.50 points
jump_over_3,warning,QSQ,2020,7340301,year-on-year change 6.00 points
jump_over_3,warning,QSQ,2020,7420201,year-on-year change 4.00 points
jump_over_3,warning,QSQ,2020,7440112,year-on-year change 4.00 points
jump_over_3,warning,QSQ,2022,7440112,year-on-year change 4.00 points
jump_over_3,warning,QSQ,2020,7460112,year-on-year change 5.00 points
jump_over_3,warning,QSQ,2020,7480109,year-on-year change 5.00 points
jump_over_3,warning,QSQ,2020,7480201,year-on-year change 5.00 points
jump_over_3,warning,QSQ,2020,7510605,year-on-year change 4.00 points
jump_over_3,warning,QSQ,2020,7520118,year-on-year change 5.00 points
jump_over_3,warning,QSQ,2020,7520121,year-on-year change 4.00 points
jump_over_3,warning,QSQ,2020,7520212,year-on-year change 5.00 points
jump_over_3,warning,QSQ,2020,7520216,year-on-year change 4.50 points
jump_over_3,warning,QSQ,2020,7520301,year-on-year change 4.00 points
jump_over_3,warning,QSQ,2020,7520320,year-on-year change 4.00 points
jump_over_3,warning,QSQ,2022,7520320,year-on-year change 4.00 points
jump_over_3,warning,QSQ,2020,7540101,year-on-year change 4.00 points
jump_over_3,warning,QSQ,2020,7580201,year-on-year change 4.00 points
jump_over_3,warning,QST,2023,7420101,year-on-year change 4.50 points
jump_over_3,warning,QST,2023,7420101_CLC,year-on-year change 4.50 points
jump_over_3,warning,QST,2025,7420101_DKD,year-on-year change 3.44 points
jump_over_3,warning,QST,2020,7420201_CLC,year-on-year change 3.35 points
jump_over_3,warning,QST,2024,7440102_NN,year-on-year change 3.10 points
jump_over_3,warning,QST,2020,7440112,year-on-year change 3.20 points
jump_over_3,warning,QST,2024,7440122,year-on-year change 5.30 points
jump_over_3,warning,QST,2026,7440301,year-on-year change 3.71 points
jump_over_3,warning,QST,2020,7460101,year-on-year change 3.90 points
jump_over_3,warning,QST,2021,7460101,year-on-year change 4.35 points
jump_over_3,warning,QST,2020,7480201_VP,year-on-year change 3.70 points
jump_over_3,warning,QST,2020,7510401_CLC,year-on-year change 3.30 points
jump_over_3,warning,QST,2021,7510402,year-on-year change 4.00 points
jump_over_3,warning,QST,2026,7510406,year-on-year change 3.54 points
jump_over_3,warning,QST,2021,7520207_CLC,year-on-year change 5.00 points
jump_over_3,warning,QST,2024,7520402,year-on-year change 6.60 points
jump_over_3,warning,QSX,2021,7220202,year-on-year change 3.95 points
jump_over_3,warning,QSX,2022,7220202,year-on-year change 3.70 points
jump_over_3,warning,QSX,2025,7220204_LKT,year-on-year change 3.40 points
jump_over_3,warning,QSX,2022,7220208,year-on-year change 4.50 points
jump_over_3,warning,QSX,2019,7229010,year-on-year change 3.20 points
jump_over_3,warning,QSX,2022,7310302,year-on-year change 3.30 points
jump_over_3,warning,QSX,2022,7310403,year-on-year change 3.20 points
jump_over_3,warning,QSX,2022,7310501,year-on-year change 3.75 points
jump_over_3,warning,QSX,2023,7310501,year-on-year change 4.35 points
jump_over_3,warning,QSX,2025,7310613,year-on-year change 3.10 points
jump_over_3,warning,QSX,2025,7310614,year-on-year change 3.10 points
jump_over_3,warning,QSX,2025,73106a1,year-on-year change 4.16 points
jump_over_3,warning,QSX,2025,7320101_CLC,year-on-year change 3.45 points
jump_over_3,warning,QSX,2019,7580112,year-on-year change 3.20 points
jump_over_3,warning,QSX,2023,7580112,year-on-year change 3.15 points
jump_over_3,warning,SGD,2020,7140201,year-on-year change 3.75 points
jump_over_3,warning,SGD,2021,7140201,year-on-year change 3.10 points
jump_over_3,warning,SGD,2020,7140205,year-on-year change 3.25 points
jump_over_3,warning,SGD,2019,7140209,year-on-year change 3.39 points
jump_over_3,warning,SGD,2021,7140213,year-on-year change 3.18 points
jump_over_3,warning,SGD,2024,7140219,year-on-year change 4.46 points
jump_over_3,warning,SGD,2020,7140221,year-on-year change 6.00 points
jump_over_3,warning,SGD,2020,7140231,year-on-year change 4.83 points
jump_over_3,warning,SGD,2020,7140247,year-on-year change 4.50 points
jump_over_3,warning,SGD,2020,7140249,year-on-year change 3.50 points
jump_over_3,warning,SGD,2024,7140249,year-on-year change 3.14 points
jump_over_3,warning,SGD,2021,7310601,year-on-year change 3.30 points
jump_over_3,warning,SGD,2025,7310630,year-on-year change 4.00 points
jump_over_3,warning,SGD,2026,7320201,year-on-year change 4.42 points
jump_over_3,warning,SGD,2025,7340101CLC,year-on-year change 3.65 points
jump_over_3,warning,SGD,2019,7340120,year-on-year change 3.43 points
jump_over_3,warning,SGD,2020,7340201,year-on-year change 3.06 points
jump_over_3,warning,SGD,2025,7340201,year-on-year change 3.25 points
jump_over_3,warning,SGD,2025,7340301,year-on-year change 3.23 points
jump_over_3,warning,SGD,2025,7340301CLC,year-on-year change 3.55 points
jump_over_3,warning,SGD,2020,7340406,year-on-year change 3.02 points
jump_over_3,warning,SGD,2020,7380101,year-on-year change 3.40 points
jump_over_3,warning,SGD,2026,7440301,year-on-year change 3.72 points
jump_over_3,warning,SGD,2021,7460112,year-on-year change 3.72 points
jump_over_3,warning,SGD,2019,7480103,year-on-year change 3.92 points
jump_over_3,warning,SGD,2020,7480103,year-on-year change 3.29 points
jump_over_3,warning,SGD,2025,7480103,year-on-year change 3.34 points
jump_over_3,warning,SGD,2021,7480201,year-on-year change 3.92 points
jump_over_3,warning,SGD,2020,7480201CLC,year-on-year change 3.92 points
jump_over_3,warning,SGD,2026,7480201CLC,year-on-year change 3.95 points
jump_over_3,warning,SGD,2024,7510406,year-on-year change 3.11 points
jump_over_3,warning,SGD,2026,7510406,year-on-year change 3.66 points
jump_over_3,warning,SGD,2026,7520201,year-on-year change 3.13 points
jump_over_3,warning,SGD,2021,7520207,year-on-year change 4.75 points
jump_over_3,warning,SGD,2025,7520207,year-on-year change 3.12 points
jump_over_3,warning,SGD,2025,7810101,year-on-year change 3.86 points
jump_over_3,warning,SPH,2020,7140114A,year-on-year change 3.40 points
jump_over_3,warning,SPH,2022,7140114C,year-on-year change 11.20 points
jump_over_3,warning,SPH,2023,7140114C,year-on-year change 10.95 points
jump_over_3,warning,SPH,2021,7140114D,year-on-year change 8.30 points
jump_over_3,warning,SPH,2022,7140114D,year-on-year change 7.55 points
jump_over_3,warning,SPH,2023,7140114D,year-on-year change 6.65 points
jump_over_3,warning,SPH,2024,7140114D,year-on-year change 3.10 points
jump_over_3,warning,SPH,2022,7140201A,year-on-year change 7.33 points
jump_over_3,warning,SPH,2023,7140201A,year-on-year change 7.10 points
jump_over_3,warning,SPH,2021,7140201C,year-on-year change 3.10 points
jump_over_3,warning,SPH,2022,7140201C,year-on-year change 5.21 points
jump_over_3,warning,SPH,2022,7140202A,year-on-year change 7.10 points
jump_over_3,warning,SPH,2023,7140202A,year-on-year change 6.72 points
jump_over_3,warning,SPH,2023,7140202B,year-on-year change 4.06 points
jump_over_3,warning,SPH,2020,7140202D,year-on-year change 3.60 points
jump_over_3,warning,SPH,2026,7140202K,year-on-year change 3.43 points
jump_over_3,warning,SPH,2023,7140203C,year-on-year change 8.80 points
jump_over_3,warning,SPH,2021,7140203D,year-on-year change 5.25 points
jump_over_3,warning,SPH,2021,7140204B,year-on-year change 6.75 points
jump_over_3,warning,SPH,2022,7140204B,year-on-year change 9.40 points
jump_over_3,warning,SPH,2023,7140204B,year-on-year change 10.73 points
jump_over_3,warning,SPH,2020,7140205B,year-on-year change 3.75 points
jump_over_3,warning,SPH,2021,7140205B,year-on-year change 5.00 points
jump_over_3,warning,SPH,2022,7140205B,year-on-year change 6.70 points
jump_over_3,warning,SPH,2023,7140205B,year-on-year change 8.58 points
jump_over_3,warning,SPH,2021,7140205C,year-on-year change 9.00 points
jump_over_3,warning,SPH,2025,7140206,year-on-year change 3.04 points
jump_over_3,warning,SPH,2023,7140206A,year-on-year change 3.30 points
jump_over_3,warning,SPH,2025,7140208,year-on-year change 5.52 points
jump_over_3,warning,SPH,2022,7140208C,year-on-year change 9.25 points
jump_over_3,warning,SPH,2023,7140208C,year-on-year change 10.00 points
jump_over_3,warning,SPH,2024,7140208D,year-on-year change 3.21 points
jump_over_3,warning,SPH,2020,7140209B,year-on-year change 4.70 points
jump_over_3,warning,SPH,2025,7140210,year-on-year change 3.83 points
jump_over_3,warning,SPH,2022,7140210A,year-on-year change 5.85 points
jump_over_3,warning,SPH,2023,7140210A,year-on-year change 8.70 points
jump_over_3,warning,SPH,2023,7140210B,year-on-year change 6.31 points
jump_over_3,warning,SPH,2022,7140211A,year-on-year change 4.40 points
jump_over_3,warning,SPH,2023,7140211A,year-on-year change 5.14 points
jump_over_3,warning,SPH,2019,7140211B,year-on-year change 3.35 points
jump_over_3,warning,SPH,2020,7140211C,year-on-year change 5.50 points
jump_over_3,warning,SPH,2022,7140211C,year-on-year change 8.45 points
jump_over_3,warning,SPH,2023,7140211C,year-on-year change 8.01 points
jump_over_3,warning,SPH,2020,7140211D,year-on-year change 7.05 points
jump_over_3,warning,SPH,2022,7140212A,year-on-year change 4.40 points
jump_over_3,warning,SPH,2023,7140212A,year-on-year change 5.13 points
jump_over_3,warning,SPH,2020,7140212B,year-on-year change 5.00 points
jump_over_3,warning,SPH,2022,7140212B,year-on-year change 4.80 points
jump_over_3,warning,SPH,2023,7140212B,year-on-year change 4.81 points
jump_over_3,warning,SPH,2021,7140213B,year-on-year change 4.75 points
jump_over_3,warning,SPH,2022,7140213B,year-on-year change 3.03 points
jump_over_3,warning,SPH,2023,7140213B,year-on-year change 4.68 points
jump_over_3,warning,SPH,2023,7140213D,year-on-year change 5.00 points
jump_over_3,warning,SPH,2024,7140213D,year-on-year change 3.89 points
jump_over_3,warning,SPH,2022,7140217C,year-on-year change 5.20 points
jump_over_3,warning,SPH,2023,7140217C,year-on-year change 5.28 points
jump_over_3,warning,SPH,2022,7140217D,year-on-year change 5.40 points
jump_over_3,warning,SPH,2023,7140217D,year-on-year change 4.90 points
jump_over_3,warning,SPH,2022,7140218C,year-on-year change 4.10 points
jump_over_3,warning,SPH,2023,7140218C,year-on-year change 5.02 points
jump_over_3,warning,SPH,2021,7140218D,year-on-year change 6.05 points
jump_over_3,warning,SPH,2022,7140218D,year-on-year change 8.50 points
jump_over_3,warning,SPH,2023,7140218D,year-on-year change 10.26 points
jump_over_3,warning,SPH,2020,7140219B,year-on-year change 3.10 points
jump_over_3,warning,SPH,2022,7140219B,year-on-year change 5.20 points
jump_over_3,warning,SPH,2023,7140219B,year-on-year change 5.50 points
jump_over_3,warning,SPH,2022,7140219C,year-on-year change 6.00 points
jump_over_3,warning,SPH,2023,7140219C,year-on-year change 6.67 points
jump_over_3,warning,SPH,2023,7140231A,year-on-year change 4.34 points
jump_over_3,warning,SPH,2026,7140233,year-on-year change 6.55 points
jump_over_3,warning,SPH,2021,7140233C,year-on-year change 6.69 points
jump_over_3,warning,SPH,2021,7140233D,year-on-year change 4.68 points
jump_over_3,warning,SPH,2022,7140233D,year-on-year change 9.63 points
jump_over_3,warning,SPH,2023,7140233D,year-on-year change 9.58 points
jump_over_3,warning,SPH,2019,7140246A,year-on-year change 3.35 points
jump_over_3,warning,SPH,2024,7140246A,year-on-year change 3.40 points
jump_over_3,warning,SPH,2024,7140246B,year-on-year change 5.75 points
jump_over_3,warning,SPH,2022,7220201,year-on-year change 4.65 points
jump_over_3,warning,SPH,2023,7220201,year-on-year change 3.85 points
jump_over_3,warning,SPH,2023,7220204A,year-on-year change 6.76 points
jump_over_3,warning,SPH,2023,7220204B,year-on-year change 7.52 points
jump_over_3,warning,SPH,2022,7229001B,year-on-year change 7.50 points
jump_over_3,warning,SPH,2022,7229001C,year-on-year change 6.00 points
jump_over_3,warning,SPH,2019,7229030C,year-on-year change 4.50 points
jump_over_3,warning,SPH,2022,7229030C,year-on-year change 8.15 points
jump_over_3,warning,SPH,2023,7229030C,year-on-year change 9.40 points
jump_over_3,warning,SPH,2022,7229030D,year-on-year change 10.35 points
jump_over_3,warning,SPH,2023,7229030D,year-on-year change 10.35 points
jump_over_3,warning,SPH,2021,7310201B,year-on-year change 3.40 points
jump_over_3,warning,SPH,2022,7310201B,year-on-year change 5.25 points
jump_over_3,warning,SPH,2023,7310201C,year-on-year change 4.60 points
jump_over_3,warning,SPH,2020,7310401C,year-on-year change 7.00 points
jump_over_3,warning,SPH,2022,7310401C,year-on-year change 6.25 points
jump_over_3,warning,SPH,2023,7310401C,year-on-year change 6.64 points
jump_over_3,warning,SPH,2020,7310401D,year-on-year change 6.45 points
jump_over_3,warning,SPH,2022,7310401D,year-on-year change 10.05 points
jump_over_3,warning,SPH,2023,7310401D,year-on-year change 9.80 points
jump_over_3,warning,SPH,2020,7310403C,year-on-year change 8.50 points
jump_over_3,warning,SPH,2022,7310403C,year-on-year change 11.20 points
jump_over_3,warning,SPH,2023,7310403C,year-on-year change 11.20 points
jump_over_3,warning,SPH,2020,7310403D,year-on-year change 7.75 points
jump_over_3,warning,SPH,2022,7310403D,year-on-year change 6.20 points
jump_over_3,warning,SPH,2023,7310403D,year-on-year change 5.75 points
jump_over_3,warning,SPH,2020,7310630B,year-on-year change 3.60 points
jump_over_3,warning,SPH,2019,7310630C,year-on-year change 3.25 points
jump_over_3,warning,SPH,2022,7310630C,year-on-year change 5.25 points
jump_over_3,warning,SPH,2023,7310630C,year-on-year change 6.87 points
jump_over_3,warning,SPH,2020,7310630D,year-on-year change 3.20 points
jump_over_3,warning,SPH,2024,7310630D,year-on-year change 4.22 points
jump_over_3,warning,SPH,2019,7420101A,year-on-year change 3.20 points
jump_over_3,warning,SPH,2023,7420101B,year-on-year change 4.96 points
jump_over_3,warning,SPH,2019,7420101C,year-on-year change 3.75 points
jump_over_3,warning,SPH,2020,7420101C,year-on-year change 4.20 points
jump_over_3,warning,SPH,2025,7440112,year-on-year change 6.15 points
jump_over_3,warning,SPH,2021,7440112B,year-on-year change 3.20 points
jump_over_3,warning,SPH,2023,7460101A,year-on-year change 7.56 points
jump_over_3,warning,SPH,2021,7460101B,year-on-year change 5.10 points
jump_over_3,warning,SPH,2022,7460101D,year-on-year change 4.10 points
jump_over_3,warning,SPH,2023,7460101D,year-on-year change 4.27 points
jump_over_3,warning,SPH,2021,7480201A,year-on-year change 6.15 points
jump_over_3,warning,SPH,2022,7480201A,year-on-year change 6.90 points
jump_over_3,warning,SPH,2023,7480201A,year-on-year change 8.45 points
jump_over_3,warning,SPH,2021,7480201B,year-on-year change 4.70 points
jump_over_3,warning,SPH,2022,7480201B,year-on-year change 5.55 points
jump_over_3,warning,SPH,2023,7480201B,year-on-year change 7.31 points
jump_over_3,warning,SPH,2026,7760101,year-on-year change 3.18 points
jump_over_3,warning,SPH,2021,7760101C,year-on-year change 5.00 points
jump_over_3,warning,SPH,2023,7760101C,year-on-year change 3.13 points
jump_over_3,warning,SPH,2024,7760101C,year-on-year change 3.22 points
jump_over_3,warning,SPH,2024,7760101D,year-on-year change 3.75 points
jump_over_3,warning,SPH,2023,7760103C,year-on-year change 6.45 points
jump_over_3,warning,SPH,2023,7760103D,year-on-year change 4.60 points
jump_over_3,warning,SPH,2024,7760103D,year-on-year change 3.72 points
jump_over_3,warning,SPH,2026,7810103,year-on-year change 3.52 points
jump_over_3,warning,SPH,2021,7810103C,year-on-year change 3.50 points
jump_over_3,warning,SPH,2022,7810103C,year-on-year change 10.90 points
jump_over_3,warning,SPH,2023,7810103C,year-on-year change 10.20 points
jump_over_3,warning,SPH,2021,7810103D,year-on-year change 7.25 points
jump_over_3,warning,SPH,2024,7810103D,year-on-year change 3.82 points
jump_over_3,warning,SPK,2019,7140231D,year-on-year change 4.16 points
jump_over_3,warning,SPK,2026,7140231V,year-on-year change 3.15 points
jump_over_3,warning,SPK,2026,7140246V,year-on-year change 3.20 points
jump_over_3,warning,SPK,2019,7210403D,year-on-year change 3.30 points
jump_over_3,warning,SPK,2019,7210404D,year-on-year change 4.66 points
jump_over_3,warning,SPK,2020,7210404D,year-on-year change 3.56 points
jump_over_3,warning,SPK,2022,7220201D,year-on-year change 3.50 points
jump_over_3,warning,SPK,2026,7220201V,year-on-year change 5.55 points
jump_over_3,warning,SPK,2026,7310403V,year-on-year change 5.78 points
jump_over_3,warning,SPK,2026,7340101V,year-on-year change 4.84 points
jump_over_3,warning,SPK,2019,7340120D,year-on-year change 5.65 points
jump_over_3,warning,SPK,2020,7340120D,year-on-year change 3.40 points
jump_over_3,warning,SPK,2019,7340122D,year-on-year change 4.60 points
jump_over_3,warning,SPK,2019,7340301C,year-on-year change 5.00 points
jump_over_3,warning,SPK,2019,7340301D,year-on-year change 4.90 points
jump_over_3,warning,SPK,2020,7340301D,year-on-year change 3.15 points
jump_over_3,warning,SPK,2026,7340301V,year-on-year change 3.15 points
jump_over_3,warning,SPK,2026,7380101V,year-on-year change 4.23 points
jump_over_3,warning,SPK,2019,7480108D,year-on-year change 3.25 points
jump_over_3,warning,SPK,2019,7480201A,year-on-year change 4.18 points
jump_over_3,warning,SPK,2026,7480201A,year-on-year change 5.10 points
jump_over_3,warning,SPK,2019,7480201C,year-on-year change 3.56 points
jump_over_3,warning,SPK,2026,7480201V,year-on-year change 3.44 points
jump_over_3,warning,SPK,2019,7480203D,year-on-year change 4.61 points
jump_over_3,warning,SPK,2022,7510106D,year-on-year change 5.65 points
jump_over_3,warning,SPK,2022,7510201D,year-on-year change 3.50 points
jump_over_3,warning,SPK,2019,7510202A,year-on-year change 3.70 points
jump_over_3,warning,SPK,2022,7510202C,year-on-year change 4.95 points
jump_over_3,warning,SPK,2023,7510202C,year-on-year change 3.80 points
jump_over_3,warning,SPK,2019,7510202D,year-on-year change 3.10 points
jump_over_3,warning,SPK,2020,7510202D,year-on-year change 3.10 points
jump_over_3,warning,SPK,2022,7510202N,year-on-year change 4.20 points
jump_over_3,warning,SPK,2019,7510203D,year-on-year change 3.80 points
jump_over_3,warning,SPK,2023,7510203D,year-on-year change 3.15 points
jump_over_3,warning,SPK,2019,7510205C,year-on-year change 3.23 points
jump_over_3,warning,SPK,2019,7510206A,year-on-year change 5.70 points
jump_over_3,warning,SPK,2022,7510206A,year-on-year change 3.75 points
jump_over_3,warning,SPK,2023,7510206A,year-on-year change 6.75 points
jump_over_3,warning,SPK,2022,7510206C,year-on-year change 6.25 points
jump_over_3,warning,SPK,2023,7510206C,year-on-year change 3.70 points
jump_over_3,warning,SPK,2022,7510206D,year-on-year change 6.45 points
jump_over_3,warning,SPK,2023,7510206D,year-on-year change 4.63 points
jump_over_3,warning,SPK,2022,7510208D,year-on-year change 3.75 points
jump_over_3,warning,SPK,2019,7510302D,year-on-year change 4.40 points
jump_over_3,warning,SPK,2020,7510302D,year-on-year change 3.10 points
jump_over_3,warning,SPK,2022,7510401C,year-on-year change 8.00 points
jump_over_3,warning,SPK,2023,7510401C,year-on-year change 7.00 points
jump_over_3,warning,SPK,2019,7510401D,year-on-year change 3.40 points
jump_over_3,warning,SPK,2020,7510401D,year-on-year change 3.10 points
jump_over_3,warning,SPK,2025,7510401V,year-on-year change 3.45 points
jump_over_3,warning,SPK,2026,7510401V,year-on-year change 3.10 points
jump_over_3,warning,SPK,2026,7510402A,year-on-year change 3.25 points
jump_over_3,warning,SPK,2022,7510402D,year-on-year change 6.75 points
jump_over_3,warning,SPK,2023,7510406C,year-on-year change 3.10 points
jump_over_3,warning,SPK,2022,7510406D,year-on-year change 6.50 points
jump_over_3,warning,SPK,2023,7510406D,year-on-year change 3.10 points
jump_over_3,warning,SPK,2019,7510601A,year-on-year change 3.80 points
jump_over_3,warning,SPK,2022,7510601A,year-on-year change 4.75 points
jump_over_3,warning,SPK,2023,7510601A,year-on-year change 3.05 points
jump_over_3,warning,SPK,2020,7510601C,year-on-year change 3.30 points
jump_over_3,warning,SPK,2019,7510601D,year-on-year change 3.50 points
jump_over_3,warning,SPK,2020,7510601D,year-on-year change 3.10 points
jump_over_3,warning,SPK,2026,7510605V,year-on-year change 3.75 points
jump_over_3,warning,SPK,2022,7510801C,year-on-year change 3.25 points
jump_over_3,warning,SPK,2020,7510801D,year-on-year change 3.20 points
jump_over_3,warning,SPK,2022,7510801D,year-on-year change 7.25 points
jump_over_3,warning,SPK,2023,7510801D,year-on-year change 3.50 points
jump_over_3,warning,SPK,2020,7520117D,year-on-year change 3.70 points
jump_over_3,warning,SPK,2022,7520117D,year-on-year change 7.75 points
jump_over_3,warning,SPK,2023,7520117D,year-on-year change 5.30 points
jump_over_3,warning,SPK,2020,7520212D,year-on-year change 3.25 points
jump_over_3,warning,SPK,2022,7520212D,year-on-year change 5.00 points
jump_over_3,warning,SPK,2023,7520212D,year-on-year change 3.50 points
jump_over_3,warning,SPK,2026,7520401V,year-on-year change 4.95 points
jump_over_3,warning,SPK,2022,7540101A,year-on-year change 5.50 points
jump_over_3,warning,SPK,2023,7540101A,year-on-year change 3.60 points
jump_over_3,warning,SPK,2026,7540101A,year-on-year change 3.80 points
jump_over_3,warning,SPK,2020,7540101C,year-on-year change 3.25 points
jump_over_3,warning,SPK,2022,7540101C,year-on-year change 7.50 points
jump_over_3,warning,SPK,2023,7540101C,year-on-year change 5.94 points
jump_over_3,warning,SPK,2020,7540101D,year-on-year change 3.05 points
jump_over_3,warning,SPK,2022,7540101D,year-on-year change 5.90 points
jump_over_3,warning,SPK,2023,7540101D,year-on-year change 4.20 points
jump_over_3,warning,SPK,2020,7549002D,year-on-year change 3.50 points
jump_over_3,warning,SPK,2022,7549002D,year-on-year change 6.75 points
jump_over_3,warning,SPK,2020,7580205D,year-on-year change 3.60 points
jump_over_3,warning,SPK,2022,7580205D,year-on-year change 6.50 points
jump_over_3,warning,SPK,2023,7580205D,year-on-year change 3.55 points
jump_over_3,warning,SPK,2020,7580302D,year-on-year change 3.20 points
jump_over_3,warning,SPK,2022,7810202D,year-on-year change 3.50 points
jump_over_3,warning,SPK,2026,7810202V,year-on-year change 5.35 points
jump_over_3,warning,SPK,2026,7850101V,year-on-year change 3.25 points
jump_over_3,warning,SPS,2021,7140101,year-on-year change 4.00 points
jump_over_3,warning,SPS,2023,7140201,year-on-year change 4.18 points
jump_over_3,warning,SPS,2020,7140202,year-on-year change 3.50 points
jump_over_3,warning,SPS,2021,7140203,year-on-year change 4.40 points
jump_over_3,warning,SPS,2023,7140203,year-on-year change 3.26 points
jump_over_3,warning,SPS,2021,7140205,year-on-year change 4.25 points
jump_over_3,warning,SPS,2021,7140206,year-on-year change 3.25 points
jump_over_3,warning,SPS,2023,7140206,year-on-year change 3.29 points
jump_over_3,warning,SPS,2020,7140208,year-on-year change 5.21 points
jump_over_3,warning,SPS,2021,7140208,year-on-year change 3.90 points
jump_over_3,warning,SPS,2025,7140208,year-on-year change 4.28 points
jump_over_3,warning,SPS,2021,7140210,year-on-year change 3.50 points
jump_over_3,warning,SPS,2021,7140212,year-on-year change 4.25 points
jump_over_3,warning,SPS,2024,7140232,year-on-year change 4.29 points
jump_over_3,warning,SPS,2023,7140233,year-on-year change 3.70 points
jump_over_3,warning,SPS,2025,7140233,year-on-year change 3.18 points
jump_over_3,warning,SPS,2019,7140247,year-on-year change 6.06 points
jump_over_3,warning,SPS,2021,7140247,year-on-year change 3.40 points
jump_over_3,warning,SPS,2025,7220201,year-on-year change 3.85 points
jump_over_3,warning,SPS,2025,7220202,year-on-year change 3.75 points
jump_over_3,warning,SPS,2020,7220203,year-on-year change 4.25 points
jump_over_3,warning,SPS,2025,7220203,year-on-year change 3.70 points
jump_over_3,warning,SPS,2024,7310501,year-on-year change 5.42 points
jump_over_3,warning,SPS,2020,7310601,year-on-year change 4.00 points
jump_over_3,warning,SPS,2025,7310601,year-on-year change 3.17 points
jump_over_3,warning,SPS,2021,7440112,year-on-year change 3.25 points
jump_over_3,warning,SPS,2020,7480201,year-on-year change 3.50 points
jump_over_3,warning,SPS,2025,7480201,year-on-year change 4.05 points
jump_over_3,warning,SPS,2024,7810101,year-on-year change 3.25 points
jump_over_3,warning,TLA,2022,TLA102,year-on-year change 3.35 points
jump_over_3,warning,TLA,2021,TLA104,year-on-year change 4.00 points
jump_over_3,warning,TLA,2025,TLA104,year-on-year change 3.74 points
jump_over_3,warning,TLA,2021,TLA105,year-on-year change 7.10 points
jump_over_3,warning,TLA,2021,TLA106,year-on-year change 5.75 points
jump_over_3,warning,TLA,2025,TLA109,year-on-year change 3.95 points
jump_over_3,warning,TLA,2021,TLA110,year-on-year change 4.00 points
jump_over_3,warning,TLA,2025,TLA110,year-on-year change 3.35 points
jump_over_3,warning,TLA,2021,TLA111,year-on-year change 7.75 points
jump_over_3,warning,TLA,2025,TLA111,year-on-year change 3.52 points
jump_over_3,warning,TLA,2021,TLA112,year-on-year change 8.45 points
jump_over_3,warning,TLA,2021,TLA114,year-on-year change 6.70 points
jump_over_3,warning,TLA,2019,TLA115,year-on-year change 5.00 points
jump_over_3,warning,TLA,2021,TLA116,year-on-year change 8.45 points
jump_over_3,warning,TLA,2021,TLA117,year-on-year change 8.60 points
jump_over_3,warning,TLA,2025,TLA117,year-on-year change 3.32 points
jump_over_3,warning,TLA,2025,TLA119,year-on-year change 4.38 points
jump_over_3,warning,TLA,2021,TLA120,year-on-year change 7.75 points
jump_over_3,warning,TLA,2021,TLA121,year-on-year change 7.40 points
jump_over_3,warning,TLA,2025,TLA122,year-on-year change 6.75 points
jump_over_3,warning,TLA,2021,TLA123,year-on-year change 7.85 points
jump_over_3,warning,TLA,2025,TLA128,year-on-year change 3.11 points
jump_over_3,warning,TLA,2022,TLA201,year-on-year change 4.85 points
jump_over_3,warning,TLA,2025,TLA201,year-on-year change 3.15 points
jump_over_3,warning,TLA,2024,TLA202,year-on-year change 4.25 points
jump_over_3,warning,TLA,2025,TLA202,year-on-year change 3.50 points
jump_over_3,warning,TLA,2024,TLA302,year-on-year change 3.15 points
jump_over_3,warning,TLA,2021,TLA401,year-on-year change 6.25 points
jump_over_3,warning,TLA,2021,TLA402,year-on-year change 5.85 points
jump_over_3,warning,TLA,2021,TLA403,year-on-year change 5.60 points
jump_over_3,warning,TLA,2022,TLA404,year-on-year change 3.35 points
jump_over_3,warning,TLA,2025,TLA404,year-on-year change 3.02 points
jump_over_3,warning,TLA,2025,TLA409,year-on-year change 3.24 points
jump_over_3,warning,UEF,2025,7310106,year-on-year change 5.00 points
jump_over_3,warning,UEF,2025,7310206,year-on-year change 6.00 points
jump_over_3,warning,UEF,2025,7340120,year-on-year change 4.00 points
jump_over_3,warning,UEF,2025,7340206,year-on-year change 5.00 points
jump_over_3,warning,UEF,2026,7380101,year-on-year change 5.00 points
jump_over_3,warning,UEF,2026,7380107,year-on-year change 5.00 points
jump_over_3,warning,UEF,2025,7380108,year-on-year change 4.00 points
jump_over_3,warning,UEF,2026,7380108,year-on-year change 5.00 points
jump_over_3,warning,UEF,2026,7380109,year-on-year change 5.00 points
jump_over_3,warning,UEF,2025,7510605,year-on-year change 4.00 points
jump_over_3,warning,XDA,2025,7210110,year-on-year change 4.29 points
jump_over_3,warning,XDA,2025,7340409,year-on-year change 3.55 points
jump_over_3,warning,XDA,2020,7480101,year-on-year change 4.50 points
jump_over_3,warning,XDA,2025,7510105,year-on-year change 3.55 points
jump_over_3,warning,XDA,2023,7520103,year-on-year change 6.65 points
jump_over_3,warning,XDA,2024,7520103_01,year-on-year change 3.75 points
jump_over_3,warning,XDA,2023,7520103_03,year-on-year change 6.40 points
jump_over_3,warning,XDA,2024,7520201,year-on-year change 4.60 points
jump_over_3,warning,XDA,2024,7520309,year-on-year change 4.20 points
jump_over_3,warning,XDA,2025,7520309,year-on-year change 3.10 points
jump_over_3,warning,XDA,2025,7520320,year-on-year change 6.00 points
jump_over_3,warning,XDA,2020,7580101_01,year-on-year change 3.50 points
jump_over_3,warning,XDA,2020,7580101_02,year-on-year change 4.25 points
jump_over_3,warning,XDA,2024,7580105,year-on-year change 4.10 points
jump_over_3,warning,XDA,2024,7580201,year-on-year change 4.90 points
jump_over_3,warning,XDA,2025,7580201QT,year-on-year change 4.70 points
jump_over_3,warning,XDA,2023,7580201_01,year-on-year change 3.50 points
jump_over_3,warning,XDA,2021,7580201_03,year-on-year change 7.00 points
jump_over_3,warning,XDA,2025,7580201_04,year-on-year change 5.50 points
jump_over_3,warning,XDA,2025,7580201_05,year-on-year change 5.40 points
jump_over_3,warning,XDA,2024,7580205_01,year-on-year change 3.45 points
jump_over_3,warning,XDA,2025,7580205_02,year-on-year change 5.45 points
jump_over_3,warning,XDA,2025,7580213_01,year-on-year change 4.65 points
jump_over_3,warning,XDA,2023,7580301,year-on-year change 3.40 points
jump_over_3,warning,XDA,2024,7580302_03,year-on-year change 3.10 points
jump_over_3,warning,XDA,2026,XDA16,year-on-year change 8.35 points
jump_over_3,warning,XDA,2026,XDA19,year-on-year change 7.47 points
jump_over_3,warning,XDA,2026,XDA20,year-on-year change 8.30 points
jump_over_3,warning,XDA,2026,XDA23,year-on-year change 7.00 points
jump_over_3,warning,XDA,2026,XDA27,year-on-year change 4.17 points
jump_over_3,warning,XDA,2026,XDA29,year-on-year change 8.63 points
jump_over_3,warning,YDS,2025,7720110,year-on-year change 4.25 points
jump_over_3,warning,YDS,2025,7720115,year-on-year change 3.30 points
jump_over_3,warning,YDS,2022,7720301,year-on-year change 3.80 points
jump_over_3,warning,YDS,2025,7720301,year-on-year change 3.88 points
jump_over_3,warning,YDS,2025,7720301_03,year-on-year change 3.40 points
jump_over_3,warning,YDS,2025,7720302,year-on-year change 4.80 points
jump_over_3,warning,YDS,2022,7720401,year-on-year change 3.65 points
jump_over_3,warning,YDS,2023,7720401,year-on-year change 3.05 points
jump_over_3,warning,YDS,2025,7720401,year-on-year change 4.85 points
jump_over_3,warning,YDS,2025,7720502,year-on-year change 3.30 points
jump_over_3,warning,YDS,2025,7720602,year-on-year change 3.35 points
jump_over_3,warning,YDS,2022,7720603,year-on-year change 3.50 points
jump_over_3,warning,YDS,2025,7720603,year-on-year change 3.04 points
jump_over_3,warning,YDS,2025,7720701,year-on-year change 4.45 points
jump_over_3,warning,YHB,2020,7720101,year-on-year change 3.35 points
jump_over_3,warning,YHB,2020,7720101_YHT,year-on-year change 3.35 points
jump_over_3,warning,YHB,2020,7720110,year-on-year change 3.25 points
jump_over_3,warning,YHB,2025,7720110,year-on-year change 5.94 points
jump_over_3,warning,YHB,2026,7720110,year-on-year change 3.25 points
jump_over_3,warning,YHB,2020,7720115,year-on-year change 3.20 points
jump_over_3,warning,YHB,2020,7720301,year-on-year change 3.80 points
jump_over_3,warning,YHB,2025,7720301YHT,year-on-year change 3.25 points
jump_over_3,warning,YHB,2021,7720401,year-on-year change 3.65 points
jump_over_3,warning,YHB,2025,7720401,year-on-year change 4.58 points
jump_over_3,warning,YHB,2020,7720601,year-on-year change 3.30 points
jump_over_3,warning,YHB,2023,7720701,year-on-year change 3.10 points
jump_over_3,warning,YHB,2025,7720701,year-on-year change 4.15 points
