combo,year,provenance,n,note,mean,p50,p75,p90
A00,2023,anchored,,"2026 shape, a=1.29 b=1.000 fitted to mean; residuals {'mean': -0.001}",20.77,21.09,24.16,26.2
A00,2024,anchored,,"2026 shape, a=1.42 b=1.000 fitted to mean; residuals {'mean': -0.001}",20.9,21.22,24.29,26.33
A00,2025,anchored,,"2026 shape, a=-9.05 b=1.340 fitted to p50, p75, p90; residuals {'p50': -0.104, 'p75': 0.26, 'p90': -0.156}",17.06,17.5,21.61,24.34
A00,2026,observed,175241.0,"VnExpress phổ điểm 2026, 1-point bins, 175241 candidates",19.48,19.81,22.88,24.92
A01,2023,anchored,,"2026 shape, a=1.77 b=1.000 fitted to mean; residuals {'mean': -0.001}",20.27,20.3,23.29,25.59
A01,2024,anchored,,"2026 shape, a=1.97 b=1.000 fitted to mean; residuals {'mean': -0.001}",20.47,20.5,23.49,25.79
A01,2025,anchored,,"2026 shape, a=-5.56 b=1.204 fitted to p50, p75, p90; residuals {'p50': -0.108, 'p75': 0.248, 'p90': -0.141}",16.71,16.74,20.35,23.11
A01,2026,observed,144300.0,"VnExpress phổ điểm 2026, 1-point bins, 144300 candidates",18.5,18.53,21.53,23.82
A02,2023,year_shift,,"2026 shape moved like the anchored combos of 2023 (A00, A01): a=1.53 b=1.000",16.61,16.22,18.86,21.5
A02,2024,year_shift,,"2026 shape moved like the anchored combos of 2024 (A00, A01, B00, C00, D01): a=1.63 b=1.000",16.72,16.32,18.97,21.61
A02,2025,year_shift,,"2026 shape moved like the anchored combos of 2025 (A00, A01, B00, C00, C01, D01, D07): a=-6.19 b=1.256",12.75,12.25,15.58,18.89
A02,2026,observed,3944.0,"VnExpress phổ điểm 2026, 1-point bins, 3944 candidates",15.08,14.69,17.34,19.97
A03,2023,year_shift,,"2026 shape moved like the anchored combos of 2023 (A00, A01): a=1.53 b=1.000",19.73,19.67,22.68,25.21
A03,2024,year_shift,,"2026 shape moved like the anchored combos of 2024 (A00, A01, B00, C00, D01): a=1.63 b=1.000",19.84,19.78,22.79,25.32
A03,2025,year_shift,,"2026 shape moved like the anchored combos of 2025 (A00, A01, B00, C00, C01, D01, D07): a=-6.19 b=1.256",16.67,16.59,20.38,23.54
A03,2026,synthesized,,copula on 2026 subject histograms (rho=0.5) + class correction a=2.26 b=0.922; leave-one-out KS on observed combos ~0.162,18.21,18.14,21.15,23.68
A04,2023,year_shift,,"2026 shape moved like the anchored combos of 2023 (A00, A01): a=1.53 b=1.000",18.73,18.71,21.57,24.06
A04,2024,year_shift,,"2026 shape moved like the anchored combos of 2024 (A00, A01, B00, C00, D01): a=1.63 b=1.000",18.83,18.81,21.68,24.17
A04,2025,year_shift,,"2026 shape moved like the anchored combos of 2025 (A00, A01, B00, C00, C01, D01, D07): a=-6.19 b=1.256",15.41,15.41,18.97,22.1
A04,2026,synthesized,,copula on 2026 subject histograms (rho=0.5) + class correction a=2.26 b=0.922; leave-one-out KS on observed combos ~0.162,17.2,17.2,20.03,22.53
A05,2023,year_shift,,"2026 shape moved like the anchored combos of 2023 (A00, A01): a=1.53 b=1.000",20.41,20.39,23.35,25.68
A05,2024,year_shift,,"2026 shape moved like the anchored combos of 2024 (A00, A01, B00, C00, D01): a=1.63 b=1.000",20.51,20.49,23.46,25.78
A05,2025,year_shift,,"2026 shape moved like the anchored combos of 2025 (A00, A01, B00, C00, C01, D01, D07): a=-6.19 b=1.256",17.52,17.49,21.21,24.13
A05,2026,synthesized,,copula on 2026 subject histograms (rho=0.5) + class correction a=2.26 b=0.922; leave-one-out KS on observed combos ~0.162,18.88,18.85,21.82,24.14
A06,2023,year_shift,,"2026 shape moved like the anchored combos of 2023 (A00, A01): a=1.53 b=1.000",19.4,19.43,22.22,24.53
A06,2024,year_shift,,"2026 shape moved like the anchored combos of 2024 (A00, A01, B00, C00, D01): a=1.63 b=1.000",19.5,19.54,22.32,24.63
A06,2025,year_shift,,"2026 shape moved like the anchored combos of 2025 (A00, A01, B00, C00, C01, D01, D07): a=-6.19 b=1.256",16.25,16.3,19.78,22.68
A06,2026,synthesized,,copula on 2026 subject histograms (rho=0.5) + class correction a=2.26 b=0.922; leave-one-out KS on observed combos ~0.162,17.87,17.91,20.68,22.99
A07,2023,year_shift,,"2026 shape moved like the anchored combos of 2023 (A00, A01): a=1.53 b=1.000",19.3,19.22,22.18,24.55
A07,2024,year_shift,,"2026 shape moved like the anchored combos of 2024 (A00, A01, B00, C00, D01): a=1.63 b=1.000",19.41,19.33,22.29,24.66
A07,2025,year_shift,,"2026 shape moved like the anchored combos of 2025 (A00, A01, B00, C00, C01, D01, D07): a=-6.19 b=1.256",16.13,16.02,19.76,22.72
A07,2026,synthesized,,copula on 2026 subject histograms (rho=0.5) + class correction a=2.26 b=0.922; leave-one-out KS on observed combos ~0.162,17.77,17.69,20.66,23.02
B00,2023,year_shift,,"2026 shape moved like the anchored combos of 2023 (A00, A01): a=1.53 b=1.000",21.28,21.51,24.69,26.95
B00,2024,anchored,,"2026 shape, a=0.77 b=1.000 fitted to mean; residuals {'mean': -0.001}",20.53,20.76,23.93,26.19
B00,2025,anchored,,"2026 shape, a=-9.88 b=1.306 fitted to p50, p75, p90; residuals {'p50': -0.116, 'p75': 0.279, 'p90': -0.163}",15.94,16.23,20.38,23.34
B00,2026,observed,47200.0,"VnExpress phổ điểm 2026, 1-point bins, 47200 candidates",19.76,19.99,23.16,25.43
B01,2023,year_shift,,"2026 shape moved like the anchored combos of 2023 (A00, A01): a=1.53 b=1.000",19.98,19.89,22.87,25.4
B01,2024,year_shift,,"2026 shape moved like the anchored combos of 2024 (A00, A01, B00, C00, D01): a=1.63 b=1.000",20.09,20.01,22.98,25.5
B01,2025,year_shift,,"2026 shape moved like the anchored combos of 2025 (A00, A01, B00, C00, C01, D01, D07): a=-6.19 b=1.256",16.99,16.88,20.62,23.79
B01,2026,synthesized,,copula on 2026 subject histograms (rho=0.5) + class correction a=2.26 b=0.922; leave-one-out KS on observed combos ~0.162,18.46,18.37,21.36,23.87
B02,2023,year_shift,,"2026 shape moved like the anchored combos of 2023 (A00, A01): a=1.53 b=1.000",18.98,18.9,21.75,24.25
B02,2024,year_shift,,"2026 shape moved like the anchored combos of 2024 (A00, A01, B00, C00, D01): a=1.63 b=1.000",19.08,19.0,21.86,24.35
B02,2025,year_shift,,"2026 shape moved like the anchored combos of 2025 (A00, A01, B00, C00, C01, D01, D07): a=-6.19 b=1.256",15.72,15.65,19.2,22.34
B02,2026,synthesized,,copula on 2026 subject histograms (rho=0.5) + class correction a=2.26 b=0.922; leave-one-out KS on observed combos ~0.162,17.45,17.4,20.22,22.72
B03,2023,year_shift,,"2026 shape moved like the anchored combos of 2023 (A00, A01): a=1.53 b=1.000",20.28,20.33,23.19,25.41
B03,2024,year_shift,,"2026 shape moved like the anchored combos of 2024 (A00, A01, B00, C00, D01): a=1.63 b=1.000",20.38,20.44,23.3,25.52
B03,2025,year_shift,,"2026 shape moved like the anchored combos of 2025 (A00, A01, B00, C00, C01, D01, D07): a=-6.19 b=1.256",17.35,17.42,21.02,23.8
B03,2026,observed,66190.0,"VnExpress phổ điểm 2026, 1-point bins, 66190 candidates",18.75,18.8,21.67,23.88
B08,2023,year_shift,,"2026 shape moved like the anchored combos of 2023 (A00, A01): a=1.53 b=1.000",18.55,18.19,21.04,23.74
B08,2024,year_shift,,"2026 shape moved like the anchored combos of 2024 (A00, A01, B00, C00, D01): a=1.63 b=1.000",18.65,18.3,21.15,23.85
B08,2025,year_shift,,"2026 shape moved like the anchored combos of 2025 (A00, A01, B00, C00, C01, D01, D07): a=-6.19 b=1.256",15.18,14.74,18.31,21.7
B08,2026,observed,3422.0,"VnExpress phổ điểm 2026, 1-point bins, 3422 candidates",17.02,16.67,19.51,22.21
C00,2023,year_shift,,"2026 shape moved like the anchored combos of 2023 (A00, A01): a=1.53 b=1.000",18.81,18.78,21.89,24.38
C00,2024,anchored,,"2026 shape, a=3.66 b=1.000 fitted to mean; residuals {'mean': -0.004}",20.95,20.92,24.03,26.51
C00,2025,anchored,,"2026 shape, a=2.96 b=1.013 fitted to p50, p75, p90; residuals {'p50': 0.076, 'p75': -0.171, 'p90': 0.095}",20.46,20.43,23.58,26.1
C00,2026,observed,277165.0,"VnExpress phổ điểm 2026, 1-point bins, 277165 candidates",17.29,17.25,20.36,22.85
C01,2023,year_shift,,"2026 shape moved like the anchored combos of 2023 (A00, A01): a=1.53 b=1.000",19.3,19.37,22.15,24.31
C01,2024,year_shift,,"2026 shape moved like the anchored combos of 2024 (A00, A01, B00, C00, D01): a=1.63 b=1.000",19.41,19.47,22.26,24.42
C01,2025,anchored,,"2026 shape, a=-3.32 b=1.140 fitted to p50, p75, p90; residuals {'p50': -0.086, 'p75': 0.184, 'p90': -0.106}",16.94,17.01,20.18,22.64
C01,2026,synthesized,,copula on 2026 subject histograms (rho=0.5) + class correction a=1.30 b=0.934; leave-one-out KS on observed combos ~0.162,17.78,17.84,20.62,22.78
C02,2023,year_shift,,"2026 shape moved like the anchored combos of 2023 (A00, A01): a=1.53 b=1.000",19.98,20.1,22.69,24.77
C02,2024,year_shift,,"2026 shape moved like the anchored combos of 2024 (A00, A01, B00, C00, D01): a=1.63 b=1.000",20.09,20.21,22.79,24.88
C02,2025,year_shift,,"2026 shape moved like the anchored combos of 2025 (A00, A01, B00, C00, C01, D01, D07): a=-6.19 b=1.256",16.98,17.13,20.37,22.99
C02,2026,synthesized,,copula on 2026 subject histograms (rho=0.5) + class correction a=1.30 b=0.934; leave-one-out KS on observed combos ~0.162,18.46,18.57,21.14,23.24
C03,2023,year_shift,,"2026 shape moved like the anchored combos of 2023 (A00, A01): a=1.53 b=1.000",18.8,18.77,21.6,24.01
C03,2024,year_shift,,"2026 shape moved like the anchored combos of 2024 (A00, A01, B00, C00, D01): a=1.63 b=1.000",18.9,18.88,21.71,24.12
C03,2025,year_shift,,"2026 shape moved like the anchored combos of 2025 (A00, A01, B00, C00, C01, D01, D07): a=-6.19 b=1.256",15.49,15.46,19.01,22.04
C03,2026,observed,550940.0,"VnExpress phổ điểm 2026, 1-point bins, 550940 candidates",17.27,17.25,20.07,22.48
C04,2023,year_shift,,"2026 shape moved like the anchored combos of 2023 (A00, A01): a=1.53 b=1.000",17.55,17.53,20.27,22.66
C04,2024,year_shift,,"2026 shape moved like the anchored combos of 2024 (A00, A01, B00, C00, D01): a=1.63 b=1.000",17.66,17.64,20.38,22.77
C04,2025,year_shift,,"2026 shape moved like the anchored combos of 2025 (A00, A01, B00, C00, C01, D01, D07): a=-6.19 b=1.256",13.93,13.91,17.35,20.35
C04,2026,observed,431314.0,"VnExpress phổ điểm 2026, 1-point bins, 431314 candidates",16.03,16.0,18.74,21.14
C05,2023,year_shift,,"2026 shape moved like the anchored combos of 2023 (A00, A01): a=1.53 b=1.000",20.62,20.8,23.3,25.21
C05,2024,year_shift,,"2026 shape moved like the anchored combos of 2024 (A00, A01, B00, C00, D01): a=1.63 b=1.000",20.73,20.91,23.4,25.32
C05,2025,year_shift,,"2026 shape moved like the anchored combos of 2025 (A00, A01, B00, C00, C01, D01, D07): a=-6.19 b=1.256",17.79,18.01,21.16,23.54
C05,2026,synthesized,,copula on 2026 subject histograms (rho=0.5) + class correction a=2.26 b=0.922; leave-one-out KS on observed combos ~0.162,19.1,19.27,21.8,23.68
C06,2023,year_shift,,"2026 shape moved like the anchored combos of 2023 (A00, A01): a=1.53 b=1.000",20.2,20.17,22.71,24.93
C06,2024,year_shift,,"2026 shape moved like the anchored combos of 2024 (A00, A01, B00, C00, D01): a=1.63 b=1.000",20.31,20.28,22.82,25.04
C06,2025,year_shift,,"2026 shape moved like the anchored combos of 2025 (A00, A01, B00, C00, C01, D01, D07): a=-6.19 b=1.256",17.26,17.22,20.4,23.21
C06,2026,synthesized,,copula on 2026 subject histograms (rho=0.5) + class correction a=2.26 b=0.922; leave-one-out KS on observed combos ~0.162,18.68,18.64,21.18,23.41
C07,2023,year_shift,,"2026 shape moved like the anchored combos of 2023 (A00, A01): a=1.53 b=1.000",20.53,20.59,23.15,25.24
C07,2024,year_shift,,"2026 shape moved like the anchored combos of 2024 (A00, A01, B00, C00, D01): a=1.63 b=1.000",20.63,20.7,23.26,25.34
C07,2025,year_shift,,"2026 shape moved like the anchored combos of 2025 (A00, A01, B00, C00, C01, D01, D07): a=-6.19 b=1.256",17.67,17.75,20.96,23.58
C07,2026,synthesized,,copula on 2026 subject histograms (rho=0.5) + class correction a=2.26 b=0.922; leave-one-out KS on observed combos ~0.162,19.0,19.07,21.62,23.69
C08,2023,year_shift,,"2026 shape moved like the anchored combos of 2023 (A00, A01): a=1.53 b=1.000",20.87,21.02,23.36,25.39
C08,2024,year_shift,,"2026 shape moved like the anchored combos of 2024 (A00, A01, B00, C00, D01): a=1.63 b=1.000",20.98,21.13,23.47,25.5
C08,2025,year_shift,,"2026 shape moved like the anchored combos of 2025 (A00, A01, B00, C00, C01, D01, D07): a=-6.19 b=1.256",18.1,18.31,21.22,23.78
C08,2026,synthesized,,copula on 2026 subject histograms (rho=0.5) + class correction a=2.26 b=0.922; leave-one-out KS on observed combos ~0.162,19.35,19.51,21.83,23.87
C09,2023,year_shift,,"2026 shape moved like the anchored combos of 2023 (A00, A01): a=1.53 b=1.000",19.52,19.6,22.03,24.08
C09,2024,year_shift,,"2026 shape moved like the anchored combos of 2024 (A00, A01, B00, C00, D01): a=1.63 b=1.000",19.63,19.7,22.13,24.19
C09,2025,year_shift,,"2026 shape moved like the anchored combos of 2025 (A00, A01, B00, C00, C01, D01, D07): a=-6.19 b=1.256",16.4,16.5,19.54,22.13
C09,2026,synthesized,,copula on 2026 subject histograms (rho=0.5) + class correction a=2.26 b=0.922; leave-one-out KS on observed combos ~0.162,17.99,18.1,20.49,22.54
C10,2023,year_shift,,"2026 shape moved like the anchored combos of 2023 (A00, A01): a=1.53 b=1.000",21.2,21.32,23.8,25.7
C10,2024,year_shift,,"2026 shape moved like the anchored combos of 2024 (A00, A01, B00, C00, D01): a=1.63 b=1.000",21.31,21.43,23.91,25.8
C10,2025,year_shift,,"2026 shape moved like the anchored combos of 2025 (A00, A01, B00, C00, C01, D01, D07): a=-6.19 b=1.256",18.51,18.65,21.78,24.16
C10,2026,synthesized,,copula on 2026 subject histograms (rho=0.5) + class correction a=2.26 b=0.922; leave-one-out KS on observed combos ~0.162,19.67,19.78,22.28,24.17
C11,2023,year_shift,,"2026 shape moved like the anchored combos of 2023 (A00, A01): a=1.53 b=1.000",20.19,20.35,22.67,24.54
C11,2024,year_shift,,"2026 shape moved like the anchored combos of 2024 (A00, A01, B00, C00, D01): a=1.63 b=1.000",20.3,20.46,22.78,24.64
C11,2025,year_shift,,"2026 shape moved like the anchored combos of 2025 (A00, A01, B00, C00, C01, D01, D07): a=-6.19 b=1.256",17.24,17.45,20.36,22.7
C11,2026,synthesized,,copula on 2026 subject histograms (rho=0.5) + class correction a=2.26 b=0.922; leave-one-out KS on observed combos ~0.162,18.66,18.83,21.14,23.0
C12,2023,year_shift,,"2026 shape moved like the anchored combos of 2023 (A00, A01): a=1.53 b=1.000",20.78,20.81,23.32,25.43
C12,2024,year_shift,,"2026 shape moved like the anchored combos of 2024 (A00, A01, B00, C00, D01): a=1.63 b=1.000",20.88,20.92,23.43,25.54
C12,2025,year_shift,,"2026 shape moved like the anchored combos of 2025 (A00, A01, B00, C00, C01, D01, D07): a=-6.19 b=1.256",17.98,18.02,21.18,23.82
C12,2026,synthesized,,copula on 2026 subject histograms (rho=0.5) + class correction a=2.26 b=0.922; leave-one-out KS on observed combos ~0.162,19.25,19.28,21.81,23.91
C13,2023,year_shift,,"2026 shape moved like the anchored combos of 2023 (A00, A01): a=1.53 b=1.000",19.77,19.74,22.2,24.28
C13,2024,year_shift,,"2026 shape moved like the anchored combos of 2024 (A00, A01, B00, C00, D01): a=1.63 b=1.000",19.88,19.84,22.31,24.39
C13,2025,year_shift,,"2026 shape moved like the anchored combos of 2025 (A00, A01, B00, C00, C01, D01, D07): a=-6.19 b=1.256",16.72,16.68,19.77,22.38
C13,2026,synthesized,,copula on 2026 subject histograms (rho=0.5) + class correction a=2.26 b=0.922; leave-one-out KS on observed combos ~0.162,18.24,18.2,20.67,22.76
D01,2023,year_shift,,"2026 shape moved like the anchored combos of 2023 (A00, A01): a=1.53 b=1.000",20.66,20.64,22.96,24.89
D01,2024,anchored,,"2026 shape, a=0.35 b=1.000 fitted to mean; residuals {'mean': -0.0}",19.49,19.47,21.78,23.71
D01,2025,anchored,,"2026 shape, a=-6.60 b=1.330 fitted to p50, p75, p90; residuals {'p50': -0.023, 'p75': 0.051, 'p90': -0.028}",18.86,18.83,21.9,24.47
D01,2026,observed,340061.0,"VnExpress phổ điểm 2026, 1-point bins, 340061 candidates",19.14,19.12,21.43,23.36
D02,2023,year_shift,,"2026 shape moved like the anchored combos of 2023 (A00, A01): a=1.53 b=1.000",18.89,18.87,21.52,23.84
D02,2024,year_shift,,"2026 shape moved like the anchored combos of 2024 (A00, A01, B00, C00, D01): a=1.63 b=1.000",19.0,18.98,21.62,23.94
D02,2025,year_shift,,"2026 shape moved like the anchored combos of 2025 (A00, A01, B00, C00, C01, D01, D07): a=-6.19 b=1.256",15.62,15.61,18.9,21.82
D02,2026,synthesized,,copula on 2026 subject histograms (rho=0.5) + class correction a=1.30 b=0.934; leave-one-out KS on observed combos ~0.162,17.37,17.36,19.98,22.31
D03,2023,year_shift,,"2026 shape moved like the anchored combos of 2023 (A00, A01): a=1.53 b=1.000",18.89,18.87,21.52,23.84
D03,2024,year_shift,,"2026 shape moved like the anchored combos of 2024 (A00, A01, B00, C00, D01): a=1.63 b=1.000",19.0,18.98,21.62,23.94
D03,2025,year_shift,,"2026 shape moved like the anchored combos of 2025 (A00, A01, B00, C00, C01, D01, D07): a=-6.19 b=1.256",15.62,15.61,18.9,21.82
D03,2026,synthesized,,copula on 2026 subject histograms (rho=0.5) + class correction a=1.30 b=0.934; leave-one-out KS on observed combos ~0.162,17.37,17.36,19.98,22.31
D04,2023,year_shift,,"2026 shape moved like the anchored combos of 2023 (A00, A01): a=1.53 b=1.000",18.89,18.87,21.52,23.84
D04,2024,year_shift,,"2026 shape moved like the anchored combos of 2024 (A00, A01, B00, C00, D01): a=1.63 b=1.000",19.0,18.98,21.62,23.94
D04,2025,year_shift,,"2026 shape moved like the anchored combos of 2025 (A00, A01, B00, C00, C01, D01, D07): a=-6.19 b=1.256",15.62,15.61,18.9,21.82
D04,2026,synthesized,,copula on 2026 subject histograms (rho=0.5) + class correction a=1.30 b=0.934; leave-one-out KS on observed combos ~0.162,17.37,17.36,19.98,22.31
D05,2023,year_shift,,"2026 shape moved like the anchored combos of 2023 (A00, A01): a=1.53 b=1.000",18.89,18.87,21.52,23.84
D05,2024,year_shift,,"2026 shape moved like the anchored combos of 2024 (A00, A01, B00, C00, D01): a=1.63 b=1.000",19.0,18.98,21.62,23.94
D05,2025,year_shift,,"2026 shape moved like the anchored combos of 2025 (A00, A01, B00, C00, C01, D01, D07): a=-6.19 b=1.256",15.62,15.61,18.9,21.82
D05,2026,synthesized,,copula on 2026 subject histograms (rho=0.5) + class correction a=1.30 b=0.934; leave-one-out KS on observed combos ~0.162,17.37,17.36,19.98,22.31
D06,2023,year_shift,,"2026 shape moved like the anchored combos of 2023 (A00, A01): a=1.53 b=1.000",18.89,18.87,21.52,23.84
D06,2024,year_shift,,"2026 shape moved like the anchored combos of 2024 (A00, A01, B00, C00, D01): a=1.63 b=1.000",19.0,18.98,21.62,23.94
D06,2025,year_shift,,"2026 shape moved like the anchored combos of 2025 (A00, A01, B00, C00, C01, D01, D07): a=-6.19 b=1.256",15.62,15.61,18.9,21.82
D06,2026,synthesized,,copula on 2026 subject histograms (rho=0.5) + class correction a=1.30 b=0.934; leave-one-out KS on observed combos ~0.162,17.37,17.36,19.98,22.31
D07,2023,year_shift,,"2026 shape moved like the anchored combos of 2023 (A00, A01): a=1.53 b=1.000",20.39,20.52,23.16,25.24
D07,2024,year_shift,,"2026 shape moved like the anchored combos of 2024 (A00, A01, B00, C00, D01): a=1.63 b=1.000",20.5,20.62,23.27,25.35
D07,2025,anchored,,"2026 shape, a=-11.88 b=1.457 fitted to p50, p75, p90; residuals {'p50': -0.064, 'p75': 0.145, 'p90': -0.081}",15.61,15.79,19.64,22.67
D07,2026,observed,19295.0,"VnExpress phổ điểm 2026, 1-point bins, 19295 candidates",18.87,18.99,21.64,23.71
D08,2023,year_shift,,"2026 shape moved like the anchored combos of 2023 (A00, A01): a=1.53 b=1.000",18.55,18.19,21.04,23.74
D08,2024,year_shift,,"2026 shape moved like the anchored combos of 2024 (A00, A01, B00, C00, D01): a=1.63 b=1.000",18.65,18.3,21.15,23.85
D08,2025,year_shift,,"2026 shape moved like the anchored combos of 2025 (A00, A01, B00, C00, C01, D01, D07): a=-6.19 b=1.256",15.18,14.74,18.31,21.7
D08,2026,observed,3422.0,"VnExpress phổ điểm 2026, 1-point bins, 3422 candidates",17.02,16.67,19.51,22.21
D09,2023,year_shift,,"2026 shape moved like the anchored combos of 2023 (A00, A01): a=1.53 b=1.000",19.96,19.94,22.46,24.62
D09,2024,year_shift,,"2026 shape moved like the anchored combos of 2024 (A00, A01, B00, C00, D01): a=1.63 b=1.000",20.06,20.04,22.57,24.72
D09,2025,year_shift,,"2026 shape moved like the anchored combos of 2025 (A00, A01, B00, C00, C01, D01, D07): a=-6.19 b=1.256",16.95,16.93,20.09,22.8
D09,2026,observed,88020.0,"VnExpress phổ điểm 2026, 1-point bins, 88020 candidates",18.43,18.41,20.93,23.09
D10,2023,year_shift,,"2026 shape moved like the anchored combos of 2023 (A00, A01): a=1.53 b=1.000",18.32,18.11,21.06,23.61
D10,2024,year_shift,,"2026 shape moved like the anchored combos of 2024 (A00, A01, B00, C00, D01): a=1.63 b=1.000",18.43,18.22,21.17,23.72
D10,2025,year_shift,,"2026 shape moved like the anchored combos of 2025 (A00, A01, B00, C00, C01, D01, D07): a=-6.19 b=1.256",14.9,14.63,18.33,21.53
D10,2026,synthesized,,copula on 2026 subject histograms (rho=0.5) + class correction a=2.26 b=0.922; leave-one-out KS on observed combos ~0.162,16.8,16.58,19.53,22.08
D11,2023,year_shift,,"2026 shape moved like the anchored combos of 2023 (A00, A01): a=1.53 b=1.000",19.55,19.47,22.04,24.3
D11,2024,year_shift,,"2026 shape moved like the anchored combos of 2024 (A00, A01, B00, C00, D01): a=1.63 b=1.000",19.66,19.58,22.14,24.41
D11,2025,year_shift,,"2026 shape moved like the anchored combos of 2025 (A00, A01, B00, C00, C01, D01, D07): a=-6.19 b=1.256",16.44,16.33,19.54,22.4
D11,2026,synthesized,,copula on 2026 subject histograms (rho=0.5) + class correction a=2.26 b=0.922; leave-one-out KS on observed combos ~0.162,18.02,17.94,20.49,22.77
D12,2023,year_shift,,"2026 shape moved like the anchored combos of 2023 (A00, A01): a=1.53 b=1.000",20.22,20.32,22.68,24.76
D12,2024,year_shift,,"2026 shape moved like the anchored combos of 2024 (A00, A01, B00, C00, D01): a=1.63 b=1.000",20.33,20.43,22.78,24.87
D12,2025,year_shift,,"2026 shape moved like the anchored combos of 2025 (A00, A01, B00, C00, C01, D01, D07): a=-6.19 b=1.256",17.29,17.42,20.36,22.98
D12,2026,synthesized,,copula on 2026 subject histograms (rho=0.5) + class correction a=2.26 b=0.922; leave-one-out KS on observed combos ~0.162,18.7,18.81,21.14,23.23
D13,2023,year_shift,,"2026 shape moved like the anchored combos of 2023 (A00, A01): a=1.53 b=1.000",19.8,19.69,22.2,24.48
D13,2024,year_shift,,"2026 shape moved like the anchored combos of 2024 (A00, A01, B00, C00, D01): a=1.63 b=1.000",19.91,19.8,22.31,24.6
D13,2025,year_shift,,"2026 shape moved like the anchored combos of 2025 (A00, A01, B00, C00, C01, D01, D07): a=-6.19 b=1.256",16.76,16.62,19.77,22.64
D13,2026,synthesized,,copula on 2026 subject histograms (rho=0.5) + class correction a=2.26 b=0.922; leave-one-out KS on observed combos ~0.162,18.27,18.16,20.68,22.96
D14,2023,year_shift,,"2026 shape moved like the anchored combos of 2023 (A00, A01): a=1.53 b=1.000",20.13,20.11,22.64,24.79
D14,2024,year_shift,,"2026 shape moved like the anchored combos of 2024 (A00, A01, B00, C00, D01): a=1.63 b=1.000",20.23,20.22,22.75,24.89
D14,2025,year_shift,,"2026 shape moved like the anchored combos of 2025 (A00, A01, B00, C00, C01, D01, D07): a=-6.19 b=1.256",17.16,17.15,20.33,22.99
D14,2026,synthesized,,copula on 2026 subject histograms (rho=0.5) + class correction a=2.26 b=0.922; leave-one-out KS on observed combos ~0.162,18.6,18.59,21.12,23.24
D15,2023,year_shift,,"2026 shape moved like the anchored combos of 2023 (A00, A01): a=1.53 b=1.000",19.12,19.03,21.51,23.64
D15,2024,year_shift,,"2026 shape moved like the anchored combos of 2024 (A00, A01, B00, C00, D01): a=1.63 b=1.000",19.22,19.13,21.62,23.74
D15,2025,year_shift,,"2026 shape moved like the anchored combos of 2025 (A00, A01, B00, C00, C01, D01, D07): a=-6.19 b=1.256",15.9,15.78,18.9,21.57
D15,2026,synthesized,,copula on 2026 subject histograms (rho=0.5) + class correction a=2.26 b=0.922; leave-one-out KS on observed combos ~0.162,17.59,17.49,19.98,22.09
D16,2023,year_shift,,"2026 shape moved like the anchored combos of 2023 (A00, A01): a=1.53 b=1.000",18.32,18.11,21.06,23.61
D16,2024,year_shift,,"2026 shape moved like the anchored combos of 2024 (A00, A01, B00, C00, D01): a=1.63 b=1.000",18.43,18.22,21.17,23.72
D16,2025,year_shift,,"2026 shape moved like the anchored combos of 2025 (A00, A01, B00, C00, C01, D01, D07): a=-6.19 b=1.256",14.9,14.63,18.33,21.53
D16,2026,synthesized,,copula on 2026 subject histograms (rho=0.5) + class correction a=2.26 b=0.922; leave-one-out KS on observed combos ~0.162,16.8,16.58,19.53,22.08
D18,2023,year_shift,,"2026 shape moved like the anchored combos of 2023 (A00, A01): a=1.53 b=1.000",18.32,18.11,21.06,23.61
D18,2024,year_shift,,"2026 shape moved like the anchored combos of 2024 (A00, A01, B00, C00, D01): a=1.63 b=1.000",18.43,18.22,21.17,23.72
D18,2025,year_shift,,"2026 shape moved like the anchored combos of 2025 (A00, A01, B00, C00, C01, D01, D07): a=-6.19 b=1.256",14.9,14.63,18.33,21.53
D18,2026,synthesized,,copula on 2026 subject histograms (rho=0.5) + class correction a=2.26 b=0.922; leave-one-out KS on observed combos ~0.162,16.8,16.58,19.53,22.08
D19,2023,year_shift,,"2026 shape moved like the anchored combos of 2023 (A00, A01): a=1.53 b=1.000",18.32,18.11,21.06,23.61
D19,2024,year_shift,,"2026 shape moved like the anchored combos of 2024 (A00, A01, B00, C00, D01): a=1.63 b=1.000",18.43,18.22,21.17,23.72
D19,2025,year_shift,,"2026 shape moved like the anchored combos of 2025 (A00, A01, B00, C00, C01, D01, D07): a=-6.19 b=1.256",14.9,14.63,18.33,21.53
D19,2026,synthesized,,copula on 2026 subject histograms (rho=0.5) + class correction a=2.26 b=0.922; leave-one-out KS on observed combos ~0.162,16.8,16.58,19.53,22.08
D20,2023,year_shift,,"2026 shape moved like the anchored combos of 2023 (A00, A01): a=1.53 b=1.000",18.32,18.11,21.06,23.61
D20,2024,year_shift,,"2026 shape moved like the anchored combos of 2024 (A00, A01, B00, C00, D01): a=1.63 b=1.000",18.43,18.22,21.17,23.72
D20,2025,year_shift,,"2026 shape moved like the anchored combos of 2025 (A00, A01, B00, C00, C01, D01, D07): a=-6.19 b=1.256",14.9,14.63,18.33,21.53
D20,2026,synthesized,,copula on 2026 subject histograms (rho=0.5) + class correction a=2.26 b=0.922; leave-one-out KS on observed combos ~0.162,16.8,16.58,19.53,22.08
D21,2023,year_shift,,"2026 shape moved like the anchored combos of 2023 (A00, A01): a=1.53 b=1.000",19.43,19.41,22.23,24.73
D21,2024,year_shift,,"2026 shape moved like the anchored combos of 2024 (A00, A01, B00, C00, D01): a=1.63 b=1.000",19.54,19.51,22.33,24.84
D21,2025,year_shift,,"2026 shape moved like the anchored combos of 2025 (A00, A01, B00, C00, C01, D01, D07): a=-6.19 b=1.256",16.29,16.26,19.79,22.96
D21,2026,synthesized,,copula on 2026 subject histograms (rho=0.5) + class correction a=2.26 b=0.922; leave-one-out KS on observed combos ~0.162,17.9,17.89,20.69,23.21
D22,2023,year_shift,,"2026 shape moved like the anchored combos of 2023 (A00, A01): a=1.53 b=1.000",19.43,19.41,22.23,24.73
D22,2024,year_shift,,"2026 shape moved like the anchored combos of 2024 (A00, A01, B00, C00, D01): a=1.63 b=1.000",19.54,19.51,22.33,24.84
D22,2025,year_shift,,"2026 shape moved like the anchored combos of 2025 (A00, A01, B00, C00, C01, D01, D07): a=-6.19 b=1.256",16.29,16.26,19.79,22.96
D22,2026,synthesized,,copula on 2026 subject histograms (rho=0.5) + class correction a=2.26 b=0.922; leave-one-out KS on observed combos ~0.162,17.9,17.89,20.69,23.21
D23,2023,year_shift,,"2026 shape moved like the anchored combos of 2023 (A00, A01): a=1.53 b=1.000",19.43,19.41,22.23,24.73
D23,2024,year_shift,,"2026 shape moved like the anchored combos of 2024 (A00, A01, B00, C00, D01): a=1.63 b=1.000",19.54,19.51,22.33,24.84
D23,2025,year_shift,,"2026 shape moved like the anchored combos of 2025 (A00, A01, B00, C00, C01, D01, D07): a=-6.19 b=1.256",16.29,16.26,19.79,22.96
D23,2026,synthesized,,copula on 2026 subject histograms (rho=0.5) + class correction a=2.26 b=0.922; leave-one-out KS on observed combos ~0.162,17.9,17.89,20.69,23.21
D24,2023,year_shift,,"2026 shape moved like the anchored combos of 2023 (A00, A01): a=1.53 b=1.000",19.43,19.41,22.23,24.73
D24,2024,year_shift,,"2026 shape moved like the anchored combos of 2024 (A00, A01, B00, C00, D01): a=1.63 b=1.000",19.54,19.51,22.33,24.84
D24,2025,year_shift,,"2026 shape moved like the anchored combos of 2025 (A00, A01, B00, C00, C01, D01, D07): a=-6.19 b=1.256",16.29,16.26,19.79,22.96
D24,2026,synthesized,,copula on 2026 subject histograms (rho=0.5) + class correction a=2.26 b=0.922; leave-one-out KS on observed combos ~0.162,17.9,17.89,20.69,23.21
D25,2023,year_shift,,"2026 shape moved like the anchored combos of 2023 (A00, A01): a=1.53 b=1.000",19.43,19.41,22.23,24.73
D25,2024,year_shift,,"2026 shape moved like the anchored combos of 2024 (A00, A01, B00, C00, D01): a=1.63 b=1.000",19.54,19.51,22.33,24.84
D25,2025,year_shift,,"2026 shape moved like the anchored combos of 2025 (A00, A01, B00, C00, C01, D01, D07): a=-6.19 b=1.256",16.29,16.26,19.79,22.96
D25,2026,synthesized,,copula on 2026 subject histograms (rho=0.5) + class correction a=2.26 b=0.922; leave-one-out KS on observed combos ~0.162,17.9,17.89,20.69,23.21
D26,2023,year_shift,,"2026 shape moved like the anchored combos of 2023 (A00, A01): a=1.53 b=1.000",18.76,18.56,21.6,24.27
D26,2024,year_shift,,"2026 shape moved like the anchored combos of 2024 (A00, A01, B00, C00, D01): a=1.63 b=1.000",18.86,18.67,21.7,24.37
D26,2025,year_shift,,"2026 shape moved like the anchored combos of 2025 (A00, A01, B00, C00, C01, D01, D07): a=-6.19 b=1.256",15.45,15.19,19.0,22.37
D26,2026,synthesized,,copula on 2026 subject histograms (rho=0.5) + class correction a=2.26 b=0.922; leave-one-out KS on observed combos ~0.162,17.23,17.03,20.05,22.75
D27,2023,year_shift,,"2026 shape moved like the anchored combos of 2023 (A00, A01): a=1.53 b=1.000",18.76,18.56,21.6,24.27
D27,2024,year_shift,,"2026 shape moved like the anchored combos of 2024 (A00, A01, B00, C00, D01): a=1.63 b=1.000",18.86,18.67,21.7,24.37
D27,2025,year_shift,,"2026 shape moved like the anchored combos of 2025 (A00, A01, B00, C00, C01, D01, D07): a=-6.19 b=1.256",15.45,15.19,19.0,22.37
D27,2026,synthesized,,copula on 2026 subject histograms (rho=0.5) + class correction a=2.26 b=0.922; leave-one-out KS on observed combos ~0.162,17.23,17.03,20.05,22.75
D28,2023,year_shift,,"2026 shape moved like the anchored combos of 2023 (A00, A01): a=1.53 b=1.000",18.76,18.56,21.6,24.27
D28,2024,year_shift,,"2026 shape moved like the anchored combos of 2024 (A00, A01, B00, C00, D01): a=1.63 b=1.000",18.86,18.67,21.7,24.37
D28,2025,year_shift,,"2026 shape moved like the anchored combos of 2025 (A00, A01, B00, C00, C01, D01, D07): a=-6.19 b=1.256",15.45,15.19,19.0,22.37
D28,2026,synthesized,,copula on 2026 subject histograms (rho=0.5) + class correction a=2.26 b=0.922; leave-one-out KS on observed combos ~0.162,17.23,17.03,20.05,22.75
D29,2023,year_shift,,"2026 shape moved like the anchored combos of 2023 (A00, A01): a=1.53 b=1.000",18.76,18.56,21.6,24.27
D29,2024,year_shift,,"2026 shape moved like the anchored combos of 2024 (A00, A01, B00, C00, D01): a=1.63 b=1.000",18.86,18.67,21.7,24.37
D29,2025,year_shift,,"2026 shape moved like the anchored combos of 2025 (A00, A01, B00, C00, C01, D01, D07): a=-6.19 b=1.256",15.45,15.19,19.0,22.37
D29,2026,synthesized,,copula on 2026 subject histograms (rho=0.5) + class correction a=2.26 b=0.922; leave-one-out KS on observed combos ~0.162,17.23,17.03,20.05,22.75
D30,2023,year_shift,,"2026 shape moved like the anchored combos of 2023 (A00, A01): a=1.53 b=1.000",18.76,18.56,21.6,24.27
D30,2024,year_shift,,"2026 shape moved like the anchored combos of 2024 (A00, A01, B00, C00, D01): a=1.63 b=1.000",18.86,18.67,21.7,24.37
D30,2025,year_shift,,"2026 shape moved like the anchored combos of 2025 (A00, A01, B00, C00, C01, D01, D07): a=-6.19 b=1.256",15.45,15.19,19.0,22.37
D30,2026,synthesized,,copula on 2026 subject histograms (rho=0.5) + class correction a=2.26 b=0.922; leave-one-out KS on observed combos ~0.162,17.23,17.03,20.05,22.75
D31,2023,year_shift,,"2026 shape moved like the anchored combos of 2023 (A00, A01): a=1.53 b=1.000",19.01,18.78,21.76,24.34
D31,2024,year_shift,,"2026 shape moved like the anchored combos of 2024 (A00, A01, B00, C00, D01): a=1.63 b=1.000",19.11,18.88,21.87,24.44
D31,2025,year_shift,,"2026 shape moved like the anchored combos of 2025 (A00, A01, B00, C00, C01, D01, D07): a=-6.19 b=1.256",15.76,15.46,19.21,22.44
D31,2026,synthesized,,copula on 2026 subject histograms (rho=0.5) + class correction a=2.26 b=0.922; leave-one-out KS on observed combos ~0.162,17.48,17.24,20.23,22.79
D32,2023,year_shift,,"2026 shape moved like the anchored combos of 2023 (A00, A01): a=1.53 b=1.000",19.01,18.78,21.76,24.34
D32,2024,year_shift,,"2026 shape moved like the anchored combos of 2024 (A00, A01, B00, C00, D01): a=1.63 b=1.000",19.11,18.88,21.87,24.44
D32,2025,year_shift,,"2026 shape moved like the anchored combos of 2025 (A00, A01, B00, C00, C01, D01, D07): a=-6.19 b=1.256",15.76,15.46,19.21,22.44
D32,2026,synthesized,,copula on 2026 subject histograms (rho=0.5) + class correction a=2.26 b=0.922; leave-one-out KS on observed combos ~0.162,17.48,17.24,20.23,22.79
D33,2023,year_shift,,"2026 shape moved like the anchored combos of 2023 (A00, A01): a=1.53 b=1.000",19.01,18.78,21.76,24.34
D33,2024,year_shift,,"2026 shape moved like the anchored combos of 2024 (A00, A01, B00, C00, D01): a=1.63 b=1.000",19.11,18.88,21.87,24.44
D33,2025,year_shift,,"2026 shape moved like the anchored combos of 2025 (A00, A01, B00, C00, C01, D01, D07): a=-6.19 b=1.256",15.76,15.46,19.21,22.44
D33,2026,synthesized,,copula on 2026 subject histograms (rho=0.5) + class correction a=2.26 b=0.922; leave-one-out KS on observed combos ~0.162,17.48,17.24,20.23,22.79
D34,2023,year_shift,,"2026 shape moved like the anchored combos of 2023 (A00, A01): a=1.53 b=1.000",19.01,18.78,21.76,24.34
D34,2024,year_shift,,"2026 shape moved like the anchored combos of 2024 (A00, A01, B00, C00, D01): a=1.63 b=1.000",19.11,18.88,21.87,24.44
D34,2025,year_shift,,"2026 shape moved like the anchored combos of 2025 (A00, A01, B00, C00, C01, D01, D07): a=-6.19 b=1.256",15.76,15.46,19.21,22.44
D34,2026,synthesized,,copula on 2026 subject histograms (rho=0.5) + class correction a=2.26 b=0.922; leave-one-out KS on observed combos ~0.162,17.48,17.24,20.23,22.79
D35,2023,year_shift,,"2026 shape moved like the anchored combos of 2023 (A00, A01): a=1.53 b=1.000",19.01,18.78,21.76,24.34
D35,2024,year_shift,,"2026 shape moved like the anchored combos of 2024 (A00, A01, B00, C00, D01): a=1.63 b=1.000",19.11,18.88,21.87,24.44
D35,2025,year_shift,,"2026 shape moved like the anchored combos of 2025 (A00, A01, B00, C00, C01, D01, D07): a=-6.19 b=1.256",15.76,15.46,19.21,22.44
D35,2026,synthesized,,copula on 2026 subject histograms (rho=0.5) + class correction a=2.26 b=0.922; leave-one-out KS on observed combos ~0.162,17.48,17.24,20.23,22.79
D36,2023,year_shift,,"2026 shape moved like the anchored combos of 2023 (A00, A01): a=1.53 b=1.000",19.33,19.2,22.19,24.76
D36,2024,year_shift,,"2026 shape moved like the anchored combos of 2024 (A00, A01, B00, C00, D01): a=1.63 b=1.000",19.44,19.31,22.3,24.87
D36,2025,year_shift,,"2026 shape moved like the anchored combos of 2025 (A00, A01, B00, C00, C01, D01, D07): a=-6.19 b=1.256",16.17,16.0,19.76,22.98
D36,2026,synthesized,,copula on 2026 subject histograms (rho=0.5) + class correction a=2.26 b=0.922; leave-one-out KS on observed combos ~0.162,17.81,17.67,20.67,23.23
D37,2023,year_shift,,"2026 shape moved like the anchored combos of 2023 (A00, A01): a=1.53 b=1.000",19.33,19.2,22.19,24.76
D37,2024,year_shift,,"2026 shape moved like the anchored combos of 2024 (A00, A01, B00, C00, D01): a=1.63 b=1.000",19.44,19.31,22.3,24.87
D37,2025,year_shift,,"2026 shape moved like the anchored combos of 2025 (A00, A01, B00, C00, C01, D01, D07): a=-6.19 b=1.256",16.17,16.0,19.76,22.98
D37,2026,synthesized,,copula on 2026 subject histograms (rho=0.5) + class correction a=2.26 b=0.922; leave-one-out KS on observed combos ~0.162,17.81,17.67,20.67,23.23
D38,2023,year_shift,,"2026 shape moved like the anchored combos of 2023 (A00, A01): a=1.53 b=1.000",19.33,19.2,22.19,24.76
D38,2024,year_shift,,"2026 shape moved like the anchored combos of 2024 (A00, A01, B00, C00, D01): a=1.63 b=1.000",19.44,19.31,22.3,24.87
D38,2025,year_shift,,"2026 shape moved like the anchored combos of 2025 (A00, A01, B00, C00, C01, D01, D07): a=-6.19 b=1.256",16.17,16.0,19.76,22.98
D38,2026,synthesized,,copula on 2026 subject histograms (rho=0.5) + class correction a=2.26 b=0.922; leave-one-out KS on observed combos ~0.162,17.81,17.67,20.67,23.23
D39,2023,year_shift,,"2026 shape moved like the anchored combos of 2023 (A00, A01): a=1.53 b=1.000",19.33,19.2,22.19,24.76
D39,2024,year_shift,,"2026 shape moved like the anchored combos of 2024 (A00, A01, B00, C00, D01): a=1.63 b=1.000",19.44,19.31,22.3,24.87
D39,2025,year_shift,,"2026 shape moved like the anchored combos of 2025 (A00, A01, B00, C00, C01, D01, D07): a=-6.19 b=1.256",16.17,16.0,19.76,22.98
D39,2026,synthesized,,copula on 2026 subject histograms (rho=0.5) + class correction a=2.26 b=0.922; leave-one-out KS on observed combos ~0.162,17.81,17.67,20.67,23.23
D40,2023,year_shift,,"2026 shape moved like the anchored combos of 2023 (A00, A01): a=1.53 b=1.000",19.33,19.2,22.19,24.76
D40,2024,year_shift,,"2026 shape moved like the anchored combos of 2024 (A00, A01, B00, C00, D01): a=1.63 b=1.000",19.44,19.31,22.3,24.87
D40,2025,year_shift,,"2026 shape moved like the anchored combos of 2025 (A00, A01, B00, C00, C01, D01, D07): a=-6.19 b=1.256",16.17,16.0,19.76,22.98
D40,2026,synthesized,,copula on 2026 subject histograms (rho=0.5) + class correction a=2.26 b=0.922; leave-one-out KS on observed combos ~0.162,17.81,17.67,20.67,23.23
D41,2023,year_shift,,"2026 shape moved like the anchored combos of 2023 (A00, A01): a=1.53 b=1.000",19.12,19.03,21.51,23.64
D41,2024,year_shift,,"2026 shape moved like the anchored combos of 2024 (A00, A01, B00, C00, D01): a=1.63 b=1.000",19.22,19.13,21.62,23.74
D41,2025,year_shift,,"2026 shape moved like the anchored combos of 2025 (A00, A01, B00, C00, C01, D01, D07): a=-6.19 b=1.256",15.9,15.78,18.9,21.57
D41,2026,synthesized,,copula on 2026 subject histograms (rho=0.5) + class correction a=2.26 b=0.922; leave-one-out KS on observed combos ~0.162,17.59,17.49,19.98,22.09
D42,2023,year_shift,,"2026 shape moved like the anchored combos of 2023 (A00, A01): a=1.53 b=1.000",19.12,19.03,21.51,23.64
D42,2024,year_shift,,"2026 shape moved like the anchored combos of 2024 (A00, A01, B00, C00, D01): a=1.63 b=1.000",19.22,19.13,21.62,23.74
D42,2025,year_shift,,"2026 shape moved like the anchored combos of 2025 (A00, A01, B00, C00, C01, D01, D07): a=-6.19 b=1.256",15.9,15.78,18.9,21.57
D42,2026,synthesized,,copula on 2026 subject histograms (rho=0.5) + class correction a=2.26 b=0.922; leave-one-out KS on observed combos ~0.162,17.59,17.49,19.98,22.09
D43,2023,year_shift,,"2026 shape moved like the anchored combos of 2023 (A00, A01): a=1.53 b=1.000",19.12,19.03,21.51,23.64
D43,2024,year_shift,,"2026 shape moved like the anchored combos of 2024 (A00, A01, B00, C00, D01): a=1.63 b=1.000",19.22,19.13,21.62,23.74
D43,2025,year_shift,,"2026 shape moved like the anchored combos of 2025 (A00, A01, B00, C00, C01, D01, D07): a=-6.19 b=1.256",15.9,15.78,18.9,21.57
D43,2026,synthesized,,copula on 2026 subject histograms (rho=0.5) + class correction a=2.26 b=0.922; leave-one-out KS on observed combos ~0.162,17.59,17.49,19.98,22.09
D44,2023,year_shift,,"2026 shape moved like the anchored combos of 2023 (A00, A01): a=1.53 b=1.000",19.12,19.03,21.51,23.64
D44,2024,year_shift,,"2026 shape moved like the anchored combos of 2024 (A00, A01, B00, C00, D01): a=1.63 b=1.000",19.22,19.13,21.62,23.74
D44,2025,year_shift,,"2026 shape moved like the anchored combos of 2025 (A00, A01, B00, C00, C01, D01, D07): a=-6.19 b=1.256",15.9,15.78,18.9,21.57
D44,2026,synthesized,,copula on 2026 subject histograms (rho=0.5) + class correction a=2.26 b=0.922; leave-one-out KS on observed combos ~0.162,17.59,17.49,19.98,22.09
D45,2023,year_shift,,"2026 shape moved like the anchored combos of 2023 (A00, A01): a=1.53 b=1.000",19.12,19.03,21.51,23.64
D45,2024,year_shift,,"2026 shape moved like the anchored combos of 2024 (A00, A01, B00, C00, D01): a=1.63 b=1.000",19.22,19.13,21.62,23.74
D45,2025,year_shift,,"2026 shape moved like the anchored combos of 2025 (A00, A01, B00, C00, C01, D01, D07): a=-6.19 b=1.256",15.9,15.78,18.9,21.57
D45,2026,synthesized,,copula on 2026 subject histograms (rho=0.5) + class correction a=2.26 b=0.922; leave-one-out KS on observed combos ~0.162,17.59,17.49,19.98,22.09
D46,2023,year_shift,,"2026 shape moved like the anchored combos of 2023 (A00, A01): a=1.53 b=1.000",20.22,20.32,22.68,24.76
D46,2024,year_shift,,"2026 shape moved like the anchored combos of 2024 (A00, A01, B00, C00, D01): a=1.63 b=1.000",20.33,20.43,22.78,24.87
D46,2025,year_shift,,"2026 shape moved like the anchored combos of 2025 (A00, A01, B00, C00, C01, D01, D07): a=-6.19 b=1.256",17.29,17.42,20.36,22.98
D46,2026,synthesized,,copula on 2026 subject histograms (rho=0.5) + class correction a=2.26 b=0.922; leave-one-out KS on observed combos ~0.162,18.7,18.81,21.14,23.23
D47,2023,year_shift,,"2026 shape moved like the anchored combos of 2023 (A00, A01): a=1.53 b=1.000",20.22,20.32,22.68,24.76
D47,2024,year_shift,,"2026 shape moved like the anchored combos of 2024 (A00, A01, B00, C00, D01): a=1.63 b=1.000",20.33,20.43,22.78,24.87
D47,2025,year_shift,,"2026 shape moved like the anchored combos of 2025 (A00, A01, B00, C00, C01, D01, D07): a=-6.19 b=1.256",17.29,17.42,20.36,22.98
D47,2026,synthesized,,copula on 2026 subject histograms (rho=0.5) + class correction a=2.26 b=0.922; leave-one-out KS on observed combos ~0.162,18.7,18.81,21.14,23.23
D48,2023,year_shift,,"2026 shape moved like the anchored combos of 2023 (A00, A01): a=1.53 b=1.000",20.22,20.32,22.68,24.76
D48,2024,year_shift,,"2026 shape moved like the anchored combos of 2024 (A00, A01, B00, C00, D01): a=1.63 b=1.000",20.33,20.43,22.78,24.87
D48,2025,year_shift,,"2026 shape moved like the anchored combos of 2025 (A00, A01, B00, C00, C01, D01, D07): a=-6.19 b=1.256",17.29,17.42,20.36,22.98
D48,2026,synthesized,,copula on 2026 subject histograms (rho=0.5) + class correction a=2.26 b=0.922; leave-one-out KS on observed combos ~0.162,18.7,18.81,21.14,23.23
D49,2023,year_shift,,"2026 shape moved like the anchored combos of 2023 (A00, A01): a=1.53 b=1.000",20.22,20.32,22.68,24.76
D49,2024,year_shift,,"2026 shape moved like the anchored combos of 2024 (A00, A01, B00, C00, D01): a=1.63 b=1.000",20.33,20.43,22.78,24.87
D49,2025,year_shift,,"2026 shape moved like the anchored combos of 2025 (A00, A01, B00, C00, C01, D01, D07): a=-6.19 b=1.256",17.29,17.42,20.36,22.98
D49,2026,synthesized,,copula on 2026 subject histograms (rho=0.5) + class correction a=2.26 b=0.922; leave-one-out KS on observed combos ~0.162,18.7,18.81,21.14,23.23
D50,2023,year_shift,,"2026 shape moved like the anchored combos of 2023 (A00, A01): a=1.53 b=1.000",20.22,20.32,22.68,24.76
D50,2024,year_shift,,"2026 shape moved like the anchored combos of 2024 (A00, A01, B00, C00, D01): a=1.63 b=1.000",20.33,20.43,22.78,24.87
D50,2025,year_shift,,"2026 shape moved like the anchored combos of 2025 (A00, A01, B00, C00, C01, D01, D07): a=-6.19 b=1.256",17.29,17.42,20.36,22.98
D50,2026,synthesized,,copula on 2026 subject histograms (rho=0.5) + class correction a=2.26 b=0.922; leave-one-out KS on observed combos ~0.162,18.7,18.81,21.14,23.23
D51,2023,year_shift,,"2026 shape moved like the anchored combos of 2023 (A00, A01): a=1.53 b=1.000",19.55,19.47,22.04,24.3
D51,2024,year_shift,,"2026 shape moved like the anchored combos of 2024 (A00, A01, B00, C00, D01): a=1.63 b=1.000",19.66,19.58,22.14,24.41
D51,2025,year_shift,,"2026 shape moved like the anchored combos of 2025 (A00, A01, B00, C00, C01, D01, D07): a=-6.19 b=1.256",16.44,16.33,19.54,22.4
D51,2026,synthesized,,copula on 2026 subject histograms (rho=0.5) + class correction a=2.26 b=0.922; leave-one-out KS on observed combos ~0.162,18.02,17.94,20.49,22.77
D52,2023,year_shift,,"2026 shape moved like the anchored combos of 2023 (A00, A01): a=1.53 b=1.000",19.55,19.47,22.04,24.3
D52,2024,year_shift,,"2026 shape moved like the anchored combos of 2024 (A00, A01, B00, C00, D01): a=1.63 b=1.000",19.66,19.58,22.14,24.41
D52,2025,year_shift,,"2026 shape moved like the anchored combos of 2025 (A00, A01, B00, C00, C01, D01, D07): a=-6.19 b=1.256",16.44,16.33,19.54,22.4
D52,2026,synthesized,,copula on 2026 subject histograms (rho=0.5) + class correction a=2.26 b=0.922; leave-one-out KS on observed combos ~0.162,18.02,17.94,20.49,22.77
D53,2023,year_shift,,"2026 shape moved like the anchored combos of 2023 (A00, A01): a=1.53 b=1.000",19.55,19.47,22.04,24.3
D53,2024,year_shift,,"2026 shape moved like the anchored combos of 2024 (A00, A01, B00, C00, D01): a=1.63 b=1.000",19.66,19.58,22.14,24.41
D53,2025,year_shift,,"2026 shape moved like the anchored combos of 2025 (A00, A01, B00, C00, C01, D01, D07): a=-6.19 b=1.256",16.44,16.33,19.54,22.4
D53,2026,synthesized,,copula on 2026 subject histograms (rho=0.5) + class correction a=2.26 b=0.922; leave-one-out KS on observed combos ~0.162,18.02,17.94,20.49,22.77
D54,2023,year_shift,,"2026 shape moved like the anchored combos of 2023 (A00, A01): a=1.53 b=1.000",19.55,19.47,22.04,24.3
D54,2024,year_shift,,"2026 shape moved like the anchored combos of 2024 (A00, A01, B00, C00, D01): a=1.63 b=1.000",19.66,19.58,22.14,24.41
D54,2025,year_shift,,"2026 shape moved like the anchored combos of 2025 (A00, A01, B00, C00, C01, D01, D07): a=-6.19 b=1.256",16.44,16.33,19.54,22.4
D54,2026,synthesized,,copula on 2026 subject histograms (rho=0.5) + class correction a=2.26 b=0.922; leave-one-out KS on observed combos ~0.162,18.02,17.94,20.49,22.77
D55,2023,year_shift,,"2026 shape moved like the anchored combos of 2023 (A00, A01): a=1.53 b=1.000",19.55,19.47,22.04,24.3
D55,2024,year_shift,,"2026 shape moved like the anchored combos of 2024 (A00, A01, B00, C00, D01): a=1.63 b=1.000",19.66,19.58,22.14,24.41
D55,2025,year_shift,,"2026 shape moved like the anchored combos of 2025 (A00, A01, B00, C00, C01, D01, D07): a=-6.19 b=1.256",16.44,16.33,19.54,22.4
D55,2026,synthesized,,copula on 2026 subject histograms (rho=0.5) + class correction a=2.26 b=0.922; leave-one-out KS on observed combos ~0.162,18.02,17.94,20.49,22.77
D56,2023,year_shift,,"2026 shape moved like the anchored combos of 2023 (A00, A01): a=1.53 b=1.000",19.8,19.69,22.2,24.48
D56,2024,year_shift,,"2026 shape moved like the anchored combos of 2024 (A00, A01, B00, C00, D01): a=1.63 b=1.000",19.91,19.8,22.31,24.6
D56,2025,year_shift,,"2026 shape moved like the anchored combos of 2025 (A00, A01, B00, C00, C01, D01, D07): a=-6.19 b=1.256",16.76,16.62,19.77,22.64
D56,2026,synthesized,,copula on 2026 subject histograms (rho=0.5) + class correction a=2.26 b=0.922; leave-one-out KS on observed combos ~0.162,18.27,18.16,20.68,22.96
D57,2023,year_shift,,"2026 shape moved like the anchored combos of 2023 (A00, A01): a=1.53 b=1.000",19.8,19.69,22.2,24.48
D57,2024,year_shift,,"2026 shape moved like the anchored combos of 2024 (A00, A01, B00, C00, D01): a=1.63 b=1.000",19.91,19.8,22.31,24.6
D57,2025,year_shift,,"2026 shape moved like the anchored combos of 2025 (A00, A01, B00, C00, C01, D01, D07): a=-6.19 b=1.256",16.76,16.62,19.77,22.64
D57,2026,synthesized,,copula on 2026 subject histograms (rho=0.5) + class correction a=2.26 b=0.922; leave-one-out KS on observed combos ~0.162,18.27,18.16,20.68,22.96
D58,2023,year_shift,,"2026 shape moved like the anchored combos of 2023 (A00, A01): a=1.53 b=1.000",19.8,19.69,22.2,24.48
D58,2024,year_shift,,"2026 shape moved like the anchored combos of 2024 (A00, A01, B00, C00, D01): a=1.63 b=1.000",19.91,19.8,22.31,24.6
D58,2025,year_shift,,"2026 shape moved like the anchored combos of 2025 (A00, A01, B00, C00, C01, D01, D07): a=-6.19 b=1.256",16.76,16.62,19.77,22.64
D58,2026,synthesized,,copula on 2026 subject histograms (rho=0.5) + class correction a=2.26 b=0.922; leave-one-out KS on observed combos ~0.162,18.27,18.16,20.68,22.96
D59,2023,year_shift,,"2026 shape moved like the anchored combos of 2023 (A00, A01): a=1.53 b=1.000",19.8,19.69,22.2,24.48
D59,2024,year_shift,,"2026 shape moved like the anchored combos of 2024 (A00, A01, B00, C00, D01): a=1.63 b=1.000",19.91,19.8,22.31,24.6
D59,2025,year_shift,,"2026 shape moved like the anchored combos of 2025 (A00, A01, B00, C00, C01, D01, D07): a=-6.19 b=1.256",16.76,16.62,19.77,22.64
D59,2026,synthesized,,copula on 2026 subject histograms (rho=0.5) + class correction a=2.26 b=0.922; leave-one-out KS on observed combos ~0.162,18.27,18.16,20.68,22.96
D60,2023,year_shift,,"2026 shape moved like the anchored combos of 2023 (A00, A01): a=1.53 b=1.000",19.8,19.69,22.2,24.48
D60,2024,year_shift,,"2026 shape moved like the anchored combos of 2024 (A00, A01, B00, C00, D01): a=1.63 b=1.000",19.91,19.8,22.31,24.6
D60,2025,year_shift,,"2026 shape moved like the anchored combos of 2025 (A00, A01, B00, C00, C01, D01, D07): a=-6.19 b=1.256",16.76,16.62,19.77,22.64
D60,2026,synthesized,,copula on 2026 subject histograms (rho=0.5) + class correction a=2.26 b=0.922; leave-one-out KS on observed combos ~0.162,18.27,18.16,20.68,22.96
D61,2023,year_shift,,"2026 shape moved like the anchored combos of 2023 (A00, A01): a=1.53 b=1.000",20.13,20.11,22.64,24.79
D61,2024,year_shift,,"2026 shape moved like the anchored combos of 2024 (A00, A01, B00, C00, D01): a=1.63 b=1.000",20.23,20.22,22.75,24.89
D61,2025,year_shift,,"2026 shape moved like the anchored combos of 2025 (A00, A01, B00, C00, C01, D01, D07): a=-6.19 b=1.256",17.16,17.15,20.33,22.99
D61,2026,synthesized,,copula on 2026 subject histograms (rho=0.5) + class correction a=2.26 b=0.922; leave-one-out KS on observed combos ~0.162,18.6,18.59,21.12,23.24
D62,2023,year_shift,,"2026 shape moved like the anchored combos of 2023 (A00, A01): a=1.53 b=1.000",20.13,20.11,22.64,24.79
D62,2024,year_shift,,"2026 shape moved like the anchored combos of 2024 (A00, A01, B00, C00, D01): a=1.63 b=1.000",20.23,20.22,22.75,24.89
D62,2025,year_shift,,"2026 shape moved like the anchored combos of 2025 (A00, A01, B00, C00, C01, D01, D07): a=-6.19 b=1.256",17.16,17.15,20.33,22.99
D62,2026,synthesized,,copula on 2026 subject histograms (rho=0.5) + class correction a=2.26 b=0.922; leave-one-out KS on observed combos ~0.162,18.6,18.59,21.12,23.24
D63,2023,year_shift,,"2026 shape moved like the anchored combos of 2023 (A00, A01): a=1.53 b=1.000",20.13,20.11,22.64,24.79
D63,2024,year_shift,,"2026 shape moved like the anchored combos of 2024 (A00, A01, B00, C00, D01): a=1.63 b=1.000",20.23,20.22,22.75,24.89
D63,2025,year_shift,,"2026 shape moved like the anchored combos of 2025 (A00, A01, B00, C00, C01, D01, D07): a=-6.19 b=1.256",17.16,17.15,20.33,22.99
D63,2026,synthesized,,copula on 2026 subject histograms (rho=0.5) + class correction a=2.26 b=0.922; leave-one-out KS on observed combos ~0.162,18.6,18.59,21.12,23.24
D64,2023,year_shift,,"2026 shape moved like the anchored combos of 2023 (A00, A01): a=1.53 b=1.000",20.13,20.11,22.64,24.79
D64,2024,year_shift,,"2026 shape moved like the anchored combos of 2024 (A00, A01, B00, C00, D01): a=1.63 b=1.000",20.23,20.22,22.75,24.89
D64,2025,year_shift,,"2026 shape moved like the anchored combos of 2025 (A00, A01, B00, C00, C01, D01, D07): a=-6.19 b=1.256",17.16,17.15,20.33,22.99
D64,2026,synthesized,,copula on 2026 subject histograms (rho=0.5) + class correction a=2.26 b=0.922; leave-one-out KS on observed combos ~0.162,18.6,18.59,21.12,23.24
D65,2023,year_shift,,"2026 shape moved like the anchored combos of 2023 (A00, A01): a=1.53 b=1.000",20.13,20.11,22.64,24.79
D65,2024,year_shift,,"2026 shape moved like the anchored combos of 2024 (A00, A01, B00, C00, D01): a=1.63 b=1.000",20.23,20.22,22.75,24.89
D65,2025,year_shift,,"2026 shape moved like the anchored combos of 2025 (A00, A01, B00, C00, C01, D01, D07): a=-6.19 b=1.256",17.16,17.15,20.33,22.99
D65,2026,synthesized,,copula on 2026 subject histograms (rho=0.5) + class correction a=2.26 b=0.922; leave-one-out KS on observed combos ~0.162,18.6,18.59,21.12,23.24
D68,2023,year_shift,,"2026 shape moved like the anchored combos of 2023 (A00, A01): a=1.53 b=1.000",19.03,18.99,21.28,23.34
D68,2024,year_shift,,"2026 shape moved like the anchored combos of 2024 (A00, A01, B00, C00, D01): a=1.63 b=1.000",19.13,19.1,21.39,23.45
D68,2025,year_shift,,"2026 shape moved like the anchored combos of 2025 (A00, A01, B00, C00, C01, D01, D07): a=-6.19 b=1.256",15.78,15.74,18.62,21.21
D68,2026,synthesized,,copula on 2026 subject histograms (rho=0.5) + class correction a=2.26 b=0.922; leave-one-out KS on observed combos ~0.162,17.5,17.46,19.76,21.82
D70,2023,year_shift,,"2026 shape moved like the anchored combos of 2023 (A00, A01): a=1.53 b=1.000",19.03,18.99,21.28,23.34
D70,2024,year_shift,,"2026 shape moved like the anchored combos of 2024 (A00, A01, B00, C00, D01): a=1.63 b=1.000",19.13,19.1,21.39,23.45
D70,2025,year_shift,,"2026 shape moved like the anchored combos of 2025 (A00, A01, B00, C00, C01, D01, D07): a=-6.19 b=1.256",15.78,15.74,18.62,21.21
D70,2026,synthesized,,copula on 2026 subject histograms (rho=0.5) + class correction a=2.26 b=0.922; leave-one-out KS on observed combos ~0.162,17.5,17.46,19.76,21.82
D71,2023,year_shift,,"2026 shape moved like the anchored combos of 2023 (A00, A01): a=1.53 b=1.000",19.03,18.99,21.28,23.34
D71,2024,year_shift,,"2026 shape moved like the anchored combos of 2024 (A00, A01, B00, C00, D01): a=1.63 b=1.000",19.13,19.1,21.39,23.45
D71,2025,year_shift,,"2026 shape moved like the anchored combos of 2025 (A00, A01, B00, C00, C01, D01, D07): a=-6.19 b=1.256",15.78,15.74,18.62,21.21
D71,2026,synthesized,,copula on 2026 subject histograms (rho=0.5) + class correction a=2.26 b=0.922; leave-one-out KS on observed combos ~0.162,17.5,17.46,19.76,21.82
X01,2023,year_shift,,"2026 shape moved like the anchored combos of 2023 (A00, A01): a=1.53 b=1.000",18.77,18.86,21.27,23.34
X01,2024,year_shift,,"2026 shape moved like the anchored combos of 2024 (A00, A01, B00, C00, D01): a=1.63 b=1.000",18.87,18.97,21.38,23.45
X01,2025,year_shift,,"2026 shape moved like the anchored combos of 2025 (A00, A01, B00, C00, C01, D01, D07): a=-6.19 b=1.256",15.46,15.6,18.59,21.2
X01,2026,synthesized,,copula on 2026 subject histograms (rho=0.5) + class correction a=1.30 b=0.934; leave-one-out KS on observed combos ~0.162,17.24,17.36,19.74,21.82
X02,2023,year_shift,,"2026 shape moved like the anchored combos of 2023 (A00, A01): a=1.53 b=1.000",19.78,19.84,22.42,24.53
X02,2024,year_shift,,"2026 shape moved like the anchored combos of 2024 (A00, A01, B00, C00, D01): a=1.63 b=1.000",19.89,19.95,22.53,24.64
X02,2025,year_shift,,"2026 shape moved like the anchored combos of 2025 (A00, A01, B00, C00, C01, D01, D07): a=-6.19 b=1.256",16.73,16.81,20.04,22.7
X02,2026,synthesized,,copula on 2026 subject histograms (rho=0.5) + class correction a=1.30 b=0.934; leave-one-out KS on observed combos ~0.162,18.25,18.32,20.89,23.0
X03,2023,year_shift,,"2026 shape moved like the anchored combos of 2023 (A00, A01): a=1.53 b=1.000",20.18,20.12,22.7,24.97
X03,2024,year_shift,,"2026 shape moved like the anchored combos of 2024 (A00, A01, B00, C00, D01): a=1.63 b=1.000",20.29,20.23,22.8,25.08
X03,2025,year_shift,,"2026 shape moved like the anchored combos of 2025 (A00, A01, B00, C00, C01, D01, D07): a=-6.19 b=1.256",17.23,17.15,20.4,23.26
X03,2026,synthesized,,copula on 2026 subject histograms (rho=0.5) + class correction a=1.30 b=0.934; leave-one-out KS on observed combos ~0.162,18.65,18.59,21.15,23.45
X04,2023,year_shift,,"2026 shape moved like the anchored combos of 2023 (A00, A01): a=1.53 b=1.000",20.63,20.77,23.13,25.02
X04,2024,year_shift,,"2026 shape moved like the anchored combos of 2024 (A00, A01, B00, C00, D01): a=1.63 b=1.000",20.74,20.88,23.24,25.13
X04,2025,year_shift,,"2026 shape moved like the anchored combos of 2025 (A00, A01, B00, C00, C01, D01, D07): a=-6.19 b=1.256",17.8,17.97,20.94,23.3
X04,2026,synthesized,,copula on 2026 subject histograms (rho=0.5) + class correction a=1.30 b=0.934; leave-one-out KS on observed combos ~0.162,19.1,19.25,21.6,23.48
X05,2023,year_shift,,"2026 shape moved like the anchored combos of 2023 (A00, A01): a=1.53 b=1.000",18.63,18.54,21.34,23.75
X05,2024,year_shift,,"2026 shape moved like the anchored combos of 2024 (A00, A01, B00, C00, D01): a=1.63 b=1.000",18.74,18.65,21.44,23.85
X05,2025,year_shift,,"2026 shape moved like the anchored combos of 2025 (A00, A01, B00, C00, C01, D01, D07): a=-6.19 b=1.256",15.29,15.18,18.68,21.75
X05,2026,synthesized,,copula on 2026 subject histograms (rho=0.5) + class correction a=2.26 b=0.922; leave-one-out KS on observed combos ~0.162,17.11,17.01,19.79,22.25
X06,2023,year_shift,,"2026 shape moved like the anchored combos of 2023 (A00, A01): a=1.53 b=1.000",19.63,19.61,22.47,24.96
X06,2024,year_shift,,"2026 shape moved like the anchored combos of 2024 (A00, A01, B00, C00, D01): a=1.63 b=1.000",19.74,19.71,22.57,25.06
X06,2025,year_shift,,"2026 shape moved like the anchored combos of 2025 (A00, A01, B00, C00, C01, D01, D07): a=-6.19 b=1.256",16.54,16.51,20.09,23.23
X06,2026,synthesized,,copula on 2026 subject histograms (rho=0.5) + class correction a=2.26 b=0.922; leave-one-out KS on observed combos ~0.162,18.1,18.1,20.93,23.43
X07,2023,year_shift,,"2026 shape moved like the anchored combos of 2023 (A00, A01): a=1.53 b=1.000",20.02,19.9,22.87,25.25
X07,2024,year_shift,,"2026 shape moved like the anchored combos of 2024 (A00, A01, B00, C00, D01): a=1.63 b=1.000",20.13,20.01,22.98,25.35
X07,2025,year_shift,,"2026 shape moved like the anchored combos of 2025 (A00, A01, B00, C00, C01, D01, D07): a=-6.19 b=1.256",17.04,16.88,20.62,23.59
X07,2026,synthesized,,copula on 2026 subject histograms (rho=0.5) + class correction a=2.26 b=0.922; leave-one-out KS on observed combos ~0.162,18.5,18.37,21.36,23.7
X08,2023,year_shift,,"2026 shape moved like the anchored combos of 2023 (A00, A01): a=1.53 b=1.000",20.47,20.45,23.17,25.44
X08,2024,year_shift,,"2026 shape moved like the anchored combos of 2024 (A00, A01, B00, C00, D01): a=1.63 b=1.000",20.58,20.55,23.28,25.55
X08,2025,year_shift,,"2026 shape moved like the anchored combos of 2025 (A00, A01, B00, C00, C01, D01, D07): a=-6.19 b=1.256",17.6,17.55,20.98,23.83
X08,2026,synthesized,,copula on 2026 subject histograms (rho=0.5) + class correction a=2.26 b=0.922; leave-one-out KS on observed combos ~0.162,18.94,18.9,21.63,23.91
X09,2023,year_shift,,"2026 shape moved like the anchored combos of 2023 (A00, A01): a=1.53 b=1.000",19.31,19.39,21.99,24.1
X09,2024,year_shift,,"2026 shape moved like the anchored combos of 2024 (A00, A01, B00, C00, D01): a=1.63 b=1.000",19.41,19.5,22.1,24.2
X09,2025,year_shift,,"2026 shape moved like the anchored combos of 2025 (A00, A01, B00, C00, C01, D01, D07): a=-6.19 b=1.256",16.13,16.25,19.51,22.15
X09,2026,synthesized,,copula on 2026 subject histograms (rho=0.5) + class correction a=2.26 b=0.922; leave-one-out KS on observed combos ~0.162,17.78,17.87,20.46,22.55
X10,2023,year_shift,,"2026 shape moved like the anchored combos of 2023 (A00, A01): a=1.53 b=1.000",20.3,20.35,23.12,25.42
X10,2024,year_shift,,"2026 shape moved like the anchored combos of 2024 (A00, A01, B00, C00, D01): a=1.63 b=1.000",20.41,20.46,23.23,25.53
X10,2025,year_shift,,"2026 shape moved like the anchored combos of 2025 (A00, A01, B00, C00, C01, D01, D07): a=-6.19 b=1.256",17.38,17.44,20.93,23.81
X10,2026,synthesized,,copula on 2026 subject histograms (rho=0.5) + class correction a=2.26 b=0.922; leave-one-out KS on observed combos ~0.162,18.77,18.82,21.6,23.9
X11,2023,year_shift,,"2026 shape moved like the anchored combos of 2023 (A00, A01): a=1.53 b=1.000",20.69,20.63,23.4,25.73
X11,2024,year_shift,,"2026 shape moved like the anchored combos of 2024 (A00, A01, B00, C00, D01): a=1.63 b=1.000",20.8,20.73,23.5,25.84
X11,2025,year_shift,,"2026 shape moved like the anchored combos of 2025 (A00, A01, B00, C00, C01, D01, D07): a=-6.19 b=1.256",17.88,17.78,21.26,24.19
X11,2026,synthesized,,copula on 2026 subject histograms (rho=0.5) + class correction a=2.26 b=0.922; leave-one-out KS on observed combos ~0.162,19.17,19.09,21.86,24.19
X12,2023,year_shift,,"2026 shape moved like the anchored combos of 2023 (A00, A01): a=1.53 b=1.000",21.14,21.27,23.82,25.9
X12,2024,year_shift,,"2026 shape moved like the anchored combos of 2024 (A00, A01, B00, C00, D01): a=1.63 b=1.000",21.25,21.38,23.93,26.01
X12,2025,year_shift,,"2026 shape moved like the anchored combos of 2025 (A00, A01, B00, C00, C01, D01, D07): a=-6.19 b=1.256",18.44,18.61,21.81,24.41
X12,2026,synthesized,,copula on 2026 subject histograms (rho=0.5) + class correction a=2.26 b=0.922; leave-one-out KS on observed combos ~0.162,19.61,19.75,22.29,24.37
X13,2023,year_shift,,"2026 shape moved like the anchored combos of 2023 (A00, A01): a=1.53 b=1.000",18.88,18.77,21.51,23.83
X13,2024,year_shift,,"2026 shape moved like the anchored combos of 2024 (A00, A01, B00, C00, D01): a=1.63 b=1.000",18.99,18.88,21.62,23.94
X13,2025,year_shift,,"2026 shape moved like the anchored combos of 2025 (A00, A01, B00, C00, C01, D01, D07): a=-6.19 b=1.256",15.61,15.45,18.9,21.82
X13,2026,synthesized,,copula on 2026 subject histograms (rho=0.5) + class correction a=2.26 b=0.922; leave-one-out KS on observed combos ~0.162,17.36,17.23,19.98,22.3
X14,2023,year_shift,,"2026 shape moved like the anchored combos of 2023 (A00, A01): a=1.53 b=1.000",19.88,19.74,22.65,25.02
X14,2024,year_shift,,"2026 shape moved like the anchored combos of 2024 (A00, A01, B00, C00, D01): a=1.63 b=1.000",19.99,19.84,22.76,25.13
X14,2025,year_shift,,"2026 shape moved like the anchored combos of 2025 (A00, A01, B00, C00, C01, D01, D07): a=-6.19 b=1.256",16.85,16.67,20.33,23.3
X14,2026,synthesized,,copula on 2026 subject histograms (rho=0.5) + class correction a=2.26 b=0.922; leave-one-out KS on observed combos ~0.162,18.35,18.19,21.12,23.48
X15,2023,year_shift,,"2026 shape moved like the anchored combos of 2023 (A00, A01): a=1.53 b=1.000",20.27,20.13,22.92,25.44
X15,2024,year_shift,,"2026 shape moved like the anchored combos of 2024 (A00, A01, B00, C00, D01): a=1.63 b=1.000",20.38,20.23,23.03,25.55
X15,2025,year_shift,,"2026 shape moved like the anchored combos of 2025 (A00, A01, B00, C00, C01, D01, D07): a=-6.19 b=1.256",17.35,17.17,20.67,23.84
X15,2026,synthesized,,copula on 2026 subject histograms (rho=0.5) + class correction a=2.26 b=0.922; leave-one-out KS on observed combos ~0.162,18.75,18.6,21.39,23.92
X16,2023,year_shift,,"2026 shape moved like the anchored combos of 2023 (A00, A01): a=1.53 b=1.000",20.72,20.64,23.35,25.6
X16,2024,year_shift,,"2026 shape moved like the anchored combos of 2024 (A00, A01, B00, C00, D01): a=1.63 b=1.000",20.83,20.74,23.46,25.71
X16,2025,year_shift,,"2026 shape moved like the anchored combos of 2025 (A00, A01, B00, C00, C01, D01, D07): a=-6.19 b=1.256",17.91,17.79,21.21,24.05
X16,2026,synthesized,,copula on 2026 subject histograms (rho=0.5) + class correction a=2.26 b=0.922; leave-one-out KS on observed combos ~0.162,19.19,19.09,21.82,24.1
X17,2023,year_shift,,"2026 shape moved like the anchored combos of 2023 (A00, A01): a=1.53 b=1.000",19.21,19.18,21.95,24.26
X17,2024,year_shift,,"2026 shape moved like the anchored combos of 2024 (A00, A01, B00, C00, D01): a=1.63 b=1.000",19.32,19.3,22.06,24.37
X17,2025,year_shift,,"2026 shape moved like the anchored combos of 2025 (A00, A01, B00, C00, C01, D01, D07): a=-6.19 b=1.256",16.01,15.99,19.46,22.36
X17,2026,synthesized,,copula on 2026 subject histograms (rho=0.5) + class correction a=2.26 b=0.922; leave-one-out KS on observed combos ~0.162,17.68,17.67,20.43,22.74
X18,2023,year_shift,,"2026 shape moved like the anchored combos of 2023 (A00, A01): a=1.53 b=1.000",20.2,20.14,23.06,25.44
X18,2024,year_shift,,"2026 shape moved like the anchored combos of 2024 (A00, A01, B00, C00, D01): a=1.63 b=1.000",20.31,20.25,23.17,25.55
X18,2025,year_shift,,"2026 shape moved like the anchored combos of 2025 (A00, A01, B00, C00, C01, D01, D07): a=-6.19 b=1.256",17.26,17.18,20.86,23.84
X18,2026,synthesized,,copula on 2026 subject histograms (rho=0.5) + class correction a=2.26 b=0.922; leave-one-out KS on observed combos ~0.162,18.68,18.61,21.56,23.92
X19,2023,year_shift,,"2026 shape moved like the anchored combos of 2023 (A00, A01): a=1.53 b=1.000",20.6,20.45,23.36,25.87
X19,2024,year_shift,,"2026 shape moved like the anchored combos of 2024 (A00, A01, B00, C00, D01): a=1.63 b=1.000",20.7,20.55,23.47,25.98
X19,2025,year_shift,,"2026 shape moved like the anchored combos of 2025 (A00, A01, B00, C00, C01, D01, D07): a=-6.19 b=1.256",17.76,17.55,21.22,24.39
X19,2026,synthesized,,copula on 2026 subject histograms (rho=0.5) + class correction a=2.26 b=0.922; leave-one-out KS on observed combos ~0.162,19.07,18.9,21.83,24.36
X20,2023,year_shift,,"2026 shape moved like the anchored combos of 2023 (A00, A01): a=1.53 b=1.000",21.04,21.06,23.78,25.92
X20,2024,year_shift,,"2026 shape moved like the anchored combos of 2024 (A00, A01, B00, C00, D01): a=1.63 b=1.000",21.15,21.16,23.89,26.03
X20,2025,year_shift,,"2026 shape moved like the anchored combos of 2025 (A00, A01, B00, C00, C01, D01, D07): a=-6.19 b=1.256",18.32,18.33,21.76,24.43
X20,2026,synthesized,,copula on 2026 subject histograms (rho=0.5) + class correction a=2.26 b=0.922; leave-one-out KS on observed combos ~0.162,19.52,19.53,22.26,24.39
X21,2023,year_shift,,"2026 shape moved like the anchored combos of 2023 (A00, A01): a=1.53 b=1.000",18.2,18.09,20.83,23.11
X21,2024,year_shift,,"2026 shape moved like the anchored combos of 2024 (A00, A01, B00, C00, D01): a=1.63 b=1.000",18.31,18.19,20.93,23.22
X21,2025,year_shift,,"2026 shape moved like the anchored combos of 2025 (A00, A01, B00, C00, C01, D01, D07): a=-6.19 b=1.256",14.75,14.59,18.04,20.91
X21,2026,synthesized,,copula on 2026 subject histograms (rho=0.5) + class correction a=2.26 b=0.922; leave-one-out KS on observed combos ~0.162,16.67,16.55,19.3,21.59
X22,2023,year_shift,,"2026 shape moved like the anchored combos of 2023 (A00, A01): a=1.53 b=1.000",19.19,19.17,21.96,24.29
X22,2024,year_shift,,"2026 shape moved like the anchored combos of 2024 (A00, A01, B00, C00, D01): a=1.63 b=1.000",19.3,19.27,22.07,24.4
X22,2025,year_shift,,"2026 shape moved like the anchored combos of 2025 (A00, A01, B00, C00, C01, D01, D07): a=-6.19 b=1.256",16.0,15.97,19.47,22.4
X22,2026,synthesized,,copula on 2026 subject histograms (rho=0.5) + class correction a=2.26 b=0.922; leave-one-out KS on observed combos ~0.162,17.67,17.66,20.43,22.77
X23,2023,year_shift,,"2026 shape moved like the anchored combos of 2023 (A00, A01): a=1.53 b=1.000",19.59,19.45,22.23,24.72
X23,2024,year_shift,,"2026 shape moved like the anchored combos of 2024 (A00, A01, B00, C00, D01): a=1.63 b=1.000",19.7,19.56,22.34,24.83
X23,2025,year_shift,,"2026 shape moved like the anchored combos of 2025 (A00, A01, B00, C00, C01, D01, D07): a=-6.19 b=1.256",16.49,16.32,19.79,22.95
X23,2026,synthesized,,copula on 2026 subject histograms (rho=0.5) + class correction a=2.26 b=0.922; leave-one-out KS on observed combos ~0.162,18.06,17.92,20.69,23.21
X24,2023,year_shift,,"2026 shape moved like the anchored combos of 2023 (A00, A01): a=1.53 b=1.000",20.03,20.08,22.66,24.77
X24,2024,year_shift,,"2026 shape moved like the anchored combos of 2024 (A00, A01, B00, C00, D01): a=1.63 b=1.000",20.14,20.19,22.77,24.88
X24,2025,year_shift,,"2026 shape moved like the anchored combos of 2025 (A00, A01, B00, C00, C01, D01, D07): a=-6.19 b=1.256",17.05,17.12,20.34,22.99
X24,2026,synthesized,,copula on 2026 subject histograms (rho=0.5) + class correction a=2.26 b=0.922; leave-one-out KS on observed combos ~0.162,18.51,18.56,21.13,23.24
X25,2023,year_shift,,"2026 shape moved like the anchored combos of 2023 (A00, A01): a=1.53 b=1.000",18.23,18.07,20.83,23.31
X25,2024,year_shift,,"2026 shape moved like the anchored combos of 2024 (A00, A01, B00, C00, D01): a=1.63 b=1.000",18.34,18.18,20.94,23.41
X25,2025,year_shift,,"2026 shape moved like the anchored combos of 2025 (A00, A01, B00, C00, C01, D01, D07): a=-6.19 b=1.256",14.79,14.58,18.05,21.16
X25,2026,synthesized,,copula on 2026 subject histograms (rho=0.5) + class correction a=2.26 b=0.922; leave-one-out KS on observed combos ~0.162,16.71,16.53,19.31,21.8
X26,2023,year_shift,,"2026 shape moved like the anchored combos of 2023 (A00, A01): a=1.53 b=1.000",19.23,19.03,21.97,24.5
X26,2024,year_shift,,"2026 shape moved like the anchored combos of 2024 (A00, A01, B00, C00, D01): a=1.63 b=1.000",19.33,19.14,22.07,24.61
X26,2025,year_shift,,"2026 shape moved like the anchored combos of 2025 (A00, A01, B00, C00, C01, D01, D07): a=-6.19 b=1.256",16.04,15.78,19.48,22.66
X26,2026,synthesized,,copula on 2026 subject histograms (rho=0.5) + class correction a=2.26 b=0.922; leave-one-out KS on observed combos ~0.162,17.7,17.49,20.44,22.97
X27,2023,year_shift,,"2026 shape moved like the anchored combos of 2023 (A00, A01): a=1.53 b=1.000",19.62,19.43,22.24,24.8
X27,2024,year_shift,,"2026 shape moved like the anchored combos of 2024 (A00, A01, B00, C00, D01): a=1.63 b=1.000",19.73,19.54,22.34,24.9
X27,2025,year_shift,,"2026 shape moved like the anchored combos of 2025 (A00, A01, B00, C00, C01, D01, D07): a=-6.19 b=1.256",16.53,16.3,19.8,23.02
X27,2026,synthesized,,copula on 2026 subject histograms (rho=0.5) + class correction a=2.26 b=0.922; leave-one-out KS on observed combos ~0.162,18.1,17.91,20.7,23.25
X28,2023,year_shift,,"2026 shape moved like the anchored combos of 2023 (A00, A01): a=1.53 b=1.000",20.07,19.94,22.67,24.98
X28,2024,year_shift,,"2026 shape moved like the anchored combos of 2024 (A00, A01, B00, C00, D01): a=1.63 b=1.000",20.17,20.04,22.77,25.08
X28,2025,year_shift,,"2026 shape moved like the anchored combos of 2025 (A00, A01, B00, C00, C01, D01, D07): a=-6.19 b=1.256",17.09,16.92,20.35,23.25
X28,2026,synthesized,,copula on 2026 subject histograms (rho=0.5) + class correction a=2.26 b=0.922; leave-one-out KS on observed combos ~0.162,18.54,18.39,21.14,23.45
X29,2023,year_shift,,"2026 shape moved like the anchored combos of 2023 (A00, A01): a=1.53 b=1.000",18.23,18.07,20.84,23.31
X29,2024,year_shift,,"2026 shape moved like the anchored combos of 2024 (A00, A01, B00, C00, D01): a=1.63 b=1.000",18.34,18.17,20.94,23.41
X29,2025,year_shift,,"2026 shape moved like the anchored combos of 2025 (A00, A01, B00, C00, C01, D01, D07): a=-6.19 b=1.256",14.79,14.57,18.05,21.17
X29,2026,synthesized,,copula on 2026 subject histograms (rho=0.5) + class correction a=2.26 b=0.922; leave-one-out KS on observed combos ~0.162,16.71,16.53,19.31,21.8
X30,2023,year_shift,,"2026 shape moved like the anchored combos of 2023 (A00, A01): a=1.53 b=1.000",19.23,19.03,21.97,24.5
X30,2024,year_shift,,"2026 shape moved like the anchored combos of 2024 (A00, A01, B00, C00, D01): a=1.63 b=1.000",19.33,19.14,22.08,24.61
X30,2025,year_shift,,"2026 shape moved like the anchored combos of 2025 (A00, A01, B00, C00, C01, D01, D07): a=-6.19 b=1.256",16.04,15.78,19.48,22.66
X30,2026,synthesized,,copula on 2026 subject histograms (rho=0.5) + class correction a=2.26 b=0.922; leave-one-out KS on observed combos ~0.162,17.7,17.49,20.44,22.97
X31,2023,year_shift,,"2026 shape moved like the anchored combos of 2023 (A00, A01): a=1.53 b=1.000",19.62,19.43,22.24,24.8
X31,2024,year_shift,,"2026 shape moved like the anchored combos of 2024 (A00, A01, B00, C00, D01): a=1.63 b=1.000",19.73,19.54,22.35,24.9
X31,2025,year_shift,,"2026 shape moved like the anchored combos of 2025 (A00, A01, B00, C00, C01, D01, D07): a=-6.19 b=1.256",16.53,16.3,19.8,23.02
X31,2026,synthesized,,copula on 2026 subject histograms (rho=0.5) + class correction a=2.26 b=0.922; leave-one-out KS on observed combos ~0.162,18.1,17.91,20.7,23.25
X32,2023,year_shift,,"2026 shape moved like the anchored combos of 2023 (A00, A01): a=1.53 b=1.000",20.07,19.94,22.67,24.97
X32,2024,year_shift,,"2026 shape moved like the anchored combos of 2024 (A00, A01, B00, C00, D01): a=1.63 b=1.000",20.18,20.04,22.77,25.08
X32,2025,year_shift,,"2026 shape moved like the anchored combos of 2025 (A00, A01, B00, C00, C01, D01, D07): a=-6.19 b=1.256",17.09,16.92,20.35,23.25
X32,2026,synthesized,,copula on 2026 subject histograms (rho=0.5) + class correction a=2.26 b=0.922; leave-one-out KS on observed combos ~0.162,18.54,18.39,21.14,23.45
X33,2023,year_shift,,"2026 shape moved like the anchored combos of 2023 (A00, A01): a=1.53 b=1.000",18.23,18.07,20.84,23.31
X33,2024,year_shift,,"2026 shape moved like the anchored combos of 2024 (A00, A01, B00, C00, D01): a=1.63 b=1.000",18.34,18.17,20.94,23.41
X33,2025,year_shift,,"2026 shape moved like the anchored combos of 2025 (A00, A01, B00, C00, C01, D01, D07): a=-6.19 b=1.256",14.79,14.57,18.05,21.17
X33,2026,synthesized,,copula on 2026 subject histograms (rho=0.5) + class correction a=2.26 b=0.922; leave-one-out KS on observed combos ~0.162,16.71,16.53,19.31,21.8
X34,2023,year_shift,,"2026 shape moved like the anchored combos of 2023 (A00, A01): a=1.53 b=1.000",19.23,19.03,21.97,24.5
X34,2024,year_shift,,"2026 shape moved like the anchored combos of 2024 (A00, A01, B00, C00, D01): a=1.63 b=1.000",19.33,19.14,22.08,24.61
X34,2025,year_shift,,"2026 shape moved like the anchored combos of 2025 (A00, A01, B00, C00, C01, D01, D07): a=-6.19 b=1.256",16.04,15.78,19.48,22.66
X34,2026,synthesized,,copula on 2026 subject histograms (rho=0.5) + class correction a=2.26 b=0.922; leave-one-out KS on observed combos ~0.162,17.7,17.49,20.44,22.97
X35,2023,year_shift,,"2026 shape moved like the anchored combos of 2023 (A00, A01): a=1.53 b=1.000",19.62,19.43,22.24,24.8
X35,2024,year_shift,,"2026 shape moved like the anchored combos of 2024 (A00, A01, B00, C00, D01): a=1.63 b=1.000",19.73,19.54,22.35,24.9
X35,2025,year_shift,,"2026 shape moved like the anchored combos of 2025 (A00, A01, B00, C00, C01, D01, D07): a=-6.19 b=1.256",16.53,16.3,19.8,23.02
X35,2026,synthesized,,copula on 2026 subject histograms (rho=0.5) + class correction a=2.26 b=0.922; leave-one-out KS on observed combos ~0.162,18.1,17.91,20.7,23.25
X36,2023,year_shift,,"2026 shape moved like the anchored combos of 2023 (A00, A01): a=1.53 b=1.000",20.07,19.94,22.67,24.97
X36,2024,year_shift,,"2026 shape moved like the anchored combos of 2024 (A00, A01, B00, C00, D01): a=1.63 b=1.000",20.18,20.04,22.77,25.08
X36,2025,year_shift,,"2026 shape moved like the anchored combos of 2025 (A00, A01, B00, C00, C01, D01, D07): a=-6.19 b=1.256",17.09,16.92,20.35,23.25
X36,2026,synthesized,,copula on 2026 subject histograms (rho=0.5) + class correction a=2.26 b=0.922; leave-one-out KS on observed combos ~0.162,18.54,18.39,21.14,23.45
X37,2023,year_shift,,"2026 shape moved like the anchored combos of 2023 (A00, A01): a=1.53 b=1.000",18.23,18.07,20.84,23.31
X37,2024,year_shift,,"2026 shape moved like the anchored combos of 2024 (A00, A01, B00, C00, D01): a=1.63 b=1.000",18.34,18.17,20.94,23.41
X37,2025,year_shift,,"2026 shape moved like the anchored combos of 2025 (A00, A01, B00, C00, C01, D01, D07): a=-6.19 b=1.256",14.79,14.57,18.05,21.17
X37,2026,synthesized,,copula on 2026 subject histograms (rho=0.5) + class correction a=2.26 b=0.922; leave-one-out KS on observed combos ~0.162,16.71,16.53,19.31,21.8
X38,2023,year_shift,,"2026 shape moved like the anchored combos of 2023 (A00, A01): a=1.53 b=1.000",19.23,19.03,21.97,24.5
X38,2024,year_shift,,"2026 shape moved like the anchored combos of 2024 (A00, A01, B00, C00, D01): a=1.63 b=1.000",19.33,19.14,22.08,24.61
X38,2025,year_shift,,"2026 shape moved like the anchored combos of 2025 (A00, A01, B00, C00, C01, D01, D07): a=-6.19 b=1.256",16.04,15.78,19.48,22.66
X38,2026,synthesized,,copula on 2026 subject histograms (rho=0.5) + class correction a=2.26 b=0.922; leave-one-out KS on observed combos ~0.162,17.7,17.49,20.44,22.97
X39,2023,year_shift,,"2026 shape moved like the anchored combos of 2023 (A00, A01): a=1.53 b=1.000",19.62,19.43,22.24,24.8
X39,2024,year_shift,,"2026 shape moved like the anchored combos of 2024 (A00, A01, B00, C00, D01): a=1.63 b=1.000",19.73,19.54,22.35,24.9
X39,2025,year_shift,,"2026 shape moved like the anchored combos of 2025 (A00, A01, B00, C00, C01, D01, D07): a=-6.19 b=1.256",16.53,16.3,19.8,23.02
X39,2026,synthesized,,copula on 2026 subject histograms (rho=0.5) + class correction a=2.26 b=0.922; leave-one-out KS on observed combos ~0.162,18.1,17.91,20.7,23.25
X40,2023,year_shift,,"2026 shape moved like the anchored combos of 2023 (A00, A01): a=1.53 b=1.000",20.07,19.94,22.67,24.97
X40,2024,year_shift,,"2026 shape moved like the anchored combos of 2024 (A00, A01, B00, C00, D01): a=1.63 b=1.000",20.18,20.04,22.77,25.08
X40,2025,year_shift,,"2026 shape moved like the anchored combos of 2025 (A00, A01, B00, C00, C01, D01, D07): a=-6.19 b=1.256",17.09,16.92,20.35,23.25
X40,2026,synthesized,,copula on 2026 subject histograms (rho=0.5) + class correction a=2.26 b=0.922; leave-one-out KS on observed combos ~0.162,18.54,18.39,21.14,23.45
X41,2023,year_shift,,"2026 shape moved like the anchored combos of 2023 (A00, A01): a=1.53 b=1.000",18.23,18.07,20.84,23.31
X41,2024,year_shift,,"2026 shape moved like the anchored combos of 2024 (A00, A01, B00, C00, D01): a=1.63 b=1.000",18.34,18.17,20.94,23.41
X41,2025,year_shift,,"2026 shape moved like the anchored combos of 2025 (A00, A01, B00, C00, C01, D01, D07): a=-6.19 b=1.256",14.79,14.57,18.05,21.17
X41,2026,synthesized,,copula on 2026 subject histograms (rho=0.5) + class correction a=2.26 b=0.922; leave-one-out KS on observed combos ~0.162,16.71,16.53,19.31,21.8
X42,2023,year_shift,,"2026 shape moved like the anchored combos of 2023 (A00, A01): a=1.53 b=1.000",19.23,19.03,21.97,24.5
X42,2024,year_shift,,"2026 shape moved like the anchored combos of 2024 (A00, A01, B00, C00, D01): a=1.63 b=1.000",19.33,19.14,22.08,24.61
X42,2025,year_shift,,"2026 shape moved like the anchored combos of 2025 (A00, A01, B00, C00, C01, D01, D07): a=-6.19 b=1.256",16.04,15.78,19.48,22.66
X42,2026,synthesized,,copula on 2026 subject histograms (rho=0.5) + class correction a=2.26 b=0.922; leave-one-out KS on observed combos ~0.162,17.7,17.49,20.44,22.97
X45,2023,year_shift,,"2026 shape moved like the anchored combos of 2023 (A00, A01): a=1.53 b=1.000",18.23,18.07,20.84,23.31
X45,2024,year_shift,,"2026 shape moved like the anchored combos of 2024 (A00, A01, B00, C00, D01): a=1.63 b=1.000",18.34,18.17,20.94,23.41
X45,2025,year_shift,,"2026 shape moved like the anchored combos of 2025 (A00, A01, B00, C00, C01, D01, D07): a=-6.19 b=1.256",14.79,14.57,18.05,21.17
X45,2026,synthesized,,copula on 2026 subject histograms (rho=0.5) + class correction a=2.26 b=0.922; leave-one-out KS on observed combos ~0.162,16.71,16.53,19.31,21.8
X46,2023,year_shift,,"2026 shape moved like the anchored combos of 2023 (A00, A01): a=1.53 b=1.000",19.23,19.03,21.97,24.5
X46,2024,year_shift,,"2026 shape moved like the anchored combos of 2024 (A00, A01, B00, C00, D01): a=1.63 b=1.000",19.33,19.14,22.07,24.61
X46,2025,year_shift,,"2026 shape moved like the anchored combos of 2025 (A00, A01, B00, C00, C01, D01, D07): a=-6.19 b=1.256",16.04,15.78,19.48,22.66
X46,2026,synthesized,,copula on 2026 subject histograms (rho=0.5) + class correction a=2.26 b=0.922; leave-one-out KS on observed combos ~0.162,17.7,17.49,20.44,22.97
X49,2023,year_shift,,"2026 shape moved like the anchored combos of 2023 (A00, A01): a=1.53 b=1.000",18.23,18.07,20.84,23.31
X49,2024,year_shift,,"2026 shape moved like the anchored combos of 2024 (A00, A01, B00, C00, D01): a=1.63 b=1.000",18.34,18.17,20.94,23.41
X49,2025,year_shift,,"2026 shape moved like the anchored combos of 2025 (A00, A01, B00, C00, C01, D01, D07): a=-6.19 b=1.256",14.79,14.57,18.05,21.17
X49,2026,synthesized,,copula on 2026 subject histograms (rho=0.5) + class correction a=2.26 b=0.922; leave-one-out KS on observed combos ~0.162,16.71,16.53,19.31,21.8
X50,2023,year_shift,,"2026 shape moved like the anchored combos of 2023 (A00, A01): a=1.53 b=1.000",19.23,19.03,21.97,24.5
X50,2024,year_shift,,"2026 shape moved like the anchored combos of 2024 (A00, A01, B00, C00, D01): a=1.63 b=1.000",19.33,19.14,22.08,24.61
X50,2025,year_shift,,"2026 shape moved like the anchored combos of 2025 (A00, A01, B00, C00, C01, D01, D07): a=-6.19 b=1.256",16.04,15.78,19.48,22.66
X50,2026,synthesized,,copula on 2026 subject histograms (rho=0.5) + class correction a=2.26 b=0.922; leave-one-out KS on observed combos ~0.162,17.7,17.49,20.44,22.97
X53,2023,year_shift,,"2026 shape moved like the anchored combos of 2023 (A00, A01): a=1.53 b=1.000",19.1,19.02,21.73,23.9
X53,2024,year_shift,,"2026 shape moved like the anchored combos of 2024 (A00, A01, B00, C00, D01): a=1.63 b=1.000",19.21,19.12,21.85,24.0
X53,2025,year_shift,,"2026 shape moved like the anchored combos of 2025 (A00, A01, B00, C00, C01, D01, D07): a=-6.19 b=1.256",15.88,15.77,19.19,21.9
X53,2026,synthesized,,copula on 2026 subject histograms (rho=0.5) + class correction a=2.26 b=0.922; leave-one-out KS on observed combos ~0.162,17.58,17.48,20.21,22.35
X54,2023,year_shift,,"2026 shape moved like the anchored combos of 2023 (A00, A01): a=1.53 b=1.000",19.5,19.42,22.01,24.3
X54,2024,year_shift,,"2026 shape moved like the anchored combos of 2024 (A00, A01, B00, C00, D01): a=1.63 b=1.000",19.61,19.52,22.12,24.41
X54,2025,year_shift,,"2026 shape moved like the anchored combos of 2025 (A00, A01, B00, C00, C01, D01, D07): a=-6.19 b=1.256",16.38,16.28,19.52,22.41
X54,2026,synthesized,,copula on 2026 subject histograms (rho=0.5) + class correction a=2.26 b=0.922; leave-one-out KS on observed combos ~0.162,17.97,17.9,20.48,22.77
X55,2023,year_shift,,"2026 shape moved like the anchored combos of 2023 (A00, A01): a=1.53 b=1.000",19.94,19.93,22.43,24.46
X55,2024,year_shift,,"2026 shape moved like the anchored combos of 2024 (A00, A01, B00, C00, D01): a=1.63 b=1.000",20.05,20.03,22.54,24.57
X55,2025,year_shift,,"2026 shape moved like the anchored combos of 2025 (A00, A01, B00, C00, C01, D01, D07): a=-6.19 b=1.256",16.94,16.9,20.07,22.62
X55,2026,synthesized,,copula on 2026 subject histograms (rho=0.5) + class correction a=2.26 b=0.922; leave-one-out KS on observed combos ~0.162,18.42,18.39,20.91,22.96
X56,2023,year_shift,,"2026 shape moved like the anchored combos of 2023 (A00, A01): a=1.53 b=1.000",20.49,20.37,23.14,25.49
X56,2024,year_shift,,"2026 shape moved like the anchored combos of 2024 (A00, A01, B00, C00, D01): a=1.63 b=1.000",20.6,20.47,23.25,25.59
X56,2025,year_shift,,"2026 shape moved like the anchored combos of 2025 (A00, A01, B00, C00, C01, D01, D07): a=-6.19 b=1.256",17.63,17.46,20.95,23.89
X56,2026,synthesized,,copula on 2026 subject histograms (rho=0.5) + class correction a=2.26 b=0.922; leave-one-out KS on observed combos ~0.162,18.97,18.83,21.61,23.95
X57,2023,year_shift,,"2026 shape moved like the anchored combos of 2023 (A00, A01): a=1.53 b=1.000",20.94,21.0,23.56,25.66
X57,2024,year_shift,,"2026 shape moved like the anchored combos of 2024 (A00, A01, B00, C00, D01): a=1.63 b=1.000",21.04,21.1,23.67,25.77
X57,2025,year_shift,,"2026 shape moved like the anchored combos of 2025 (A00, A01, B00, C00, C01, D01, D07): a=-6.19 b=1.256",18.18,18.27,21.5,24.11
X57,2026,synthesized,,copula on 2026 subject histograms (rho=0.5) + class correction a=2.26 b=0.922; leave-one-out KS on observed combos ~0.162,19.41,19.5,22.05,24.13
X58,2023,year_shift,,"2026 shape moved like the anchored combos of 2023 (A00, A01): a=1.53 b=1.000",19.43,19.47,21.79,23.78
X58,2024,year_shift,,"2026 shape moved like the anchored combos of 2024 (A00, A01, B00, C00, D01): a=1.63 b=1.000",19.53,19.57,21.89,23.9
X58,2025,year_shift,,"2026 shape moved like the anchored combos of 2025 (A00, A01, B00, C00, C01, D01, D07): a=-6.19 b=1.256",16.29,16.33,19.24,21.77
X58,2026,synthesized,,copula on 2026 subject histograms (rho=0.5) + class correction a=2.26 b=0.922; leave-one-out KS on observed combos ~0.162,17.9,17.93,20.24,22.26
X59,2023,year_shift,,"2026 shape moved like the anchored combos of 2023 (A00, A01): a=1.53 b=1.000",20.42,20.43,22.92,24.98
X59,2024,year_shift,,"2026 shape moved like the anchored combos of 2024 (A00, A01, B00, C00, D01): a=1.63 b=1.000",20.53,20.54,23.03,25.08
X59,2025,year_shift,,"2026 shape moved like the anchored combos of 2025 (A00, A01, B00, C00, C01, D01, D07): a=-6.19 b=1.256",17.54,17.54,20.67,23.26
X59,2026,synthesized,,copula on 2026 subject histograms (rho=0.5) + class correction a=2.26 b=0.922; leave-one-out KS on observed combos ~0.162,18.9,18.89,21.38,23.45
X60,2023,year_shift,,"2026 shape moved like the anchored combos of 2023 (A00, A01): a=1.53 b=1.000",20.82,20.82,23.32,25.41
X60,2024,year_shift,,"2026 shape moved like the anchored combos of 2024 (A00, A01, B00, C00, D01): a=1.63 b=1.000",20.92,20.92,23.42,25.51
X60,2025,year_shift,,"2026 shape moved like the anchored combos of 2025 (A00, A01, B00, C00, C01, D01, D07): a=-6.19 b=1.256",18.03,18.03,21.18,23.8
X60,2026,synthesized,,copula on 2026 subject histograms (rho=0.5) + class correction a=2.26 b=0.922; leave-one-out KS on observed combos ~0.162,19.29,19.29,21.81,23.89
X61,2023,year_shift,,"2026 shape moved like the anchored combos of 2023 (A00, A01): a=1.53 b=1.000",21.26,21.34,23.63,25.45
X61,2024,year_shift,,"2026 shape moved like the anchored combos of 2024 (A00, A01, B00, C00, D01): a=1.63 b=1.000",21.37,21.45,23.73,25.56
X61,2025,year_shift,,"2026 shape moved like the anchored combos of 2025 (A00, A01, B00, C00, C01, D01, D07): a=-6.19 b=1.256",18.59,18.69,21.54,23.85
X61,2026,synthesized,,copula on 2026 subject histograms (rho=0.5) + class correction a=2.26 b=0.922; leave-one-out KS on observed combos ~0.162,19.74,19.8,22.09,23.92
X62,2023,year_shift,,"2026 shape moved like the anchored combos of 2023 (A00, A01): a=1.53 b=1.000",20.1,20.32,22.44,24.21
X62,2024,year_shift,,"2026 shape moved like the anchored combos of 2024 (A00, A01, B00, C00, D01): a=1.63 b=1.000",20.21,20.43,22.55,24.32
X62,2025,year_shift,,"2026 shape moved like the anchored combos of 2025 (A00, A01, B00, C00, C01, D01, D07): a=-6.19 b=1.256",17.13,17.42,20.08,22.31
X62,2026,synthesized,,copula on 2026 subject histograms (rho=0.5) + class correction a=2.26 b=0.922; leave-one-out KS on observed combos ~0.162,18.57,18.81,20.92,22.71
X63,2023,year_shift,,"2026 shape moved like the anchored combos of 2023 (A00, A01): a=1.53 b=1.000",21.09,21.27,23.58,25.43
X63,2024,year_shift,,"2026 shape moved like the anchored combos of 2024 (A00, A01, B00, C00, D01): a=1.63 b=1.000",21.2,21.38,23.69,25.54
X63,2025,year_shift,,"2026 shape moved like the anchored combos of 2025 (A00, A01, B00, C00, C01, D01, D07): a=-6.19 b=1.256",18.38,18.61,21.51,23.83
X63,2026,synthesized,,copula on 2026 subject histograms (rho=0.5) + class correction a=2.26 b=0.922; leave-one-out KS on observed combos ~0.162,19.57,19.76,22.06,23.91
X64,2023,year_shift,,"2026 shape moved like the anchored combos of 2023 (A00, A01): a=1.53 b=1.000",21.49,21.55,23.85,25.87
X64,2024,year_shift,,"2026 shape moved like the anchored combos of 2024 (A00, A01, B00, C00, D01): a=1.63 b=1.000",21.6,21.65,23.95,25.97
X64,2025,year_shift,,"2026 shape moved like the anchored combos of 2025 (A00, A01, B00, C00, C01, D01, D07): a=-6.19 b=1.256",18.88,18.95,21.84,24.38
X64,2026,synthesized,,copula on 2026 subject histograms (rho=0.5) + class correction a=2.26 b=0.922; leave-one-out KS on observed combos ~0.162,19.96,20.02,22.32,24.36
X65,2023,year_shift,,"2026 shape moved like the anchored combos of 2023 (A00, A01): a=1.53 b=1.000",21.93,22.2,24.28,25.89
X65,2024,year_shift,,"2026 shape moved like the anchored combos of 2024 (A00, A01, B00, C00, D01): a=1.63 b=1.000",22.04,22.31,24.39,26.01
X65,2025,year_shift,,"2026 shape moved like the anchored combos of 2025 (A00, A01, B00, C00, C01, D01, D07): a=-6.19 b=1.256",19.43,19.77,22.38,24.41
X65,2026,synthesized,,copula on 2026 subject histograms (rho=0.5) + class correction a=2.26 b=0.922; leave-one-out KS on observed combos ~0.162,20.41,20.67,22.76,24.37
X66,2023,year_shift,,"2026 shape moved like the anchored combos of 2023 (A00, A01): a=1.53 b=1.000",19.68,19.69,21.96,23.85
X66,2024,year_shift,,"2026 shape moved like the anchored combos of 2024 (A00, A01, B00, C00, D01): a=1.63 b=1.000",19.78,19.79,22.07,23.96
X66,2025,year_shift,,"2026 shape moved like the anchored combos of 2025 (A00, A01, B00, C00, C01, D01, D07): a=-6.19 b=1.256",16.6,16.61,19.47,21.84
X66,2026,synthesized,,copula on 2026 subject histograms (rho=0.5) + class correction a=2.26 b=0.922; leave-one-out KS on observed combos ~0.162,18.15,18.16,20.44,22.32
X67,2023,year_shift,,"2026 shape moved like the anchored combos of 2023 (A00, A01): a=1.53 b=1.000",20.67,20.64,23.1,25.16
X67,2024,year_shift,,"2026 shape moved like the anchored combos of 2024 (A00, A01, B00, C00, D01): a=1.63 b=1.000",20.78,20.74,23.2,25.27
X67,2025,year_shift,,"2026 shape moved like the anchored combos of 2025 (A00, A01, B00, C00, C01, D01, D07): a=-6.19 b=1.256",17.85,17.79,20.89,23.51
X67,2026,synthesized,,copula on 2026 subject histograms (rho=0.5) + class correction a=2.26 b=0.922; leave-one-out KS on observed combos ~0.162,19.15,19.09,21.57,23.66
X68,2023,year_shift,,"2026 shape moved like the anchored combos of 2023 (A00, A01): a=1.53 b=1.000",21.07,21.04,23.37,25.47
X68,2024,year_shift,,"2026 shape moved like the anchored combos of 2024 (A00, A01, B00, C00, D01): a=1.63 b=1.000",21.17,21.15,23.48,25.58
X68,2025,year_shift,,"2026 shape moved like the anchored combos of 2025 (A00, A01, B00, C00, C01, D01, D07): a=-6.19 b=1.256",18.35,18.32,21.23,23.87
X68,2026,synthesized,,copula on 2026 subject histograms (rho=0.5) + class correction a=2.26 b=0.922; leave-one-out KS on observed combos ~0.162,19.54,19.52,21.84,23.94
X69,2023,year_shift,,"2026 shape moved like the anchored combos of 2023 (A00, A01): a=1.53 b=1.000",21.51,21.58,23.79,25.63
X69,2024,year_shift,,"2026 shape moved like the anchored combos of 2024 (A00, A01, B00, C00, D01): a=1.63 b=1.000",21.62,21.68,23.9,25.74
X69,2025,year_shift,,"2026 shape moved like the anchored combos of 2025 (A00, A01, B00, C00, C01, D01, D07): a=-6.19 b=1.256",18.9,18.98,21.77,24.08
X69,2026,synthesized,,copula on 2026 subject histograms (rho=0.5) + class correction a=2.26 b=0.922; leave-one-out KS on observed combos ~0.162,19.99,20.04,22.27,24.11
X70,2023,year_shift,,"2026 shape moved like the anchored combos of 2023 (A00, A01): a=1.53 b=1.000",20.0,20.11,22.41,24.28
X70,2024,year_shift,,"2026 shape moved like the anchored combos of 2024 (A00, A01, B00, C00, D01): a=1.63 b=1.000",20.11,20.21,22.51,24.39
X70,2025,year_shift,,"2026 shape moved like the anchored combos of 2025 (A00, A01, B00, C00, C01, D01, D07): a=-6.19 b=1.256",17.01,17.14,20.04,22.38
X70,2026,synthesized,,copula on 2026 subject histograms (rho=0.5) + class correction a=2.26 b=0.922; leave-one-out KS on observed combos ~0.162,18.48,18.58,20.89,22.76
X71,2023,year_shift,,"2026 shape moved like the anchored combos of 2023 (A00, A01): a=1.53 b=1.000",21.0,21.05,23.44,25.47
X71,2024,year_shift,,"2026 shape moved like the anchored combos of 2024 (A00, A01, B00, C00, D01): a=1.63 b=1.000",21.1,21.16,23.54,25.58
X71,2025,year_shift,,"2026 shape moved like the anchored combos of 2025 (A00, A01, B00, C00, C01, D01, D07): a=-6.19 b=1.256",18.26,18.33,21.3,23.87
X71,2026,synthesized,,copula on 2026 subject histograms (rho=0.5) + class correction a=2.26 b=0.922; leave-one-out KS on observed combos ~0.162,19.47,19.53,21.89,23.93
X72,2023,year_shift,,"2026 shape moved like the anchored combos of 2023 (A00, A01): a=1.53 b=1.000",21.39,21.34,23.82,25.9
X72,2024,year_shift,,"2026 shape moved like the anchored combos of 2024 (A00, A01, B00, C00, D01): a=1.63 b=1.000",21.5,21.44,23.92,26.01
X72,2025,year_shift,,"2026 shape moved like the anchored combos of 2025 (A00, A01, B00, C00, C01, D01, D07): a=-6.19 b=1.256",18.75,18.68,21.8,24.41
X72,2026,synthesized,,copula on 2026 subject histograms (rho=0.5) + class correction a=2.26 b=0.922; leave-one-out KS on observed combos ~0.162,19.86,19.79,22.29,24.37
X73,2023,year_shift,,"2026 shape moved like the anchored combos of 2023 (A00, A01): a=1.53 b=1.000",21.84,21.98,24.22,25.94
X73,2024,year_shift,,"2026 shape moved like the anchored combos of 2024 (A00, A01, B00, C00, D01): a=1.63 b=1.000",21.94,22.09,24.33,26.04
X73,2025,year_shift,,"2026 shape moved like the anchored combos of 2025 (A00, A01, B00, C00, C01, D01, D07): a=-6.19 b=1.256",19.31,19.49,22.31,24.44
X73,2026,synthesized,,copula on 2026 subject histograms (rho=0.5) + class correction a=2.26 b=0.922; leave-one-out KS on observed combos ~0.162,20.31,20.45,22.71,24.39
X74,2023,year_shift,,"2026 shape moved like the anchored combos of 2023 (A00, A01): a=1.53 b=1.000",18.99,19.03,21.28,23.12
X74,2024,year_shift,,"2026 shape moved like the anchored combos of 2024 (A00, A01, B00, C00, D01): a=1.63 b=1.000",19.1,19.13,21.38,23.23
X74,2025,year_shift,,"2026 shape moved like the anchored combos of 2025 (A00, A01, B00, C00, C01, D01, D07): a=-6.19 b=1.256",15.74,15.78,18.61,20.93
X74,2026,synthesized,,copula on 2026 subject histograms (rho=0.5) + class correction a=2.26 b=0.922; leave-one-out KS on observed combos ~0.162,17.47,17.49,19.76,21.6
X75,2023,year_shift,,"2026 shape moved like the anchored combos of 2023 (A00, A01): a=1.53 b=1.000",19.99,20.08,22.41,24.32
X75,2024,year_shift,,"2026 shape moved like the anchored combos of 2024 (A00, A01, B00, C00, D01): a=1.63 b=1.000",20.09,20.19,22.52,24.43
X75,2025,year_shift,,"2026 shape moved like the anchored combos of 2025 (A00, A01, B00, C00, C01, D01, D07): a=-6.19 b=1.256",16.99,17.12,20.05,22.42
X75,2026,synthesized,,copula on 2026 subject histograms (rho=0.5) + class correction a=2.26 b=0.922; leave-one-out KS on observed combos ~0.162,18.46,18.56,20.9,22.78
X76,2023,year_shift,,"2026 shape moved like the anchored combos of 2023 (A00, A01): a=1.53 b=1.000",20.38,20.37,22.68,24.75
X76,2024,year_shift,,"2026 shape moved like the anchored combos of 2024 (A00, A01, B00, C00, D01): a=1.63 b=1.000",20.49,20.47,22.79,24.86
X76,2025,year_shift,,"2026 shape moved like the anchored combos of 2025 (A00, A01, B00, C00, C01, D01, D07): a=-6.19 b=1.256",17.49,17.46,20.37,22.97
X76,2026,synthesized,,copula on 2026 subject histograms (rho=0.5) + class correction a=2.26 b=0.922; leave-one-out KS on observed combos ~0.162,18.86,18.83,21.15,23.22
X77,2023,year_shift,,"2026 shape moved like the anchored combos of 2023 (A00, A01): a=1.53 b=1.000",20.83,21.02,23.11,24.78
X77,2024,year_shift,,"2026 shape moved like the anchored combos of 2024 (A00, A01, B00, C00, D01): a=1.63 b=1.000",20.93,21.12,23.21,24.88
X77,2025,year_shift,,"2026 shape moved like the anchored combos of 2025 (A00, A01, B00, C00, C01, D01, D07): a=-6.19 b=1.256",18.05,18.3,20.91,22.99
X77,2026,synthesized,,copula on 2026 subject histograms (rho=0.5) + class correction a=2.26 b=0.922; leave-one-out KS on observed combos ~0.162,19.3,19.51,21.58,23.24
X78,2023,year_shift,,"2026 shape moved like the anchored combos of 2023 (A00, A01): a=1.53 b=1.000",19.03,18.99,21.28,23.34
X78,2024,year_shift,,"2026 shape moved like the anchored combos of 2024 (A00, A01, B00, C00, D01): a=1.63 b=1.000",19.13,19.1,21.39,23.45
X78,2025,year_shift,,"2026 shape moved like the anchored combos of 2025 (A00, A01, B00, C00, C01, D01, D07): a=-6.19 b=1.256",15.78,15.74,18.62,21.21
X78,2026,synthesized,,copula on 2026 subject histograms (rho=0.5) + class correction a=2.26 b=0.922; leave-one-out KS on observed combos ~0.162,17.5,17.46,19.76,21.82
X79,2023,year_shift,,"2026 shape moved like the anchored combos of 2023 (A00, A01): a=1.53 b=1.000",20.02,19.93,22.42,24.53
X79,2024,year_shift,,"2026 shape moved like the anchored combos of 2024 (A00, A01, B00, C00, D01): a=1.63 b=1.000",20.13,20.04,22.52,24.63
X79,2025,year_shift,,"2026 shape moved like the anchored combos of 2025 (A00, A01, B00, C00, C01, D01, D07): a=-6.19 b=1.256",17.03,16.91,20.06,22.68
X79,2026,synthesized,,copula on 2026 subject histograms (rho=0.5) + class correction a=2.26 b=0.922; leave-one-out KS on observed combos ~0.162,18.49,18.39,20.9,22.99
X80,2023,year_shift,,"2026 shape moved like the anchored combos of 2023 (A00, A01): a=1.53 b=1.000",20.42,20.33,22.69,24.95
X80,2024,year_shift,,"2026 shape moved like the anchored combos of 2024 (A00, A01, B00, C00, D01): a=1.63 b=1.000",20.52,20.45,22.8,25.06
X80,2025,year_shift,,"2026 shape moved like the anchored combos of 2025 (A00, A01, B00, C00, C01, D01, D07): a=-6.19 b=1.256",17.53,17.43,20.39,23.23
X80,2026,synthesized,,copula on 2026 subject histograms (rho=0.5) + class correction a=2.26 b=0.922; leave-one-out KS on observed combos ~0.162,18.89,18.82,21.16,23.43
X81,2023,year_shift,,"2026 shape moved like the anchored combos of 2023 (A00, A01): a=1.53 b=1.000",20.86,20.87,23.11,24.99
X81,2024,year_shift,,"2026 shape moved like the anchored combos of 2024 (A00, A01, B00, C00, D01): a=1.63 b=1.000",20.97,20.97,23.22,25.1
X81,2025,year_shift,,"2026 shape moved like the anchored combos of 2025 (A00, A01, B00, C00, C01, D01, D07): a=-6.19 b=1.256",18.09,18.09,20.91,23.28
X81,2026,synthesized,,copula on 2026 subject histograms (rho=0.5) + class correction a=2.26 b=0.922; leave-one-out KS on observed combos ~0.162,19.33,19.33,21.59,23.47
X82,2023,year_shift,,"2026 shape moved like the anchored combos of 2023 (A00, A01): a=1.53 b=1.000",19.03,18.99,21.28,23.34
X82,2024,year_shift,,"2026 shape moved like the anchored combos of 2024 (A00, A01, B00, C00, D01): a=1.63 b=1.000",19.13,19.1,21.39,23.45
X82,2025,year_shift,,"2026 shape moved like the anchored combos of 2025 (A00, A01, B00, C00, C01, D01, D07): a=-6.19 b=1.256",15.78,15.74,18.62,21.21
X82,2026,synthesized,,copula on 2026 subject histograms (rho=0.5) + class correction a=2.26 b=0.922; leave-one-out KS on observed combos ~0.162,17.5,17.46,19.76,21.82
X83,2023,year_shift,,"2026 shape moved like the anchored combos of 2023 (A00, A01): a=1.53 b=1.000",20.02,19.93,22.42,24.53
X83,2024,year_shift,,"2026 shape moved like the anchored combos of 2024 (A00, A01, B00, C00, D01): a=1.63 b=1.000",20.13,20.04,22.52,24.63
X83,2025,year_shift,,"2026 shape moved like the anchored combos of 2025 (A00, A01, B00, C00, C01, D01, D07): a=-6.19 b=1.256",17.03,16.91,20.05,22.68
X83,2026,synthesized,,copula on 2026 subject histograms (rho=0.5) + class correction a=2.26 b=0.922; leave-one-out KS on observed combos ~0.162,18.49,18.39,20.9,22.99
X84,2023,year_shift,,"2026 shape moved like the anchored combos of 2023 (A00, A01): a=1.53 b=1.000",20.42,20.33,22.69,24.95
X84,2024,year_shift,,"2026 shape moved like the anchored combos of 2024 (A00, A01, B00, C00, D01): a=1.63 b=1.000",20.52,20.45,22.8,25.06
X84,2025,year_shift,,"2026 shape moved like the anchored combos of 2025 (A00, A01, B00, C00, C01, D01, D07): a=-6.19 b=1.256",17.53,17.43,20.39,23.22
X84,2026,synthesized,,copula on 2026 subject histograms (rho=0.5) + class correction a=2.26 b=0.922; leave-one-out KS on observed combos ~0.162,18.89,18.82,21.16,23.43
X86,2023,year_shift,,"2026 shape moved like the anchored combos of 2023 (A00, A01): a=1.53 b=1.000",19.03,18.99,21.28,23.34
X86,2024,year_shift,,"2026 shape moved like the anchored combos of 2024 (A00, A01, B00, C00, D01): a=1.63 b=1.000",19.13,19.1,21.39,23.45
X86,2025,year_shift,,"2026 shape moved like the anchored combos of 2025 (A00, A01, B00, C00, C01, D01, D07): a=-6.19 b=1.256",15.78,15.74,18.62,21.21
X86,2026,synthesized,,copula on 2026 subject histograms (rho=0.5) + class correction a=2.26 b=0.922; leave-one-out KS on observed combos ~0.162,17.5,17.46,19.76,21.82
X87,2023,year_shift,,"2026 shape moved like the anchored combos of 2023 (A00, A01): a=1.53 b=1.000",20.02,19.93,22.42,24.53
X87,2024,year_shift,,"2026 shape moved like the anchored combos of 2024 (A00, A01, B00, C00, D01): a=1.63 b=1.000",20.13,20.04,22.52,24.63
X87,2025,year_shift,,"2026 shape moved like the anchored combos of 2025 (A00, A01, B00, C00, C01, D01, D07): a=-6.19 b=1.256",17.03,16.91,20.05,22.68
X87,2026,synthesized,,copula on 2026 subject histograms (rho=0.5) + class correction a=2.26 b=0.922; leave-one-out KS on observed combos ~0.162,18.49,18.39,20.9,22.99
X90,2023,year_shift,,"2026 shape moved like the anchored combos of 2023 (A00, A01): a=1.53 b=1.000",19.03,18.99,21.28,23.34
X90,2024,year_shift,,"2026 shape moved like the anchored combos of 2024 (A00, A01, B00, C00, D01): a=1.63 b=1.000",19.13,19.1,21.39,23.45
X90,2025,year_shift,,"2026 shape moved like the anchored combos of 2025 (A00, A01, B00, C00, C01, D01, D07): a=-6.19 b=1.256",15.78,15.74,18.62,21.21
X90,2026,synthesized,,copula on 2026 subject histograms (rho=0.5) + class correction a=2.26 b=0.922; leave-one-out KS on observed combos ~0.162,17.5,17.46,19.76,21.82
X94,2023,year_shift,,"2026 shape moved like the anchored combos of 2023 (A00, A01): a=1.53 b=1.000",19.03,18.99,21.28,23.34
X94,2024,year_shift,,"2026 shape moved like the anchored combos of 2024 (A00, A01, B00, C00, D01): a=1.63 b=1.000",19.13,19.1,21.39,23.45
X94,2025,year_shift,,"2026 shape moved like the anchored combos of 2025 (A00, A01, B00, C00, C01, D01, D07): a=-6.19 b=1.256",15.78,15.74,18.62,21.21
X94,2026,synthesized,,copula on 2026 subject histograms (rho=0.5) + class correction a=2.26 b=0.922; leave-one-out KS on observed combos ~0.162,17.5,17.46,19.76,21.82
X95,2023,year_shift,,"2026 shape moved like the anchored combos of 2023 (A00, A01): a=1.53 b=1.000",20.02,19.93,22.42,24.53
X95,2024,year_shift,,"2026 shape moved like the anchored combos of 2024 (A00, A01, B00, C00, D01): a=1.63 b=1.000",20.13,20.04,22.52,24.63
X95,2025,year_shift,,"2026 shape moved like the anchored combos of 2025 (A00, A01, B00, C00, C01, D01, D07): a=-6.19 b=1.256",17.03,16.91,20.05,22.68
X95,2026,synthesized,,copula on 2026 subject histograms (rho=0.5) + class correction a=2.26 b=0.922; leave-one-out KS on observed combos ~0.162,18.49,18.39,20.9,22.99
X98,2023,year_shift,,"2026 shape moved like the anchored combos of 2023 (A00, A01): a=1.53 b=1.000",19.03,18.99,21.28,23.34
X98,2024,year_shift,,"2026 shape moved like the anchored combos of 2024 (A00, A01, B00, C00, D01): a=1.63 b=1.000",19.13,19.1,21.39,23.45
X98,2025,year_shift,,"2026 shape moved like the anchored combos of 2025 (A00, A01, B00, C00, C01, D01, D07): a=-6.19 b=1.256",15.78,15.74,18.62,21.21
X98,2026,synthesized,,copula on 2026 subject histograms (rho=0.5) + class correction a=2.26 b=0.922; leave-one-out KS on observed combos ~0.162,17.5,17.46,19.76,21.82
X99,2023,year_shift,,"2026 shape moved like the anchored combos of 2023 (A00, A01): a=1.53 b=1.000",20.02,19.93,22.42,24.53
X99,2024,year_shift,,"2026 shape moved like the anchored combos of 2024 (A00, A01, B00, C00, D01): a=1.63 b=1.000",20.13,20.04,22.52,24.63
X99,2025,year_shift,,"2026 shape moved like the anchored combos of 2025 (A00, A01, B00, C00, C01, D01, D07): a=-6.19 b=1.256",17.03,16.91,20.05,22.68
X99,2026,synthesized,,copula on 2026 subject histograms (rho=0.5) + class correction a=2.26 b=0.922; leave-one-out KS on observed combos ~0.162,18.49,18.39,20.9,22.99
Y03,2023,year_shift,,"2026 shape moved like the anchored combos of 2023 (A00, A01): a=1.53 b=1.000",19.03,18.99,21.28,23.34
Y03,2024,year_shift,,"2026 shape moved like the anchored combos of 2024 (A00, A01, B00, C00, D01): a=1.63 b=1.000",19.13,19.1,21.39,23.45
Y03,2025,year_shift,,"2026 shape moved like the anchored combos of 2025 (A00, A01, B00, C00, C01, D01, D07): a=-6.19 b=1.256",15.78,15.74,18.62,21.21
Y03,2026,synthesized,,copula on 2026 subject histograms (rho=0.5) + class correction a=2.26 b=0.922; leave-one-out KS on observed combos ~0.162,17.5,17.46,19.76,21.82
Y04,2023,year_shift,,"2026 shape moved like the anchored combos of 2023 (A00, A01): a=1.53 b=1.000",20.02,19.93,22.42,24.53
Y04,2024,year_shift,,"2026 shape moved like the anchored combos of 2024 (A00, A01, B00, C00, D01): a=1.63 b=1.000",20.13,20.04,22.52,24.63
Y04,2025,year_shift,,"2026 shape moved like the anchored combos of 2025 (A00, A01, B00, C00, C01, D01, D07): a=-6.19 b=1.256",17.03,16.91,20.05,22.68
Y04,2026,synthesized,,copula on 2026 subject histograms (rho=0.5) + class correction a=2.26 b=0.922; leave-one-out KS on observed combos ~0.162,18.49,18.39,20.9,22.99
Y07,2023,year_shift,,"2026 shape moved like the anchored combos of 2023 (A00, A01): a=1.53 b=1.000",19.9,19.93,22.17,24.01
Y07,2024,year_shift,,"2026 shape moved like the anchored combos of 2024 (A00, A01, B00, C00, D01): a=1.63 b=1.000",20.0,20.04,22.28,24.11
Y07,2025,year_shift,,"2026 shape moved like the anchored combos of 2025 (A00, A01, B00, C00, C01, D01, D07): a=-6.19 b=1.256",16.88,16.91,19.75,22.06
Y07,2026,synthesized,,copula on 2026 subject histograms (rho=0.5) + class correction a=2.26 b=0.922; leave-one-out KS on observed combos ~0.162,18.37,18.39,20.66,22.5
Y08,2023,year_shift,,"2026 shape moved like the anchored combos of 2023 (A00, A01): a=1.53 b=1.000",20.29,20.33,22.45,24.32
Y08,2024,year_shift,,"2026 shape moved like the anchored combos of 2024 (A00, A01, B00, C00, D01): a=1.63 b=1.000",20.4,20.44,22.56,24.43
Y08,2025,year_shift,,"2026 shape moved like the anchored combos of 2025 (A00, A01, B00, C00, C01, D01, D07): a=-6.19 b=1.256",17.37,17.43,20.08,22.43
Y08,2026,synthesized,,copula on 2026 subject histograms (rho=0.5) + class correction a=2.26 b=0.922; leave-one-out KS on observed combos ~0.162,18.77,18.81,20.92,22.79
Y09,2023,year_shift,,"2026 shape moved like the anchored combos of 2023 (A00, A01): a=1.53 b=1.000",20.74,20.88,22.87,24.46
Y09,2024,year_shift,,"2026 shape moved like the anchored combos of 2024 (A00, A01, B00, C00, D01): a=1.63 b=1.000",20.84,20.98,22.98,24.56
Y09,2025,year_shift,,"2026 shape moved like the anchored combos of 2025 (A00, A01, B00, C00, C01, D01, D07): a=-6.19 b=1.256",17.93,18.09,20.62,22.61
Y09,2026,synthesized,,copula on 2026 subject histograms (rho=0.5) + class correction a=2.26 b=0.922; leave-one-out KS on observed combos ~0.162,19.21,19.34,21.36,22.95
Y10,2023,year_shift,,"2026 shape moved like the anchored combos of 2023 (A00, A01): a=1.53 b=1.000",21.29,21.29,23.59,25.63
Y10,2024,year_shift,,"2026 shape moved like the anchored combos of 2024 (A00, A01, B00, C00, D01): a=1.63 b=1.000",21.39,21.39,23.7,25.74
Y10,2025,year_shift,,"2026 shape moved like the anchored combos of 2025 (A00, A01, B00, C00, C01, D01, D07): a=-6.19 b=1.256",18.62,18.62,21.52,24.08
Y10,2026,synthesized,,copula on 2026 subject histograms (rho=0.5) + class correction a=2.26 b=0.922; leave-one-out KS on observed combos ~0.162,19.76,19.76,22.07,24.11
Y11,2023,year_shift,,"2026 shape moved like the anchored combos of 2023 (A00, A01): a=1.53 b=1.000",21.73,21.92,24.01,25.67
Y11,2024,year_shift,,"2026 shape moved like the anchored combos of 2024 (A00, A01, B00, C00, D01): a=1.63 b=1.000",21.84,22.03,24.11,25.77
Y11,2025,year_shift,,"2026 shape moved like the anchored combos of 2025 (A00, A01, B00, C00, C01, D01, D07): a=-6.19 b=1.256",19.18,19.43,22.06,24.12
Y11,2026,synthesized,,copula on 2026 subject histograms (rho=0.5) + class correction a=2.26 b=0.922; leave-one-out KS on observed combos ~0.162,20.2,20.41,22.5,24.13
