program_id,school_code,school_name,city,campus,program_code,program_name,major_code,field,field_name,kind,combos,reference_combo,reference_provenance,quota_2026,tuition_min,tuition_max,tuition_unit,conditions,years_with_cutoff,cutoff_2026,status_2026,source_url,tuition_imputed
BKA:BF-E12,BKA,Trường Đại học Bách Khoa Hà Nội,Hà Nội,,BF-E12,Chương trình tiên tiến Kỹ thuật Thực phẩm,,sinh_hoa,Sinh học - Hóa học - Công nghệ sinh học - Thực phẩm,high_quality,A00;B00;B03;C01;C02;D07;X02,A00,observed,60.0,35000000.0,45000000.0,per_year,,4,20.3,confirmed_2_sources,https://diemthi.vnexpress.net/tra-cuu-dai-hoc/loadbenchmark/id/349/year/2026/sortby/1/block_name/-1,False
BKA:BF-E19,BKA,Trường Đại học Bách Khoa Hà Nội,Hà Nội,,BF-E19,Kỹ thuật sinh học chương trình Tiên tiến,,sinh_hoa,Sinh học - Hóa học - Công nghệ sinh học - Thực phẩm,high_quality,A00;B00;B03;C01;C02;D07;X02,A00,observed,60.0,35000000.0,45000000.0,per_year,,4,20.06,confirmed_2_sources,https://diemthi.vnexpress.net/tra-cuu-dai-hoc/loadbenchmark/id/349/year/2026/sortby/1/block_name/-1,False
BKA:BF1,BKA,Trường Đại học Bách Khoa Hà Nội,Hà Nội,,BF1,Kỹ thuật Sinh học,,sinh_hoa,Sinh học - Hóa học - Công nghệ sinh học - Thực phẩm,standard,A00;B00;B03;C01;C02;D07;X02,A00,observed,160.0,28000000.0,35000000.0,per_year,,4,24.56,confirmed_2_sources,https://diemthi.vnexpress.net/tra-cuu-dai-hoc/loadbenchmark/id/349/year/2026/sortby/1/block_name/-1,False
BKA:BF2,BKA,Trường Đại học Bách Khoa Hà Nội,Hà Nội,,BF2,Kỹ thuật Thực phẩm,,sinh_hoa,Sinh học - Hóa học - Công nghệ sinh học - Thực phẩm,standard,A00;B00;B03;C01;C02;D07;X02,A00,observed,360.0,28000000.0,35000000.0,per_year,,4,24.4,confirmed_2_sources,https://diemthi.vnexpress.net/tra-cuu-dai-hoc/loadbenchmark/id/349/year/2026/sortby/1/block_name/-1,False
BKA:CH-E11,BKA,Trường Đại học Bách Khoa Hà Nội,Hà Nội,,CH-E11,Chương trình tiên tiến Kỹ thuật Hóa dược,,y_duoc,Y - Dược - Điều dưỡng - Sức khỏe,high_quality,A00;B00;B03;C01;C02;D07;X02,A00,observed,100.0,35000000.0,45000000.0,per_year,Khối sức khỏe: có ngưỡng điểm sàn của Bộ,4,20.69,confirmed_2_sources,https://diemthi.vnexpress.net/tra-cuu-dai-hoc/loadbenchmark/id/349/year/2026/sortby/1/block_name/-1,False
BKA:CH-E20,BKA,Trường Đại học Bách Khoa Hà Nội,Hà Nội,,CH-E20,Hóa học Mỹ phẩm (mới),,sinh_hoa,Sinh học - Hóa học - Công nghệ sinh học - Thực phẩm,high_quality,A00;A01;B03;C01;C02;X02;D07,A00,observed,40.0,28000000.0,28000000.0,,,1,22.56,confirmed_2_sources,https://diemthi.vnexpress.net/tra-cuu-dai-hoc/loadbenchmark/id/349/year/2026/sortby/1/block_name/-1,True
BKA:CH1,BKA,Trường Đại học Bách Khoa Hà Nội,Hà Nội,,CH1,Kỹ thuật Hóa học,,sinh_hoa,Sinh học - Hóa học - Công nghệ sinh học - Thực phẩm,standard,A00;B00;B03;C01;C02;D07;X02,A00,observed,680.0,28000000.0,35000000.0,per_year,,4,25.5,confirmed_2_sources,https://diemthi.vnexpress.net/tra-cuu-dai-hoc/loadbenchmark/id/349/year/2026/sortby/1/block_name/-1,False
BKA:CH2,BKA,Trường Đại học Bách Khoa Hà Nội,Hà Nội,,CH2,Hóa học,,sinh_hoa,Sinh học - Hóa học - Công nghệ sinh học - Thực phẩm,standard,A00;B00;B03;C01;C02;D07;X02,A00,observed,160.0,28000000.0,35000000.0,per_year,,4,24.94,confirmed_2_sources,https://diemthi.vnexpress.net/tra-cuu-dai-hoc/loadbenchmark/id/349/year/2026/sortby/1/block_name/-1,False
BKA:ED2,BKA,Trường Đại học Bách Khoa Hà Nội,Hà Nội,,ED2,Công nghệ giáo dục,,su_pham,Sư phạm - Giáo dục,standard,A00;A01;B03;C01;C02;D01;X02;B00;D07,A00,observed,120.0,28000000.0,35000000.0,per_year,"Sư phạm: không nhận thí sinh bị dị hình, dị tật, nói ngọng, nói lắp; điểm sàn của Bộ",4,23.75,confirmed_2_sources,https://diemthi.vnexpress.net/tra-cuu-dai-hoc/loadbenchmark/id/349/year/2026/sortby/1/block_name/-1,False
BKA:ED3,BKA,Trường Đại học Bách Khoa Hà Nội,Hà Nội,,ED3,Quản lý giáo dục,,su_pham,Sư phạm - Giáo dục,standard,A00;A01;B03;C01;C02;D01;X02,A00,observed,60.0,28000000.0,35000000.0,per_year,"Sư phạm: không nhận thí sinh bị dị hình, dị tật, nói ngọng, nói lắp; điểm sàn của Bộ",2,23.2,confirmed_2_sources,https://diemthi.vnexpress.net/tra-cuu-dai-hoc/loadbenchmark/id/349/year/2026/sortby/1/block_name/-1,False
BKA:ED5,BKA,Trường Đại học Bách Khoa Hà Nội,Hà Nội,,ED5,Tâm lý học công nghiệp và tổ chức (mới),,y_duoc,Y - Dược - Điều dưỡng - Sức khỏe,standard,A00;A01;B03;C01;C02;D01;X02,A00,observed,40.0,28000000.0,28000000.0,,Khối sức khỏe: có ngưỡng điểm sàn của Bộ,1,23.25,confirmed_2_sources,https://diemthi.vnexpress.net/tra-cuu-dai-hoc/loadbenchmark/id/349/year/2026/sortby/1/block_name/-1,True
BKA:EE-E18,BKA,Trường Đại học Bách Khoa Hà Nội,Hà Nội,,EE-E18,Chương trình tiên tiến Hệ thống điện và năng lượng tái tạo,,ky_thuat,"Kỹ thuật - Công nghệ (cơ khí, điện, điện tử, ô tô, tự động hóa, vật liệu)",high_quality,A00;A01;B03;C01;C02;X02,A00,observed,60.0,35000000.0,45000000.0,per_year,,4,27.29,confirmed_2_sources,https://diemthi.vnexpress.net/tra-cuu-dai-hoc/loadbenchmark/id/349/year/2026/sortby/1/block_name/-1,False
BKA:EE-E8,BKA,Trường Đại học Bách Khoa Hà Nội,Hà Nội,,EE-E8,Chương trình tiên tiến Điều khiển - Tự động hóa và Hệ thống điện,,ky_thuat,"Kỹ thuật - Công nghệ (cơ khí, điện, điện tử, ô tô, tự động hóa, vật liệu)",high_quality,A00;A01;B03;C01;C02;X02,A00,observed,140.0,35000000.0,45000000.0,per_year,,4,28.75,confirmed_2_sources,https://diemthi.vnexpress.net/tra-cuu-dai-hoc/loadbenchmark/id/349/year/2026/sortby/1/block_name/-1,False
BKA:EE-EP,BKA,Trường Đại học Bách Khoa Hà Nội,Hà Nội,,EE-EP,Tin học công nghiệp và Tự động hóa (Chương trình Việt - Pháp PFIEV),,ky_thuat,"Kỹ thuật - Công nghệ (cơ khí, điện, điện tử, ô tô, tự động hóa, vật liệu)",international,A00;A01;B03;C01;C02;X02;D29,A00,observed,40.0,39000000.0,42000000.0,per_year,"Học bằng tiếng Anh (thường cần trình độ tiếng Anh tốt, có thể yêu cầu IELTS/chứng chỉ khi nhập học) | Chương trình liên kết/quốc tế: học phí cao hơn chương trình chuẩn",4,28.13,confirmed_2_sources,https://diemthi.vnexpress.net/tra-cuu-dai-hoc/loadbenchmark/id/349/year/2026/sortby/1/block_name/-1,False
BKA:EE1,BKA,Trường Đại học Bách Khoa Hà Nội,Hà Nội,,EE1,Kỹ thuật Điện,,ky_thuat,"Kỹ thuật - Công nghệ (cơ khí, điện, điện tử, ô tô, tự động hóa, vật liệu)",standard,A00;A01;B03;C01;C02;X02,A00,observed,240.0,28000000.0,35000000.0,per_year,,4,28.24,confirmed_2_sources,https://diemthi.vnexpress.net/tra-cuu-dai-hoc/loadbenchmark/id/349/year/2026/sortby/1/block_name/-1,False
BKA:EE2,BKA,Trường Đại học Bách Khoa Hà Nội,Hà Nội,,EE2,Kỹ thuật Điều khiển - Tự động hóa,,ky_thuat,"Kỹ thuật - Công nghệ (cơ khí, điện, điện tử, ô tô, tự động hóa, vật liệu)",standard,A00;A01;B03;C01;C02;X02,A00,observed,500.0,28000000.0,35000000.0,per_year,,4,28.98,confirmed_2_sources,https://diemthi.vnexpress.net/tra-cuu-dai-hoc/loadbenchmark/id/349/year/2026/sortby/1/block_name/-1,False
BKA:EM-E13,BKA,Trường Đại học Bách Khoa Hà Nội,Hà Nội,,EM-E13,Chương trình tiên tiến Phân tích kinh doanh,,kinh_te,Kinh tế - Kinh doanh - Quản trị - Marketing - Thương mại,high_quality,A01;B03;C01;C02;D01;D07;X02,A01,observed,140.0,35000000.0,45000000.0,per_year,,3,23.38,confirmed_2_sources,https://diemthi.vnexpress.net/tra-cuu-dai-hoc/loadbenchmark/id/349/year/2026/sortby/1/block_name/-1,False
BKA:EM-E14,BKA,Trường Đại học Bách Khoa Hà Nội,Hà Nội,,EM-E14,Chương trình tiên tiến Logistics và Quản lý chuỗi cung ứng,,du_lich,Du lịch - Khách sạn - Logistics - Hàng không - Dịch vụ,high_quality,A01;B03;C01;C02;D01;D07;X02,A01,observed,140.0,64000000.0,64000000.0,per_year,,3,24.56,confirmed_2_sources,https://diemthi.vnexpress.net/tra-cuu-dai-hoc/loadbenchmark/id/349/year/2026/sortby/1/block_name/-1,False
BKA:EM-E17,BKA,Trường Đại học Bách Khoa Hà Nội,Hà Nội,,EM-E17,Kế toán (mới),,tai_chinh,Tài chính - Ngân hàng - Kế toán - Kiểm toán - Bảo hiểm,high_quality,A01;B03;C01;C02;D01;D07;X02,A01,observed,80.0,28000000.0,28000000.0,,,1,20.06,confirmed_2_sources,https://diemthi.vnexpress.net/tra-cuu-dai-hoc/loadbenchmark/id/349/year/2026/sortby/1/block_name/-1,True
BKA:EM1,BKA,Trường Đại học Bách Khoa Hà Nội,Hà Nội,,EM1,Quản lý năng lượng,,kinh_te,Kinh tế - Kinh doanh - Quản trị - Marketing - Thương mại,standard,A00;A01;B03;C01;C02;D01;X02,A00,observed,80.0,28000000.0,35000000.0,per_year,,4,24.56,confirmed_2_sources,https://diemthi.vnexpress.net/tra-cuu-dai-hoc/loadbenchmark/id/349/year/2026/sortby/1/block_name/-1,False
BKA:EM2,BKA,Trường Đại học Bách Khoa Hà Nội,Hà Nội,,EM2,Quản lý công nghiệp,,xa_hoi,Khoa học xã hội - Tâm lý - Nhân văn - Chính trị - Hành chính,standard,A00;A01;B03;C01;C02;D01;X02,A00,observed,100.0,28000000.0,35000000.0,per_year,,4,25.07,confirmed_2_sources,https://diemthi.vnexpress.net/tra-cuu-dai-hoc/loadbenchmark/id/349/year/2026/sortby/1/block_name/-1,False
BKA:EM3,BKA,Trường Đại học Bách Khoa Hà Nội,Hà Nội,,EM3,Quản trị kinh doanh,,kinh_te,Kinh tế - Kinh doanh - Quản trị - Marketing - Thương mại,standard,A00;A01;B03;C01;C02;D01;X02,A00,observed,120.0,28000000.0,35000000.0,per_year,,4,24.12,confirmed_2_sources,https://diemthi.vnexpress.net/tra-cuu-dai-hoc/loadbenchmark/id/349/year/2026/sortby/1/block_name/-1,False
BKA:EM5,BKA,Trường Đại học Bách Khoa Hà Nội,Hà Nội,,EM5,Tài chính - Ngân hàng,,tai_chinh,Tài chính - Ngân hàng - Kế toán - Kiểm toán - Bảo hiểm,standard,A00;A01;B03;C01;C02;D01;X02,A00,observed,100.0,28000000.0,35000000.0,per_year,,4,24.48,confirmed_2_sources,https://diemthi.vnexpress.net/tra-cuu-dai-hoc/loadbenchmark/id/349/year/2026/sortby/1/block_name/-1,False
BKA:ET-E16,BKA,Trường Đại học Bách Khoa Hà Nội,Hà Nội,,ET-E16,Truyền thông số và Kỹ thuật đa phương tiện (CT tiên tiến),,bao_chi,Báo chí - Truyền thông - Quan hệ công chúng,high_quality,A00;A01;B03;C01;C02;X02,A00,observed,60.0,35000000.0,45000000.0,per_year,,3,27.48,confirmed_2_sources,https://diemthi.vnexpress.net/tra-cuu-dai-hoc/loadbenchmark/id/349/year/2026/sortby/1/block_name/-1,False
BKA:ET-E4,BKA,Trường Đại học Bách Khoa Hà Nội,Hà Nội,,ET-E4,Chương trình tiên tiến Điện tử - Viễn thông,,ky_thuat,"Kỹ thuật - Công nghệ (cơ khí, điện, điện tử, ô tô, tự động hóa, vật liệu)",high_quality,A00;A01;B03;C01;C02;X02,A00,observed,120.0,35000000.0,45000000.0,per_year,,3,28.13,confirmed_2_sources,https://diemthi.vnexpress.net/tra-cuu-dai-hoc/loadbenchmark/id/349/year/2026/sortby/1/block_name/-1,False
BKA:ET-E5,BKA,Trường Đại học Bách Khoa Hà Nội,Hà Nội,,ET-E5,Chương trình tiên tiến Kỹ thuật Y sinh,,y_duoc,Y - Dược - Điều dưỡng - Sức khỏe,high_quality,A00;A01;B03;C01;C02;X02,A00,observed,40.0,35000000.0,45000000.0,per_year,Khối sức khỏe: có ngưỡng điểm sàn của Bộ,3,26.74,confirmed_2_sources,https://diemthi.vnexpress.net/tra-cuu-dai-hoc/loadbenchmark/id/349/year/2026/sortby/1/block_name/-1,False
BKA:ET-E9,BKA,Trường Đại học Bách Khoa Hà Nội,Hà Nội,,ET-E9,Chương trình tiên tiến Hệ thống nhúng thông minh và IoT,,cntt,Công nghệ thông tin - Máy tính - Dữ liệu - AI,high_quality,A00;A01;B03;C01;C02;X02;D28,A00,observed,80.0,39000000.0,45000000.0,per_year,,3,28.4,confirmed_2_sources,https://diemthi.vnexpress.net/tra-cuu-dai-hoc/loadbenchmark/id/349/year/2026/sortby/1/block_name/-1,False
BKA:ET-LUH,BKA,Trường Đại học Bách Khoa Hà Nội,Hà Nội,,ET-LUH,Điện tử - Viễn thông - ĐH Leibniz Hannover (Đức),,ky_thuat,"Kỹ thuật - Công nghệ (cơ khí, điện, điện tử, ô tô, tự động hóa, vật liệu)",high_quality,A00;A01;B03;C01;C02;X02;D26,A00,observed,40.0,78000000.0,78000000.0,per_year,,4,27.45,confirmed_2_sources,https://diemthi.vnexpress.net/tra-cuu-dai-hoc/loadbenchmark/id/349/year/2026/sortby/1/block_name/-1,False
BKA:ET1,BKA,Trường Đại học Bách Khoa Hà Nội,Hà Nội,,ET1,Kỹ thuật Điện tử - Viễn thông,,ky_thuat,"Kỹ thuật - Công nghệ (cơ khí, điện, điện tử, ô tô, tự động hóa, vật liệu)",standard,A00;A01;B03;C01;C02;X02,A00,observed,480.0,28000000.0,35000000.0,per_year,,4,28.57,confirmed_2_sources,https://diemthi.vnexpress.net/tra-cuu-dai-hoc/loadbenchmark/id/349/year/2026/sortby/1/block_name/-1,False
BKA:ET2,BKA,Trường Đại học Bách Khoa Hà Nội,Hà Nội,,ET2,Kỹ thuật Y sinh,,y_duoc,Y - Dược - Điều dưỡng - Sức khỏe,standard,A00;A01;B00;B03;C01;C02;X02,A00,observed,100.0,28000000.0,35000000.0,per_year,Khối sức khỏe: có ngưỡng điểm sàn của Bộ,4,27.15,confirmed_2_sources,https://diemthi.vnexpress.net/tra-cuu-dai-hoc/loadbenchmark/id/349/year/2026/sortby/1/block_name/-1,False
BKA:EV1,BKA,Trường Đại học Bách Khoa Hà Nội,Hà Nội,,EV1,Kỹ thuật Môi trường,,nong_lam_mt,Nông - Lâm - Thủy sản - Môi trường - Tài nguyên,standard,A00;B00;B03;C01;C02;D07;X02,A00,observed,160.0,28000000.0,35000000.0,per_year,,4,23.72,confirmed_2_sources,https://diemthi.vnexpress.net/tra-cuu-dai-hoc/loadbenchmark/id/349/year/2026/sortby/1/block_name/-1,False
BKA:EV2,BKA,Trường Đại học Bách Khoa Hà Nội,Hà Nội,,EV2,Quản lý Tài nguyên và Môi trường,,nong_lam_mt,Nông - Lâm - Thủy sản - Môi trường - Tài nguyên,standard,A00;B00;B03;C01;C02;D07;X02,A00,observed,120.0,28000000.0,35000000.0,per_year,,4,22.63,confirmed_2_sources,https://diemthi.vnexpress.net/tra-cuu-dai-hoc/loadbenchmark/id/349/year/2026/sortby/1/block_name/-1,False
BKA:FL1,BKA,Trường Đại học Bách Khoa Hà Nội,Hà Nội,,FL1,Tiếng Anh KHKT và Công nghệ,,ngon_ngu,Ngôn ngữ - Văn hóa - Quốc tế học,standard,D01;B03;C01;C02;X02,D01,observed,210.0,28000000.0,35000000.0,per_year,"Học bằng tiếng Anh (thường cần trình độ tiếng Anh tốt, có thể yêu cầu IELTS/chứng chỉ khi nhập học)",4,23.0,confirmed_2_sources,https://diemthi.vnexpress.net/tra-cuu-dai-hoc/loadbenchmark/id/349/year/2026/sortby/1/block_name/-1,False
BKA:FL2,BKA,Trường Đại học Bách Khoa Hà Nội,Hà Nội,,FL2,Tiếng Anh chuyên nghiệp quốc tế,,ngon_ngu,Ngôn ngữ - Văn hóa - Quốc tế học,international,B03;C01;C02;D01;X02,B03,observed,90.0,51000000.0,51000000.0,per_year,"Học bằng tiếng Anh (thường cần trình độ tiếng Anh tốt, có thể yêu cầu IELTS/chứng chỉ khi nhập học) | Chương trình liên kết/quốc tế: học phí cao hơn chương trình chuẩn",4,20.75,confirmed_2_sources,https://diemthi.vnexpress.net/tra-cuu-dai-hoc/loadbenchmark/id/349/year/2026/sortby/1/block_name/-1,False
BKA:FL3,BKA,Trường Đại học Bách Khoa Hà Nội,Hà Nội,,FL3,Tiếng Trung Khoa học và Công nghệ,,ngon_ngu,Ngôn ngữ - Văn hóa - Quốc tế học,standard,D01;B03;C01;C02;D04;X02,D01,observed,80.0,28000000.0,35000000.0,per_year,,2,25.5,confirmed_2_sources,https://diemthi.vnexpress.net/tra-cuu-dai-hoc/loadbenchmark/id/349/year/2026/sortby/1/block_name/-1,False
BKA:FL4,BKA,Trường Đại học Bách Khoa Hà Nội,Hà Nội,,FL4,Tiếng Hàn KHvàCN (mới),,ngon_ngu,Ngôn ngữ - Văn hóa - Quốc tế học,standard,D01;B03;C01;C02;X02,D01,observed,40.0,28000000.0,28000000.0,,,1,22.98,confirmed_2_sources,https://diemthi.vnexpress.net/tra-cuu-dai-hoc/loadbenchmark/id/349/year/2026/sortby/1/block_name/-1,True
BKA:HE1,BKA,Trường Đại học Bách Khoa Hà Nội,Hà Nội,,HE1,Kỹ thuật Nhiệt,,ky_thuat,"Kỹ thuật - Công nghệ (cơ khí, điện, điện tử, ô tô, tự động hóa, vật liệu)",standard,A00;A01;B03;C01;C02;X02,A00,observed,250.0,28000000.0,35000000.0,per_year,,4,26.85,confirmed_2_sources,https://diemthi.vnexpress.net/tra-cuu-dai-hoc/loadbenchmark/id/349/year/2026/sortby/1/block_name/-1,False
BKA:IT-E10,BKA,Trường Đại học Bách Khoa Hà Nội,Hà Nội,,IT-E10,Chương trình tiên tiến Khoa học dữ liệu và Trí tuệ nhân tạo,,cntt,Công nghệ thông tin - Máy tính - Dữ liệu - AI,high_quality,A00;A01;B03;C01;C02;X02,A00,observed,160.0,67000000.0,67000000.0,per_year,,4,29.54,confirmed_2_sources,https://diemthi.vnexpress.net/tra-cuu-dai-hoc/loadbenchmark/id/349/year/2026/sortby/1/block_name/-1,False
BKA:IT-E15,BKA,Trường Đại học Bách Khoa Hà Nội,Hà Nội,,IT-E15,An toàn không gian số - Cyber Security (CT tiên tiến),,cntt,Công nghệ thông tin - Máy tính - Dữ liệu - AI,high_quality,A00;A01;B03;C01;C02;X02,A00,observed,40.0,35000000.0,45000000.0,per_year,,4,29.01,confirmed_2_sources,https://diemthi.vnexpress.net/tra-cuu-dai-hoc/loadbenchmark/id/349/year/2026/sortby/1/block_name/-1,False
BKA:IT-E6,BKA,Trường Đại học Bách Khoa Hà Nội,Hà Nội,,IT-E6,Công nghệ thông tin Việt-Nhật,,cntt,Công nghệ thông tin - Máy tính - Dữ liệu - AI,high_quality,A00;A01;B03;C01;C02;X02;D28,A00,observed,160.0,39000000.0,45000000.0,per_year,,4,27.74,confirmed_2_sources,https://diemthi.vnexpress.net/tra-cuu-dai-hoc/loadbenchmark/id/349/year/2026/sortby/1/block_name/-1,False
BKA:IT-E7,BKA,Trường Đại học Bách Khoa Hà Nội,Hà Nội,,IT-E7,Công nghệ thông tin ICT,,cntt,Công nghệ thông tin - Máy tính - Dữ liệu - AI,high_quality,A00;A01;B03;C01;C02;X02,A00,observed,160.0,35000000.0,45000000.0,per_year,,4,28.75,confirmed_2_sources,https://diemthi.vnexpress.net/tra-cuu-dai-hoc/loadbenchmark/id/349/year/2026/sortby/1/block_name/-1,False
BKA:IT-EP,BKA,Trường Đại học Bách Khoa Hà Nội,Hà Nội,,IT-EP,Công nghệ thông tin (Việt - Pháp),,cntt,Công nghệ thông tin - Máy tính - Dữ liệu - AI,high_quality,A00;A01;B03;C01;C02;X02;D29,A00,observed,40.0,39000000.0,45000000.0,per_year,,4,27.74,confirmed_2_sources,https://diemthi.vnexpress.net/tra-cuu-dai-hoc/loadbenchmark/id/349/year/2026/sortby/1/block_name/-1,False
BKA:IT1,BKA,Trường Đại học Bách Khoa Hà Nội,Hà Nội,,IT1,Khoa học Máy tính,,cntt,Công nghệ thông tin - Máy tính - Dữ liệu - AI,standard,A00;A01;B03;C01;C02;X02,A00,observed,300.0,28000000.0,35000000.0,per_year,,4,29.27,confirmed_2_sources,https://diemthi.vnexpress.net/tra-cuu-dai-hoc/loadbenchmark/id/349/year/2026/sortby/1/block_name/-1,False
BKA:IT2,BKA,Trường Đại học Bách Khoa Hà Nội,Hà Nội,,IT2,Kỹ thuật Máy tính,,cntt,Công nghệ thông tin - Máy tính - Dữ liệu - AI,standard,A00;A01;B03;C01;C02;X02,A00,observed,200.0,28000000.0,35000000.0,per_year,,4,28.91,confirmed_2_sources,https://diemthi.vnexpress.net/tra-cuu-dai-hoc/loadbenchmark/id/349/year/2026/sortby/1/block_name/-1,False
BKA:ME-E1,BKA,Trường Đại học Bách Khoa Hà Nội,Hà Nội,,ME-E1,Chương trình tiên tiến Cơ điện tử,,ky_thuat,"Kỹ thuật - Công nghệ (cơ khí, điện, điện tử, ô tô, tự động hóa, vật liệu)",high_quality,A00;A01;B03;C01;C02;X02,A00,observed,180.0,35000000.0,45000000.0,per_year,,4,27.83,confirmed_2_sources,https://diemthi.vnexpress.net/tra-cuu-dai-hoc/loadbenchmark/id/349/year/2026/sortby/1/block_name/-1,False
BKA:ME-GU,BKA,Trường Đại học Bách Khoa Hà Nội,Hà Nội,,ME-GU,Cơ khí - Chế tạo máy - ĐH Griffith (Úc),,ky_thuat,"Kỹ thuật - Công nghệ (cơ khí, điện, điện tử, ô tô, tự động hóa, vật liệu)",high_quality,A00;A01;B03;C01;C02;X02,A00,observed,40.0,87000000.0,87000000.0,per_year,,4,26.52,confirmed_2_sources,https://diemthi.vnexpress.net/tra-cuu-dai-hoc/loadbenchmark/id/349/year/2026/sortby/1/block_name/-1,False
BKA:ME-LUH,BKA,Trường Đại học Bách Khoa Hà Nội,Hà Nội,,ME-LUH,Cơ điện tử - ĐH Leibniz Hannover (Đức),,ky_thuat,"Kỹ thuật - Công nghệ (cơ khí, điện, điện tử, ô tô, tự động hóa, vật liệu)",high_quality,A00;A01;B03;C01;C02;X02;D26,A00,observed,50.0,78000000.0,78000000.0,per_year,,4,27.33,confirmed_2_sources,https://diemthi.vnexpress.net/tra-cuu-dai-hoc/loadbenchmark/id/349/year/2026/sortby/1/block_name/-1,False
BKA:ME-NUT,BKA,Trường Đại học Bách Khoa Hà Nội,Hà Nội,,ME-NUT,Cơ điện tử - ĐH Nagaoka (Nhật Bản),,ky_thuat,"Kỹ thuật - Công nghệ (cơ khí, điện, điện tử, ô tô, tự động hóa, vật liệu)",high_quality,A00;A01;B03;C01;C02;X02;D28,A00,observed,100.0,78000000.0,78000000.0,per_year,,4,26.97,confirmed_2_sources,https://diemthi.vnexpress.net/tra-cuu-dai-hoc/loadbenchmark/id/349/year/2026/sortby/1/block_name/-1,False
BKA:ME1,BKA,Trường Đại học Bách Khoa Hà Nội,Hà Nội,,ME1,Kỹ thuật Cơ điện tử,,ky_thuat,"Kỹ thuật - Công nghệ (cơ khí, điện, điện tử, ô tô, tự động hóa, vật liệu)",standard,A00;A01;B03;C01;C02;X02,A00,observed,300.0,28000000.0,35000000.0,per_year,,4,28.47,confirmed_2_sources,https://diemthi.vnexpress.net/tra-cuu-dai-hoc/loadbenchmark/id/349/year/2026/sortby/1/block_name/-1,False
BKA:ME2,BKA,Trường Đại học Bách Khoa Hà Nội,Hà Nội,,ME2,Kỹ thuật Cơ khí,,ky_thuat,"Kỹ thuật - Công nghệ (cơ khí, điện, điện tử, ô tô, tự động hóa, vật liệu)",standard,A00;A01;B03;C01;C02;X02,A00,observed,560.0,28000000.0,35000000.0,per_year,,4,27.57,confirmed_2_sources,https://diemthi.vnexpress.net/tra-cuu-dai-hoc/loadbenchmark/id/349/year/2026/sortby/1/block_name/-1,False
BKA:MI-E22,BKA,Trường Đại học Bách Khoa Hà Nội,Hà Nội,,MI-E22,Khoa học tính toán cho các hệ thống thông minh (mới),,sinh_hoa,Sinh học - Hóa học - Công nghệ sinh học - Thực phẩm,high_quality,A00;A01;B03;C01;C02;X02,A00,observed,40.0,28000000.0,28000000.0,,,1,27.97,confirmed_2_sources,https://diemthi.vnexpress.net/tra-cuu-dai-hoc/loadbenchmark/id/349/year/2026/sortby/1/block_name/-1,True
BKA:MI1,BKA,Trường Đại học Bách Khoa Hà Nội,Hà Nội,,MI1,Toán-Tin,,khoa_hoc_tn,Khoa học tự nhiên - Toán - Vật lý - Thống kê,standard,A00;A01;B03;C01;C02;X02,A00,observed,160.0,28000000.0,35000000.0,per_year,,4,27.97,confirmed_2_sources,https://diemthi.vnexpress.net/tra-cuu-dai-hoc/loadbenchmark/id/349/year/2026/sortby/1/block_name/-1,False
BKA:MI2,BKA,Trường Đại học Bách Khoa Hà Nội,Hà Nội,,MI2,Hệ thống thông tin quản lý,,cntt,Công nghệ thông tin - Máy tính - Dữ liệu - AI,standard,A00;A01;B03;C01;C02;X02,A00,observed,80.0,28000000.0,35000000.0,per_year,,4,27.83,confirmed_2_sources,https://diemthi.vnexpress.net/tra-cuu-dai-hoc/loadbenchmark/id/349/year/2026/sortby/1/block_name/-1,False
BKA:MS-E3,BKA,Trường Đại học Bách Khoa Hà Nội,Hà Nội,,MS-E3,Chương trình tiên tiến KHKT Vật liệu,,khoa_hoc_tn,Khoa học tự nhiên - Toán - Vật lý - Thống kê,high_quality,A00;A01;B03;C01;C02;D07;X02,A00,observed,60.0,35000000.0,45000000.0,per_year,,4,25.69,confirmed_2_sources,https://diemthi.vnexpress.net/tra-cuu-dai-hoc/loadbenchmark/id/349/year/2026/sortby/1/block_name/-1,False
BKA:MS1,BKA,Trường Đại học Bách Khoa Hà Nội,Hà Nội,,MS1,Kỹ thuật Vật liệu,,khoa_hoc_tn,Khoa học tự nhiên - Toán - Vật lý - Thống kê,standard,A00;A01;B03;C01;C02;D07;X02,A00,observed,280.0,28000000.0,35000000.0,per_year,,3,26.63,confirmed_2_sources,https://diemthi.vnexpress.net/tra-cuu-dai-hoc/loadbenchmark/id/349/year/2026/sortby/1/block_name/-1,False
BKA:MS2,BKA,Trường Đại học Bách Khoa Hà Nội,Hà Nội,,MS2,Kỹ thuật Vi điện tử và công nghệ nano,,ky_thuat,"Kỹ thuật - Công nghệ (cơ khí, điện, điện tử, ô tô, tự động hóa, vật liệu)",standard,A00;A01;B03;C01;C02;D07;X02,A00,observed,180.0,28000000.0,35000000.0,per_year,,4,28.64,confirmed_2_sources,https://diemthi.vnexpress.net/tra-cuu-dai-hoc/loadbenchmark/id/349/year/2026/sortby/1/block_name/-1,False
BKA:MS3,BKA,Trường Đại học Bách Khoa Hà Nội,Hà Nội,,MS3,Công nghệ vật liệu Polime và Compozit,,khoa_hoc_tn,Khoa học tự nhiên - Toán - Vật lý - Thống kê,standard,A00;A01;B03;C01;C02;D07;X02,A00,observed,80.0,28000000.0,35000000.0,per_year,,4,26.31,confirmed_2_sources,https://diemthi.vnexpress.net/tra-cuu-dai-hoc/loadbenchmark/id/349/year/2026/sortby/1/block_name/-1,False
BKA:MS5,BKA,Trường Đại học Bách Khoa Hà Nội,Hà Nội,,MS5,Kỹ thuật in,,ky_thuat,"Kỹ thuật - Công nghệ (cơ khí, điện, điện tử, ô tô, tự động hóa, vật liệu)",standard,A00;A01;B03;C01;C02;D07;X02;B00,A00,observed,60.0,28000000.0,35000000.0,per_year,,3,25.45,confirmed_2_sources,https://diemthi.vnexpress.net/tra-cuu-dai-hoc/loadbenchmark/id/349/year/2026/sortby/1/block_name/-1,False
BKA:PH1,BKA,Trường Đại học Bách Khoa Hà Nội,Hà Nội,,PH1,Vật lý kỹ thuật,,khoa_hoc_tn,Khoa học tự nhiên - Toán - Vật lý - Thống kê,standard,A00;A01;B03;C01;C02;X02,A00,observed,200.0,28000000.0,35000000.0,per_year,,4,27.03,confirmed_2_sources,https://diemthi.vnexpress.net/tra-cuu-dai-hoc/loadbenchmark/id/349/year/2026/sortby/1/block_name/-1,False
BKA:PH2,BKA,Trường Đại học Bách Khoa Hà Nội,Hà Nội,,PH2,Kỹ thuật hạt nhân,,ky_thuat,"Kỹ thuật - Công nghệ (cơ khí, điện, điện tử, ô tô, tự động hóa, vật liệu)",standard,A00;A01;B03;C01;C02;X02;A02,A00,observed,40.0,28000000.0,35000000.0,per_year,,4,26.54,confirmed_2_sources,https://diemthi.vnexpress.net/tra-cuu-dai-hoc/loadbenchmark/id/349/year/2026/sortby/1/block_name/-1,False
BKA:PH3,BKA,Trường Đại học Bách Khoa Hà Nội,Hà Nội,,PH3,Vật lý y khoa,,y_duoc,Y - Dược - Điều dưỡng - Sức khỏe,standard,A00;A01;B03;C01;C02;X02;A02,A00,observed,60.0,28000000.0,35000000.0,per_year,Khối sức khỏe: có ngưỡng điểm sàn của Bộ,4,26.26,confirmed_2_sources,https://diemthi.vnexpress.net/tra-cuu-dai-hoc/loadbenchmark/id/349/year/2026/sortby/1/block_name/-1,False
BKA:TE-E2,BKA,Trường Đại học Bách Khoa Hà Nội,Hà Nội,,TE-E2,Chương trình tiên tiến Kỹ thuật Ô tô,,ky_thuat,"Kỹ thuật - Công nghệ (cơ khí, điện, điện tử, ô tô, tự động hóa, vật liệu)",high_quality,A00;A01;B03;C01;C02;X02,A00,observed,100.0,35000000.0,45000000.0,per_year,,4,26.38,confirmed_2_sources,https://diemthi.vnexpress.net/tra-cuu-dai-hoc/loadbenchmark/id/349/year/2026/sortby/1/block_name/-1,False
BKA:TE-EP,BKA,Trường Đại học Bách Khoa Hà Nội,Hà Nội,,TE-EP,Cơ khí hàng không (Chương trình Việt - Pháp PFIEV),,du_lich,Du lịch - Khách sạn - Logistics - Hàng không - Dịch vụ,international,A00;A01;B03;C01;C02;X02;D29,A00,observed,40.0,39000000.0,42000000.0,per_year,"Học bằng tiếng Anh (thường cần trình độ tiếng Anh tốt, có thể yêu cầu IELTS/chứng chỉ khi nhập học) | Chương trình liên kết/quốc tế: học phí cao hơn chương trình chuẩn",4,26.74,confirmed_2_sources,https://diemthi.vnexpress.net/tra-cuu-dai-hoc/loadbenchmark/id/349/year/2026/sortby/1/block_name/-1,False
BKA:TE1,BKA,Trường Đại học Bách Khoa Hà Nội,Hà Nội,,TE1,Kỹ thuật Ô tô,,ky_thuat,"Kỹ thuật - Công nghệ (cơ khí, điện, điện tử, ô tô, tự động hóa, vật liệu)",standard,A00;A01;B03;C01;C02;X02,A00,observed,200.0,28000000.0,35000000.0,per_year,,4,27.34,confirmed_2_sources,https://diemthi.vnexpress.net/tra-cuu-dai-hoc/loadbenchmark/id/349/year/2026/sortby/1/block_name/-1,False
BKA:TE2,BKA,Trường Đại học Bách Khoa Hà Nội,Hà Nội,,TE2,Kỹ thuật Cơ khí động lực,,ky_thuat,"Kỹ thuật - Công nghệ (cơ khí, điện, điện tử, ô tô, tự động hóa, vật liệu)",standard,A00;A01;B03;C01;C02;X02,A00,observed,120.0,28000000.0,35000000.0,per_year,,4,27.08,confirmed_2_sources,https://diemthi.vnexpress.net/tra-cuu-dai-hoc/loadbenchmark/id/349/year/2026/sortby/1/block_name/-1,False
BKA:TE3,BKA,Trường Đại học Bách Khoa Hà Nội,Hà Nội,,TE3,Kỹ thuật Hàng không,,du_lich,Du lịch - Khách sạn - Logistics - Hàng không - Dịch vụ,standard,A00;A01;B03;C01;C02;X02,A00,observed,80.0,28000000.0,35000000.0,per_year,,4,27.36,confirmed_2_sources,https://diemthi.vnexpress.net/tra-cuu-dai-hoc/loadbenchmark/id/349/year/2026/sortby/1/block_name/-1,False
BKA:TEE2,BKA,Trường Đại học Bách Khoa Hà Nội,Hà Nội,,TEE2,Kỹ thuật Ô tô (CT tiên tiến),,ky_thuat,"Kỹ thuật - Công nghệ (cơ khí, điện, điện tử, ô tô, tự động hóa, vật liệu)",high_quality,A00;A01;B03;C01;C02;X02,A00,observed,100.0,28000000.0,28000000.0,,,1,26.38,single_source,https://vietnamnet.vn/newsapi-edu/UniversityDetail/GetDetail?pageId=49ff289efde0446f9ae2f5c385595744&componentId=COMPONENT002302&keyword=BKA&year=2026&pageSize=25&pageIndex=9&typeOfTraining=0&subjectGroup=,True
BKA:TROY-IT,BKA,Trường Đại học Bách Khoa Hà Nội,Hà Nội,,TROY-IT,Khoa học máy tính - ĐH Troy (Hoa Kỳ),,cntt,Công nghệ thông tin - Máy tính - Dữ liệu - AI,international,A00;A01;B03;C01;C02;D01;X02,A00,observed,120.0,90000000.0,90000000.0,per_year,"Học bằng tiếng Anh (thường cần trình độ tiếng Anh tốt, có thể yêu cầu IELTS/chứng chỉ khi nhập học) | Chương trình liên kết/quốc tế: học phí cao hơn chương trình chuẩn",4,24.44,confirmed_2_sources,https://diemthi.vnexpress.net/tra-cuu-dai-hoc/loadbenchmark/id/349/year/2026/sortby/1/block_name/-1,False
BKA:TX1,BKA,Trường Đại học Bách Khoa Hà Nội,Hà Nội,,TX1,Kỹ thuật Dệt,,ky_thuat,"Kỹ thuật - Công nghệ (cơ khí, điện, điện tử, ô tô, tự động hóa, vật liệu)",standard,A00;A01;B03;C01;C02;D07;X02,A00,observed,240.0,28000000.0,35000000.0,per_year,,4,23.36,confirmed_2_sources,https://diemthi.vnexpress.net/tra-cuu-dai-hoc/loadbenchmark/id/349/year/2026/sortby/1/block_name/-1,False
BVH:7320101,BVH,Học viện Công nghệ Bưu chính Viễn thông,Hà Nội,,7320101,Báo chí,7320101,bao_chi,Báo chí - Truyền thông - Quan hệ công chúng,standard,A00;A01;D01;X06;X26,A00,observed,,29600000.0,37600000.0,per_year,,4,22.0,confirmed_2_sources,https://diemthi.vnexpress.net/tra-cuu-dai-hoc/loadbenchmark/id/351/year/2026/sortby/1/block_name/-1,False
BVH:7320104,BVH,Học viện Công nghệ Bưu chính Viễn thông,Hà Nội,,7320104,Truyền thông đa phương tiện,7320104,bao_chi,Báo chí - Truyền thông - Quan hệ công chúng,standard,A00;A01;D01;X06;X26,A00,observed,,29600000.0,29600000.0,,,4,24.54,confirmed_2_sources,https://diemthi.vnexpress.net/tra-cuu-dai-hoc/loadbenchmark/id/351/year/2026/sortby/1/block_name/-1,True
BVH:7320104CL,BVH,Học viện Công nghệ Bưu chính Viễn thông,Hà Nội,,7320104CL,Truyền thông đa phương tiện CLC,7320104,bao_chi,Báo chí - Truyền thông - Quan hệ công chúng,high_quality,A00;A01;D01;X06;X26,A00,observed,,29600000.0,29600000.0,,,1,22.23,confirmed_2_sources,https://diemthi.vnexpress.net/tra-cuu-dai-hoc/loadbenchmark/id/351/year/2026/sortby/1/block_name/-1,True
BVH:7320104LK,BVH,Học viện Công nghệ Bưu chính Viễn thông,Hà Nội,,7320104LK,"Truyền thông Đa phương tiện (Liên kết với đại học Công nghệ Queensland, Úc",7320104,bao_chi,Báo chí - Truyền thông - Quan hệ công chúng,international,A00;A01;D01;X06;X26,A00,observed,,29600000.0,29600000.0,,"Học bằng tiếng Anh (thường cần trình độ tiếng Anh tốt, có thể yêu cầu IELTS/chứng chỉ khi nhập học) | Chương trình liên kết/quốc tế: học phí cao hơn chương trình chuẩn",1,22.4,confirmed_2_sources,https://diemthi.vnexpress.net/tra-cuu-dai-hoc/loadbenchmark/id/351/year/2026/sortby/1/block_name/-1,True
BVH:7329001,BVH,Học viện Công nghệ Bưu chính Viễn thông,Hà Nội,,7329001,Công nghệ đa phương tiện,7329001,ky_thuat,"Kỹ thuật - Công nghệ (cơ khí, điện, điện tử, ô tô, tự động hóa, vật liệu)",standard,A00;A01;D01;X06;X26,A00,observed,,29600000.0,37600000.0,per_year,,4,22.75,confirmed_2_sources,https://diemthi.vnexpress.net/tra-cuu-dai-hoc/loadbenchmark/id/351/year/2026/sortby/1/block_name/-1,False
BVH:7329001GA,BVH,Học viện Công nghệ Bưu chính Viễn thông,Hà Nội,,7329001GA,Thiết kế đồ họa game,7329001,cntt,Công nghệ thông tin - Máy tính - Dữ liệu - AI,standard,A00;A01;D01;X06;X26,A00,observed,,29600000.0,29600000.0,,,1,22.9,confirmed_2_sources,https://vietnamnet.vn/newsapi-edu/UniversityDetail/GetDetail?pageId=49ff289efde0446f9ae2f5c385595744&componentId=COMPONENT002302&keyword=BVH&year=2026&pageSize=25&pageIndex=8&typeOfTraining=0&subjectGroup=,True
BVH:7329001GM,BVH,Học viện Công nghệ Bưu chính Viễn thông,Hà Nội,,7329001GM,Thiết kế và phát triển Game,7329001,cntt,Công nghệ thông tin - Máy tính - Dữ liệu - AI,standard,A00;A01;D01;X06;X26,A00,observed,,29600000.0,29600000.0,,,1,22.11,confirmed_2_sources,https://diemthi.vnexpress.net/tra-cuu-dai-hoc/loadbenchmark/id/351/year/2026/sortby/1/block_name/-1,True
BVH:7329001LK,BVH,Học viện Công nghệ Bưu chính Viễn thông,Hà Nội,,7329001LK,"Công nghệ Đa phương tiện (Liên kết với đại học Canberra, Australia)",7329001,ky_thuat,"Kỹ thuật - Công nghệ (cơ khí, điện, điện tử, ô tô, tự động hóa, vật liệu)",international,A00;A01;D01;X06;X26,A00,observed,,29600000.0,29600000.0,,"Học bằng tiếng Anh (thường cần trình độ tiếng Anh tốt, có thể yêu cầu IELTS/chứng chỉ khi nhập học) | Chương trình liên kết/quốc tế: học phí cao hơn chương trình chuẩn",1,22.75,confirmed_2_sources,https://diemthi.vnexpress.net/tra-cuu-dai-hoc/loadbenchmark/id/351/year/2026/sortby/1/block_name/-1,True
BVH:7329001VH,BVH,Học viện Công nghệ Bưu chính Viễn thông,Hà Nội,,7329001VH,Công nghệ công nghiệp văn hóa số (định hướng điện ảnh),7329001,ngon_ngu,Ngôn ngữ - Văn hóa - Quốc tế học,standard,A00;A01;D01;X06;X26,A00,observed,,29600000.0,29600000.0,,,1,21.52,confirmed_2_sources,https://diemthi.vnexpress.net/tra-cuu-dai-hoc/loadbenchmark/id/351/year/2026/sortby/1/block_name/-1,True
BVH:7340101,BVH,Học viện Công nghệ Bưu chính Viễn thông,Hà Nội,,7340101,Quản trị Kinh doanh,7340101,kinh_te,Kinh tế - Kinh doanh - Quản trị - Marketing - Thương mại,standard,A00;A01;D01;X06;X26,A00,observed,,29600000.0,37600000.0,per_year,,4,21.93,confirmed_2_sources,https://diemthi.vnexpress.net/tra-cuu-dai-hoc/loadbenchmark/id/351/year/2026/sortby/1/block_name/-1,False
BVH:7340101DM,BVH,Học viện Công nghệ Bưu chính Viễn thông,Hà Nội,,7340101DM,Quản trị kinh doanh - Chuyên ngành Marketing kỹ thuật số,7340101,kinh_te,Kinh tế - Kinh doanh - Quản trị - Marketing - Thương mại,standard,A00;A01;D01;X06;X26,A00,observed,,29600000.0,29600000.0,,,1,22.25,confirmed_2_sources,https://diemthi.vnexpress.net/tra-cuu-dai-hoc/loadbenchmark/id/351/year/2026/sortby/1/block_name/-1,True
BVH:7340101KT,BVH,Học viện Công nghệ Bưu chính Viễn thông,Hà Nội,,7340101KT,Logistics trong kinh tế tầm thấp,7340101,du_lich,Du lịch - Khách sạn - Logistics - Hàng không - Dịch vụ,standard,A00;A01;D01;X06;X26,A00,observed,,29600000.0,29600000.0,,,1,20.54,confirmed_2_sources,https://diemthi.vnexpress.net/tra-cuu-dai-hoc/loadbenchmark/id/351/year/2026/sortby/1/block_name/-1,True
BVH:7340101_LG,BVH,Học viện Công nghệ Bưu chính Viễn thông,Hà Nội,,7340101_LG,Logistics và quản trị chuỗi cung ứng,7340101,du_lich,Du lịch - Khách sạn - Logistics - Hàng không - Dịch vụ,standard,A00;A01;D01;X06;X26,A00,observed,,29600000.0,29600000.0,,,1,24.44,single_source,https://vietnamnet.vn/newsapi-edu/UniversityDetail/GetDetail?pageId=49ff289efde0446f9ae2f5c385595744&componentId=COMPONENT002302&keyword=BVH&year=2026&pageSize=25&pageIndex=7&typeOfTraining=0&subjectGroup=,True
BVH:7340115,BVH,Học viện Công nghệ Bưu chính Viễn thông,Hà Nội,,7340115,Marketing,7340115,kinh_te,Kinh tế - Kinh doanh - Quản trị - Marketing - Thương mại,standard,A00;A01;D01;X06;X26,A00,observed,,29600000.0,37600000.0,per_year,,4,22.75,confirmed_2_sources,https://diemthi.vnexpress.net/tra-cuu-dai-hoc/loadbenchmark/id/351/year/2026/sortby/1/block_name/-1,False
BVH:7340115CL,BVH,Học viện Công nghệ Bưu chính Viễn thông,Hà Nội,,7340115CL,Marketing CLC,7340115,kinh_te,Kinh tế - Kinh doanh - Quản trị - Marketing - Thương mại,high_quality,A00;A01;D01;X06;X26,A00,observed,,29600000.0,29600000.0,,,1,21.44,confirmed_2_sources,https://diemthi.vnexpress.net/tra-cuu-dai-hoc/loadbenchmark/id/351/year/2026/sortby/1/block_name/-1,True
BVH:7340115_QH,BVH,Học viện Công nghệ Bưu chính Viễn thông,Hà Nội,,7340115_QH,Quan hệ công chúng,7340115,bao_chi,Báo chí - Truyền thông - Quan hệ công chúng,standard,A00;A01;D01;X06;X26,A00,observed,,29600000.0,29600000.0,,,1,22.26,single_source,https://vietnamnet.vn/newsapi-edu/UniversityDetail/GetDetail?pageId=49ff289efde0446f9ae2f5c385595744&componentId=COMPONENT002302&keyword=BVH&year=2026&pageSize=25&pageIndex=8&typeOfTraining=0&subjectGroup=,True
BVH:7340122,BVH,Học viện Công nghệ Bưu chính Viễn thông,Hà Nội,,7340122,Thương mại điện tử,7340122,kinh_te,Kinh tế - Kinh doanh - Quản trị - Marketing - Thương mại,standard,A00;A01;D01;X06;X26,A00,observed,,29600000.0,37600000.0,per_year,,4,23.56,confirmed_2_sources,https://diemthi.vnexpress.net/tra-cuu-dai-hoc/loadbenchmark/id/351/year/2026/sortby/1/block_name/-1,False
BVH:7340201,BVH,Học viện Công nghệ Bưu chính Viễn thông,Hà Nội,,7340201,"Phân tích dữ liệu trong tài chính, kinh doanh",7340201,tai_chinh,Tài chính - Ngân hàng - Kế toán - Kiểm toán - Bảo hiểm,standard,A00;A01;D01;X06;X26,A00,observed,,29600000.0,29600000.0,,,1,20.25,single_source,https://vietnamnet.vn/newsapi-edu/UniversityDetail/GetDetail?pageId=49ff289efde0446f9ae2f5c385595744&componentId=COMPONENT002302&keyword=BVH&year=2026&pageSize=25&pageIndex=9&typeOfTraining=0&subjectGroup=,True
BVH:7340201DL,BVH,Học viện Công nghệ Bưu chính Viễn thông,Hà Nội,Đắk Lắk,7340201DL,Tài chính ngân hàng Phân hiệu tại Đắk Lắk,7340201,tai_chinh,Tài chính - Ngân hàng - Kế toán - Kiểm toán - Bảo hiểm,standard,A00;A01;D01;X06;X26,A00,observed,,29600000.0,29600000.0,,Học tại Đắk Lắk,1,20.25,confirmed_2_sources,https://diemthi.vnexpress.net/tra-cuu-dai-hoc/loadbenchmark/id/351/year/2026/sortby/1/block_name/-1,True
BVH:7340205,BVH,Học viện Công nghệ Bưu chính Viễn thông,Hà Nội,,7340205,Công nghệ tài chính,7340205,tai_chinh,Tài chính - Ngân hàng - Kế toán - Kiểm toán - Bảo hiểm,standard,A00;A01;D01;X06;X26,A00,observed,,29600000.0,37600000.0,per_year,,4,23.23,confirmed_2_sources,https://diemthi.vnexpress.net/tra-cuu-dai-hoc/loadbenchmark/id/351/year/2026/sortby/1/block_name/-1,False
BVH:7340205LK,BVH,Học viện Công nghệ Bưu chính Viễn thông,Hà Nội,,7340205LK,"Công nghệ tài chính (Liên kết đại học Huddersfield, Vương Quốc Anh)",7340205,tai_chinh,Tài chính - Ngân hàng - Kế toán - Kiểm toán - Bảo hiểm,international,A00;A01;D01;X06;X26,A00,observed,,29600000.0,29600000.0,,"Học bằng tiếng Anh (thường cần trình độ tiếng Anh tốt, có thể yêu cầu IELTS/chứng chỉ khi nhập học) | Chương trình liên kết/quốc tế: học phí cao hơn chương trình chuẩn",1,23.5,confirmed_2_sources,https://diemthi.vnexpress.net/tra-cuu-dai-hoc/loadbenchmark/id/351/year/2026/sortby/1/block_name/-1,True
BVH:7340301,BVH,Học viện Công nghệ Bưu chính Viễn thông,Hà Nội,,7340301,Kế toán,7340301,tai_chinh,Tài chính - Ngân hàng - Kế toán - Kiểm toán - Bảo hiểm,standard,A00;A01;D01;X06;X26,A00,observed,,29600000.0,29600000.0,,,4,22.47,confirmed_2_sources,https://diemthi.vnexpress.net/tra-cuu-dai-hoc/loadbenchmark/id/351/year/2026/sortby/1/block_name/-1,True
BVH:7340301CL,BVH,Học viện Công nghệ Bưu chính Viễn thông,Hà Nội,,7340301CL,Kế toán CLC (chuẩn quốc tế ACCA),7340301,tai_chinh,Tài chính - Ngân hàng - Kế toán - Kiểm toán - Bảo hiểm,international,A00;A01;D01;X06;X26,A00,observed,,29600000.0,29600000.0,,"Học bằng tiếng Anh (thường cần trình độ tiếng Anh tốt, có thể yêu cầu IELTS/chứng chỉ khi nhập học) | Chương trình liên kết/quốc tế: học phí cao hơn chương trình chuẩn",1,20.5,confirmed_2_sources,https://diemthi.vnexpress.net/tra-cuu-dai-hoc/loadbenchmark/id/351/year/2026/sortby/1/block_name/-1,True
BVH:7480101,BVH,Học viện Công nghệ Bưu chính Viễn thông,Hà Nội,,7480101,Khoa học máy tính,7480101,cntt,Công nghệ thông tin - Máy tính - Dữ liệu - AI,standard,A00;A01;X06;X26,A00,observed,,29600000.0,37600000.0,per_year,,4,26.0,confirmed_2_sources,https://diemthi.vnexpress.net/tra-cuu-dai-hoc/loadbenchmark/id/351/year/2026/sortby/1/block_name/-1,False
BVH:7480102,BVH,Học viện Công nghệ Bưu chính Viễn thông,Hà Nội,,7480102,Mạng máy tính và truyền thông dữ liệu,7480102,bao_chi,Báo chí - Truyền thông - Quan hệ công chúng,standard,A00;A01;X06;X26,A00,observed,,29600000.0,37600000.0,per_year,,4,23.7,confirmed_2_sources,https://diemthi.vnexpress.net/tra-cuu-dai-hoc/loadbenchmark/id/351/year/2026/sortby/1/block_name/-1,False
BVH:7480107,BVH,Học viện Công nghệ Bưu chính Viễn thông,Hà Nội,,7480107,Trí tuệ nhân tạo,7480107,cntt,Công nghệ thông tin - Máy tính - Dữ liệu - AI,standard,A00;A01;X06;X26,A00,observed,,40000000.0,45500000.0,per_year,,2,25.0,confirmed_2_sources,https://diemthi.vnexpress.net/tra-cuu-dai-hoc/loadbenchmark/id/351/year/2026/sortby/1/block_name/-1,False
BVH:7480201,BVH,Học viện Công nghệ Bưu chính Viễn thông,Hà Nội,,7480201,Công nghệ thông tin,7480201,cntt,Công nghệ thông tin - Máy tính - Dữ liệu - AI,standard,A00;A01;X06;X26,A00,observed,,29600000.0,37600000.0,per_year,,4,23.0,confirmed_2_sources,https://diemthi.vnexpress.net/tra-cuu-dai-hoc/loadbenchmark/id/351/year/2026/sortby/1/block_name/-1,False
BVH:7480201CL,BVH,Học viện Công nghệ Bưu chính Viễn thông,Hà Nội,,7480201CL,Công nghệ thông tin CLC,7480201,cntt,Công nghệ thông tin - Máy tính - Dữ liệu - AI,high_quality,A00;A01;X06;X26,A00,observed,,29600000.0,29600000.0,,,1,21.0,confirmed_2_sources,https://diemthi.vnexpress.net/tra-cuu-dai-hoc/loadbenchmark/id/351/year/2026/sortby/1/block_name/-1,True
BVH:7480201LK,BVH,Học viện Công nghệ Bưu chính Viễn thông,Hà Nội,,7480201LK,"Công nghệ thông tin (Liên kết với Đại học Macquarie, Australia)",7480201,cntt,Công nghệ thông tin - Máy tính - Dữ liệu - AI,international,A00;A01;X06;X26,A00,observed,,29600000.0,29600000.0,,"Học bằng tiếng Anh (thường cần trình độ tiếng Anh tốt, có thể yêu cầu IELTS/chứng chỉ khi nhập học) | Chương trình liên kết/quốc tế: học phí cao hơn chương trình chuẩn",1,21.0,confirmed_2_sources,https://diemthi.vnexpress.net/tra-cuu-dai-hoc/loadbenchmark/id/351/year/2026/sortby/1/block_name/-1,True
BVH:7480201UD,BVH,Học viện Công nghệ Bưu chính Viễn thông,Hà Nội,,7480201UD,Công nghệ thông tin (định hướng ứng dụng),7480201,cntt,Công nghệ thông tin - Máy tính - Dữ liệu - AI,standard,A00;A01;X06;X26,A00,observed,,29600000.0,29600000.0,,,1,20.21,confirmed_2_sources,https://diemthi.vnexpress.net/tra-cuu-dai-hoc/loadbenchmark/id/351/year/2026/sortby/1/block_name/-1,True
BVH:7480201VJ,BVH,Học viện Công nghệ Bưu chính Viễn thông,Hà Nội,,7480201VJ,Công nghệ thông tin (Kỹ sư Việt - Nhật),7480201,cntt,Công nghệ thông tin - Máy tính - Dữ liệu - AI,standard,A00;A01;X06;X26,A00,observed,,29600000.0,29600000.0,,,1,21.22,confirmed_2_sources,https://diemthi.vnexpress.net/tra-cuu-dai-hoc/loadbenchmark/id/351/year/2026/sortby/1/block_name/-1,True
BVH:7480202,BVH,Học viện Công nghệ Bưu chính Viễn thông,Hà Nội,,7480202,An toàn thông tin,7480202,cntt,Công nghệ thông tin - Máy tính - Dữ liệu - AI,standard,A00;A01;X06;X26,A00,observed,,29600000.0,37600000.0,per_year,,4,25.22,confirmed_2_sources,https://diemthi.vnexpress.net/tra-cuu-dai-hoc/loadbenchmark/id/351/year/2026/sortby/1/block_name/-1,False
BVH:7480202CL,BVH,Học viện Công nghệ Bưu chính Viễn thông,Hà Nội,,7480202CL,An toàn thông tin CLC,7480202,cntt,Công nghệ thông tin - Máy tính - Dữ liệu - AI,high_quality,A00;A01;X06;X26,A00,observed,,29600000.0,29600000.0,,,1,23.2,confirmed_2_sources,https://diemthi.vnexpress.net/tra-cuu-dai-hoc/loadbenchmark/id/351/year/2026/sortby/1/block_name/-1,True
BVH:7510301,BVH,Học viện Công nghệ Bưu chính Viễn thông,Hà Nội,,7510301,"Công nghệ kỹ thuật điện, điện tử",7510301,ky_thuat,"Kỹ thuật - Công nghệ (cơ khí, điện, điện tử, ô tô, tự động hóa, vật liệu)",standard,A00;A01;X06;X26,A00,observed,,29600000.0,37600000.0,per_year,,4,24.87,confirmed_2_sources,https://diemthi.vnexpress.net/tra-cuu-dai-hoc/loadbenchmark/id/351/year/2026/sortby/1/block_name/-1,False
BVH:7510301_VM,BVH,Học viện Công nghệ Bưu chính Viễn thông,Hà Nội,,7510301_VM,Công nghệ vi mạch bán dẫn,7510301,cntt,Công nghệ thông tin - Máy tính - Dữ liệu - AI,standard,A00;A01;X06;X26,A00,observed,,29600000.0,29600000.0,,,1,25.64,single_source,https://vietnamnet.vn/newsapi-edu/UniversityDetail/GetDetail?pageId=49ff289efde0446f9ae2f5c385595744&componentId=COMPONENT002302&keyword=BVH&year=2026&pageSize=25&pageIndex=7&typeOfTraining=0&subjectGroup=,True
BVH:7520207,BVH,Học viện Công nghệ Bưu chính Viễn thông,Hà Nội,,7520207,Ngành Kỹ thuật điện tử truyền thông,7520207,bao_chi,Báo chí - Truyền thông - Quan hệ công chúng,standard,A00;A01;X06;X26,A00,observed,,29600000.0,37600000.0,per_year,,4,25.18,confirmed_2_sources,https://diemthi.vnexpress.net/tra-cuu-dai-hoc/loadbenchmark/id/351/year/2026/sortby/1/block_name/-1,False
BVH:7520207HK,BVH,Học viện Công nghệ Bưu chính Viễn thông,Hà Nội,,7520207HK,Kỹ thuật Truyền thông Hàng không vũ trụ,7520207,bao_chi,Báo chí - Truyền thông - Quan hệ công chúng,standard,A00;A01;X06;X26,A00,observed,,29600000.0,29600000.0,,,1,21.17,confirmed_2_sources,https://diemthi.vnexpress.net/tra-cuu-dai-hoc/loadbenchmark/id/351/year/2026/sortby/1/block_name/-1,True
BVH:7520207_AT,BVH,Học viện Công nghệ Bưu chính Viễn thông,Hà Nội,,7520207_AT,Trí tuệ nhân tạo vạn vật (AIoT),7520207,cntt,Công nghệ thông tin - Máy tính - Dữ liệu - AI,standard,A00;A01;X06;X26,A00,observed,,29600000.0,29600000.0,,,1,24.47,single_source,https://vietnamnet.vn/newsapi-edu/UniversityDetail/GetDetail?pageId=49ff289efde0446f9ae2f5c385595744&componentId=COMPONENT002302&keyword=BVH&year=2026&pageSize=25&pageIndex=7&typeOfTraining=0&subjectGroup=,True
BVH:7520216,BVH,Học viện Công nghệ Bưu chính Viễn thông,Hà Nội,,7520216,Ngành Kỹ thuật điều khiển và Tự động hóa,7520216,ky_thuat,"Kỹ thuật - Công nghệ (cơ khí, điện, điện tử, ô tô, tự động hóa, vật liệu)",standard,A00;A01;X06;X26,A00,observed,,29600000.0,37600000.0,per_year,,4,26.91,confirmed_2_sources,https://diemthi.vnexpress.net/tra-cuu-dai-hoc/loadbenchmark/id/351/year/2026/sortby/1/block_name/-1,False
BVH:7520216UR,BVH,Học viện Công nghệ Bưu chính Viễn thông,Hà Nội,,7520216UR,UAV và Robot di động tự hành,7520216,cntt,Công nghệ thông tin - Máy tính - Dữ liệu - AI,standard,A00;A01;X06;X26,A00,observed,,29600000.0,29600000.0,,,1,23.14,confirmed_2_sources,https://diemthi.vnexpress.net/tra-cuu-dai-hoc/loadbenchmark/id/351/year/2026/sortby/1/block_name/-1,True
BVH:8480101TN,BVH,Học viện Công nghệ Bưu chính Viễn thông,Hà Nội,,8480101TN,Khoa học máy tính,,cntt,Công nghệ thông tin - Máy tính - Dữ liệu - AI,standard,A00;A01;X06;X26,A00,observed,,29600000.0,29600000.0,,,1,24.25,confirmed_2_sources,https://diemthi.vnexpress.net/tra-cuu-dai-hoc/loadbenchmark/id/351/year/2026/sortby/1/block_name/-1,True
BVH:8480104 TN,BVH,Học viện Công nghệ Bưu chính Viễn thông,Hà Nội,,8480104 TN,Hệ thống thông tin,,cntt,Công nghệ thông tin - Máy tính - Dữ liệu - AI,standard,A00;A01;X06;X26,A00,observed,,29600000.0,29600000.0,,,1,24.4,single_source,https://diemthi.vnexpress.net/tra-cuu-dai-hoc/loadbenchmark/id/351/year/2026/sortby/1/block_name/-1,True
BVH:8480202TN,BVH,Học viện Công nghệ Bưu chính Viễn thông,Hà Nội,,8480202TN,An toàn thông tin,7480202,cntt,Công nghệ thông tin - Máy tính - Dữ liệu - AI,standard,A00;A01;X06;X26,A00,observed,,29600000.0,29600000.0,,,1,23.75,single_source,https://vietnamnet.vn/newsapi-edu/UniversityDetail/GetDetail?pageId=49ff289efde0446f9ae2f5c385595744&componentId=COMPONENT002302&keyword=BVH&year=2026&pageSize=25&pageIndex=7&typeOfTraining=0&subjectGroup=,True
BVH:8520203 TN,BVH,Học viện Công nghệ Bưu chính Viễn thông,Hà Nội,,8520203 TN,Kỹ thuật điện tử,,ky_thuat,"Kỹ thuật - Công nghệ (cơ khí, điện, điện tử, ô tô, tự động hóa, vật liệu)",standard,A00;A01;X06;X26,A00,observed,,29600000.0,29600000.0,,,1,24.0,single_source,https://diemthi.vnexpress.net/tra-cuu-dai-hoc/loadbenchmark/id/351/year/2026/sortby/1/block_name/-1,True
BVH:8520208 TN,BVH,Học viện Công nghệ Bưu chính Viễn thông,Hà Nội,,8520208 TN,Kỹ thuật viễn thông,,ky_thuat,"Kỹ thuật - Công nghệ (cơ khí, điện, điện tử, ô tô, tự động hóa, vật liệu)",standard,A00;A01;X06;X26,A00,observed,,29600000.0,29600000.0,,,1,23.72,single_source,https://diemthi.vnexpress.net/tra-cuu-dai-hoc/loadbenchmark/id/351/year/2026/sortby/1/block_name/-1,True
BVS:7320104,BVS,Học viện Công nghệ Bưu chính Viễn thông - Cơ sở 2,TP. Hồ Chí Minh,,7320104,Truyền thông đa phương tiện,7320104,bao_chi,Báo chí - Truyền thông - Quan hệ công chúng,standard,A00;A01;D01;X06;X26,A00,observed,90.0,29600000.0,37600000.0,per_year,,2,24.0,confirmed_2_sources,https://diemthi.vnexpress.net/tra-cuu-dai-hoc/loadbenchmark/id/252/year/2026/sortby/1/block_name/-1,False
BVS:7329001,BVS,Học viện Công nghệ Bưu chính Viễn thông - Cơ sở 2,TP. Hồ Chí Minh,,7329001,Công nghệ đa phương tiện,7329001,ky_thuat,"Kỹ thuật - Công nghệ (cơ khí, điện, điện tử, ô tô, tự động hóa, vật liệu)",standard,A00;A01;D01;X06;X26,A00,observed,155.0,29600000.0,37600000.0,per_year,,4,20.0,confirmed_2_sources,https://diemthi.vnexpress.net/tra-cuu-dai-hoc/loadbenchmark/id/252/year/2026/sortby/1/block_name/-1,False
BVS:7340101,BVS,Học viện Công nghệ Bưu chính Viễn thông - Cơ sở 2,TP. Hồ Chí Minh,,7340101,Quản trị Kinh doanh,7340101,kinh_te,Kinh tế - Kinh doanh - Quản trị - Marketing - Thương mại,standard,A00;A01;D01;X06;X26,A00,observed,130.0,29600000.0,37600000.0,per_year,,4,16.6,confirmed_2_sources,https://diemthi.vnexpress.net/tra-cuu-dai-hoc/loadbenchmark/id/252/year/2026/sortby/1/block_name/-1,False
BVS:7340115,BVS,Học viện Công nghệ Bưu chính Viễn thông - Cơ sở 2,TP. Hồ Chí Minh,,7340115,Marketing,7340115,kinh_te,Kinh tế - Kinh doanh - Quản trị - Marketing - Thương mại,standard,A00;A01;D01;X06;X26,A00,observed,115.0,29600000.0,37600000.0,per_year,,4,16.75,confirmed_2_sources,https://diemthi.vnexpress.net/tra-cuu-dai-hoc/loadbenchmark/id/252/year/2026/sortby/1/block_name/-1,False
BVS:7340115CL,BVS,Học viện Công nghệ Bưu chính Viễn thông - Cơ sở 2,TP. Hồ Chí Minh,,7340115CL,Marketing CLC,7340115,kinh_te,Kinh tế - Kinh doanh - Quản trị - Marketing - Thương mại,high_quality,A00;A01;D01;X06;X26,A00,observed,80.0,29600000.0,29600000.0,,,1,16.6,disputed,https://diemthi.vnexpress.net/tra-cuu-dai-hoc/loadbenchmark/id/252/year/2026/sortby/1/block_name/-1,True
BVS:7340205,BVS,Học viện Công nghệ Bưu chính Viễn thông - Cơ sở 2,TP. Hồ Chí Minh,,7340205,Công nghệ tài chính,7340205,tai_chinh,Tài chính - Ngân hàng - Kế toán - Kiểm toán - Bảo hiểm,standard,A00;A01;D01;X06;X26,A00,observed,115.0,29600000.0,29600000.0,,,1,17.0,confirmed_2_sources,https://diemthi.vnexpress.net/tra-cuu-dai-hoc/loadbenchmark/id/252/year/2026/sortby/1/block_name/-1,True
BVS:7340301,BVS,Học viện Công nghệ Bưu chính Viễn thông - Cơ sở 2,TP. Hồ Chí Minh,,7340301,Kế toán,7340301,tai_chinh,Tài chính - Ngân hàng - Kế toán - Kiểm toán - Bảo hiểm,standard,A00;A01;D01;X06;X26,A00,observed,60.0,29600000.0,37600000.0,per_year,,4,16.5,confirmed_2_sources,https://diemthi.vnexpress.net/tra-cuu-dai-hoc/loadbenchmark/id/252/year/2026/sortby/1/block_name/-1,False
BVS:7480102,BVS,Học viện Công nghệ Bưu chính Viễn thông - Cơ sở 2,TP. Hồ Chí Minh,,7480102,Mạng máy tính và truyền thông dữ liệu,7480102,bao_chi,Báo chí - Truyền thông - Quan hệ công chúng,standard,A00;A01;X06;X26,A00,observed,110.0,29600000.0,29600000.0,,,1,16.6,disputed,https://diemthi.vnexpress.net/tra-cuu-dai-hoc/loadbenchmark/id/252/year/2026/sortby/1/block_name/-1,True
BVS:7480107,BVS,Học viện Công nghệ Bưu chính Viễn thông - Cơ sở 2,TP. Hồ Chí Minh,,7480107,Trí tuệ nhân tạo,7480107,cntt,Công nghệ thông tin - Máy tính - Dữ liệu - AI,standard,A00;A01;X06;X26,A00,observed,115.0,29600000.0,29600000.0,,,1,17.0,confirmed_2_sources,https://diemthi.vnexpress.net/tra-cuu-dai-hoc/loadbenchmark/id/252/year/2026/sortby/1/block_name/-1,True
BVS:7480201,BVS,Học viện Công nghệ Bưu chính Viễn thông - Cơ sở 2,TP. Hồ Chí Minh,,7480201,Công nghệ thông tin,7480201,cntt,Công nghệ thông tin - Máy tính - Dữ liệu - AI,standard,A00;A01;X06;X26,A00,observed,280.0,29600000.0,37600000.0,per_year,,4,17.0,confirmed_2_sources,https://diemthi.vnexpress.net/tra-cuu-dai-hoc/loadbenchmark/id/252/year/2026/sortby/1/block_name/-1,False
BVS:7480201CL,BVS,Học viện Công nghệ Bưu chính Viễn thông - Cơ sở 2,TP. Hồ Chí Minh,,7480201CL,Công nghệ thông tin CLC,7480201,cntt,Công nghệ thông tin - Máy tính - Dữ liệu - AI,high_quality,A00;A01;X06;X26,A00,observed,120.0,29600000.0,29600000.0,,,1,16.6,confirmed_2_sources,https://diemthi.vnexpress.net/tra-cuu-dai-hoc/loadbenchmark/id/252/year/2026/sortby/1/block_name/-1,True
BVS:7480202,BVS,Học viện Công nghệ Bưu chính Viễn thông - Cơ sở 2,TP. Hồ Chí Minh,,7480202,An toàn thông tin,7480202,cntt,Công nghệ thông tin - Máy tính - Dữ liệu - AI,standard,A00;A01;X06;X26,A00,observed,80.0,29600000.0,37600000.0,per_year,,4,23.2,confirmed_2_sources,https://diemthi.vnexpress.net/tra-cuu-dai-hoc/loadbenchmark/id/252/year/2026/sortby/1/block_name/-1,False
BVS:7480202CL,BVS,Học viện Công nghệ Bưu chính Viễn thông - Cơ sở 2,TP. Hồ Chí Minh,,7480202CL,An toàn thông tin CLC,7480202,cntt,Công nghệ thông tin - Máy tính - Dữ liệu - AI,high_quality,A00;A01;X06;X26,A00,observed,40.0,29600000.0,29600000.0,,,1,20.0,confirmed_2_sources,https://diemthi.vnexpress.net/tra-cuu-dai-hoc/loadbenchmark/id/252/year/2026/sortby/1/block_name/-1,True
BVS:7510301,BVS,Học viện Công nghệ Bưu chính Viễn thông - Cơ sở 2,TP. Hồ Chí Minh,,7510301,"Công nghệ kỹ thuật điện, điện tử",7510301,ky_thuat,"Kỹ thuật - Công nghệ (cơ khí, điện, điện tử, ô tô, tự động hóa, vật liệu)",standard,A00;A01;X06;X26,A00,observed,75.0,29600000.0,37600000.0,per_year,,4,19.05,confirmed_2_sources,https://diemthi.vnexpress.net/tra-cuu-dai-hoc/loadbenchmark/id/252/year/2026/sortby/1/block_name/-1,False
BVS:7510301_VM,BVS,Học viện Công nghệ Bưu chính Viễn thông - Cơ sở 2,TP. Hồ Chí Minh,,7510301_VM,Công nghệ vi mạch bán dẫn,7510301,cntt,Công nghệ thông tin - Máy tính - Dữ liệu - AI,standard,A00;A01;X06;X26,A00,observed,60.0,29600000.0,29600000.0,,,1,22.75,single_source,https://diemthi.vnexpress.net/tra-cuu-dai-hoc/loadbenchmark/id/252/year/2026/sortby/1/block_name/-1,True
BVS:7520207,BVS,Học viện Công nghệ Bưu chính Viễn thông - Cơ sở 2,TP. Hồ Chí Minh,,7520207,Ngành Kỹ thuật điện tử truyền thông,7520207,bao_chi,Báo chí - Truyền thông - Quan hệ công chúng,standard,A00;A01;X06;X26,A00,observed,160.0,29600000.0,37600000.0,per_year,,4,16.6,confirmed_2_sources,https://diemthi.vnexpress.net/tra-cuu-dai-hoc/loadbenchmark/id/252/year/2026/sortby/1/block_name/-1,False
BVS:7520208,BVS,Học viện Công nghệ Bưu chính Viễn thông - Cơ sở 2,TP. Hồ Chí Minh,,7520208,Công nghệ Internet vạn vật,7520208,ky_thuat,"Kỹ thuật - Công nghệ (cơ khí, điện, điện tử, ô tô, tự động hóa, vật liệu)",standard,A00;A01;X06;X26,A00,observed,110.0,29600000.0,37600000.0,per_year,,3,16.6,disputed,https://diemthi.vnexpress.net/tra-cuu-dai-hoc/loadbenchmark/id/252/year/2026/sortby/1/block_name/-1,False
BVS:7520216,BVS,Học viện Công nghệ Bưu chính Viễn thông - Cơ sở 2,TP. Hồ Chí Minh,,7520216,Ngành Kỹ thuật điều khiển và Tự động hóa,7520216,ky_thuat,"Kỹ thuật - Công nghệ (cơ khí, điện, điện tử, ô tô, tự động hóa, vật liệu)",standard,A00;A01;X06;X26,A00,observed,135.0,29600000.0,37600000.0,per_year,,4,18.5,confirmed_2_sources,https://diemthi.vnexpress.net/tra-cuu-dai-hoc/loadbenchmark/id/252/year/2026/sortby/1/block_name/-1,False
BVS:8480104 TN,BVS,Học viện Công nghệ Bưu chính Viễn thông - Cơ sở 2,TP. Hồ Chí Minh,,8480104 TN,Hệ thống thông tin,,cntt,Công nghệ thông tin - Máy tính - Dữ liệu - AI,standard,A00;A01;X06;X26,A00,observed,,29600000.0,29600000.0,,,1,23.5,single_source,https://diemthi.vnexpress.net/tra-cuu-dai-hoc/loadbenchmark/id/252/year/2026/sortby/1/block_name/-1,True
DCN:7210404,DCN,Trường Đại học Công nghiệp Hà Nội,Hà Nội,,7210404,Thiết kế thời trang,7210404,y_duoc,Y - Dược - Điều dưỡng - Sức khỏe,standard,C01;C03;C04;D01;D14,C03,observed,60.0,25000000.0,31000000.0,per_year,Khối sức khỏe: có ngưỡng điểm sàn của Bộ,4,21.6,confirmed_2_sources,https://diemthi.vnexpress.net/tra-cuu-dai-hoc/loadbenchmark/id/356/year/2026/sortby/1/block_name/-1,False
DCN:7220201,DCN,Trường Đại học Công nghiệp Hà Nội,Hà Nội,,7220201,Ngôn ngữ Anh,7220201,ngon_ngu,Ngôn ngữ - Văn hóa - Quốc tế học,standard,D01,D01,observed,200.0,25000000.0,31000000.0,per_year,,4,20.5,confirmed_2_sources,https://diemthi.vnexpress.net/tra-cuu-dai-hoc/loadbenchmark/id/356/year/2026/sortby/1/block_name/-1,False
DCN:7220204,DCN,Trường Đại học Công nghiệp Hà Nội,Hà Nội,,7220204,Ngôn ngữ Trung Quốc,7220204,ngon_ngu,Ngôn ngữ - Văn hóa - Quốc tế học,standard,D01;D04,D01,observed,150.0,25000000.0,31000000.0,per_year,,4,23.72,confirmed_2_sources,https://diemthi.vnexpress.net/tra-cuu-dai-hoc/loadbenchmark/id/356/year/2026/sortby/1/block_name/-1,False
DCN:7220204LK,DCN,Trường Đại học Công nghiệp Hà Nội,Hà Nội,,7220204LK,Ngôn ngữ Trung Quốc (Chương trình liên kết đào tạo 2+2 với ĐH Khoa học kỹ thuật Quảng Tây - Trung Quốc),7220204,ngon_ngu,Ngôn ngữ - Văn hóa - Quốc tế học,international,D01;D04,D01,observed,30.0,25000000.0,25000000.0,,"Học bằng tiếng Anh (thường cần trình độ tiếng Anh tốt, có thể yêu cầu IELTS/chứng chỉ khi nhập học) | Chương trình liên kết/quốc tế: học phí cao hơn chương trình chuẩn",3,24.49,confirmed_2_sources,https://diemthi.vnexpress.net/tra-cuu-dai-hoc/loadbenchmark/id/356/year/2026/sortby/1/block_name/-1,True
DCN:7220209,DCN,Trường Đại học Công nghiệp Hà Nội,Hà Nội,,7220209,Ngôn ngữ Nhật,7220209,ngon_ngu,Ngôn ngữ - Văn hóa - Quốc tế học,standard,D01;D06,D01,observed,70.0,25000000.0,31000000.0,per_year,,4,18.25,confirmed_2_sources,https://diemthi.vnexpress.net/tra-cuu-dai-hoc/loadbenchmark/id/356/year/2026/sortby/1/block_name/-1,False
DCN:7220210,DCN,Trường Đại học Công nghiệp Hà Nội,Hà Nội,,7220210,Ngôn ngữ Hàn Quốc,7220210,ngon_ngu,Ngôn ngữ - Văn hóa - Quốc tế học,standard,D01,D01,observed,70.0,25000000.0,31000000.0,per_year,,4,21.0,confirmed_2_sources,https://diemthi.vnexpress.net/tra-cuu-dai-hoc/loadbenchmark/id/356/year/2026/sortby/1/block_name/-1,False
DCN:7229020,DCN,Trường Đại học Công nghiệp Hà Nội,Hà Nội,,7229020,Ngôn ngữ học,7229020,ngon_ngu,Ngôn ngữ - Văn hóa - Quốc tế học,standard,D01;D14,D01,observed,50.0,25000000.0,31000000.0,per_year,,4,18.25,confirmed_2_sources,https://diemthi.vnexpress.net/tra-cuu-dai-hoc/loadbenchmark/id/356/year/2026/sortby/1/block_name/-1,False
DCN:7310104,DCN,Trường Đại học Công nghiệp Hà Nội,Hà Nội,,7310104,Kinh tế đầu tư,7310104,tai_chinh,Tài chính - Ngân hàng - Kế toán - Kiểm toán - Bảo hiểm,standard,A01;D01;X25;A00,A01,observed,60.0,25000000.0,31000000.0,per_year,,4,20.5,confirmed_2_sources,https://diemthi.vnexpress.net/tra-cuu-dai-hoc/loadbenchmark/id/356/year/2026/sortby/1/block_name/-1,False
DCN:7310612,DCN,Trường Đại học Công nghiệp Hà Nội,Hà Nội,,7310612,Trung Quốc học,7310612,ngon_ngu,Ngôn ngữ - Văn hóa - Quốc tế học,standard,D01;D04,D01,observed,50.0,25000000.0,31000000.0,per_year,,4,19.75,confirmed_2_sources,https://diemthi.vnexpress.net/tra-cuu-dai-hoc/loadbenchmark/id/356/year/2026/sortby/1/block_name/-1,False
DCN:7340101,DCN,Trường Đại học Công nghiệp Hà Nội,Hà Nội,,7340101,Quản trị Kinh doanh,7340101,kinh_te,Kinh tế - Kinh doanh - Quản trị - Marketing - Thương mại,standard,A01;D01;X25,A01,observed,260.0,25000000.0,31000000.0,per_year,,4,19.0,confirmed_2_sources,https://diemthi.vnexpress.net/tra-cuu-dai-hoc/loadbenchmark/id/356/year/2026/sortby/1/block_name/-1,False
DCN:73401012,DCN,Trường Đại học Công nghiệp Hà Nội,Hà Nội,,73401012,Phân tích dữ liệu kinh doanh,7340101,cntt,Công nghệ thông tin - Máy tính - Dữ liệu - AI,standard,A01;D01;X25,A01,observed,120.0,25000000.0,31000000.0,per_year,,1,17.25,confirmed_2_sources,https://diemthi.vnexpress.net/tra-cuu-dai-hoc/loadbenchmark/id/356/year/2026/sortby/1/block_name/-1,False
DCN:7340101TA,DCN,Trường Đại học Công nghiệp Hà Nội,Hà Nội,,7340101TA,Quản trị kinh doanh (Đào tạo bằng tiếng Anh),7340101,ngon_ngu,Ngôn ngữ - Văn hóa - Quốc tế học,standard,A01;D01;X25;A00;X06;X07,A01,observed,40.0,36000000.0,44000000.0,per_year,"Học bằng tiếng Anh (thường cần trình độ tiếng Anh tốt, có thể yêu cầu IELTS/chứng chỉ khi nhập học)",1,17.0,single_source,https://diemthi.vnexpress.net/tra-cuu-dai-hoc/loadbenchmark/id/356/year/2026/sortby/1/block_name/-1,False
DCN:7340115,DCN,Trường Đại học Công nghiệp Hà Nội,Hà Nội,,7340115,Marketing,7340115,kinh_te,Kinh tế - Kinh doanh - Quản trị - Marketing - Thương mại,standard,A01;D01;X25,A01,observed,120.0,25000000.0,31000000.0,per_year,,4,21.0,confirmed_2_sources,https://diemthi.vnexpress.net/tra-cuu-dai-hoc/loadbenchmark/id/356/year/2026/sortby/1/block_name/-1,False
DCN:7340115TA,DCN,Trường Đại học Công nghiệp Hà Nội,Hà Nội,,7340115TA,Marketing (CTĐT bằng Tiếng Anh),7340115,ngon_ngu,Ngôn ngữ - Văn hóa - Quốc tế học,standard,A01;D01;X25;A00;X06;X07,A01,observed,40.0,36000000.0,44000000.0,per_year,"Học bằng tiếng Anh (thường cần trình độ tiếng Anh tốt, có thể yêu cầu IELTS/chứng chỉ khi nhập học)",1,17.0,single_source,https://diemthi.vnexpress.net/tra-cuu-dai-hoc/loadbenchmark/id/356/year/2026/sortby/1/block_name/-1,False
DCN:7340201,DCN,Trường Đại học Công nghiệp Hà Nội,Hà Nội,,7340201,Tài chính – Ngân hàng,7340201,tai_chinh,Tài chính - Ngân hàng - Kế toán - Kiểm toán - Bảo hiểm,standard,A01;D01;X25,A01,observed,180.0,25000000.0,31000000.0,per_year,,4,19.0,confirmed_2_sources,https://diemthi.vnexpress.net/tra-cuu-dai-hoc/loadbenchmark/id/356/year/2026/sortby/1/block_name/-1,False
DCN:7340201TA,DCN,Trường Đại học Công nghiệp Hà Nội,Hà Nội,,7340201TA,Tài chính - Ngân hàng (CTĐT bằng Tiếng Anh),7340201,tai_chinh,Tài chính - Ngân hàng - Kế toán - Kiểm toán - Bảo hiểm,standard,A01;D01;X25;A00;X06;X07,A01,observed,40.0,36000000.0,44000000.0,per_year,"Học bằng tiếng Anh (thường cần trình độ tiếng Anh tốt, có thể yêu cầu IELTS/chứng chỉ khi nhập học)",1,17.75,single_source,https://diemthi.vnexpress.net/tra-cuu-dai-hoc/loadbenchmark/id/356/year/2026/sortby/1/block_name/-1,False
DCN:7340301,DCN,Trường Đại học Công nghiệp Hà Nội,Hà Nội,,7340301,Kế toán,7340301,tai_chinh,Tài chính - Ngân hàng - Kế toán - Kiểm toán - Bảo hiểm,standard,A01;D01;X25,A01,observed,460.0,25000000.0,31000000.0,per_year,,4,19.0,confirmed_2_sources,https://diemthi.vnexpress.net/tra-cuu-dai-hoc/loadbenchmark/id/356/year/2026/sortby/1/block_name/-1,False
DCN:7340301TA,DCN,Trường Đại học Công nghiệp Hà Nội,Hà Nội,,7340301TA,Kế toán đào tạo bằng tiếng Anh,7340301,tai_chinh,Tài chính - Ngân hàng - Kế toán - Kiểm toán - Bảo hiểm,standard,A01;D01;X25;A00;X06;X07,A01,observed,40.0,36000000.0,44000000.0,per_year,"Học bằng tiếng Anh (thường cần trình độ tiếng Anh tốt, có thể yêu cầu IELTS/chứng chỉ khi nhập học)",2,18.75,single_source,https://diemthi.vnexpress.net/tra-cuu-dai-hoc/loadbenchmark/id/356/year/2026/sortby/1/block_name/-1,False
DCN:7340302,DCN,Trường Đại học Công nghiệp Hà Nội,Hà Nội,,7340302,Kiểm toán,7340302,tai_chinh,Tài chính - Ngân hàng - Kế toán - Kiểm toán - Bảo hiểm,standard,A01;D01;X25,A01,observed,120.0,25000000.0,31000000.0,per_year,,4,17.75,confirmed_2_sources,https://diemthi.vnexpress.net/tra-cuu-dai-hoc/loadbenchmark/id/356/year/2026/sortby/1/block_name/-1,False
DCN:7340404,DCN,Trường Đại học Công nghiệp Hà Nội,Hà Nội,,7340404,Quản trị nhân lực,7340404,kinh_te,Kinh tế - Kinh doanh - Quản trị - Marketing - Thương mại,standard,A01;D01;X25,A01,observed,120.0,25000000.0,31000000.0,per_year,,4,20.75,confirmed_2_sources,https://diemthi.vnexpress.net/tra-cuu-dai-hoc/loadbenchmark/id/356/year/2026/sortby/1/block_name/-1,False
DCN:7340406,DCN,Trường Đại học Công nghiệp Hà Nội,Hà Nội,,7340406,Quản trị văn phòng,7340406,kinh_te,Kinh tế - Kinh doanh - Quản trị - Marketing - Thương mại,standard,A01;D01;X25,A01,observed,120.0,25000000.0,31000000.0,per_year,,4,17.0,confirmed_2_sources,https://diemthi.vnexpress.net/tra-cuu-dai-hoc/loadbenchmark/id/356/year/2026/sortby/1/block_name/-1,False
DCN:7420201,DCN,Trường Đại học Công nghiệp Hà Nội,Hà Nội,,7420201,Công nghệ sinh học,7420201,sinh_hoa,Sinh học - Hóa học - Công nghệ sinh học - Thực phẩm,standard,A02;B00;B03;D08,A02,observed,50.0,25000000.0,31000000.0,per_year,,1,17.35,confirmed_2_sources,https://diemthi.vnexpress.net/tra-cuu-dai-hoc/loadbenchmark/id/356/year/2026/sortby/1/block_name/-1,False
DCN:7480101,DCN,Trường Đại học Công nghiệp Hà Nội,Hà Nội,,7480101,Khoa học máy tính,7480101,cntt,Công nghệ thông tin - Máy tính - Dữ liệu - AI,standard,A00;A01;X06;X07,A00,observed,120.0,25000000.0,31000000.0,per_year,,4,22.0,confirmed_2_sources,https://diemthi.vnexpress.net/tra-cuu-dai-hoc/loadbenchmark/id/356/year/2026/sortby/1/block_name/-1,False
DCN:74801012,DCN,Trường Đại học Công nghiệp Hà Nội,Hà Nội,,74801012,Trí tuệ nhân tạo,7480101,cntt,Công nghệ thông tin - Máy tính - Dữ liệu - AI,standard,A00;A01;X06;X07,A00,observed,60.0,25000000.0,31000000.0,per_year,,1,22.5,confirmed_2_sources,https://diemthi.vnexpress.net/tra-cuu-dai-hoc/loadbenchmark/id/356/year/2026/sortby/1/block_name/-1,False
DCN:7480101TA,DCN,Trường Đại học Công nghiệp Hà Nội,Hà Nội,,7480101TA,Khoa học máy tính (CTĐT bằng Tiếng Anh),7480101,cntt,Công nghệ thông tin - Máy tính - Dữ liệu - AI,standard,A00;A01;X06;X07,A00,observed,40.0,36000000.0,44000000.0,per_year,"Học bằng tiếng Anh (thường cần trình độ tiếng Anh tốt, có thể yêu cầu IELTS/chứng chỉ khi nhập học)",2,18.0,single_source,https://diemthi.vnexpress.net/tra-cuu-dai-hoc/loadbenchmark/id/356/year/2026/sortby/1/block_name/-1,False
DCN:7480102,DCN,Trường Đại học Công nghiệp Hà Nội,Hà Nội,,7480102,Mạng máy tính và truyền thông dữ liệu,7480102,bao_chi,Báo chí - Truyền thông - Quan hệ công chúng,standard,A00;A01;X06;X07,A00,observed,70.0,25000000.0,31000000.0,per_year,,4,20.5,confirmed_2_sources,https://diemthi.vnexpress.net/tra-cuu-dai-hoc/loadbenchmark/id/356/year/2026/sortby/1/block_name/-1,False
DCN:7480103,DCN,Trường Đại học Công nghiệp Hà Nội,Hà Nội,,7480103,Kỹ thuật phần mềm,7480103,cntt,Công nghệ thông tin - Máy tính - Dữ liệu - AI,standard,A00;A01;X06;X07,A00,observed,240.0,25000000.0,31000000.0,per_year,,4,20.85,confirmed_2_sources,https://diemthi.vnexpress.net/tra-cuu-dai-hoc/loadbenchmark/id/356/year/2026/sortby/1/block_name/-1,False
DCN:7480104,DCN,Trường Đại học Công nghiệp Hà Nội,Hà Nội,,7480104,Hệ thống thông tin,7480104,cntt,Công nghệ thông tin - Máy tính - Dữ liệu - AI,standard,A00;A01;X06;X07,A00,observed,120.0,25000000.0,31000000.0,per_year,,4,21.0,confirmed_2_sources,https://diemthi.vnexpress.net/tra-cuu-dai-hoc/loadbenchmark/id/356/year/2026/sortby/1/block_name/-1,False
DCN:7480108,DCN,Trường Đại học Công nghiệp Hà Nội,Hà Nội,,7480108,Công nghệ kỹ thuật máy tính,7480108,cntt,Công nghệ thông tin - Máy tính - Dữ liệu - AI,standard,A00;A01;X06;X07,A00,observed,120.0,25000000.0,31000000.0,per_year,,4,22.75,confirmed_2_sources,https://diemthi.vnexpress.net/tra-cuu-dai-hoc/loadbenchmark/id/356/year/2026/sortby/1/block_name/-1,False
DCN:74801081,DCN,Trường Đại học Công nghiệp Hà Nội,Hà Nội,,74801081,Vi mạch bán dẫn,7480108,cntt,Công nghệ thông tin - Máy tính - Dữ liệu - AI,standard,A00;A01;X06;X07,A00,observed,100.0,25000000.0,31000000.0,per_year,,1,24.68,confirmed_2_sources,https://diemthi.vnexpress.net/tra-cuu-dai-hoc/loadbenchmark/id/356/year/2026/sortby/1/block_name/-1,False
DCN:7480201,DCN,Trường Đại học Công nghiệp Hà Nội,Hà Nội,,7480201,Công nghệ thông tin,7480201,cntt,Công nghệ thông tin - Máy tính - Dữ liệu - AI,standard,A00;A01;X06;X07,A00,observed,300.0,25000000.0,31000000.0,per_year,,4,22.0,confirmed_2_sources,https://diemthi.vnexpress.net/tra-cuu-dai-hoc/loadbenchmark/id/356/year/2026/sortby/1/block_name/-1,False
DCN:74802012,DCN,Trường Đại học Công nghiệp Hà Nội,Hà Nội,,74802012,Công nghệ đa phương tiện,7480201,ky_thuat,"Kỹ thuật - Công nghệ (cơ khí, điện, điện tử, ô tô, tự động hóa, vật liệu)",standard,A00;A01;X06;X07,A00,observed,60.0,25000000.0,31000000.0,per_year,,2,19.5,confirmed_2_sources,https://diemthi.vnexpress.net/tra-cuu-dai-hoc/loadbenchmark/id/356/year/2026/sortby/1/block_name/-1,False
DCN:7480201TA,DCN,Trường Đại học Công nghiệp Hà Nội,Hà Nội,,7480201TA,Công nghệ thông tin (CTĐT bằng Tiếng Anh),7480201,cntt,Công nghệ thông tin - Máy tính - Dữ liệu - AI,standard,A00;A01;X06;X07,A00,observed,40.0,36000000.0,44000000.0,per_year,"Học bằng tiếng Anh (thường cần trình độ tiếng Anh tốt, có thể yêu cầu IELTS/chứng chỉ khi nhập học)",1,17.35,single_source,https://diemthi.vnexpress.net/tra-cuu-dai-hoc/loadbenchmark/id/356/year/2026/sortby/1/block_name/-1,False
DCN:7480202,DCN,Trường Đại học Công nghiệp Hà Nội,Hà Nội,,7480202,An toàn thông tin,7480202,cntt,Công nghệ thông tin - Máy tính - Dữ liệu - AI,standard,A00;A01;X06;X07,A00,observed,60.0,25000000.0,31000000.0,per_year,,2,23.7,confirmed_2_sources,https://diemthi.vnexpress.net/tra-cuu-dai-hoc/loadbenchmark/id/356/year/2026/sortby/1/block_name/-1,False
DCN:7510201,DCN,Trường Đại học Công nghiệp Hà Nội,Hà Nội,,7510201,Công nghệ kỹ thuật cơ khí chuyên ngành Cơ khí chế tạo,7510201,ky_thuat,"Kỹ thuật - Công nghệ (cơ khí, điện, điện tử, ô tô, tự động hóa, vật liệu)",standard,A00;A01;X06;X07,A00,observed,360.0,25000000.0,31000000.0,per_year,,4,24.68,confirmed_2_sources,https://diemthi.vnexpress.net/tra-cuu-dai-hoc/loadbenchmark/id/356/year/2026/sortby/1/block_name/-1,False
DCN:75102012,DCN,Trường Đại học Công nghiệp Hà Nội,Hà Nội,,75102012,Công nghệ kỹ thuật khuôn mẫu,7510201,ky_thuat,"Kỹ thuật - Công nghệ (cơ khí, điện, điện tử, ô tô, tự động hóa, vật liệu)",standard,A00;A01;X06;X07,A00,observed,60.0,25000000.0,31000000.0,per_year,,2,23.0,confirmed_2_sources,https://diemthi.vnexpress.net/tra-cuu-dai-hoc/loadbenchmark/id/356/year/2026/sortby/1/block_name/-1,False
DCN:75102013,DCN,Trường Đại học Công nghiệp Hà Nội,Hà Nội,,75102013,Thiết kế cơ khí và kiểu dáng công nghiệp,7510201,thiet_ke,Thiết kế - Nghệ thuật - Sáng tạo số,standard,A00;A01;X06;X07,A00,observed,60.0,25000000.0,31000000.0,per_year,,2,22.25,confirmed_2_sources,https://diemthi.vnexpress.net/tra-cuu-dai-hoc/loadbenchmark/id/356/year/2026/sortby/1/block_name/-1,False
DCN:7510201TA,DCN,Trường Đại học Công nghiệp Hà Nội,Hà Nội,,7510201TA,Công nghệ kỹ thuật cơ khí (CTĐT bằng Tiếng Anh),7510201,ngon_ngu,Ngôn ngữ - Văn hóa - Quốc tế học,standard,A00;A01;X06;X07,A00,observed,40.0,36000000.0,44000000.0,per_year,"Học bằng tiếng Anh (thường cần trình độ tiếng Anh tốt, có thể yêu cầu IELTS/chứng chỉ khi nhập học)",2,21.25,single_source,https://diemthi.vnexpress.net/tra-cuu-dai-hoc/loadbenchmark/id/356/year/2026/sortby/1/block_name/-1,False
DCN:7510203,DCN,Trường Đại học Công nghiệp Hà Nội,Hà Nội,,7510203,Công nghệ kỹ thuật cơ điện tử,7510203,ky_thuat,"Kỹ thuật - Công nghệ (cơ khí, điện, điện tử, ô tô, tự động hóa, vật liệu)",standard,A00;A01;X06;X07,A00,observed,280.0,25000000.0,31000000.0,per_year,,4,26.5,confirmed_2_sources,https://diemthi.vnexpress.net/tra-cuu-dai-hoc/loadbenchmark/id/356/year/2026/sortby/1/block_name/-1,False
DCN:75102032,DCN,Trường Đại học Công nghiệp Hà Nội,Hà Nội,,75102032,Robot và trí tuệ nhân tạo,7510203,cntt,Công nghệ thông tin - Máy tính - Dữ liệu - AI,standard,A00;A01;X06;X07,A00,observed,60.0,25000000.0,31000000.0,per_year,,1,25.65,confirmed_2_sources,https://diemthi.vnexpress.net/tra-cuu-dai-hoc/loadbenchmark/id/356/year/2026/sortby/1/block_name/-1,False
DCN:75102033,DCN,Trường Đại học Công nghiệp Hà Nội,Hà Nội,,75102033,Công nghệ kỹ thuật cơ điện tử ô tô,7510203,ky_thuat,"Kỹ thuật - Công nghệ (cơ khí, điện, điện tử, ô tô, tự động hóa, vật liệu)",standard,A00;A01;X06;X07,A00,observed,40.0,25000000.0,31000000.0,per_year,,2,25.05,confirmed_2_sources,https://diemthi.vnexpress.net/tra-cuu-dai-hoc/loadbenchmark/id/356/year/2026/sortby/1/block_name/-1,False
DCN:7510203TA,DCN,Trường Đại học Công nghiệp Hà Nội,Hà Nội,,7510203TA,Công nghệ kỹ thuật cơ điện tử (CTĐT bằng Tiếng Anh),7510203,ngon_ngu,Ngôn ngữ - Văn hóa - Quốc tế học,standard,A00;A01;X06;X07,A00,observed,60.0,36000000.0,44000000.0,per_year,"Học bằng tiếng Anh (thường cần trình độ tiếng Anh tốt, có thể yêu cầu IELTS/chứng chỉ khi nhập học)",1,23.0,single_source,https://diemthi.vnexpress.net/tra-cuu-dai-hoc/loadbenchmark/id/356/year/2026/sortby/1/block_name/-1,False
DCN:7510205,DCN,Trường Đại học Công nghiệp Hà Nội,Hà Nội,,7510205,Công nghệ kỹ thuật ô tô,7510205,ky_thuat,"Kỹ thuật - Công nghệ (cơ khí, điện, điện tử, ô tô, tự động hóa, vật liệu)",standard,A00;A01;X06;X07,A00,observed,360.0,25000000.0,31000000.0,per_year,,4,22.75,confirmed_2_sources,https://diemthi.vnexpress.net/tra-cuu-dai-hoc/loadbenchmark/id/356/year/2026/sortby/1/block_name/-1,False
DCN:7510205TA,DCN,Trường Đại học Công nghiệp Hà Nội,Hà Nội,,7510205TA,Công nghệ kỹ thuật ô tô (CTĐT bằng Tiếng Anh),7510205,ngon_ngu,Ngôn ngữ - Văn hóa - Quốc tế học,standard,A00;A01;X06;X07,A00,observed,40.0,36000000.0,44000000.0,per_year,"Học bằng tiếng Anh (thường cần trình độ tiếng Anh tốt, có thể yêu cầu IELTS/chứng chỉ khi nhập học)",2,19.5,single_source,https://diemthi.vnexpress.net/tra-cuu-dai-hoc/loadbenchmark/id/356/year/2026/sortby/1/block_name/-1,False
DCN:7510206,DCN,Trường Đại học Công nghiệp Hà Nội,Hà Nội,,7510206,Công nghệ kỹ thuật nhiệt,7510206,ky_thuat,"Kỹ thuật - Công nghệ (cơ khí, điện, điện tử, ô tô, tự động hóa, vật liệu)",standard,A00;A01;X06;X07,A00,observed,120.0,25000000.0,31000000.0,per_year,,4,23.47,confirmed_2_sources,https://diemthi.vnexpress.net/tra-cuu-dai-hoc/loadbenchmark/id/356/year/2026/sortby/1/block_name/-1,False
DCN:7510301,DCN,Trường Đại học Công nghiệp Hà Nội,Hà Nội,,7510301,"Công nghệ kỹ thuật điện, điện tử",7510301,ky_thuat,"Kỹ thuật - Công nghệ (cơ khí, điện, điện tử, ô tô, tự động hóa, vật liệu)",standard,A00;A01;X06;X07,A00,observed,420.0,25000000.0,31000000.0,per_year,,4,25.14,confirmed_2_sources,https://diemthi.vnexpress.net/tra-cuu-dai-hoc/loadbenchmark/id/356/year/2026/sortby/1/block_name/-1,False
DCN:7510301TA,DCN,Trường Đại học Công nghiệp Hà Nội,Hà Nội,,7510301TA,"Công nghệ kỹ thuật điện, điện tử (CTĐT bằng Tiếng Anh)",7510301,ngon_ngu,Ngôn ngữ - Văn hóa - Quốc tế học,standard,A00;A01;X06;X07,A00,observed,40.0,36000000.0,44000000.0,per_year,"Học bằng tiếng Anh (thường cần trình độ tiếng Anh tốt, có thể yêu cầu IELTS/chứng chỉ khi nhập học)",2,21.75,single_source,https://diemthi.vnexpress.net/tra-cuu-dai-hoc/loadbenchmark/id/356/year/2026/sortby/1/block_name/-1,False
DCN:7510302,DCN,Trường Đại học Công nghiệp Hà Nội,Hà Nội,,7510302,Điện tử - viễn thông,7510302,ky_thuat,"Kỹ thuật - Công nghệ (cơ khí, điện, điện tử, ô tô, tự động hóa, vật liệu)",standard,A00;A01;X06;X07,A00,observed,480.0,25000000.0,31000000.0,per_year,,4,23.47,confirmed_2_sources,https://diemthi.vnexpress.net/tra-cuu-dai-hoc/loadbenchmark/id/356/year/2026/sortby/1/block_name/-1,False
DCN:75103021,DCN,Trường Đại học Công nghiệp Hà Nội,Hà Nội,,75103021,Công nghệ kỹ thuật điện tử y sinh,7510302,ky_thuat,"Kỹ thuật - Công nghệ (cơ khí, điện, điện tử, ô tô, tự động hóa, vật liệu)",standard,A00;A01;X06;X07,A00,observed,60.0,25000000.0,31000000.0,per_year,,4,20.85,confirmed_2_sources,https://diemthi.vnexpress.net/tra-cuu-dai-hoc/loadbenchmark/id/356/year/2026/sortby/1/block_name/-1,False
DCN:7510302TA,DCN,Trường Đại học Công nghiệp Hà Nội,Hà Nội,,7510302TA,Công nghệ kỹ thuật điện tử - viễn thông (CTĐT bằng Tiếng Anh),7510302,ngon_ngu,Ngôn ngữ - Văn hóa - Quốc tế học,standard,A00;A01;X06;X07,A00,observed,40.0,36000000.0,44000000.0,per_year,"Học bằng tiếng Anh (thường cần trình độ tiếng Anh tốt, có thể yêu cầu IELTS/chứng chỉ khi nhập học)",2,19.85,single_source,https://diemthi.vnexpress.net/tra-cuu-dai-hoc/loadbenchmark/id/356/year/2026/sortby/1/block_name/-1,False
DCN:7510303,DCN,Trường Đại học Công nghiệp Hà Nội,Hà Nội,,7510303,Công nghệ kỹ thuật điều khiển và tự động hóa,7510303,ky_thuat,"Kỹ thuật - Công nghệ (cơ khí, điện, điện tử, ô tô, tự động hóa, vật liệu)",standard,A00;A01;X06;X07,A00,observed,300.0,25000000.0,31000000.0,per_year,,4,27.39,confirmed_2_sources,https://diemthi.vnexpress.net/tra-cuu-dai-hoc/loadbenchmark/id/356/year/2026/sortby/1/block_name/-1,False
DCN:75103031,DCN,Trường Đại học Công nghiệp Hà Nội,Hà Nội,,75103031,Kỹ thuật sản xuất thông minh,7510303,ky_thuat,"Kỹ thuật - Công nghệ (cơ khí, điện, điện tử, ô tô, tự động hóa, vật liệu)",standard,A00;A01;X06;X07,A00,observed,60.0,25000000.0,31000000.0,per_year,,4,23.23,confirmed_2_sources,https://diemthi.vnexpress.net/tra-cuu-dai-hoc/loadbenchmark/id/356/year/2026/sortby/1/block_name/-1,False
DCN:7510401,DCN,Trường Đại học Công nghiệp Hà Nội,Hà Nội,,7510401,Công nghệ kỹ thuật hoá học,7510401,sinh_hoa,Sinh học - Hóa học - Công nghệ sinh học - Thực phẩm,standard,A00;B00;C02;D07;A01;X06;X07,A00,observed,180.0,25000000.0,31000000.0,per_year,,4,22.25,confirmed_2_sources,https://diemthi.vnexpress.net/tra-cuu-dai-hoc/loadbenchmark/id/356/year/2026/sortby/1/block_name/-1,False
DCN:7510402,DCN,Trường Đại học Công nghiệp Hà Nội,Hà Nội,,7510402,Công nghệ vật liệu,7510402,khoa_hoc_tn,Khoa học tự nhiên - Toán - Vật lý - Thống kê,standard,A00;B00;C02;D07,A00,observed,40.0,25000000.0,31000000.0,per_year,,1,20.85,confirmed_2_sources,https://diemthi.vnexpress.net/tra-cuu-dai-hoc/loadbenchmark/id/356/year/2026/sortby/1/block_name/-1,False
DCN:7510406,DCN,Trường Đại học Công nghiệp Hà Nội,Hà Nội,,7510406,Công nghệ kỹ thuật Môi trường,7510406,nong_lam_mt,Nông - Lâm - Thủy sản - Môi trường - Tài nguyên,standard,A00;B00;C02;D07;A01;X06;X07,A00,observed,50.0,25000000.0,31000000.0,per_year,,4,19.5,confirmed_2_sources,https://diemthi.vnexpress.net/tra-cuu-dai-hoc/loadbenchmark/id/356/year/2026/sortby/1/block_name/-1,False
DCN:7510605,DCN,Trường Đại học Công nghiệp Hà Nội,Hà Nội,,7510605,Logistics và Quản lý chuỗi cung ứng,7510605,du_lich,Du lịch - Khách sạn - Logistics - Hàng không - Dịch vụ,standard,A01;D01;X25,A01,observed,120.0,25000000.0,31000000.0,per_year,,4,23.48,confirmed_2_sources,https://diemthi.vnexpress.net/tra-cuu-dai-hoc/loadbenchmark/id/356/year/2026/sortby/1/block_name/-1,False
DCN:75190071,DCN,Trường Đại học Công nghiệp Hà Nội,Hà Nội,,75190071,Năng lượng tái tạo,7519007,ky_thuat,"Kỹ thuật - Công nghệ (cơ khí, điện, điện tử, ô tô, tự động hóa, vật liệu)",standard,A00;A01;X06;X07,A00,observed,60.0,25000000.0,31000000.0,per_year,,4,21.25,confirmed_2_sources,https://diemthi.vnexpress.net/tra-cuu-dai-hoc/loadbenchmark/id/356/year/2026/sortby/1/block_name/-1,False
DCN:7520116,DCN,Trường Đại học Công nghiệp Hà Nội,Hà Nội,,7520116,Kỹ thuật cơ khí động lực,7520116,ky_thuat,"Kỹ thuật - Công nghệ (cơ khí, điện, điện tử, ô tô, tự động hóa, vật liệu)",standard,A00;A01;X06;X07,A00,observed,60.0,25000000.0,31000000.0,per_year,,4,23.75,confirmed_2_sources,https://diemthi.vnexpress.net/tra-cuu-dai-hoc/loadbenchmark/id/356/year/2026/sortby/1/block_name/-1,False
DCN:75201162,DCN,Trường Đại học Công nghiệp Hà Nội,Hà Nội,,75201162,Kỹ thuật ô tô và năng lượng mới,7520116,ky_thuat,"Kỹ thuật - Công nghệ (cơ khí, điện, điện tử, ô tô, tự động hóa, vật liệu)",standard,A00;A01;X06;X07,A00,observed,40.0,25000000.0,31000000.0,per_year,,1,23.1,single_source,https://diemthi.vnexpress.net/tra-cuu-dai-hoc/loadbenchmark/id/356/year/2026/sortby/1/block_name/-1,False
DCN:7520118,DCN,Trường Đại học Công nghiệp Hà Nội,Hà Nội,,7520118,Kỹ thuật hệ thống công nghiệp,7520118,ky_thuat,"Kỹ thuật - Công nghệ (cơ khí, điện, điện tử, ô tô, tự động hóa, vật liệu)",standard,A00;A01;X06;X07,A00,observed,60.0,25000000.0,31000000.0,per_year,,4,22.75,confirmed_2_sources,https://diemthi.vnexpress.net/tra-cuu-dai-hoc/loadbenchmark/id/356/year/2026/sortby/1/block_name/-1,False
DCN:7540101,DCN,Trường Đại học Công nghiệp Hà Nội,Hà Nội,,7540101,Công nghệ thực phẩm,7540101,sinh_hoa,Sinh học - Hóa học - Công nghệ sinh học - Thực phẩm,standard,A00;B00;C02;D07,A00,observed,120.0,25000000.0,31000000.0,per_year,,4,21.5,confirmed_2_sources,https://diemthi.vnexpress.net/tra-cuu-dai-hoc/loadbenchmark/id/356/year/2026/sortby/1/block_name/-1,False
DCN:7540203,DCN,Trường Đại học Công nghiệp Hà Nội,Hà Nội,,7540203,Công nghệ vật liệu dệt. may,7540203,khoa_hoc_tn,Khoa học tự nhiên - Toán - Vật lý - Thống kê,standard,A00;A01;A02;X05;D01;X27,A00,observed,50.0,25000000.0,31000000.0,per_year,,4,17.0,confirmed_2_sources,https://diemthi.vnexpress.net/tra-cuu-dai-hoc/loadbenchmark/id/356/year/2026/sortby/1/block_name/-1,False
DCN:7540204,DCN,Trường Đại học Công nghiệp Hà Nội,Hà Nội,,7540204,Công nghệ may,7540204,ky_thuat,"Kỹ thuật - Công nghệ (cơ khí, điện, điện tử, ô tô, tự động hóa, vật liệu)",standard,A00;A01;A02;X05;D01;X27,A00,observed,180.0,25000000.0,31000000.0,per_year,,4,17.0,confirmed_2_sources,https://diemthi.vnexpress.net/tra-cuu-dai-hoc/loadbenchmark/id/356/year/2026/sortby/1/block_name/-1,False
DCN:7720203,DCN,Trường Đại học Công nghiệp Hà Nội,Hà Nội,,7720203,Hoá dược,7720203,y_duoc,Y - Dược - Điều dưỡng - Sức khỏe,standard,A00;B00;C02;D07,A00,observed,60.0,25000000.0,31000000.0,per_year,Khối sức khỏe: có ngưỡng điểm sàn của Bộ,4,22.25,confirmed_2_sources,https://diemthi.vnexpress.net/tra-cuu-dai-hoc/loadbenchmark/id/356/year/2026/sortby/1/block_name/-1,False
DCN:7810101,DCN,Trường Đại học Công nghiệp Hà Nội,Hà Nội,,7810101,Du lịch,7810101,du_lich,Du lịch - Khách sạn - Logistics - Hàng không - Dịch vụ,standard,D01;D14;D15,D01,observed,140.0,25000000.0,31000000.0,per_year,,4,17.0,confirmed_2_sources,https://diemthi.vnexpress.net/tra-cuu-dai-hoc/loadbenchmark/id/356/year/2026/sortby/1/block_name/-1,False
DCN:7810101TA,DCN,Trường Đại học Công nghiệp Hà Nội,Hà Nội,,7810101TA,Du lịch (CTĐT bằng Tiếng Anh),7810101,du_lich,Du lịch - Khách sạn - Logistics - Hàng không - Dịch vụ,standard,D01;D14;D15;A00;A01;X06;X07,D01,observed,40.0,36000000.0,44000000.0,per_year,"Học bằng tiếng Anh (thường cần trình độ tiếng Anh tốt, có thể yêu cầu IELTS/chứng chỉ khi nhập học)",2,17.6,single_source,https://diemthi.vnexpress.net/tra-cuu-dai-hoc/loadbenchmark/id/356/year/2026/sortby/1/block_name/-1,False
DCN:7810103,DCN,Trường Đại học Công nghiệp Hà Nội,Hà Nội,,7810103,Quản trị dịch vụ du lịch và lữ hành,7810103,du_lich,Du lịch - Khách sạn - Logistics - Hàng không - Dịch vụ,standard,D01;D14;D15,D01,observed,130.0,25000000.0,31000000.0,per_year,,4,17.85,confirmed_2_sources,https://diemthi.vnexpress.net/tra-cuu-dai-hoc/loadbenchmark/id/356/year/2026/sortby/1/block_name/-1,False
DCN:7810103TA,DCN,Trường Đại học Công nghiệp Hà Nội,Hà Nội,,7810103TA,Quản trị dịch vụ du lịch và lữ hành (CTĐT bằng Tiếng Anh),7810103,du_lich,Du lịch - Khách sạn - Logistics - Hàng không - Dịch vụ,standard,D01;D14;D15;A00;A01;X06;X07,D01,observed,60.0,36000000.0,44000000.0,per_year,"Học bằng tiếng Anh (thường cần trình độ tiếng Anh tốt, có thể yêu cầu IELTS/chứng chỉ khi nhập học)",2,17.0,single_source,https://diemthi.vnexpress.net/tra-cuu-dai-hoc/loadbenchmark/id/356/year/2026/sortby/1/block_name/-1,False
DCN:7810201,DCN,Trường Đại học Công nghiệp Hà Nội,Hà Nội,,7810201,Quản trị khách sạn,7810201,du_lich,Du lịch - Khách sạn - Logistics - Hàng không - Dịch vụ,standard,D01;D14;D15,D01,observed,130.0,25000000.0,31000000.0,per_year,,4,17.0,confirmed_2_sources,https://diemthi.vnexpress.net/tra-cuu-dai-hoc/loadbenchmark/id/356/year/2026/sortby/1/block_name/-1,False
DCN:7810201TA,DCN,Trường Đại học Công nghiệp Hà Nội,Hà Nội,,7810201TA,Quản trị khách sạn (CTĐT bằng Tiếng Anh),7810201,du_lich,Du lịch - Khách sạn - Logistics - Hàng không - Dịch vụ,standard,D01;D14;D15;A00;A01;X06;X07,D01,observed,40.0,36000000.0,44000000.0,per_year,"Học bằng tiếng Anh (thường cần trình độ tiếng Anh tốt, có thể yêu cầu IELTS/chứng chỉ khi nhập học)",2,17.5,single_source,https://diemthi.vnexpress.net/tra-cuu-dai-hoc/loadbenchmark/id/356/year/2026/sortby/1/block_name/-1,False
DCN:7810202,DCN,Trường Đại học Công nghiệp Hà Nội,Hà Nội,,7810202,Quản trị nhà hàng và dịch vụ ăn uống,7810202,du_lich,Du lịch - Khách sạn - Logistics - Hàng không - Dịch vụ,standard,D01;D14;D15,D01,observed,60.0,25000000.0,31000000.0,per_year,,4,17.0,confirmed_2_sources,https://diemthi.vnexpress.net/tra-cuu-dai-hoc/loadbenchmark/id/356/year/2026/sortby/1/block_name/-1,False
DCN:7810202TA,DCN,Trường Đại học Công nghiệp Hà Nội,Hà Nội,,7810202TA,Quản trị nhà hàng và dịch vụ ăn uống (CTĐT bằng Tiếng Anh),7810202,du_lich,Du lịch - Khách sạn - Logistics - Hàng không - Dịch vụ,standard,D01;D14;D15;A00;A01;X06;X07,D01,observed,20.0,36000000.0,44000000.0,per_year,"Học bằng tiếng Anh (thường cần trình độ tiếng Anh tốt, có thể yêu cầu IELTS/chứng chỉ khi nhập học)",2,17.35,single_source,https://diemthi.vnexpress.net/tra-cuu-dai-hoc/loadbenchmark/id/356/year/2026/sortby/1/block_name/-1,False
DCT:7220201,DCT,Trường Đại học Công Thương Tp.HCM,TP. Hồ Chí Minh,,7220201,Ngôn ngữ Anh,7220201,ngon_ngu,Ngôn ngữ - Văn hóa - Quốc tế học,standard,D01;A01;D09;D14;D10,D01,observed,,,,,,4,22.5,confirmed_2_sources,https://diemthi.vnexpress.net/tra-cuu-dai-hoc/loadbenchmark/id/255/year/2026/sortby/1/block_name/-1,True
DCT:7220204,DCT,Trường Đại học Công Thương Tp.HCM,TP. Hồ Chí Minh,,7220204,Ngôn ngữ Trung Quốc,7220204,ngon_ngu,Ngôn ngữ - Văn hóa - Quốc tế học,standard,D01;A01;D09;D14;D10,D01,observed,,,,,,4,22.5,confirmed_2_sources,https://diemthi.vnexpress.net/tra-cuu-dai-hoc/loadbenchmark/id/255/year/2026/sortby/1/block_name/-1,True
DCT:7340101,DCT,Trường Đại học Công Thương Tp.HCM,TP. Hồ Chí Minh,,7340101,Quản trị Kinh doanh,7340101,kinh_te,Kinh tế - Kinh doanh - Quản trị - Marketing - Thương mại,standard,D01;A01;C01;A00;D10,D01,observed,,,,,,4,20.5,confirmed_2_sources,https://diemthi.vnexpress.net/tra-cuu-dai-hoc/loadbenchmark/id/255/year/2026/sortby/1/block_name/-1,True
DCT:7340115,DCT,Trường Đại học Công Thương Tp.HCM,TP. Hồ Chí Minh,,7340115,Marketing,7340115,kinh_te,Kinh tế - Kinh doanh - Quản trị - Marketing - Thương mại,standard,D01;A01;C01;A00;D10,D01,observed,,,,,,4,21.75,confirmed_2_sources,https://diemthi.vnexpress.net/tra-cuu-dai-hoc/loadbenchmark/id/255/year/2026/sortby/1/block_name/-1,True
DCT:7340120,DCT,Trường Đại học Công Thương Tp.HCM,TP. Hồ Chí Minh,,7340120,Ngành Kinh doanh quốc tế,7340120,kinh_te,Kinh tế - Kinh doanh - Quản trị - Marketing - Thương mại,international,D01;A01;C01;A00;D10,D01,observed,,,,,"Học bằng tiếng Anh (thường cần trình độ tiếng Anh tốt, có thể yêu cầu IELTS/chứng chỉ khi nhập học) | Chương trình liên kết/quốc tế: học phí cao hơn chương trình chuẩn",4,21.5,confirmed_2_sources,https://diemthi.vnexpress.net/tra-cuu-dai-hoc/loadbenchmark/id/255/year/2026/sortby/1/block_name/-1,True
DCT:7340122,DCT,Trường Đại học Công Thương Tp.HCM,TP. Hồ Chí Minh,,7340122,Thương mại điện tử,7340122,kinh_te,Kinh tế - Kinh doanh - Quản trị - Marketing - Thương mại,standard,D01;A01;C01;A00;D10,D01,observed,,,,,,4,21.75,confirmed_2_sources,https://diemthi.vnexpress.net/tra-cuu-dai-hoc/loadbenchmark/id/255/year/2026/sortby/1/block_name/-1,True
DCT:7340123,DCT,Trường Đại học Công Thương Tp.HCM,TP. Hồ Chí Minh,,7340123,Kinh doanh thời trang và Dệt may,7340123,y_duoc,Y - Dược - Điều dưỡng - Sức khỏe,standard,D01;A01;C01;A00;D10,D01,observed,,,,,Khối sức khỏe: có ngưỡng điểm sàn của Bộ,4,18.0,confirmed_2_sources,https://diemthi.vnexpress.net/tra-cuu-dai-hoc/loadbenchmark/id/255/year/2026/sortby/1/block_name/-1,True
DCT:7340129,DCT,Trường Đại học Công Thương Tp.HCM,TP. Hồ Chí Minh,,7340129,Quản trị kinh doanh thực phẩm,7340129,sinh_hoa,Sinh học - Hóa học - Công nghệ sinh học - Thực phẩm,standard,D01;B00;C02;D07;A00;A01;D10,D01,observed,,,,,,4,19.0,confirmed_2_sources,https://diemthi.vnexpress.net/tra-cuu-dai-hoc/loadbenchmark/id/255/year/2026/sortby/1/block_name/-1,True
DCT:7340201,DCT,Trường Đại học Công Thương Tp.HCM,TP. Hồ Chí Minh,,7340201,Tài chính – Ngân hàng,7340201,tai_chinh,Tài chính - Ngân hàng - Kế toán - Kiểm toán - Bảo hiểm,standard,D01;A01;C01;A00;D10,D01,observed,,,,,,4,21.0,confirmed_2_sources,https://diemthi.vnexpress.net/tra-cuu-dai-hoc/loadbenchmark/id/255/year/2026/sortby/1/block_name/-1,True
DCT:7340205,DCT,Trường Đại học Công Thương Tp.HCM,TP. Hồ Chí Minh,,7340205,Công nghệ tài chính,7340205,tai_chinh,Tài chính - Ngân hàng - Kế toán - Kiểm toán - Bảo hiểm,standard,D01;A01;C01;A00;D07,D01,observed,,,,,,4,19.5,confirmed_2_sources,https://diemthi.vnexpress.net/tra-cuu-dai-hoc/loadbenchmark/id/255/year/2026/sortby/1/block_name/-1,True
DCT:7340301,DCT,Trường Đại học Công Thương Tp.HCM,TP. Hồ Chí Minh,,7340301,Kế toán,7340301,tai_chinh,Tài chính - Ngân hàng - Kế toán - Kiểm toán - Bảo hiểm,standard,D01;A01;C01;A00;D10,D01,observed,,,,,,4,21.0,confirmed_2_sources,https://diemthi.vnexpress.net/tra-cuu-dai-hoc/loadbenchmark/id/255/year/2026/sortby/1/block_name/-1,True
DCT:7380101,DCT,Trường Đại học Công Thương Tp.HCM,TP. Hồ Chí Minh,,7380101,Ngành Luật,7380101,luat,Luật,standard,D01;C03;X01;C00,D01,observed,,,,,,2,21.25,confirmed_2_sources,https://diemthi.vnexpress.net/tra-cuu-dai-hoc/loadbenchmark/id/255/year/2026/sortby/1/block_name/-1,True
DCT:7380107,DCT,Trường Đại học Công Thương Tp.HCM,TP. Hồ Chí Minh,,7380107,Luật kinh tế,7380107,luat,Luật,standard,D01;C03;X01;C00;A00;A01;D15,D01,observed,,,,,,4,21.75,confirmed_2_sources,https://diemthi.vnexpress.net/tra-cuu-dai-hoc/loadbenchmark/id/255/year/2026/sortby/1/block_name/-1,True
DCT:7420201,DCT,Trường Đại học Công Thương Tp.HCM,TP. Hồ Chí Minh,,7420201,Công nghệ sinh học,7420201,sinh_hoa,Sinh học - Hóa học - Công nghệ sinh học - Thực phẩm,standard,B00;B08;A00;D07;A01,B00,observed,,,,,,4,19.5,confirmed_2_sources,https://diemthi.vnexpress.net/tra-cuu-dai-hoc/loadbenchmark/id/255/year/2026/sortby/1/block_name/-1,True
DCT:7460108,DCT,Trường Đại học Công Thương Tp.HCM,TP. Hồ Chí Minh,,7460108,Khoa học dữ liệu (Data Science),7460108,cntt,Công nghệ thông tin - Máy tính - Dữ liệu - AI,standard,D01;A00;C01;X26;A01;D07,D01,observed,,,,,,4,19.0,confirmed_2_sources,https://diemthi.vnexpress.net/tra-cuu-dai-hoc/loadbenchmark/id/255/year/2026/sortby/1/block_name/-1,True
DCT:7480107,DCT,Trường Đại học Công Thương Tp.HCM,TP. Hồ Chí Minh,,7480107,Trí tuệ nhân tạo,7480107,cntt,Công nghệ thông tin - Máy tính - Dữ liệu - AI,standard,D01;A00;C01;X26,D01,observed,,,,,,1,20.5,confirmed_2_sources,https://diemthi.vnexpress.net/tra-cuu-dai-hoc/loadbenchmark/id/255/year/2026/sortby/1/block_name/-1,True
DCT:7480201,DCT,Trường Đại học Công Thương Tp.HCM,TP. Hồ Chí Minh,,7480201,Công nghệ thông tin,7480201,cntt,Công nghệ thông tin - Máy tính - Dữ liệu - AI,standard,D01;A00;C01;X26;A01;D07,D01,observed,,,,,,4,20.0,confirmed_2_sources,https://diemthi.vnexpress.net/tra-cuu-dai-hoc/loadbenchmark/id/255/year/2026/sortby/1/block_name/-1,True
DCT:7480202,DCT,Trường Đại học Công Thương Tp.HCM,TP. Hồ Chí Minh,,7480202,An toàn thông tin,7480202,cntt,Công nghệ thông tin - Máy tính - Dữ liệu - AI,standard,D01;A00;C01;X26;A01;D07,D01,observed,,,,,,4,19.5,confirmed_2_sources,https://diemthi.vnexpress.net/tra-cuu-dai-hoc/loadbenchmark/id/255/year/2026/sortby/1/block_name/-1,True
DCT:7510202,DCT,Trường Đại học Công Thương Tp.HCM,TP. Hồ Chí Minh,,7510202,Công nghệ chế tạo máy,7510202,ky_thuat,"Kỹ thuật - Công nghệ (cơ khí, điện, điện tử, ô tô, tự động hóa, vật liệu)",standard,D01;A01;C01;A00;D07,D01,observed,,,,,,4,20.5,confirmed_2_sources,https://diemthi.vnexpress.net/tra-cuu-dai-hoc/loadbenchmark/id/255/year/2026/sortby/1/block_name/-1,True
DCT:7510203,DCT,Trường Đại học Công Thương Tp.HCM,TP. Hồ Chí Minh,,7510203,Công nghệ kỹ thuật cơ điện tử,7510203,ky_thuat,"Kỹ thuật - Công nghệ (cơ khí, điện, điện tử, ô tô, tự động hóa, vật liệu)",standard,D01;A01;C01;A00;D07,D01,observed,,,,,,4,22.0,confirmed_2_sources,https://diemthi.vnexpress.net/tra-cuu-dai-hoc/loadbenchmark/id/255/year/2026/sortby/1/block_name/-1,True
DCT:7510301,DCT,Trường Đại học Công Thương Tp.HCM,TP. Hồ Chí Minh,,7510301,"Công nghệ kỹ thuật điện, điện tử",7510301,ky_thuat,"Kỹ thuật - Công nghệ (cơ khí, điện, điện tử, ô tô, tự động hóa, vật liệu)",standard,D01;A01;C01;A00;D07,D01,observed,,,,,,4,22.0,confirmed_2_sources,https://diemthi.vnexpress.net/tra-cuu-dai-hoc/loadbenchmark/id/255/year/2026/sortby/1/block_name/-1,True
DCT:7510303,DCT,Trường Đại học Công Thương Tp.HCM,TP. Hồ Chí Minh,,7510303,Công nghệ kỹ thuật điều khiển và tự động hóa,7510303,ky_thuat,"Kỹ thuật - Công nghệ (cơ khí, điện, điện tử, ô tô, tự động hóa, vật liệu)",standard,D01;A01;C01;A00;D07,D01,observed,,,,,,4,23.0,confirmed_2_sources,https://diemthi.vnexpress.net/tra-cuu-dai-hoc/loadbenchmark/id/255/year/2026/sortby/1/block_name/-1,True
DCT:7510401,DCT,Trường Đại học Công Thương Tp.HCM,TP. Hồ Chí Minh,,7510401,Công nghệ kỹ thuật hoá học,7510401,sinh_hoa,Sinh học - Hóa học - Công nghệ sinh học - Thực phẩm,standard,B00;B08;A00;D07;A01,B00,observed,,,,,,4,20.25,confirmed_2_sources,https://diemthi.vnexpress.net/tra-cuu-dai-hoc/loadbenchmark/id/255/year/2026/sortby/1/block_name/-1,True
DCT:7510402,DCT,Trường Đại học Công Thương Tp.HCM,TP. Hồ Chí Minh,,7510402,Công nghệ vật liệu,7510402,khoa_hoc_tn,Khoa học tự nhiên - Toán - Vật lý - Thống kê,standard,B00;B08;A00;D07,B00,observed,,,,,,2,19.0,confirmed_2_sources,https://diemthi.vnexpress.net/tra-cuu-dai-hoc/loadbenchmark/id/255/year/2026/sortby/1/block_name/-1,True
DCT:7510406,DCT,Trường Đại học Công Thương Tp.HCM,TP. Hồ Chí Minh,,7510406,Công nghệ kỹ thuật Môi trường,7510406,nong_lam_mt,Nông - Lâm - Thủy sản - Môi trường - Tài nguyên,standard,B00;A01;A00;D07,B00,observed,,,,,,4,18.5,confirmed_2_sources,https://diemthi.vnexpress.net/tra-cuu-dai-hoc/loadbenchmark/id/255/year/2026/sortby/1/block_name/-1,True
DCT:7510601,DCT,Trường Đại học Công Thương Tp.HCM,TP. Hồ Chí Minh,,7510601,Quản lý công nghiệp,7510601,xa_hoi,Khoa học xã hội - Tâm lý - Nhân văn - Chính trị - Hành chính,standard,D01;A01;C01;A00,D01,observed,,,,,,1,20.5,confirmed_2_sources,https://diemthi.vnexpress.net/tra-cuu-dai-hoc/loadbenchmark/id/255/year/2026/sortby/1/block_name/-1,True
DCT:7510605,DCT,Trường Đại học Công Thương Tp.HCM,TP. Hồ Chí Minh,,7510605,Logistics và Quản lý chuỗi cung ứng,7510605,du_lich,Du lịch - Khách sạn - Logistics - Hàng không - Dịch vụ,standard,D01;A01;C01;A00,D01,observed,,,,,,3,22.5,confirmed_2_sources,https://diemthi.vnexpress.net/tra-cuu-dai-hoc/loadbenchmark/id/255/year/2026/sortby/1/block_name/-1,True
DCT:7520115,DCT,Trường Đại học Công Thương Tp.HCM,TP. Hồ Chí Minh,,7520115,"Kỹ thuật nhiệt (3 chuyên ngành: Kỹ thuật điện lạnh; Máy lạnh, điều hòa không khí và thông gió; Máy lạnh và thiết bị thực phẩm)",7520115,sinh_hoa,Sinh học - Hóa học - Công nghệ sinh học - Thực phẩm,standard,D01;A01;C01;A00;D07,D01,observed,,,,,,4,21.25,confirmed_2_sources,https://diemthi.vnexpress.net/tra-cuu-dai-hoc/loadbenchmark/id/255/year/2026/sortby/1/block_name/-1,True
DCT:7540101,DCT,Trường Đại học Công Thương Tp.HCM,TP. Hồ Chí Minh,,7540101,Công nghệ thực phẩm,7540101,sinh_hoa,Sinh học - Hóa học - Công nghệ sinh học - Thực phẩm,standard,B00;B08;A00;D07;A01,B00,observed,,,,,,4,22.0,confirmed_2_sources,https://diemthi.vnexpress.net/tra-cuu-dai-hoc/loadbenchmark/id/255/year/2026/sortby/1/block_name/-1,True
DCT:7540105,DCT,Trường Đại học Công Thương Tp.HCM,TP. Hồ Chí Minh,,7540105,Công nghệ chế biến thủy sản,7540105,nong_lam_mt,Nông - Lâm - Thủy sản - Môi trường - Tài nguyên,standard,B00;B08;A00;D07;A01,B00,observed,,,,,,4,16.0,confirmed_2_sources,https://diemthi.vnexpress.net/tra-cuu-dai-hoc/loadbenchmark/id/255/year/2026/sortby/1/block_name/-1,True
DCT:7540106,DCT,Trường Đại học Công Thương Tp.HCM,TP. Hồ Chí Minh,,7540106,Đảm bảo chất lượng và an toàn thực phẩm,7540106,sinh_hoa,Sinh học - Hóa học - Công nghệ sinh học - Thực phẩm,standard,B00;B08;A00;D07,B00,observed,,,,,,3,18.0,confirmed_2_sources,https://diemthi.vnexpress.net/tra-cuu-dai-hoc/loadbenchmark/id/255/year/2026/sortby/1/block_name/-1,True
DCT:7540204,DCT,Trường Đại học Công Thương Tp.HCM,TP. Hồ Chí Minh,,7540204,Công nghệ may,7540204,ky_thuat,"Kỹ thuật - Công nghệ (cơ khí, điện, điện tử, ô tô, tự động hóa, vật liệu)",standard,D01;A01;C01;A00;D07,D01,observed,,,,,,4,18.0,confirmed_2_sources,https://diemthi.vnexpress.net/tra-cuu-dai-hoc/loadbenchmark/id/255/year/2026/sortby/1/block_name/-1,True
DCT:7810101,DCT,Trường Đại học Công Thương Tp.HCM,TP. Hồ Chí Minh,,7810101,Du lịch,7810101,du_lich,Du lịch - Khách sạn - Logistics - Hàng không - Dịch vụ,standard,D01;C03;D15;C00,D01,observed,,,,,,2,21.75,confirmed_2_sources,https://diemthi.vnexpress.net/tra-cuu-dai-hoc/loadbenchmark/id/255/year/2026/sortby/1/block_name/-1,True
DCT:7810103,DCT,Trường Đại học Công Thương Tp.HCM,TP. Hồ Chí Minh,,7810103,Quản trị dịch vụ du lịch và lữ hành,7810103,du_lich,Du lịch - Khách sạn - Logistics - Hàng không - Dịch vụ,standard,D01;C03;D15;C00;A00;A01,D01,observed,,,,,,4,21.75,confirmed_2_sources,https://diemthi.vnexpress.net/tra-cuu-dai-hoc/loadbenchmark/id/255/year/2026/sortby/1/block_name/-1,True
DCT:7810201,DCT,Trường Đại học Công Thương Tp.HCM,TP. Hồ Chí Minh,,7810201,Quản trị khách sạn,7810201,du_lich,Du lịch - Khách sạn - Logistics - Hàng không - Dịch vụ,standard,D01;C03;D15;C00;A00;A01,D01,observed,,,,,,4,21.5,confirmed_2_sources,https://diemthi.vnexpress.net/tra-cuu-dai-hoc/loadbenchmark/id/255/year/2026/sortby/1/block_name/-1,True
DCT:7810202,DCT,Trường Đại học Công Thương Tp.HCM,TP. Hồ Chí Minh,,7810202,Quản trị nhà hàng và dịch vụ ăn uống,7810202,du_lich,Du lịch - Khách sạn - Logistics - Hàng không - Dịch vụ,standard,D01;C03;D15;C00;A00;A01,D01,observed,,,,,,4,21.0,confirmed_2_sources,https://diemthi.vnexpress.net/tra-cuu-dai-hoc/loadbenchmark/id/255/year/2026/sortby/1/block_name/-1,True
DCT:7819009,DCT,Trường Đại học Công Thương Tp.HCM,TP. Hồ Chí Minh,,7819009,Khoa học dinh dưỡng và ẩm thực,7819009,y_duoc,Y - Dược - Điều dưỡng - Sức khỏe,standard,B00;A01;C02;D07;A00,B00,observed,,,,,Khối sức khỏe: có ngưỡng điểm sàn của Bộ,4,19.5,confirmed_2_sources,https://diemthi.vnexpress.net/tra-cuu-dai-hoc/loadbenchmark/id/255/year/2026/sortby/1/block_name/-1,True
DCT:7819010,DCT,Trường Đại học Công Thương Tp.HCM,TP. Hồ Chí Minh,,7819010,Khoa học chế biến món ăn,7819010,sinh_hoa,Sinh học - Hóa học - Công nghệ sinh học - Thực phẩm,standard,B00;A01;C02;D07;A00,B00,observed,,,,,,4,19.5,confirmed_2_sources,https://diemthi.vnexpress.net/tra-cuu-dai-hoc/loadbenchmark/id/255/year/2026/sortby/1/block_name/-1,True
DCT:7850101,DCT,Trường Đại học Công Thương Tp.HCM,TP. Hồ Chí Minh,,7850101,Quản lý tài nguyên và môi trường,7850101,nong_lam_mt,Nông - Lâm - Thủy sản - Môi trường - Tài nguyên,standard,B00;A01;A00;D07,B00,observed,,,,,,4,18.0,confirmed_2_sources,https://diemthi.vnexpress.net/tra-cuu-dai-hoc/loadbenchmark/id/255/year/2026/sortby/1/block_name/-1,True
DCT:BL7220204,DCT,Trường Đại học Công Thương Tp.HCM,TP. Hồ Chí Minh,,BL7220204,Ngôn ngữ Trung Quốc LKĐT ĐH Văn hóa Bắc Kinh,,ngon_ngu,Ngôn ngữ - Văn hóa - Quốc tế học,standard,A00;A01;B00;B08;C00;C01;C02;C03;D01;D07;D09;D14;D15;X01;X26,A00,observed,,,,,,1,20.0,confirmed_2_sources,https://diemthi.vnexpress.net/tra-cuu-dai-hoc/loadbenchmark/id/255/year/2026/sortby/1/block_name/-1,True
DCT:CU7220204,DCT,Trường Đại học Công Thương Tp.HCM,TP. Hồ Chí Minh,,CU7220204,"Ngôn ngữ Trung Quốc_LKQT_ĐH Văn hóa Trung Quốc, Đài Loan",,ngon_ngu,Ngôn ngữ - Văn hóa - Quốc tế học,standard,A00;A01;B00;B08;C00;C01;C02;C03;D01;D07;D09;D14;D15;X01;X26,A00,observed,,,,,,1,19.5,confirmed_2_sources,https://diemthi.vnexpress.net/tra-cuu-dai-hoc/loadbenchmark/id/255/year/2026/sortby/1/block_name/-1,True
DCT:CU7340120,DCT,Trường Đại học Công Thương Tp.HCM,TP. Hồ Chí Minh,,CU7340120,"Kinh doanh quốc tế_LKQT_ĐH Văn hóa Trung Quốc, Đài Loan",,ngon_ngu,Ngôn ngữ - Văn hóa - Quốc tế học,international,A00;A01;B00;B08;C00;C01;C02;C03;D01;D07;D09;D14;D15;X01;X26,A00,observed,,,,,"Học bằng tiếng Anh (thường cần trình độ tiếng Anh tốt, có thể yêu cầu IELTS/chứng chỉ khi nhập học) | Chương trình liên kết/quốc tế: học phí cao hơn chương trình chuẩn",1,16.0,confirmed_2_sources,https://diemthi.vnexpress.net/tra-cuu-dai-hoc/loadbenchmark/id/255/year/2026/sortby/1/block_name/-1,True
DCT:LK7220204,DCT,Trường Đại học Công Thương Tp.HCM,TP. Hồ Chí Minh,,LK7220204,"Ngôn ngữ Trung Quốc - Chương trình liên kết Đại học Ludong, Trung Quốc (LDU).",,ngon_ngu,Ngôn ngữ - Văn hóa - Quốc tế học,international,A00;A01;B00;B08;C00;C01;C02;C03;D01;D07;D09;D14;D15;X01;X26,A00,observed,,,,,"Học bằng tiếng Anh (thường cần trình độ tiếng Anh tốt, có thể yêu cầu IELTS/chứng chỉ khi nhập học) | Chương trình liên kết/quốc tế: học phí cao hơn chương trình chuẩn",2,16.0,confirmed_2_sources,https://diemthi.vnexpress.net/tra-cuu-dai-hoc/loadbenchmark/id/255/year/2026/sortby/1/block_name/-1,True
DCT:LK7340101,DCT,Trường Đại học Công Thương Tp.HCM,TP. Hồ Chí Minh,,LK7340101,"Quản trị kinh doanh - Chương trình liên kết Đại học Shinawatra, Thái Lan (SIU).",,kinh_te,Kinh tế - Kinh doanh - Quản trị - Marketing - Thương mại,international,A00;A01;B00;B08;C00;C01;C02;C03;D01;D07;D09;D14;D15;X01;X26,A00,observed,,,,,"Học bằng tiếng Anh (thường cần trình độ tiếng Anh tốt, có thể yêu cầu IELTS/chứng chỉ khi nhập học) | Chương trình liên kết/quốc tế: học phí cao hơn chương trình chuẩn",2,16.0,confirmed_2_sources,https://diemthi.vnexpress.net/tra-cuu-dai-hoc/loadbenchmark/id/255/year/2026/sortby/1/block_name/-1,True
DDL:7220201,DDL,Trường Đại học Điện lực,Hà Nội,,7220201,Ngôn ngữ Anh,7220201,ngon_ngu,Ngôn ngữ - Văn hóa - Quốc tế học,standard,D01;D09;D10;D14;X78;X25,D01,observed,,,,,,2,21.0,confirmed_2_sources,https://diemthi.vnexpress.net/tra-cuu-dai-hoc/loadbenchmark/id/358/year/2026/sortby/1/block_name/-1,True
DDL:7340101,DDL,Trường Đại học Điện lực,Hà Nội,,7340101,Quản trị Kinh doanh,7340101,kinh_te,Kinh tế - Kinh doanh - Quản trị - Marketing - Thương mại,standard,A00;A01;D01;D07,A00,observed,,,,,,3,21.25,confirmed_2_sources,https://diemthi.vnexpress.net/tra-cuu-dai-hoc/loadbenchmark/id/358/year/2026/sortby/1/block_name/-1,True
DDL:7340115,DDL,Trường Đại học Điện lực,Hà Nội,,7340115,Marketing,7340115,kinh_te,Kinh tế - Kinh doanh - Quản trị - Marketing - Thương mại,standard,A00;A01;D01;D07,A00,observed,,,,,,2,22.0,confirmed_2_sources,https://diemthi.vnexpress.net/tra-cuu-dai-hoc/loadbenchmark/id/358/year/2026/sortby/1/block_name/-1,True
DDL:7340120,DDL,Trường Đại học Điện lực,Hà Nội,,7340120,Ngành Kinh doanh quốc tế,7340120,kinh_te,Kinh tế - Kinh doanh - Quản trị - Marketing - Thương mại,international,A00;A01;D01;D07,A00,observed,,,,,"Học bằng tiếng Anh (thường cần trình độ tiếng Anh tốt, có thể yêu cầu IELTS/chứng chỉ khi nhập học) | Chương trình liên kết/quốc tế: học phí cao hơn chương trình chuẩn",1,16.0,confirmed_2_sources,https://diemthi.vnexpress.net/tra-cuu-dai-hoc/loadbenchmark/id/358/year/2026/sortby/1/block_name/-1,True
DDL:7340122,DDL,Trường Đại học Điện lực,Hà Nội,,7340122,Thương mại điện tử,7340122,kinh_te,Kinh tế - Kinh doanh - Quản trị - Marketing - Thương mại,standard,A00;A01;D01;D07,A00,observed,,,,,,3,22.75,confirmed_2_sources,https://diemthi.vnexpress.net/tra-cuu-dai-hoc/loadbenchmark/id/358/year/2026/sortby/1/block_name/-1,True
DDL:7340201,DDL,Trường Đại học Điện lực,Hà Nội,,7340201,Tài chính – Ngân hàng,7340201,tai_chinh,Tài chính - Ngân hàng - Kế toán - Kiểm toán - Bảo hiểm,standard,A00;A01;D01;D07,A00,observed,,,,,,3,21.25,confirmed_2_sources,https://diemthi.vnexpress.net/tra-cuu-dai-hoc/loadbenchmark/id/358/year/2026/sortby/1/block_name/-1,True
DDL:7340205,DDL,Trường Đại học Điện lực,Hà Nội,,7340205,Công nghệ tài chính,7340205,tai_chinh,Tài chính - Ngân hàng - Kế toán - Kiểm toán - Bảo hiểm,standard,A00;A01;D01;D07,A00,observed,,,,,,2,20.25,confirmed_2_sources,https://diemthi.vnexpress.net/tra-cuu-dai-hoc/loadbenchmark/id/358/year/2026/sortby/1/block_name/-1,True
DDL:7340301,DDL,Trường Đại học Điện lực,Hà Nội,,7340301,Kế toán,7340301,tai_chinh,Tài chính - Ngân hàng - Kế toán - Kiểm toán - Bảo hiểm,standard,A00;A01;D01;D07,A00,observed,,,,,,3,21.5,confirmed_2_sources,https://diemthi.vnexpress.net/tra-cuu-dai-hoc/loadbenchmark/id/358/year/2026/sortby/1/block_name/-1,True
DDL:7340302,DDL,Trường Đại học Điện lực,Hà Nội,,7340302,Kiểm toán,7340302,tai_chinh,Tài chính - Ngân hàng - Kế toán - Kiểm toán - Bảo hiểm,standard,A00;A01;D01;D07,A00,observed,,,,,,3,21.0,confirmed_2_sources,https://diemthi.vnexpress.net/tra-cuu-dai-hoc/loadbenchmark/id/358/year/2026/sortby/1/block_name/-1,True
DDL:7380107,DDL,Trường Đại học Điện lực,Hà Nội,,7380107,Luật kinh tế,7380107,luat,Luật,standard,D01;D09;D10;D14;X78;X25;C00,D01,observed,,,,,,2,20.5,confirmed_2_sources,https://diemthi.vnexpress.net/tra-cuu-dai-hoc/loadbenchmark/id/358/year/2026/sortby/1/block_name/-1,True
DDL:7460108,DDL,Trường Đại học Điện lực,Hà Nội,,7460108,Khoa học dữ liệu (Data Science),7460108,cntt,Công nghệ thông tin - Máy tính - Dữ liệu - AI,standard,A00;A01;D01;D07;X02;X56,A00,observed,,,,,,2,20.25,confirmed_2_sources,https://diemthi.vnexpress.net/tra-cuu-dai-hoc/loadbenchmark/id/358/year/2026/sortby/1/block_name/-1,True
DDL:7460117,DDL,Trường Đại học Điện lực,Hà Nội,,7460117,Toán tin,7460117,khoa_hoc_tn,Khoa học tự nhiên - Toán - Vật lý - Thống kê,standard,A00;A01;D01;D07;X02;X56,A00,observed,,,,,,2,19.0,confirmed_2_sources,https://diemthi.vnexpress.net/tra-cuu-dai-hoc/loadbenchmark/id/358/year/2026/sortby/1/block_name/-1,True
DDL:7480102,DDL,Trường Đại học Điện lực,Hà Nội,,7480102,Mạng máy tính và truyền thông dữ liệu,7480102,bao_chi,Báo chí - Truyền thông - Quan hệ công chúng,standard,A00;A01;D01;D07,A00,observed,,,,,,1,16.0,confirmed_2_sources,https://diemthi.vnexpress.net/tra-cuu-dai-hoc/loadbenchmark/id/358/year/2026/sortby/1/block_name/-1,True
DDL:7480106,DDL,Trường Đại học Điện lực,Hà Nội,,7480106,Kỹ thuật máy tính,7480106,cntt,Công nghệ thông tin - Máy tính - Dữ liệu - AI,standard,A00;A01;D01;D07,A00,observed,,,,,,2,22.0,confirmed_2_sources,https://diemthi.vnexpress.net/tra-cuu-dai-hoc/loadbenchmark/id/358/year/2026/sortby/1/block_name/-1,True
DDL:7480107,DDL,Trường Đại học Điện lực,Hà Nội,,7480107,Trí tuệ nhân tạo,7480107,cntt,Công nghệ thông tin - Máy tính - Dữ liệu - AI,standard,A00;A01;D01;D07,A00,observed,,,,,,2,21.0,confirmed_2_sources,https://diemthi.vnexpress.net/tra-cuu-dai-hoc/loadbenchmark/id/358/year/2026/sortby/1/block_name/-1,True
DDL:7480201,DDL,Trường Đại học Điện lực,Hà Nội,,7480201,Công nghệ thông tin,7480201,cntt,Công nghệ thông tin - Máy tính - Dữ liệu - AI,standard,A00;A01;D01;D07,A00,observed,,,,,,3,21.35,confirmed_2_sources,https://diemthi.vnexpress.net/tra-cuu-dai-hoc/loadbenchmark/id/358/year/2026/sortby/1/block_name/-1,True
DDL:7510102,DDL,Trường Đại học Điện lực,Hà Nội,,7510102,Công nghệ kỹ thuật xây dựng dân dụng và công nghiệp,7510102,xay_dung,Kiến trúc - Xây dựng - Giao thông - Quy hoạch,standard,A00;A01;D01;D07,A00,observed,,,,,,3,21.25,confirmed_2_sources,https://diemthi.vnexpress.net/tra-cuu-dai-hoc/loadbenchmark/id/358/year/2026/sortby/1/block_name/-1,True
DDL:7510201,DDL,Trường Đại học Điện lực,Hà Nội,,7510201,Công nghệ kỹ thuật cơ khí chuyên ngành Cơ khí chế tạo,7510201,ky_thuat,"Kỹ thuật - Công nghệ (cơ khí, điện, điện tử, ô tô, tự động hóa, vật liệu)",standard,A00;A01;D01;D07,A00,observed,,,,,,3,23.5,confirmed_2_sources,https://diemthi.vnexpress.net/tra-cuu-dai-hoc/loadbenchmark/id/358/year/2026/sortby/1/block_name/-1,True
DDL:7510203,DDL,Trường Đại học Điện lực,Hà Nội,,7510203,Công nghệ kỹ thuật cơ điện tử,7510203,ky_thuat,"Kỹ thuật - Công nghệ (cơ khí, điện, điện tử, ô tô, tự động hóa, vật liệu)",standard,A00;A01;D01;D07,A00,observed,,,,,,3,24.25,confirmed_2_sources,https://diemthi.vnexpress.net/tra-cuu-dai-hoc/loadbenchmark/id/358/year/2026/sortby/1/block_name/-1,True
DDL:7510205,DDL,Trường Đại học Điện lực,Hà Nội,,7510205,Công nghệ kỹ thuật ô tô,7510205,ky_thuat,"Kỹ thuật - Công nghệ (cơ khí, điện, điện tử, ô tô, tự động hóa, vật liệu)",standard,A00;A01;D01;D07,A00,observed,,,,,,2,23.25,confirmed_2_sources,https://diemthi.vnexpress.net/tra-cuu-dai-hoc/loadbenchmark/id/358/year/2026/sortby/1/block_name/-1,True
DDL:7510301,DDL,Trường Đại học Điện lực,Hà Nội,,7510301,"Công nghệ kỹ thuật điện, điện tử",7510301,ky_thuat,"Kỹ thuật - Công nghệ (cơ khí, điện, điện tử, ô tô, tự động hóa, vật liệu)",standard,A00;A01;D01;D07,A00,observed,,,,,,3,24.15,confirmed_2_sources,https://diemthi.vnexpress.net/tra-cuu-dai-hoc/loadbenchmark/id/358/year/2026/sortby/1/block_name/-1,True
DDL:7510302,DDL,Trường Đại học Điện lực,Hà Nội,,7510302,Điện tử - viễn thông,7510302,ky_thuat,"Kỹ thuật - Công nghệ (cơ khí, điện, điện tử, ô tô, tự động hóa, vật liệu)",standard,A00;A01;D01;D07,A00,observed,,,,,,3,23.15,confirmed_2_sources,https://diemthi.vnexpress.net/tra-cuu-dai-hoc/loadbenchmark/id/358/year/2026/sortby/1/block_name/-1,True
DDL:7510303,DDL,Trường Đại học Điện lực,Hà Nội,,7510303,Công nghệ kỹ thuật điều khiển và tự động hóa,7510303,ky_thuat,"Kỹ thuật - Công nghệ (cơ khí, điện, điện tử, ô tô, tự động hóa, vật liệu)",standard,A00;A01;D01;D07,A00,observed,,,,,,3,24.6,confirmed_2_sources,https://diemthi.vnexpress.net/tra-cuu-dai-hoc/loadbenchmark/id/358/year/2026/sortby/1/block_name/-1,True
DDL:7510402,DDL,Trường Đại học Điện lực,Hà Nội,,7510402,Công nghệ vật liệu,7510402,khoa_hoc_tn,Khoa học tự nhiên - Toán - Vật lý - Thống kê,standard,A00;A01;A02;B00;D01;D07,A00,observed,,,,,,2,21.25,confirmed_2_sources,https://diemthi.vnexpress.net/tra-cuu-dai-hoc/loadbenchmark/id/358/year/2026/sortby/1/block_name/-1,True
DDL:7510403,DDL,Trường Đại học Điện lực,Hà Nội,,7510403,Công nghệ kỹ thuật năng lượng,7510403,ky_thuat,"Kỹ thuật - Công nghệ (cơ khí, điện, điện tử, ô tô, tự động hóa, vật liệu)",standard,A00;A01;A02;B00;D01;D07,A00,observed,,,,,,3,21.5,confirmed_2_sources,https://diemthi.vnexpress.net/tra-cuu-dai-hoc/loadbenchmark/id/358/year/2026/sortby/1/block_name/-1,True
DDL:7510406,DDL,Trường Đại học Điện lực,Hà Nội,,7510406,Công nghệ kỹ thuật Môi trường,7510406,nong_lam_mt,Nông - Lâm - Thủy sản - Môi trường - Tài nguyên,standard,A00;A01;A02;B00;D01;D07,A00,observed,,,,,,3,18.25,confirmed_2_sources,https://diemthi.vnexpress.net/tra-cuu-dai-hoc/loadbenchmark/id/358/year/2026/sortby/1/block_name/-1,True
DDL:7510407,DDL,Trường Đại học Điện lực,Hà Nội,,7510407,Công nghệ kỹ thuật hạt nhân,7510407,ky_thuat,"Kỹ thuật - Công nghệ (cơ khí, điện, điện tử, ô tô, tự động hóa, vật liệu)",standard,A00;A01;A02;B00;D01;D07,A00,observed,,,,,,2,21.75,confirmed_2_sources,https://diemthi.vnexpress.net/tra-cuu-dai-hoc/loadbenchmark/id/358/year/2026/sortby/1/block_name/-1,True
DDL:7510601,DDL,Trường Đại học Điện lực,Hà Nội,,7510601,Quản lý công nghiệp,7510601,xa_hoi,Khoa học xã hội - Tâm lý - Nhân văn - Chính trị - Hành chính,standard,A00;A01;D01;D07,A00,observed,,,,,,3,21.5,confirmed_2_sources,https://diemthi.vnexpress.net/tra-cuu-dai-hoc/loadbenchmark/id/358/year/2026/sortby/1/block_name/-1,True
DDL:7510602,DDL,Trường Đại học Điện lực,Hà Nội,,7510602,Quản lý năng lượng,7510602,kinh_te,Kinh tế - Kinh doanh - Quản trị - Marketing - Thương mại,standard,A00;A01;D01;D07,A00,observed,,,,,,3,19.75,confirmed_2_sources,https://diemthi.vnexpress.net/tra-cuu-dai-hoc/loadbenchmark/id/358/year/2026/sortby/1/block_name/-1,True
DDL:7510605,DDL,Trường Đại học Điện lực,Hà Nội,,7510605,Logistics và Quản lý chuỗi cung ứng,7510605,du_lich,Du lịch - Khách sạn - Logistics - Hàng không - Dịch vụ,standard,A00;A01;D01;D07,A00,observed,,,,,,3,23.25,confirmed_2_sources,https://diemthi.vnexpress.net/tra-cuu-dai-hoc/loadbenchmark/id/358/year/2026/sortby/1/block_name/-1,True
DDL:7520107,DDL,Trường Đại học Điện lực,Hà Nội,,7520107,Kỹ thuật Robot,7520107,cntt,Công nghệ thông tin - Máy tính - Dữ liệu - AI,standard,A00;A01;D01;D07,A00,observed,,,,,,2,21.5,confirmed_2_sources,https://diemthi.vnexpress.net/tra-cuu-dai-hoc/loadbenchmark/id/358/year/2026/sortby/1/block_name/-1,True
DDL:7520115,DDL,Trường Đại học Điện lực,Hà Nội,,7520115,"Kỹ thuật nhiệt (3 chuyên ngành: Kỹ thuật điện lạnh; Máy lạnh, điều hòa không khí và thông gió; Máy lạnh và thiết bị thực phẩm)",7520115,sinh_hoa,Sinh học - Hóa học - Công nghệ sinh học - Thực phẩm,standard,A00;A01;D01;D07;A02;B00,A00,observed,,,,,,3,22.75,confirmed_2_sources,https://diemthi.vnexpress.net/tra-cuu-dai-hoc/loadbenchmark/id/358/year/2026/sortby/1/block_name/-1,True
DDL:7520117,DDL,Trường Đại học Điện lực,Hà Nội,,7520117,Kỹ thuật công nghiệp,7520117,ky_thuat,"Kỹ thuật - Công nghệ (cơ khí, điện, điện tử, ô tô, tự động hóa, vật liệu)",standard,A00;A01;D01;D07,A00,observed,,,,,,1,20.0,confirmed_2_sources,https://diemthi.vnexpress.net/tra-cuu-dai-hoc/loadbenchmark/id/358/year/2026/sortby/1/block_name/-1,True
DDL:7520118,DDL,Trường Đại học Điện lực,Hà Nội,,7520118,Kỹ thuật hệ thống công nghiệp,7520118,ky_thuat,"Kỹ thuật - Công nghệ (cơ khí, điện, điện tử, ô tô, tự động hóa, vật liệu)",standard,A00;A01;D01;D07,A00,observed,,,,,,1,17.5,confirmed_2_sources,https://diemthi.vnexpress.net/tra-cuu-dai-hoc/loadbenchmark/id/358/year/2026/sortby/1/block_name/-1,True
DDL:7520401,DDL,Trường Đại học Điện lực,Hà Nội,,7520401,Vật lý kỹ thuật,7520401,khoa_hoc_tn,Khoa học tự nhiên - Toán - Vật lý - Thống kê,standard,A00;A01;D01;D07;X06;C01,A00,observed,,,,,,1,16.5,confirmed_2_sources,https://diemthi.vnexpress.net/tra-cuu-dai-hoc/loadbenchmark/id/358/year/2026/sortby/1/block_name/-1,True
DDL:7580302,DDL,Trường Đại học Điện lực,Hà Nội,,7580302,Quản lý xây dựng,7580302,xay_dung,Kiến trúc - Xây dựng - Giao thông - Quy hoạch,standard,A00;A01;D01;D07,A00,observed,,,,,,1,18.0,confirmed_2_sources,https://diemthi.vnexpress.net/tra-cuu-dai-hoc/loadbenchmark/id/358/year/2026/sortby/1/block_name/-1,True
DDL:7810103,DDL,Trường Đại học Điện lực,Hà Nội,,7810103,Quản trị dịch vụ du lịch và lữ hành,7810103,du_lich,Du lịch - Khách sạn - Logistics - Hàng không - Dịch vụ,standard,A00;A01;D01;D07,A00,observed,,,,,,3,20.75,confirmed_2_sources,https://diemthi.vnexpress.net/tra-cuu-dai-hoc/loadbenchmark/id/358/year/2026/sortby/1/block_name/-1,True
DDL:7810201,DDL,Trường Đại học Điện lực,Hà Nội,,7810201,Quản trị khách sạn,7810201,du_lich,Du lịch - Khách sạn - Logistics - Hàng không - Dịch vụ,standard,A00;A01;D01;D07,A00,observed,,,,,,2,20.75,confirmed_2_sources,https://diemthi.vnexpress.net/tra-cuu-dai-hoc/loadbenchmark/id/358/year/2026/sortby/1/block_name/-1,True
DKC:7210205,DKC,Trường Đại học Công nghệ Tp. Hồ Chí Minh,TP. Hồ Chí Minh,,7210205,Thanh nhạc,7210205,thiet_ke,Thiết kế - Nghệ thuật - Sáng tạo số,standard,D01;C00;D14;D15;X78;C03;C04;X01;X02,D01,observed,,,,,,4,15.0,confirmed_2_sources,https://diemthi.vnexpress.net/tra-cuu-dai-hoc/loadbenchmark/id/256/year/2026/sortby/1/block_name/-1,True
DKC:7210302,DKC,Trường Đại học Công nghệ Tp. Hồ Chí Minh,TP. Hồ Chí Minh,,7210302,Công nghệ điện ảnh. truyền hình,7210302,bao_chi,Báo chí - Truyền thông - Quan hệ công chúng,standard,C01;D01;C03;C04;X01;A01;D09;D10;X25;C00;A00;X02,D01,observed,,,,,,4,15.0,confirmed_2_sources,https://diemthi.vnexpress.net/tra-cuu-dai-hoc/loadbenchmark/id/256/year/2026/sortby/1/block_name/-1,True
DKC:7210403,DKC,Trường Đại học Công nghệ Tp. Hồ Chí Minh,TP. Hồ Chí Minh,,7210403,Thiết kế đồ họa,7210403,thiet_ke,Thiết kế - Nghệ thuật - Sáng tạo số,standard,C01;D01;C03;C04;X01;A01;D09;D10;X25;C00;A00;X02,D01,observed,,,,,,4,15.0,confirmed_2_sources,https://diemthi.vnexpress.net/tra-cuu-dai-hoc/loadbenchmark/id/256/year/2026/sortby/1/block_name/-1,True
DKC:7210404,DKC,Trường Đại học Công nghệ Tp. Hồ Chí Minh,TP. Hồ Chí Minh,,7210404,Thiết kế thời trang,7210404,y_duoc,Y - Dược - Điều dưỡng - Sức khỏe,standard,C01;D01;C03;C04;X01;A01;D09;D10;X25;C00;A00;X02,D01,observed,,,,,Khối sức khỏe: có ngưỡng điểm sàn của Bộ,4,15.0,confirmed_2_sources,https://diemthi.vnexpress.net/tra-cuu-dai-hoc/loadbenchmark/id/256/year/2026/sortby/1/block_name/-1,True
DKC:7210408,DKC,Trường Đại học Công nghệ Tp. Hồ Chí Minh,TP. Hồ Chí Minh,,7210408,Nghệ thuật số,7210408,thiet_ke,Thiết kế - Nghệ thuật - Sáng tạo số,standard,C01;D01;C03;C04;X01;A01;D09;D10;X25;C00;A00;X02,D01,observed,,,,,,4,15.0,confirmed_2_sources,https://diemthi.vnexpress.net/tra-cuu-dai-hoc/loadbenchmark/id/256/year/2026/sortby/1/block_name/-1,True
DKC:7220201,DKC,Trường Đại học Công nghệ Tp. Hồ Chí Minh,TP. Hồ Chí Minh,,7220201,Ngôn ngữ Anh,7220201,ngon_ngu,Ngôn ngữ - Văn hóa - Quốc tế học,standard,D01;D04;D06;D03;D11;D55;D53;D54;D14;D65;D63;D64;D15;D45;D43;D44;X78;X90;X98;Y03;X86;X79;X99;X87;Y04;C01;C03;C04;C00;A01;D30;D28;D29;X25;X37;X45;X49;X33;X01,D01,observed,,,,,,4,15.0,confirmed_2_sources,https://diemthi.vnexpress.net/tra-cuu-dai-hoc/loadbenchmark/id/256/year/2026/sortby/1/block_name/-1,True
DKC:7220204,DKC,Trường Đại học Công nghệ Tp. Hồ Chí Minh,TP. Hồ Chí Minh,,7220204,Ngôn ngữ Trung Quốc,7220204,ngon_ngu,Ngôn ngữ - Văn hóa - Quốc tế học,standard,D01;D04;D06;D03;D11;D55;D53;D54;D14;D65;D63;D64;D15;D45;D43;D44;X78;X90;X98;Y03;X86;X79;X99;X87;Y04;C01;C03;C04;C00;A01;D30;D28;D29;X25;X37;X45;X49;X33;X01,D01,observed,,,,,,4,15.0,confirmed_2_sources,https://diemthi.vnexpress.net/tra-cuu-dai-hoc/loadbenchmark/id/256/year/2026/sortby/1/block_name/-1,True
DKC:7220209,DKC,Trường Đại học Công nghệ Tp. Hồ Chí Minh,TP. Hồ Chí Minh,,7220209,Ngôn ngữ Nhật,7220209,ngon_ngu,Ngôn ngữ - Văn hóa - Quốc tế học,standard,D01;D04;D06;D03;D11;D55;D53;D54;D14;D65;D63;D64;D15;D45;D43;D44;X78;X90;X98;Y03;X86;X79;X99;X87;Y04;C01;C03;C04;C00;A01;D30;D28;D29;X25;X37;X45;X49;X33;X01,D01,observed,,,,,,4,15.0,confirmed_2_sources,https://diemthi.vnexpress.net/tra-cuu-dai-hoc/loadbenchmark/id/256/year/2026/sortby/1/block_name/-1,True
DKC:7220210,DKC,Trường Đại học Công nghệ Tp. Hồ Chí Minh,TP. Hồ Chí Minh,,7220210,Ngôn ngữ Hàn Quốc,7220210,ngon_ngu,Ngôn ngữ - Văn hóa - Quốc tế học,standard,D01;D04;D06;D03;D11;D55;D53;D54;D14;D65;D63;D64;D15;D45;D43;D44;X78;X90;X98;Y03;X86;X79;X99;X87;Y04;C01;C03;C04;C00;A01;D30;D28;D29;X25;X37;X45;X49;X33;X01,D01,observed,,,,,,4,15.0,confirmed_2_sources,https://diemthi.vnexpress.net/tra-cuu-dai-hoc/loadbenchmark/id/256/year/2026/sortby/1/block_name/-1,True
DKC:7310109,DKC,Trường Đại học Công nghệ Tp. Hồ Chí Minh,TP. Hồ Chí Minh,,7310109,Kinh tế số,7310109,kinh_te,Kinh tế - Kinh doanh - Quản trị - Marketing - Thương mại,standard,D01;C03;C04;X01;D09;D10;A00;A01;C00;D14;D15;X78;C01;X02,D01,observed,,,,,,3,15.0,confirmed_2_sources,https://diemthi.vnexpress.net/tra-cuu-dai-hoc/loadbenchmark/id/256/year/2026/sortby/1/block_name/-1,True
DKC:7310401,DKC,Trường Đại học Công nghệ Tp. Hồ Chí Minh,TP. Hồ Chí Minh,,7310401,Tâm lý học,7310401,y_duoc,Y - Dược - Điều dưỡng - Sức khỏe,standard,D01;C03;C04;X01;D09;D10;A00;A01;C00;D14;D15;X78;C01;X02,D01,observed,,,,,Khối sức khỏe: có ngưỡng điểm sàn của Bộ,4,15.0,confirmed_2_sources,https://diemthi.vnexpress.net/tra-cuu-dai-hoc/loadbenchmark/id/256/year/2026/sortby/1/block_name/-1,True
DKC:7320104,DKC,Trường Đại học Công nghệ Tp. Hồ Chí Minh,TP. Hồ Chí Minh,,7320104,Truyền thông đa phương tiện,7320104,bao_chi,Báo chí - Truyền thông - Quan hệ công chúng,standard,D01;C03;C04;X01;D09;D10;A00;A01;C00;D14;D15;X78;C01;X02,D01,observed,,,,,,4,15.0,confirmed_2_sources,https://diemthi.vnexpress.net/tra-cuu-dai-hoc/loadbenchmark/id/256/year/2026/sortby/1/block_name/-1,True
DKC:7320108,DKC,Trường Đại học Công nghệ Tp. Hồ Chí Minh,TP. Hồ Chí Minh,,7320108,Quan hệ công chúng,7320108,bao_chi,Báo chí - Truyền thông - Quan hệ công chúng,standard,D01;C03;C04;X01;D09;D10;A00;A01;C00;D14;D15;X78;C01;X02,D01,observed,,,,,,4,15.0,confirmed_2_sources,https://diemthi.vnexpress.net/tra-cuu-dai-hoc/loadbenchmark/id/256/year/2026/sortby/1/block_name/-1,True
DKC:7340101,DKC,Trường Đại học Công nghệ Tp. Hồ Chí Minh,TP. Hồ Chí Minh,,7340101,Quản trị Kinh doanh,7340101,kinh_te,Kinh tế - Kinh doanh - Quản trị - Marketing - Thương mại,standard,D01;C03;C04;X01;D09;D10;A00;A01;C00;D14;D15;X78;C01;X02,D01,observed,,,,,,4,15.0,confirmed_2_sources,https://diemthi.vnexpress.net/tra-cuu-dai-hoc/loadbenchmark/id/256/year/2026/sortby/1/block_name/-1,True
DKC:7340101I1,DKC,Trường Đại học Công nghệ Tp. Hồ Chí Minh,TP. Hồ Chí Minh,,7340101I1,Quản trị và pháp chế doanh nghiệp (2),7340101,kinh_te,Kinh tế - Kinh doanh - Quản trị - Marketing - Thương mại,standard,D01;C03;C04;X01;D09;D10;A00;A01;C00;D14;D15;X78,D01,observed,,,,,,1,15.0,confirmed_2_sources,https://diemthi.vnexpress.net/tra-cuu-dai-hoc/loadbenchmark/id/256/year/2026/sortby/1/block_name/-1,True
DKC:7340114,DKC,Trường Đại học Công nghệ Tp. Hồ Chí Minh,TP. Hồ Chí Minh,,7340114,Marketing kỹ thuật số,7340114,kinh_te,Kinh tế - Kinh doanh - Quản trị - Marketing - Thương mại,standard,D01;C03;C04;X01;D09;D10;A00;A01;C00;D14;D15;X78;C01;X02,D01,observed,,,,,,4,15.0,confirmed_2_sources,https://diemthi.vnexpress.net/tra-cuu-dai-hoc/loadbenchmark/id/256/year/2026/sortby/1/block_name/-1,True
DKC:7340115,DKC,Trường Đại học Công nghệ Tp. Hồ Chí Minh,TP. Hồ Chí Minh,,7340115,Marketing,7340115,kinh_te,Kinh tế - Kinh doanh - Quản trị - Marketing - Thương mại,standard,D01;C03;C04;X01;D09;D10;A00;A01;C00;D14;D15;X78;C01;X02,D01,observed,,,,,,4,15.0,confirmed_2_sources,https://diemthi.vnexpress.net/tra-cuu-dai-hoc/loadbenchmark/id/256/year/2026/sortby/1/block_name/-1,True
DKC:7340115I1,DKC,Trường Đại học Công nghệ Tp. Hồ Chí Minh,TP. Hồ Chí Minh,,7340115I1,Marketing và truyền thông sáng tạo (3),7340115,bao_chi,Báo chí - Truyền thông - Quan hệ công chúng,standard,D01;C03;C04;X01;D09;D10;A00;A01;C00;D14;D15;X78,D01,observed,,,,,,1,15.0,confirmed_2_sources,https://diemthi.vnexpress.net/tra-cuu-dai-hoc/loadbenchmark/id/256/year/2026/sortby/1/block_name/-1,True
DKC:7340116,DKC,Trường Đại học Công nghệ Tp. Hồ Chí Minh,TP. Hồ Chí Minh,,7340116,Bất động sản,7340116,kinh_te,Kinh tế - Kinh doanh - Quản trị - Marketing - Thương mại,standard,D01;C03;C04;X01;D09;D10;A00;A01;C00;D14;D15;X78;C01;X02,D01,observed,,,,,,4,15.0,confirmed_2_sources,https://diemthi.vnexpress.net/tra-cuu-dai-hoc/loadbenchmark/id/256/year/2026/sortby/1/block_name/-1,True
DKC:7340120,DKC,Trường Đại học Công nghệ Tp. Hồ Chí Minh,TP. Hồ Chí Minh,,7340120,Ngành Kinh doanh quốc tế,7340120,kinh_te,Kinh tế - Kinh doanh - Quản trị - Marketing - Thương mại,international,D01;C03;C04;X01;D09;D10;A00;A01;C00;D14;D15;X78;C01;X02,D01,observed,,,,,"Học bằng tiếng Anh (thường cần trình độ tiếng Anh tốt, có thể yêu cầu IELTS/chứng chỉ khi nhập học) | Chương trình liên kết/quốc tế: học phí cao hơn chương trình chuẩn",4,15.0,confirmed_2_sources,https://diemthi.vnexpress.net/tra-cuu-dai-hoc/loadbenchmark/id/256/year/2026/sortby/1/block_name/-1,True
DKC:7340121,DKC,Trường Đại học Công nghệ Tp. Hồ Chí Minh,TP. Hồ Chí Minh,,7340121,Kinh doanh thương mại,7340121,kinh_te,Kinh tế - Kinh doanh - Quản trị - Marketing - Thương mại,standard,D01;C03;C04;X01;D09;D10;A00;A01;C00;D14;D15;X78;C01;X02,D01,observed,,,,,,4,15.0,confirmed_2_sources,https://diemthi.vnexpress.net/tra-cuu-dai-hoc/loadbenchmark/id/256/year/2026/sortby/1/block_name/-1,True
DKC:7340122,DKC,Trường Đại học Công nghệ Tp. Hồ Chí Minh,TP. Hồ Chí Minh,,7340122,Thương mại điện tử,7340122,kinh_te,Kinh tế - Kinh doanh - Quản trị - Marketing - Thương mại,standard,D01;C03;C04;X01;D09;D10;A00;A01;C00;D14;D15;X78;C01;X02,D01,observed,,,,,,4,15.0,confirmed_2_sources,https://diemthi.vnexpress.net/tra-cuu-dai-hoc/loadbenchmark/id/256/year/2026/sortby/1/block_name/-1,True
DKC:7340201,DKC,Trường Đại học Công nghệ Tp. Hồ Chí Minh,TP. Hồ Chí Minh,,7340201,Tài chính – Ngân hàng,7340201,tai_chinh,Tài chính - Ngân hàng - Kế toán - Kiểm toán - Bảo hiểm,standard,D01;C03;C04;X01;D09;D10;A00;A01;C00;D14;D15;X78;C01;X02,D01,observed,,,,,,4,15.0,confirmed_2_sources,https://diemthi.vnexpress.net/tra-cuu-dai-hoc/loadbenchmark/id/256/year/2026/sortby/1/block_name/-1,True
DKC:7340205,DKC,Trường Đại học Công nghệ Tp. Hồ Chí Minh,TP. Hồ Chí Minh,,7340205,Công nghệ tài chính,7340205,tai_chinh,Tài chính - Ngân hàng - Kế toán - Kiểm toán - Bảo hiểm,standard,D01;C03;C04;X01;D09;D10;A00;A01;C00;D14;D15;X78;C01;X02,D01,observed,,,,,,3,15.0,confirmed_2_sources,https://diemthi.vnexpress.net/tra-cuu-dai-hoc/loadbenchmark/id/256/year/2026/sortby/1/block_name/-1,True
DKC:7340301,DKC,Trường Đại học Công nghệ Tp. Hồ Chí Minh,TP. Hồ Chí Minh,,7340301,Kế toán,7340301,tai_chinh,Tài chính - Ngân hàng - Kế toán - Kiểm toán - Bảo hiểm,standard,D01;C03;C04;X01;D09;D10;A00;A01;C00;D14;D15;X78;C01;X02,D01,observed,,,,,,4,15.0,confirmed_2_sources,https://diemthi.vnexpress.net/tra-cuu-dai-hoc/loadbenchmark/id/256/year/2026/sortby/1/block_name/-1,True
DKC:7340404,DKC,Trường Đại học Công nghệ Tp. Hồ Chí Minh,TP. Hồ Chí Minh,,7340404,Quản trị nhân lực,7340404,kinh_te,Kinh tế - Kinh doanh - Quản trị - Marketing - Thương mại,standard,D01;C03;C04;X01;D09;D10;A00;A01;C00;D14;D15;X78;C01;X02,D01,observed,,,,,,4,15.0,confirmed_2_sources,https://diemthi.vnexpress.net/tra-cuu-dai-hoc/loadbenchmark/id/256/year/2026/sortby/1/block_name/-1,True
DKC:7340405,DKC,Trường Đại học Công nghệ Tp. Hồ Chí Minh,TP. Hồ Chí Minh,,7340405,Hệ thống thông tin,7340405,cntt,Công nghệ thông tin - Máy tính - Dữ liệu - AI,standard,D01;C03;C04;X01;D09;D10;A00;A01;C00;D14;D15;X78;C01;X02,D01,observed,,,,,,4,15.0,confirmed_2_sources,https://diemthi.vnexpress.net/tra-cuu-dai-hoc/loadbenchmark/id/256/year/2026/sortby/1/block_name/-1,True
DKC:7340412,DKC,Trường Đại học Công nghệ Tp. Hồ Chí Minh,TP. Hồ Chí Minh,,7340412,Quản trị sự kiện,7340412,du_lich,Du lịch - Khách sạn - Logistics - Hàng không - Dịch vụ,standard,D01;C03;C04;X01;D09;D10;A00;A01;C00;D14;D15;X78;C01;X02,D01,observed,,,,,,4,15.0,confirmed_2_sources,https://diemthi.vnexpress.net/tra-cuu-dai-hoc/loadbenchmark/id/256/year/2026/sortby/1/block_name/-1,True
DKC:7380101,DKC,Trường Đại học Công nghệ Tp. Hồ Chí Minh,TP. Hồ Chí Minh,,7380101,Ngành Luật,7380101,luat,Luật,standard,D01;C03;C04;X01;D09;D10;A00;A01;C00;D14;D15;X78;C01;X02,D01,observed,,,,,,4,20.0,confirmed_2_sources,https://diemthi.vnexpress.net/tra-cuu-dai-hoc/loadbenchmark/id/256/year/2026/sortby/1/block_name/-1,True
DKC:7380107,DKC,Trường Đại học Công nghệ Tp. Hồ Chí Minh,TP. Hồ Chí Minh,,7380107,Luật kinh tế,7380107,luat,Luật,standard,D01;C03;C04;X01;D09;D10;A00;A01;C00;D14;D15;X78;C01;X02,D01,observed,,,,,,4,20.0,confirmed_2_sources,https://diemthi.vnexpress.net/tra-cuu-dai-hoc/loadbenchmark/id/256/year/2026/sortby/1/block_name/-1,True
DKC:7420201,DKC,Trường Đại học Công nghệ Tp. Hồ Chí Minh,TP. Hồ Chí Minh,,7420201,Công nghệ sinh học,7420201,sinh_hoa,Sinh học - Hóa học - Công nghệ sinh học - Thực phẩm,standard,D01;C02;B03;C01;C04;C03;X01;B02;B01;X13;X14;A00;B00;C08;D07;X02,D01,observed,,,,,,4,15.0,confirmed_2_sources,https://diemthi.vnexpress.net/tra-cuu-dai-hoc/loadbenchmark/id/256/year/2026/sortby/1/block_name/-1,True
DKC:7420207,DKC,Trường Đại học Công nghệ Tp. Hồ Chí Minh,TP. Hồ Chí Minh,,7420207,Công nghệ thẩm mỹ,7420207,ky_thuat,"Kỹ thuật - Công nghệ (cơ khí, điện, điện tử, ô tô, tự động hóa, vật liệu)",standard,D01;C02;B03;C01;C04;C03;X01;B02;B01;X13;X14;A00;X02,D01,observed,,,,,,3,15.0,confirmed_2_sources,https://diemthi.vnexpress.net/tra-cuu-dai-hoc/loadbenchmark/id/256/year/2026/sortby/1/block_name/-1,True
DKC:7460108,DKC,Trường Đại học Công nghệ Tp. Hồ Chí Minh,TP. Hồ Chí Minh,,7460108,Khoa học dữ liệu (Data Science),7460108,cntt,Công nghệ thông tin - Máy tính - Dữ liệu - AI,standard,D01;C01;C02;C03;C04;X01;X02;X03;X04;D09;D10;A00;A01,D01,observed,,,,,,4,15.0,confirmed_2_sources,https://diemthi.vnexpress.net/tra-cuu-dai-hoc/loadbenchmark/id/256/year/2026/sortby/1/block_name/-1,True
DKC:7480101,DKC,Trường Đại học Công nghệ Tp. Hồ Chí Minh,TP. Hồ Chí Minh,,7480101,Khoa học máy tính,7480101,cntt,Công nghệ thông tin - Máy tính - Dữ liệu - AI,standard,D01;C01;C02;C03;C04;X01;X02;X03;X04;D09;D10;A00;A01,D01,observed,,,,,,3,15.0,confirmed_2_sources,https://diemthi.vnexpress.net/tra-cuu-dai-hoc/loadbenchmark/id/256/year/2026/sortby/1/block_name/-1,True
DKC:7480106,DKC,Trường Đại học Công nghệ Tp. Hồ Chí Minh,TP. Hồ Chí Minh,,7480106,Kỹ thuật máy tính,7480106,cntt,Công nghệ thông tin - Máy tính - Dữ liệu - AI,standard,D01;C01;C02;C03;C04;X01;X02;X03;X04;D09;D10;A00;A01,D01,observed,,,,,,3,15.0,confirmed_2_sources,https://diemthi.vnexpress.net/tra-cuu-dai-hoc/loadbenchmark/id/256/year/2026/sortby/1/block_name/-1,True
DKC:7480107,DKC,Trường Đại học Công nghệ Tp. Hồ Chí Minh,TP. Hồ Chí Minh,,7480107,Trí tuệ nhân tạo,7480107,cntt,Công nghệ thông tin - Máy tính - Dữ liệu - AI,standard,D01;C01;C02;C03;C04;X01;X02;X03;X04;D09;D10;A00;A01,D01,observed,,,,,,3,15.0,confirmed_2_sources,https://diemthi.vnexpress.net/tra-cuu-dai-hoc/loadbenchmark/id/256/year/2026/sortby/1/block_name/-1,True
DKC:7480201,DKC,Trường Đại học Công nghệ Tp. Hồ Chí Minh,TP. Hồ Chí Minh,,7480201,Công nghệ thông tin,7480201,cntt,Công nghệ thông tin - Máy tính - Dữ liệu - AI,standard,D01;C01;C02;C03;C04;X01;X02;X03;X04;D09;D10;A00;A01,D01,observed,,,,,,4,15.0,confirmed_2_sources,https://diemthi.vnexpress.net/tra-cuu-dai-hoc/loadbenchmark/id/256/year/2026/sortby/1/block_name/-1,True
DKC:7480202,DKC,Trường Đại học Công nghệ Tp. Hồ Chí Minh,TP. Hồ Chí Minh,,7480202,An toàn thông tin,7480202,cntt,Công nghệ thông tin - Máy tính - Dữ liệu - AI,standard,D01;C01;C02;C03;C04;X01;X02;X03;X04;D09;D10;A00;A01,D01,observed,,,,,,4,15.0,confirmed_2_sources,https://diemthi.vnexpress.net/tra-cuu-dai-hoc/loadbenchmark/id/256/year/2026/sortby/1/block_name/-1,True
DKC:7480208,DKC,Trường Đại học Công nghệ Tp. Hồ Chí Minh,TP. Hồ Chí Minh,,7480208,An ninh mạng,7480208,cntt,Công nghệ thông tin - Máy tính - Dữ liệu - AI,standard,D01;C01;C02;C03;C04;X01;X02;X03;X04;D09;D10;A00;A01,D01,observed,,,,,,1,15.0,confirmed_2_sources,https://diemthi.vnexpress.net/tra-cuu-dai-hoc/loadbenchmark/id/256/year/2026/sortby/1/block_name/-1,True
DKC:7510205,DKC,Trường Đại học Công nghệ Tp. Hồ Chí Minh,TP. Hồ Chí Minh,,7510205,Công nghệ kỹ thuật ô tô,7510205,ky_thuat,"Kỹ thuật - Công nghệ (cơ khí, điện, điện tử, ô tô, tự động hóa, vật liệu)",standard,D01;C01;C02;C03;C04;X01;X02;X03;X04;D09;D10;A00;A01,D01,observed,,,,,,4,15.0,confirmed_2_sources,https://diemthi.vnexpress.net/tra-cuu-dai-hoc/loadbenchmark/id/256/year/2026/sortby/1/block_name/-1,True
DKC:7510209,DKC,Trường Đại học Công nghệ Tp. Hồ Chí Minh,TP. Hồ Chí Minh,,7510209,Robot và trí tuệ nhân tạo,7510209,cntt,Công nghệ thông tin - Máy tính - Dữ liệu - AI,standard,D01;C01;C02;C03;C04;X01;X02;X03;X04;D09;D10;A00;A01,D01,observed,,,,,,4,15.0,confirmed_2_sources,https://diemthi.vnexpress.net/tra-cuu-dai-hoc/loadbenchmark/id/256/year/2026/sortby/1/block_name/-1,True
DKC:7510605,DKC,Trường Đại học Công nghệ Tp. Hồ Chí Minh,TP. Hồ Chí Minh,,7510605,Logistics và Quản lý chuỗi cung ứng,7510605,du_lich,Du lịch - Khách sạn - Logistics - Hàng không - Dịch vụ,standard,D01;C03;C04;X01;D09;D10;A00;A01;C00;D14;D15;X78;C01;X02,D01,observed,,,,,,4,15.0,confirmed_2_sources,https://diemthi.vnexpress.net/tra-cuu-dai-hoc/loadbenchmark/id/256/year/2026/sortby/1/block_name/-1,True
DKC:7520103,DKC,Trường Đại học Công nghệ Tp. Hồ Chí Minh,TP. Hồ Chí Minh,,7520103,Kỹ thuật cơ khí,7520103,ky_thuat,"Kỹ thuật - Công nghệ (cơ khí, điện, điện tử, ô tô, tự động hóa, vật liệu)",standard,D01;C01;C02;C03;C04;X01;X02;X03;X04;D09;D10;A00;A01,D01,observed,,,,,,4,15.0,confirmed_2_sources,https://diemthi.vnexpress.net/tra-cuu-dai-hoc/loadbenchmark/id/256/year/2026/sortby/1/block_name/-1,True
DKC:7520114,DKC,Trường Đại học Công nghệ Tp. Hồ Chí Minh,TP. Hồ Chí Minh,,7520114,Kỹ thuật cơ điện tử,7520114,ky_thuat,"Kỹ thuật - Công nghệ (cơ khí, điện, điện tử, ô tô, tự động hóa, vật liệu)",standard,D01;C01;C02;C03;C04;X01;X02;X03;X04;D09;D10;A00;A01,D01,observed,,,,,,4,15.0,confirmed_2_sources,https://diemthi.vnexpress.net/tra-cuu-dai-hoc/loadbenchmark/id/256/year/2026/sortby/1/block_name/-1,True
DKC:7520141,DKC,Trường Đại học Công nghệ Tp. Hồ Chí Minh,TP. Hồ Chí Minh,,7520141,Công nghệ Ô tô điện,7520141,ky_thuat,"Kỹ thuật - Công nghệ (cơ khí, điện, điện tử, ô tô, tự động hóa, vật liệu)",standard,D01;C01;C02;C03;C04;X01;X02;X03;X04;D09;D10;A00;A01,D01,observed,,,,,,4,15.0,confirmed_2_sources,https://diemthi.vnexpress.net/tra-cuu-dai-hoc/loadbenchmark/id/256/year/2026/sortby/1/block_name/-1,True
DKC:7520141I1,DKC,Trường Đại học Công nghệ Tp. Hồ Chí Minh,TP. Hồ Chí Minh,,7520141I1,Công nghệ ô tô thông minh,7520141,ky_thuat,"Kỹ thuật - Công nghệ (cơ khí, điện, điện tử, ô tô, tự động hóa, vật liệu)",standard,D01;C01;C02;C03;C04;X01;X02;X03;X04;D09;D10;A00;A01,D01,observed,,,,,,1,15.0,confirmed_2_sources,https://diemthi.vnexpress.net/tra-cuu-dai-hoc/loadbenchmark/id/256/year/2026/sortby/1/block_name/-1,True
DKC:7520201,DKC,Trường Đại học Công nghệ Tp. Hồ Chí Minh,TP. Hồ Chí Minh,,7520201,Kỹ thuật điện,7520201,ky_thuat,"Kỹ thuật - Công nghệ (cơ khí, điện, điện tử, ô tô, tự động hóa, vật liệu)",standard,D01;C01;C02;C03;C04;X01;X02;X03;X04;D09;D10;A00;A01,D01,observed,,,,,,4,15.0,confirmed_2_sources,https://diemthi.vnexpress.net/tra-cuu-dai-hoc/loadbenchmark/id/256/year/2026/sortby/1/block_name/-1,True
DKC:7520207,DKC,Trường Đại học Công nghệ Tp. Hồ Chí Minh,TP. Hồ Chí Minh,,7520207,Ngành Kỹ thuật điện tử truyền thông,7520207,bao_chi,Báo chí - Truyền thông - Quan hệ công chúng,standard,D01;C01;C02;C03;C04;X01;X02;X03;X04;D09;D10;A00;A01,D01,observed,,,,,,4,15.0,confirmed_2_sources,https://diemthi.vnexpress.net/tra-cuu-dai-hoc/loadbenchmark/id/256/year/2026/sortby/1/block_name/-1,True
DKC:7520216,DKC,Trường Đại học Công nghệ Tp. Hồ Chí Minh,TP. Hồ Chí Minh,,7520216,Ngành Kỹ thuật điều khiển và Tự động hóa,7520216,ky_thuat,"Kỹ thuật - Công nghệ (cơ khí, điện, điện tử, ô tô, tự động hóa, vật liệu)",standard,D01;C01;C02;C03;C04;X01;X02;X03;X04;D09;D10;A00;A01,D01,observed,,,,,,4,15.0,confirmed_2_sources,https://diemthi.vnexpress.net/tra-cuu-dai-hoc/loadbenchmark/id/256/year/2026/sortby/1/block_name/-1,True
DKC:7540101,DKC,Trường Đại học Công nghệ Tp. Hồ Chí Minh,TP. Hồ Chí Minh,,7540101,Công nghệ thực phẩm,7540101,sinh_hoa,Sinh học - Hóa học - Công nghệ sinh học - Thực phẩm,standard,D01;C02;B03;C01;C04;C03;X01;B02;B01;X13;X14;A00;B00;C08;D07;X02,D01,observed,,,,,,4,15.0,confirmed_2_sources,https://diemthi.vnexpress.net/tra-cuu-dai-hoc/loadbenchmark/id/256/year/2026/sortby/1/block_name/-1,True
DKC:7580101,DKC,Trường Đại học Công nghệ Tp. Hồ Chí Minh,TP. Hồ Chí Minh,,7580101,Kiến trúc,7580101,xay_dung,Kiến trúc - Xây dựng - Giao thông - Quy hoạch,standard,C01;D01;C03;C04;X01;A01;D09;D10;X25;C00;A00;X02,D01,observed,,,,,,4,15.0,confirmed_2_sources,https://diemthi.vnexpress.net/tra-cuu-dai-hoc/loadbenchmark/id/256/year/2026/sortby/1/block_name/-1,True
DKC:7580108,DKC,Trường Đại học Công nghệ Tp. Hồ Chí Minh,TP. Hồ Chí Minh,,7580108,Thiết kế nội thất,7580108,xay_dung,Kiến trúc - Xây dựng - Giao thông - Quy hoạch,standard,C01;D01;C03;C04;X01;A01;D09;D10;X25;C00;A00;X02,D01,observed,,,,,,4,15.0,confirmed_2_sources,https://diemthi.vnexpress.net/tra-cuu-dai-hoc/loadbenchmark/id/256/year/2026/sortby/1/block_name/-1,True
DKC:7580201,DKC,Trường Đại học Công nghệ Tp. Hồ Chí Minh,TP. Hồ Chí Minh,,7580201,Kỹ thuật xây dựng,7580201,xay_dung,Kiến trúc - Xây dựng - Giao thông - Quy hoạch,standard,D01;C01;C02;C03;C04;X01;X02;X03;X04;D09;D10;A00;A01,D01,observed,,,,,,4,15.0,confirmed_2_sources,https://diemthi.vnexpress.net/tra-cuu-dai-hoc/loadbenchmark/id/256/year/2026/sortby/1/block_name/-1,True
DKC:7580302,DKC,Trường Đại học Công nghệ Tp. Hồ Chí Minh,TP. Hồ Chí Minh,,7580302,Quản lý xây dựng,7580302,xay_dung,Kiến trúc - Xây dựng - Giao thông - Quy hoạch,standard,D01;C01;C02;C03;C04;X01;X02;X03;X04;D09;D10;A00;A01,D01,observed,,,,,,4,15.0,confirmed_2_sources,https://diemthi.vnexpress.net/tra-cuu-dai-hoc/loadbenchmark/id/256/year/2026/sortby/1/block_name/-1,True
DKC:7640101,DKC,Trường Đại học Công nghệ Tp. Hồ Chí Minh,TP. Hồ Chí Minh,,7640101,Thú y,7640101,y_duoc,Y - Dược - Điều dưỡng - Sức khỏe,standard,D01;C02;B03;C01;C04;C03;X01;B02;B01;X13;X14;A00;B00;C08;D07;X09,D01,observed,,,,,Khối sức khỏe: có ngưỡng điểm sàn của Bộ,4,15.0,confirmed_2_sources,https://diemthi.vnexpress.net/tra-cuu-dai-hoc/loadbenchmark/id/256/year/2026/sortby/1/block_name/-1,True
DKC:7640101I1,DKC,Trường Đại học Công nghệ Tp. Hồ Chí Minh,TP. Hồ Chí Minh,,7640101I1,Thú y công nghệ số (4),7640101,y_duoc,Y - Dược - Điều dưỡng - Sức khỏe,standard,D01;C02;B03;C01;C04;C03;X01;B02;B01;X13;X14;A00,D01,observed,,,,,Khối sức khỏe: có ngưỡng điểm sàn của Bộ,1,15.0,confirmed_2_sources,https://diemthi.vnexpress.net/tra-cuu-dai-hoc/loadbenchmark/id/256/year/2026/sortby/1/block_name/-1,True
DKC:7720101,DKC,Trường Đại học Công nghệ Tp. Hồ Chí Minh,TP. Hồ Chí Minh,,7720101,Y khoa,7720101,y_duoc,Y - Dược - Điều dưỡng - Sức khỏe,standard,B00;D07;C02;A00;B08;B03,B00,observed,,,,,Khối sức khỏe: có ngưỡng điểm sàn của Bộ,1,22.0,confirmed_2_sources,https://diemthi.vnexpress.net/tra-cuu-dai-hoc/loadbenchmark/id/256/year/2026/sortby/1/block_name/-1,True
DKC:7720201,DKC,Trường Đại học Công nghệ Tp. Hồ Chí Minh,TP. Hồ Chí Minh,,7720201,Dược học,7720201,y_duoc,Y - Dược - Điều dưỡng - Sức khỏe,standard,B00;D07;C02;A00;B08;B03;C08;X09,B00,observed,,,,,Khối sức khỏe: có ngưỡng điểm sàn của Bộ,4,20.0,confirmed_2_sources,https://diemthi.vnexpress.net/tra-cuu-dai-hoc/loadbenchmark/id/256/year/2026/sortby/1/block_name/-1,True
DKC:7720301,DKC,Trường Đại học Công nghệ Tp. Hồ Chí Minh,TP. Hồ Chí Minh,,7720301,Điều dưỡng,7720301,y_duoc,Y - Dược - Điều dưỡng - Sức khỏe,standard,B00;D07;C02;A00;B08;B03;C08;X09,B00,observed,,,,,Khối sức khỏe: có ngưỡng điểm sàn của Bộ,4,18.0,confirmed_2_sources,https://diemthi.vnexpress.net/tra-cuu-dai-hoc/loadbenchmark/id/256/year/2026/sortby/1/block_name/-1,True
DKC:7720601,DKC,Trường Đại học Công nghệ Tp. Hồ Chí Minh,TP. Hồ Chí Minh,,7720601,Kỹ thuật xét nghiệm y học,7720601,y_duoc,Y - Dược - Điều dưỡng - Sức khỏe,standard,B00;D07;C02;A00;B08;B03;C08;X09,B00,observed,,,,,Khối sức khỏe: có ngưỡng điểm sàn của Bộ,4,18.0,confirmed_2_sources,https://diemthi.vnexpress.net/tra-cuu-dai-hoc/loadbenchmark/id/256/year/2026/sortby/1/block_name/-1,True
DKC:7810103,DKC,Trường Đại học Công nghệ Tp. Hồ Chí Minh,TP. Hồ Chí Minh,,7810103,Quản trị dịch vụ du lịch và lữ hành,7810103,du_lich,Du lịch - Khách sạn - Logistics - Hàng không - Dịch vụ,standard,D01;C03;C04;X01;D09;D10;A00;A01;C00;D14;D15;X78;C01;X02,D01,observed,,,,,,4,15.0,confirmed_2_sources,https://diemthi.vnexpress.net/tra-cuu-dai-hoc/loadbenchmark/id/256/year/2026/sortby/1/block_name/-1,True
DKC:7810201,DKC,Trường Đại học Công nghệ Tp. Hồ Chí Minh,TP. Hồ Chí Minh,,7810201,Quản trị khách sạn,7810201,du_lich,Du lịch - Khách sạn - Logistics - Hàng không - Dịch vụ,standard,D01;C03;C04;X01;D09;D10;A00;A01;C00;D14;D15;X78;C01;X02,D01,observed,,,,,,4,15.0,confirmed_2_sources,https://diemthi.vnexpress.net/tra-cuu-dai-hoc/loadbenchmark/id/256/year/2026/sortby/1/block_name/-1,True
DKC:7810202,DKC,Trường Đại học Công nghệ Tp. Hồ Chí Minh,TP. Hồ Chí Minh,,7810202,Quản trị nhà hàng và dịch vụ ăn uống,7810202,du_lich,Du lịch - Khách sạn - Logistics - Hàng không - Dịch vụ,standard,D01;C03;C04;X01;D09;D10;A00;A01;C00;D14;D15;X78;C01;X02,D01,observed,,,,,,4,15.0,confirmed_2_sources,https://diemthi.vnexpress.net/tra-cuu-dai-hoc/loadbenchmark/id/256/year/2026/sortby/1/block_name/-1,True
DKC:7810301,DKC,Trường Đại học Công nghệ Tp. Hồ Chí Minh,TP. Hồ Chí Minh,,7810301,Quản lý thể dục thể thao,7810301,kinh_te,Kinh tế - Kinh doanh - Quản trị - Marketing - Thương mại,standard,D01;C03;C04;X01;D09;D10;A00;A01;C00;D14;D15;X78;C01;X02,D01,observed,,,,,,4,15.0,confirmed_2_sources,https://diemthi.vnexpress.net/tra-cuu-dai-hoc/loadbenchmark/id/256/year/2026/sortby/1/block_name/-1,True
DMS:7220201,DMS,Trường Đại học Tài chính - Marketing,TP. Hồ Chí Minh,,7220201,Ngôn ngữ Anh,7220201,ngon_ngu,Ngôn ngữ - Văn hóa - Quốc tế học,standard,C01;C02;C03;C04;X01;D01;A00;A03;A04;X05;A01;A05;A06;X09;D07;A07;X17;D09;X21;D10;X25,C03,observed,,,,,,4,22.6,confirmed_2_sources,https://vietnamnet.vn/newsapi-edu/UniversityDetail/GetDetail?pageId=49ff289efde0446f9ae2f5c385595744&componentId=COMPONENT002302&keyword=DMS&year=2026&pageSize=25&pageIndex=1&typeOfTraining=0&subjectGroup=,True
DMS:7310101,DMS,Trường Đại học Tài chính - Marketing,TP. Hồ Chí Minh,,7310101,Kinh tế,7310101,kinh_te,Kinh tế - Kinh doanh - Quản trị - Marketing - Thương mại,standard,C01;C02;C03;C04;X01;D01;A00;A03;A04;X05;A01;A05;A06;X09;D07;A07;X17;D09;X21;D10;X25,C03,observed,,,,,,4,21.25,confirmed_2_sources,https://vietnamnet.vn/newsapi-edu/UniversityDetail/GetDetail?pageId=49ff289efde0446f9ae2f5c385595744&componentId=COMPONENT002302&keyword=DMS&year=2026&pageSize=25&pageIndex=2&typeOfTraining=0&subjectGroup=,True
DMS:7310102,DMS,Trường Đại học Tài chính - Marketing,TP. Hồ Chí Minh,,7310102,Kinh tế chính trị,7310102,xa_hoi,Khoa học xã hội - Tâm lý - Nhân văn - Chính trị - Hành chính,standard,C01;C02;C03;C04;X01;D01;A00;A03;A04;X05;A01;A05;A06;X09;D07;A07;X17;D09;X21;D10;X25,C03,observed,,,,,,1,18.6,confirmed_2_sources,https://vietnamnet.vn/newsapi-edu/UniversityDetail/GetDetail?pageId=49ff289efde0446f9ae2f5c385595744&componentId=COMPONENT002302&keyword=DMS&year=2026&pageSize=25&pageIndex=3&typeOfTraining=0&subjectGroup=,True
DMS:7310108,DMS,Trường Đại học Tài chính - Marketing,TP. Hồ Chí Minh,,7310108,Toán kinh tế,7310108,kinh_te,Kinh tế - Kinh doanh - Quản trị - Marketing - Thương mại,standard,C01;C02;C03;C04;X01;D01;A00;A03;A04;X05;A01;A05;A06;X09;D07;A07;X17;D09;X21;D10;X25,C03,observed,,,,,,4,20.45,confirmed_2_sources,https://vietnamnet.vn/newsapi-edu/UniversityDetail/GetDetail?pageId=49ff289efde0446f9ae2f5c385595744&componentId=COMPONENT002302&keyword=DMS&year=2026&pageSize=25&pageIndex=3&typeOfTraining=0&subjectGroup=,True
DMS:7310110,DMS,Trường Đại học Tài chính - Marketing,TP. Hồ Chí Minh,,7310110,Quản lý kinh tế,7310110,kinh_te,Kinh tế - Kinh doanh - Quản trị - Marketing - Thương mại,standard,C01;C02;C03;C04;X01;D01;A00;A03;A04;X05;A01;A05;A06;X09;D07;A07;X17;D09;X21;D10;X25,C03,observed,,,,,,2,21.0,confirmed_2_sources,https://vietnamnet.vn/newsapi-edu/UniversityDetail/GetDetail?pageId=49ff289efde0446f9ae2f5c385595744&componentId=COMPONENT002302&keyword=DMS&year=2026&pageSize=25&pageIndex=3&typeOfTraining=0&subjectGroup=,True
DMS:7340116,DMS,Trường Đại học Tài chính - Marketing,TP. Hồ Chí Minh,,7340116,Bất động sản,7340116,kinh_te,Kinh tế - Kinh doanh - Quản trị - Marketing - Thương mại,standard,C01;C02;C03;C04;X01;D01;A00;A03;A04;X05;A01;A05;A06;X09;D07;A07;X17;D09;X21;D10;X25,C03,observed,,,,,,4,22.0,confirmed_2_sources,https://vietnamnet.vn/newsapi-edu/UniversityDetail/GetDetail?pageId=49ff289efde0446f9ae2f5c385595744&componentId=COMPONENT002302&keyword=DMS&year=2026&pageSize=25&pageIndex=2&typeOfTraining=0&subjectGroup=,True
DMS:7340405,DMS,Trường Đại học Tài chính - Marketing,TP. Hồ Chí Minh,,7340405,Hệ thống thông tin quản lý,7340405,cntt,Công nghệ thông tin - Máy tính - Dữ liệu - AI,standard,C01;C02;C03;C04;X01;D01;A00;A03;A04;X05;A01;A05;A06;X09;D07;A07;X17;D09;X21;D10;X25,C03,observed,,,,,,4,25.41,confirmed_2_sources,https://vietnamnet.vn/newsapi-edu/UniversityDetail/GetDetail?pageId=49ff289efde0446f9ae2f5c385595744&componentId=COMPONENT002302&keyword=DMS&year=2026&pageSize=25&pageIndex=0&typeOfTraining=0&subjectGroup=,True
DMS:7380107,DMS,Trường Đại học Tài chính - Marketing,TP. Hồ Chí Minh,,7380107,Luật kinh tế,7380107,luat,Luật,standard,C01;C02;C03;C04;X01;D01;A00;A03;A04;X05;A01;A05;A06;X09;D07;A07;X17;D09;X21;D10;X25,C03,observed,,,,,,4,23.47,confirmed_2_sources,https://vietnamnet.vn/newsapi-edu/UniversityDetail/GetDetail?pageId=49ff289efde0446f9ae2f5c385595744&componentId=COMPONENT002302&keyword=DMS&year=2026&pageSize=25&pageIndex=0&typeOfTraining=0&subjectGroup=,True
DMS:7460108,DMS,Trường Đại học Tài chính - Marketing,TP. Hồ Chí Minh,,7460108,Khoa học dữ liệu,7460108,cntt,Công nghệ thông tin - Máy tính - Dữ liệu - AI,standard,C01;C02;C03;C04;X01;D01;A00;A03;A04;X05;A01;A05;A06;X09;D07;A07;X17;D09;X21;D10;X25,C03,observed,,,,,,2,23.23,confirmed_2_sources,https://vietnamnet.vn/newsapi-edu/UniversityDetail/GetDetail?pageId=49ff289efde0446f9ae2f5c385595744&componentId=COMPONENT002302&keyword=DMS&year=2026&pageSize=25&pageIndex=1&typeOfTraining=0&subjectGroup=,True
DMS:7480107,DMS,Trường Đại học Tài chính - Marketing,TP. Hồ Chí Minh,,7480107,Trí tuệ nhân tạo,7480107,cntt,Công nghệ thông tin - Máy tính - Dữ liệu - AI,standard,C01;C02;C03;C04;X01;D01;A00;A03;A04;X05;A01;A05;A06;X09;D07;A07;X17;D09;X21;D10;X25,C03,observed,,,,,,1,16.5,confirmed_2_sources,https://vietnamnet.vn/newsapi-edu/UniversityDetail/GetDetail?pageId=49ff289efde0446f9ae2f5c385595744&componentId=COMPONENT002302&keyword=DMS&year=2026&pageSize=25&pageIndex=3&typeOfTraining=0&subjectGroup=,True
DTL:7220201,DTL,Trường Đại học Thăng Long,Hà Nội,,7220201,Ngôn ngữ Anh,7220201,ngon_ngu,Ngôn ngữ - Văn hóa - Quốc tế học,standard,D01;D14;D15,D01,observed,140.0,40900000.0,40900000.0,per_year,,3,21.0,confirmed_2_sources,https://diemthi.vnexpress.net/tra-cuu-dai-hoc/loadbenchmark/id/373/year/2026/sortby/1/block_name/-1,False
DTL:7220204,DTL,Trường Đại học Thăng Long,Hà Nội,,7220204,Ngôn ngữ Trung Quốc,7220204,ngon_ngu,Ngôn ngữ - Văn hóa - Quốc tế học,standard,D01;D04;D14;D15;D45;D65,D01,observed,180.0,40900000.0,40900000.0,per_year,,3,22.35,disputed,https://diemthi.vnexpress.net/tra-cuu-dai-hoc/loadbenchmark/id/373/year/2026/sortby/1/block_name/-1,False
DTL:7220209,DTL,Trường Đại học Thăng Long,Hà Nội,,7220209,Ngôn ngữ Nhật,7220209,ngon_ngu,Ngôn ngữ - Văn hóa - Quốc tế học,standard,D01;D06;D14;D15;D43;D63,D01,observed,100.0,42800000.0,42800000.0,per_year,,3,17.75,disputed,https://diemthi.vnexpress.net/tra-cuu-dai-hoc/loadbenchmark/id/373/year/2026/sortby/1/block_name/-1,False
DTL:7220210,DTL,Trường Đại học Thăng Long,Hà Nội,,7220210,Ngôn ngữ Hàn Quốc,7220210,ngon_ngu,Ngôn ngữ - Văn hóa - Quốc tế học,standard,D01;D14;D15,D01,observed,180.0,42800000.0,42800000.0,per_year,,3,19.75,disputed,https://diemthi.vnexpress.net/tra-cuu-dai-hoc/loadbenchmark/id/373/year/2026/sortby/1/block_name/-1,False
DTL:7310106,DTL,Trường Đại học Thăng Long,Hà Nội,,7310106,Kinh tế quốc tế,7310106,kinh_te,Kinh tế - Kinh doanh - Quản trị - Marketing - Thương mại,international,A00;A01;D01;D07;X01;X25,A00,observed,105.0,37800000.0,37800000.0,per_year,"Học bằng tiếng Anh (thường cần trình độ tiếng Anh tốt, có thể yêu cầu IELTS/chứng chỉ khi nhập học) | Chương trình liên kết/quốc tế: học phí cao hơn chương trình chuẩn",2,19.0,disputed,https://diemthi.vnexpress.net/tra-cuu-dai-hoc/loadbenchmark/id/373/year/2026/sortby/1/block_name/-1,False
DTL:7310630,DTL,Trường Đại học Thăng Long,Hà Nội,,7310630,Việt Nam học,7310630,ngon_ngu,Ngôn ngữ - Văn hóa - Quốc tế học,standard,C00;C03;C04;D01;D14;D15,C00,observed,80.0,40200000.0,40200000.0,per_year,,2,20.45,disputed,https://diemthi.vnexpress.net/tra-cuu-dai-hoc/loadbenchmark/id/373/year/2026/sortby/1/block_name/-1,False
DTL:7320104,DTL,Trường Đại học Thăng Long,Hà Nội,,7320104,Truyền thông đa phương tiện,7320104,bao_chi,Báo chí - Truyền thông - Quan hệ công chúng,standard,C00;C03;C04;D01;D14;D15;A00;A01,C00,observed,180.0,48900000.0,48900000.0,per_year,,3,23.31,disputed,https://diemthi.vnexpress.net/tra-cuu-dai-hoc/loadbenchmark/id/373/year/2026/sortby/1/block_name/-1,False
DTL:7340101,DTL,Trường Đại học Thăng Long,Hà Nội,,7340101,Quản trị Kinh doanh,7340101,kinh_te,Kinh tế - Kinh doanh - Quản trị - Marketing - Thương mại,standard,A00;A01;D01;D07;X01;X25,A00,observed,180.0,39600000.0,39600000.0,per_year,,3,18.75,disputed,https://diemthi.vnexpress.net/tra-cuu-dai-hoc/loadbenchmark/id/373/year/2026/sortby/1/block_name/-1,False
DTL:7340101A,DTL,Trường Đại học Thăng Long,Hà Nội,,7340101A,Quản trị kinh doanh,7340101,kinh_te,Kinh tế - Kinh doanh - Quản trị - Marketing - Thương mại,standard,A01;D01;D07;D09;D10;X25,A01,observed,35.0,40800000.0,40800000.0,,,1,16.25,disputed,https://diemthi.vnexpress.net/tra-cuu-dai-hoc/loadbenchmark/id/373/year/2026/sortby/1/block_name/-1,True
DTL:7340115,DTL,Trường Đại học Thăng Long,Hà Nội,,7340115,Marketing,7340115,kinh_te,Kinh tế - Kinh doanh - Quản trị - Marketing - Thương mại,standard,A00;A01;D01;D07;X01;X25,A00,observed,140.0,39600000.0,39600000.0,per_year,,3,20.1,disputed,https://diemthi.vnexpress.net/tra-cuu-dai-hoc/loadbenchmark/id/373/year/2026/sortby/1/block_name/-1,False
DTL:7340122,DTL,Trường Đại học Thăng Long,Hà Nội,,7340122,Thương mại điện tử,7340122,kinh_te,Kinh tế - Kinh doanh - Quản trị - Marketing - Thương mại,standard,A00;A01;D01;D07;X01;X25,A00,observed,70.0,40900000.0,40900000.0,per_year,,3,22.0,disputed,https://diemthi.vnexpress.net/tra-cuu-dai-hoc/loadbenchmark/id/373/year/2026/sortby/1/block_name/-1,False
DTL:7340201,DTL,Trường Đại học Thăng Long,Hà Nội,,7340201,Tài chính – Ngân hàng,7340201,tai_chinh,Tài chính - Ngân hàng - Kế toán - Kiểm toán - Bảo hiểm,standard,A00;A01;D01;D07;X01;X25,A00,observed,140.0,38900000.0,38900000.0,per_year,,3,19.0,disputed,https://diemthi.vnexpress.net/tra-cuu-dai-hoc/loadbenchmark/id/373/year/2026/sortby/1/block_name/-1,False
DTL:7340301,DTL,Trường Đại học Thăng Long,Hà Nội,,7340301,Kế toán,7340301,tai_chinh,Tài chính - Ngân hàng - Kế toán - Kiểm toán - Bảo hiểm,standard,A00;A01;D01;D07;X01;X25,A00,observed,180.0,38900000.0,38900000.0,per_year,,3,18.35,disputed,https://diemthi.vnexpress.net/tra-cuu-dai-hoc/loadbenchmark/id/373/year/2026/sortby/1/block_name/-1,False
DTL:7340301A,DTL,Trường Đại học Thăng Long,Hà Nội,,7340301A,Kế toán,7340301,tai_chinh,Tài chính - Ngân hàng - Kế toán - Kiểm toán - Bảo hiểm,standard,A01;D01;D07;D09;D10;X25,A01,observed,35.0,40800000.0,40800000.0,,,1,16.25,disputed,https://diemthi.vnexpress.net/tra-cuu-dai-hoc/loadbenchmark/id/373/year/2026/sortby/1/block_name/-1,True
DTL:7380107,DTL,Trường Đại học Thăng Long,Hà Nội,,7380107,Luật kinh tế,7380107,luat,Luật,standard,C00;C03;C04;D01;X01;X78;A00;A01;X70;X74,C00,observed,140.0,42900000.0,42900000.0,per_year,,3,20.1,disputed,https://diemthi.vnexpress.net/tra-cuu-dai-hoc/loadbenchmark/id/373/year/2026/sortby/1/block_name/-1,False
DTL:7480101,DTL,Trường Đại học Thăng Long,Hà Nội,,7480101,Khoa học máy tính,7480101,cntt,Công nghệ thông tin - Máy tính - Dữ liệu - AI,standard,A00;A01;D01;D07;X06;X26,A00,observed,70.0,37800000.0,37800000.0,per_year,,3,16.0,confirmed_2_sources,https://diemthi.vnexpress.net/tra-cuu-dai-hoc/loadbenchmark/id/373/year/2026/sortby/1/block_name/-1,False
DTL:7480104,DTL,Trường Đại học Thăng Long,Hà Nội,,7480104,Hệ thống thông tin,7480104,cntt,Công nghệ thông tin - Máy tính - Dữ liệu - AI,standard,A00;A01;D01;D07;X06;X26,A00,observed,35.0,33600000.0,33600000.0,per_year,,3,16.0,confirmed_2_sources,https://diemthi.vnexpress.net/tra-cuu-dai-hoc/loadbenchmark/id/373/year/2026/sortby/1/block_name/-1,False
DTL:7480201,DTL,Trường Đại học Thăng Long,Hà Nội,,7480201,Công nghệ thông tin,7480201,cntt,Công nghệ thông tin - Máy tính - Dữ liệu - AI,standard,A00;A01;D01;D07;X06;X26,A00,observed,210.0,40800000.0,40800000.0,per_year,,3,16.0,confirmed_2_sources,https://diemthi.vnexpress.net/tra-cuu-dai-hoc/loadbenchmark/id/373/year/2026/sortby/1/block_name/-1,False
DTL:7480207,DTL,Trường Đại học Thăng Long,Hà Nội,,7480207,Trí tuệ nhân tạo,7480207,cntt,Công nghệ thông tin - Máy tính - Dữ liệu - AI,standard,A00;A01;D01;D07;X06;X26,A00,observed,70.0,40200000.0,40200000.0,per_year,,3,16.0,confirmed_2_sources,https://diemthi.vnexpress.net/tra-cuu-dai-hoc/loadbenchmark/id/373/year/2026/sortby/1/block_name/-1,False
DTL:7510605,DTL,Trường Đại học Thăng Long,Hà Nội,,7510605,Logistics và Quản lý chuỗi cung ứng,7510605,du_lich,Du lịch - Khách sạn - Logistics - Hàng không - Dịch vụ,standard,A00;A01;D01;D07;X01;X25,A00,observed,175.0,44600000.0,44600000.0,per_year,,3,21.13,disputed,https://diemthi.vnexpress.net/tra-cuu-dai-hoc/loadbenchmark/id/373/year/2026/sortby/1/block_name/-1,False
DTL:7720301,DTL,Trường Đại học Thăng Long,Hà Nội,,7720301,Điều dưỡng,7720301,y_duoc,Y - Dược - Điều dưỡng - Sức khỏe,standard,A00;A02;B00;B03;B08;D07;C02,A00,observed,160.0,33600000.0,33600000.0,per_year,Khối sức khỏe: có ngưỡng điểm sàn của Bộ,3,20.75,disputed,https://diemthi.vnexpress.net/tra-cuu-dai-hoc/loadbenchmark/id/373/year/2026/sortby/1/block_name/-1,False
DTL:7810103,DTL,Trường Đại học Thăng Long,Hà Nội,,7810103,Quản trị dịch vụ du lịch và lữ hành,7810103,du_lich,Du lịch - Khách sạn - Logistics - Hàng không - Dịch vụ,standard,C01;C02;C03;C04;D01;X01;A00;A01;C00;A07;D09;D10,C03,observed,150.0,43800000.0,43800000.0,per_year,,3,22.3,disputed,https://diemthi.vnexpress.net/tra-cuu-dai-hoc/loadbenchmark/id/373/year/2026/sortby/1/block_name/-1,False
DTL:7810201,DTL,Trường Đại học Thăng Long,Hà Nội,,7810201,Quản trị khách sạn,7810201,du_lich,Du lịch - Khách sạn - Logistics - Hàng không - Dịch vụ,standard,C01;C02;C03;C04;D01;X01;A00;A01;C00;A07;D09;D10,C03,observed,150.0,40900000.0,40900000.0,per_year,,3,22.0,disputed,https://diemthi.vnexpress.net/tra-cuu-dai-hoc/loadbenchmark/id/373/year/2026/sortby/1/block_name/-1,False
DVL:7210302,DVL,Trường Đại học Văn Lang,TP. Hồ Chí Minh,,7210302,Công nghệ điện ảnh. truyền hình,7210302,bao_chi,Báo chí - Truyền thông - Quan hệ công chúng,standard,A00;A01;C00;D01;C01;X78,A00,observed,,,,,,4,15.0,single_source,https://diemthi.vnexpress.net/tra-cuu-dai-hoc/loadbenchmark/id/265/year/2026/sortby/1/block_name/-1,True
DVL:7210303,DVL,Trường Đại học Văn Lang,TP. Hồ Chí Minh,,7210303,Thiết kế âm thanh ánh sáng,7210303,thiet_ke,Thiết kế - Nghệ thuật - Sáng tạo số,standard,A00;A01;C00;D01;X78,A00,observed,,,,,,1,15.0,single_source,https://diemthi.vnexpress.net/tra-cuu-dai-hoc/loadbenchmark/id/265/year/2026/sortby/1/block_name/-1,True
DVL:7220201,DVL,Trường Đại học Văn Lang,TP. Hồ Chí Minh,,7220201,Ngôn ngữ Anh,7220201,ngon_ngu,Ngôn ngữ - Văn hóa - Quốc tế học,standard,D01;D14;X78;D15;D08;D10,D01,observed,,,,,,4,15.0,single_source,https://diemthi.vnexpress.net/tra-cuu-dai-hoc/loadbenchmark/id/265/year/2026/sortby/1/block_name/-1,True
DVL:7220204,DVL,Trường Đại học Văn Lang,TP. Hồ Chí Minh,,7220204,Ngôn ngữ Trung Quốc,7220204,ngon_ngu,Ngôn ngữ - Văn hóa - Quốc tế học,standard,D01;D04;D14;X78;D15;A01,D01,observed,,,,,,4,15.0,single_source,https://diemthi.vnexpress.net/tra-cuu-dai-hoc/loadbenchmark/id/265/year/2026/sortby/1/block_name/-1,True
DVL:7220210,DVL,Trường Đại học Văn Lang,TP. Hồ Chí Minh,,7220210,Ngôn ngữ Hàn Quốc,7220210,ngon_ngu,Ngôn ngữ - Văn hóa - Quốc tế học,standard,D01;D14;D15;X78;D10,D01,observed,,,,,,4,15.0,single_source,https://diemthi.vnexpress.net/tra-cuu-dai-hoc/loadbenchmark/id/265/year/2026/sortby/1/block_name/-1,True
DVL:7229030,DVL,Trường Đại học Văn Lang,TP. Hồ Chí Minh,,7229030,Văn học,7229030,xa_hoi,Khoa học xã hội - Tâm lý - Nhân văn - Chính trị - Hành chính,standard,D01;C03;C04;C00;D14;D15;X78,D01,observed,,,,,,4,15.0,single_source,https://diemthi.vnexpress.net/tra-cuu-dai-hoc/loadbenchmark/id/265/year/2026/sortby/1/block_name/-1,True
DVL:7310106,DVL,Trường Đại học Văn Lang,TP. Hồ Chí Minh,,7310106,Kinh tế quốc tế,7310106,kinh_te,Kinh tế - Kinh doanh - Quản trị - Marketing - Thương mại,international,A00;A01;C01;D01;X25;D10;D07,A00,observed,,,,,"Học bằng tiếng Anh (thường cần trình độ tiếng Anh tốt, có thể yêu cầu IELTS/chứng chỉ khi nhập học) | Chương trình liên kết/quốc tế: học phí cao hơn chương trình chuẩn",4,15.0,single_source,https://diemthi.vnexpress.net/tra-cuu-dai-hoc/loadbenchmark/id/265/year/2026/sortby/1/block_name/-1,True
DVL:7310401,DVL,Trường Đại học Văn Lang,TP. Hồ Chí Minh,,7310401,Tâm lý học,7310401,y_duoc,Y - Dược - Điều dưỡng - Sức khỏe,standard,D01;B03;C02;B08;B00;C00,D01,observed,,,,,Khối sức khỏe: có ngưỡng điểm sàn của Bộ,4,15.0,single_source,https://diemthi.vnexpress.net/tra-cuu-dai-hoc/loadbenchmark/id/265/year/2026/sortby/1/block_name/-1,True
DVL:7310608,DVL,Trường Đại học Văn Lang,TP. Hồ Chí Minh,,7310608,Đông phương học,7310608,ngon_ngu,Ngôn ngữ - Văn hóa - Quốc tế học,standard,D01;C03;C04;C00;D14;D15;X78;A01;D04,D01,observed,,,,,,4,15.0,single_source,https://diemthi.vnexpress.net/tra-cuu-dai-hoc/loadbenchmark/id/265/year/2026/sortby/1/block_name/-1,True
DVL:7320104,DVL,Trường Đại học Văn Lang,TP. Hồ Chí Minh,,7320104,Truyền thông đa phương tiện,7320104,bao_chi,Báo chí - Truyền thông - Quan hệ công chúng,standard,A00;A01;C00;D01;C01;X78,A00,observed,,,,,,4,15.0,single_source,https://diemthi.vnexpress.net/tra-cuu-dai-hoc/loadbenchmark/id/265/year/2026/sortby/1/block_name/-1,True
DVL:7320105,DVL,Trường Đại học Văn Lang,TP. Hồ Chí Minh,,7320105,Truyền thông đại chúng,7320105,bao_chi,Báo chí - Truyền thông - Quan hệ công chúng,standard,A00;A01;C00;D01;C01;X78,A00,observed,,,,,,1,15.0,single_source,https://diemthi.vnexpress.net/tra-cuu-dai-hoc/loadbenchmark/id/265/year/2026/sortby/1/block_name/-1,True
DVL:7320106,DVL,Trường Đại học Văn Lang,TP. Hồ Chí Minh,,7320106,Công nghệ truyền thông,7320106,bao_chi,Báo chí - Truyền thông - Quan hệ công chúng,standard,A00;A01;C00;D01;C01;X78,A00,observed,,,,,,4,15.0,single_source,https://diemthi.vnexpress.net/tra-cuu-dai-hoc/loadbenchmark/id/265/year/2026/sortby/1/block_name/-1,True
DVL:7320108,DVL,Trường Đại học Văn Lang,TP. Hồ Chí Minh,,7320108,Quan hệ công chúng,7320108,bao_chi,Báo chí - Truyền thông - Quan hệ công chúng,standard,A00;A01;C00;D01;C01;X78,A00,observed,,,,,,4,15.0,single_source,https://diemthi.vnexpress.net/tra-cuu-dai-hoc/loadbenchmark/id/265/year/2026/sortby/1/block_name/-1,True
DVL:7340101,DVL,Trường Đại học Văn Lang,TP. Hồ Chí Minh,,7340101,Quản trị Kinh doanh,7340101,kinh_te,Kinh tế - Kinh doanh - Quản trị - Marketing - Thương mại,standard,A00;A01;C01;D01;X25;D10;D07,A00,observed,,,,,,4,15.0,single_source,https://diemthi.vnexpress.net/tra-cuu-dai-hoc/loadbenchmark/id/265/year/2026/sortby/1/block_name/-1,True
DVL:7340115,DVL,Trường Đại học Văn Lang,TP. Hồ Chí Minh,,7340115,Marketing,7340115,kinh_te,Kinh tế - Kinh doanh - Quản trị - Marketing - Thương mại,standard,A00;A01;C01;D01;X25;D10;D07,A00,observed,,,,,,4,15.0,single_source,https://diemthi.vnexpress.net/tra-cuu-dai-hoc/loadbenchmark/id/265/year/2026/sortby/1/block_name/-1,True
DVL:7340116,DVL,Trường Đại học Văn Lang,TP. Hồ Chí Minh,,7340116,Bất động sản,7340116,kinh_te,Kinh tế - Kinh doanh - Quản trị - Marketing - Thương mại,standard,A00;A01;C01;D01;X25;D10;D07;C04,A00,observed,,,,,,4,15.0,single_source,https://diemthi.vnexpress.net/tra-cuu-dai-hoc/loadbenchmark/id/265/year/2026/sortby/1/block_name/-1,True
DVL:7340120,DVL,Trường Đại học Văn Lang,TP. Hồ Chí Minh,,7340120,Ngành Kinh doanh quốc tế,7340120,kinh_te,Kinh tế - Kinh doanh - Quản trị - Marketing - Thương mại,international,A00;A01;C01;D01;X25;D10;D07,A00,observed,,,,,"Học bằng tiếng Anh (thường cần trình độ tiếng Anh tốt, có thể yêu cầu IELTS/chứng chỉ khi nhập học) | Chương trình liên kết/quốc tế: học phí cao hơn chương trình chuẩn",4,15.0,single_source,https://diemthi.vnexpress.net/tra-cuu-dai-hoc/loadbenchmark/id/265/year/2026/sortby/1/block_name/-1,True
DVL:7340121,DVL,Trường Đại học Văn Lang,TP. Hồ Chí Minh,,7340121,Kinh doanh thương mại,7340121,kinh_te,Kinh tế - Kinh doanh - Quản trị - Marketing - Thương mại,standard,A00;A01;C01;D01;X25;D10;D07,A00,observed,,,,,,4,15.0,single_source,https://diemthi.vnexpress.net/tra-cuu-dai-hoc/loadbenchmark/id/265/year/2026/sortby/1/block_name/-1,True
DVL:7340122,DVL,Trường Đại học Văn Lang,TP. Hồ Chí Minh,,7340122,Thương mại điện tử,7340122,kinh_te,Kinh tế - Kinh doanh - Quản trị - Marketing - Thương mại,standard,A00;A01;C01;D01;X25;D10;D07,A00,observed,,,,,,4,15.0,single_source,https://diemthi.vnexpress.net/tra-cuu-dai-hoc/loadbenchmark/id/265/year/2026/sortby/1/block_name/-1,True
DVL:7340201,DVL,Trường Đại học Văn Lang,TP. Hồ Chí Minh,,7340201,Tài chính – Ngân hàng,7340201,tai_chinh,Tài chính - Ngân hàng - Kế toán - Kiểm toán - Bảo hiểm,standard,A00;A01;C01;D01;X25;D10;D07;C04,A00,observed,,,,,,4,15.0,single_source,https://diemthi.vnexpress.net/tra-cuu-dai-hoc/loadbenchmark/id/265/year/2026/sortby/1/block_name/-1,True
DVL:7340205,DVL,Trường Đại học Văn Lang,TP. Hồ Chí Minh,,7340205,Công nghệ tài chính,7340205,tai_chinh,Tài chính - Ngân hàng - Kế toán - Kiểm toán - Bảo hiểm,standard,A00;A01;C01;D01;X25;D10;D07,A00,observed,,,,,,4,15.0,single_source,https://diemthi.vnexpress.net/tra-cuu-dai-hoc/loadbenchmark/id/265/year/2026/sortby/1/block_name/-1,True
DVL:7340301,DVL,Trường Đại học Văn Lang,TP. Hồ Chí Minh,,7340301,Kế toán,7340301,tai_chinh,Tài chính - Ngân hàng - Kế toán - Kiểm toán - Bảo hiểm,standard,A00;A01;C01;D01;X25;D10;D07,A00,observed,,,,,,4,15.0,single_source,https://diemthi.vnexpress.net/tra-cuu-dai-hoc/loadbenchmark/id/265/year/2026/sortby/1/block_name/-1,True
DVL:7380101,DVL,Trường Đại học Văn Lang,TP. Hồ Chí Minh,,7380101,Ngành Luật,7380101,luat,Luật,standard,D01;D09;D10;X25;D14;D15;C00;A00;A01,D01,observed,,,,,,4,20.0,single_source,https://diemthi.vnexpress.net/tra-cuu-dai-hoc/loadbenchmark/id/265/year/2026/sortby/1/block_name/-1,True
DVL:7380107,DVL,Trường Đại học Văn Lang,TP. Hồ Chí Minh,,7380107,Luật kinh tế,7380107,luat,Luật,standard,D01;D09;D10;X25;D14;D15;C00;A00;A01,D01,observed,,,,,,4,20.0,single_source,https://diemthi.vnexpress.net/tra-cuu-dai-hoc/loadbenchmark/id/265/year/2026/sortby/1/block_name/-1,True
DVL:7420201,DVL,Trường Đại học Văn Lang,TP. Hồ Chí Minh,,7420201,Công nghệ sinh học,7420201,sinh_hoa,Sinh học - Hóa học - Công nghệ sinh học - Thực phẩm,standard,B03;B08;A02;B00;C02;D07;A00;C01;A01;X14;X66,B03,observed,,,,,,4,15.0,single_source,https://diemthi.vnexpress.net/tra-cuu-dai-hoc/loadbenchmark/id/265/year/2026/sortby/1/block_name/-1,True
DVL:7420207,DVL,Trường Đại học Văn Lang,TP. Hồ Chí Minh,,7420207,Công nghệ thẩm mỹ,7420207,ky_thuat,"Kỹ thuật - Công nghệ (cơ khí, điện, điện tử, ô tô, tự động hóa, vật liệu)",standard,B03;C01;B08;A02;B00;C02;D07;A00;A01;D08;X14;X66,B03,observed,,,,,,4,15.0,single_source,https://diemthi.vnexpress.net/tra-cuu-dai-hoc/loadbenchmark/id/265/year/2026/sortby/1/block_name/-1,True
DVL:7460108,DVL,Trường Đại học Văn Lang,TP. Hồ Chí Minh,,7460108,Khoa học dữ liệu (Data Science),7460108,cntt,Công nghệ thông tin - Máy tính - Dữ liệu - AI,standard,A00;A01;C01;X06;D01;X26;X02;X79,A00,observed,,,,,,4,15.0,single_source,https://diemthi.vnexpress.net/tra-cuu-dai-hoc/loadbenchmark/id/265/year/2026/sortby/1/block_name/-1,True
DVL:7480102,DVL,Trường Đại học Văn Lang,TP. Hồ Chí Minh,,7480102,Mạng máy tính và truyền thông dữ liệu,7480102,bao_chi,Báo chí - Truyền thông - Quan hệ công chúng,standard,A00;A01;C01;X06;D01;X26;X02;D07;X79,A00,observed,,,,,,4,15.0,single_source,https://diemthi.vnexpress.net/tra-cuu-dai-hoc/loadbenchmark/id/265/year/2026/sortby/1/block_name/-1,True
DVL:7480103,DVL,Trường Đại học Văn Lang,TP. Hồ Chí Minh,,7480103,Kỹ thuật phần mềm,7480103,cntt,Công nghệ thông tin - Máy tính - Dữ liệu - AI,standard,A00;A01;C01;D01;X26;X02;D10;X06;X79,A00,observed,,,,,,4,15.0,single_source,https://diemthi.vnexpress.net/tra-cuu-dai-hoc/loadbenchmark/id/265/year/2026/sortby/1/block_name/-1,True
DVL:7480104,DVL,Trường Đại học Văn Lang,TP. Hồ Chí Minh,,7480104,Hệ thống thông tin,7480104,cntt,Công nghệ thông tin - Máy tính - Dữ liệu - AI,standard,A00;A01;X06;D01;X26;X02;D07;D10;C01;X79,A00,observed,,,,,,3,15.0,single_source,https://diemthi.vnexpress.net/tra-cuu-dai-hoc/loadbenchmark/id/265/year/2026/sortby/1/block_name/-1,True
DVL:7480107,DVL,Trường Đại học Văn Lang,TP. Hồ Chí Minh,,7480107,Trí tuệ nhân tạo,7480107,cntt,Công nghệ thông tin - Máy tính - Dữ liệu - AI,standard,A00;A01;C01;D01;X26;X02,A00,observed,,,,,,1,15.0,single_source,https://diemthi.vnexpress.net/tra-cuu-dai-hoc/loadbenchmark/id/265/year/2026/sortby/1/block_name/-1,True
DVL:7480201,DVL,Trường Đại học Văn Lang,TP. Hồ Chí Minh,,7480201,Công nghệ thông tin,7480201,cntt,Công nghệ thông tin - Máy tính - Dữ liệu - AI,standard,A00;A01;C01;D01;X26;X02;D10;X06;X79,A00,observed,,,,,,4,15.0,single_source,https://diemthi.vnexpress.net/tra-cuu-dai-hoc/loadbenchmark/id/265/year/2026/sortby/1/block_name/-1,True
DVL:7510205,DVL,Trường Đại học Văn Lang,TP. Hồ Chí Minh,,7510205,Công nghệ kỹ thuật ô tô,7510205,ky_thuat,"Kỹ thuật - Công nghệ (cơ khí, điện, điện tử, ô tô, tự động hóa, vật liệu)",standard,A00;A01;C01;X26;D01,A00,observed,,,,,,4,15.0,single_source,https://diemthi.vnexpress.net/tra-cuu-dai-hoc/loadbenchmark/id/265/year/2026/sortby/1/block_name/-1,True
DVL:7510301,DVL,Trường Đại học Văn Lang,TP. Hồ Chí Minh,,7510301,"Công nghệ kỹ thuật điện, điện tử",7510301,ky_thuat,"Kỹ thuật - Công nghệ (cơ khí, điện, điện tử, ô tô, tự động hóa, vật liệu)",standard,A00;A01;C01;X26;D01,A00,observed,,,,,,4,15.0,single_source,https://diemthi.vnexpress.net/tra-cuu-dai-hoc/loadbenchmark/id/265/year/2026/sortby/1/block_name/-1,True
DVL:7510406,DVL,Trường Đại học Văn Lang,TP. Hồ Chí Minh,,7510406,Công nghệ kỹ thuật Môi trường,7510406,nong_lam_mt,Nông - Lâm - Thủy sản - Môi trường - Tài nguyên,standard,A00;A01;B00;D07;D01;D08,A00,observed,,,,,,4,15.0,single_source,https://diemthi.vnexpress.net/tra-cuu-dai-hoc/loadbenchmark/id/265/year/2026/sortby/1/block_name/-1,True
DVL:7510605,DVL,Trường Đại học Văn Lang,TP. Hồ Chí Minh,,7510605,Logistics và Quản lý chuỗi cung ứng,7510605,du_lich,Du lịch - Khách sạn - Logistics - Hàng không - Dịch vụ,standard,A00;A01;D01;C01;X26;X02;X06;X79,A00,observed,,,,,,4,15.0,single_source,https://diemthi.vnexpress.net/tra-cuu-dai-hoc/loadbenchmark/id/265/year/2026/sortby/1/block_name/-1,True
DVL:7520114,DVL,Trường Đại học Văn Lang,TP. Hồ Chí Minh,,7520114,Kỹ thuật cơ điện tử,7520114,ky_thuat,"Kỹ thuật - Công nghệ (cơ khí, điện, điện tử, ô tô, tự động hóa, vật liệu)",standard,A00;A01;C01;X26;D01,A00,observed,,,,,,4,15.0,single_source,https://diemthi.vnexpress.net/tra-cuu-dai-hoc/loadbenchmark/id/265/year/2026/sortby/1/block_name/-1,True
DVL:7520115,DVL,Trường Đại học Văn Lang,TP. Hồ Chí Minh,,7520115,"Kỹ thuật nhiệt (3 chuyên ngành: Kỹ thuật điện lạnh; Máy lạnh, điều hòa không khí và thông gió; Máy lạnh và thiết bị thực phẩm)",7520115,sinh_hoa,Sinh học - Hóa học - Công nghệ sinh học - Thực phẩm,standard,A00;A01;C01;X26;D01;D07,A00,observed,,,,,,4,15.0,single_source,https://diemthi.vnexpress.net/tra-cuu-dai-hoc/loadbenchmark/id/265/year/2026/sortby/1/block_name/-1,True
DVL:7520118,DVL,Trường Đại học Văn Lang,TP. Hồ Chí Minh,,7520118,Kỹ thuật hệ thống công nghiệp,7520118,ky_thuat,"Kỹ thuật - Công nghệ (cơ khí, điện, điện tử, ô tô, tự động hóa, vật liệu)",standard,A00;A01;D01;C01;X26;X02;X06,A00,observed,,,,,,1,15.0,single_source,https://diemthi.vnexpress.net/tra-cuu-dai-hoc/loadbenchmark/id/265/year/2026/sortby/1/block_name/-1,True
DVL:7520120,DVL,Trường Đại học Văn Lang,TP. Hồ Chí Minh,,7520120,Kỹ thuật hàng không,7520120,du_lich,Du lịch - Khách sạn - Logistics - Hàng không - Dịch vụ,standard,A00;A01;C01;X26;D01,A00,observed,,,,,,4,15.0,single_source,https://diemthi.vnexpress.net/tra-cuu-dai-hoc/loadbenchmark/id/265/year/2026/sortby/1/block_name/-1,True
DVL:7540101,DVL,Trường Đại học Văn Lang,TP. Hồ Chí Minh,,7540101,Công nghệ thực phẩm,7540101,sinh_hoa,Sinh học - Hóa học - Công nghệ sinh học - Thực phẩm,standard,B03;B08;A02;B00;C02;D07;A00;C01;A01;C08;D08;X14;X66,B03,observed,,,,,,4,15.0,single_source,https://diemthi.vnexpress.net/tra-cuu-dai-hoc/loadbenchmark/id/265/year/2026/sortby/1/block_name/-1,True
DVL:7580201,DVL,Trường Đại học Văn Lang,TP. Hồ Chí Minh,,7580201,Kỹ thuật xây dựng,7580201,xay_dung,Kiến trúc - Xây dựng - Giao thông - Quy hoạch,standard,A00;A01;X06;X26;D01;D07,A00,observed,,,,,,4,15.0,single_source,https://diemthi.vnexpress.net/tra-cuu-dai-hoc/loadbenchmark/id/265/year/2026/sortby/1/block_name/-1,True
DVL:7580205,DVL,Trường Đại học Văn Lang,TP. Hồ Chí Minh,,7580205,Kỹ thuật xây dựng công trình giao thông,7580205,xay_dung,Kiến trúc - Xây dựng - Giao thông - Quy hoạch,standard,A00;A01;X06;X26;D01;D07,A00,observed,,,,,,2,15.0,single_source,https://diemthi.vnexpress.net/tra-cuu-dai-hoc/loadbenchmark/id/265/year/2026/sortby/1/block_name/-1,True
DVL:7580302,DVL,Trường Đại học Văn Lang,TP. Hồ Chí Minh,,7580302,Quản lý xây dựng,7580302,xay_dung,Kiến trúc - Xây dựng - Giao thông - Quy hoạch,standard,A00;A01;X06;X26;D01;D07,A00,observed,,,,,,4,15.0,single_source,https://diemthi.vnexpress.net/tra-cuu-dai-hoc/loadbenchmark/id/265/year/2026/sortby/1/block_name/-1,True
DVL:7720101,DVL,Trường Đại học Văn Lang,TP. Hồ Chí Minh,,7720101,Y khoa,7720101,y_duoc,Y - Dược - Điều dưỡng - Sức khỏe,standard,A02;B00;B03;B08;A00;D08;D12;D07;X09;X10,A02,observed,,,,,Khối sức khỏe: có ngưỡng điểm sàn của Bộ,4,22.0,single_source,https://diemthi.vnexpress.net/tra-cuu-dai-hoc/loadbenchmark/id/265/year/2026/sortby/1/block_name/-1,True
DVL:7720201,DVL,Trường Đại học Văn Lang,TP. Hồ Chí Minh,,7720201,Dược học,7720201,y_duoc,Y - Dược - Điều dưỡng - Sức khỏe,standard,A02;B00;B03;B08;A00;D07;X09;X10,A02,observed,,,,,Khối sức khỏe: có ngưỡng điểm sàn của Bộ,4,20.0,single_source,https://diemthi.vnexpress.net/tra-cuu-dai-hoc/loadbenchmark/id/265/year/2026/sortby/1/block_name/-1,True
DVL:7720301,DVL,Trường Đại học Văn Lang,TP. Hồ Chí Minh,,7720301,Điều dưỡng,7720301,y_duoc,Y - Dược - Điều dưỡng - Sức khỏe,standard,A02;B00;B03;B08;C08;D07;D08;A00;X09;X10,A02,observed,,,,,Khối sức khỏe: có ngưỡng điểm sàn của Bộ,4,18.0,single_source,https://diemthi.vnexpress.net/tra-cuu-dai-hoc/loadbenchmark/id/265/year/2026/sortby/1/block_name/-1,True
DVL:7720501,DVL,Trường Đại học Văn Lang,TP. Hồ Chí Minh,,7720501,Răng- Hàm -Mặt,7720501,y_duoc,Y - Dược - Điều dưỡng - Sức khỏe,standard,A02;B00;B03;B08;A00;D07;D08;X09;X10,A02,observed,,,,,Khối sức khỏe: có ngưỡng điểm sàn của Bộ,4,22.0,single_source,https://diemthi.vnexpress.net/tra-cuu-dai-hoc/loadbenchmark/id/265/year/2026/sortby/1/block_name/-1,True
DVL:7720601,DVL,Trường Đại học Văn Lang,TP. Hồ Chí Minh,,7720601,Kỹ thuật xét nghiệm y học,7720601,y_duoc,Y - Dược - Điều dưỡng - Sức khỏe,standard,A02;B00;B03;B08;A00;D07;D08;X09;X10,A02,observed,,,,,Khối sức khỏe: có ngưỡng điểm sàn của Bộ,4,18.0,single_source,https://diemthi.vnexpress.net/tra-cuu-dai-hoc/loadbenchmark/id/265/year/2026/sortby/1/block_name/-1,True
DVL:7810101,DVL,Trường Đại học Văn Lang,TP. Hồ Chí Minh,,7810101,Du lịch,7810101,du_lich,Du lịch - Khách sạn - Logistics - Hàng không - Dịch vụ,standard,D01;D14;D15;D09;D10;X26;A00;A01;C00,D01,observed,,,,,,4,15.0,single_source,https://diemthi.vnexpress.net/tra-cuu-dai-hoc/loadbenchmark/id/265/year/2026/sortby/1/block_name/-1,True
DVL:7810103,DVL,Trường Đại học Văn Lang,TP. Hồ Chí Minh,,7810103,Quản trị dịch vụ du lịch và lữ hành,7810103,du_lich,Du lịch - Khách sạn - Logistics - Hàng không - Dịch vụ,standard,D01;D14;D15;D09;D10;X26;A00;A01;D03,D01,observed,,,,,,4,15.0,single_source,https://diemthi.vnexpress.net/tra-cuu-dai-hoc/loadbenchmark/id/265/year/2026/sortby/1/block_name/-1,True
DVL:7810201,DVL,Trường Đại học Văn Lang,TP. Hồ Chí Minh,,7810201,Quản trị khách sạn,7810201,du_lich,Du lịch - Khách sạn - Logistics - Hàng không - Dịch vụ,standard,D01;D14;D15;D09;D10;X26;A00;A01;D03,D01,observed,,,,,,4,15.0,single_source,https://diemthi.vnexpress.net/tra-cuu-dai-hoc/loadbenchmark/id/265/year/2026/sortby/1/block_name/-1,True
DVL:7810202,DVL,Trường Đại học Văn Lang,TP. Hồ Chí Minh,,7810202,Quản trị nhà hàng và dịch vụ ăn uống,7810202,du_lich,Du lịch - Khách sạn - Logistics - Hàng không - Dịch vụ,standard,D01;D14;D15;D09;D10;X26;A00;A01;D03,D01,observed,,,,,,4,15.0,single_source,https://diemthi.vnexpress.net/tra-cuu-dai-hoc/loadbenchmark/id/265/year/2026/sortby/1/block_name/-1,True
DVL:7850101,DVL,Trường Đại học Văn Lang,TP. Hồ Chí Minh,,7850101,Quản lý tài nguyên và môi trường,7850101,nong_lam_mt,Nông - Lâm - Thủy sản - Môi trường - Tài nguyên,standard,A00;A01;B00;D07,A00,observed,,,,,,1,15.0,single_source,https://diemthi.vnexpress.net/tra-cuu-dai-hoc/loadbenchmark/id/265/year/2026/sortby/1/block_name/-1,True
GHA:GHA01,GHA,Trường Đại học Giao thông Vận tải,Hà Nội,,GHA01,Ngôn ngữ Anh,,ngon_ngu,Ngôn ngữ - Văn hóa - Quốc tế học,standard,D01;D09;D10,D01,observed,60.0,24000000.0,25600000.0,per_year,,1,22.7,confirmed_2_sources,https://diemthi.vnexpress.net/tra-cuu-dai-hoc/loadbenchmark/id/378/year/2026/sortby/1/block_name/-1,False
GHA:GHA02,GHA,Trường Đại học Giao thông Vận tải,Hà Nội,,GHA02,Toán ứng dụng (Chuyên ngành Toán tin ứng dụng),,khoa_hoc_tn,Khoa học tự nhiên - Toán - Vật lý - Thống kê,standard,A00;A01;D01;C01;X06,A00,observed,60.0,24000000.0,25600000.0,per_year,,1,24.17,confirmed_2_sources,https://diemthi.vnexpress.net/tra-cuu-dai-hoc/loadbenchmark/id/378/year/2026/sortby/1/block_name/-1,False
GHA:GHA03,GHA,Trường Đại học Giao thông Vận tải,Hà Nội,,GHA03,"Kinh tế (Chuyên ngành: Kinh tế và quản lý đầu tư, Kinh tế bưu chính viễn thông)",,tai_chinh,Tài chính - Ngân hàng - Kế toán - Kiểm toán - Bảo hiểm,standard,A00;A01;D01;C01,A00,observed,75.0,24000000.0,25600000.0,per_year,,1,24.09,confirmed_2_sources,https://diemthi.vnexpress.net/tra-cuu-dai-hoc/loadbenchmark/id/378/year/2026/sortby/1/block_name/-1,False
GHA:GHA04,GHA,Trường Đại học Giao thông Vận tải,Hà Nội,,GHA04,Quản trị kinh doanh,,kinh_te,Kinh tế - Kinh doanh - Quản trị - Marketing - Thương mại,standard,A00;A01;D01;C01,A00,observed,70.0,24000000.0,25600000.0,per_year,,1,24.01,confirmed_2_sources,https://diemthi.vnexpress.net/tra-cuu-dai-hoc/loadbenchmark/id/378/year/2026/sortby/1/block_name/-1,False
GHA:GHA04QT,GHA,Trường Đại học Giao thông Vận tải,Hà Nội,,GHA04QT,Quản trị kinh doanh (Chương trình CLC Quản trị kinh doanh Việt - Anh),,kinh_te,Kinh tế - Kinh doanh - Quản trị - Marketing - Thương mại,high_quality,A00;A01;D01;C01,A00,observed,90.0,24000000.0,24000000.0,,,1,20.85,confirmed_2_sources,https://diemthi.vnexpress.net/tra-cuu-dai-hoc/loadbenchmark/id/378/year/2026/sortby/1/block_name/-1,True
GHA:GHA05,GHA,Trường Đại học Giao thông Vận tải,Hà Nội,,GHA05,Tài chính - Ngân hàng,,tai_chinh,Tài chính - Ngân hàng - Kế toán - Kiểm toán - Bảo hiểm,standard,A00;A01;D01;C01,A00,observed,65.0,24000000.0,25600000.0,per_year,,1,24.34,confirmed_2_sources,https://diemthi.vnexpress.net/tra-cuu-dai-hoc/loadbenchmark/id/378/year/2026/sortby/1/block_name/-1,False
GHA:GHA06,GHA,Trường Đại học Giao thông Vận tải,Hà Nội,,GHA06,Kế toán (Chuyên ngành Kế toán tổng hợp),,tai_chinh,Tài chính - Ngân hàng - Kế toán - Kiểm toán - Bảo hiểm,standard,A00;A01;D01;C01,A00,observed,70.0,24000000.0,25600000.0,per_year,,1,24.65,confirmed_2_sources,https://diemthi.vnexpress.net/tra-cuu-dai-hoc/loadbenchmark/id/378/year/2026/sortby/1/block_name/-1,False
GHA:GHA06QT,GHA,Trường Đại học Giao thông Vận tải,Hà Nội,,GHA06QT,Kế toán (Chương trình CLC Kế toán tổng hợp Việt - Anh),,tai_chinh,Tài chính - Ngân hàng - Kế toán - Kiểm toán - Bảo hiểm,high_quality,A00;A01;D01;C01,A00,observed,90.0,24000000.0,24000000.0,,,1,21.5,confirmed_2_sources,https://diemthi.vnexpress.net/tra-cuu-dai-hoc/loadbenchmark/id/378/year/2026/sortby/1/block_name/-1,True
GHA:GHA07,GHA,Trường Đại học Giao thông Vận tải,Hà Nội,,GHA07,Quản trị dịch vụ du lịch và lữ hành,,du_lich,Du lịch - Khách sạn - Logistics - Hàng không - Dịch vụ,standard,A00;A01;D01;C01,A00,observed,70.0,24000000.0,25600000.0,per_year,,1,22.84,confirmed_2_sources,https://diemthi.vnexpress.net/tra-cuu-dai-hoc/loadbenchmark/id/378/year/2026/sortby/1/block_name/-1,False
GHA:GHA08,GHA,Trường Đại học Giao thông Vận tải,Hà Nội,,GHA08,"Khai thác vận tải (Chuyên ngành: Vận tải - Thương mại quốc tế, Quy hoạch và quản lý GTVT đô thị, Vận tải - Kinh tế đường bộ và thành phố, Vận tải đường sắt)",,du_lich,Du lịch - Khách sạn - Logistics - Hàng không - Dịch vụ,international,A00;A01;D01;C01,A00,observed,120.0,24000000.0,25600000.0,per_year,"Học bằng tiếng Anh (thường cần trình độ tiếng Anh tốt, có thể yêu cầu IELTS/chứng chỉ khi nhập học) | Chương trình liên kết/quốc tế: học phí cao hơn chương trình chuẩn",1,24.83,confirmed_2_sources,https://diemthi.vnexpress.net/tra-cuu-dai-hoc/loadbenchmark/id/378/year/2026/sortby/1/block_name/-1,False
GHA:GHA08DS,GHA,Trường Đại học Giao thông Vận tải,Hà Nội,,GHA08DS,"Khai thác vận tải (Chuyên ngành: Khai thác và quản lý đường sắt tốc độ cao, Khai thác và quản lý đường sắt đô thị)",,du_lich,Du lịch - Khách sạn - Logistics - Hàng không - Dịch vụ,standard,A00;A01;D01;C01,A00,observed,60.0,24000000.0,25600000.0,per_year,,1,23.7,confirmed_2_sources,https://diemthi.vnexpress.net/tra-cuu-dai-hoc/loadbenchmark/id/378/year/2026/sortby/1/block_name/-1,False
GHA:GHA09,GHA,Trường Đại học Giao thông Vận tải,Hà Nội,,GHA09,"Kinh tế vận tải (Chuyên ngành: Kinh tế vận tải ô tô, Kinh tế vận tải hàng không, Kinh tế vận tải đường sắt, Kinh tế vận tải thuỷ bộ)",,du_lich,Du lịch - Khách sạn - Logistics - Hàng không - Dịch vụ,standard,A00;A01;D01;C01,A00,observed,140.0,24000000.0,25600000.0,per_year,,1,24.74,confirmed_2_sources,https://diemthi.vnexpress.net/tra-cuu-dai-hoc/loadbenchmark/id/378/year/2026/sortby/1/block_name/-1,False
GHA:GHA10,GHA,Trường Đại học Giao thông Vận tải,Hà Nội,,GHA10,Logistics và quản lý chuỗi cung ứng,,du_lich,Du lịch - Khách sạn - Logistics - Hàng không - Dịch vụ,standard,A00;A01;D01;C01,A00,observed,65.0,24000000.0,25600000.0,per_year,,1,26.44,confirmed_2_sources,https://diemthi.vnexpress.net/tra-cuu-dai-hoc/loadbenchmark/id/378/year/2026/sortby/1/block_name/-1,False
GHA:GHA10QT,GHA,Trường Đại học Giao thông Vận tải,Hà Nội,,GHA10QT,Logistics và quản lý chuỗi cung ứng (Chương trình CLC Logistics và quản lý chuỗi cung ứng Việt - Anh),,du_lich,Du lịch - Khách sạn - Logistics - Hàng không - Dịch vụ,high_quality,A00;A01;D01;C01,A00,observed,45.0,24000000.0,24000000.0,,,1,25.62,confirmed_2_sources,https://diemthi.vnexpress.net/tra-cuu-dai-hoc/loadbenchmark/id/378/year/2026/sortby/1/block_name/-1,True
GHA:GHA11,GHA,Trường Đại học Giao thông Vận tải,Hà Nội,hạ tầng,GHA11,"Kinh tế xây dựng (Chuyên ngành: Kinh tế và quản lý cơ sở hạ tầng, Kinh tế và quản lý đầu tư xây dựng)",,tai_chinh,Tài chính - Ngân hàng - Kế toán - Kiểm toán - Bảo hiểm,standard,A00;A01;D01;C01;X06,A00,observed,120.0,24000000.0,25600000.0,per_year,Học tại hạ tầng,1,24.2,confirmed_2_sources,https://diemthi.vnexpress.net/tra-cuu-dai-hoc/loadbenchmark/id/378/year/2026/sortby/1/block_name/-1,False
GHA:GHA11QT,GHA,Trường Đại học Giao thông Vận tải,Hà Nội,,GHA11QT,Kinh tế xây dựng (Chương trình CLC Kinh tế xây dựng công trình giao thông Việt - Anh),,xay_dung,Kiến trúc - Xây dựng - Giao thông - Quy hoạch,high_quality,A00;A01;D01;C01;X06,A00,observed,50.0,24000000.0,24000000.0,,,1,21.98,confirmed_2_sources,https://diemthi.vnexpress.net/tra-cuu-dai-hoc/loadbenchmark/id/378/year/2026/sortby/1/block_name/-1,True
GHA:GHA12,GHA,Trường Đại học Giao thông Vận tải,Hà Nội,,GHA12,Quản lý xây dựng (Chuyên ngành Quản lý dự án),,xay_dung,Kiến trúc - Xây dựng - Giao thông - Quy hoạch,standard,A00;A01;D01;C01;X06,A00,observed,60.0,24000000.0,25600000.0,per_year,,1,23.66,confirmed_2_sources,https://diemthi.vnexpress.net/tra-cuu-dai-hoc/loadbenchmark/id/378/year/2026/sortby/1/block_name/-1,False
GHA:GHA12QT,GHA,Trường Đại học Giao thông Vận tải,Hà Nội,,GHA12QT,Quản lý xây dựng (Chương trình CLC Quản lý xây dựng Việt - Anh),,xay_dung,Kiến trúc - Xây dựng - Giao thông - Quy hoạch,high_quality,A00;A01;D01;C01;X06,A00,observed,50.0,24000000.0,24000000.0,,,1,20.43,confirmed_2_sources,https://diemthi.vnexpress.net/tra-cuu-dai-hoc/loadbenchmark/id/378/year/2026/sortby/1/block_name/-1,True
GHA:GHA13,GHA,Trường Đại học Giao thông Vận tải,Hà Nội,,GHA13,Khoa học máy tính,,cntt,Công nghệ thông tin - Máy tính - Dữ liệu - AI,standard,A00;A01;C01;X06,A00,observed,60.0,24000000.0,25600000.0,per_year,,1,24.93,confirmed_2_sources,https://diemthi.vnexpress.net/tra-cuu-dai-hoc/loadbenchmark/id/378/year/2026/sortby/1/block_name/-1,False
GHA:GHA14,GHA,Trường Đại học Giao thông Vận tải,Hà Nội,,GHA14,Công nghệ thông tin,,cntt,Công nghệ thông tin - Máy tính - Dữ liệu - AI,standard,A00;A01;C01;X06,A00,observed,180.0,24000000.0,25600000.0,per_year,,1,24.2,confirmed_2_sources,https://diemthi.vnexpress.net/tra-cuu-dai-hoc/loadbenchmark/id/378/year/2026/sortby/1/block_name/-1,False
GHA:GHA14QT,GHA,Trường Đại học Giao thông Vận tải,Hà Nội,,GHA14QT,Công nghệ thông tin (Chương trình CLC Công nghệ thông tin Việt - Anh),,cntt,Công nghệ thông tin - Máy tính - Dữ liệu - AI,high_quality,A00;A01;C01;X06,A00,observed,90.0,24000000.0,24000000.0,,,1,22.44,confirmed_2_sources,https://diemthi.vnexpress.net/tra-cuu-dai-hoc/loadbenchmark/id/378/year/2026/sortby/1/block_name/-1,True
GHA:GHA15,GHA,Trường Đại học Giao thông Vận tải,Hà Nội,,GHA15,Trí tuệ nhân tạo,,cntt,Công nghệ thông tin - Máy tính - Dữ liệu - AI,standard,A00;A01;C01;X06,A00,observed,40.0,24000000.0,25600000.0,per_year,,1,24.41,confirmed_2_sources,https://diemthi.vnexpress.net/tra-cuu-dai-hoc/loadbenchmark/id/378/year/2026/sortby/1/block_name/-1,False
GHA:GHA16,GHA,Trường Đại học Giao thông Vận tải,Hà Nội,,GHA16,"Kỹ thuật cơ khí (Chuyên ngành: Công nghệ chế tạo cơ khí, Tự động hoá thiết kế cơ khí)",,thiet_ke,Thiết kế - Nghệ thuật - Sáng tạo số,standard,A00;A01;D07;C01;X06,A00,observed,75.0,24000000.0,25600000.0,per_year,,1,26.01,confirmed_2_sources,https://diemthi.vnexpress.net/tra-cuu-dai-hoc/loadbenchmark/id/378/year/2026/sortby/1/block_name/-1,False
GHA:GHA16QT,GHA,Trường Đại học Giao thông Vận tải,Hà Nội,,GHA16QT,Kỹ thuật cơ khí (Chương trình CLC Tự động hóa thiết kế cơ khí),,thiet_ke,Thiết kế - Nghệ thuật - Sáng tạo số,high_quality,A00;A01;C01;D07;X06,A00,observed,50.0,24000000.0,24000000.0,,,1,24.38,confirmed_2_sources,https://diemthi.vnexpress.net/tra-cuu-dai-hoc/loadbenchmark/id/378/year/2026/sortby/1/block_name/-1,True
GHA:GHA17,GHA,Trường Đại học Giao thông Vận tải,Hà Nội,,GHA17,Kỹ thuật cơ điện tử,,ky_thuat,"Kỹ thuật - Công nghệ (cơ khí, điện, điện tử, ô tô, tự động hóa, vật liệu)",standard,A00;A01;D07;C01;X06,A00,observed,60.0,24000000.0,25600000.0,per_year,,1,26.23,confirmed_2_sources,https://diemthi.vnexpress.net/tra-cuu-dai-hoc/loadbenchmark/id/378/year/2026/sortby/1/block_name/-1,False
GHA:GHA18,GHA,Trường Đại học Giao thông Vận tải,Hà Nội,,GHA18,Kỹ thuật nhiệt (Chuyên ngành Kỹ thuật nhiệt lạnh và điều hoà không khí),,ky_thuat,"Kỹ thuật - Công nghệ (cơ khí, điện, điện tử, ô tô, tự động hóa, vật liệu)",standard,A00;A01;D07;C01;X06,A00,observed,70.0,24000000.0,25600000.0,per_year,,1,25.45,confirmed_2_sources,https://diemthi.vnexpress.net/tra-cuu-dai-hoc/loadbenchmark/id/378/year/2026/sortby/1/block_name/-1,False
GHA:GHA19,GHA,Trường Đại học Giao thông Vận tải,Hà Nội,,GHA19,"Kỹ thuật cơ khí động lực (Chuyên ngành: Kỹ thuật phương tiện đường sắt, Máy xây dựng, Kỹ thuật máy động lực)",,xay_dung,Kiến trúc - Xây dựng - Giao thông - Quy hoạch,standard,A00;A01;D07;C01;X06,A00,observed,150.0,24000000.0,25600000.0,per_year,,1,24.56,confirmed_2_sources,https://diemthi.vnexpress.net/tra-cuu-dai-hoc/loadbenchmark/id/378/year/2026/sortby/1/block_name/-1,False
GHA:GHA19DS,GHA,Trường Đại học Giao thông Vận tải,Hà Nội,,GHA19DS,Kỹ thuật cơ khí động lực (Chuyên ngành Kỹ thuật phương tiện đường sắt tốc độ cao),,xay_dung,Kiến trúc - Xây dựng - Giao thông - Quy hoạch,standard,A00;A01;D01;C01;X06,A00,observed,75.0,24000000.0,25600000.0,per_year,,1,24.23,confirmed_2_sources,https://diemthi.vnexpress.net/tra-cuu-dai-hoc/loadbenchmark/id/378/year/2026/sortby/1/block_name/-1,False
GHA:GHA20,GHA,Trường Đại học Giao thông Vận tải,Hà Nội,,GHA20,Kỹ thuật ô tô,,ky_thuat,"Kỹ thuật - Công nghệ (cơ khí, điện, điện tử, ô tô, tự động hóa, vật liệu)",standard,A00;A01;D07;C01;X06,A00,observed,180.0,24000000.0,25600000.0,per_year,,1,24.76,confirmed_2_sources,https://diemthi.vnexpress.net/tra-cuu-dai-hoc/loadbenchmark/id/378/year/2026/sortby/1/block_name/-1,False
GHA:GHA20QT,GHA,Trường Đại học Giao thông Vận tải,Hà Nội,,GHA20QT,Kỹ thuật ô tô (Chương trình CLC Kỹ thuật ô tô),,ky_thuat,"Kỹ thuật - Công nghệ (cơ khí, điện, điện tử, ô tô, tự động hóa, vật liệu)",high_quality,A00;A01;C01;D07;X06,A00,observed,90.0,24000000.0,24000000.0,,,1,22.79,confirmed_2_sources,https://diemthi.vnexpress.net/tra-cuu-dai-hoc/loadbenchmark/id/378/year/2026/sortby/1/block_name/-1,True
GHA:GHA21,GHA,Trường Đại học Giao thông Vận tải,Hà Nội,,GHA21,"Kỹ thuật điện (Chuyên ngành: Trang bị điện trong công nghiệp và GTVT, Hệ thống điện trong giao thông và công nghiệp)",,y_duoc,Y - Dược - Điều dưỡng - Sức khỏe,standard,A00;A01;C01;X06,A00,observed,70.0,24000000.0,25600000.0,per_year,Khối sức khỏe: có ngưỡng điểm sàn của Bộ,1,25.63,confirmed_2_sources,https://diemthi.vnexpress.net/tra-cuu-dai-hoc/loadbenchmark/id/378/year/2026/sortby/1/block_name/-1,False
GHA:GHA21DS,GHA,Trường Đại học Giao thông Vận tải,Hà Nội,,GHA21DS,"Kỹ thuật điện (Chuyên ngành Hệ thống điện đường sắt tốc độ cao, đường sắt đô thị)",,xay_dung,Kiến trúc - Xây dựng - Giao thông - Quy hoạch,standard,A00;A01;C01;X06,A00,observed,65.0,24000000.0,25600000.0,per_year,,1,24.9,confirmed_2_sources,https://diemthi.vnexpress.net/tra-cuu-dai-hoc/loadbenchmark/id/378/year/2026/sortby/1/block_name/-1,False
GHA:GHA22,GHA,Trường Đại học Giao thông Vận tải,Hà Nội,,GHA22,"Kỹ thuật điện tử - viễn thông (Chuyên ngành: Kỹ thuật viễn thông, Kỹ thuật thông tin và truyền thông)",,bao_chi,Báo chí - Truyền thông - Quan hệ công chúng,standard,A00;A01;C01;X06,A00,observed,140.0,24000000.0,25600000.0,per_year,,1,24.87,confirmed_2_sources,https://diemthi.vnexpress.net/tra-cuu-dai-hoc/loadbenchmark/id/378/year/2026/sortby/1/block_name/-1,False
GHA:GHA22BD,GHA,Trường Đại học Giao thông Vận tải,Hà Nội,,GHA22BD,Kỹ thuật điện tử - viễn thông (Chuyên ngành Kỹ thuật điện tử và tin học công nghiệp),,ky_thuat,"Kỹ thuật - Công nghệ (cơ khí, điện, điện tử, ô tô, tự động hóa, vật liệu)",standard,A00;A01;C01;X06,A00,observed,50.0,24000000.0,25600000.0,per_year,,1,25.0,confirmed_2_sources,https://diemthi.vnexpress.net/tra-cuu-dai-hoc/loadbenchmark/id/378/year/2026/sortby/1/block_name/-1,False
GHA:GHA22QT,GHA,Trường Đại học Giao thông Vận tải,Hà Nội,,GHA22QT,Kỹ thuật điện tử - viễn thông (Chương trình CLC Kỹ thuật viễn thông),,ky_thuat,"Kỹ thuật - Công nghệ (cơ khí, điện, điện tử, ô tô, tự động hóa, vật liệu)",high_quality,A00;A01;C01;X06,A00,observed,50.0,24000000.0,24000000.0,,,1,23.26,confirmed_2_sources,https://diemthi.vnexpress.net/tra-cuu-dai-hoc/loadbenchmark/id/378/year/2026/sortby/1/block_name/-1,True
GHA:GHA23,GHA,Trường Đại học Giao thông Vận tải,Hà Nội,,GHA23,"Kỹ thuật điều khiển và tự động hoá (Chuyên ngành: Tự động hoá, Kỹ thuật điều khiển và tự động hoá giao thông)",,xay_dung,Kiến trúc - Xây dựng - Giao thông - Quy hoạch,standard,A00;A01;C01;X06,A00,observed,130.0,24000000.0,25600000.0,per_year,,1,26.5,confirmed_2_sources,https://diemthi.vnexpress.net/tra-cuu-dai-hoc/loadbenchmark/id/378/year/2026/sortby/1/block_name/-1,False
GHA:GHA23DS,GHA,Trường Đại học Giao thông Vận tải,Hà Nội,,GHA23DS,Kỹ thuật điều khiển và tự động hoá (Chuyên ngành Điều khiển và thông tin tín hiệu đường sắt hiện đại),,xay_dung,Kiến trúc - Xây dựng - Giao thông - Quy hoạch,standard,A00;A01;C01;X06,A00,observed,60.0,24000000.0,25600000.0,per_year,,1,25.52,confirmed_2_sources,https://diemthi.vnexpress.net/tra-cuu-dai-hoc/loadbenchmark/id/378/year/2026/sortby/1/block_name/-1,False
GHA:GHA23TM,GHA,Trường Đại học Giao thông Vận tải,Hà Nội,,GHA23TM,Kỹ thuật điều khiển và tự động hoá (Chuyên ngành Hệ thống giao thông thông minh),,xay_dung,Kiến trúc - Xây dựng - Giao thông - Quy hoạch,standard,A00;A01;C01;X06,A00,observed,60.0,24000000.0,25600000.0,per_year,,1,25.78,confirmed_2_sources,https://diemthi.vnexpress.net/tra-cuu-dai-hoc/loadbenchmark/id/378/year/2026/sortby/1/block_name/-1,False
GHA:GHA24,GHA,Trường Đại học Giao thông Vận tải,Hà Nội,,GHA24,Kỹ thuật robot (Chuyên ngành Kỹ thuật robot và trí tuệ nhân tạo),,cntt,Công nghệ thông tin - Máy tính - Dữ liệu - AI,standard,A00;A01;C01;X06,A00,observed,65.0,24000000.0,25600000.0,per_year,,1,25.18,confirmed_2_sources,https://diemthi.vnexpress.net/tra-cuu-dai-hoc/loadbenchmark/id/378/year/2026/sortby/1/block_name/-1,False
GHA:GHA25,GHA,Trường Đại học Giao thông Vận tải,Hà Nội,,GHA25,Kỹ thuật môi trường,,nong_lam_mt,Nông - Lâm - Thủy sản - Môi trường - Tài nguyên,standard,A00;B00;D01;C01;X06,A00,observed,55.0,24000000.0,25600000.0,per_year,,1,22.21,confirmed_2_sources,https://diemthi.vnexpress.net/tra-cuu-dai-hoc/loadbenchmark/id/378/year/2026/sortby/1/block_name/-1,False
GHA:GHA26,GHA,Trường Đại học Giao thông Vận tải,Hà Nội,,GHA26,Kỹ thuật an toàn giao thông,,xay_dung,Kiến trúc - Xây dựng - Giao thông - Quy hoạch,standard,A00;A01;D01;C01;X06,A00,observed,60.0,24000000.0,25600000.0,per_year,,1,21.5,confirmed_2_sources,https://diemthi.vnexpress.net/tra-cuu-dai-hoc/loadbenchmark/id/378/year/2026/sortby/1/block_name/-1,False
GHA:GHA27,GHA,Trường Đại học Giao thông Vận tải,Hà Nội,,GHA27,Kiến trúc,,xay_dung,Kiến trúc - Xây dựng - Giao thông - Quy hoạch,standard,A00;A01,A00,observed,50.0,24000000.0,25600000.0,per_year,,1,22.23,confirmed_2_sources,https://diemthi.vnexpress.net/tra-cuu-dai-hoc/loadbenchmark/id/378/year/2026/sortby/1/block_name/-1,False
GHA:GHA28,GHA,Trường Đại học Giao thông Vận tải,Hà Nội,,GHA28,"Kỹ thuật xây dựng (Chuyên ngành: Xây dựng dân dụng và công nghiệp, Kết cấu xây dựng, Vật liệu và công nghệ xây dựng)",,xay_dung,Kiến trúc - Xây dựng - Giao thông - Quy hoạch,standard,A00;A01;D01;C01;D07,A00,observed,170.0,24000000.0,25600000.0,per_year,,1,23.53,confirmed_2_sources,https://diemthi.vnexpress.net/tra-cuu-dai-hoc/loadbenchmark/id/378/year/2026/sortby/1/block_name/-1,False
GHA:GHA28QT1,GHA,Trường Đại học Giao thông Vận tải,Hà Nội,,GHA28QT1,Kỹ thuật xây dựng (Chương trình tiên tiến Kỹ thuật xây dựng công trình giao thông),,xay_dung,Kiến trúc - Xây dựng - Giao thông - Quy hoạch,advanced,A00;A01;D01;C01;D07,A00,observed,60.0,24000000.0,24000000.0,,"Học bằng tiếng Anh (thường cần trình độ tiếng Anh tốt, có thể yêu cầu IELTS/chứng chỉ khi nhập học)",1,21.56,confirmed_2_sources,https://diemthi.vnexpress.net/tra-cuu-dai-hoc/loadbenchmark/id/378/year/2026/sortby/1/block_name/-1,True
GHA:GHA28QT2,GHA,Trường Đại học Giao thông Vận tải,Hà Nội,,GHA28QT2,Kỹ thuật xây dựng (Chương trình CLC Xây dựng dân dụng và công nghiệp),,xay_dung,Kiến trúc - Xây dựng - Giao thông - Quy hoạch,high_quality,A00;A01;D01;C01;D07,A00,observed,50.0,24000000.0,24000000.0,,,1,20.26,confirmed_2_sources,https://diemthi.vnexpress.net/tra-cuu-dai-hoc/loadbenchmark/id/378/year/2026/sortby/1/block_name/-1,True
GHA:GHA29,GHA,Trường Đại học Giao thông Vận tải,Hà Nội,hạ tầng,GHA29,Kỹ thuật cơ sở hạ tầng (Chuyên ngành Cơ sở hạ tầng kỹ thuật đô thị),,xay_dung,Kiến trúc - Xây dựng - Giao thông - Quy hoạch,standard,A00;A01;D01;C01;D07,A00,observed,60.0,24000000.0,25600000.0,per_year,Học tại hạ tầng,1,22.82,confirmed_2_sources,https://diemthi.vnexpress.net/tra-cuu-dai-hoc/loadbenchmark/id/378/year/2026/sortby/1/block_name/-1,False
GHA:GHA30,GHA,Trường Đại học Giao thông Vận tải,Hà Nội,,GHA30,Quản lý đô thị và công trình,,xay_dung,Kiến trúc - Xây dựng - Giao thông - Quy hoạch,standard,A00;A01;D01;C01;X06,A00,observed,55.0,24000000.0,25600000.0,per_year,,1,22.76,confirmed_2_sources,https://diemthi.vnexpress.net/tra-cuu-dai-hoc/loadbenchmark/id/378/year/2026/sortby/1/block_name/-1,False
GHA:GHA31,GHA,Trường Đại học Giao thông Vận tải,Hà Nội,,GHA31,Kỹ thuật xây dựng công trình thủy,,xay_dung,Kiến trúc - Xây dựng - Giao thông - Quy hoạch,standard,A00;A01;D01;C01;X06,A00,observed,50.0,24000000.0,25600000.0,per_year,,1,21.88,confirmed_2_sources,https://diemthi.vnexpress.net/tra-cuu-dai-hoc/loadbenchmark/id/378/year/2026/sortby/1/block_name/-1,False
GHA:GHA32,GHA,Trường Đại học Giao thông Vận tải,Hà Nội,,GHA32,Kỹ thuật xây dựng công trình giao thông,,xay_dung,Kiến trúc - Xây dựng - Giao thông - Quy hoạch,standard,A00;A01;D01;C01;X06,A00,observed,550.0,24000000.0,24000000.0,,,1,20.0,disputed,https://vietnamnet.vn/newsapi-edu/UniversityDetail/GetDetail?pageId=49ff289efde0446f9ae2f5c385595744&componentId=COMPONENT002302&keyword=GHA&year=2026&pageSize=25&pageIndex=7&typeOfTraining=0&subjectGroup=,True
GHA:GHA32DS,GHA,Trường Đại học Giao thông Vận tải,Hà Nội,,GHA32DS,Kỹ thuật xây dựng công trình giao thông (Chuyên ngành Đường sắt tốc độ cao),,xay_dung,Kiến trúc - Xây dựng - Giao thông - Quy hoạch,standard,A00;A01;D01;C01;X06,A00,observed,60.0,24000000.0,24000000.0,,,1,23.96,confirmed_2_sources,https://vietnamnet.vn/newsapi-edu/UniversityDetail/GetDetail?pageId=49ff289efde0446f9ae2f5c385595744&componentId=COMPONENT002302&keyword=GHA&year=2026&pageSize=25&pageIndex=6&typeOfTraining=0&subjectGroup=,True
GHA:GHA32QT1,GHA,Trường Đại học Giao thông Vận tải,Hà Nội,,GHA32QT1,Kỹ thuật xây dựng công trình giao thông (Chương trình CLC Cầu - Đường bộ Việt - Pháp),,xay_dung,Kiến trúc - Xây dựng - Giao thông - Quy hoạch,high_quality,A00;A01;D03;C01;X06,A00,observed,50.0,24000000.0,24000000.0,,,1,20.16,confirmed_2_sources,https://vietnamnet.vn/newsapi-edu/UniversityDetail/GetDetail?pageId=49ff289efde0446f9ae2f5c385595744&componentId=COMPONENT002302&keyword=GHA&year=2026&pageSize=25&pageIndex=6&typeOfTraining=0&subjectGroup=,True
GHA:GHA32QT2,GHA,Trường Đại học Giao thông Vận tải,Hà Nội,,GHA32QT2,Kỹ thuật xây dựng công trình giao thông (Chương trình CLC Cầu- Đường bộ Việt - Anh),,xay_dung,Kiến trúc - Xây dựng - Giao thông - Quy hoạch,high_quality,A00;A01;D01;C01;X06,A00,observed,50.0,24000000.0,24000000.0,,,1,20.55,confirmed_2_sources,https://vietnamnet.vn/newsapi-edu/UniversityDetail/GetDetail?pageId=49ff289efde0446f9ae2f5c385595744&componentId=COMPONENT002302&keyword=GHA&year=2026&pageSize=25&pageIndex=6&typeOfTraining=0&subjectGroup=,True
GHA:GHA33,GHA,Trường Đại học Giao thông Vận tải,Hà Nội,,GHA33,"Kỹ thuật máy tính (theo hướng chuyên sâu vi mạch - bán dẫn, bao gồm lớp kỹ sư tài năng)",,cntt,Công nghệ thông tin - Máy tính - Dữ liệu - AI,standard,A00;A01;C01;X06,A00,observed,120.0,24000000.0,24000000.0,,,1,24.83,confirmed_2_sources,https://vietnamnet.vn/newsapi-edu/UniversityDetail/GetDetail?pageId=49ff289efde0446f9ae2f5c385595744&componentId=COMPONENT002302&keyword=GHA&year=2026&pageSize=25&pageIndex=5&typeOfTraining=0&subjectGroup=,True
HBT:527,HBT,Học viện Báo chí và Tuyên truyền,Hà Nội,,527,"Ngành Kinh tế, chương trình đào tạo Quản lý kinh tế",,kinh_te,Kinh tế - Kinh doanh - Quản trị - Marketing - Thương mại,standard,D01;X02,D01,observed,,,,,,3,24.15,single_source,https://vietnamnet.vn/newsapi-edu/UniversityDetail/GetDetail?pageId=49ff289efde0446f9ae2f5c385595744&componentId=COMPONENT002302&keyword=HBT&year=2026&pageSize=25&pageIndex=4&typeOfTraining=0&subjectGroup=,True
HBT:531,HBT,Học viện Báo chí và Tuyên truyền,Hà Nội,,531,"Ngành Chính trị học, chương trình đào tạo Chính trị phát triển",,xa_hoi,Khoa học xã hội - Tâm lý - Nhân văn - Chính trị - Hành chính,standard,D01;A01;X02,D01,observed,,,,,,3,23.2,single_source,https://vietnamnet.vn/newsapi-edu/UniversityDetail/GetDetail?pageId=49ff289efde0446f9ae2f5c385595744&componentId=COMPONENT002302&keyword=HBT&year=2026&pageSize=25&pageIndex=5&typeOfTraining=0&subjectGroup=,True
HBT:532,HBT,Học viện Báo chí và Tuyên truyền,Hà Nội,,532,Ngành Quản lý nhà nước,,xa_hoi,Khoa học xã hội - Tâm lý - Nhân văn - Chính trị - Hành chính,standard,D01;A01;X02,D01,observed,,,,,,3,22.98,single_source,https://vietnamnet.vn/newsapi-edu/UniversityDetail/GetDetail?pageId=49ff289efde0446f9ae2f5c385595744&componentId=COMPONENT002302&keyword=HBT&year=2026&pageSize=25&pageIndex=5&typeOfTraining=0&subjectGroup=,True
HBT:533,HBT,Học viện Báo chí và Tuyên truyền,Hà Nội,,533,"Ngành Chính trị học, chương trình đào tạo Tư tưởng Hồ Chí Minh",,xa_hoi,Khoa học xã hội - Tâm lý - Nhân văn - Chính trị - Hành chính,standard,D01;A01;X02,D01,observed,,,,,,3,23.21,single_source,https://vietnamnet.vn/newsapi-edu/UniversityDetail/GetDetail?pageId=49ff289efde0446f9ae2f5c385595744&componentId=COMPONENT002302&keyword=HBT&year=2026&pageSize=25&pageIndex=5&typeOfTraining=0&subjectGroup=,True
HBT:538,HBT,Học viện Báo chí và Tuyên truyền,Hà Nội,,538,"Ngành Chính trị học, chương trình đào tạo Truyền thông chính sách",,bao_chi,Báo chí - Truyền thông - Quan hệ công chúng,standard,A01;D01;X02,A01,observed,,,,,,3,24.2,single_source,https://vietnamnet.vn/newsapi-edu/UniversityDetail/GetDetail?pageId=49ff289efde0446f9ae2f5c385595744&componentId=COMPONENT002302&keyword=HBT&year=2026&pageSize=25&pageIndex=4&typeOfTraining=0&subjectGroup=,True
HBT:603,HBT,Học viện Báo chí và Tuyên truyền,Hà Nội,,603,"Ngành Báo chí, chương trình đào tạo Ảnh báo chí",,bao_chi,Báo chí - Truyền thông - Quan hệ công chúng,standard,D01,D01,observed,,,,,,1,28.1,single_source,https://vietnamnet.vn/newsapi-edu/UniversityDetail/GetDetail?pageId=49ff289efde0446f9ae2f5c385595744&componentId=COMPONENT002302&keyword=HBT&year=2026&pageSize=25&pageIndex=1&typeOfTraining=0&subjectGroup=,True
HBT:610,HBT,Học viện Báo chí và Tuyên truyền,Hà Nội,,610,"Ngành Quan hệ quốc tế, chương trình đào tạo Thông tin đối ngoại",,xa_hoi,Khoa học xã hội - Tâm lý - Nhân văn - Chính trị - Hành chính,international,D01,D01,observed,,,,,"Học bằng tiếng Anh (thường cần trình độ tiếng Anh tốt, có thể yêu cầu IELTS/chứng chỉ khi nhập học) | Chương trình liên kết/quốc tế: học phí cao hơn chương trình chuẩn",1,24.7,single_source,https://vietnamnet.vn/newsapi-edu/UniversityDetail/GetDetail?pageId=49ff289efde0446f9ae2f5c385595744&componentId=COMPONENT002302&keyword=HBT&year=2026&pageSize=25&pageIndex=4&typeOfTraining=0&subjectGroup=,True
HBT:611,HBT,Học viện Báo chí và Tuyên truyền,Hà Nội,,611,"Ngành Quan hệ quốc tế, chương trình đào tạo Quan hệ chính trị và Truyền thông quốc tế",,bao_chi,Báo chí - Truyền thông - Quan hệ công chúng,international,D01,D01,observed,,,,,"Học bằng tiếng Anh (thường cần trình độ tiếng Anh tốt, có thể yêu cầu IELTS/chứng chỉ khi nhập học) | Chương trình liên kết/quốc tế: học phí cao hơn chương trình chuẩn",1,25.0,single_source,https://vietnamnet.vn/newsapi-edu/UniversityDetail/GetDetail?pageId=49ff289efde0446f9ae2f5c385595744&componentId=COMPONENT002302&keyword=HBT&year=2026&pageSize=25&pageIndex=4&typeOfTraining=0&subjectGroup=,True
HBT:612,HBT,Học viện Báo chí và Tuyên truyền,Hà Nội,,612,"Ngành Quan hệ quốc tế, chương trình đào tạo Quan hệ quốc tế và Truyền thông toàn cầu",,bao_chi,Báo chí - Truyền thông - Quan hệ công chúng,international,D01,D01,observed,,,,,"Học bằng tiếng Anh (thường cần trình độ tiếng Anh tốt, có thể yêu cầu IELTS/chứng chỉ khi nhập học) | Chương trình liên kết/quốc tế: học phí cao hơn chương trình chuẩn",1,25.25,single_source,https://vietnamnet.vn/newsapi-edu/UniversityDetail/GetDetail?pageId=49ff289efde0446f9ae2f5c385595744&componentId=COMPONENT002302&keyword=HBT&year=2026&pageSize=25&pageIndex=3&typeOfTraining=0&subjectGroup=,True
HBT:613,HBT,Học viện Báo chí và Tuyên truyền,Hà Nội,,613,"Ngành Quan hệ công chúng, chương trình đào tạo Quan hệ công chúng chuyên nghiệp",,bao_chi,Báo chí - Truyền thông - Quan hệ công chúng,standard,X79;D01,D01,observed,,,,,,1,25.86,single_source,https://vietnamnet.vn/newsapi-edu/UniversityDetail/GetDetail?pageId=49ff289efde0446f9ae2f5c385595744&componentId=COMPONENT002302&keyword=HBT&year=2026&pageSize=25&pageIndex=3&typeOfTraining=0&subjectGroup=,True
HBT:614,HBT,Học viện Báo chí và Tuyên truyền,Hà Nội,,614,"Ngành Quan hệ công chúng, chương trình đào tạo Truyền thông marketing",,bao_chi,Báo chí - Truyền thông - Quan hệ công chúng,standard,D01,D01,observed,,,,,,1,26.23,single_source,https://vietnamnet.vn/newsapi-edu/UniversityDetail/GetDetail?pageId=49ff289efde0446f9ae2f5c385595744&componentId=COMPONENT002302&keyword=HBT&year=2026&pageSize=25&pageIndex=2&typeOfTraining=0&subjectGroup=,True
HBT:615,HBT,Học viện Báo chí và Tuyên truyền,Hà Nội,,615,"Ngành Ngôn ngữ Anh, chương trình đào tạo Biên dịch Ngôn ngữ Anh",,ngon_ngu,Ngôn ngữ - Văn hóa - Quốc tế học,standard,D01,D01,observed,,,,,,1,24.42,single_source,https://vietnamnet.vn/newsapi-edu/UniversityDetail/GetDetail?pageId=49ff289efde0446f9ae2f5c385595744&componentId=COMPONENT002302&keyword=HBT&year=2026&pageSize=25&pageIndex=4&typeOfTraining=0&subjectGroup=,True
HBT:616,HBT,Học viện Báo chí và Tuyên truyền,Hà Nội,,616,Ngành Triết học,,xa_hoi,Khoa học xã hội - Tâm lý - Nhân văn - Chính trị - Hành chính,standard,D01,D01,observed,,,,,,1,22.26,single_source,https://vietnamnet.vn/newsapi-edu/UniversityDetail/GetDetail?pageId=49ff289efde0446f9ae2f5c385595744&componentId=COMPONENT002302&keyword=HBT&year=2026&pageSize=25&pageIndex=6&typeOfTraining=0&subjectGroup=,True
HBT:617,HBT,Học viện Báo chí và Tuyên truyền,Hà Nội,,617,Ngành Chủ nghĩa xã hội khoa học,,sinh_hoa,Sinh học - Hóa học - Công nghệ sinh học - Thực phẩm,standard,X02;D01,D01,observed,,,,,,2,22.85,single_source,https://vietnamnet.vn/newsapi-edu/UniversityDetail/GetDetail?pageId=49ff289efde0446f9ae2f5c385595744&componentId=COMPONENT002302&keyword=HBT&year=2026&pageSize=25&pageIndex=6&typeOfTraining=0&subjectGroup=,True
HBT:618,HBT,Học viện Báo chí và Tuyên truyền,Hà Nội,,618,"Ngành Quan hệ công chúng, chương trình đào tạo Truyền thông sáng tạo và Quảng cáo",,bao_chi,Báo chí - Truyền thông - Quan hệ công chúng,standard,D01,D01,observed,,,,,,1,25.56,single_source,https://vietnamnet.vn/newsapi-edu/UniversityDetail/GetDetail?pageId=49ff289efde0446f9ae2f5c385595744&componentId=COMPONENT002302&keyword=HBT&year=2026&pageSize=25&pageIndex=3&typeOfTraining=0&subjectGroup=,True
HBT:7229010,HBT,Học viện Báo chí và Tuyên truyền,Hà Nội,,7229010,"Ngành Lịch sử, chương trình đào tạo Lịch sử Đảng Cộng sản Việt Nam",7229010,xa_hoi,Khoa học xã hội - Tâm lý - Nhân văn - Chính trị - Hành chính,standard,C03;D14,C03,observed,,,,,,1,24.6,single_source,https://vietnamnet.vn/newsapi-edu/UniversityDetail/GetDetail?pageId=49ff289efde0446f9ae2f5c385595744&componentId=COMPONENT002302&keyword=HBT&year=2026&pageSize=25&pageIndex=4&typeOfTraining=0&subjectGroup=,True
HBT:7310102,HBT,Học viện Báo chí và Tuyên truyền,Hà Nội,,7310102,Ngành Kinh tế chính trị,7310102,xa_hoi,Khoa học xã hội - Tâm lý - Nhân văn - Chính trị - Hành chính,standard,D01;X02,D01,observed,,,,,,3,23.8,single_source,https://vietnamnet.vn/newsapi-edu/UniversityDetail/GetDetail?pageId=49ff289efde0446f9ae2f5c385595744&componentId=COMPONENT002302&keyword=HBT&year=2026&pageSize=25&pageIndex=4&typeOfTraining=0&subjectGroup=,True
HBT:7310202,HBT,Học viện Báo chí và Tuyên truyền,Hà Nội,,7310202,Ngành Xây dựng Đảng và chính quyền nhà nước,7310202,xay_dung,Kiến trúc - Xây dựng - Giao thông - Quy hoạch,standard,D01;X02,D01,observed,,,,,,3,23.15,single_source,https://vietnamnet.vn/newsapi-edu/UniversityDetail/GetDetail?pageId=49ff289efde0446f9ae2f5c385595744&componentId=COMPONENT002302&keyword=HBT&year=2026&pageSize=25&pageIndex=5&typeOfTraining=0&subjectGroup=,True
HBT:7310301,HBT,Học viện Báo chí và Tuyên truyền,Hà Nội,,7310301,Ngành Xã hội học,7310301,xa_hoi,Khoa học xã hội - Tâm lý - Nhân văn - Chính trị - Hành chính,standard,D01;X02,D01,observed,,,,,,3,22.82,single_source,https://vietnamnet.vn/newsapi-edu/UniversityDetail/GetDetail?pageId=49ff289efde0446f9ae2f5c385595744&componentId=COMPONENT002302&keyword=HBT&year=2026&pageSize=25&pageIndex=6&typeOfTraining=0&subjectGroup=,True
HBT:7320104,HBT,Học viện Báo chí và Tuyên truyền,Hà Nội,,7320104,Ngành Truyền thông đa phương tiện,7320104,bao_chi,Báo chí - Truyền thông - Quan hệ công chúng,standard,D01,D01,observed,,,,,,2,26.23,single_source,https://vietnamnet.vn/newsapi-edu/UniversityDetail/GetDetail?pageId=49ff289efde0446f9ae2f5c385595744&componentId=COMPONENT002302&keyword=HBT&year=2026&pageSize=25&pageIndex=3&typeOfTraining=0&subjectGroup=,True
HBT:7320105,HBT,Học viện Báo chí và Tuyên truyền,Hà Nội,,7320105,Ngành Truyền thông đại chúng,7320105,bao_chi,Báo chí - Truyền thông - Quan hệ công chúng,standard,D01,D01,observed,,,,,,2,25.33,single_source,https://vietnamnet.vn/newsapi-edu/UniversityDetail/GetDetail?pageId=49ff289efde0446f9ae2f5c385595744&componentId=COMPONENT002302&keyword=HBT&year=2026&pageSize=25&pageIndex=3&typeOfTraining=0&subjectGroup=,True
HBT:7320107,HBT,Học viện Báo chí và Tuyên truyền,Hà Nội,,7320107,Ngành Truyền thông quốc tế,7320107,bao_chi,Báo chí - Truyền thông - Quan hệ công chúng,international,D01,D01,observed,,,,,"Học bằng tiếng Anh (thường cần trình độ tiếng Anh tốt, có thể yêu cầu IELTS/chứng chỉ khi nhập học) | Chương trình liên kết/quốc tế: học phí cao hơn chương trình chuẩn",1,25.65,single_source,https://vietnamnet.vn/newsapi-edu/UniversityDetail/GetDetail?pageId=49ff289efde0446f9ae2f5c385595744&componentId=COMPONENT002302&keyword=HBT&year=2026&pageSize=25&pageIndex=3&typeOfTraining=0&subjectGroup=,True
HBT:7340403,HBT,Học viện Báo chí và Tuyên truyền,Hà Nội,,7340403,Ngành Quản lý công,7340403,xa_hoi,Khoa học xã hội - Tâm lý - Nhân văn - Chính trị - Hành chính,standard,D01;A01;X02,D01,observed,,,,,,3,22.35,single_source,https://vietnamnet.vn/newsapi-edu/UniversityDetail/GetDetail?pageId=49ff289efde0446f9ae2f5c385595744&componentId=COMPONENT002302&keyword=HBT&year=2026&pageSize=25&pageIndex=6&typeOfTraining=0&subjectGroup=,True
HBT:7760101,HBT,Học viện Báo chí và Tuyên truyền,Hà Nội,,7760101,Ngành Công tác xã hội,7760101,xa_hoi,Khoa học xã hội - Tâm lý - Nhân văn - Chính trị - Hành chính,standard,D01;X02,D01,observed,,,,,,3,23.24,single_source,https://vietnamnet.vn/newsapi-edu/UniversityDetail/GetDetail?pageId=49ff289efde0446f9ae2f5c385595744&componentId=COMPONENT002302&keyword=HBT&year=2026&pageSize=25&pageIndex=5&typeOfTraining=0&subjectGroup=,True
HBT:801,HBT,Học viện Báo chí và Tuyên truyền,Hà Nội,,801,"Ngành Xuất bản, chương trình đào tạo Biên tập xuất bản",,bao_chi,Báo chí - Truyền thông - Quan hệ công chúng,standard,D01,D01,observed,,,,,,2,28.5,single_source,https://vietnamnet.vn/newsapi-edu/UniversityDetail/GetDetail?pageId=49ff289efde0446f9ae2f5c385595744&componentId=COMPONENT002302&keyword=HBT&year=2026&pageSize=25&pageIndex=1&typeOfTraining=0&subjectGroup=,True
HBT:802,HBT,Học viện Báo chí và Tuyên truyền,Hà Nội,,802,"Ngành Xuất bản, chương trình đào tạo Xuất bản điện tử",,bao_chi,Báo chí - Truyền thông - Quan hệ công chúng,standard,D01,D01,observed,,,,,,2,28.6,single_source,https://vietnamnet.vn/newsapi-edu/UniversityDetail/GetDetail?pageId=49ff289efde0446f9ae2f5c385595744&componentId=COMPONENT002302&keyword=HBT&year=2026&pageSize=25&pageIndex=1&typeOfTraining=0&subjectGroup=,True
HBT:BC603,HBT,Học viện Báo chí và Tuyên truyền,Hà Nội,,BC603,"Báo chí, chuyên ngành Ảnh báo chí",,bao_chi,Báo chí - Truyền thông - Quan hệ công chúng,standard,D01;X78;D15;D14,D01,observed,50.0,,,,,1,28.1,confirmed_2_sources,https://diemthi.vnexpress.net/tra-cuu-dai-hoc/loadbenchmark/id/381/year/2026/sortby/1/block_name/-1,True
HBT:BC7320104,HBT,Học viện Báo chí và Tuyên truyền,Hà Nội,,BC7320104,Truyền thông đa phương tiện,,bao_chi,Báo chí - Truyền thông - Quan hệ công chúng,standard,D01;X78;D15;D14,D01,observed,150.0,,,,,1,26.23,confirmed_2_sources,https://diemthi.vnexpress.net/tra-cuu-dai-hoc/loadbenchmark/id/381/year/2026/sortby/1/block_name/-1,True
HBT:BC7320105,HBT,Học viện Báo chí và Tuyên truyền,Hà Nội,,BC7320105,Truyền thông đại chúng,,bao_chi,Báo chí - Truyền thông - Quan hệ công chúng,standard,D01;X78;D15;D14,D01,observed,100.0,,,,,1,25.33,confirmed_2_sources,https://diemthi.vnexpress.net/tra-cuu-dai-hoc/loadbenchmark/id/381/year/2026/sortby/1/block_name/-1,True
HBT:CN7229008,HBT,Học viện Báo chí và Tuyên truyền,Hà Nội,,CN7229008,Chủ nghĩa xã hội khoa học,,sinh_hoa,Sinh học - Hóa học - Công nghệ sinh học - Thực phẩm,standard,D01;C04;C03;X01,D01,observed,40.0,,,,,1,22.85,confirmed_2_sources,https://diemthi.vnexpress.net/tra-cuu-dai-hoc/loadbenchmark/id/381/year/2026/sortby/1/block_name/-1,True
HBT:CT531,HBT,Học viện Báo chí và Tuyên truyền,Hà Nội,,CT531,"Chính trị học, chuyên ngành Chính trị phát triển",,xa_hoi,Khoa học xã hội - Tâm lý - Nhân văn - Chính trị - Hành chính,standard,D01;C04;C03;X01,D01,observed,50.0,,,,,1,23.2,confirmed_2_sources,https://diemthi.vnexpress.net/tra-cuu-dai-hoc/loadbenchmark/id/381/year/2026/sortby/1/block_name/-1,True
HBT:CT7340403,HBT,Học viện Báo chí và Tuyên truyền,Hà Nội,,CT7340403,Quản lý công,,xa_hoi,Khoa học xã hội - Tâm lý - Nhân văn - Chính trị - Hành chính,standard,D01;C04;C03;X01,D01,observed,100.0,,,,,1,22.35,confirmed_2_sources,https://diemthi.vnexpress.net/tra-cuu-dai-hoc/loadbenchmark/id/381/year/2026/sortby/1/block_name/-1,True
HBT:KT527,HBT,Học viện Báo chí và Tuyên truyền,Hà Nội,,KT527,"Kinh tế, chuyên ngành Quản lý kinh tế",,kinh_te,Kinh tế - Kinh doanh - Quản trị - Marketing - Thương mại,standard,D01;C04;C03;X01,D01,observed,150.0,,,,,1,24.15,confirmed_2_sources,https://diemthi.vnexpress.net/tra-cuu-dai-hoc/loadbenchmark/id/381/year/2026/sortby/1/block_name/-1,True
HBT:KT7310102,HBT,Học viện Báo chí và Tuyên truyền,Hà Nội,,KT7310102,Kinh tế chính trị,,xa_hoi,Khoa học xã hội - Tâm lý - Nhân văn - Chính trị - Hành chính,standard,D01;C04;C03;X01,D01,observed,40.0,,,,,1,23.8,confirmed_2_sources,https://diemthi.vnexpress.net/tra-cuu-dai-hoc/loadbenchmark/id/381/year/2026/sortby/1/block_name/-1,True
HBT:LS7229010,HBT,Học viện Báo chí và Tuyên truyền,Hà Nội,,LS7229010,"Lịch sử, chuyên ngành Lịch sử Đảng Cộng sản Việt Nam",,xa_hoi,Khoa học xã hội - Tâm lý - Nhân văn - Chính trị - Hành chính,standard,D14;C03;A07,C03,observed,40.0,,,,,1,24.6,confirmed_2_sources,https://diemthi.vnexpress.net/tra-cuu-dai-hoc/loadbenchmark/id/381/year/2026/sortby/1/block_name/-1,True
HBT:NN7220201,HBT,Học viện Báo chí và Tuyên truyền,Hà Nội,,NN7220201,Ngôn ngữ Anh,,ngon_ngu,Ngôn ngữ - Văn hóa - Quốc tế học,standard,D01;X78;D15;D14,D01,observed,60.0,,,,,1,24.42,confirmed_2_sources,https://diemthi.vnexpress.net/tra-cuu-dai-hoc/loadbenchmark/id/381/year/2026/sortby/1/block_name/-1,True
HBT:NP7310205,HBT,Học viện Báo chí và Tuyên truyền,Hà Nội,,NP7310205,Quản lý nhà nước,,xa_hoi,Khoa học xã hội - Tâm lý - Nhân văn - Chính trị - Hành chính,standard,D01;C04;C03;X01,D01,observed,100.0,,,,,1,22.98,confirmed_2_sources,https://diemthi.vnexpress.net/tra-cuu-dai-hoc/loadbenchmark/id/381/year/2026/sortby/1/block_name/-1,True
HBT:QQ615,HBT,Học viện Báo chí và Tuyên truyền,Hà Nội,,QQ615,"Quan hệ công chúng, chuyên ngành Quan hệ công chúng chuyên nghiệp",,bao_chi,Báo chí - Truyền thông - Quan hệ công chúng,standard,D01;X78;D15;D14,D01,observed,50.0,,,,,1,25.86,confirmed_2_sources,https://diemthi.vnexpress.net/tra-cuu-dai-hoc/loadbenchmark/id/381/year/2026/sortby/1/block_name/-1,True
HBT:QQ616,HBT,Học viện Báo chí và Tuyên truyền,Hà Nội,,QQ616,"Quan hệ công chúng, chuyên ngành Truyền thông marketing",,bao_chi,Báo chí - Truyền thông - Quan hệ công chúng,standard,D01;X78;D15;D14,D01,observed,100.0,,,,,1,26.23,confirmed_2_sources,https://diemthi.vnexpress.net/tra-cuu-dai-hoc/loadbenchmark/id/381/year/2026/sortby/1/block_name/-1,True
HBT:QQ618,HBT,Học viện Báo chí và Tuyên truyền,Hà Nội,,QQ618,"Quan hệ công chúng, chuyên ngành Truyền thông sáng tạo và Quảng cáo",,bao_chi,Báo chí - Truyền thông - Quan hệ công chúng,standard,D01;X78;D15;D14,D01,observed,50.0,,,,,1,25.56,confirmed_2_sources,https://diemthi.vnexpress.net/tra-cuu-dai-hoc/loadbenchmark/id/381/year/2026/sortby/1/block_name/-1,True
HBT:QT610,HBT,Học viện Báo chí và Tuyên truyền,Hà Nội,,QT610,"Quan hệ quốc tế, chuyên ngành Thông tin đối ngoại",,xa_hoi,Khoa học xã hội - Tâm lý - Nhân văn - Chính trị - Hành chính,international,D01;X78;D15;D14,D01,observed,50.0,,,,"Học bằng tiếng Anh (thường cần trình độ tiếng Anh tốt, có thể yêu cầu IELTS/chứng chỉ khi nhập học) | Chương trình liên kết/quốc tế: học phí cao hơn chương trình chuẩn",1,24.7,confirmed_2_sources,https://diemthi.vnexpress.net/tra-cuu-dai-hoc/loadbenchmark/id/381/year/2026/sortby/1/block_name/-1,True
HBT:QT611,HBT,Học viện Báo chí và Tuyên truyền,Hà Nội,,QT611,"Quan hệ quốc tế, chuyên ngành Quan hệ chính trị và truyền thông quốc tế",,bao_chi,Báo chí - Truyền thông - Quan hệ công chúng,international,D01;X78;D15;D14,D01,observed,50.0,,,,"Học bằng tiếng Anh (thường cần trình độ tiếng Anh tốt, có thể yêu cầu IELTS/chứng chỉ khi nhập học) | Chương trình liên kết/quốc tế: học phí cao hơn chương trình chuẩn",1,25.0,confirmed_2_sources,https://diemthi.vnexpress.net/tra-cuu-dai-hoc/loadbenchmark/id/381/year/2026/sortby/1/block_name/-1,True
HBT:QT614,HBT,Học viện Báo chí và Tuyên truyền,Hà Nội,,QT614,"Quan hệ quốc tế, chuyên ngành Quan hệ quốc tế và Truyền thông toàn cầu",,bao_chi,Báo chí - Truyền thông - Quan hệ công chúng,international,D01;X78;D15;D14,D01,observed,50.0,,,,"Học bằng tiếng Anh (thường cần trình độ tiếng Anh tốt, có thể yêu cầu IELTS/chứng chỉ khi nhập học) | Chương trình liên kết/quốc tế: học phí cao hơn chương trình chuẩn",1,25.25,confirmed_2_sources,https://diemthi.vnexpress.net/tra-cuu-dai-hoc/loadbenchmark/id/381/year/2026/sortby/1/block_name/-1,True
HBT:QT7320107,HBT,Học viện Báo chí và Tuyên truyền,Hà Nội,,QT7320107,Truyền thông quốc tế,,bao_chi,Báo chí - Truyền thông - Quan hệ công chúng,international,D01;X78;D15;D14,D01,observed,50.0,,,,"Học bằng tiếng Anh (thường cần trình độ tiếng Anh tốt, có thể yêu cầu IELTS/chứng chỉ khi nhập học) | Chương trình liên kết/quốc tế: học phí cao hơn chương trình chuẩn",1,25.65,confirmed_2_sources,https://diemthi.vnexpress.net/tra-cuu-dai-hoc/loadbenchmark/id/381/year/2026/sortby/1/block_name/-1,True
HBT:TH533,HBT,Học viện Báo chí và Tuyên truyền,Hà Nội,,TH533,"Chính trị học, chuyên ngành Tư tưởng Hồ ChíMinh",,xa_hoi,Khoa học xã hội - Tâm lý - Nhân văn - Chính trị - Hành chính,standard,D01;C04;C03;X01,D01,observed,40.0,,,,,1,23.21,confirmed_2_sources,https://diemthi.vnexpress.net/tra-cuu-dai-hoc/loadbenchmark/id/381/year/2026/sortby/1/block_name/-1,True
HBT:TM7229001,HBT,Học viện Báo chí và Tuyên truyền,Hà Nội,,TM7229001,Triết học,,xa_hoi,Khoa học xã hội - Tâm lý - Nhân văn - Chính trị - Hành chính,standard,D01;C04;C03;X01,D01,observed,40.0,,,,,1,22.26,confirmed_2_sources,https://diemthi.vnexpress.net/tra-cuu-dai-hoc/loadbenchmark/id/381/year/2026/sortby/1/block_name/-1,True
HBT:TT530,HBT,Học viện Báo chí và Tuyên truyền,Hà Nội,,TT530,"Chính trị học, chuyên ngành Công tác tư tưởng -văn hóa",,ngon_ngu,Ngôn ngữ - Văn hóa - Quốc tế học,standard,D01;C04;C03;X01,D01,observed,100.0,,,,,1,23.22,confirmed_2_sources,https://diemthi.vnexpress.net/tra-cuu-dai-hoc/loadbenchmark/id/381/year/2026/sortby/1/block_name/-1,True
HBT:TT538,HBT,Học viện Báo chí và Tuyên truyền,Hà Nội,,TT538,"Chính trị học, chuyên ngành Truyền thông chính sách",,bao_chi,Báo chí - Truyền thông - Quan hệ công chúng,standard,D01;C04;C03;X01,D01,observed,50.0,,,,,1,24.2,disputed,https://diemthi.vnexpress.net/tra-cuu-dai-hoc/loadbenchmark/id/381/year/2026/sortby/1/block_name/-1,True
HBT:XB801,HBT,Học viện Báo chí và Tuyên truyền,Hà Nội,,XB801,"Xuất bản, chuyên ngành Biên tập xuất bản",,bao_chi,Báo chí - Truyền thông - Quan hệ công chúng,standard,D01;X78;D15;D14,D01,observed,50.0,,,,,1,28.5,confirmed_2_sources,https://diemthi.vnexpress.net/tra-cuu-dai-hoc/loadbenchmark/id/381/year/2026/sortby/1/block_name/-1,True
HBT:XB802,HBT,Học viện Báo chí và Tuyên truyền,Hà Nội,,XB802,"Xuất bản, chuyên ngành Xuất bản điện tử",,bao_chi,Báo chí - Truyền thông - Quan hệ công chúng,standard,D01;X78;D15;D14,D01,observed,50.0,,,,,1,28.6,confirmed_2_sources,https://diemthi.vnexpress.net/tra-cuu-dai-hoc/loadbenchmark/id/381/year/2026/sortby/1/block_name/-1,True
HBT:XD7310202,HBT,Học viện Báo chí và Tuyên truyền,Hà Nội,,XD7310202,Xây dựng Đảng và Chính quyền nhà nước,,xay_dung,Kiến trúc - Xây dựng - Giao thông - Quy hoạch,standard,D01;C04;C03;X01,D01,observed,90.0,,,,,1,23.15,confirmed_2_sources,https://diemthi.vnexpress.net/tra-cuu-dai-hoc/loadbenchmark/id/381/year/2026/sortby/1/block_name/-1,True
HBT:XH7310301,HBT,Học viện Báo chí và Tuyên truyền,Hà Nội,,XH7310301,Xã hội học,,xa_hoi,Khoa học xã hội - Tâm lý - Nhân văn - Chính trị - Hành chính,standard,D01;C04;C03;X01,D01,observed,50.0,,,,,1,22.82,confirmed_2_sources,https://diemthi.vnexpress.net/tra-cuu-dai-hoc/loadbenchmark/id/381/year/2026/sortby/1/block_name/-1,True
HBT:XH7760101,HBT,Học viện Báo chí và Tuyên truyền,Hà Nội,,XH7760101,Công tác xã hội,,xa_hoi,Khoa học xã hội - Tâm lý - Nhân văn - Chính trị - Hành chính,standard,D01;C04;C03;X01,D01,observed,50.0,,,,,1,23.24,confirmed_2_sources,https://diemthi.vnexpress.net/tra-cuu-dai-hoc/loadbenchmark/id/381/year/2026/sortby/1/block_name/-1,True
HCP:7220201,HCP,Học viện Chính sách và Phát triển,Hà Nội,,7220201,Ngôn ngữ Anh,7220201,ngon_ngu,Ngôn ngữ - Văn hóa - Quốc tế học,standard,A01;D01;D07;D09;D10,A01,observed,100.0,28000000.0,28000000.0,per_year,,1,20.52,confirmed_2_sources,https://diemthi.vnexpress.net/tra-cuu-dai-hoc/loadbenchmark/id/383/year/2026/sortby/1/block_name/-1,False
HCP:7310101,HCP,Học viện Chính sách và Phát triển,Hà Nội,,7310101,Kinh tế,7310101,kinh_te,Kinh tế - Kinh doanh - Quản trị - Marketing - Thương mại,standard,A01;D01;D07;X25;A00;C01,A01,observed,100.0,28000000.0,28000000.0,per_year,,4,20.52,confirmed_2_sources,https://diemthi.vnexpress.net/tra-cuu-dai-hoc/loadbenchmark/id/383/year/2026/sortby/1/block_name/-1,False
HCP:7310104,HCP,Học viện Chính sách và Phát triển,Hà Nội,,7310104,Kinh tế đầu tư,7310104,tai_chinh,Tài chính - Ngân hàng - Kế toán - Kiểm toán - Bảo hiểm,standard,A01;D01;D07;X25,A01,observed,150.0,28000000.0,28000000.0,per_year,,1,19.3,confirmed_2_sources,https://diemthi.vnexpress.net/tra-cuu-dai-hoc/loadbenchmark/id/383/year/2026/sortby/1/block_name/-1,False
HCP:7310105,HCP,Học viện Chính sách và Phát triển,Hà Nội,,7310105,Kinh tế phát triển,7310105,kinh_te,Kinh tế - Kinh doanh - Quản trị - Marketing - Thương mại,standard,A00;A01;D01;D07;C02;A02,A00,observed,150.0,28000000.0,28000000.0,per_year,,4,21.33,confirmed_2_sources,https://diemthi.vnexpress.net/tra-cuu-dai-hoc/loadbenchmark/id/383/year/2026/sortby/1/block_name/-1,False
HCP:7310106,HCP,Học viện Chính sách và Phát triển,Hà Nội,,7310106,Kinh tế quốc tế,7310106,kinh_te,Kinh tế - Kinh doanh - Quản trị - Marketing - Thương mại,international,A01;D01;D07;A00,A01,observed,200.0,28000000.0,28000000.0,per_year,"Học bằng tiếng Anh (thường cần trình độ tiếng Anh tốt, có thể yêu cầu IELTS/chứng chỉ khi nhập học) | Chương trình liên kết/quốc tế: học phí cao hơn chương trình chuẩn",4,21.8,confirmed_2_sources,https://diemthi.vnexpress.net/tra-cuu-dai-hoc/loadbenchmark/id/383/year/2026/sortby/1/block_name/-1,False
HCP:7310106_1,HCP,Học viện Chính sách và Phát triển,Hà Nội,,7310106_1,Kinh tế đối ngoại CLC,7310106,kinh_te,Kinh tế - Kinh doanh - Quản trị - Marketing - Thương mại,high_quality,A01;D01;D07;X25;D10,A01,observed,100.0,35000000.0,35000000.0,per_year,,2,21.77,confirmed_2_sources,https://diemthi.vnexpress.net/tra-cuu-dai-hoc/loadbenchmark/id/383/year/2026/sortby/1/block_name/-1,False
HCP:7310109,HCP,Học viện Chính sách và Phát triển,Hà Nội,,7310109,Kinh tế số,7310109,kinh_te,Kinh tế - Kinh doanh - Quản trị - Marketing - Thương mại,standard,A00;A01;D01;X25;D07;C00,A00,observed,120.0,28000000.0,28000000.0,per_year,,3,23.24,confirmed_2_sources,https://diemthi.vnexpress.net/tra-cuu-dai-hoc/loadbenchmark/id/383/year/2026/sortby/1/block_name/-1,False
HCP:7310205,HCP,Học viện Chính sách và Phát triển,Hà Nội,,7310205,Quản lý nhà nước,7310205,xa_hoi,Khoa học xã hội - Tâm lý - Nhân văn - Chính trị - Hành chính,standard,C00;D01;X25;A01;D09,C00,observed,100.0,28000000.0,28000000.0,per_year,,4,19.25,confirmed_2_sources,https://diemthi.vnexpress.net/tra-cuu-dai-hoc/loadbenchmark/id/383/year/2026/sortby/1/block_name/-1,False
HCP:7340101,HCP,Học viện Chính sách và Phát triển,Hà Nội,,7340101,Quản trị Kinh doanh,7340101,kinh_te,Kinh tế - Kinh doanh - Quản trị - Marketing - Thương mại,standard,A01;D01;D07;X25;A00;C01,A01,observed,150.0,28000000.0,28000000.0,per_year,,4,20.57,confirmed_2_sources,https://diemthi.vnexpress.net/tra-cuu-dai-hoc/loadbenchmark/id/383/year/2026/sortby/1/block_name/-1,False
HCP:7340101_1,HCP,Học viện Chính sách và Phát triển,Hà Nội,,7340101_1,"Quản trị kinh doanh (Liên kết với Đại học CityU, Hoa Kỳ)",7340101,kinh_te,Kinh tế - Kinh doanh - Quản trị - Marketing - Thương mại,high_quality,A01;D01;D07;X25;D10,A01,observed,100.0,35000000.0,35000000.0,per_year,,2,19.92,confirmed_2_sources,https://diemthi.vnexpress.net/tra-cuu-dai-hoc/loadbenchmark/id/383/year/2026/sortby/1/block_name/-1,False
HCP:7340101_2,HCP,Học viện Chính sách và Phát triển,Hà Nội,,7340101_2,Quản trị kinh doanh,7340101,kinh_te,Kinh tế - Kinh doanh - Quản trị - Marketing - Thương mại,high_quality,A01;D01;D07;X25,A01,observed,50.0,35000000.0,35000000.0,per_year,,1,19.0,confirmed_2_sources,https://diemthi.vnexpress.net/tra-cuu-dai-hoc/loadbenchmark/id/383/year/2026/sortby/1/block_name/-1,False
HCP:7340115,HCP,Học viện Chính sách và Phát triển,Hà Nội,,7340115,Marketing,7340115,kinh_te,Kinh tế - Kinh doanh - Quản trị - Marketing - Thương mại,standard,A01;D01;D07;X25,A01,observed,150.0,28000000.0,28000000.0,per_year,,1,21.94,disputed,https://diemthi.vnexpress.net/tra-cuu-dai-hoc/loadbenchmark/id/383/year/2026/sortby/1/block_name/-1,False
HCP:7340201,HCP,Học viện Chính sách và Phát triển,Hà Nội,,7340201,Tài chính – Ngân hàng,7340201,tai_chinh,Tài chính - Ngân hàng - Kế toán - Kiểm toán - Bảo hiểm,standard,A01;D01;D07;X25;A00,A01,observed,320.0,28000000.0,28000000.0,per_year,,3,20.98,confirmed_2_sources,https://diemthi.vnexpress.net/tra-cuu-dai-hoc/loadbenchmark/id/383/year/2026/sortby/1/block_name/-1,False
HCP:7340201_1,HCP,Học viện Chính sách và Phát triển,Hà Nội,,7340201_1,Tài chính ngân hàng (chuyên ngành Tài chính doanh nghiệp),7340201,tai_chinh,Tài chính - Ngân hàng - Kế toán - Kiểm toán - Bảo hiểm,high_quality,A01;D01;D07;X25;D10,A01,observed,100.0,35000000.0,35000000.0,per_year,,2,20.9,confirmed_2_sources,https://diemthi.vnexpress.net/tra-cuu-dai-hoc/loadbenchmark/id/383/year/2026/sortby/1/block_name/-1,False
HCP:7340301,HCP,Học viện Chính sách và Phát triển,Hà Nội,,7340301,Kế toán,7340301,tai_chinh,Tài chính - Ngân hàng - Kế toán - Kiểm toán - Bảo hiểm,standard,A00;A01;D01;D07;C01,A00,observed,150.0,28000000.0,28000000.0,per_year,,4,23.93,confirmed_2_sources,https://diemthi.vnexpress.net/tra-cuu-dai-hoc/loadbenchmark/id/383/year/2026/sortby/1/block_name/-1,False
HCP:7340301_2,HCP,Học viện Chính sách và Phát triển,Hà Nội,,7340301_2,Kế toán,7340301,tai_chinh,Tài chính - Ngân hàng - Kế toán - Kiểm toán - Bảo hiểm,international,A00;A01;D01;D07,A00,observed,50.0,35000000.0,35000000.0,per_year,"Học bằng tiếng Anh (thường cần trình độ tiếng Anh tốt, có thể yêu cầu IELTS/chứng chỉ khi nhập học) | Chương trình liên kết/quốc tế: học phí cao hơn chương trình chuẩn",1,22.91,confirmed_2_sources,https://diemthi.vnexpress.net/tra-cuu-dai-hoc/loadbenchmark/id/383/year/2026/sortby/1/block_name/-1,False
HCP:7340302,HCP,Học viện Chính sách và Phát triển,Hà Nội,,7340302,Kiểm toán,7340302,tai_chinh,Tài chính - Ngân hàng - Kế toán - Kiểm toán - Bảo hiểm,standard,A00;A01;D01;D07,A00,observed,100.0,28000000.0,28000000.0,per_year,,1,22.06,confirmed_2_sources,https://diemthi.vnexpress.net/tra-cuu-dai-hoc/loadbenchmark/id/383/year/2026/sortby/1/block_name/-1,False
HCP:7380107,HCP,Học viện Chính sách và Phát triển,Hà Nội,,7380107,Luật kinh tế,7380107,luat,Luật,standard,C00;A01;D01;X25;A00;D09,C00,observed,200.0,28000000.0,28000000.0,per_year,,4,21.23,confirmed_2_sources,https://diemthi.vnexpress.net/tra-cuu-dai-hoc/loadbenchmark/id/383/year/2026/sortby/1/block_name/-1,False
HCP:7460108,HCP,Học viện Chính sách và Phát triển,Hà Nội,,7460108,Khoa học dữ liệu (Data Science),7460108,cntt,Công nghệ thông tin - Máy tính - Dữ liệu - AI,international,A00;A01;D01;D07,A00,observed,100.0,35000000.0,35000000.0,per_year,"Học bằng tiếng Anh (thường cần trình độ tiếng Anh tốt, có thể yêu cầu IELTS/chứng chỉ khi nhập học) | Chương trình liên kết/quốc tế: học phí cao hơn chương trình chuẩn",1,19.43,confirmed_2_sources,https://diemthi.vnexpress.net/tra-cuu-dai-hoc/loadbenchmark/id/383/year/2026/sortby/1/block_name/-1,False
HIU:7140114,HIU,Đại học Quốc tế Hồng Bàng,TP. Hồ Chí Minh,,7140114,Quản lý giáo dục,7140114,su_pham,Sư phạm - Giáo dục,standard,A00;A01;B00;C00;C03;C04;D01;D09;D10;D14;D15;X01,A00,observed,,,,,"Sư phạm: không nhận thí sinh bị dị hình, dị tật, nói ngọng, nói lắp; điểm sàn của Bộ",4,15.0,confirmed_2_sources,https://diemthi.vnexpress.net/tra-cuu-dai-hoc/loadbenchmark/id/270/year/2026/sortby/1/block_name/-1,True
HIU:7210403,HIU,Đại học Quốc tế Hồng Bàng,TP. Hồ Chí Minh,,7210403,Thiết kế đồ họa,7210403,thiet_ke,Thiết kế - Nghệ thuật - Sáng tạo số,standard,A00;A01;C00;C01;C03;C04;D09;X06;X26,A00,observed,,,,,,4,15.0,confirmed_2_sources,https://diemthi.vnexpress.net/tra-cuu-dai-hoc/loadbenchmark/id/270/year/2026/sortby/1/block_name/-1,True
HIU:7220201,HIU,Đại học Quốc tế Hồng Bàng,TP. Hồ Chí Minh,,7220201,Ngôn ngữ Anh,7220201,ngon_ngu,Ngôn ngữ - Văn hóa - Quốc tế học,standard,A01;C00;C04;D01;D14;D15;X02,A01,observed,,,,,,4,15.0,confirmed_2_sources,https://diemthi.vnexpress.net/tra-cuu-dai-hoc/loadbenchmark/id/270/year/2026/sortby/1/block_name/-1,True
HIU:7220204,HIU,Đại học Quốc tế Hồng Bàng,TP. Hồ Chí Minh,,7220204,Ngôn ngữ Trung Quốc,7220204,ngon_ngu,Ngôn ngữ - Văn hóa - Quốc tế học,standard,A01;C00;C04;D01;D06;D14;D15;D04,A01,observed,,,,,,4,15.0,confirmed_2_sources,https://diemthi.vnexpress.net/tra-cuu-dai-hoc/loadbenchmark/id/270/year/2026/sortby/1/block_name/-1,True
HIU:7220209,HIU,Đại học Quốc tế Hồng Bàng,TP. Hồ Chí Minh,,7220209,Ngôn ngữ Nhật,7220209,ngon_ngu,Ngôn ngữ - Văn hóa - Quốc tế học,standard,A01;C00;C04;D01;D06;D14;D15;D04,A01,observed,,,,,,4,15.0,confirmed_2_sources,https://diemthi.vnexpress.net/tra-cuu-dai-hoc/loadbenchmark/id/270/year/2026/sortby/1/block_name/-1,True
HIU:7220210,HIU,Đại học Quốc tế Hồng Bàng,TP. Hồ Chí Minh,,7220210,Ngôn ngữ Hàn Quốc,7220210,ngon_ngu,Ngôn ngữ - Văn hóa - Quốc tế học,standard,A01;C00;C04;D01;D14;D15;D04,A01,observed,,,,,,4,15.0,confirmed_2_sources,https://diemthi.vnexpress.net/tra-cuu-dai-hoc/loadbenchmark/id/270/year/2026/sortby/1/block_name/-1,True
HIU:7310206,HIU,Đại học Quốc tế Hồng Bàng,TP. Hồ Chí Minh,,7310206,Quan hệ quốc tế,7310206,xa_hoi,Khoa học xã hội - Tâm lý - Nhân văn - Chính trị - Hành chính,international,A00;A01;C00;C03;C04;D01;D09;D10;D14;D15;X01;X71,A00,observed,,,,,"Học bằng tiếng Anh (thường cần trình độ tiếng Anh tốt, có thể yêu cầu IELTS/chứng chỉ khi nhập học) | Chương trình liên kết/quốc tế: học phí cao hơn chương trình chuẩn",4,15.0,confirmed_2_sources,https://diemthi.vnexpress.net/tra-cuu-dai-hoc/loadbenchmark/id/270/year/2026/sortby/1/block_name/-1,True
HIU:7310401,HIU,Đại học Quốc tế Hồng Bàng,TP. Hồ Chí Minh,,7310401,Tâm lý học,7310401,y_duoc,Y - Dược - Điều dưỡng - Sức khỏe,standard,A00;A01;C00;C03;C04;D01;D09;D10;D14;D15;X01;X71;B00;B03,A00,observed,,,,,Khối sức khỏe: có ngưỡng điểm sàn của Bộ,4,15.0,confirmed_2_sources,https://diemthi.vnexpress.net/tra-cuu-dai-hoc/loadbenchmark/id/270/year/2026/sortby/1/block_name/-1,True
HIU:7310403,HIU,Đại học Quốc tế Hồng Bàng,TP. Hồ Chí Minh,,7310403,Tâm lý học giáo dục,7310403,su_pham,Sư phạm - Giáo dục,standard,A00;A01;C00;C03;C04;D01;D09;D10;D14;D15;X01;X71,A00,observed,,,,,"Sư phạm: không nhận thí sinh bị dị hình, dị tật, nói ngọng, nói lắp; điểm sàn của Bộ",1,15.0,confirmed_2_sources,https://diemthi.vnexpress.net/tra-cuu-dai-hoc/loadbenchmark/id/270/year/2026/sortby/1/block_name/-1,True
HIU:7310630,HIU,Đại học Quốc tế Hồng Bàng,TP. Hồ Chí Minh,,7310630,Việt Nam học,7310630,ngon_ngu,Ngôn ngữ - Văn hóa - Quốc tế học,standard,A00;A01;C00;C03;C04;D01;D09;D10;D14;D15;X01;X71,A00,observed,,,,,,3,15.0,confirmed_2_sources,https://diemthi.vnexpress.net/tra-cuu-dai-hoc/loadbenchmark/id/270/year/2026/sortby/1/block_name/-1,True
HIU:7320104,HIU,Đại học Quốc tế Hồng Bàng,TP. Hồ Chí Minh,,7320104,Truyền thông đa phương tiện,7320104,bao_chi,Báo chí - Truyền thông - Quan hệ công chúng,standard,A01;C00;D01;D09;D10;D14;D15;X01;X71,A01,observed,,,,,,4,15.0,confirmed_2_sources,https://diemthi.vnexpress.net/tra-cuu-dai-hoc/loadbenchmark/id/270/year/2026/sortby/1/block_name/-1,True
HIU:7320108,HIU,Đại học Quốc tế Hồng Bàng,TP. Hồ Chí Minh,,7320108,Quan hệ công chúng,7320108,bao_chi,Báo chí - Truyền thông - Quan hệ công chúng,standard,A01;C00;D01;D09;D10;D14;D15;X01;X71;A00,A01,observed,,,,,,4,15.0,confirmed_2_sources,https://diemthi.vnexpress.net/tra-cuu-dai-hoc/loadbenchmark/id/270/year/2026/sortby/1/block_name/-1,True
HIU:7340101,HIU,Đại học Quốc tế Hồng Bàng,TP. Hồ Chí Minh,,7340101,Quản trị Kinh doanh,7340101,kinh_te,Kinh tế - Kinh doanh - Quản trị - Marketing - Thương mại,standard,A00;A01;C00;C03;C04;D01;D09;D10;D14;D15;X01;X26,A00,observed,,,,,,4,15.0,confirmed_2_sources,https://diemthi.vnexpress.net/tra-cuu-dai-hoc/loadbenchmark/id/270/year/2026/sortby/1/block_name/-1,True
HIU:7340114,HIU,Đại học Quốc tế Hồng Bàng,TP. Hồ Chí Minh,,7340114,Marketing kỹ thuật số,7340114,kinh_te,Kinh tế - Kinh doanh - Quản trị - Marketing - Thương mại,standard,A00;A01;C00;C03;C04;D01;D09;D10;D14;D15;X01;X26,A00,observed,,,,,,4,15.0,confirmed_2_sources,https://diemthi.vnexpress.net/tra-cuu-dai-hoc/loadbenchmark/id/270/year/2026/sortby/1/block_name/-1,True
HIU:7340120,HIU,Đại học Quốc tế Hồng Bàng,TP. Hồ Chí Minh,,7340120,Ngành Kinh doanh quốc tế,7340120,kinh_te,Kinh tế - Kinh doanh - Quản trị - Marketing - Thương mại,international,A00;A01;C00;C03;C04;D01;D09;D10;D14;D15;X01;X26,A00,observed,,,,,"Học bằng tiếng Anh (thường cần trình độ tiếng Anh tốt, có thể yêu cầu IELTS/chứng chỉ khi nhập học) | Chương trình liên kết/quốc tế: học phí cao hơn chương trình chuẩn",2,15.0,confirmed_2_sources,https://diemthi.vnexpress.net/tra-cuu-dai-hoc/loadbenchmark/id/270/year/2026/sortby/1/block_name/-1,True
HIU:7340122,HIU,Đại học Quốc tế Hồng Bàng,TP. Hồ Chí Minh,,7340122,Thương mại điện tử,7340122,kinh_te,Kinh tế - Kinh doanh - Quản trị - Marketing - Thương mại,standard,A00;A01;C00;C03;C04;D01;D09;D10;D14;D15;X01;X26,A00,observed,,,,,,4,15.0,confirmed_2_sources,https://diemthi.vnexpress.net/tra-cuu-dai-hoc/loadbenchmark/id/270/year/2026/sortby/1/block_name/-1,True
HIU:7340201,HIU,Đại học Quốc tế Hồng Bàng,TP. Hồ Chí Minh,,7340201,Tài chính – Ngân hàng,7340201,tai_chinh,Tài chính - Ngân hàng - Kế toán - Kiểm toán - Bảo hiểm,standard,A00;A01;C00;C03;C04;D01;D09;D10;D14;D15;X01;X26,A00,observed,,,,,,4,15.0,confirmed_2_sources,https://diemthi.vnexpress.net/tra-cuu-dai-hoc/loadbenchmark/id/270/year/2026/sortby/1/block_name/-1,True
HIU:7340205,HIU,Đại học Quốc tế Hồng Bàng,TP. Hồ Chí Minh,,7340205,Công nghệ tài chính,7340205,tai_chinh,Tài chính - Ngân hàng - Kế toán - Kiểm toán - Bảo hiểm,standard,A00;A01;C00;C03;C04;D01;D09;D10;D14;D15;X01;X26,A00,observed,,,,,,2,15.0,confirmed_2_sources,https://diemthi.vnexpress.net/tra-cuu-dai-hoc/loadbenchmark/id/270/year/2026/sortby/1/block_name/-1,True
HIU:7340301,HIU,Đại học Quốc tế Hồng Bàng,TP. Hồ Chí Minh,,7340301,Kế toán,7340301,tai_chinh,Tài chính - Ngân hàng - Kế toán - Kiểm toán - Bảo hiểm,standard,A00;A01;C00;C03;C04;D01;D09;D10;D14;D15;X01;X26,A00,observed,,,,,,4,15.0,confirmed_2_sources,https://diemthi.vnexpress.net/tra-cuu-dai-hoc/loadbenchmark/id/270/year/2026/sortby/1/block_name/-1,True
HIU:7340412,HIU,Đại học Quốc tế Hồng Bàng,TP. Hồ Chí Minh,,7340412,Quản trị sự kiện,7340412,du_lich,Du lịch - Khách sạn - Logistics - Hàng không - Dịch vụ,standard,A00;A01;C00;C03;C04;D01;D09;D10;D14;D15;X01;X26,A00,observed,,,,,,4,15.0,confirmed_2_sources,https://diemthi.vnexpress.net/tra-cuu-dai-hoc/loadbenchmark/id/270/year/2026/sortby/1/block_name/-1,True
HIU:7380101,HIU,Đại học Quốc tế Hồng Bàng,TP. Hồ Chí Minh,,7380101,Ngành Luật,7380101,luat,Luật,standard,A00;A01;C00;C03;C04;D01;D09;D10;D15,A00,observed,,,,,,4,20.0,confirmed_2_sources,https://diemthi.vnexpress.net/tra-cuu-dai-hoc/loadbenchmark/id/270/year/2026/sortby/1/block_name/-1,True
HIU:7380107,HIU,Đại học Quốc tế Hồng Bàng,TP. Hồ Chí Minh,,7380107,Luật kinh tế,7380107,luat,Luật,standard,A00;A01;C00;C03;C04;D01;D09;D10;D15,A00,observed,,,,,,4,20.0,confirmed_2_sources,https://diemthi.vnexpress.net/tra-cuu-dai-hoc/loadbenchmark/id/270/year/2026/sortby/1/block_name/-1,True
HIU:7420201,HIU,Đại học Quốc tế Hồng Bàng,TP. Hồ Chí Minh,,7420201,Công nghệ sinh học,7420201,sinh_hoa,Sinh học - Hóa học - Công nghệ sinh học - Thực phẩm,standard,A00;A02;B00;C01;C02;C03;C04;D07;D08;X01;X14,A00,observed,,,,,,2,15.0,confirmed_2_sources,https://diemthi.vnexpress.net/tra-cuu-dai-hoc/loadbenchmark/id/270/year/2026/sortby/1/block_name/-1,True
HIU:7420207,HIU,Đại học Quốc tế Hồng Bàng,TP. Hồ Chí Minh,,7420207,Công nghệ thẩm mỹ,7420207,ky_thuat,"Kỹ thuật - Công nghệ (cơ khí, điện, điện tử, ô tô, tự động hóa, vật liệu)",standard,A00;A01;B03;C01;C02;D01;X01;X02;X14,A00,observed,,,,,,1,15.0,confirmed_2_sources,https://diemthi.vnexpress.net/tra-cuu-dai-hoc/loadbenchmark/id/270/year/2026/sortby/1/block_name/-1,True
HIU:7480201,HIU,Đại học Quốc tế Hồng Bàng,TP. Hồ Chí Minh,,7480201,Công nghệ thông tin,7480201,cntt,Công nghệ thông tin - Máy tính - Dữ liệu - AI,standard,A00;A01;C01;C03;C04;D01;D07;D09;D10;X02;X06;X10;X26,A00,observed,,,,,,4,15.0,confirmed_2_sources,https://diemthi.vnexpress.net/tra-cuu-dai-hoc/loadbenchmark/id/270/year/2026/sortby/1/block_name/-1,True
HIU:7510601,HIU,Đại học Quốc tế Hồng Bàng,TP. Hồ Chí Minh,,7510601,Quản lý công nghiệp,7510601,xa_hoi,Khoa học xã hội - Tâm lý - Nhân văn - Chính trị - Hành chính,standard,A00;A01;C00;C02;C03;C04;D01;D09;X06;X26,A00,observed,,,,,,1,15.0,confirmed_2_sources,https://diemthi.vnexpress.net/tra-cuu-dai-hoc/loadbenchmark/id/270/year/2026/sortby/1/block_name/-1,True
HIU:7510605,HIU,Đại học Quốc tế Hồng Bàng,TP. Hồ Chí Minh,,7510605,Logistics và Quản lý chuỗi cung ứng,7510605,du_lich,Du lịch - Khách sạn - Logistics - Hàng không - Dịch vụ,standard,A00;A01;C00;C02;C03;C04;D01;D09;X06;X26,A00,observed,,,,,,4,15.0,confirmed_2_sources,https://diemthi.vnexpress.net/tra-cuu-dai-hoc/loadbenchmark/id/270/year/2026/sortby/1/block_name/-1,True
HIU:7520114,HIU,Đại học Quốc tế Hồng Bàng,TP. Hồ Chí Minh,,7520114,Kỹ thuật cơ điện tử,7520114,ky_thuat,"Kỹ thuật - Công nghệ (cơ khí, điện, điện tử, ô tô, tự động hóa, vật liệu)",standard,A00;A01;C01;C02;D01;D09;X06;X26,A00,observed,,,,,,2,15.0,confirmed_2_sources,https://diemthi.vnexpress.net/tra-cuu-dai-hoc/loadbenchmark/id/270/year/2026/sortby/1/block_name/-1,True
HIU:7520212,HIU,Đại học Quốc tế Hồng Bàng,TP. Hồ Chí Minh,,7520212,Kỹ thuật y sinh,7520212,y_duoc,Y - Dược - Điều dưỡng - Sức khỏe,standard,A00;A01;A02;A03;A04;B00;C01;D07;D08;X05;X06;X07;X10;X14,A00,observed,,,,,Khối sức khỏe: có ngưỡng điểm sàn của Bộ,2,15.0,confirmed_2_sources,https://diemthi.vnexpress.net/tra-cuu-dai-hoc/loadbenchmark/id/270/year/2026/sortby/1/block_name/-1,True
HIU:7580101,HIU,Đại học Quốc tế Hồng Bàng,TP. Hồ Chí Minh,,7580101,Kiến trúc,7580101,xay_dung,Kiến trúc - Xây dựng - Giao thông - Quy hoạch,standard,A00;A01;C00;C03;C04;D01;D09;D10;X06;X10,A00,observed,,,,,,4,15.0,confirmed_2_sources,https://diemthi.vnexpress.net/tra-cuu-dai-hoc/loadbenchmark/id/270/year/2026/sortby/1/block_name/-1,True
HIU:7720101,HIU,Đại học Quốc tế Hồng Bàng,TP. Hồ Chí Minh,,7720101,Y khoa,7720101,y_duoc,Y - Dược - Điều dưỡng - Sức khỏe,standard,A00;A02;B00;B08;D07;D08;X14,A00,observed,,,,,Khối sức khỏe: có ngưỡng điểm sàn của Bộ,4,22.0,confirmed_2_sources,https://diemthi.vnexpress.net/tra-cuu-dai-hoc/loadbenchmark/id/270/year/2026/sortby/1/block_name/-1,True
HIU:7720115,HIU,Đại học Quốc tế Hồng Bàng,TP. Hồ Chí Minh,,7720115,Y học cổ truyền,7720115,y_duoc,Y - Dược - Điều dưỡng - Sức khỏe,standard,A00;A01;A02;B00;B08;D01;D07;D08;X14,A00,observed,,,,,Khối sức khỏe: có ngưỡng điểm sàn của Bộ,4,20.0,confirmed_2_sources,https://diemthi.vnexpress.net/tra-cuu-dai-hoc/loadbenchmark/id/270/year/2026/sortby/1/block_name/-1,True
HIU:7720201,HIU,Đại học Quốc tế Hồng Bàng,TP. Hồ Chí Minh,,7720201,Dược học,7720201,y_duoc,Y - Dược - Điều dưỡng - Sức khỏe,standard,A00;A01;B00;D07;D08;X10;X14,A00,observed,,,,,Khối sức khỏe: có ngưỡng điểm sàn của Bộ,4,20.0,confirmed_2_sources,https://diemthi.vnexpress.net/tra-cuu-dai-hoc/loadbenchmark/id/270/year/2026/sortby/1/block_name/-1,True
HIU:7720301,HIU,Đại học Quốc tế Hồng Bàng,TP. Hồ Chí Minh,,7720301,Điều dưỡng,7720301,y_duoc,Y - Dược - Điều dưỡng - Sức khỏe,standard,A00;A01;A02;B00;B01;B03;C01;C02;C12;D01;D07;D08;X10;X14,A00,observed,,,,,Khối sức khỏe: có ngưỡng điểm sàn của Bộ,4,18.0,confirmed_2_sources,https://diemthi.vnexpress.net/tra-cuu-dai-hoc/loadbenchmark/id/270/year/2026/sortby/1/block_name/-1,True
HIU:7720302,HIU,Đại học Quốc tế Hồng Bàng,TP. Hồ Chí Minh,,7720302,Hộ sinh,7720302,y_duoc,Y - Dược - Điều dưỡng - Sức khỏe,standard,A00;A01;A02;B00;B01;B03;C01;C02;C12;D01;D07;D08;X10;X14,A00,observed,,,,,Khối sức khỏe: có ngưỡng điểm sàn của Bộ,4,18.0,confirmed_2_sources,https://diemthi.vnexpress.net/tra-cuu-dai-hoc/loadbenchmark/id/270/year/2026/sortby/1/block_name/-1,True
HIU:7720401,HIU,Đại học Quốc tế Hồng Bàng,TP. Hồ Chí Minh,,7720401,Dinh dưỡng,7720401,y_duoc,Y - Dược - Điều dưỡng - Sức khỏe,standard,A00;A01;A02;B00;B01;B03;C01;C02;C12;D01;D07;D08;X10;X14,A00,observed,,,,,Khối sức khỏe: có ngưỡng điểm sàn của Bộ,3,15.0,confirmed_2_sources,https://diemthi.vnexpress.net/tra-cuu-dai-hoc/loadbenchmark/id/270/year/2026/sortby/1/block_name/-1,True
HIU:7720501,HIU,Đại học Quốc tế Hồng Bàng,TP. Hồ Chí Minh,,7720501,Răng- Hàm -Mặt,7720501,y_duoc,Y - Dược - Điều dưỡng - Sức khỏe,standard,A00;A02;B00;B08;D07;D08;X14,A00,observed,,,,,Khối sức khỏe: có ngưỡng điểm sàn của Bộ,4,22.0,confirmed_2_sources,https://diemthi.vnexpress.net/tra-cuu-dai-hoc/loadbenchmark/id/270/year/2026/sortby/1/block_name/-1,True
HIU:7720601,HIU,Đại học Quốc tế Hồng Bàng,TP. Hồ Chí Minh,,7720601,Kỹ thuật xét nghiệm y học,7720601,y_duoc,Y - Dược - Điều dưỡng - Sức khỏe,standard,A00;A01;A02;B00;B01;B03;C01;C02;C12;D01;D07;D08;X10;X14,A00,observed,,,,,Khối sức khỏe: có ngưỡng điểm sàn của Bộ,4,18.0,confirmed_2_sources,https://diemthi.vnexpress.net/tra-cuu-dai-hoc/loadbenchmark/id/270/year/2026/sortby/1/block_name/-1,True
HIU:7720602,HIU,Đại học Quốc tế Hồng Bàng,TP. Hồ Chí Minh,,7720602,Kỹ thuật hình ảnh y học,7720602,y_duoc,Y - Dược - Điều dưỡng - Sức khỏe,standard,A00;A01;A02;B00;B01;B03;C01;C02;C12;D01;D07;D08;X10;X14,A00,observed,,,,,Khối sức khỏe: có ngưỡng điểm sàn của Bộ,2,18.0,confirmed_2_sources,https://diemthi.vnexpress.net/tra-cuu-dai-hoc/loadbenchmark/id/270/year/2026/sortby/1/block_name/-1,True
HIU:7720603,HIU,Đại học Quốc tế Hồng Bàng,TP. Hồ Chí Minh,,7720603,Kỹ thuật phục hồi chức năng,7720603,y_duoc,Y - Dược - Điều dưỡng - Sức khỏe,standard,A00;A01;A02;B00;B01;B03;C01;C02;C12;D01;D07;D08;X10;X14,A00,observed,,,,,Khối sức khỏe: có ngưỡng điểm sàn của Bộ,4,18.0,confirmed_2_sources,https://diemthi.vnexpress.net/tra-cuu-dai-hoc/loadbenchmark/id/270/year/2026/sortby/1/block_name/-1,True
HIU:7720701,HIU,Đại học Quốc tế Hồng Bàng,TP. Hồ Chí Minh,,7720701,Y tế công cộng,7720701,y_duoc,Y - Dược - Điều dưỡng - Sức khỏe,standard,A00;A01;A02;B00;B01;B03;C01;C02;C12;D01;D07;D08;X10;X14,A00,observed,,,,,Khối sức khỏe: có ngưỡng điểm sàn của Bộ,3,15.0,confirmed_2_sources,https://diemthi.vnexpress.net/tra-cuu-dai-hoc/loadbenchmark/id/270/year/2026/sortby/1/block_name/-1,True
HIU:7810103,HIU,Đại học Quốc tế Hồng Bàng,TP. Hồ Chí Minh,,7810103,Quản trị dịch vụ du lịch và lữ hành,7810103,du_lich,Du lịch - Khách sạn - Logistics - Hàng không - Dịch vụ,standard,A00;A01;C00;C03;C04;D01;D09;D10;D14;D15;X01;X26;X71,A00,observed,,,,,,4,15.0,confirmed_2_sources,https://diemthi.vnexpress.net/tra-cuu-dai-hoc/loadbenchmark/id/270/year/2026/sortby/1/block_name/-1,True
HIU:7810201,HIU,Đại học Quốc tế Hồng Bàng,TP. Hồ Chí Minh,,7810201,Quản trị khách sạn,7810201,du_lich,Du lịch - Khách sạn - Logistics - Hàng không - Dịch vụ,standard,A00;A01;C00;C03;C04;D01;D09;D10;D14;D15;X01;X26;X71,A00,observed,,,,,,4,15.0,confirmed_2_sources,https://diemthi.vnexpress.net/tra-cuu-dai-hoc/loadbenchmark/id/270/year/2026/sortby/1/block_name/-1,True
HQT:HQT01,HQT,Học viện Ngoại giao,Hà Nội,,HQT01,Quan hệ quốc tế,,xa_hoi,Khoa học xã hội - Tâm lý - Nhân văn - Chính trị - Hành chính,international,A00;A01;C00;D01;D03;D04;D06;D07;D09;D10;D14;D15,A00,observed,400.0,45000000.0,45000000.0,per_year,"Học bằng tiếng Anh (thường cần trình độ tiếng Anh tốt, có thể yêu cầu IELTS/chứng chỉ khi nhập học) | Chương trình liên kết/quốc tế: học phí cao hơn chương trình chuẩn",4,26.25,confirmed_2_sources,https://diemthi.vnexpress.net/tra-cuu-dai-hoc/loadbenchmark/id/386/year/2026/sortby/1/block_name/-1,False
HQT:HQT02,HQT,Học viện Ngoại giao,Hà Nội,,HQT02,Ngôn ngữ Anh,,ngon_ngu,Ngôn ngữ - Văn hóa - Quốc tế học,standard,A01;D01;D07;D09;D10;D14;D15,A01,observed,200.0,45000000.0,45000000.0,per_year,,2,25.25,confirmed_2_sources,https://diemthi.vnexpress.net/tra-cuu-dai-hoc/loadbenchmark/id/386/year/2026/sortby/1/block_name/-1,False
HQT:HQT03,HQT,Học viện Ngoại giao,Hà Nội,,HQT03,Kinh tế quốc tế,,kinh_te,Kinh tế - Kinh doanh - Quản trị - Marketing - Thương mại,international,A00;A01;D01;D03;D04;D06;D07;D09;D10,A00,observed,260.0,45000000.0,45000000.0,per_year,"Học bằng tiếng Anh (thường cần trình độ tiếng Anh tốt, có thể yêu cầu IELTS/chứng chỉ khi nhập học) | Chương trình liên kết/quốc tế: học phí cao hơn chương trình chuẩn",4,25.0,confirmed_2_sources,https://diemthi.vnexpress.net/tra-cuu-dai-hoc/loadbenchmark/id/386/year/2026/sortby/1/block_name/-1,False
HQT:HQT04,HQT,Học viện Ngoại giao,Hà Nội,,HQT04,Luật quốc tế,,luat,Luật,international,A00;A01;C00;D01;D03;D04;D06;D07;D09;D10;D14;D15,A00,observed,200.0,45000000.0,45000000.0,per_year,"Học bằng tiếng Anh (thường cần trình độ tiếng Anh tốt, có thể yêu cầu IELTS/chứng chỉ khi nhập học) | Chương trình liên kết/quốc tế: học phí cao hơn chương trình chuẩn",3,25.07,confirmed_2_sources,https://diemthi.vnexpress.net/tra-cuu-dai-hoc/loadbenchmark/id/386/year/2026/sortby/1/block_name/-1,False
HQT:HQT05,HQT,Học viện Ngoại giao,Hà Nội,,HQT05,Truyền thông quốc tế,,bao_chi,Báo chí - Truyền thông - Quan hệ công chúng,international,A00;A01;C00;D01;D03;D04;D06;D07;D09;D10;D14;D15,A00,observed,400.0,45000000.0,45000000.0,per_year,"Học bằng tiếng Anh (thường cần trình độ tiếng Anh tốt, có thể yêu cầu IELTS/chứng chỉ khi nhập học) | Chương trình liên kết/quốc tế: học phí cao hơn chương trình chuẩn",4,26.0,confirmed_2_sources,https://diemthi.vnexpress.net/tra-cuu-dai-hoc/loadbenchmark/id/386/year/2026/sortby/1/block_name/-1,False
HQT:HQT06,HQT,Học viện Ngoại giao,Hà Nội,,HQT06,Kinh doanh quốc tế,,kinh_te,Kinh tế - Kinh doanh - Quản trị - Marketing - Thương mại,international,A00;A01;D01;D03;D04;D06;D07;D09;D10,A00,observed,260.0,45000000.0,45000000.0,per_year,"Học bằng tiếng Anh (thường cần trình độ tiếng Anh tốt, có thể yêu cầu IELTS/chứng chỉ khi nhập học) | Chương trình liên kết/quốc tế: học phí cao hơn chương trình chuẩn",4,25.42,confirmed_2_sources,https://diemthi.vnexpress.net/tra-cuu-dai-hoc/loadbenchmark/id/386/year/2026/sortby/1/block_name/-1,False
HQT:HQT07,HQT,Học viện Ngoại giao,Hà Nội,,HQT07,Luật thương mại quốc tế,,luat,Luật,international,A00;A01;C00;D01;D03;D04;D06;D07;D09;D10;D14;D15,A00,observed,200.0,34000000.0,34000000.0,per_year,"Học bằng tiếng Anh (thường cần trình độ tiếng Anh tốt, có thể yêu cầu IELTS/chứng chỉ khi nhập học) | Chương trình liên kết/quốc tế: học phí cao hơn chương trình chuẩn",4,24.87,confirmed_2_sources,https://diemthi.vnexpress.net/tra-cuu-dai-hoc/loadbenchmark/id/386/year/2026/sortby/1/block_name/-1,False
HQT:HQT08-01,HQT,Học viện Ngoại giao,Hà Nội,,HQT08-01,Hàn Quốc học,,ngon_ngu,Ngôn ngữ - Văn hóa - Quốc tế học,standard,A00;A01;C00;D01;D07;D09;D10;D14;D15,A00,observed,80.0,45000000.0,45000000.0,,,3,23.75,single_source,https://diemthi.vnexpress.net/tra-cuu-dai-hoc/loadbenchmark/id/386/year/2026/sortby/1/block_name/-1,True
HQT:HQT08-02,HQT,Học viện Ngoại giao,Hà Nội,,HQT08-02,Hoa Kỳ học,,y_duoc,Y - Dược - Điều dưỡng - Sức khỏe,standard,A00;A01;C00;D01;D07;D09;D10;D14;D15,A00,observed,40.0,45000000.0,45000000.0,,Khối sức khỏe: có ngưỡng điểm sàn của Bộ,4,24.5,single_source,https://diemthi.vnexpress.net/tra-cuu-dai-hoc/loadbenchmark/id/386/year/2026/sortby/1/block_name/-1,True
HQT:HQT08-03,HQT,Học viện Ngoại giao,Hà Nội,,HQT08-03,Nhật Bản học,,ngon_ngu,Ngôn ngữ - Văn hóa - Quốc tế học,standard,A00;A01;C00;D01;D06;D07;D09;D10;D14;D15,A00,observed,40.0,45000000.0,45000000.0,,,3,23.75,single_source,https://diemthi.vnexpress.net/tra-cuu-dai-hoc/loadbenchmark/id/386/year/2026/sortby/1/block_name/-1,True
HQT:HQT08-04,HQT,Học viện Ngoại giao,Hà Nội,,HQT08-04,Trung Quốc học,,ngon_ngu,Ngôn ngữ - Văn hóa - Quốc tế học,standard,A00;A01;C00;D01;D04;D07;D09;D10;D14;D15,A00,observed,120.0,45000000.0,45000000.0,,,4,24.5,single_source,https://diemthi.vnexpress.net/tra-cuu-dai-hoc/loadbenchmark/id/386/year/2026/sortby/1/block_name/-1,True
HSU:7210403,HSU,Trường Đại học Hoa Sen,TP. Hồ Chí Minh,,7210403,Thiết kế đồ họa,7210403,thiet_ke,Thiết kế - Nghệ thuật - Sáng tạo số,standard,A00;A01;B03;C00;C01;C02;C03;C04;D01;D09;X01;X02;X03;X04;D14;C10,A00,observed,,,,,,4,15.0,single_source,https://diemthi.vnexpress.net/tra-cuu-dai-hoc/loadbenchmark/id/261/year/2026/sortby/1/block_name/-1,True
HSU:7210404,HSU,Trường Đại học Hoa Sen,TP. Hồ Chí Minh,,7210404,Thiết kế thời trang,7210404,y_duoc,Y - Dược - Điều dưỡng - Sức khỏe,standard,A00;A01;B03;C00;C01;C02;C03;C04;D01;D09;X01;X02;X03;X04;D14;C10,A00,observed,,,,,Khối sức khỏe: có ngưỡng điểm sàn của Bộ,4,15.0,single_source,https://diemthi.vnexpress.net/tra-cuu-dai-hoc/loadbenchmark/id/261/year/2026/sortby/1/block_name/-1,True
HSU:7210408,HSU,Trường Đại học Hoa Sen,TP. Hồ Chí Minh,,7210408,Nghệ thuật số,7210408,thiet_ke,Thiết kế - Nghệ thuật - Sáng tạo số,standard,A00;A01;B03;C00;C01;C02;C03;C04;D01;D09;X01;X02;X03;X04;D14;C10,A00,observed,,,,,,4,15.0,single_source,https://diemthi.vnexpress.net/tra-cuu-dai-hoc/loadbenchmark/id/261/year/2026/sortby/1/block_name/-1,True
HSU:7220201,HSU,Trường Đại học Hoa Sen,TP. Hồ Chí Minh,,7220201,Ngôn ngữ Anh,7220201,ngon_ngu,Ngôn ngữ - Văn hóa - Quốc tế học,standard,A01;B03;C01;C02;C03;C04;D01;D14;X01;X02;X03;X04;D09;D15;X25;X79,A01,observed,,,,,,4,15.0,single_source,https://diemthi.vnexpress.net/tra-cuu-dai-hoc/loadbenchmark/id/261/year/2026/sortby/1/block_name/-1,True
HSU:7220204,HSU,Trường Đại học Hoa Sen,TP. Hồ Chí Minh,,7220204,Ngôn ngữ Trung Quốc,7220204,ngon_ngu,Ngôn ngữ - Văn hóa - Quốc tế học,standard,A01;B03;C01;C02;C03;C04;D01;D04;X01;X02;X03;X04;D14;X25;X79,A01,observed,,,,,,3,15.0,single_source,https://diemthi.vnexpress.net/tra-cuu-dai-hoc/loadbenchmark/id/261/year/2026/sortby/1/block_name/-1,True
HSU:7220210,HSU,Trường Đại học Hoa Sen,TP. Hồ Chí Minh,,7220210,Ngôn ngữ Hàn Quốc,7220210,ngon_ngu,Ngôn ngữ - Văn hóa - Quốc tế học,standard,A01;B03;C01;C02;C03;C04;D01;X01;X02;X03;X04;D09;D14;X25;X79,A01,observed,,,,,,2,15.0,single_source,https://diemthi.vnexpress.net/tra-cuu-dai-hoc/loadbenchmark/id/261/year/2026/sortby/1/block_name/-1,True
HSU:7310113,HSU,Trường Đại học Hoa Sen,TP. Hồ Chí Minh,,7310113,Kinh tế thể thao,7310113,kinh_te,Kinh tế - Kinh doanh - Quản trị - Marketing - Thương mại,standard,A00;B03;C00;C01;C02;C03;C04;D01;X01;A01;X02;X03;X04;D03;D09,A00,observed,,,,,,4,15.0,single_source,https://diemthi.vnexpress.net/tra-cuu-dai-hoc/loadbenchmark/id/261/year/2026/sortby/1/block_name/-1,True
HSU:7310401,HSU,Trường Đại học Hoa Sen,TP. Hồ Chí Minh,,7310401,Tâm lý học,7310401,y_duoc,Y - Dược - Điều dưỡng - Sức khỏe,standard,A00;A01;B03;C00;C01;C02;C03;C04;D01;D09;X01;X02;X03;X04;D08,A00,observed,,,,,Khối sức khỏe: có ngưỡng điểm sàn của Bộ,4,15.0,single_source,https://diemthi.vnexpress.net/tra-cuu-dai-hoc/loadbenchmark/id/261/year/2026/sortby/1/block_name/-1,True
HSU:7320104,HSU,Trường Đại học Hoa Sen,TP. Hồ Chí Minh,,7320104,Truyền thông đa phương tiện,7320104,bao_chi,Báo chí - Truyền thông - Quan hệ công chúng,standard,A00;A01;B03;C00;C01;C02;C03;C04;D01;D09;X01;X02;X03;X04,A00,observed,,,,,,3,15.0,single_source,https://diemthi.vnexpress.net/tra-cuu-dai-hoc/loadbenchmark/id/261/year/2026/sortby/1/block_name/-1,True
HSU:7320108,HSU,Trường Đại học Hoa Sen,TP. Hồ Chí Minh,,7320108,Quan hệ công chúng,7320108,bao_chi,Báo chí - Truyền thông - Quan hệ công chúng,standard,A00;A01;B03;C00;C01;C02;C03;C04;D01;D09;X01;X02;X03;X04;D03,A00,observed,,,,,,4,15.0,single_source,https://diemthi.vnexpress.net/tra-cuu-dai-hoc/loadbenchmark/id/261/year/2026/sortby/1/block_name/-1,True
HSU:7340101,HSU,Trường Đại học Hoa Sen,TP. Hồ Chí Minh,,7340101,Quản trị Kinh doanh,7340101,kinh_te,Kinh tế - Kinh doanh - Quản trị - Marketing - Thương mại,standard,A00;B03;C00;C01;C02;C03;C04;D01;X01;A01;X02;X03;X04;D03;D09,A00,observed,,,,,,4,15.0,single_source,https://diemthi.vnexpress.net/tra-cuu-dai-hoc/loadbenchmark/id/261/year/2026/sortby/1/block_name/-1,True
HSU:7340114,HSU,Trường Đại học Hoa Sen,TP. Hồ Chí Minh,,7340114,Marketing kỹ thuật số,7340114,kinh_te,Kinh tế - Kinh doanh - Quản trị - Marketing - Thương mại,standard,A00;B03;C00;C01;C02;C03;C04;D01;X01;A01;X02;X03;X04;D03;D09,A00,observed,,,,,,4,15.0,single_source,https://diemthi.vnexpress.net/tra-cuu-dai-hoc/loadbenchmark/id/261/year/2026/sortby/1/block_name/-1,True
HSU:7340115,HSU,Trường Đại học Hoa Sen,TP. Hồ Chí Minh,,7340115,Marketing,7340115,kinh_te,Kinh tế - Kinh doanh - Quản trị - Marketing - Thương mại,standard,A00;B03;C00;C01;C02;C03;C04;D01;X01;A01;X02;X03;X04;D03;D09,A00,observed,,,,,,4,15.0,single_source,https://diemthi.vnexpress.net/tra-cuu-dai-hoc/loadbenchmark/id/261/year/2026/sortby/1/block_name/-1,True
HSU:7340120,HSU,Trường Đại học Hoa Sen,TP. Hồ Chí Minh,,7340120,Ngành Kinh doanh quốc tế,7340120,kinh_te,Kinh tế - Kinh doanh - Quản trị - Marketing - Thương mại,international,A00;B03;C00;C01;C02;C03;C04;D01;X01;A01;X02;X03;X04;D03;D09,A00,observed,,,,,"Học bằng tiếng Anh (thường cần trình độ tiếng Anh tốt, có thể yêu cầu IELTS/chứng chỉ khi nhập học) | Chương trình liên kết/quốc tế: học phí cao hơn chương trình chuẩn",4,15.0,single_source,https://diemthi.vnexpress.net/tra-cuu-dai-hoc/loadbenchmark/id/261/year/2026/sortby/1/block_name/-1,True
HSU:7340122,HSU,Trường Đại học Hoa Sen,TP. Hồ Chí Minh,,7340122,Thương mại điện tử,7340122,kinh_te,Kinh tế - Kinh doanh - Quản trị - Marketing - Thương mại,standard,A00;B03;C00;C01;C02;C03;C04;D01;X01;A01;X02;X03;X04;D03;D09,A00,observed,,,,,,4,15.0,single_source,https://diemthi.vnexpress.net/tra-cuu-dai-hoc/loadbenchmark/id/261/year/2026/sortby/1/block_name/-1,True
HSU:7340201,HSU,Trường Đại học Hoa Sen,TP. Hồ Chí Minh,,7340201,Tài chính – Ngân hàng,7340201,tai_chinh,Tài chính - Ngân hàng - Kế toán - Kiểm toán - Bảo hiểm,standard,A00;B03;C00;C01;C02;C03;C04;D01;X01;A01;X02;X03;X04;D03;D09,A00,observed,,,,,,4,15.0,single_source,https://diemthi.vnexpress.net/tra-cuu-dai-hoc/loadbenchmark/id/261/year/2026/sortby/1/block_name/-1,True
HSU:7340205,HSU,Trường Đại học Hoa Sen,TP. Hồ Chí Minh,,7340205,Công nghệ tài chính,7340205,tai_chinh,Tài chính - Ngân hàng - Kế toán - Kiểm toán - Bảo hiểm,standard,A00;B03;C00;C01;C02;C03;C04;D01;X01;A01;X02;X03;X04;D03;D09,A00,observed,,,,,,4,15.0,single_source,https://diemthi.vnexpress.net/tra-cuu-dai-hoc/loadbenchmark/id/261/year/2026/sortby/1/block_name/-1,True
HSU:7340301,HSU,Trường Đại học Hoa Sen,TP. Hồ Chí Minh,,7340301,Kế toán,7340301,tai_chinh,Tài chính - Ngân hàng - Kế toán - Kiểm toán - Bảo hiểm,standard,A00;B03;C00;C01;C02;C03;C04;D01;X01;A01;X02;X03;X04;D03;D09,A00,observed,,,,,,4,15.0,single_source,https://diemthi.vnexpress.net/tra-cuu-dai-hoc/loadbenchmark/id/261/year/2026/sortby/1/block_name/-1,True
HSU:7340404,HSU,Trường Đại học Hoa Sen,TP. Hồ Chí Minh,,7340404,Quản trị nhân lực,7340404,kinh_te,Kinh tế - Kinh doanh - Quản trị - Marketing - Thương mại,standard,A00;B03;C00;C01;C02;C03;C04;D01;X01;A01;X02;X03;X04;D03;D09,A00,observed,,,,,,4,15.0,single_source,https://diemthi.vnexpress.net/tra-cuu-dai-hoc/loadbenchmark/id/261/year/2026/sortby/1/block_name/-1,True
HSU:7340410,HSU,Trường Đại học Hoa Sen,TP. Hồ Chí Minh,,7340410,Quản trị công nghệ truyền thông*,7340410,bao_chi,Báo chí - Truyền thông - Quan hệ công chúng,standard,A00;B03;C00;C01;C02;C03;C04;D01;X01;A01;X02;X03;X04;D03;D09,A00,observed,,,,,,4,15.0,single_source,https://diemthi.vnexpress.net/tra-cuu-dai-hoc/loadbenchmark/id/261/year/2026/sortby/1/block_name/-1,True
HSU:7340412,HSU,Trường Đại học Hoa Sen,TP. Hồ Chí Minh,,7340412,Quản trị sự kiện,7340412,du_lich,Du lịch - Khách sạn - Logistics - Hàng không - Dịch vụ,standard,A00;B03;C00;C01;C02;C03;C04;D01;X01;A01;X02;X03;X04;D03;D09,A00,observed,,,,,,4,15.0,single_source,https://diemthi.vnexpress.net/tra-cuu-dai-hoc/loadbenchmark/id/261/year/2026/sortby/1/block_name/-1,True
HSU:7380101,HSU,Trường Đại học Hoa Sen,TP. Hồ Chí Minh,,7380101,Ngành Luật,7380101,luat,Luật,standard,A00;A01;B03;C00;C01;C02;C03;C04;D01;D09;X01;X02;X03;X04,A00,observed,,,,,,3,20.0,single_source,https://diemthi.vnexpress.net/tra-cuu-dai-hoc/loadbenchmark/id/261/year/2026/sortby/1/block_name/-1,True
HSU:7380107,HSU,Trường Đại học Hoa Sen,TP. Hồ Chí Minh,,7380107,Luật kinh tế,7380107,luat,Luật,standard,A00;A01;B03;C00;C01;C02;C03;C04;D01;D09;X01;X02;X03;X04;D03,A00,observed,,,,,,4,20.0,single_source,https://diemthi.vnexpress.net/tra-cuu-dai-hoc/loadbenchmark/id/261/year/2026/sortby/1/block_name/-1,True
HSU:7380108,HSU,Trường Đại học Hoa Sen,TP. Hồ Chí Minh,,7380108,Luật quốc tế,7380108,luat,Luật,international,A00;A01;B03;C00;C01;C02;C03;C04;D01;D09;X01;X02;X03;X04,A00,observed,,,,,"Học bằng tiếng Anh (thường cần trình độ tiếng Anh tốt, có thể yêu cầu IELTS/chứng chỉ khi nhập học) | Chương trình liên kết/quốc tế: học phí cao hơn chương trình chuẩn",1,20.0,single_source,https://diemthi.vnexpress.net/tra-cuu-dai-hoc/loadbenchmark/id/261/year/2026/sortby/1/block_name/-1,True
HSU:7480103,HSU,Trường Đại học Hoa Sen,TP. Hồ Chí Minh,,7480103,Kỹ thuật phần mềm,7480103,cntt,Công nghệ thông tin - Máy tính - Dữ liệu - AI,standard,A00;A01;B03;C01;C02;C03;C04;D01;X01;X02;X03;X04;D03;D07,A00,observed,,,,,,4,15.0,single_source,https://diemthi.vnexpress.net/tra-cuu-dai-hoc/loadbenchmark/id/261/year/2026/sortby/1/block_name/-1,True
HSU:7480107,HSU,Trường Đại học Hoa Sen,TP. Hồ Chí Minh,,7480107,Trí tuệ nhân tạo,7480107,cntt,Công nghệ thông tin - Máy tính - Dữ liệu - AI,standard,A00;A01;B03;C01;C02;C03;C04;D01;X01;X02;X03;X04;D03;D07,A00,observed,,,,,,3,15.0,single_source,https://diemthi.vnexpress.net/tra-cuu-dai-hoc/loadbenchmark/id/261/year/2026/sortby/1/block_name/-1,True
HSU:7480201,HSU,Trường Đại học Hoa Sen,TP. Hồ Chí Minh,,7480201,Công nghệ thông tin,7480201,cntt,Công nghệ thông tin - Máy tính - Dữ liệu - AI,standard,A00;A01;B03;C01;C02;C03;C04;D01;X01;X02;X03;X04;D03;D07,A00,observed,,,,,,4,15.0,single_source,https://diemthi.vnexpress.net/tra-cuu-dai-hoc/loadbenchmark/id/261/year/2026/sortby/1/block_name/-1,True
HSU:7480208,HSU,Trường Đại học Hoa Sen,TP. Hồ Chí Minh,,7480208,An ninh mạng,7480208,cntt,Công nghệ thông tin - Máy tính - Dữ liệu - AI,standard,A00;A01;B03;C01;C02;C03;C04;D01;X01;X02;X03;X04,A00,observed,,,,,,1,15.0,single_source,https://diemthi.vnexpress.net/tra-cuu-dai-hoc/loadbenchmark/id/261/year/2026/sortby/1/block_name/-1,True
HSU:7510605,HSU,Trường Đại học Hoa Sen,TP. Hồ Chí Minh,,7510605,Logistics và Quản lý chuỗi cung ứng,7510605,du_lich,Du lịch - Khách sạn - Logistics - Hàng không - Dịch vụ,standard,A00;A01;B03;C00;C01;C02;C03;C04;D01;D09;X01;X02;X03;X04;D03,A00,observed,,,,,,4,15.0,single_source,https://diemthi.vnexpress.net/tra-cuu-dai-hoc/loadbenchmark/id/261/year/2026/sortby/1/block_name/-1,True
HSU:7580108,HSU,Trường Đại học Hoa Sen,TP. Hồ Chí Minh,,7580108,Thiết kế nội thất,7580108,xay_dung,Kiến trúc - Xây dựng - Giao thông - Quy hoạch,standard,A00;A01;B03;C00;C01;C02;C03;C04;D01;D09;X01;X02;X03;X04;D14,A00,observed,,,,,,4,15.0,single_source,https://diemthi.vnexpress.net/tra-cuu-dai-hoc/loadbenchmark/id/261/year/2026/sortby/1/block_name/-1,True
HSU:7810103,HSU,Trường Đại học Hoa Sen,TP. Hồ Chí Minh,,7810103,Quản trị dịch vụ du lịch và lữ hành,7810103,du_lich,Du lịch - Khách sạn - Logistics - Hàng không - Dịch vụ,standard,A00;A01;B03;C00;C01;C02;C03;C04;D01;D09;X01;X02;X03;X04;D03,A00,observed,,,,,,4,15.0,single_source,https://diemthi.vnexpress.net/tra-cuu-dai-hoc/loadbenchmark/id/261/year/2026/sortby/1/block_name/-1,True
HSU:7810201,HSU,Trường Đại học Hoa Sen,TP. Hồ Chí Minh,,7810201,Quản trị khách sạn,7810201,du_lich,Du lịch - Khách sạn - Logistics - Hàng không - Dịch vụ,standard,A00;A01;B03;C00;C01;C02;C03;C04;D01;D09;X01;X02;X03;X04;D03,A00,observed,,,,,,4,15.0,single_source,https://diemthi.vnexpress.net/tra-cuu-dai-hoc/loadbenchmark/id/261/year/2026/sortby/1/block_name/-1,True
HSU:7810202,HSU,Trường Đại học Hoa Sen,TP. Hồ Chí Minh,,7810202,Quản trị nhà hàng và dịch vụ ăn uống,7810202,du_lich,Du lịch - Khách sạn - Logistics - Hàng không - Dịch vụ,standard,A00;A01;B03;C00;C01;C02;C03;C04;D01;D09;X01;X02;X03;X04;D03,A00,observed,,,,,,4,15.0,single_source,https://diemthi.vnexpress.net/tra-cuu-dai-hoc/loadbenchmark/id/261/year/2026/sortby/1/block_name/-1,True
HTC:HC0101QT,HTC,Học viện Tài chính,Hà Nội,,HC0101QT,Thuế và Quản trị thuế (Theo định hướng ACCA),,tai_chinh,Tài chính - Ngân hàng - Kế toán - Kiểm toán - Bảo hiểm,standard,A01;D01;D07;X26,A01,observed,80.0,,,,,1,22.96,confirmed_2_sources,https://diemthi.vnexpress.net/tra-cuu-dai-hoc/loadbenchmark/id/387/year/2026/sortby/1/block_name/-1,True
HTC:HC0106QT,HTC,Học viện Tài chính,Hà Nội,,HC0106QT,Hải quan và Logistics (Theo định hướng FIATA),,du_lich,Du lịch - Khách sạn - Logistics - Hàng không - Dịch vụ,standard,A01;D01;D07;X26,A01,observed,510.0,,,,,1,24.44,confirmed_2_sources,https://diemthi.vnexpress.net/tra-cuu-dai-hoc/loadbenchmark/id/387/year/2026/sortby/1/block_name/-1,True
HTC:HC0108QT,HTC,Học viện Tài chính,Hà Nội,,HC0108QT,Tài chính quốc tế (Theo định hướng CMA) *,,tai_chinh,Tài chính - Ngân hàng - Kế toán - Kiểm toán - Bảo hiểm,international,A01;D01;D07;X26,A01,observed,50.0,,,,"Học bằng tiếng Anh (thường cần trình độ tiếng Anh tốt, có thể yêu cầu IELTS/chứng chỉ khi nhập học) | Chương trình liên kết/quốc tế: học phí cao hơn chương trình chuẩn",1,23.22,confirmed_2_sources,https://diemthi.vnexpress.net/tra-cuu-dai-hoc/loadbenchmark/id/387/year/2026/sortby/1/block_name/-1,True
HTC:HC0109QT,HTC,Học viện Tài chính,Hà Nội,,HC0109QT,Phân tích tài chính (Theo định hướng ICAEW CFAB),,tai_chinh,Tài chính - Ngân hàng - Kế toán - Kiểm toán - Bảo hiểm,standard,A01;D01;D07;X26,A01,observed,200.0,,,,,1,22.75,confirmed_2_sources,https://diemthi.vnexpress.net/tra-cuu-dai-hoc/loadbenchmark/id/387/year/2026/sortby/1/block_name/-1,True
HTC:HC0111QT,HTC,Học viện Tài chính,Hà Nội,,HC0111QT,Tài chính doanh nghiệp (Theo định hướng ACCA),,tai_chinh,Tài chính - Ngân hàng - Kế toán - Kiểm toán - Bảo hiểm,standard,A01;D01;D07;X26,A01,observed,600.0,,,,,1,23.7,confirmed_2_sources,https://diemthi.vnexpress.net/tra-cuu-dai-hoc/loadbenchmark/id/387/year/2026/sortby/1/block_name/-1,True
HTC:HC0115QT,HTC,Học viện Tài chính,Hà Nội,,HC0115QT,Ngân hàng (Theo định hướng ICAEW CFAB),,tai_chinh,Tài chính - Ngân hàng - Kế toán - Kiểm toán - Bảo hiểm,standard,A01;D01;D07;X26,A01,observed,80.0,,,,,1,22.98,confirmed_2_sources,https://diemthi.vnexpress.net/tra-cuu-dai-hoc/loadbenchmark/id/387/year/2026/sortby/1/block_name/-1,True
HTC:HC0119,HTC,Học viện Tài chính,Hà Nội,,HC0119,Tài chính - Ngân hàng (CTĐT Thuế; Hải quan và nghiệp vụ ngoại thương; Tài chính quốc tế; Phân tích tài chính; Tài chính doanh nghiệp; Ngân hàng; Đầu tư tải chính; Tài chính số *),,tai_chinh,Tài chính - Ngân hàng - Kế toán - Kiểm toán - Bảo hiểm,international,A00;A01;D01;D07;X06;X26,A00,observed,900.0,,,,"Học bằng tiếng Anh (thường cần trình độ tiếng Anh tốt, có thể yêu cầu IELTS/chứng chỉ khi nhập học) | Chương trình liên kết/quốc tế: học phí cao hơn chương trình chuẩn",1,26.66,confirmed_2_sources,https://diemthi.vnexpress.net/tra-cuu-dai-hoc/loadbenchmark/id/387/year/2026/sortby/1/block_name/-1,True
HTC:HC0119QT,HTC,Học viện Tài chính,Hà Nội,,HC0119QT,Đầu tư tài chính (Theo định hướng ICAEW CFAB),,tai_chinh,Tài chính - Ngân hàng - Kế toán - Kiểm toán - Bảo hiểm,standard,A01;D01;D07;X26,A01,observed,80.0,,,,,1,23.0,confirmed_2_sources,https://diemthi.vnexpress.net/tra-cuu-dai-hoc/loadbenchmark/id/387/year/2026/sortby/1/block_name/-1,True
HTC:HC0201QT,HTC,Học viện Tài chính,Hà Nội,,HC0201QT,Kế toán doanh nghiệp (Theo định hướng ACCA),,tai_chinh,Tài chính - Ngân hàng - Kế toán - Kiểm toán - Bảo hiểm,standard,A01;D01;D07;X26,A01,observed,370.0,,,,,1,23.8,confirmed_2_sources,https://diemthi.vnexpress.net/tra-cuu-dai-hoc/loadbenchmark/id/387/year/2026/sortby/1/block_name/-1,True
HTC:HC0202QT,HTC,Học viện Tài chính,Hà Nội,,HC0202QT,Kế toán quản trị và Kiểm soát quản lý (Theo định hướng CMA),,tai_chinh,Tài chính - Ngân hàng - Kế toán - Kiểm toán - Bảo hiểm,standard,A01;D01;D07;X26,A01,observed,80.0,,,,,1,22.25,confirmed_2_sources,https://diemthi.vnexpress.net/tra-cuu-dai-hoc/loadbenchmark/id/387/year/2026/sortby/1/block_name/-1,True
HTC:HC0203QT,HTC,Học viện Tài chính,Hà Nội,,HC0203QT,Kế toán công (Theo định hướng ACCA),,tai_chinh,Tài chính - Ngân hàng - Kế toán - Kiểm toán - Bảo hiểm,standard,A01;D01;D07;X26,A01,observed,100.0,,,,,1,22.12,confirmed_2_sources,https://diemthi.vnexpress.net/tra-cuu-dai-hoc/loadbenchmark/id/387/year/2026/sortby/1/block_name/-1,True
HTC:HC0214,HTC,Học viện Tài chính,Hà Nội,,HC0214,Kế toán (CTĐT Kế toán doanh nghiệp; Kế toán công; Kế toán và phân tích dữ liệu *),,tai_chinh,Tài chính - Ngân hàng - Kế toán - Kiểm toán - Bảo hiểm,standard,A00;A01;D01;D07;X06;X26,A00,observed,511.0,,,,,1,26.7,confirmed_2_sources,https://diemthi.vnexpress.net/tra-cuu-dai-hoc/loadbenchmark/id/387/year/2026/sortby/1/block_name/-1,True
HTC:HC0301QT,HTC,Học viện Tài chính,Hà Nội,,HC0301QT,Quản trị doanh nghiệp (Theo định hướng ICAEW CFAB),,kinh_te,Kinh tế - Kinh doanh - Quản trị - Marketing - Thương mại,standard,A01;D01;D07;X26,A01,observed,160.0,,,,,1,21.91,confirmed_2_sources,https://diemthi.vnexpress.net/tra-cuu-dai-hoc/loadbenchmark/id/387/year/2026/sortby/1/block_name/-1,True
HTC:HC0303QT,HTC,Học viện Tài chính,Hà Nội,,HC0303QT,Quản trị kinh doanh khách sạn (Theo định hướng AHLEI) *,,du_lich,Du lịch - Khách sạn - Logistics - Hàng không - Dịch vụ,standard,A01;D01;D07;X26,A01,observed,50.0,,,,,1,21.0,confirmed_2_sources,https://diemthi.vnexpress.net/tra-cuu-dai-hoc/loadbenchmark/id/387/year/2026/sortby/1/block_name/-1,True
HTC:HC0312,HTC,Học viện Tài chính,Hà Nội,,HC0312,Quản trị kinh doanh (CTĐT Quản trị doanh nghiệp; Quản trị kinh doanh du lịch),,du_lich,Du lịch - Khách sạn - Logistics - Hàng không - Dịch vụ,standard,A00;A01;D01;D07;X06;X26,A00,observed,160.0,,,,,1,25.72,confirmed_2_sources,https://diemthi.vnexpress.net/tra-cuu-dai-hoc/loadbenchmark/id/387/year/2026/sortby/1/block_name/-1,True
HTC:HC0401,HTC,Học viện Tài chính,Hà Nội,,HC0401,Tin học tài chính kế toán,,tai_chinh,Tài chính - Ngân hàng - Kế toán - Kiểm toán - Bảo hiểm,standard,A00;A01;D01;D07;X06;X26,A00,observed,110.0,,,,,1,25.73,confirmed_2_sources,https://diemthi.vnexpress.net/tra-cuu-dai-hoc/loadbenchmark/id/387/year/2026/sortby/1/block_name/-1,True
HTC:HC0512,HTC,Học viện Tài chính,Hà Nội,,HC0512,Ngôn ngữ Anh (CTĐT Tiếng Anh tài chính kế toán; Tiếng Anh và tiếng Trung tài chính kế toán *),,tai_chinh,Tài chính - Ngân hàng - Kế toán - Kiểm toán - Bảo hiểm,standard,A01;D01;D07;X26,A01,observed,170.0,,,,"Học bằng tiếng Anh (thường cần trình độ tiếng Anh tốt, có thể yêu cầu IELTS/chứng chỉ khi nhập học)",1,25.37,confirmed_2_sources,https://diemthi.vnexpress.net/tra-cuu-dai-hoc/loadbenchmark/id/387/year/2026/sortby/1/block_name/-1,True
HTC:HC0613,HTC,Học viện Tài chính,Hà Nội,,HC0613,Kinh tế (CTĐT Kinh tế và quản lý nguồn lực tài chính; Kinh tế số *),,tai_chinh,Tài chính - Ngân hàng - Kế toán - Kiểm toán - Bảo hiểm,standard,A00;A01;D01;D07;X06;X26,A00,observed,104.0,,,,,1,26.0,confirmed_2_sources,https://diemthi.vnexpress.net/tra-cuu-dai-hoc/loadbenchmark/id/387/year/2026/sortby/1/block_name/-1,True
HTC:HC0701,HTC,Học viện Tài chính,Hà Nội,,HC0701,Quản lý tài chính công,,tai_chinh,Tài chính - Ngân hàng - Kế toán - Kiểm toán - Bảo hiểm,standard,A00;A01;D01;D07;X06;X26,A00,observed,180.0,,,,,1,25.22,confirmed_2_sources,https://diemthi.vnexpress.net/tra-cuu-dai-hoc/loadbenchmark/id/387/year/2026/sortby/1/block_name/-1,True
HTC:HC0801,HTC,Học viện Tài chính,Hà Nội,,HC0801,Tài chính bảo hiểm,,tai_chinh,Tài chính - Ngân hàng - Kế toán - Kiểm toán - Bảo hiểm,standard,A00;A01;D01;D07;X06;X26,A00,observed,80.0,,,,,1,25.52,confirmed_2_sources,https://diemthi.vnexpress.net/tra-cuu-dai-hoc/loadbenchmark/id/387/year/2026/sortby/1/block_name/-1,True
HTC:HC0901,HTC,Học viện Tài chính,Hà Nội,,HC0901,Thẩm định giá và kinh doanh bất động sản,,tai_chinh,Tài chính - Ngân hàng - Kế toán - Kiểm toán - Bảo hiểm,standard,A00;A01;D01;D07;X06;X26,A00,observed,80.0,,,,,1,24.89,confirmed_2_sources,https://diemthi.vnexpress.net/tra-cuu-dai-hoc/loadbenchmark/id/387/year/2026/sortby/1/block_name/-1,True
HTC:HC0901QT,HTC,Học viện Tài chính,Hà Nội,,HC0901QT,Thẩm định giá và kinh doanh bất động sản (Theo định hướng ACCA),,tai_chinh,Tài chính - Ngân hàng - Kế toán - Kiểm toán - Bảo hiểm,standard,A01;D01;D07;X26,A01,observed,80.0,,,,,1,21.5,confirmed_2_sources,https://diemthi.vnexpress.net/tra-cuu-dai-hoc/loadbenchmark/id/387/year/2026/sortby/1/block_name/-1,True
HTC:HC1001,HTC,Học viện Tài chính,Hà Nội,,HC1001,Kiểm toán,,tai_chinh,Tài chính - Ngân hàng - Kế toán - Kiểm toán - Bảo hiểm,standard,A00;A01;D01;D07;X06;X26,A00,observed,150.0,,,,,1,28.07,confirmed_2_sources,https://diemthi.vnexpress.net/tra-cuu-dai-hoc/loadbenchmark/id/387/year/2026/sortby/1/block_name/-1,True
HTC:HC1001QT,HTC,Học viện Tài chính,Hà Nội,,HC1001QT,Kiểm toán (Theo định hướng ICAEW CFAB),,tai_chinh,Tài chính - Ngân hàng - Kế toán - Kiểm toán - Bảo hiểm,standard,A01;D01;D07;X26,A01,observed,350.0,,,,,1,24.68,confirmed_2_sources,https://diemthi.vnexpress.net/tra-cuu-dai-hoc/loadbenchmark/id/387/year/2026/sortby/1/block_name/-1,True
HTC:HC1101,HTC,Học viện Tài chính,Hà Nội,,HC1101,Marketing,,kinh_te,Kinh tế - Kinh doanh - Quản trị - Marketing - Thương mại,standard,A00;A01;D01;D07;X06;X26,A00,observed,160.0,,,,,1,26.29,confirmed_2_sources,https://diemthi.vnexpress.net/tra-cuu-dai-hoc/loadbenchmark/id/387/year/2026/sortby/1/block_name/-1,True
HTC:HC1102QT,HTC,Học viện Tài chính,Hà Nội,,HC1102QT,Digital Marketing (Theo định hướng ICDL),,kinh_te,Kinh tế - Kinh doanh - Quản trị - Marketing - Thương mại,standard,A01;D01;D07;X26,A01,observed,260.0,,,,,1,23.63,confirmed_2_sources,https://diemthi.vnexpress.net/tra-cuu-dai-hoc/loadbenchmark/id/387/year/2026/sortby/1/block_name/-1,True
HTC:HC1201,HTC,Học viện Tài chính,Hà Nội,,HC1201,Kinh tế đầu tư,,tai_chinh,Tài chính - Ngân hàng - Kế toán - Kiểm toán - Bảo hiểm,standard,A00;A01;D01;D07;X06;X26,A00,observed,80.0,,,,,1,26.56,confirmed_2_sources,https://diemthi.vnexpress.net/tra-cuu-dai-hoc/loadbenchmark/id/387/year/2026/sortby/1/block_name/-1,True
HTC:HC1201QT,HTC,Học viện Tài chính,Hà Nội,,HC1201QT,Kinh tế đầu tư (Theo định hướng ACCA),,tai_chinh,Tài chính - Ngân hàng - Kế toán - Kiểm toán - Bảo hiểm,standard,A01;D01;D07;X26,A01,observed,120.0,,,,,1,24.2,confirmed_2_sources,https://diemthi.vnexpress.net/tra-cuu-dai-hoc/loadbenchmark/id/387/year/2026/sortby/1/block_name/-1,True
HTC:HC1301,HTC,Học viện Tài chính,Hà Nội,,HC1301,Trí tuệ nhân tạo trong tài chính kế toán,,tai_chinh,Tài chính - Ngân hàng - Kế toán - Kiểm toán - Bảo hiểm,standard,A00;A01;D01;D07;X06;X26,A00,observed,51.0,,,,,1,25.78,confirmed_2_sources,https://diemthi.vnexpress.net/tra-cuu-dai-hoc/loadbenchmark/id/387/year/2026/sortby/1/block_name/-1,True
HTC:HC1412,HTC,Học viện Tài chính,Hà Nội,,HC1412,Khoa học dữ liệu (CTĐT Khoa học dữ liệu trong tài chính An ninh tài chính *),,tai_chinh,Tài chính - Ngân hàng - Kế toán - Kiểm toán - Bảo hiểm,standard,A00;A01;D01;D07;X06;X26,A00,observed,52.0,,,,,1,25.92,confirmed_2_sources,https://diemthi.vnexpress.net/tra-cuu-dai-hoc/loadbenchmark/id/387/year/2026/sortby/1/block_name/-1,True
HTC:HC1501QT,HTC,Học viện Tài chính,Hà Nội,,HC1501QT,Kinh doanh quốc tế (Theo định hướng ICAEW CFAB),,kinh_te,Kinh tế - Kinh doanh - Quản trị - Marketing - Thương mại,international,A01;D01;D07;X26,A01,observed,160.0,,,,"Học bằng tiếng Anh (thường cần trình độ tiếng Anh tốt, có thể yêu cầu IELTS/chứng chỉ khi nhập học) | Chương trình liên kết/quốc tế: học phí cao hơn chương trình chuẩn",1,25.37,confirmed_2_sources,https://diemthi.vnexpress.net/tra-cuu-dai-hoc/loadbenchmark/id/387/year/2026/sortby/1/block_name/-1,True
HTC:HC1601,HTC,Học viện Tài chính,Hà Nội,,HC1601,Kinh tế chính trị - Tài chính,,tai_chinh,Tài chính - Ngân hàng - Kế toán - Kiểm toán - Bảo hiểm,standard,A00;A01;D01;D07;X06;X26,A00,observed,50.0,,,,,1,25.61,confirmed_2_sources,https://diemthi.vnexpress.net/tra-cuu-dai-hoc/loadbenchmark/id/387/year/2026/sortby/1/block_name/-1,True
HTC:HC1701,HTC,Học viện Tài chính,Hà Nội,,HC1701,Luật kinh doanh,,luat,Luật,standard,A00;A01;D01;D07;X06;X26,A00,observed,52.0,,,,,1,25.57,confirmed_2_sources,https://diemthi.vnexpress.net/tra-cuu-dai-hoc/loadbenchmark/id/387/year/2026/sortby/1/block_name/-1,True
HTC:HC1812,HTC,Học viện Tài chính,Hà Nội,,HC1812,Toán kinh tế (CTĐT Toán tài chính; Thống kê ứng dụng trong tài chính *),,tai_chinh,Tài chính - Ngân hàng - Kế toán - Kiểm toán - Bảo hiểm,standard,A00;A01;D01;D07;X06;X26,A00,observed,100.0,,,,,1,25.54,confirmed_2_sources,https://diemthi.vnexpress.net/tra-cuu-dai-hoc/loadbenchmark/id/387/year/2026/sortby/1/block_name/-1,True
HVN:HVN01,HVN,Học viện Nông nghiệp Việt Nam,Hà Nội,,HVN01,Thú y,,y_duoc,Y - Dược - Điều dưỡng - Sức khỏe,standard,A00;A01;B00;B08;C03;C04;D01;D07;X01;X07,A00,observed,659.0,,,,Khối sức khỏe: có ngưỡng điểm sàn của Bộ,4,20.3,confirmed_2_sources,https://vietnamnet.vn/newsapi-edu/UniversityDetail/GetDetail?pageId=49ff289efde0446f9ae2f5c385595744&componentId=COMPONENT002302&keyword=HVN&year=2026&pageSize=25&pageIndex=0&typeOfTraining=0&subjectGroup=,True
HVN:HVN02,HVN,Học viện Nông nghiệp Việt Nam,Hà Nội,,HVN02,Chăn nuôi thú y - Thuỷ sản,,y_duoc,Y - Dược - Điều dưỡng - Sức khỏe,standard,A00;A01;B00;B08;C03;C04;D01;D07;X01;X07;X08,A00,observed,240.0,,,,Khối sức khỏe: có ngưỡng điểm sàn của Bộ,4,16.0,confirmed_2_sources,https://vietnamnet.vn/newsapi-edu/UniversityDetail/GetDetail?pageId=49ff289efde0446f9ae2f5c385595744&componentId=COMPONENT002302&keyword=HVN&year=2026&pageSize=25&pageIndex=1&typeOfTraining=0&subjectGroup=,True
HVN:HVN03,HVN,Học viện Nông nghiệp Việt Nam,Hà Nội,,HVN03,Nông nghiệp và cảnh quan,,nong_lam_mt,Nông - Lâm - Thủy sản - Môi trường - Tài nguyên,standard,A00;A01;B00;B08;C03;C04;D01;D07;X01;X07;X08,A00,observed,135.0,,,,,4,16.0,confirmed_2_sources,https://vietnamnet.vn/newsapi-edu/UniversityDetail/GetDetail?pageId=49ff289efde0446f9ae2f5c385595744&componentId=COMPONENT002302&keyword=HVN&year=2026&pageSize=25&pageIndex=1&typeOfTraining=0&subjectGroup=,True
HVN:HVN04,HVN,Học viện Nông nghiệp Việt Nam,Hà Nội,,HVN04,Công nghệ kỹ thuật ô tô và Cơ điện tử,,ky_thuat,"Kỹ thuật - Công nghệ (cơ khí, điện, điện tử, ô tô, tự động hóa, vật liệu)",standard,A00;A01;A03;B08;C01;C02;C03;D01;X02;X07;X08,A00,observed,540.0,,,,,4,20.3,confirmed_2_sources,https://vietnamnet.vn/newsapi-edu/UniversityDetail/GetDetail?pageId=49ff289efde0446f9ae2f5c385595744&componentId=COMPONENT002302&keyword=HVN&year=2026&pageSize=25&pageIndex=0&typeOfTraining=0&subjectGroup=,True
HVN:HVN05,HVN,Học viện Nông nghiệp Việt Nam,Hà Nội,,HVN05,Kỹ thuật cơ khí,,ky_thuat,"Kỹ thuật - Công nghệ (cơ khí, điện, điện tử, ô tô, tự động hóa, vật liệu)",standard,A00;A01;A03;B08;C01;C02;C03;D01;X02;X07;X08,A00,observed,130.0,,,,,4,21.5,confirmed_2_sources,https://vietnamnet.vn/newsapi-edu/UniversityDetail/GetDetail?pageId=49ff289efde0446f9ae2f5c385595744&componentId=COMPONENT002302&keyword=HVN&year=2026&pageSize=25&pageIndex=0&typeOfTraining=0&subjectGroup=,True
HVN:HVN06,HVN,Học viện Nông nghiệp Việt Nam,Hà Nội,,HVN06,"Kỹ thuật điện, Điện tử và Tự động hoá",,ky_thuat,"Kỹ thuật - Công nghệ (cơ khí, điện, điện tử, ô tô, tự động hóa, vật liệu)",standard,A00;A01;A03;B08;C01;C02;C03;D01;X02;X07;X08,A00,observed,280.0,,,,,4,22.0,confirmed_2_sources,https://vietnamnet.vn/newsapi-edu/UniversityDetail/GetDetail?pageId=49ff289efde0446f9ae2f5c385595744&componentId=COMPONENT002302&keyword=HVN&year=2026&pageSize=25&pageIndex=0&typeOfTraining=0&subjectGroup=,True
HVN:HVN07,HVN,Học viện Nông nghiệp Việt Nam,Hà Nội,,HVN07,Logistics và Quản lý chuỗi cung ứng,,du_lich,Du lịch - Khách sạn - Logistics - Hàng không - Dịch vụ,standard,A00;A01;A07;B08;C02;C03;C04;D01;X01;X03;X04,A00,observed,960.0,,,,,4,21.0,confirmed_2_sources,https://vietnamnet.vn/newsapi-edu/UniversityDetail/GetDetail?pageId=49ff289efde0446f9ae2f5c385595744&componentId=COMPONENT002302&keyword=HVN&year=2026&pageSize=25&pageIndex=0&typeOfTraining=0&subjectGroup=,True
HVN:HVN08,HVN,Học viện Nông nghiệp Việt Nam,Hà Nội,,HVN08,"Kế toán, Quản trị kinh doanh và Thương mại",,tai_chinh,Tài chính - Ngân hàng - Kế toán - Kiểm toán - Bảo hiểm,standard,A00;A01;A07;B08;C02;C03;C04;D01;X01;X03;X04,A00,observed,2065.0,,,,,4,17.0,confirmed_2_sources,https://vietnamnet.vn/newsapi-edu/UniversityDetail/GetDetail?pageId=49ff289efde0446f9ae2f5c385595744&componentId=COMPONENT002302&keyword=HVN&year=2026&pageSize=25&pageIndex=1&typeOfTraining=0&subjectGroup=,True
HVN:HVN09,HVN,Học viện Nông nghiệp Việt Nam,Hà Nội,,HVN09,Công nghệ sinh học và Công nghệ dược liệu,,y_duoc,Y - Dược - Điều dưỡng - Sức khỏe,standard,A00;A01;B00;B01;B03;B08;C02;D01;D07;X07;X08,A00,observed,120.0,,,,Khối sức khỏe: có ngưỡng điểm sàn của Bộ,4,19.0,confirmed_2_sources,https://vietnamnet.vn/newsapi-edu/UniversityDetail/GetDetail?pageId=49ff289efde0446f9ae2f5c385595744&componentId=COMPONENT002302&keyword=HVN&year=2026&pageSize=25&pageIndex=1&typeOfTraining=0&subjectGroup=,True
HVN:HVN10,HVN,Học viện Nông nghiệp Việt Nam,Hà Nội,,HVN10,Công nghệ thực phẩm và Chế biến,,sinh_hoa,Sinh học - Hóa học - Công nghệ sinh học - Thực phẩm,standard,A00;A01;B00;B01;B03;B08;C03;D01;D07;X07;X08,A00,observed,415.0,,,,,4,20.3,confirmed_2_sources,https://vietnamnet.vn/newsapi-edu/UniversityDetail/GetDetail?pageId=49ff289efde0446f9ae2f5c385595744&componentId=COMPONENT002302&keyword=HVN&year=2026&pageSize=25&pageIndex=0&typeOfTraining=0&subjectGroup=,True
HVN:HVN11,HVN,Học viện Nông nghiệp Việt Nam,Hà Nội,,HVN11,Kinh tế và Quản lý,,kinh_te,Kinh tế - Kinh doanh - Quản trị - Marketing - Thương mại,standard,A00;A01;A07;B08;C02;C03;C04;D01;X01;X03;X04;D07,A00,observed,565.0,,,,,4,16.5,confirmed_2_sources,https://vietnamnet.vn/newsapi-edu/UniversityDetail/GetDetail?pageId=49ff289efde0446f9ae2f5c385595744&componentId=COMPONENT002302&keyword=HVN&year=2026&pageSize=25&pageIndex=1&typeOfTraining=0&subjectGroup=,True
HVN:HVN12,HVN,Học viện Nông nghiệp Việt Nam,Hà Nội,,HVN12,Xã hội học,,xa_hoi,Khoa học xã hội - Tâm lý - Nhân văn - Chính trị - Hành chính,standard,A01;C00;C03;C04;D01;D14;D15;X03;X04;X70;X74,A01,observed,220.0,,,,,4,16.0,confirmed_2_sources,https://vietnamnet.vn/newsapi-edu/UniversityDetail/GetDetail?pageId=49ff289efde0446f9ae2f5c385595744&componentId=COMPONENT002302&keyword=HVN&year=2026&pageSize=25&pageIndex=1&typeOfTraining=0&subjectGroup=,True
HVN:HVN13,HVN,Học viện Nông nghiệp Việt Nam,Hà Nội,,HVN13,Luật,,luat,Luật,standard,A01;C00;C03;C04;D01;D14;D15;X03;X04;X70;X74,A01,observed,265.0,,,,,4,20.0,confirmed_2_sources,https://vietnamnet.vn/newsapi-edu/UniversityDetail/GetDetail?pageId=49ff289efde0446f9ae2f5c385595744&componentId=COMPONENT002302&keyword=HVN&year=2026&pageSize=25&pageIndex=0&typeOfTraining=0&subjectGroup=,True
HVN:HVN14,HVN,Học viện Nông nghiệp Việt Nam,Hà Nội,,HVN14,Công nghệ thông tin và Kỹ thuật số,,cntt,Công nghệ thông tin - Máy tính - Dữ liệu - AI,standard,A00;A01;A03;B08;C01;C02;C03;D01;X02;X07;X08;D07,A00,observed,500.0,,,,,4,17.0,confirmed_2_sources,https://vietnamnet.vn/newsapi-edu/UniversityDetail/GetDetail?pageId=49ff289efde0446f9ae2f5c385595744&componentId=COMPONENT002302&keyword=HVN&year=2026&pageSize=25&pageIndex=1&typeOfTraining=0&subjectGroup=,True
HVN:HVN15,HVN,Học viện Nông nghiệp Việt Nam,Hà Nội,,HVN15,"Quản lý đất đai, Bất động sản và Môi trường",,nong_lam_mt,Nông - Lâm - Thủy sản - Môi trường - Tài nguyên,standard,A00;A01;B00;B08;C01;C02;C03;C04;D01;X03;X04,A00,observed,265.0,,,,,4,16.0,confirmed_2_sources,https://vietnamnet.vn/newsapi-edu/UniversityDetail/GetDetail?pageId=49ff289efde0446f9ae2f5c385595744&componentId=COMPONENT002302&keyword=HVN&year=2026&pageSize=25&pageIndex=1&typeOfTraining=0&subjectGroup=,True
HVN:HVN16,HVN,Học viện Nông nghiệp Việt Nam,Hà Nội,,HVN16,Khoa học môi trường,,nong_lam_mt,Nông - Lâm - Thủy sản - Môi trường - Tài nguyên,standard,A00;A01;B00;B08;C01;C02;C03;C04;D01;X03;X04,A00,observed,20.0,,,,,4,16.0,confirmed_2_sources,https://vietnamnet.vn/newsapi-edu/UniversityDetail/GetDetail?pageId=49ff289efde0446f9ae2f5c385595744&componentId=COMPONENT002302&keyword=HVN&year=2026&pageSize=25&pageIndex=1&typeOfTraining=0&subjectGroup=,True
HVN:HVN17,HVN,Học viện Nông nghiệp Việt Nam,Hà Nội,,HVN17,Ngôn ngữ Anh,,ngon_ngu,Ngôn ngữ - Văn hóa - Quốc tế học,standard,A01;D01;D09;D10;D11;D14;D15;X25;X27;X28;X78;D07,A01,observed,395.0,,,,,4,17.0,confirmed_2_sources,https://vietnamnet.vn/newsapi-edu/UniversityDetail/GetDetail?pageId=49ff289efde0446f9ae2f5c385595744&componentId=COMPONENT002302&keyword=HVN&year=2026&pageSize=25&pageIndex=1&typeOfTraining=0&subjectGroup=,True
HVN:HVN18,HVN,Học viện Nông nghiệp Việt Nam,Hà Nội,,HVN18,Ngôn ngữ Trung Quốc,,ngon_ngu,Ngôn ngữ - Văn hóa - Quốc tế học,standard,D01;D04;D11;D12;D13;D14;D15;D45;D55;D65;A00;A01;B00,D01,observed,50.0,,,,,4,22.6,confirmed_2_sources,https://vietnamnet.vn/newsapi-edu/UniversityDetail/GetDetail?pageId=49ff289efde0446f9ae2f5c385595744&componentId=COMPONENT002302&keyword=HVN&year=2026&pageSize=25&pageIndex=0&typeOfTraining=0&subjectGroup=,True
HVN:HVN19,HVN,Học viện Nông nghiệp Việt Nam,Hà Nội,,HVN19,Sư phạm công nghệ,,su_pham,Sư phạm - Giáo dục,standard,A00;A01;B00;B08;C01;C02;C03;D01;X03;X04;X07;X08,A00,observed,30.0,,,,"Sư phạm: không nhận thí sinh bị dị hình, dị tật, nói ngọng, nói lắp; điểm sàn của Bộ",2,24.41,confirmed_2_sources,https://vietnamnet.vn/newsapi-edu/UniversityDetail/GetDetail?pageId=49ff289efde0446f9ae2f5c385595744&componentId=COMPONENT002302&keyword=HVN&year=2026&pageSize=25&pageIndex=0&typeOfTraining=0&subjectGroup=,True
HVN:HVN20,HVN,Học viện Nông nghiệp Việt Nam,Hà Nội,,HVN20,Du lịch,,du_lich,Du lịch - Khách sạn - Logistics - Hàng không - Dịch vụ,standard,A00;A01;A07;B08;C02;C03;C04;D01;X01;X03;X04,A00,observed,100.0,,,,,1,21.3,confirmed_2_sources,https://vietnamnet.vn/newsapi-edu/UniversityDetail/GetDetail?pageId=49ff289efde0446f9ae2f5c385595744&componentId=COMPONENT002302&keyword=HVN&year=2026&pageSize=25&pageIndex=0&typeOfTraining=0&subjectGroup=,True
HVN:HVN21,HVN,Học viện Nông nghiệp Việt Nam,Hà Nội,,HVN21,Quản lý và phát triển du lịch,,du_lich,Du lịch - Khách sạn - Logistics - Hàng không - Dịch vụ,standard,A00;A01;A07;B08;C02;C03;C04;D01;X01;X03;X04,A00,observed,150.0,,,,,1,17.0,confirmed_2_sources,https://vietnamnet.vn/newsapi-edu/UniversityDetail/GetDetail?pageId=49ff289efde0446f9ae2f5c385595744&componentId=COMPONENT002302&keyword=HVN&year=2026&pageSize=25&pageIndex=1&typeOfTraining=0&subjectGroup=,True
HVN:HVN22,HVN,Học viện Nông nghiệp Việt Nam,Hà Nội,,HVN22,Quy hoạch vùng và Đô thị,,xay_dung,Kiến trúc - Xây dựng - Giao thông - Quy hoạch,standard,A00;A01;B00;B08;C01;C02;C03;C04;D01;X03;X04,A00,observed,50.0,,,,,1,16.0,confirmed_2_sources,https://vietnamnet.vn/newsapi-edu/UniversityDetail/GetDetail?pageId=49ff289efde0446f9ae2f5c385595744&componentId=COMPONENT002302&keyword=HVN&year=2026&pageSize=25&pageIndex=1&typeOfTraining=0&subjectGroup=,True
HVN:HVN23,HVN,Học viện Nông nghiệp Việt Nam,Hà Nội,,HVN23,Di sản học,,,,standard,A01;C00;C03;C04;D01;D14;D15;X03;X04;X70;X74,A01,observed,30.0,,,,,1,18.0,confirmed_2_sources,https://vietnamnet.vn/newsapi-edu/UniversityDetail/GetDetail?pageId=49ff289efde0446f9ae2f5c385595744&componentId=COMPONENT002302&keyword=HVN&year=2026&pageSize=25&pageIndex=1&typeOfTraining=0&subjectGroup=,True
KHA:7220201,KHA,Trường Đại học Kinh tế Quốc dân,Hà Nội,,7220201,Ngôn ngữ Anh,7220201,ngon_ngu,Ngôn ngữ - Văn hóa - Quốc tế học,standard,A00;A01;D01;D07;D10,A00,observed,90.0,20000000.0,28000000.0,per_year,,2,26.46,confirmed_2_sources,https://diemthi.vnexpress.net/tra-cuu-dai-hoc/loadbenchmark/id/392/year/2026/sortby/1/block_name/-1,False
KHA:7310101P1,KHA,Trường Đại học Kinh tế Quốc dân,Hà Nội,,7310101P1,Kinh tế học,7310101,kinh_te,Kinh tế - Kinh doanh - Quản trị - Marketing - Thương mại,standard,A00;A01;D01;D07,A00,observed,50.0,20000000.0,28000000.0,per_year,,1,26.64,confirmed_2_sources,https://diemthi.vnexpress.net/tra-cuu-dai-hoc/loadbenchmark/id/392/year/2026/sortby/1/block_name/-1,False
KHA:7310101P2,KHA,Trường Đại học Kinh tế Quốc dân,Hà Nội,,7310101P2,Kinh tế và quản lý đô thị,7310101,xay_dung,Kiến trúc - Xây dựng - Giao thông - Quy hoạch,standard,A00;A01;D01;D07,A00,observed,50.0,41000000.0,68000000.0,per_year,,1,25.9,confirmed_2_sources,https://diemthi.vnexpress.net/tra-cuu-dai-hoc/loadbenchmark/id/392/year/2026/sortby/1/block_name/-1,False
KHA:7310101P3,KHA,Trường Đại học Kinh tế Quốc dân,Hà Nội,,7310101P3,Kinh tế và quản lý nguồn nhân lực,7310101,kinh_te,Kinh tế - Kinh doanh - Quản trị - Marketing - Thương mại,standard,A00;A01;D01;D07,A00,observed,50.0,41000000.0,68000000.0,per_year,,1,27.07,confirmed_2_sources,https://diemthi.vnexpress.net/tra-cuu-dai-hoc/loadbenchmark/id/392/year/2026/sortby/1/block_name/-1,False
KHA:7310104,KHA,Trường Đại học Kinh tế Quốc dân,Hà Nội,,7310104,Kinh tế đầu tư,7310104,tai_chinh,Tài chính - Ngân hàng - Kế toán - Kiểm toán - Bảo hiểm,standard,A00;A01;D01;D07,A00,observed,100.0,20000000.0,28000000.0,per_year,,3,27.56,confirmed_2_sources,https://diemthi.vnexpress.net/tra-cuu-dai-hoc/loadbenchmark/id/392/year/2026/sortby/1/block_name/-1,False
KHA:7310105,KHA,Trường Đại học Kinh tế Quốc dân,Hà Nội,,7310105,Kinh tế phát triển,7310105,kinh_te,Kinh tế - Kinh doanh - Quản trị - Marketing - Thương mại,standard,A00;A01;D01;D07,A00,observed,80.0,20000000.0,28000000.0,per_year,,4,26.79,confirmed_2_sources,https://diemthi.vnexpress.net/tra-cuu-dai-hoc/loadbenchmark/id/392/year/2026/sortby/1/block_name/-1,False
KHA:7310106,KHA,Trường Đại học Kinh tế Quốc dân,Hà Nội,,7310106,Kinh tế quốc tế,7310106,kinh_te,Kinh tế - Kinh doanh - Quản trị - Marketing - Thương mại,international,A00;A01;D01;D07,A00,observed,50.0,20000000.0,28000000.0,per_year,"Học bằng tiếng Anh (thường cần trình độ tiếng Anh tốt, có thể yêu cầu IELTS/chứng chỉ khi nhập học) | Chương trình liên kết/quốc tế: học phí cao hơn chương trình chuẩn",4,28.3,confirmed_2_sources,https://diemthi.vnexpress.net/tra-cuu-dai-hoc/loadbenchmark/id/392/year/2026/sortby/1/block_name/-1,False
KHA:7310107,KHA,Trường Đại học Kinh tế Quốc dân,Hà Nội,,7310107,Thống kê kinh tế,7310107,kinh_te,Kinh tế - Kinh doanh - Quản trị - Marketing - Thương mại,standard,A00;A01;D01;D07,A00,observed,50.0,20000000.0,28000000.0,per_year,,2,27.29,confirmed_2_sources,https://diemthi.vnexpress.net/tra-cuu-dai-hoc/loadbenchmark/id/392/year/2026/sortby/1/block_name/-1,False
KHA:7310108,KHA,Trường Đại học Kinh tế Quốc dân,Hà Nội,,7310108,Toán kinh tế,7310108,kinh_te,Kinh tế - Kinh doanh - Quản trị - Marketing - Thương mại,standard,A00;A01;D01;D07,A00,observed,50.0,20000000.0,28000000.0,per_year,,2,27.22,confirmed_2_sources,https://diemthi.vnexpress.net/tra-cuu-dai-hoc/loadbenchmark/id/392/year/2026/sortby/1/block_name/-1,False
KHA:7320108,KHA,Trường Đại học Kinh tế Quốc dân,Hà Nội,,7320108,Quan hệ công chúng,7320108,bao_chi,Báo chí - Truyền thông - Quan hệ công chúng,standard,A00;A01;D01;D07;C03;C04,A00,observed,50.0,20000000.0,28000000.0,per_year,,4,27.58,confirmed_2_sources,https://diemthi.vnexpress.net/tra-cuu-dai-hoc/loadbenchmark/id/392/year/2026/sortby/1/block_name/-1,False
KHA:7340101,KHA,Trường Đại học Kinh tế Quốc dân,Hà Nội,,7340101,Quản trị Kinh doanh,7340101,kinh_te,Kinh tế - Kinh doanh - Quản trị - Marketing - Thương mại,standard,A00;A01;D01;D07,A00,observed,180.0,20000000.0,28000000.0,per_year,,4,26.85,confirmed_2_sources,https://diemthi.vnexpress.net/tra-cuu-dai-hoc/loadbenchmark/id/392/year/2026/sortby/1/block_name/-1,False
KHA:7340115,KHA,Trường Đại học Kinh tế Quốc dân,Hà Nội,,7340115,Marketing,7340115,kinh_te,Kinh tế - Kinh doanh - Quản trị - Marketing - Thương mại,standard,A00;A01;D01;D07;D10,A00,observed,100.0,20000000.0,28000000.0,per_year,,4,27.99,confirmed_2_sources,https://diemthi.vnexpress.net/tra-cuu-dai-hoc/loadbenchmark/id/392/year/2026/sortby/1/block_name/-1,False
KHA:7340116,KHA,Trường Đại học Kinh tế Quốc dân,Hà Nội,,7340116,Bất động sản,7340116,kinh_te,Kinh tế - Kinh doanh - Quản trị - Marketing - Thương mại,standard,A00;A01;D01;D07,A00,observed,70.0,20000000.0,28000000.0,per_year,,4,25.36,confirmed_2_sources,https://diemthi.vnexpress.net/tra-cuu-dai-hoc/loadbenchmark/id/392/year/2026/sortby/1/block_name/-1,False
KHA:7340120,KHA,Trường Đại học Kinh tế Quốc dân,Hà Nội,,7340120,Ngành Kinh doanh quốc tế,7340120,kinh_te,Kinh tế - Kinh doanh - Quản trị - Marketing - Thương mại,international,A00;A01;D01;D07,A00,observed,100.0,20000000.0,28000000.0,per_year,"Học bằng tiếng Anh (thường cần trình độ tiếng Anh tốt, có thể yêu cầu IELTS/chứng chỉ khi nhập học) | Chương trình liên kết/quốc tế: học phí cao hơn chương trình chuẩn",4,28.5,confirmed_2_sources,https://diemthi.vnexpress.net/tra-cuu-dai-hoc/loadbenchmark/id/392/year/2026/sortby/1/block_name/-1,False
KHA:7340121,KHA,Trường Đại học Kinh tế Quốc dân,Hà Nội,,7340121,Kinh doanh thương mại,7340121,kinh_te,Kinh tế - Kinh doanh - Quản trị - Marketing - Thương mại,standard,A00;A01;D01;D07,A00,observed,100.0,20000000.0,28000000.0,per_year,,4,27.94,confirmed_2_sources,https://diemthi.vnexpress.net/tra-cuu-dai-hoc/loadbenchmark/id/392/year/2026/sortby/1/block_name/-1,False
KHA:7340122,KHA,Trường Đại học Kinh tế Quốc dân,Hà Nội,,7340122,Thương mại điện tử,7340122,kinh_te,Kinh tế - Kinh doanh - Quản trị - Marketing - Thương mại,standard,A00;A01;D01;D07,A00,observed,50.0,20000000.0,28000000.0,per_year,,4,28.62,confirmed_2_sources,https://diemthi.vnexpress.net/tra-cuu-dai-hoc/loadbenchmark/id/392/year/2026/sortby/1/block_name/-1,False
KHA:7340201,KHA,Trường Đại học Kinh tế Quốc dân,Hà Nội,,7340201,Tài chính – Ngân hàng,7340201,tai_chinh,Tài chính - Ngân hàng - Kế toán - Kiểm toán - Bảo hiểm,standard,A00;A01;D01;D07,A00,observed,230.0,20000000.0,28000000.0,per_year,,4,27.43,confirmed_2_sources,https://diemthi.vnexpress.net/tra-cuu-dai-hoc/loadbenchmark/id/392/year/2026/sortby/1/block_name/-1,False
KHA:7340204,KHA,Trường Đại học Kinh tế Quốc dân,Hà Nội,,7340204,Bảo hiểm,7340204,tai_chinh,Tài chính - Ngân hàng - Kế toán - Kiểm toán - Bảo hiểm,standard,A00;A01;D01;D07,A00,observed,80.0,20000000.0,28000000.0,per_year,,4,25.35,confirmed_2_sources,https://diemthi.vnexpress.net/tra-cuu-dai-hoc/loadbenchmark/id/392/year/2026/sortby/1/block_name/-1,False
KHA:7340205,KHA,Trường Đại học Kinh tế Quốc dân,Hà Nội,,7340205,Công nghệ tài chính,7340205,tai_chinh,Tài chính - Ngân hàng - Kế toán - Kiểm toán - Bảo hiểm,standard,A00;A01;D01;D07,A00,observed,50.0,20000000.0,28000000.0,per_year,,1,27.52,confirmed_2_sources,https://diemthi.vnexpress.net/tra-cuu-dai-hoc/loadbenchmark/id/392/year/2026/sortby/1/block_name/-1,False
KHA:7340301,KHA,Trường Đại học Kinh tế Quốc dân,Hà Nội,,7340301,Kế toán,7340301,tai_chinh,Tài chính - Ngân hàng - Kế toán - Kiểm toán - Bảo hiểm,standard,A00;A01;D01;D07,A00,observed,150.0,20000000.0,28000000.0,per_year,,4,27.3,confirmed_2_sources,https://diemthi.vnexpress.net/tra-cuu-dai-hoc/loadbenchmark/id/392/year/2026/sortby/1/block_name/-1,False
KHA:7340302,KHA,Trường Đại học Kinh tế Quốc dân,Hà Nội,,7340302,Kiểm toán,7340302,tai_chinh,Tài chính - Ngân hàng - Kế toán - Kiểm toán - Bảo hiểm,standard,A00;A01;D01;D07,A00,observed,50.0,20000000.0,28000000.0,per_year,,4,28.84,confirmed_2_sources,https://diemthi.vnexpress.net/tra-cuu-dai-hoc/loadbenchmark/id/392/year/2026/sortby/1/block_name/-1,False
KHA:7340401,KHA,Trường Đại học Kinh tế Quốc dân,Hà Nội,,7340401,Khoa học quản lý,7340401,sinh_hoa,Sinh học - Hóa học - Công nghệ sinh học - Thực phẩm,standard,A00;A01;D01;D07,A00,observed,90.0,20000000.0,28000000.0,per_year,,4,26.3,confirmed_2_sources,https://diemthi.vnexpress.net/tra-cuu-dai-hoc/loadbenchmark/id/392/year/2026/sortby/1/block_name/-1,False
KHA:7340403,KHA,Trường Đại học Kinh tế Quốc dân,Hà Nội,,7340403,Quản lý công,7340403,xa_hoi,Khoa học xã hội - Tâm lý - Nhân văn - Chính trị - Hành chính,standard,A00;A01;D01;D07,A00,observed,50.0,20000000.0,28000000.0,per_year,,4,25.37,confirmed_2_sources,https://diemthi.vnexpress.net/tra-cuu-dai-hoc/loadbenchmark/id/392/year/2026/sortby/1/block_name/-1,False
KHA:7340404,KHA,Trường Đại học Kinh tế Quốc dân,Hà Nội,,7340404,Quản trị nhân lực,7340404,kinh_te,Kinh tế - Kinh doanh - Quản trị - Marketing - Thương mại,standard,A00;A01;D01;D07,A00,observed,70.0,20000000.0,28000000.0,per_year,,4,27.25,confirmed_2_sources,https://diemthi.vnexpress.net/tra-cuu-dai-hoc/loadbenchmark/id/392/year/2026/sortby/1/block_name/-1,False
KHA:7340405,KHA,Trường Đại học Kinh tế Quốc dân,Hà Nội,,7340405,Hệ thống thông tin,7340405,cntt,Công nghệ thông tin - Máy tính - Dữ liệu - AI,standard,A00;A01;D01;D07,A00,observed,100.0,20000000.0,28000000.0,per_year,,2,28.01,confirmed_2_sources,https://diemthi.vnexpress.net/tra-cuu-dai-hoc/loadbenchmark/id/392/year/2026/sortby/1/block_name/-1,False
KHA:7340408,KHA,Trường Đại học Kinh tế Quốc dân,Hà Nội,,7340408,Quan hệ lao động (CN Quản lý Quan hệ lao động. CN Hành vi tổ chức),7340408,kinh_te,Kinh tế - Kinh doanh - Quản trị - Marketing - Thương mại,standard,A00;A01;D01;D07,A00,observed,40.0,20000000.0,28000000.0,per_year,,2,25.52,confirmed_2_sources,https://diemthi.vnexpress.net/tra-cuu-dai-hoc/loadbenchmark/id/392/year/2026/sortby/1/block_name/-1,False
KHA:7340409,KHA,Trường Đại học Kinh tế Quốc dân,Hà Nội,,7340409,Quản lý dự án,7340409,kinh_te,Kinh tế - Kinh doanh - Quản trị - Marketing - Thương mại,standard,A00;A01;D01;D07;B00,A00,observed,50.0,20000000.0,28000000.0,per_year,,4,26.67,confirmed_2_sources,https://diemthi.vnexpress.net/tra-cuu-dai-hoc/loadbenchmark/id/392/year/2026/sortby/1/block_name/-1,False
KHA:7380101,KHA,Trường Đại học Kinh tế Quốc dân,Hà Nội,,7380101,Ngành Luật,7380101,luat,Luật,standard,A00;A01;D01;D07;D10,A00,observed,50.0,20000000.0,28000000.0,per_year,,4,25.52,confirmed_2_sources,https://diemthi.vnexpress.net/tra-cuu-dai-hoc/loadbenchmark/id/392/year/2026/sortby/1/block_name/-1,False
KHA:7380107,KHA,Trường Đại học Kinh tế Quốc dân,Hà Nội,,7380107,Luật kinh tế,7380107,luat,Luật,standard,A00;A01;D01;D07;D10,A00,observed,80.0,20000000.0,28000000.0,per_year,,4,26.62,confirmed_2_sources,https://diemthi.vnexpress.net/tra-cuu-dai-hoc/loadbenchmark/id/392/year/2026/sortby/1/block_name/-1,False
KHA:7380109,KHA,Trường Đại học Kinh tế Quốc dân,Hà Nội,,7380109,Luật Thương mại Quốc tế,7380109,luat,Luật,international,A00;A01;D01;D07,A00,observed,50.0,20000000.0,28000000.0,per_year,"Học bằng tiếng Anh (thường cần trình độ tiếng Anh tốt, có thể yêu cầu IELTS/chứng chỉ khi nhập học) | Chương trình liên kết/quốc tế: học phí cao hơn chương trình chuẩn",2,26.38,confirmed_2_sources,https://diemthi.vnexpress.net/tra-cuu-dai-hoc/loadbenchmark/id/392/year/2026/sortby/1/block_name/-1,False
KHA:7480101,KHA,Trường Đại học Kinh tế Quốc dân,Hà Nội,,7480101,Khoa học máy tính,7480101,cntt,Công nghệ thông tin - Máy tính - Dữ liệu - AI,standard,A00;A01;D01;D07,A00,observed,50.0,20000000.0,28000000.0,per_year,,2,26.19,confirmed_2_sources,https://diemthi.vnexpress.net/tra-cuu-dai-hoc/loadbenchmark/id/392/year/2026/sortby/1/block_name/-1,False
KHA:7480104,KHA,Trường Đại học Kinh tế Quốc dân,Hà Nội,,7480104,Hệ thống thông tin,7480104,cntt,Công nghệ thông tin - Máy tính - Dữ liệu - AI,standard,A00;A01;D01;D07,A00,observed,50.0,20000000.0,28000000.0,per_year,,2,27.09,confirmed_2_sources,https://diemthi.vnexpress.net/tra-cuu-dai-hoc/loadbenchmark/id/392/year/2026/sortby/1/block_name/-1,False
KHA:7480201,KHA,Trường Đại học Kinh tế Quốc dân,Hà Nội,,7480201,Công nghệ thông tin,7480201,cntt,Công nghệ thông tin - Máy tính - Dữ liệu - AI,standard,A00;A01;D01;D07,A00,observed,100.0,20000000.0,28000000.0,per_year,,2,25.68,confirmed_2_sources,https://diemthi.vnexpress.net/tra-cuu-dai-hoc/loadbenchmark/id/392/year/2026/sortby/1/block_name/-1,False
KHA:7480202,KHA,Trường Đại học Kinh tế Quốc dân,Hà Nội,,7480202,An toàn thông tin,7480202,cntt,Công nghệ thông tin - Máy tính - Dữ liệu - AI,standard,A00;A01;D01;D07,A00,observed,50.0,20000000.0,28000000.0,per_year,,2,26.0,confirmed_2_sources,https://diemthi.vnexpress.net/tra-cuu-dai-hoc/loadbenchmark/id/392/year/2026/sortby/1/block_name/-1,False
KHA:7510605,KHA,Trường Đại học Kinh tế Quốc dân,Hà Nội,,7510605,Logistics và Quản lý chuỗi cung ứng,7510605,du_lich,Du lịch - Khách sạn - Logistics - Hàng không - Dịch vụ,standard,A00;A01;D01;D07,A00,observed,100.0,20000000.0,28000000.0,per_year,,4,28.53,confirmed_2_sources,https://diemthi.vnexpress.net/tra-cuu-dai-hoc/loadbenchmark/id/392/year/2026/sortby/1/block_name/-1,False
KHA:7620114,KHA,Trường Đại học Kinh tế Quốc dân,Hà Nội,,7620114,Kinh doanh nông nghiệp,7620114,nong_lam_mt,Nông - Lâm - Thủy sản - Môi trường - Tài nguyên,standard,A00;A01;D01;D07;B00,A00,observed,50.0,20000000.0,28000000.0,per_year,,4,24.75,confirmed_2_sources,https://diemthi.vnexpress.net/tra-cuu-dai-hoc/loadbenchmark/id/392/year/2026/sortby/1/block_name/-1,False
KHA:7620115,KHA,Trường Đại học Kinh tế Quốc dân,Hà Nội,,7620115,Kinh tế nông nghiệp,7620115,nong_lam_mt,Nông - Lâm - Thủy sản - Môi trường - Tài nguyên,standard,A00;A01;D01;D07,A00,observed,50.0,20000000.0,28000000.0,per_year,,4,24.59,confirmed_2_sources,https://diemthi.vnexpress.net/tra-cuu-dai-hoc/loadbenchmark/id/392/year/2026/sortby/1/block_name/-1,False
KHA:7810103,KHA,Trường Đại học Kinh tế Quốc dân,Hà Nội,,7810103,Quản trị dịch vụ du lịch và lữ hành,7810103,du_lich,Du lịch - Khách sạn - Logistics - Hàng không - Dịch vụ,standard,A00;A01;D01;D07,A00,observed,60.0,20000000.0,28000000.0,per_year,,4,25.79,confirmed_2_sources,https://diemthi.vnexpress.net/tra-cuu-dai-hoc/loadbenchmark/id/392/year/2026/sortby/1/block_name/-1,False
KHA:7810201,KHA,Trường Đại học Kinh tế Quốc dân,Hà Nội,,7810201,Quản trị khách sạn,7810201,du_lich,Du lịch - Khách sạn - Logistics - Hàng không - Dịch vụ,standard,A00;A01;D01;D07,A00,observed,50.0,20000000.0,28000000.0,per_year,,4,26.08,confirmed_2_sources,https://diemthi.vnexpress.net/tra-cuu-dai-hoc/loadbenchmark/id/392/year/2026/sortby/1/block_name/-1,False
KHA:7850101,KHA,Trường Đại học Kinh tế Quốc dân,Hà Nội,,7850101,Quản lý tài nguyên và môi trường,7850101,nong_lam_mt,Nông - Lâm - Thủy sản - Môi trường - Tài nguyên,standard,A00;A01;D01;D07,A00,observed,50.0,20000000.0,28000000.0,per_year,,4,24.2,confirmed_2_sources,https://diemthi.vnexpress.net/tra-cuu-dai-hoc/loadbenchmark/id/392/year/2026/sortby/1/block_name/-1,False
KHA:7850102,KHA,Trường Đại học Kinh tế Quốc dân,Hà Nội,,7850102,Kinh tế tài nguyên thiên nhiên,7850102,nong_lam_mt,Nông - Lâm - Thủy sản - Môi trường - Tài nguyên,standard,A00;A01;D01;D07,A00,observed,50.0,20000000.0,28000000.0,per_year,,4,24.38,confirmed_2_sources,https://diemthi.vnexpress.net/tra-cuu-dai-hoc/loadbenchmark/id/392/year/2026/sortby/1/block_name/-1,False
KHA:7850103,KHA,Trường Đại học Kinh tế Quốc dân,Hà Nội,,7850103,Quản lý đất đai,7850103,nong_lam_mt,Nông - Lâm - Thủy sản - Môi trường - Tài nguyên,standard,A00;A01;D01;D07,A00,observed,50.0,20000000.0,28000000.0,per_year,,4,24.75,confirmed_2_sources,https://diemthi.vnexpress.net/tra-cuu-dai-hoc/loadbenchmark/id/392/year/2026/sortby/1/block_name/-1,False
KHA:C140201,KHA,Trường Đại học Kinh tế Quốc dân,Hà Nội,,C140201,Giáo dục Mầm non,,su_pham,Sư phạm - Giáo dục,standard,A00;A01;D01;D07,A00,observed,,41000000.0,68000000.0,per_year,"Sư phạm: không nhận thí sinh bị dị hình, dị tật, nói ngọng, nói lắp; điểm sàn của Bộ",1,24.1,single_source,https://diemthi.vnexpress.net/tra-cuu-dai-hoc/loadbenchmark/id/392/year/2026/sortby/1/block_name/-1,False
KHA:CLC1,KHA,Trường Đại học Kinh tế Quốc dân,Hà Nội,,CLC1,"Chương trình CLC (Kinh tế phát triển, Ngân hàng, CNTT và chuyển đổi số, Bảo hiểm ANZIIF)",,tai_chinh,Tài chính - Ngân hàng - Kế toán - Kiểm toán - Bảo hiểm,high_quality,A00;A01;D01;D07,A00,observed,55.0,41000000.0,68000000.0,per_year,,2,25.28,confirmed_2_sources,https://diemthi.vnexpress.net/tra-cuu-dai-hoc/loadbenchmark/id/392/year/2026/sortby/1/block_name/-1,False
KHA:CLC2,KHA,Trường Đại học Kinh tế Quốc dân,Hà Nội,,CLC2,"Chương trình CLC (Kinh tế đầu tư, Quản trị nhân lực, Quản trị kinh doanh, Quan hệ công chúng)",,bao_chi,Báo chí - Truyền thông - Quan hệ công chúng,high_quality,A00;A01;D01;D07,A00,observed,160.0,41000000.0,68000000.0,per_year,,2,24.83,confirmed_2_sources,https://diemthi.vnexpress.net/tra-cuu-dai-hoc/loadbenchmark/id/392/year/2026/sortby/1/block_name/-1,False
KHA:CLC3,KHA,Trường Đại học Kinh tế Quốc dân,Hà Nội,,CLC3,"Chương trình CLC (Tài chính doanh nghiệp, Marketing số, Quản trị Marketing, Quản trị KDQT, Kinh tế quốc tế, Logistics và QL CCU, Thương mại điện tử, Kiểm toán ACCA)",,tai_chinh,Tài chính - Ngân hàng - Kế toán - Kiểm toán - Bảo hiểm,international,A00;A01;D01;D07,A00,observed,270.0,41000000.0,68000000.0,per_year,"Học bằng tiếng Anh (thường cần trình độ tiếng Anh tốt, có thể yêu cầu IELTS/chứng chỉ khi nhập học) | Chương trình liên kết/quốc tế: học phí cao hơn chương trình chuẩn",2,25.89,confirmed_2_sources,https://diemthi.vnexpress.net/tra-cuu-dai-hoc/loadbenchmark/id/392/year/2026/sortby/1/block_name/-1,False
KHA:EBBA,KHA,Trường Đại học Kinh tế Quốc dân,Hà Nội,,EBBA,Quản trị kinh doanh học bằng tiếng Anh (EBBA),,ngon_ngu,Ngôn ngữ - Văn hóa - Quốc tế học,standard,A00;A01;D01;D07,A00,observed,110.0,41000000.0,68000000.0,per_year,"Học bằng tiếng Anh (thường cần trình độ tiếng Anh tốt, có thể yêu cầu IELTS/chứng chỉ khi nhập học)",4,25.74,confirmed_2_sources,https://diemthi.vnexpress.net/tra-cuu-dai-hoc/loadbenchmark/id/392/year/2026/sortby/1/block_name/-1,False
KHA:EP01,KHA,Trường Đại học Kinh tế Quốc dân,Hà Nội,,EP01,Khởi nghiệp và phát triển kinh doanh (BBAE) học bằng tiếng Anh (tiếng Anh hệ số 2),,ngon_ngu,Ngôn ngữ - Văn hóa - Quốc tế học,standard,A00;A01;D01;D07;D09,A00,observed,90.0,41000000.0,68000000.0,per_year,"Học bằng tiếng Anh (thường cần trình độ tiếng Anh tốt, có thể yêu cầu IELTS/chứng chỉ khi nhập học)",2,25.22,confirmed_2_sources,https://diemthi.vnexpress.net/tra-cuu-dai-hoc/loadbenchmark/id/392/year/2026/sortby/1/block_name/-1,False
KHA:EP02,KHA,Trường Đại học Kinh tế Quốc dân,Hà Nội,,EP02,Định phí Bảo hiểm và Quản trị rủi ro (Actuary) học bằng tiếng Anh,,tai_chinh,Tài chính - Ngân hàng - Kế toán - Kiểm toán - Bảo hiểm,standard,A00;A01;D01;D07,A00,observed,50.0,41000000.0,68000000.0,per_year,"Học bằng tiếng Anh (thường cần trình độ tiếng Anh tốt, có thể yêu cầu IELTS/chứng chỉ khi nhập học)",4,26.44,confirmed_2_sources,https://diemthi.vnexpress.net/tra-cuu-dai-hoc/loadbenchmark/id/392/year/2026/sortby/1/block_name/-1,False
KHA:EP03,KHA,Trường Đại học Kinh tế Quốc dân,Hà Nội,,EP03,Khoa học dữ liệu trong Kinh tế và Kinh doanh (DSEB),,cntt,Công nghệ thông tin - Máy tính - Dữ liệu - AI,standard,A00;A01;D01;D07,A00,observed,90.0,41000000.0,68000000.0,per_year,,4,27.24,confirmed_2_sources,https://diemthi.vnexpress.net/tra-cuu-dai-hoc/loadbenchmark/id/392/year/2026/sortby/1/block_name/-1,False
KHA:EP04,KHA,Trường Đại học Kinh tế Quốc dân,Hà Nội,,EP04,Kế toán tích hợp chứng chỉ quốc tế (ICAEW CFAB),,tai_chinh,Tài chính - Ngân hàng - Kế toán - Kiểm toán - Bảo hiểm,international,A00;A01;D01;D07,A00,observed,60.0,41000000.0,68000000.0,per_year,"Học bằng tiếng Anh (thường cần trình độ tiếng Anh tốt, có thể yêu cầu IELTS/chứng chỉ khi nhập học) | Chương trình liên kết/quốc tế: học phí cao hơn chương trình chuẩn",4,26.62,confirmed_2_sources,https://diemthi.vnexpress.net/tra-cuu-dai-hoc/loadbenchmark/id/392/year/2026/sortby/1/block_name/-1,False
KHA:EP05,KHA,Trường Đại học Kinh tế Quốc dân,Hà Nội,,EP05,Kinh doanh số (E-BDB),,kinh_te,Kinh tế - Kinh doanh - Quản trị - Marketing - Thương mại,standard,A00;A01;D01;D07,A00,observed,60.0,41000000.0,68000000.0,per_year,,4,26.84,confirmed_2_sources,https://diemthi.vnexpress.net/tra-cuu-dai-hoc/loadbenchmark/id/392/year/2026/sortby/1/block_name/-1,False
KHA:EP06,KHA,Trường Đại học Kinh tế Quốc dân,Hà Nội,,EP06,Phân tích kinh doanh (BA),,kinh_te,Kinh tế - Kinh doanh - Quản trị - Marketing - Thương mại,standard,A00;A01;D01;D07;D10,A00,observed,60.0,41000000.0,68000000.0,per_year,,4,27.4,confirmed_2_sources,https://diemthi.vnexpress.net/tra-cuu-dai-hoc/loadbenchmark/id/392/year/2026/sortby/1/block_name/-1,False
KHA:EP07,KHA,Trường Đại học Kinh tế Quốc dân,Hà Nội,,EP07,Quản trị điều hành thông minh (E-SOM),,kinh_te,Kinh tế - Kinh doanh - Quản trị - Marketing - Thương mại,standard,A00;A01;D01;D07;D10,A00,observed,70.0,41000000.0,68000000.0,per_year,,4,25.8,confirmed_2_sources,https://diemthi.vnexpress.net/tra-cuu-dai-hoc/loadbenchmark/id/392/year/2026/sortby/1/block_name/-1,False
KHA:EP08,KHA,Trường Đại học Kinh tế Quốc dân,Hà Nội,,EP08,Quản trị chất lượng và Đổi mới (E-MQI),,kinh_te,Kinh tế - Kinh doanh - Quản trị - Marketing - Thương mại,standard,A00;A01;D01;D07;D10,A00,observed,70.0,41000000.0,68000000.0,per_year,,4,25.12,confirmed_2_sources,https://diemthi.vnexpress.net/tra-cuu-dai-hoc/loadbenchmark/id/392/year/2026/sortby/1/block_name/-1,False
KHA:EP09,KHA,Trường Đại học Kinh tế Quốc dân,Hà Nội,,EP09,Công nghệ tài chính (BFT),,tai_chinh,Tài chính - Ngân hàng - Kế toán - Kiểm toán - Bảo hiểm,standard,A00;A01;D01;D07;B00,A00,observed,100.0,41000000.0,68000000.0,per_year,,4,26.86,confirmed_2_sources,https://diemthi.vnexpress.net/tra-cuu-dai-hoc/loadbenchmark/id/392/year/2026/sortby/1/block_name/-1,False
KHA:EP10,KHA,Trường Đại học Kinh tế Quốc dân,Hà Nội,,EP10,Đầu tư tài chính (BFI - tiếng Anh hệ số 2),,tai_chinh,Tài chính - Ngân hàng - Kế toán - Kiểm toán - Bảo hiểm,standard,A00;A01;D01;D07,A00,observed,100.0,41000000.0,68000000.0,per_year,"Học bằng tiếng Anh (thường cần trình độ tiếng Anh tốt, có thể yêu cầu IELTS/chứng chỉ khi nhập học)",2,26.76,confirmed_2_sources,https://diemthi.vnexpress.net/tra-cuu-dai-hoc/loadbenchmark/id/392/year/2026/sortby/1/block_name/-1,False
KHA:EP11,KHA,Trường Đại học Kinh tế Quốc dân,Hà Nội,,EP11,Quản trị khách sạn quốc tế (IHME - tiếng Anh hệ số 2),,du_lich,Du lịch - Khách sạn - Logistics - Hàng không - Dịch vụ,international,A00;A01;D01;D07,A00,observed,50.0,41000000.0,68000000.0,per_year,"Học bằng tiếng Anh (thường cần trình độ tiếng Anh tốt, có thể yêu cầu IELTS/chứng chỉ khi nhập học) | Chương trình liên kết/quốc tế: học phí cao hơn chương trình chuẩn",2,24.93,confirmed_2_sources,https://diemthi.vnexpress.net/tra-cuu-dai-hoc/loadbenchmark/id/392/year/2026/sortby/1/block_name/-1,False
KHA:EP12,KHA,Trường Đại học Kinh tế Quốc dân,Hà Nội,,EP12,Kiểm toán tích hợp chứng chỉ quốc tế (AUD-ICAEW),,tai_chinh,Tài chính - Ngân hàng - Kế toán - Kiểm toán - Bảo hiểm,international,A00;A01;D01;D07,A00,observed,60.0,41000000.0,68000000.0,per_year,"Học bằng tiếng Anh (thường cần trình độ tiếng Anh tốt, có thể yêu cầu IELTS/chứng chỉ khi nhập học) | Chương trình liên kết/quốc tế: học phí cao hơn chương trình chuẩn",3,28.25,confirmed_2_sources,https://diemthi.vnexpress.net/tra-cuu-dai-hoc/loadbenchmark/id/392/year/2026/sortby/1/block_name/-1,False
KHA:EP13,KHA,Trường Đại học Kinh tế Quốc dân,Hà Nội,,EP13,Kinh tế học tài chính (FE),,tai_chinh,Tài chính - Ngân hàng - Kế toán - Kiểm toán - Bảo hiểm,standard,A00;A01;D01;D07;B00,A00,observed,90.0,41000000.0,68000000.0,per_year,,4,25.89,confirmed_2_sources,https://diemthi.vnexpress.net/tra-cuu-dai-hoc/loadbenchmark/id/392/year/2026/sortby/1/block_name/-1,False
KHA:EP14,KHA,Trường Đại học Kinh tế Quốc dân,Hà Nội,,EP14,Logistics và Quản lý chuỗi cung ứng tích hợp chứng chỉ quốc tế (LSIC),,du_lich,Du lịch - Khách sạn - Logistics - Hàng không - Dịch vụ,international,A00;A01;D01;D07,A00,observed,100.0,41000000.0,68000000.0,per_year,"Học bằng tiếng Anh (thường cần trình độ tiếng Anh tốt, có thể yêu cầu IELTS/chứng chỉ khi nhập học) | Chương trình liên kết/quốc tế: học phí cao hơn chương trình chuẩn",2,27.87,confirmed_2_sources,https://diemthi.vnexpress.net/tra-cuu-dai-hoc/loadbenchmark/id/392/year/2026/sortby/1/block_name/-1,False
KHA:EP15,KHA,Trường Đại học Kinh tế Quốc dân,Hà Nội,,EP15,Khoa học dữ liệu,,cntt,Công nghệ thông tin - Máy tính - Dữ liệu - AI,standard,A00;A01;D01;D07,A00,observed,70.0,41000000.0,68000000.0,per_year,,2,26.52,confirmed_2_sources,https://diemthi.vnexpress.net/tra-cuu-dai-hoc/loadbenchmark/id/392/year/2026/sortby/1/block_name/-1,False
KHA:EP16,KHA,Trường Đại học Kinh tế Quốc dân,Hà Nội,,EP16,Trí tuệ nhân tạo,,cntt,Công nghệ thông tin - Máy tính - Dữ liệu - AI,standard,A00;A01;D01;D07,A00,observed,80.0,41000000.0,68000000.0,per_year,,2,25.64,confirmed_2_sources,https://diemthi.vnexpress.net/tra-cuu-dai-hoc/loadbenchmark/id/392/year/2026/sortby/1/block_name/-1,False
KHA:EP17,KHA,Trường Đại học Kinh tế Quốc dân,Hà Nội,,EP17,Kỹ thuật phần mềm,,cntt,Công nghệ thông tin - Máy tính - Dữ liệu - AI,standard,A00;A01;D01;D07,A00,observed,50.0,41000000.0,68000000.0,per_year,,2,25.0,confirmed_2_sources,https://diemthi.vnexpress.net/tra-cuu-dai-hoc/loadbenchmark/id/392/year/2026/sortby/1/block_name/-1,False
KHA:EP18,KHA,Trường Đại học Kinh tế Quốc dân,Hà Nội,,EP18,Quản trị giải trí và sự kiện,,du_lich,Du lịch - Khách sạn - Logistics - Hàng không - Dịch vụ,standard,A00;A01;D01;D07,A00,observed,50.0,41000000.0,68000000.0,per_year,,2,25.89,confirmed_2_sources,https://diemthi.vnexpress.net/tra-cuu-dai-hoc/loadbenchmark/id/392/year/2026/sortby/1/block_name/-1,False
KHA:EP19,KHA,Trường Đại học Kinh tế Quốc dân,Hà Nội,,EP19,Công nghệ Marketing,,kinh_te,Kinh tế - Kinh doanh - Quản trị - Marketing - Thương mại,standard,A00;A01;D01;D07,A00,observed,50.0,41000000.0,68000000.0,per_year,,1,26.68,confirmed_2_sources,https://diemthi.vnexpress.net/tra-cuu-dai-hoc/loadbenchmark/id/392/year/2026/sortby/1/block_name/-1,False
KHA:EP20,KHA,Trường Đại học Kinh tế Quốc dân,Hà Nội,,EP20,Công nghệ Logistics,,du_lich,Du lịch - Khách sạn - Logistics - Hàng không - Dịch vụ,standard,A00;A01;D01;D07,A00,observed,50.0,41000000.0,68000000.0,per_year,,1,27.39,confirmed_2_sources,https://diemthi.vnexpress.net/tra-cuu-dai-hoc/loadbenchmark/id/392/year/2026/sortby/1/block_name/-1,False
KHA:EP21,KHA,Trường Đại học Kinh tế Quốc dân,Hà Nội,,EP21,Kiểm toán nội bộ,,tai_chinh,Tài chính - Ngân hàng - Kế toán - Kiểm toán - Bảo hiểm,standard,A00;A01;D01;D07,A00,observed,50.0,41000000.0,68000000.0,per_year,,1,26.39,confirmed_2_sources,https://diemthi.vnexpress.net/tra-cuu-dai-hoc/loadbenchmark/id/392/year/2026/sortby/1/block_name/-1,False
KHA:EP22,KHA,Trường Đại học Kinh tế Quốc dân,Hà Nội,,EP22,Kinh tế quốc tế,,kinh_te,Kinh tế - Kinh doanh - Quản trị - Marketing - Thương mại,international,A00;A01;D01;D07,A00,observed,50.0,41000000.0,68000000.0,per_year,"Học bằng tiếng Anh (thường cần trình độ tiếng Anh tốt, có thể yêu cầu IELTS/chứng chỉ khi nhập học) | Chương trình liên kết/quốc tế: học phí cao hơn chương trình chuẩn",1,27.2,confirmed_2_sources,https://diemthi.vnexpress.net/tra-cuu-dai-hoc/loadbenchmark/id/392/year/2026/sortby/1/block_name/-1,False
KHA:EP23,KHA,Trường Đại học Kinh tế Quốc dân,Hà Nội,,EP23,Kinh tế số,,kinh_te,Kinh tế - Kinh doanh - Quản trị - Marketing - Thương mại,standard,A00;A01;D01;D07,A00,observed,50.0,41000000.0,68000000.0,per_year,,1,26.51,confirmed_2_sources,https://diemthi.vnexpress.net/tra-cuu-dai-hoc/loadbenchmark/id/392/year/2026/sortby/1/block_name/-1,False
KHA:EP24,KHA,Trường Đại học Kinh tế Quốc dân,Hà Nội,,EP24,Kinh tế Y tế,,kinh_te,Kinh tế - Kinh doanh - Quản trị - Marketing - Thương mại,standard,A00;A01;D01;D07,A00,observed,40.0,41000000.0,68000000.0,per_year,,1,24.42,confirmed_2_sources,https://diemthi.vnexpress.net/tra-cuu-dai-hoc/loadbenchmark/id/392/year/2026/sortby/1/block_name/-1,False
KHA:EP25,KHA,Trường Đại học Kinh tế Quốc dân,Hà Nội,,EP25,Phát triển quốc tế,,xa_hoi,Khoa học xã hội - Tâm lý - Nhân văn - Chính trị - Hành chính,international,A00;A01;D01;D07,A00,observed,40.0,41000000.0,68000000.0,per_year,"Học bằng tiếng Anh (thường cần trình độ tiếng Anh tốt, có thể yêu cầu IELTS/chứng chỉ khi nhập học) | Chương trình liên kết/quốc tế: học phí cao hơn chương trình chuẩn",1,24.68,confirmed_2_sources,https://diemthi.vnexpress.net/tra-cuu-dai-hoc/loadbenchmark/id/392/year/2026/sortby/1/block_name/-1,False
KHA:EP26,KHA,Trường Đại học Kinh tế Quốc dân,Hà Nội,,EP26,Công nghệ môi trường và phát triển bền vững,,nong_lam_mt,Nông - Lâm - Thủy sản - Môi trường - Tài nguyên,standard,A00;A01;D01;D07,A00,observed,50.0,41000000.0,68000000.0,per_year,,1,23.48,confirmed_2_sources,https://diemthi.vnexpress.net/tra-cuu-dai-hoc/loadbenchmark/id/392/year/2026/sortby/1/block_name/-1,False
KHA:EP27,KHA,Trường Đại học Kinh tế Quốc dân,Hà Nội,,EP27,Quản trị công nghiệp sáng tạo,,kinh_te,Kinh tế - Kinh doanh - Quản trị - Marketing - Thương mại,standard,A00;A01;D01;D07,A00,observed,50.0,41000000.0,68000000.0,per_year,,1,24.08,confirmed_2_sources,https://diemthi.vnexpress.net/tra-cuu-dai-hoc/loadbenchmark/id/392/year/2026/sortby/1/block_name/-1,False
KHA:EP28,KHA,Trường Đại học Kinh tế Quốc dân,Hà Nội,,EP28,Quản trị nhân lực quốc tế,,kinh_te,Kinh tế - Kinh doanh - Quản trị - Marketing - Thương mại,international,A00;A01;D01;D07,A00,observed,40.0,41000000.0,68000000.0,per_year,"Học bằng tiếng Anh (thường cần trình độ tiếng Anh tốt, có thể yêu cầu IELTS/chứng chỉ khi nhập học) | Chương trình liên kết/quốc tế: học phí cao hơn chương trình chuẩn",1,25.75,confirmed_2_sources,https://diemthi.vnexpress.net/tra-cuu-dai-hoc/loadbenchmark/id/392/year/2026/sortby/1/block_name/-1,False
KHA:EP29,KHA,Trường Đại học Kinh tế Quốc dân,Hà Nội,,EP29,Quản trị rủi ro định lượng,,kinh_te,Kinh tế - Kinh doanh - Quản trị - Marketing - Thương mại,standard,A00;A01;D01;D07,A00,observed,50.0,41000000.0,68000000.0,per_year,,1,26.15,confirmed_2_sources,https://diemthi.vnexpress.net/tra-cuu-dai-hoc/loadbenchmark/id/392/year/2026/sortby/1/block_name/-1,False
KHA:EP30,KHA,Trường Đại học Kinh tế Quốc dân,Hà Nội,,EP30,Toán ứng dụng,,khoa_hoc_tn,Khoa học tự nhiên - Toán - Vật lý - Thống kê,standard,A00;A01;D01;D07,A00,observed,50.0,41000000.0,68000000.0,per_year,,1,25.6,confirmed_2_sources,https://diemthi.vnexpress.net/tra-cuu-dai-hoc/loadbenchmark/id/392/year/2026/sortby/1/block_name/-1,False
KHA:EP31,KHA,Trường Đại học Kinh tế Quốc dân,Hà Nội,,EP31,Thẩm định giá/Ngành TC-NH,,tai_chinh,Tài chính - Ngân hàng - Kế toán - Kiểm toán - Bảo hiểm,standard,A00;A01;D01;D07,A00,observed,50.0,41000000.0,41000000.0,,,1,24.1,confirmed_2_sources,https://vietnamnet.vn/newsapi-edu/UniversityDetail/GetDetail?pageId=49ff289efde0446f9ae2f5c385595744&componentId=COMPONENT002302&keyword=KHA&year=2026&pageSize=25&pageIndex=3&typeOfTraining=0&subjectGroup=,True
KHA:EP32,KHA,Trường Đại học Kinh tế Quốc dân,Hà Nội,,EP32,Thống kê và Trí tuệ kinh doanh,,kinh_te,Kinh tế - Kinh doanh - Quản trị - Marketing - Thương mại,standard,A00;A01;D01;D07,A00,observed,50.0,41000000.0,68000000.0,per_year,,1,25.54,confirmed_2_sources,https://diemthi.vnexpress.net/tra-cuu-dai-hoc/loadbenchmark/id/392/year/2026/sortby/1/block_name/-1,False
KHA:EPMP,KHA,Trường Đại học Kinh tế Quốc dân,Hà Nội,,EPMP,Quản lý công và chính sách học bằng tiếng Anh (EPMP),,ngon_ngu,Ngôn ngữ - Văn hóa - Quốc tế học,standard,A00;A01;D01;D07,A00,observed,70.0,41000000.0,68000000.0,per_year,"Học bằng tiếng Anh (thường cần trình độ tiếng Anh tốt, có thể yêu cầu IELTS/chứng chỉ khi nhập học)",4,24.05,confirmed_2_sources,https://diemthi.vnexpress.net/tra-cuu-dai-hoc/loadbenchmark/id/392/year/2026/sortby/1/block_name/-1,False
KHA:POHE1,KHA,Trường Đại học Kinh tế Quốc dân,Hà Nội,,POHE1,Quản trị khách sạn,,du_lich,Du lịch - Khách sạn - Logistics - Hàng không - Dịch vụ,standard,A00;A01;D01;D07,A00,observed,50.0,41000000.0,68000000.0,per_year,,2,25.05,confirmed_2_sources,https://diemthi.vnexpress.net/tra-cuu-dai-hoc/loadbenchmark/id/392/year/2026/sortby/1/block_name/-1,False
KHA:POHE2,KHA,Trường Đại học Kinh tế Quốc dân,Hà Nội,,POHE2,Quản trị lữ hành,,du_lich,Du lịch - Khách sạn - Logistics - Hàng không - Dịch vụ,standard,A00;A01;D01;D07,A00,observed,50.0,41000000.0,68000000.0,per_year,,2,24.77,confirmed_2_sources,https://diemthi.vnexpress.net/tra-cuu-dai-hoc/loadbenchmark/id/392/year/2026/sortby/1/block_name/-1,False
KHA:POHE3,KHA,Trường Đại học Kinh tế Quốc dân,Hà Nội,,POHE3,Truyền thông Marketing,,bao_chi,Báo chí - Truyền thông - Quan hệ công chúng,standard,A00;A01;D01;D07,A00,observed,60.0,41000000.0,68000000.0,per_year,,2,27.39,confirmed_2_sources,https://diemthi.vnexpress.net/tra-cuu-dai-hoc/loadbenchmark/id/392/year/2026/sortby/1/block_name/-1,False
KHA:POHE4,KHA,Trường Đại học Kinh tế Quốc dân,Hà Nội,,POHE4,Luật kinh doanh,,luat,Luật,standard,A00;A01;D01;D07,A00,observed,50.0,41000000.0,68000000.0,per_year,,2,25.68,confirmed_2_sources,https://diemthi.vnexpress.net/tra-cuu-dai-hoc/loadbenchmark/id/392/year/2026/sortby/1/block_name/-1,False
KHA:POHE5,KHA,Trường Đại học Kinh tế Quốc dân,Hà Nội,,POHE5,Quản trị kinh doanh thương mại,,kinh_te,Kinh tế - Kinh doanh - Quản trị - Marketing - Thương mại,standard,A00;A01;D01;D07,A00,observed,50.0,41000000.0,68000000.0,per_year,,2,26.64,confirmed_2_sources,https://diemthi.vnexpress.net/tra-cuu-dai-hoc/loadbenchmark/id/392/year/2026/sortby/1/block_name/-1,False
KHA:POHE6,KHA,Trường Đại học Kinh tế Quốc dân,Hà Nội,,POHE6,Quản lí thị trường,,kinh_te,Kinh tế - Kinh doanh - Quản trị - Marketing - Thương mại,standard,A00;A01;D01;D07,A00,observed,50.0,41000000.0,68000000.0,per_year,,2,24.89,confirmed_2_sources,https://diemthi.vnexpress.net/tra-cuu-dai-hoc/loadbenchmark/id/392/year/2026/sortby/1/block_name/-1,False
KHA:POHE7,KHA,Trường Đại học Kinh tế Quốc dân,Hà Nội,,POHE7,Thẩm định giá,,tai_chinh,Tài chính - Ngân hàng - Kế toán - Kiểm toán - Bảo hiểm,standard,A00;A01;D01;D07,A00,observed,50.0,41000000.0,68000000.0,per_year,,2,24.96,confirmed_2_sources,https://diemthi.vnexpress.net/tra-cuu-dai-hoc/loadbenchmark/id/392/year/2026/sortby/1/block_name/-1,False
KHA:TT1,KHA,Trường Đại học Kinh tế Quốc dân,Hà Nội,,TT1,"Chương trình Tiên tiến (Kế toán, Kế hoạch tài chính, Quản trị kinh doanh)",,tai_chinh,Tài chính - Ngân hàng - Kế toán - Kiểm toán - Bảo hiểm,advanced,A00;A01;D01;D07,A00,observed,55.0,41000000.0,68000000.0,per_year,"Học bằng tiếng Anh (thường cần trình độ tiếng Anh tốt, có thể yêu cầu IELTS/chứng chỉ khi nhập học)",2,25.25,confirmed_2_sources,https://diemthi.vnexpress.net/tra-cuu-dai-hoc/loadbenchmark/id/392/year/2026/sortby/1/block_name/-1,False
KHA:TT2,KHA,Trường Đại học Kinh tế Quốc dân,Hà Nội,,TT2,"Chương trình Tiên tiến (Tài chính, Kinh doanh quốc tế)",,tai_chinh,Tài chính - Ngân hàng - Kế toán - Kiểm toán - Bảo hiểm,international,A00;A01;D01;D07,A00,observed,110.0,41000000.0,68000000.0,per_year,"Học bằng tiếng Anh (thường cần trình độ tiếng Anh tốt, có thể yêu cầu IELTS/chứng chỉ khi nhập học) | Chương trình liên kết/quốc tế: học phí cao hơn chương trình chuẩn",2,26.0,confirmed_2_sources,https://diemthi.vnexpress.net/tra-cuu-dai-hoc/loadbenchmark/id/392/year/2026/sortby/1/block_name/-1,False
KTS:7580201,KTS,Trường Đại học Kiến trúc Thành phố Hồ Chí Minh,TP. Hồ Chí Minh,,7580201,Kỹ thuật xây dựng,7580201,xay_dung,Kiến trúc - Xây dựng - Giao thông - Quy hoạch,standard,A00;A01;C01,A00,observed,,,,,,4,20.5,confirmed_2_sources,https://diemthi.vnexpress.net/tra-cuu-dai-hoc/loadbenchmark/id/273/year/2026/sortby/1/block_name/-1,True
KTS:7580201QT,KTS,Trường Đại học Kiến trúc Thành phố Hồ Chí Minh,TP. Hồ Chí Minh,,7580201QT,Xây dựng (Tongmyong - Hàn Quốc),7580201,xay_dung,Kiến trúc - Xây dựng - Giao thông - Quy hoạch,standard,A00;A01;C01,A00,observed,,,,,,1,17.1,disputed,https://diemthi.vnexpress.net/tra-cuu-dai-hoc/loadbenchmark/id/273/year/2026/sortby/1/block_name/-1,True
KTS:7580210,KTS,Trường Đại học Kiến trúc Thành phố Hồ Chí Minh,TP. Hồ Chí Minh,hạ tầng,7580210,Kỹ thuật cơ sở hạ tầng,7580210,xay_dung,Kiến trúc - Xây dựng - Giao thông - Quy hoạch,standard,A01;D01;D07;A00;C01,A01,observed,,,,,Học tại hạ tầng,4,17.5,confirmed_2_sources,https://diemthi.vnexpress.net/tra-cuu-dai-hoc/loadbenchmark/id/273/year/2026/sortby/1/block_name/-1,True
KTS:7580210QT,KTS,Trường Đại học Kiến trúc Thành phố Hồ Chí Minh,TP. Hồ Chí Minh,hạ tầng &lpar,7580210QT,Kỹ thuật cơ sở hạ tầng &lpar;Chương trình ĐH Quốc tế - TP.HCM&rpar;,7580210,xay_dung,Kiến trúc - Xây dựng - Giao thông - Quy hoạch,international,A01;D01;D07,A01,observed,,,,,"Học bằng tiếng Anh (thường cần trình độ tiếng Anh tốt, có thể yêu cầu IELTS/chứng chỉ khi nhập học) | Chương trình liên kết/quốc tế: học phí cao hơn chương trình chuẩn | Học tại hạ tầng &lpar",1,16.0,confirmed_2_sources,https://diemthi.vnexpress.net/tra-cuu-dai-hoc/loadbenchmark/id/273/year/2026/sortby/1/block_name/-1,True
KTS:7580302,KTS,Trường Đại học Kiến trúc Thành phố Hồ Chí Minh,TP. Hồ Chí Minh,,7580302,Quản lý xây dựng,7580302,xay_dung,Kiến trúc - Xây dựng - Giao thông - Quy hoạch,standard,A00;A01;C01,A00,observed,,,,,,4,21.35,confirmed_2_sources,https://diemthi.vnexpress.net/tra-cuu-dai-hoc/loadbenchmark/id/273/year/2026/sortby/1/block_name/-1,True
LPH:7220201,LPH,Trường Đại học Luật Hà Nội,Hà Nội,,7220201,Ngôn ngữ Anh,7220201,ngon_ngu,Ngôn ngữ - Văn hóa - Quốc tế học,standard,A01;D01,A01,observed,200.0,29400000.0,29400000.0,per_year,,4,23.09,confirmed_2_sources,https://diemthi.vnexpress.net/tra-cuu-dai-hoc/loadbenchmark/id/399/year/2026/sortby/1/block_name/-1,False
LPH:7380101,LPH,Trường Đại học Luật Hà Nội,Hà Nội,,7380101,Ngành Luật,7380101,luat,Luật,standard,A00;A01;C00;D01;D02;D03;D04;D05;D06,A00,observed,1600.0,29400000.0,29400000.0,per_year,,4,24.12,confirmed_2_sources,https://diemthi.vnexpress.net/tra-cuu-dai-hoc/loadbenchmark/id/399/year/2026/sortby/1/block_name/-1,False
LPH:7380101PH,LPH,Trường Đại học Luật Hà Nội,Hà Nội,Đắk Lắk,7380101PH,Luật (dành cho Phân hiệu Đắk Lắk),7380101,luat,Luật,standard,A00;A01;C00;D01;D02;D03;D04;D05;D06,A00,observed,300.0,29400000.0,29400000.0,per_year,Học tại Đắk Lắk,2,20.0,confirmed_2_sources,https://diemthi.vnexpress.net/tra-cuu-dai-hoc/loadbenchmark/id/399/year/2026/sortby/1/block_name/-1,False
LPH:7380107,LPH,Trường Đại học Luật Hà Nội,Hà Nội,,7380107,Luật kinh tế,7380107,luat,Luật,standard,A00;A01;C00;D01;D02;D03;D04;D05;D06,A00,observed,550.0,29400000.0,29400000.0,per_year,,4,25.95,confirmed_2_sources,https://diemthi.vnexpress.net/tra-cuu-dai-hoc/loadbenchmark/id/399/year/2026/sortby/1/block_name/-1,False
LPH:7380109,LPH,Trường Đại học Luật Hà Nội,Hà Nội,,7380109,Luật Thương mại Quốc tế,7380109,luat,Luật,international,A01;D01,A01,observed,200.0,29400000.0,29400000.0,per_year,"Học bằng tiếng Anh (thường cần trình độ tiếng Anh tốt, có thể yêu cầu IELTS/chứng chỉ khi nhập học) | Chương trình liên kết/quốc tế: học phí cao hơn chương trình chuẩn",4,24.22,confirmed_2_sources,https://diemthi.vnexpress.net/tra-cuu-dai-hoc/loadbenchmark/id/399/year/2026/sortby/1/block_name/-1,False
LPS:7220201,LPS,Trường Đại học Luật tp. Hồ Chí Minh,TP. Hồ Chí Minh,,7220201,Ngôn ngữ Anh,7220201,ngon_ngu,Ngôn ngữ - Văn hóa - Quốc tế học,standard,D01;D14;X78;D15;D09;X25;D10,D01,observed,,42250000.0,42250000.0,per_year,,4,19.5,confirmed_2_sources,https://diemthi.vnexpress.net/tra-cuu-dai-hoc/loadbenchmark/id/274/year/2026/sortby/1/block_name/-1,False
LPS:7220204,LPS,Trường Đại học Luật tp. Hồ Chí Minh,TP. Hồ Chí Minh,,7220204,Ngôn ngữ Trung Quốc,7220204,ngon_ngu,Ngôn ngữ - Văn hóa - Quốc tế học,standard,D01;D04;D14;D65;X78;X90;D15;D45;D09;D40;X25;X37;D10;D20,D01,observed,,41000000.0,41000000.0,,,1,20.3,confirmed_2_sources,https://vietnamnet.vn/newsapi-edu/UniversityDetail/GetDetail?pageId=49ff289efde0446f9ae2f5c385595744&componentId=COMPONENT002302&keyword=LPS&year=2026&pageSize=25&pageIndex=0&typeOfTraining=0&subjectGroup=,True
LPS:7310112,LPS,Trường Đại học Luật tp. Hồ Chí Minh,TP. Hồ Chí Minh,,7310112,Kinh tế số,7310112,kinh_te,Kinh tế - Kinh doanh - Quản trị - Marketing - Thương mại,standard,A00;A01;D01;D07;X25;X26,A00,observed,,41000000.0,41000000.0,,,1,16.25,single_source,https://diemthi.vnexpress.net/tra-cuu-dai-hoc/loadbenchmark/id/274/year/2026/sortby/1/block_name/-1,True
LPS:7340101,LPS,Trường Đại học Luật tp. Hồ Chí Minh,TP. Hồ Chí Minh,,7340101,Quản trị Kinh doanh,7340101,kinh_te,Kinh tế - Kinh doanh - Quản trị - Marketing - Thương mại,standard,A01;D07;D01;X25;X26;A00,A01,observed,,41000000.0,41000000.0,,,4,17.0,confirmed_2_sources,https://diemthi.vnexpress.net/tra-cuu-dai-hoc/loadbenchmark/id/274/year/2026/sortby/1/block_name/-1,True
LPS:7340102,LPS,Trường Đại học Luật tp. Hồ Chí Minh,TP. Hồ Chí Minh,,7340102,Quản trị - Luật,7340102,luat,Luật,standard,A01;D07;D01;X25;X26;D11;D12;X78;X79;A00,A01,observed,,41000000.0,41000000.0,,,4,20.0,confirmed_2_sources,https://diemthi.vnexpress.net/tra-cuu-dai-hoc/loadbenchmark/id/274/year/2026/sortby/1/block_name/-1,True
LPS:7340120,LPS,Trường Đại học Luật tp. Hồ Chí Minh,TP. Hồ Chí Minh,,7340120,Ngành Kinh doanh quốc tế,7340120,kinh_te,Kinh tế - Kinh doanh - Quản trị - Marketing - Thương mại,international,A01;D07;D01;X25;X26;A00,A01,observed,,41000000.0,41000000.0,,"Học bằng tiếng Anh (thường cần trình độ tiếng Anh tốt, có thể yêu cầu IELTS/chứng chỉ khi nhập học) | Chương trình liên kết/quốc tế: học phí cao hơn chương trình chuẩn",2,19.75,confirmed_2_sources,https://diemthi.vnexpress.net/tra-cuu-dai-hoc/loadbenchmark/id/274/year/2026/sortby/1/block_name/-1,True
LPS:7340122,LPS,Trường Đại học Luật tp. Hồ Chí Minh,TP. Hồ Chí Minh,,7340122,Thương mại điện tử,7340122,kinh_te,Kinh tế - Kinh doanh - Quản trị - Marketing - Thương mại,standard,A01;D07;D01;X25;X26;A00,A01,observed,,41000000.0,41000000.0,,,1,18.5,confirmed_2_sources,https://diemthi.vnexpress.net/tra-cuu-dai-hoc/loadbenchmark/id/274/year/2026/sortby/1/block_name/-1,True
LPS:7340201,LPS,Trường Đại học Luật tp. Hồ Chí Minh,TP. Hồ Chí Minh,,7340201,Tài chính – Ngân hàng,7340201,tai_chinh,Tài chính - Ngân hàng - Kế toán - Kiểm toán - Bảo hiểm,standard,A01;D07;D01;X25;X26;A00,A01,observed,,41000000.0,41000000.0,,,2,18.25,confirmed_2_sources,https://diemthi.vnexpress.net/tra-cuu-dai-hoc/loadbenchmark/id/274/year/2026/sortby/1/block_name/-1,True
LPS:7340205,LPS,Trường Đại học Luật tp. Hồ Chí Minh,TP. Hồ Chí Minh,,7340205,Công nghệ tài chính,7340205,tai_chinh,Tài chính - Ngân hàng - Kế toán - Kiểm toán - Bảo hiểm,standard,A01;D07;D01;X25;X26;A00,A01,observed,,41000000.0,41000000.0,,,1,16.0,confirmed_2_sources,https://diemthi.vnexpress.net/tra-cuu-dai-hoc/loadbenchmark/id/274/year/2026/sortby/1/block_name/-1,True
LPS:7380101,LPS,Trường Đại học Luật tp. Hồ Chí Minh,TP. Hồ Chí Minh,,7380101,Ngành Luật,7380101,luat,Luật,standard,D01;D03;D04;D06;X78;X86;X90;X98;D11;D53;D54;D55;D12;D48;D49;D50;D14;D63;D64;D65;D15;D43;D44;D45;X25;X33;X37;X45;A01;D28;D29;D30;D07;D23;D24;D25;D09;D38;D39;D40;D10;D18;D19;D20;A00,D01,observed,,41000000.0,41000000.0,,,4,20.0,confirmed_2_sources,https://diemthi.vnexpress.net/tra-cuu-dai-hoc/loadbenchmark/id/274/year/2026/sortby/1/block_name/-1,True
LPS:7380109,LPS,Trường Đại học Luật tp. Hồ Chí Minh,TP. Hồ Chí Minh,,7380109,Luật Thương mại Quốc tế,7380109,luat,Luật,international,D11;D01;X78;D12;A01;X25;D07,D01,observed,,39750000.0,39750000.0,per_year,"Học bằng tiếng Anh (thường cần trình độ tiếng Anh tốt, có thể yêu cầu IELTS/chứng chỉ khi nhập học) | Chương trình liên kết/quốc tế: học phí cao hơn chương trình chuẩn",4,21.25,confirmed_2_sources,https://diemthi.vnexpress.net/tra-cuu-dai-hoc/loadbenchmark/id/274/year/2026/sortby/1/block_name/-1,False
MBS:7140103,MBS,Trường Đại học Mở tp. Hồ Chí Minh,TP. Hồ Chí Minh,,7140103,Công nghệ Giáo dục,7140103,su_pham,Sư phạm - Giáo dục,international,D01;A01;D07;D08;D09;D10;X25;X26;X27;X28;D11;D12;D13;D14;D15;X78;X79;X80;X81,D01,observed,,27500000.0,27500000.0,,"Học bằng tiếng Anh (thường cần trình độ tiếng Anh tốt, có thể yêu cầu IELTS/chứng chỉ khi nhập học) | Chương trình liên kết/quốc tế: học phí cao hơn chương trình chuẩn | Sư phạm: không nhận thí sinh bị dị hình, dị tật, nói ngọng, nói lắp; điểm sàn của Bộ",1,20.5,confirmed_2_sources,https://diemthi.vnexpress.net/tra-cuu-dai-hoc/loadbenchmark/id/275/year/2026/sortby/1/block_name/-1,True
MBS:7220201,MBS,Trường Đại học Mở tp. Hồ Chí Minh,TP. Hồ Chí Minh,,7220201,Ngôn ngữ Anh,7220201,ngon_ngu,Ngôn ngữ - Văn hóa - Quốc tế học,international,D01;A01;D07;D08;D09;D10;X25;X26;D11;D12;D13;D14;D15;X78;X79,D01,observed,,27500000.0,27500000.0,per_year,"Học bằng tiếng Anh (thường cần trình độ tiếng Anh tốt, có thể yêu cầu IELTS/chứng chỉ khi nhập học) | Chương trình liên kết/quốc tế: học phí cao hơn chương trình chuẩn",4,25.5,confirmed_2_sources,https://diemthi.vnexpress.net/tra-cuu-dai-hoc/loadbenchmark/id/275/year/2026/sortby/1/block_name/-1,False
MBS:7220201C,MBS,Trường Đại học Mở tp. Hồ Chí Minh,TP. Hồ Chí Minh,,7220201C,Ngôn ngữ Anh (CTCLC),7220201,ngon_ngu,Ngôn ngữ - Văn hóa - Quốc tế học,international,D01;A01;D07;D08;D09;D10;X25;X26;D11;D12;D13;D14;D15;X78;X79,D01,observed,,46500000.0,46500000.0,per_year,"Học bằng tiếng Anh (thường cần trình độ tiếng Anh tốt, có thể yêu cầu IELTS/chứng chỉ khi nhập học) | Chương trình liên kết/quốc tế: học phí cao hơn chương trình chuẩn",4,22.15,confirmed_2_sources,https://diemthi.vnexpress.net/tra-cuu-dai-hoc/loadbenchmark/id/275/year/2026/sortby/1/block_name/-1,False
MBS:7220201D,MBS,Trường Đại học Mở tp. Hồ Chí Minh,TP. Hồ Chí Minh,,7220201D,Ngôn ngữ Anh (hệ Đại trà),7220201,ngon_ngu,Ngôn ngữ - Văn hóa - Quốc tế học,international,D01;A01;D07;D08;D09;D10;X25;X26;D11;D12;D13;D14;D15;X78;X79,D01,observed,,27500000.0,27500000.0,,"Học bằng tiếng Anh (thường cần trình độ tiếng Anh tốt, có thể yêu cầu IELTS/chứng chỉ khi nhập học) | Chương trình liên kết/quốc tế: học phí cao hơn chương trình chuẩn",1,21.5,confirmed_2_sources,https://diemthi.vnexpress.net/tra-cuu-dai-hoc/loadbenchmark/id/275/year/2026/sortby/1/block_name/-1,True
MBS:7220201FL,MBS,Trường Đại học Mở tp. Hồ Chí Minh,TP. Hồ Chí Minh,,7220201FL,Ngôn ngữ Anh - CTLK ĐH Flinders,7220201,ngon_ngu,Ngôn ngữ - Văn hóa - Quốc tế học,international,A01;D01;D07;D14;D15;X78,A01,observed,,27500000.0,27500000.0,,"Học bằng tiếng Anh (thường cần trình độ tiếng Anh tốt, có thể yêu cầu IELTS/chứng chỉ khi nhập học) | Chương trình liên kết/quốc tế: học phí cao hơn chương trình chuẩn",1,20.3,confirmed_2_sources,https://diemthi.vnexpress.net/tra-cuu-dai-hoc/loadbenchmark/id/275/year/2026/sortby/1/block_name/-1,True
MBS:7220204,MBS,Trường Đại học Mở tp. Hồ Chí Minh,TP. Hồ Chí Minh,,7220204,Ngôn ngữ Trung Quốc,7220204,ngon_ngu,Ngôn ngữ - Văn hóa - Quốc tế học,international,D01;D04;D11;D55;D12;D13;D60;D14;D15;D65;D45;X78;X90;X79;D06;D22;A01;D07,D01,observed,,27500000.0,27500000.0,per_year,"Học bằng tiếng Anh (thường cần trình độ tiếng Anh tốt, có thể yêu cầu IELTS/chứng chỉ khi nhập học) | Chương trình liên kết/quốc tế: học phí cao hơn chương trình chuẩn",4,24.3,confirmed_2_sources,https://diemthi.vnexpress.net/tra-cuu-dai-hoc/loadbenchmark/id/275/year/2026/sortby/1/block_name/-1,False
MBS:7220204C,MBS,Trường Đại học Mở tp. Hồ Chí Minh,TP. Hồ Chí Minh,,7220204C,Ngôn ngữ Trung Quốc - CLC,7220204,ngon_ngu,Ngôn ngữ - Văn hóa - Quốc tế học,international,D01;D04;D11;D55;D12;D13;D60;D14;D15;D65;D45;X78;X90;X79;D06;D22;A01;D07,D01,observed,,46500000.0,46500000.0,per_year,"Học bằng tiếng Anh (thường cần trình độ tiếng Anh tốt, có thể yêu cầu IELTS/chứng chỉ khi nhập học) | Chương trình liên kết/quốc tế: học phí cao hơn chương trình chuẩn",4,21.5,confirmed_2_sources,https://diemthi.vnexpress.net/tra-cuu-dai-hoc/loadbenchmark/id/275/year/2026/sortby/1/block_name/-1,False
MBS:7220209,MBS,Trường Đại học Mở tp. Hồ Chí Minh,TP. Hồ Chí Minh,,7220209,Ngôn ngữ Nhật,7220209,ngon_ngu,Ngôn ngữ - Văn hóa - Quốc tế học,international,D01;D06;D53;D11;D48;D12;D13;D14;D58;D63;D15;X78;X79;D43;X98;X99;D22;A01;D07,D01,observed,,27500000.0,27500000.0,per_year,"Học bằng tiếng Anh (thường cần trình độ tiếng Anh tốt, có thể yêu cầu IELTS/chứng chỉ khi nhập học) | Chương trình liên kết/quốc tế: học phí cao hơn chương trình chuẩn",4,20.9,confirmed_2_sources,https://diemthi.vnexpress.net/tra-cuu-dai-hoc/loadbenchmark/id/275/year/2026/sortby/1/block_name/-1,False
MBS:7220209C,MBS,Trường Đại học Mở tp. Hồ Chí Minh,TP. Hồ Chí Minh,,7220209C,Ngôn ngữ Nhật - CLC,7220209,ngon_ngu,Ngôn ngữ - Văn hóa - Quốc tế học,international,D01;D06;D53;D11;D48;D12;D13;D14;D58;D63;D15;X78;X79;D43;X98;X99;D22;A01;D07,D01,observed,,46500000.0,46500000.0,per_year,"Học bằng tiếng Anh (thường cần trình độ tiếng Anh tốt, có thể yêu cầu IELTS/chứng chỉ khi nhập học) | Chương trình liên kết/quốc tế: học phí cao hơn chương trình chuẩn",4,20.0,confirmed_2_sources,https://diemthi.vnexpress.net/tra-cuu-dai-hoc/loadbenchmark/id/275/year/2026/sortby/1/block_name/-1,False
MBS:7220210,MBS,Trường Đại học Mở tp. Hồ Chí Minh,TP. Hồ Chí Minh,,7220210,Ngôn ngữ Hàn Quốc,7220210,ngon_ngu,Ngôn ngữ - Văn hóa - Quốc tế học,international,D01;D11;D12;D13;D14;D15;X78;X79;Y04;Y03;D06;D22;A01;D07,D01,observed,,27500000.0,27500000.0,per_year,"Học bằng tiếng Anh (thường cần trình độ tiếng Anh tốt, có thể yêu cầu IELTS/chứng chỉ khi nhập học) | Chương trình liên kết/quốc tế: học phí cao hơn chương trình chuẩn",3,21.65,confirmed_2_sources,https://diemthi.vnexpress.net/tra-cuu-dai-hoc/loadbenchmark/id/275/year/2026/sortby/1/block_name/-1,False
MBS:7310101,MBS,Trường Đại học Mở tp. Hồ Chí Minh,TP. Hồ Chí Minh,,7310101,Kinh tế,7310101,kinh_te,Kinh tế - Kinh doanh - Quản trị - Marketing - Thương mại,international,A00;A01;X06;D07;D01;D10;X10;X26;X11;X07;D09,A00,observed,,24000000.0,24000000.0,per_year,"Học bằng tiếng Anh (thường cần trình độ tiếng Anh tốt, có thể yêu cầu IELTS/chứng chỉ khi nhập học) | Chương trình liên kết/quốc tế: học phí cao hơn chương trình chuẩn",4,21.3,confirmed_2_sources,https://diemthi.vnexpress.net/tra-cuu-dai-hoc/loadbenchmark/id/275/year/2026/sortby/1/block_name/-1,False
MBS:7310101C,MBS,Trường Đại học Mở tp. Hồ Chí Minh,TP. Hồ Chí Minh,,7310101C,Kinh tế CLC,7310101,kinh_te,Kinh tế - Kinh doanh - Quản trị - Marketing - Thương mại,international,A01;D07;D01;X26;D09;D10;X27;A00;X06;X10;X02,A01,observed,,46500000.0,46500000.0,per_year,"Học bằng tiếng Anh (thường cần trình độ tiếng Anh tốt, có thể yêu cầu IELTS/chứng chỉ khi nhập học) | Chương trình liên kết/quốc tế: học phí cao hơn chương trình chuẩn",2,17.0,confirmed_2_sources,https://diemthi.vnexpress.net/tra-cuu-dai-hoc/loadbenchmark/id/275/year/2026/sortby/1/block_name/-1,False
MBS:7310104,MBS,Trường Đại học Mở tp. Hồ Chí Minh,TP. Hồ Chí Minh,,7310104,Kinh tế đầu tư,7310104,tai_chinh,Tài chính - Ngân hàng - Kế toán - Kiểm toán - Bảo hiểm,international,A00;A01;X06;D07;D01;D10;X10;X26;X11;X07,A00,observed,,27500000.0,27500000.0,,"Học bằng tiếng Anh (thường cần trình độ tiếng Anh tốt, có thể yêu cầu IELTS/chứng chỉ khi nhập học) | Chương trình liên kết/quốc tế: học phí cao hơn chương trình chuẩn",1,20.1,confirmed_2_sources,https://diemthi.vnexpress.net/tra-cuu-dai-hoc/loadbenchmark/id/275/year/2026/sortby/1/block_name/-1,True
MBS:7310301,MBS,Trường Đại học Mở tp. Hồ Chí Minh,TP. Hồ Chí Minh,,7310301,Xã hội học,7310301,xa_hoi,Khoa học xã hội - Tâm lý - Nhân văn - Chính trị - Hành chính,international,D01;C00;D14;D15;X01;X78;X70;X74;D02;D03;D04;D05;D06;D61;D62;D63;D64;D65;D41;D42;D43;D44;D45;X82;X86;X90;X94;X98;Y03;A01,D01,observed,,24000000.0,24000000.0,per_year,"Học bằng tiếng Anh (thường cần trình độ tiếng Anh tốt, có thể yêu cầu IELTS/chứng chỉ khi nhập học) | Chương trình liên kết/quốc tế: học phí cao hơn chương trình chuẩn",4,22.25,confirmed_2_sources,https://diemthi.vnexpress.net/tra-cuu-dai-hoc/loadbenchmark/id/275/year/2026/sortby/1/block_name/-1,False
MBS:7310401,MBS,Trường Đại học Mở tp. Hồ Chí Minh,TP. Hồ Chí Minh,,7310401,Tâm lý học,7310401,y_duoc,Y - Dược - Điều dưỡng - Sức khỏe,international,D01;C00;D14;D15;X01;X78;X70;X74;D02;D03;D04;D05;D06;D61;D62;D63;D64;D65;D41;D42;D43;D44;D45;X82;X86;X90;X94;X98;Y03;A01;D22,D01,observed,,24000000.0,24000000.0,per_year,"Học bằng tiếng Anh (thường cần trình độ tiếng Anh tốt, có thể yêu cầu IELTS/chứng chỉ khi nhập học) | Chương trình liên kết/quốc tế: học phí cao hơn chương trình chuẩn | Khối sức khỏe: có ngưỡng điểm sàn của Bộ",3,23.9,confirmed_2_sources,https://diemthi.vnexpress.net/tra-cuu-dai-hoc/loadbenchmark/id/275/year/2026/sortby/1/block_name/-1,False
MBS:7310620,MBS,Trường Đại học Mở tp. Hồ Chí Minh,TP. Hồ Chí Minh,,7310620,Đông Nam Á học,7310620,ngon_ngu,Ngôn ngữ - Văn hóa - Quốc tế học,international,D01;C00;D14;D15;X01;X78;X70;X74;D02;D03;D04;D05;D06;D61;D62;D63;D64;D65;D41;D42;D43;D44;D45;X82;X86;X90;X94;X98;Y03;A01,D01,observed,,24000000.0,24000000.0,per_year,"Học bằng tiếng Anh (thường cần trình độ tiếng Anh tốt, có thể yêu cầu IELTS/chứng chỉ khi nhập học) | Chương trình liên kết/quốc tế: học phí cao hơn chương trình chuẩn",4,20.5,confirmed_2_sources,https://diemthi.vnexpress.net/tra-cuu-dai-hoc/loadbenchmark/id/275/year/2026/sortby/1/block_name/-1,False
MBS:7320104,MBS,Trường Đại học Mở tp. Hồ Chí Minh,TP. Hồ Chí Minh,,7320104,Truyền thông đa phương tiện,7320104,bao_chi,Báo chí - Truyền thông - Quan hệ công chúng,international,D01;C03;C04;C02;B03;C01;X02;X01;X03;X04,D01,observed,,27500000.0,27500000.0,,"Học bằng tiếng Anh (thường cần trình độ tiếng Anh tốt, có thể yêu cầu IELTS/chứng chỉ khi nhập học) | Chương trình liên kết/quốc tế: học phí cao hơn chương trình chuẩn",1,26.2,confirmed_2_sources,https://diemthi.vnexpress.net/tra-cuu-dai-hoc/loadbenchmark/id/275/year/2026/sortby/1/block_name/-1,True
MBS:7340101,MBS,Trường Đại học Mở tp. Hồ Chí Minh,TP. Hồ Chí Minh,,7340101,Quản trị Kinh doanh,7340101,kinh_te,Kinh tế - Kinh doanh - Quản trị - Marketing - Thương mại,international,A00;A01;X06;D07;X10;D08;X26;C01;C02;B03;D01;X02;X79,A00,observed,,27500000.0,27500000.0,per_year,"Học bằng tiếng Anh (thường cần trình độ tiếng Anh tốt, có thể yêu cầu IELTS/chứng chỉ khi nhập học) | Chương trình liên kết/quốc tế: học phí cao hơn chương trình chuẩn",4,23.0,confirmed_2_sources,https://diemthi.vnexpress.net/tra-cuu-dai-hoc/loadbenchmark/id/275/year/2026/sortby/1/block_name/-1,False
MBS:7340101C,MBS,Trường Đại học Mở tp. Hồ Chí Minh,TP. Hồ Chí Minh,,7340101C,Quản trị kinh doanh,7340101,kinh_te,Kinh tế - Kinh doanh - Quản trị - Marketing - Thương mại,international,A01;D07;D08;D09;D01;X27;X25;X26;X79;A00;X06;X10;X02,A01,observed,,46500000.0,46500000.0,per_year,"Học bằng tiếng Anh (thường cần trình độ tiếng Anh tốt, có thể yêu cầu IELTS/chứng chỉ khi nhập học) | Chương trình liên kết/quốc tế: học phí cao hơn chương trình chuẩn",4,18.5,confirmed_2_sources,https://diemthi.vnexpress.net/tra-cuu-dai-hoc/loadbenchmark/id/275/year/2026/sortby/1/block_name/-1,False
MBS:7340101D,MBS,Trường Đại học Mở tp. Hồ Chí Minh,TP. Hồ Chí Minh,,7340101D,Quản trị kinh doanh (Chuyên ngành Quản trị Nhà hàng - Khách sạn),7340101,du_lich,Du lịch - Khách sạn - Logistics - Hàng không - Dịch vụ,international,A00;A01;D01;D07;X06;X10;X02;X26;B08;D08;C01;C02,A00,observed,,27500000.0,27500000.0,,"Học bằng tiếng Anh (thường cần trình độ tiếng Anh tốt, có thể yêu cầu IELTS/chứng chỉ khi nhập học) | Chương trình liên kết/quốc tế: học phí cao hơn chương trình chuẩn",1,19.05,confirmed_2_sources,https://diemthi.vnexpress.net/tra-cuu-dai-hoc/loadbenchmark/id/275/year/2026/sortby/1/block_name/-1,True
MBS:7340101FL,MBS,Trường Đại học Mở tp. Hồ Chí Minh,TP. Hồ Chí Minh,,7340101FL,Quản trị kinh doanh - CTLK ĐH Flinders,7340101,kinh_te,Kinh tế - Kinh doanh - Quản trị - Marketing - Thương mại,international,A01;D01;D07;D09;D08;X27;X26;D10;X25,A01,observed,,27500000.0,27500000.0,,"Học bằng tiếng Anh (thường cần trình độ tiếng Anh tốt, có thể yêu cầu IELTS/chứng chỉ khi nhập học) | Chương trình liên kết/quốc tế: học phí cao hơn chương trình chuẩn",1,15.75,confirmed_2_sources,https://diemthi.vnexpress.net/tra-cuu-dai-hoc/loadbenchmark/id/275/year/2026/sortby/1/block_name/-1,True
MBS:7340101SQ,MBS,Trường Đại học Mở tp. Hồ Chí Minh,TP. Hồ Chí Minh,,7340101SQ,Quản trị kinh doanh - CTLK ĐH Southern Queensland,7340101,kinh_te,Kinh tế - Kinh doanh - Quản trị - Marketing - Thương mại,international,A01;D01;D07;D09;D08;X27;X26;D10;X25,A01,observed,,27500000.0,27500000.0,,"Học bằng tiếng Anh (thường cần trình độ tiếng Anh tốt, có thể yêu cầu IELTS/chứng chỉ khi nhập học) | Chương trình liên kết/quốc tế: học phí cao hơn chương trình chuẩn",1,15.75,confirmed_2_sources,https://diemthi.vnexpress.net/tra-cuu-dai-hoc/loadbenchmark/id/275/year/2026/sortby/1/block_name/-1,True
MBS:7340101SW,MBS,Trường Đại học Mở tp. Hồ Chí Minh,TP. Hồ Chí Minh,,7340101SW,Quản trị kinh doanh - CTLK ĐH South Wales,7340101,kinh_te,Kinh tế - Kinh doanh - Quản trị - Marketing - Thương mại,international,A01;D01;D07;D09;D08;X27;X26;D10;X25,A01,observed,,27500000.0,27500000.0,,"Học bằng tiếng Anh (thường cần trình độ tiếng Anh tốt, có thể yêu cầu IELTS/chứng chỉ khi nhập học) | Chương trình liên kết/quốc tế: học phí cao hơn chương trình chuẩn",1,15.75,confirmed_2_sources,https://diemthi.vnexpress.net/tra-cuu-dai-hoc/loadbenchmark/id/275/year/2026/sortby/1/block_name/-1,True
MBS:7340115,MBS,Trường Đại học Mở tp. Hồ Chí Minh,TP. Hồ Chí Minh,,7340115,Marketing,7340115,kinh_te,Kinh tế - Kinh doanh - Quản trị - Marketing - Thương mại,international,A00;A01;X06;D07;X10;D08;X26;C01;C02;B03;D01;X02;X79,A00,observed,,27500000.0,27500000.0,per_year,"Học bằng tiếng Anh (thường cần trình độ tiếng Anh tốt, có thể yêu cầu IELTS/chứng chỉ khi nhập học) | Chương trình liên kết/quốc tế: học phí cao hơn chương trình chuẩn",4,25.0,confirmed_2_sources,https://diemthi.vnexpress.net/tra-cuu-dai-hoc/loadbenchmark/id/275/year/2026/sortby/1/block_name/-1,False
MBS:7340115C,MBS,Trường Đại học Mở tp. Hồ Chí Minh,TP. Hồ Chí Minh,,7340115C,Marketing,7340115,kinh_te,Kinh tế - Kinh doanh - Quản trị - Marketing - Thương mại,international,A01;D07;D08;D09;D01;X27;X25;X26;X79;A00;X06;X10;X02,A01,observed,,27500000.0,27500000.0,,"Học bằng tiếng Anh (thường cần trình độ tiếng Anh tốt, có thể yêu cầu IELTS/chứng chỉ khi nhập học) | Chương trình liên kết/quốc tế: học phí cao hơn chương trình chuẩn",1,21.5,confirmed_2_sources,https://diemthi.vnexpress.net/tra-cuu-dai-hoc/loadbenchmark/id/275/year/2026/sortby/1/block_name/-1,True
MBS:7340120,MBS,Trường Đại học Mở tp. Hồ Chí Minh,TP. Hồ Chí Minh,,7340120,Ngành Kinh doanh quốc tế,7340120,kinh_te,Kinh tế - Kinh doanh - Quản trị - Marketing - Thương mại,international,A00;A01;X06;D07;X10;D08;X26;C01;C02;B03;D01;X02;X79,A00,observed,,27500000.0,27500000.0,per_year,"Học bằng tiếng Anh (thường cần trình độ tiếng Anh tốt, có thể yêu cầu IELTS/chứng chỉ khi nhập học) | Chương trình liên kết/quốc tế: học phí cao hơn chương trình chuẩn",4,24.55,confirmed_2_sources,https://diemthi.vnexpress.net/tra-cuu-dai-hoc/loadbenchmark/id/275/year/2026/sortby/1/block_name/-1,False
MBS:7340120C,MBS,Trường Đại học Mở tp. Hồ Chí Minh,TP. Hồ Chí Minh,,7340120C,Kinh doanh quốc tế (Chương trình chất lượng cao),7340120,kinh_te,Kinh tế - Kinh doanh - Quản trị - Marketing - Thương mại,international,A01;D07;D08;D09;D01;X27;X25;X26;X79;A00;X06;X10;X02,A01,observed,,27500000.0,27500000.0,,"Học bằng tiếng Anh (thường cần trình độ tiếng Anh tốt, có thể yêu cầu IELTS/chứng chỉ khi nhập học) | Chương trình liên kết/quốc tế: học phí cao hơn chương trình chuẩn",1,21.25,confirmed_2_sources,https://diemthi.vnexpress.net/tra-cuu-dai-hoc/loadbenchmark/id/275/year/2026/sortby/1/block_name/-1,True
MBS:7340120RO,MBS,Trường Đại học Mở tp. Hồ Chí Minh,TP. Hồ Chí Minh,,7340120RO,Kinh doanh quốc tế - CTLK ĐH Rouen,7340120,kinh_te,Kinh tế - Kinh doanh - Quản trị - Marketing - Thương mại,international,A00;A01;C01;D07;C02;D01;C04;D10,A00,observed,,27500000.0,27500000.0,,"Học bằng tiếng Anh (thường cần trình độ tiếng Anh tốt, có thể yêu cầu IELTS/chứng chỉ khi nhập học) | Chương trình liên kết/quốc tế: học phí cao hơn chương trình chuẩn",1,17.75,confirmed_2_sources,https://diemthi.vnexpress.net/tra-cuu-dai-hoc/loadbenchmark/id/275/year/2026/sortby/1/block_name/-1,True
MBS:7340201,MBS,Trường Đại học Mở tp. Hồ Chí Minh,TP. Hồ Chí Minh,,7340201,Tài chính – Ngân hàng,7340201,tai_chinh,Tài chính - Ngân hàng - Kế toán - Kiểm toán - Bảo hiểm,international,A00;A01;X06;D07;X10;D08;X26;C01;C02;B03;D01;X02;X03;X04;X07;X08;X11;X12,A00,observed,,27500000.0,27500000.0,per_year,"Học bằng tiếng Anh (thường cần trình độ tiếng Anh tốt, có thể yêu cầu IELTS/chứng chỉ khi nhập học) | Chương trình liên kết/quốc tế: học phí cao hơn chương trình chuẩn",4,23.75,confirmed_2_sources,https://diemthi.vnexpress.net/tra-cuu-dai-hoc/loadbenchmark/id/275/year/2026/sortby/1/block_name/-1,False
MBS:7340201C,MBS,Trường Đại học Mở tp. Hồ Chí Minh,TP. Hồ Chí Minh,,7340201C,Tài chính – Ngân hàng (Chương trình chất lượng cao),7340201,tai_chinh,Tài chính - Ngân hàng - Kế toán - Kiểm toán - Bảo hiểm,international,A01;D07;D08;D09;D01;X27;X25;X26;X79;A00;X06;X10;X02;D10;X28,A01,observed,,46500000.0,46500000.0,per_year,"Học bằng tiếng Anh (thường cần trình độ tiếng Anh tốt, có thể yêu cầu IELTS/chứng chỉ khi nhập học) | Chương trình liên kết/quốc tế: học phí cao hơn chương trình chuẩn",4,17.75,confirmed_2_sources,https://diemthi.vnexpress.net/tra-cuu-dai-hoc/loadbenchmark/id/275/year/2026/sortby/1/block_name/-1,False
MBS:7340201D,MBS,Trường Đại học Mở tp. Hồ Chí Minh,TP. Hồ Chí Minh,,7340201D,Tài chính ngân hàng,7340201,tai_chinh,Tài chính - Ngân hàng - Kế toán - Kiểm toán - Bảo hiểm,international,A00;A01;D01;D07;X06;X10;X02;X26;B08;D08;C01;C02,A00,observed,,27500000.0,27500000.0,,"Học bằng tiếng Anh (thường cần trình độ tiếng Anh tốt, có thể yêu cầu IELTS/chứng chỉ khi nhập học) | Chương trình liên kết/quốc tế: học phí cao hơn chương trình chuẩn",1,18.5,confirmed_2_sources,https://diemthi.vnexpress.net/tra-cuu-dai-hoc/loadbenchmark/id/275/year/2026/sortby/1/block_name/-1,True
MBS:7340201FL,MBS,Trường Đại học Mở tp. Hồ Chí Minh,TP. Hồ Chí Minh,,7340201FL,Tài chính ngân hàng - CTLK ĐH Flinders,7340201,tai_chinh,Tài chính - Ngân hàng - Kế toán - Kiểm toán - Bảo hiểm,international,A01;D01;D07;D09;D08;X27;X26;D10;X25,A01,observed,,27500000.0,27500000.0,,"Học bằng tiếng Anh (thường cần trình độ tiếng Anh tốt, có thể yêu cầu IELTS/chứng chỉ khi nhập học) | Chương trình liên kết/quốc tế: học phí cao hơn chương trình chuẩn",1,15.75,confirmed_2_sources,https://diemthi.vnexpress.net/tra-cuu-dai-hoc/loadbenchmark/id/275/year/2026/sortby/1/block_name/-1,True
MBS:7340204,MBS,Trường Đại học Mở tp. Hồ Chí Minh,TP. Hồ Chí Minh,,7340204,Bảo hiểm,7340204,tai_chinh,Tài chính - Ngân hàng - Kế toán - Kiểm toán - Bảo hiểm,international,A00;A01;X06;D07;X10;D08;X26;C01;C02;B03;D01;X02;X03;X04;X07;X08;X11;X12,A00,observed,,27500000.0,27500000.0,per_year,"Học bằng tiếng Anh (thường cần trình độ tiếng Anh tốt, có thể yêu cầu IELTS/chứng chỉ khi nhập học) | Chương trình liên kết/quốc tế: học phí cao hơn chương trình chuẩn",3,20.5,confirmed_2_sources,https://diemthi.vnexpress.net/tra-cuu-dai-hoc/loadbenchmark/id/275/year/2026/sortby/1/block_name/-1,False
MBS:7340205,MBS,Trường Đại học Mở tp. Hồ Chí Minh,TP. Hồ Chí Minh,,7340205,Công nghệ tài chính,7340205,tai_chinh,Tài chính - Ngân hàng - Kế toán - Kiểm toán - Bảo hiểm,international,A00;A01;X06;D07;X10;D08;X26;C01;C02;B03;D01;X02;X03;X04;X07;X08;X11;X12,A00,observed,,27500000.0,27500000.0,per_year,"Học bằng tiếng Anh (thường cần trình độ tiếng Anh tốt, có thể yêu cầu IELTS/chứng chỉ khi nhập học) | Chương trình liên kết/quốc tế: học phí cao hơn chương trình chuẩn",3,22.5,confirmed_2_sources,https://diemthi.vnexpress.net/tra-cuu-dai-hoc/loadbenchmark/id/275/year/2026/sortby/1/block_name/-1,False
MBS:7340301,MBS,Trường Đại học Mở tp. Hồ Chí Minh,TP. Hồ Chí Minh,,7340301,Kế toán,7340301,tai_chinh,Tài chính - Ngân hàng - Kế toán - Kiểm toán - Bảo hiểm,international,A00;A01;X06;D07;X10;D08;X26;C01;C02;B03;D01;X02;X25;X79,A00,observed,,27500000.0,27500000.0,per_year,"Học bằng tiếng Anh (thường cần trình độ tiếng Anh tốt, có thể yêu cầu IELTS/chứng chỉ khi nhập học) | Chương trình liên kết/quốc tế: học phí cao hơn chương trình chuẩn",4,24.15,confirmed_2_sources,https://diemthi.vnexpress.net/tra-cuu-dai-hoc/loadbenchmark/id/275/year/2026/sortby/1/block_name/-1,False
MBS:7340301C,MBS,Trường Đại học Mở tp. Hồ Chí Minh,TP. Hồ Chí Minh,,7340301C,Kế toán (CT chất lượng cao),7340301,tai_chinh,Tài chính - Ngân hàng - Kế toán - Kiểm toán - Bảo hiểm,international,A01;D07;D08;D09;D01;X27;X25;X26;X79;A00;X06;X10;X02;X78;X28,A01,observed,,46500000.0,46500000.0,per_year,"Học bằng tiếng Anh (thường cần trình độ tiếng Anh tốt, có thể yêu cầu IELTS/chứng chỉ khi nhập học) | Chương trình liên kết/quốc tế: học phí cao hơn chương trình chuẩn",4,16.75,confirmed_2_sources,https://diemthi.vnexpress.net/tra-cuu-dai-hoc/loadbenchmark/id/275/year/2026/sortby/1/block_name/-1,False
MBS:7340301D,MBS,Trường Đại học Mở tp. Hồ Chí Minh,TP. Hồ Chí Minh,,7340301D,Kế toán (hệ Đại trà),7340301,tai_chinh,Tài chính - Ngân hàng - Kế toán - Kiểm toán - Bảo hiểm,international,A00;A01;D01;D07;X06;X10;X02;X26;B08;D08;C01;C02,A00,observed,,27500000.0,27500000.0,,"Học bằng tiếng Anh (thường cần trình độ tiếng Anh tốt, có thể yêu cầu IELTS/chứng chỉ khi nhập học) | Chương trình liên kết/quốc tế: học phí cao hơn chương trình chuẩn",1,19.5,confirmed_2_sources,https://diemthi.vnexpress.net/tra-cuu-dai-hoc/loadbenchmark/id/275/year/2026/sortby/1/block_name/-1,True
MBS:7340302,MBS,Trường Đại học Mở tp. Hồ Chí Minh,TP. Hồ Chí Minh,,7340302,Kiểm toán,7340302,tai_chinh,Tài chính - Ngân hàng - Kế toán - Kiểm toán - Bảo hiểm,international,A00;A01;X06;D07;X10;D08;X26;C01;C02;B03;D01;X02;X25;X79,A00,observed,,27500000.0,27500000.0,per_year,"Học bằng tiếng Anh (thường cần trình độ tiếng Anh tốt, có thể yêu cầu IELTS/chứng chỉ khi nhập học) | Chương trình liên kết/quốc tế: học phí cao hơn chương trình chuẩn",4,23.8,confirmed_2_sources,https://diemthi.vnexpress.net/tra-cuu-dai-hoc/loadbenchmark/id/275/year/2026/sortby/1/block_name/-1,False
MBS:7340302C,MBS,Trường Đại học Mở tp. Hồ Chí Minh,TP. Hồ Chí Minh,,7340302C,Kiểm toán,7340302,tai_chinh,Tài chính - Ngân hàng - Kế toán - Kiểm toán - Bảo hiểm,international,A01;D07;D08;D09;D01;X27;X25;X26;X79;A00;X06;X10;X02;X78;X28,A01,observed,,46500000.0,46500000.0,per_year,"Học bằng tiếng Anh (thường cần trình độ tiếng Anh tốt, có thể yêu cầu IELTS/chứng chỉ khi nhập học) | Chương trình liên kết/quốc tế: học phí cao hơn chương trình chuẩn",3,17.7,confirmed_2_sources,https://diemthi.vnexpress.net/tra-cuu-dai-hoc/loadbenchmark/id/275/year/2026/sortby/1/block_name/-1,False
MBS:7340403,MBS,Trường Đại học Mở tp. Hồ Chí Minh,TP. Hồ Chí Minh,,7340403,Quản lý công,7340403,xa_hoi,Khoa học xã hội - Tâm lý - Nhân văn - Chính trị - Hành chính,international,A00;A01;X06;D07;D01;D10;X10;X26;X11;X07;D09,A00,observed,,24000000.0,24000000.0,per_year,"Học bằng tiếng Anh (thường cần trình độ tiếng Anh tốt, có thể yêu cầu IELTS/chứng chỉ khi nhập học) | Chương trình liên kết/quốc tế: học phí cao hơn chương trình chuẩn",4,19.6,confirmed_2_sources,https://diemthi.vnexpress.net/tra-cuu-dai-hoc/loadbenchmark/id/275/year/2026/sortby/1/block_name/-1,False
MBS:7340404,MBS,Trường Đại học Mở tp. Hồ Chí Minh,TP. Hồ Chí Minh,,7340404,Quản trị nhân lực,7340404,kinh_te,Kinh tế - Kinh doanh - Quản trị - Marketing - Thương mại,international,A00;A01;X06;D07;X10;D08;X26;C01;C02;B03;D01;X02;C03;D09;X27;X56;X79,A00,observed,,27500000.0,27500000.0,per_year,"Học bằng tiếng Anh (thường cần trình độ tiếng Anh tốt, có thể yêu cầu IELTS/chứng chỉ khi nhập học) | Chương trình liên kết/quốc tế: học phí cao hơn chương trình chuẩn",4,23.9,confirmed_2_sources,https://diemthi.vnexpress.net/tra-cuu-dai-hoc/loadbenchmark/id/275/year/2026/sortby/1/block_name/-1,False
MBS:7340404C,MBS,Trường Đại học Mở tp. Hồ Chí Minh,TP. Hồ Chí Minh,,7340404C,Quản trị nhân lực và văn phòng,7340404,kinh_te,Kinh tế - Kinh doanh - Quản trị - Marketing - Thương mại,international,A01;D07;D08;D09;D01;X27;X25;X26;X79;A00;X06;X10;X02,A01,observed,,27500000.0,27500000.0,,"Học bằng tiếng Anh (thường cần trình độ tiếng Anh tốt, có thể yêu cầu IELTS/chứng chỉ khi nhập học) | Chương trình liên kết/quốc tế: học phí cao hơn chương trình chuẩn",1,19.7,confirmed_2_sources,https://diemthi.vnexpress.net/tra-cuu-dai-hoc/loadbenchmark/id/275/year/2026/sortby/1/block_name/-1,True
MBS:7340405,MBS,Trường Đại học Mở tp. Hồ Chí Minh,TP. Hồ Chí Minh,,7340405,Hệ thống thông tin,7340405,cntt,Công nghệ thông tin - Máy tính - Dữ liệu - AI,international,A00;A01;X06;D07;X10;B00;X26;D10;X22;X27;X28;X56;X57;D01;X02;B03;D08;X14;C01;C02,A00,observed,,28500000.0,28500000.0,per_year,"Học bằng tiếng Anh (thường cần trình độ tiếng Anh tốt, có thể yêu cầu IELTS/chứng chỉ khi nhập học) | Chương trình liên kết/quốc tế: học phí cao hơn chương trình chuẩn",4,21.4,confirmed_2_sources,https://diemthi.vnexpress.net/tra-cuu-dai-hoc/loadbenchmark/id/275/year/2026/sortby/1/block_name/-1,False
MBS:7340405C,MBS,Trường Đại học Mở tp. Hồ Chí Minh,TP. Hồ Chí Minh,,7340405C,Hệ thống thông tin quản lý Chương trình Tiên tiến,7340405,cntt,Công nghệ thông tin - Máy tính - Dữ liệu - AI,international,A00;A01;X06;D07;X10;B00;X26;D10;X22;X27;X28;X56;X57;D01;X02;B03;D08;X14,A00,observed,,27500000.0,27500000.0,,"Học bằng tiếng Anh (thường cần trình độ tiếng Anh tốt, có thể yêu cầu IELTS/chứng chỉ khi nhập học) | Chương trình liên kết/quốc tế: học phí cao hơn chương trình chuẩn",1,17.0,confirmed_2_sources,https://diemthi.vnexpress.net/tra-cuu-dai-hoc/loadbenchmark/id/275/year/2026/sortby/1/block_name/-1,True
MBS:7380101,MBS,Trường Đại học Mở tp. Hồ Chí Minh,TP. Hồ Chí Minh,,7380101,Ngành Luật,7380101,luat,Luật,international,D01;C03;X01;X70;D14;X78;C00;X02;X79;X87;X95;X99;A00;A01;D03;D05;D06,D01,observed,,27500000.0,27500000.0,per_year,"Học bằng tiếng Anh (thường cần trình độ tiếng Anh tốt, có thể yêu cầu IELTS/chứng chỉ khi nhập học) | Chương trình liên kết/quốc tế: học phí cao hơn chương trình chuẩn",4,23.85,confirmed_2_sources,https://diemthi.vnexpress.net/tra-cuu-dai-hoc/loadbenchmark/id/275/year/2026/sortby/1/block_name/-1,False
MBS:7380107,MBS,Trường Đại học Mở tp. Hồ Chí Minh,TP. Hồ Chí Minh,,7380107,Luật kinh tế,7380107,luat,Luật,international,D01;C03;X01;X70;D14;X78;C00;X02;X79;X87;X95;X99;A00;A01;D03;D05;D06,D01,observed,,27500000.0,27500000.0,per_year,"Học bằng tiếng Anh (thường cần trình độ tiếng Anh tốt, có thể yêu cầu IELTS/chứng chỉ khi nhập học) | Chương trình liên kết/quốc tế: học phí cao hơn chương trình chuẩn",4,23.6,confirmed_2_sources,https://diemthi.vnexpress.net/tra-cuu-dai-hoc/loadbenchmark/id/275/year/2026/sortby/1/block_name/-1,False
MBS:7380107C,MBS,Trường Đại học Mở tp. Hồ Chí Minh,TP. Hồ Chí Minh,,7380107C,Luật kinh tế (CT chất lượng cao),7380107,luat,Luật,international,D01;D14;X78;D15;D11;X79;X80;D12;C01;C00;X70;A01;D07;A00;C03;X01,D01,observed,,27500000.0,27500000.0,per_year,"Học bằng tiếng Anh (thường cần trình độ tiếng Anh tốt, có thể yêu cầu IELTS/chứng chỉ khi nhập học) | Chương trình liên kết/quốc tế: học phí cao hơn chương trình chuẩn",4,20.0,confirmed_2_sources,https://diemthi.vnexpress.net/tra-cuu-dai-hoc/loadbenchmark/id/275/year/2026/sortby/1/block_name/-1,False
MBS:7420201,MBS,Trường Đại học Mở tp. Hồ Chí Minh,TP. Hồ Chí Minh,,7420201,Công nghệ sinh học,7420201,sinh_hoa,Sinh học - Hóa học - Công nghệ sinh học - Thực phẩm,international,A00;B00;X11;X12;X10;C02;A02;X07;X08;C01;B08;B03;X14;X15;X16;X27;X28;D07;D08;X56;X57,A00,observed,,28500000.0,28500000.0,per_year,"Học bằng tiếng Anh (thường cần trình độ tiếng Anh tốt, có thể yêu cầu IELTS/chứng chỉ khi nhập học) | Chương trình liên kết/quốc tế: học phí cao hơn chương trình chuẩn",4,20.35,confirmed_2_sources,https://diemthi.vnexpress.net/tra-cuu-dai-hoc/loadbenchmark/id/275/year/2026/sortby/1/block_name/-1,False
MBS:7420201C,MBS,Trường Đại học Mở tp. Hồ Chí Minh,TP. Hồ Chí Minh,,7420201C,Công nghệ sinh học,7420201,sinh_hoa,Sinh học - Hóa học - Công nghệ sinh học - Thực phẩm,international,A00;B00;D07;X11;X12;X10;C02;A02;X07;X08;C01;D08;B03;X14;X15;X16;X27;A01;B08;X28;X56,A00,observed,,46500000.0,46500000.0,per_year,"Học bằng tiếng Anh (thường cần trình độ tiếng Anh tốt, có thể yêu cầu IELTS/chứng chỉ khi nhập học) | Chương trình liên kết/quốc tế: học phí cao hơn chương trình chuẩn",4,16.5,confirmed_2_sources,https://diemthi.vnexpress.net/tra-cuu-dai-hoc/loadbenchmark/id/275/year/2026/sortby/1/block_name/-1,False
MBS:7420203,MBS,Trường Đại học Mở tp. Hồ Chí Minh,TP. Hồ Chí Minh,,7420203,Sinh học ứng dụng,7420203,sinh_hoa,Sinh học - Hóa học - Công nghệ sinh học - Thực phẩm,international,A00;B00;D07;X11;X12;X10;C02;A02;X07;X08;C01;D08;B03;X14;X15;X16;X27,A00,observed,,27500000.0,27500000.0,,"Học bằng tiếng Anh (thường cần trình độ tiếng Anh tốt, có thể yêu cầu IELTS/chứng chỉ khi nhập học) | Chương trình liên kết/quốc tế: học phí cao hơn chương trình chuẩn",1,15.5,confirmed_2_sources,https://diemthi.vnexpress.net/tra-cuu-dai-hoc/loadbenchmark/id/275/year/2026/sortby/1/block_name/-1,True
MBS:7460108,MBS,Trường Đại học Mở tp. Hồ Chí Minh,TP. Hồ Chí Minh,,7460108,Khoa học dữ liệu (Data Science),7460108,cntt,Công nghệ thông tin - Máy tính - Dữ liệu - AI,international,C01;C02;B03;X02;D01;A00;A01;D07;X06;X10;X26,B03,observed,,28500000.0,28500000.0,per_year,"Học bằng tiếng Anh (thường cần trình độ tiếng Anh tốt, có thể yêu cầu IELTS/chứng chỉ khi nhập học) | Chương trình liên kết/quốc tế: học phí cao hơn chương trình chuẩn",4,21.25,confirmed_2_sources,https://diemthi.vnexpress.net/tra-cuu-dai-hoc/loadbenchmark/id/275/year/2026/sortby/1/block_name/-1,False
MBS:7460112,MBS,Trường Đại học Mở tp. Hồ Chí Minh,TP. Hồ Chí Minh,,7460112,ĐH Toán ứng dụng,7460112,khoa_hoc_tn,Khoa học tự nhiên - Toán - Vật lý - Thống kê,international,C01;C02;B03;X02;D01,B03,observed,,27500000.0,27500000.0,,"Học bằng tiếng Anh (thường cần trình độ tiếng Anh tốt, có thể yêu cầu IELTS/chứng chỉ khi nhập học) | Chương trình liên kết/quốc tế: học phí cao hơn chương trình chuẩn",1,22.5,confirmed_2_sources,https://diemthi.vnexpress.net/tra-cuu-dai-hoc/loadbenchmark/id/275/year/2026/sortby/1/block_name/-1,True
MBS:7480101,MBS,Trường Đại học Mở tp. Hồ Chí Minh,TP. Hồ Chí Minh,,7480101,Khoa học máy tính,7480101,cntt,Công nghệ thông tin - Máy tính - Dữ liệu - AI,international,A00;A01;X06;D07;X10;B00;X26;D10;X22;X27;X28;X56;X57;D01;X02;B03;D08;X14;C01;C02,A00,observed,,28500000.0,28500000.0,per_year,"Học bằng tiếng Anh (thường cần trình độ tiếng Anh tốt, có thể yêu cầu IELTS/chứng chỉ khi nhập học) | Chương trình liên kết/quốc tế: học phí cao hơn chương trình chuẩn",4,20.5,confirmed_2_sources,https://diemthi.vnexpress.net/tra-cuu-dai-hoc/loadbenchmark/id/275/year/2026/sortby/1/block_name/-1,False
MBS:7480101C,MBS,Trường Đại học Mở tp. Hồ Chí Minh,TP. Hồ Chí Minh,,7480101C,Quản trị kinh doanh - CLC,7480101,kinh_te,Kinh tế - Kinh doanh - Quản trị - Marketing - Thương mại,international,A00;A01;X06;D07;X10;B00;X26;D10;X22;X27;X28;X56;X57;D01;X02;B03;D08;X14;C01;C02,A00,observed,,27500000.0,27500000.0,,"Học bằng tiếng Anh (thường cần trình độ tiếng Anh tốt, có thể yêu cầu IELTS/chứng chỉ khi nhập học) | Chương trình liên kết/quốc tế: học phí cao hơn chương trình chuẩn",2,17.0,confirmed_2_sources,https://diemthi.vnexpress.net/tra-cuu-dai-hoc/loadbenchmark/id/275/year/2026/sortby/1/block_name/-1,True
MBS:7480103,MBS,Trường Đại học Mở tp. Hồ Chí Minh,TP. Hồ Chí Minh,,7480103,Kỹ thuật phần mềm,7480103,cntt,Công nghệ thông tin - Máy tính - Dữ liệu - AI,international,A00;A01;X06;D07;X10;B00;X26;D10;X22;X27;X28;X56;X57;D01;X02;B03;D08;X14;C01;C02,A00,observed,,28500000.0,28500000.0,per_year,"Học bằng tiếng Anh (thường cần trình độ tiếng Anh tốt, có thể yêu cầu IELTS/chứng chỉ khi nhập học) | Chương trình liên kết/quốc tế: học phí cao hơn chương trình chuẩn",2,21.7,confirmed_2_sources,https://diemthi.vnexpress.net/tra-cuu-dai-hoc/loadbenchmark/id/275/year/2026/sortby/1/block_name/-1,False
MBS:7480107,MBS,Trường Đại học Mở tp. Hồ Chí Minh,TP. Hồ Chí Minh,,7480107,Trí tuệ nhân tạo,7480107,cntt,Công nghệ thông tin - Máy tính - Dữ liệu - AI,international,A00;A01;X06;D07;X10;B00;X26;D10;X22;X27;X28;X56;X57;D01;X02;B03;D08;X14;C01;C02,A00,observed,,28500000.0,28500000.0,per_year,"Học bằng tiếng Anh (thường cần trình độ tiếng Anh tốt, có thể yêu cầu IELTS/chứng chỉ khi nhập học) | Chương trình liên kết/quốc tế: học phí cao hơn chương trình chuẩn",3,22.5,confirmed_2_sources,https://diemthi.vnexpress.net/tra-cuu-dai-hoc/loadbenchmark/id/275/year/2026/sortby/1/block_name/-1,False
MBS:7480201,MBS,Trường Đại học Mở tp. Hồ Chí Minh,TP. Hồ Chí Minh,,7480201,Công nghệ thông tin,7480201,cntt,Công nghệ thông tin - Máy tính - Dữ liệu - AI,international,A00;A01;X06;D07;X10;B00;X26;D10;X22;X27;X28;X56;X57;D01;X02;B03;D08;X14;C01;C02,A00,observed,,28500000.0,28500000.0,per_year,"Học bằng tiếng Anh (thường cần trình độ tiếng Anh tốt, có thể yêu cầu IELTS/chứng chỉ khi nhập học) | Chương trình liên kết/quốc tế: học phí cao hơn chương trình chuẩn",4,21.5,confirmed_2_sources,https://diemthi.vnexpress.net/tra-cuu-dai-hoc/loadbenchmark/id/275/year/2026/sortby/1/block_name/-1,False
MBS:7480201C,MBS,Trường Đại học Mở tp. Hồ Chí Minh,TP. Hồ Chí Minh,,7480201C,Công nghệ thông tin (CTCLC),7480201,cntt,Công nghệ thông tin - Máy tính - Dữ liệu - AI,international,A00;A01;X06;D07;X10;B00;X26;D10;X22;X27;X28;X56;X57;D01;X02;B03;D08;X14;B08,A00,observed,,49500000.0,49500000.0,per_year,"Học bằng tiếng Anh (thường cần trình độ tiếng Anh tốt, có thể yêu cầu IELTS/chứng chỉ khi nhập học) | Chương trình liên kết/quốc tế: học phí cao hơn chương trình chuẩn",2,17.75,confirmed_2_sources,https://diemthi.vnexpress.net/tra-cuu-dai-hoc/loadbenchmark/id/275/year/2026/sortby/1/block_name/-1,False
MBS:7480202,MBS,Trường Đại học Mở tp. Hồ Chí Minh,TP. Hồ Chí Minh,,7480202,An toàn thông tin,7480202,cntt,Công nghệ thông tin - Máy tính - Dữ liệu - AI,international,A00;A01;X06;D07;X10;B00;X26;D10;X22;X27;X28;X56;X57;D01;X02;B03;D08;X14,A00,observed,,27500000.0,27500000.0,,"Học bằng tiếng Anh (thường cần trình độ tiếng Anh tốt, có thể yêu cầu IELTS/chứng chỉ khi nhập học) | Chương trình liên kết/quốc tế: học phí cao hơn chương trình chuẩn",1,21.25,confirmed_2_sources,https://diemthi.vnexpress.net/tra-cuu-dai-hoc/loadbenchmark/id/275/year/2026/sortby/1/block_name/-1,True
MBS:7510102,MBS,Trường Đại học Mở tp. Hồ Chí Minh,TP. Hồ Chí Minh,,7510102,Công nghệ kỹ thuật xây dựng dân dụng và công nghiệp,7510102,xay_dung,Kiến trúc - Xây dựng - Giao thông - Quy hoạch,international,A00;A01;D01;D07;X06;X10;X02;X26;X07;X11;X27;X56,A00,observed,,28500000.0,28500000.0,per_year,"Học bằng tiếng Anh (thường cần trình độ tiếng Anh tốt, có thể yêu cầu IELTS/chứng chỉ khi nhập học) | Chương trình liên kết/quốc tế: học phí cao hơn chương trình chuẩn",4,17.0,confirmed_2_sources,https://diemthi.vnexpress.net/tra-cuu-dai-hoc/loadbenchmark/id/275/year/2026/sortby/1/block_name/-1,False
MBS:7510102C,MBS,Trường Đại học Mở tp. Hồ Chí Minh,TP. Hồ Chí Minh,,7510102C,CNKT công trình xây dựng CLC,7510102,xay_dung,Kiến trúc - Xây dựng - Giao thông - Quy hoạch,international,A00;A01;D01;D07;X06;X10;X02;X26;X07;X11;X27;X56,A00,observed,,49500000.0,49500000.0,per_year,"Học bằng tiếng Anh (thường cần trình độ tiếng Anh tốt, có thể yêu cầu IELTS/chứng chỉ khi nhập học) | Chương trình liên kết/quốc tế: học phí cao hơn chương trình chuẩn",4,15.0,confirmed_2_sources,https://diemthi.vnexpress.net/tra-cuu-dai-hoc/loadbenchmark/id/275/year/2026/sortby/1/block_name/-1,False
MBS:7510605,MBS,Trường Đại học Mở tp. Hồ Chí Minh,TP. Hồ Chí Minh,,7510605,Logistics và Quản lý chuỗi cung ứng,7510605,du_lich,Du lịch - Khách sạn - Logistics - Hàng không - Dịch vụ,international,A00;A01;X06;D07;X10;X26;D10;X22;X27;X56;D01;X02;X79,A00,observed,,27500000.0,27500000.0,per_year,"Học bằng tiếng Anh (thường cần trình độ tiếng Anh tốt, có thể yêu cầu IELTS/chứng chỉ khi nhập học) | Chương trình liên kết/quốc tế: học phí cao hơn chương trình chuẩn",4,24.9,confirmed_2_sources,https://diemthi.vnexpress.net/tra-cuu-dai-hoc/loadbenchmark/id/275/year/2026/sortby/1/block_name/-1,False
MBS:7540101,MBS,Trường Đại học Mở tp. Hồ Chí Minh,TP. Hồ Chí Minh,,7540101,Công nghệ thực phẩm,7540101,sinh_hoa,Sinh học - Hóa học - Công nghệ sinh học - Thực phẩm,international,A00;B00;D07;X11;X12;X10;C02;A02;D08;A01,A00,observed,,28500000.0,28500000.0,per_year,"Học bằng tiếng Anh (thường cần trình độ tiếng Anh tốt, có thể yêu cầu IELTS/chứng chỉ khi nhập học) | Chương trình liên kết/quốc tế: học phí cao hơn chương trình chuẩn",4,21.0,confirmed_2_sources,https://diemthi.vnexpress.net/tra-cuu-dai-hoc/loadbenchmark/id/275/year/2026/sortby/1/block_name/-1,False
MBS:7580201,MBS,Trường Đại học Mở tp. Hồ Chí Minh,TP. Hồ Chí Minh,,7580201,Kỹ thuật xây dựng,7580201,xay_dung,Kiến trúc - Xây dựng - Giao thông - Quy hoạch,international,A00;A01;D01;D07;X06;X10;X02;X26,A00,observed,,27500000.0,27500000.0,,"Học bằng tiếng Anh (thường cần trình độ tiếng Anh tốt, có thể yêu cầu IELTS/chứng chỉ khi nhập học) | Chương trình liên kết/quốc tế: học phí cao hơn chương trình chuẩn",1,18.5,confirmed_2_sources,https://diemthi.vnexpress.net/tra-cuu-dai-hoc/loadbenchmark/id/275/year/2026/sortby/1/block_name/-1,True
MBS:7580302,MBS,Trường Đại học Mở tp. Hồ Chí Minh,TP. Hồ Chí Minh,,7580302,Quản lý xây dựng,7580302,xay_dung,Kiến trúc - Xây dựng - Giao thông - Quy hoạch,international,A00;A01;D01;D07;X06;X10;X02;X26;X07;X11;X27;X56,A00,observed,,28500000.0,28500000.0,per_year,"Học bằng tiếng Anh (thường cần trình độ tiếng Anh tốt, có thể yêu cầu IELTS/chứng chỉ khi nhập học) | Chương trình liên kết/quốc tế: học phí cao hơn chương trình chuẩn",4,17.25,confirmed_2_sources,https://diemthi.vnexpress.net/tra-cuu-dai-hoc/loadbenchmark/id/275/year/2026/sortby/1/block_name/-1,False
MBS:7760101,MBS,Trường Đại học Mở tp. Hồ Chí Minh,TP. Hồ Chí Minh,,7760101,Công tác xã hội,7760101,xa_hoi,Khoa học xã hội - Tâm lý - Nhân văn - Chính trị - Hành chính,international,D01;C00;D14;D15;X01;X78;X70;X74;D02;D03;D04;D05;D06;D61;D62;D63;D64;D65;D41;D42;D43;D44;D45;X82;X86;X90;X94;X98;Y03;A01;D22,D01,observed,,24000000.0,24000000.0,per_year,"Học bằng tiếng Anh (thường cần trình độ tiếng Anh tốt, có thể yêu cầu IELTS/chứng chỉ khi nhập học) | Chương trình liên kết/quốc tế: học phí cao hơn chương trình chuẩn",4,22.5,confirmed_2_sources,https://diemthi.vnexpress.net/tra-cuu-dai-hoc/loadbenchmark/id/275/year/2026/sortby/1/block_name/-1,False
MBS:7810101,MBS,Trường Đại học Mở tp. Hồ Chí Minh,TP. Hồ Chí Minh,,7810101,Du lịch,7810101,du_lich,Du lịch - Khách sạn - Logistics - Hàng không - Dịch vụ,international,A00;A01;X06;D01;C03;D09;C04;D10;X27;X56;X26;D14;D15,A00,observed,,27500000.0,27500000.0,per_year,"Học bằng tiếng Anh (thường cần trình độ tiếng Anh tốt, có thể yêu cầu IELTS/chứng chỉ khi nhập học) | Chương trình liên kết/quốc tế: học phí cao hơn chương trình chuẩn",4,24.0,confirmed_2_sources,https://diemthi.vnexpress.net/tra-cuu-dai-hoc/loadbenchmark/id/275/year/2026/sortby/1/block_name/-1,False
MDA:7220201,MDA,Trường Đại học Mỏ - Địa chất,Hà Nội,,7220201,Ngôn ngữ Anh,7220201,ngon_ngu,Ngôn ngữ - Văn hóa - Quốc tế học,standard,D01;D09;D10;A01;D07;B08;X27;D14;D15,D01,observed,,,,,,2,23.0,confirmed_2_sources,https://diemthi.vnexpress.net/tra-cuu-dai-hoc/loadbenchmark/id/400/year/2026/sortby/1/block_name/-1,True
MDA:7220204,MDA,Trường Đại học Mỏ - Địa chất,Hà Nội,,7220204,Ngôn ngữ Trung Quốc,7220204,ngon_ngu,Ngôn ngữ - Văn hóa - Quốc tế học,standard,D01;D04;C01;C03;C04;B03;C02;C00;D09;D14,D01,observed,,,,,,2,24.6,confirmed_2_sources,https://vietnamnet.vn/newsapi-edu/UniversityDetail/GetDetail?pageId=49ff289efde0446f9ae2f5c385595744&componentId=COMPONENT002302&keyword=MDA&year=2026&pageSize=25&pageIndex=4&typeOfTraining=0&subjectGroup=,True
MDA:7340101,MDA,Trường Đại học Mỏ - Địa chất,Hà Nội,,7340101,Quản trị Kinh doanh,7340101,kinh_te,Kinh tế - Kinh doanh - Quản trị - Marketing - Thương mại,standard,D01;C01;C04;X01;X02;C03;D04;C02;A00;A01;D07;D09;D10,D01,observed,,,,,,4,22.6,confirmed_2_sources,https://diemthi.vnexpress.net/tra-cuu-dai-hoc/loadbenchmark/id/400/year/2026/sortby/1/block_name/-1,True
MDA:7340201,MDA,Trường Đại học Mỏ - Địa chất,Hà Nội,,7340201,Tài chính – Ngân hàng,7340201,tai_chinh,Tài chính - Ngân hàng - Kế toán - Kiểm toán - Bảo hiểm,standard,D01;C01;C04;X01;X02;C03;D04;C02;A00;A01;D07;D09;D10,D01,observed,,,,,,4,23.15,confirmed_2_sources,https://diemthi.vnexpress.net/tra-cuu-dai-hoc/loadbenchmark/id/400/year/2026/sortby/1/block_name/-1,True
MDA:7340301,MDA,Trường Đại học Mỏ - Địa chất,Hà Nội,,7340301,Kế toán,7340301,tai_chinh,Tài chính - Ngân hàng - Kế toán - Kiểm toán - Bảo hiểm,standard,D01;C01;C04;X01;X02;C03;D04;C02;A00;A01;D07;D09;D10,D01,observed,,,,,,4,23.25,confirmed_2_sources,https://diemthi.vnexpress.net/tra-cuu-dai-hoc/loadbenchmark/id/400/year/2026/sortby/1/block_name/-1,True
MDA:7440201,MDA,Trường Đại học Mỏ - Địa chất,Hà Nội,,7440201,Địa chất học,7440201,nong_lam_mt,Nông - Lâm - Thủy sản - Môi trường - Tài nguyên,standard,C01;C02;C03;C04;D01;X02;X01;A00;D07;A04;A06;D10,C03,observed,,,,,,4,18.0,confirmed_2_sources,https://diemthi.vnexpress.net/tra-cuu-dai-hoc/loadbenchmark/id/400/year/2026/sortby/1/block_name/-1,True
MDA:7440229,MDA,Trường Đại học Mỏ - Địa chất,Hà Nội,,7440229,Quản lý và phân tích dữ liệu khoa học trái đất,7440229,cntt,Công nghệ thông tin - Máy tính - Dữ liệu - AI,standard,A00;A01;A02;A03;A04;C01;X06;D07;A06;B00;B02;B08,A00,observed,,,,,,4,18.0,confirmed_2_sources,https://diemthi.vnexpress.net/tra-cuu-dai-hoc/loadbenchmark/id/400/year/2026/sortby/1/block_name/-1,True
MDA:7460108,MDA,Trường Đại học Mỏ - Địa chất,Hà Nội,,7460108,Khoa học dữ liệu (Data Science),7460108,cntt,Công nghệ thông tin - Máy tính - Dữ liệu - AI,standard,A01;D01;B08;X25;X26;D10;D07;D09;A00,A01,observed,,,,,,4,20.5,confirmed_2_sources,https://diemthi.vnexpress.net/tra-cuu-dai-hoc/loadbenchmark/id/400/year/2026/sortby/1/block_name/-1,True
MDA:7480201,MDA,Trường Đại học Mỏ - Địa chất,Hà Nội,,7480201,Công nghệ thông tin,7480201,cntt,Công nghệ thông tin - Máy tính - Dữ liệu - AI,standard,A01;D01;B08;X25;X26;D10;D07;D09;A00,A01,observed,,,,,,4,21.0,confirmed_2_sources,https://diemthi.vnexpress.net/tra-cuu-dai-hoc/loadbenchmark/id/400/year/2026/sortby/1/block_name/-1,True
MDA:7480201TL,MDA,Trường Đại học Mỏ - Địa chất,Hà Nội,,7480201TL,Trí tuệ nhân tạo ứng dụng và bản sao số trái đất,7480201,cntt,Công nghệ thông tin - Máy tính - Dữ liệu - AI,standard,A00;C01;A01;A02;A03;A04;X06,A00,observed,,,,,,1,21.35,confirmed_2_sources,https://diemthi.vnexpress.net/tra-cuu-dai-hoc/loadbenchmark/id/400/year/2026/sortby/1/block_name/-1,True
MDA:7480206,MDA,Trường Đại học Mỏ - Địa chất,Hà Nội,,7480206,Địa tin học,7480206,cntt,Công nghệ thông tin - Máy tính - Dữ liệu - AI,standard,A00;A01;A02;A03;A04;X06;C01;C04;D01;D10;C02;C03,A00,observed,,,,,,3,15.5,confirmed_2_sources,https://diemthi.vnexpress.net/tra-cuu-dai-hoc/loadbenchmark/id/400/year/2026/sortby/1/block_name/-1,True
MDA:7510301,MDA,Trường Đại học Mỏ - Địa chất,Hà Nội,,7510301,"Công nghệ kỹ thuật điện, điện tử",7510301,ky_thuat,"Kỹ thuật - Công nghệ (cơ khí, điện, điện tử, ô tô, tự động hóa, vật liệu)",standard,A00;C01;A01;A02;A03;A04;X06;D01,A00,observed,,,,,,4,23.75,confirmed_2_sources,https://diemthi.vnexpress.net/tra-cuu-dai-hoc/loadbenchmark/id/400/year/2026/sortby/1/block_name/-1,True
MDA:7510401,MDA,Trường Đại học Mỏ - Địa chất,Hà Nội,,7510401,Công nghệ kỹ thuật hoá học,7510401,sinh_hoa,Sinh học - Hóa học - Công nghệ sinh học - Thực phẩm,standard,A00;A01;A02;A03;A04;C01;X06;A06;B00;D07;A05;C02;X10,A00,observed,,,,,,4,22.0,confirmed_2_sources,https://diemthi.vnexpress.net/tra-cuu-dai-hoc/loadbenchmark/id/400/year/2026/sortby/1/block_name/-1,True
MDA:7510402,MDA,Trường Đại học Mỏ - Địa chất,Hà Nội,,7510402,Công nghệ vật liệu,7510402,khoa_hoc_tn,Khoa học tự nhiên - Toán - Vật lý - Thống kê,standard,A00;A01;A02;A03;A04;X05;C01;X06,A00,observed,,,,,,1,17.5,confirmed_2_sources,https://diemthi.vnexpress.net/tra-cuu-dai-hoc/loadbenchmark/id/400/year/2026/sortby/1/block_name/-1,True
MDA:7510601,MDA,Trường Đại học Mỏ - Địa chất,Hà Nội,,7510601,Quản lý công nghiệp,7510601,xa_hoi,Khoa học xã hội - Tâm lý - Nhân văn - Chính trị - Hành chính,standard,D01;C01;C04;C02;X01;C03;D04;X02;A00;A01;D07;D09;D10,D01,observed,,,,,,4,22.8,confirmed_2_sources,https://diemthi.vnexpress.net/tra-cuu-dai-hoc/loadbenchmark/id/400/year/2026/sortby/1/block_name/-1,True
MDA:7520103,MDA,Trường Đại học Mỏ - Địa chất,Hà Nội,,7520103,Kỹ thuật cơ khí,7520103,ky_thuat,"Kỹ thuật - Công nghệ (cơ khí, điện, điện tử, ô tô, tự động hóa, vật liệu)",standard,A00;C01;A01;A02;A03;A04;X06;D01,A00,observed,,,,,,4,23.5,confirmed_2_sources,https://diemthi.vnexpress.net/tra-cuu-dai-hoc/loadbenchmark/id/400/year/2026/sortby/1/block_name/-1,True
MDA:7520107,MDA,Trường Đại học Mỏ - Địa chất,Hà Nội,,7520107,Kỹ thuật Robot,7520107,cntt,Công nghệ thông tin - Máy tính - Dữ liệu - AI,standard,A00;C01;A01;A02;A03;A04;X06;D01,A00,observed,,,,,,2,21.75,confirmed_2_sources,https://diemthi.vnexpress.net/tra-cuu-dai-hoc/loadbenchmark/id/400/year/2026/sortby/1/block_name/-1,True
MDA:7520114,MDA,Trường Đại học Mỏ - Địa chất,Hà Nội,,7520114,Kỹ thuật cơ điện tử,7520114,ky_thuat,"Kỹ thuật - Công nghệ (cơ khí, điện, điện tử, ô tô, tự động hóa, vật liệu)",standard,A00;C01;A01;A02;A03;A04;X06;D01,A00,observed,,,,,,4,23.0,confirmed_2_sources,https://diemthi.vnexpress.net/tra-cuu-dai-hoc/loadbenchmark/id/400/year/2026/sortby/1/block_name/-1,True
MDA:7520116,MDA,Trường Đại học Mỏ - Địa chất,Hà Nội,,7520116,Kỹ thuật cơ khí động lực,7520116,ky_thuat,"Kỹ thuật - Công nghệ (cơ khí, điện, điện tử, ô tô, tự động hóa, vật liệu)",standard,A00;C01;A01;A02;A03;A04;X06;D01,A00,observed,,,,,,4,22.5,confirmed_2_sources,https://diemthi.vnexpress.net/tra-cuu-dai-hoc/loadbenchmark/id/400/year/2026/sortby/1/block_name/-1,True
MDA:7520121,MDA,Trường Đại học Mỏ - Địa chất,Hà Nội,,7520121,Kỹ thuật không gian,7520121,ky_thuat,"Kỹ thuật - Công nghệ (cơ khí, điện, điện tử, ô tô, tự động hóa, vật liệu)",standard,D01;C04;C01;C02;C03;B03;A01;A04;B02;D10,D01,observed,,,,,,2,20.0,confirmed_2_sources,https://diemthi.vnexpress.net/tra-cuu-dai-hoc/loadbenchmark/id/400/year/2026/sortby/1/block_name/-1,True
MDA:7520130,MDA,Trường Đại học Mỏ - Địa chất,Hà Nội,,7520130,Kỹ thuật ô tô,7520130,ky_thuat,"Kỹ thuật - Công nghệ (cơ khí, điện, điện tử, ô tô, tự động hóa, vật liệu)",standard,A00;C01;A01;A02;A03;A04;X06;D01,A00,observed,,,,,,4,21.0,confirmed_2_sources,https://diemthi.vnexpress.net/tra-cuu-dai-hoc/loadbenchmark/id/400/year/2026/sortby/1/block_name/-1,True
MDA:7520201,MDA,Trường Đại học Mỏ - Địa chất,Hà Nội,,7520201,Kỹ thuật điện,7520201,ky_thuat,"Kỹ thuật - Công nghệ (cơ khí, điện, điện tử, ô tô, tự động hóa, vật liệu)",standard,A00;C01;A01;A02;A03;A04;X06;D01,A00,observed,,,,,,4,24.0,confirmed_2_sources,https://diemthi.vnexpress.net/tra-cuu-dai-hoc/loadbenchmark/id/400/year/2026/sortby/1/block_name/-1,True
MDA:7520216,MDA,Trường Đại học Mỏ - Địa chất,Hà Nội,,7520216,Ngành Kỹ thuật điều khiển và Tự động hóa,7520216,ky_thuat,"Kỹ thuật - Công nghệ (cơ khí, điện, điện tử, ô tô, tự động hóa, vật liệu)",standard,A00;C01;A01;A02;A03;A04;X06;D01,A00,observed,,,,,,4,24.75,confirmed_2_sources,https://diemthi.vnexpress.net/tra-cuu-dai-hoc/loadbenchmark/id/400/year/2026/sortby/1/block_name/-1,True
MDA:7520216TL,MDA,Trường Đại học Mỏ - Địa chất,Hà Nội,,7520216TL,Kỹ thuật điều khiển và tự động hóa phục vụ công nghiệp khai khoáng và năng lượng,7520216,ky_thuat,"Kỹ thuật - Công nghệ (cơ khí, điện, điện tử, ô tô, tự động hóa, vật liệu)",standard,A00;C01;A01;A02;A03;A04;X06,A00,observed,,,,,,1,21.75,confirmed_2_sources,https://diemthi.vnexpress.net/tra-cuu-dai-hoc/loadbenchmark/id/400/year/2026/sortby/1/block_name/-1,True
MDA:7520301,MDA,Trường Đại học Mỏ - Địa chất,Hà Nội,,7520301,Kỹ thuật hóa học,7520301,sinh_hoa,Sinh học - Hóa học - Công nghệ sinh học - Thực phẩm,standard,A00;C02;A06;A05;D07;B00;X10;A01;A02,A00,observed,,,,,,4,22.0,confirmed_2_sources,https://diemthi.vnexpress.net/tra-cuu-dai-hoc/loadbenchmark/id/400/year/2026/sortby/1/block_name/-1,True
MDA:7520309,MDA,Trường Đại học Mỏ - Địa chất,Hà Nội,,7520309,Kỹ thuật vật liệu,7520309,khoa_hoc_tn,Khoa học tự nhiên - Toán - Vật lý - Thống kê,standard,A00;A01;X06;X07;A02;C01;A04;A03;D01,A00,observed,,,,,,2,21.0,confirmed_2_sources,https://diemthi.vnexpress.net/tra-cuu-dai-hoc/loadbenchmark/id/400/year/2026/sortby/1/block_name/-1,True
MDA:7520320,MDA,Trường Đại học Mỏ - Địa chất,Hà Nội,,7520320,Ngành Kỹ thuật môi trường,7520320,nong_lam_mt,Nông - Lâm - Thủy sản - Môi trường - Tài nguyên,standard,C01;C02;B03;C03;C04;D01;X02;X03;A00;B00;A01;A04,B03,observed,,,,,,4,16.5,confirmed_2_sources,https://diemthi.vnexpress.net/tra-cuu-dai-hoc/loadbenchmark/id/400/year/2026/sortby/1/block_name/-1,True
MDA:7520501,MDA,Trường Đại học Mỏ - Địa chất,Hà Nội,,7520501,Kỹ thuật địa chất,7520501,nong_lam_mt,Nông - Lâm - Thủy sản - Môi trường - Tài nguyên,standard,C04;C01;D01;C02;C03;X02;X01;A00;A01;D07;D10,C04,observed,,,,,,4,16.5,confirmed_2_sources,https://diemthi.vnexpress.net/tra-cuu-dai-hoc/loadbenchmark/id/400/year/2026/sortby/1/block_name/-1,True
MDA:7520501TL,MDA,Trường Đại học Mỏ - Địa chất,Hà Nội,,7520501TL,Kỹ thuật địa chất phục vụ công nghiệp đất hiếm và khoáng sản chiến lược,7520501,nong_lam_mt,Nông - Lâm - Thủy sản - Môi trường - Tài nguyên,standard,A00;C01;A01;A02;A03;A04;X06,A00,observed,,,,,,1,21.0,confirmed_2_sources,https://diemthi.vnexpress.net/tra-cuu-dai-hoc/loadbenchmark/id/400/year/2026/sortby/1/block_name/-1,True
MDA:7520502,MDA,Trường Đại học Mỏ - Địa chất,Hà Nội,,7520502,Kỹ thuật địa vật lý,7520502,khoa_hoc_tn,Khoa học tự nhiên - Toán - Vật lý - Thống kê,standard,A00;A01;A02;A03;A04;C01;X06;D07;A06;B00;B02;B08,A00,observed,,,,,,4,16.0,confirmed_2_sources,https://diemthi.vnexpress.net/tra-cuu-dai-hoc/loadbenchmark/id/400/year/2026/sortby/1/block_name/-1,True
MDA:7520503,MDA,Trường Đại học Mỏ - Địa chất,Hà Nội,,7520503,Kỹ thuật trắc địa – bản đồ,7520503,ky_thuat,"Kỹ thuật - Công nghệ (cơ khí, điện, điện tử, ô tô, tự động hóa, vật liệu)",standard,A00;A01;A02;A04;A03;C01;C04;D01;D10,A00,observed,,,,,,4,17.0,confirmed_2_sources,https://diemthi.vnexpress.net/tra-cuu-dai-hoc/loadbenchmark/id/400/year/2026/sortby/1/block_name/-1,True
MDA:7520505,MDA,Trường Đại học Mỏ - Địa chất,Hà Nội,,7520505,Đá quý Đá mỹ nghệ,7520505,ky_thuat,"Kỹ thuật - Công nghệ (cơ khí, điện, điện tử, ô tô, tự động hóa, vật liệu)",standard,C01;C02;C03;C04;X01;D01;X02;X03;A00;D10;A04;D15,C03,observed,,,,,,4,16.0,confirmed_2_sources,https://diemthi.vnexpress.net/tra-cuu-dai-hoc/loadbenchmark/id/400/year/2026/sortby/1/block_name/-1,True
MDA:7520601,MDA,Trường Đại học Mỏ - Địa chất,Hà Nội,,7520601,Kỹ thuật mỏ,7520601,ky_thuat,"Kỹ thuật - Công nghệ (cơ khí, điện, điện tử, ô tô, tự động hóa, vật liệu)",standard,A00;A01;A02;A03;A04;X05;C01;X06;D01;B03;C02;C03;C04;D10,A00,observed,,,,,,4,19.0,confirmed_2_sources,https://diemthi.vnexpress.net/tra-cuu-dai-hoc/loadbenchmark/id/400/year/2026/sortby/1/block_name/-1,True
MDA:7520601TL,MDA,Trường Đại học Mỏ - Địa chất,Hà Nội,,7520601TL,Kỹ thuật mỏ thông minh,7520601,ky_thuat,"Kỹ thuật - Công nghệ (cơ khí, điện, điện tử, ô tô, tự động hóa, vật liệu)",standard,A00;C01;A01;A02;A03;A04;X06,A00,observed,,,,,,1,23.0,confirmed_2_sources,https://diemthi.vnexpress.net/tra-cuu-dai-hoc/loadbenchmark/id/400/year/2026/sortby/1/block_name/-1,True
MDA:7520604,MDA,Trường Đại học Mỏ - Địa chất,Hà Nội,,7520604,Kỹ thuật dầu khí,7520604,ky_thuat,"Kỹ thuật - Công nghệ (cơ khí, điện, điện tử, ô tô, tự động hóa, vật liệu)",standard,A00;A01;A02;A03;A04;C01;X06;D01;D07;B00;B02;B08;C02,A00,observed,,,,,,4,20.5,confirmed_2_sources,https://diemthi.vnexpress.net/tra-cuu-dai-hoc/loadbenchmark/id/400/year/2026/sortby/1/block_name/-1,True
MDA:7520605,MDA,Trường Đại học Mỏ - Địa chất,Hà Nội,,7520605,Kỹ thuật khí thiên nhiên,7520605,ky_thuat,"Kỹ thuật - Công nghệ (cơ khí, điện, điện tử, ô tô, tự động hóa, vật liệu)",standard,A00;A01;A02;A03;A04;C01;X06;D01;D07;B00;B02;B08;C02,A00,observed,,,,,,4,16.0,confirmed_2_sources,https://diemthi.vnexpress.net/tra-cuu-dai-hoc/loadbenchmark/id/400/year/2026/sortby/1/block_name/-1,True
MDA:7520606,MDA,Trường Đại học Mỏ - Địa chất,Hà Nội,,7520606,Công nghệ số trong thăm dò và khai thác tài nguyên thiên nhiên,7520606,nong_lam_mt,Nông - Lâm - Thủy sản - Môi trường - Tài nguyên,standard,A00;A01;A02;A03;A04;C01;X06;D01;D07;A06;B00;B02;B08,A00,observed,,,,,,4,16.0,confirmed_2_sources,https://diemthi.vnexpress.net/tra-cuu-dai-hoc/loadbenchmark/id/400/year/2026/sortby/1/block_name/-1,True
MDA:7520607,MDA,Trường Đại học Mỏ - Địa chất,Hà Nội,,7520607,Kỹ thuật tuyển khoáng,7520607,ky_thuat,"Kỹ thuật - Công nghệ (cơ khí, điện, điện tử, ô tô, tự động hóa, vật liệu)",standard,A00;A01;A02;A03;A04;X05;C01;X06;A06;B00;D07;B03;C02;C03;C04;D01;D10,A00,observed,,,,,,4,17.5,confirmed_2_sources,https://diemthi.vnexpress.net/tra-cuu-dai-hoc/loadbenchmark/id/400/year/2026/sortby/1/block_name/-1,True
MDA:7580106,MDA,Trường Đại học Mỏ - Địa chất,Hà Nội,,7580106,Quản lý đô thị và công trình,7580106,xay_dung,Kiến trúc - Xây dựng - Giao thông - Quy hoạch,standard,C01;C04;D01;C02;X02;X01;C03;A00;A07;D07;D10,C04,observed,,,,,,2,19.0,confirmed_2_sources,https://diemthi.vnexpress.net/tra-cuu-dai-hoc/loadbenchmark/id/400/year/2026/sortby/1/block_name/-1,True
MDA:7580109,MDA,Trường Đại học Mỏ - Địa chất,Hà Nội,,7580109,Quản lý phát triển đô thị và bất động sản,7580109,xay_dung,Kiến trúc - Xây dựng - Giao thông - Quy hoạch,standard,D01;C04;C01;C02;C03;B03;A00;D10;A01,D01,observed,,,,,,4,21.0,confirmed_2_sources,https://diemthi.vnexpress.net/tra-cuu-dai-hoc/loadbenchmark/id/400/year/2026/sortby/1/block_name/-1,True
MDA:7580201,MDA,Trường Đại học Mỏ - Địa chất,Hà Nội,,7580201,Kỹ thuật xây dựng,7580201,xay_dung,Kiến trúc - Xây dựng - Giao thông - Quy hoạch,standard,A00;A01;A02;A03;A04;X05;C01;X06;C04;D01;C02,A00,observed,,,,,,4,17.0,confirmed_2_sources,https://diemthi.vnexpress.net/tra-cuu-dai-hoc/loadbenchmark/id/400/year/2026/sortby/1/block_name/-1,True
MDA:7580201TL,MDA,Trường Đại học Mỏ - Địa chất,Hà Nội,,7580201TL,Kỹ thuật xây dựng công trình ngầm,7580201,xay_dung,Kiến trúc - Xây dựng - Giao thông - Quy hoạch,standard,A00;C01;A01;A02;A03;A04;X06,A00,observed,,,,,,1,21.0,confirmed_2_sources,https://diemthi.vnexpress.net/tra-cuu-dai-hoc/loadbenchmark/id/400/year/2026/sortby/1/block_name/-1,True
MDA:7580204,MDA,Trường Đại học Mỏ - Địa chất,Hà Nội,,7580204,Xây dựng công trình ngầm thành phố và Hệ thống tàu điện ngầm,7580204,xay_dung,Kiến trúc - Xây dựng - Giao thông - Quy hoạch,standard,A00;A01;A02;A03;A04;X05;C01;X06;C04;D01;C02,A00,observed,,,,,,4,16.0,confirmed_2_sources,https://diemthi.vnexpress.net/tra-cuu-dai-hoc/loadbenchmark/id/400/year/2026/sortby/1/block_name/-1,True
MDA:7580205,MDA,Trường Đại học Mỏ - Địa chất,Hà Nội,,7580205,Kỹ thuật xây dựng công trình giao thông,7580205,xay_dung,Kiến trúc - Xây dựng - Giao thông - Quy hoạch,standard,A00;A01;A02;A03;A04;X05;C01;X06;C04;D01,A00,observed,,,,,,4,16.0,confirmed_2_sources,https://diemthi.vnexpress.net/tra-cuu-dai-hoc/loadbenchmark/id/400/year/2026/sortby/1/block_name/-1,True
MDA:7580211,MDA,Trường Đại học Mỏ - Địa chất,Hà Nội,hạ tầng,7580211,Kỹ thuật cơ sở hạ tầng,7580211,xay_dung,Kiến trúc - Xây dựng - Giao thông - Quy hoạch,standard,C04;C02;D01;C01;X02;X01;A00;A01;A02;D07;D10,C04,observed,,,,,Học tại hạ tầng,4,18.0,confirmed_2_sources,https://diemthi.vnexpress.net/tra-cuu-dai-hoc/loadbenchmark/id/400/year/2026/sortby/1/block_name/-1,True
MDA:7580212,MDA,Trường Đại học Mỏ - Địa chất,Hà Nội,,7580212,Kỹ thuật tài nguyên nước,7580212,nong_lam_mt,Nông - Lâm - Thủy sản - Môi trường - Tài nguyên,standard,C04;C01;C02;D01;C03;X02;A00;A01;A04;D07,C04,observed,,,,,,4,16.0,confirmed_2_sources,https://diemthi.vnexpress.net/tra-cuu-dai-hoc/loadbenchmark/id/400/year/2026/sortby/1/block_name/-1,True
MDA:7580302,MDA,Trường Đại học Mỏ - Địa chất,Hà Nội,,7580302,Quản lý xây dựng,7580302,xay_dung,Kiến trúc - Xây dựng - Giao thông - Quy hoạch,standard,A00;A01;A02;A03;A04;X05;C01;X06;C04;D01;C02,A00,observed,,,,,,4,16.5,confirmed_2_sources,https://diemthi.vnexpress.net/tra-cuu-dai-hoc/loadbenchmark/id/400/year/2026/sortby/1/block_name/-1,True
MDA:7720203,MDA,Trường Đại học Mỏ - Địa chất,Hà Nội,,7720203,Hoá dược,7720203,y_duoc,Y - Dược - Điều dưỡng - Sức khỏe,standard,A00;D07;X10;X11;B00;C02;A06;A01;D01,A00,observed,,,,,Khối sức khỏe: có ngưỡng điểm sàn của Bộ,4,21.5,confirmed_2_sources,https://diemthi.vnexpress.net/tra-cuu-dai-hoc/loadbenchmark/id/400/year/2026/sortby/1/block_name/-1,True
MDA:7810105,MDA,Trường Đại học Mỏ - Địa chất,Hà Nội,,7810105,Du lịch địa chất,7810105,du_lich,Du lịch - Khách sạn - Logistics - Hàng không - Dịch vụ,standard,C01;C02;C03;C04;D01;X02;X01;D07;D10;A04;A06;A07,C03,observed,,,,,,4,21.5,confirmed_2_sources,https://diemthi.vnexpress.net/tra-cuu-dai-hoc/loadbenchmark/id/400/year/2026/sortby/1/block_name/-1,True
MDA:7850101,MDA,Trường Đại học Mỏ - Địa chất,Hà Nội,,7850101,Quản lý tài nguyên và môi trường,7850101,nong_lam_mt,Nông - Lâm - Thủy sản - Môi trường - Tài nguyên,standard,C01;C02;B03;C03;C04;D01;X01;X02;A00;B00;A07;D10,B03,observed,,,,,,4,19.5,confirmed_2_sources,https://diemthi.vnexpress.net/tra-cuu-dai-hoc/loadbenchmark/id/400/year/2026/sortby/1/block_name/-1,True
MDA:7850103,MDA,Trường Đại học Mỏ - Địa chất,Hà Nội,,7850103,Quản lý đất đai,7850103,nong_lam_mt,Nông - Lâm - Thủy sản - Môi trường - Tài nguyên,standard,D01;C04;C01;X01;C03;B03;C02;X02;A00;D10;A01,D01,observed,,,,,,4,20.0,confirmed_2_sources,https://diemthi.vnexpress.net/tra-cuu-dai-hoc/loadbenchmark/id/400/year/2026/sortby/1/block_name/-1,True
MDA:7850196,MDA,Trường Đại học Mỏ - Địa chất,Hà Nội,,7850196,Quản lý tài nguyên khoáng sản,7850196,nong_lam_mt,Nông - Lâm - Thủy sản - Môi trường - Tài nguyên,standard,C04;D01;C02;X02;X01;C03;A00;A01;A04;A06;B00;D10,C04,observed,,,,,,2,15.5,confirmed_2_sources,https://diemthi.vnexpress.net/tra-cuu-dai-hoc/loadbenchmark/id/400/year/2026/sortby/1/block_name/-1,True
MDA:7850202,MDA,Trường Đại học Mỏ - Địa chất,Hà Nội,,7850202,"An toàn, Vệ sinh lao động",7850202,khoa_hoc_tn,Khoa học tự nhiên - Toán - Vật lý - Thống kê,standard,A00;A01;A02;A03;A04;X05;C01;X06;B00;D01;B03;C02;C03;C04;D10,A00,observed,,,,,,4,18.5,confirmed_2_sources,https://diemthi.vnexpress.net/tra-cuu-dai-hoc/loadbenchmark/id/400/year/2026/sortby/1/block_name/-1,True
MHN:7220201,MHN,Trường Đại học Mở Hà Nội,Hà Nội,,7220201,Ngôn ngữ Anh,7220201,ngon_ngu,Ngôn ngữ - Văn hóa - Quốc tế học,standard,D01,D01,observed,290.0,22990000.0,22990000.0,per_year,,2,20.75,confirmed_2_sources,https://diemthi.vnexpress.net/tra-cuu-dai-hoc/loadbenchmark/id/401/year/2026/sortby/1/block_name/-1,False
MHN:7220204,MHN,Trường Đại học Mở Hà Nội,Hà Nội,,7220204,Ngôn ngữ Trung Quốc,7220204,ngon_ngu,Ngôn ngữ - Văn hóa - Quốc tế học,standard,D01;D04,D01,observed,280.0,22990000.0,22990000.0,per_year,,2,24.26,confirmed_2_sources,https://diemthi.vnexpress.net/tra-cuu-dai-hoc/loadbenchmark/id/401/year/2026/sortby/1/block_name/-1,False
MHN:7340101,MHN,Trường Đại học Mở Hà Nội,Hà Nội,,7340101,Quản trị Kinh doanh,7340101,kinh_te,Kinh tế - Kinh doanh - Quản trị - Marketing - Thương mại,standard,A00;A01;D01;X26,A00,observed,290.0,21683000.0,21683000.0,per_year,,4,19.5,confirmed_2_sources,https://diemthi.vnexpress.net/tra-cuu-dai-hoc/loadbenchmark/id/401/year/2026/sortby/1/block_name/-1,False
MHN:7340122,MHN,Trường Đại học Mở Hà Nội,Hà Nội,,7340122,Thương mại điện tử,7340122,kinh_te,Kinh tế - Kinh doanh - Quản trị - Marketing - Thương mại,standard,A00;A01;D01;X26,A00,observed,130.0,21683000.0,21683000.0,per_year,,4,21.75,confirmed_2_sources,https://diemthi.vnexpress.net/tra-cuu-dai-hoc/loadbenchmark/id/401/year/2026/sortby/1/block_name/-1,False
MHN:7340201,MHN,Trường Đại học Mở Hà Nội,Hà Nội,,7340201,Tài chính – Ngân hàng,7340201,tai_chinh,Tài chính - Ngân hàng - Kế toán - Kiểm toán - Bảo hiểm,standard,A00;A01;D01,A00,observed,375.0,21683000.0,21683000.0,per_year,,4,19.0,confirmed_2_sources,https://diemthi.vnexpress.net/tra-cuu-dai-hoc/loadbenchmark/id/401/year/2026/sortby/1/block_name/-1,False
MHN:7340204,MHN,Trường Đại học Mở Hà Nội,Hà Nội,,7340204,Bảo hiểm,7340204,tai_chinh,Tài chính - Ngân hàng - Kế toán - Kiểm toán - Bảo hiểm,standard,A00;A01;D01,A00,observed,45.0,21683000.0,21683000.0,per_year,,3,18.5,confirmed_2_sources,https://diemthi.vnexpress.net/tra-cuu-dai-hoc/loadbenchmark/id/401/year/2026/sortby/1/block_name/-1,False
MHN:7340301,MHN,Trường Đại học Mở Hà Nội,Hà Nội,,7340301,Kế toán,7340301,tai_chinh,Tài chính - Ngân hàng - Kế toán - Kiểm toán - Bảo hiểm,standard,A00;A01;D01;X26,A00,observed,260.0,21683000.0,21683000.0,per_year,,2,19.75,confirmed_2_sources,https://diemthi.vnexpress.net/tra-cuu-dai-hoc/loadbenchmark/id/401/year/2026/sortby/1/block_name/-1,False
MHN:7380101,MHN,Trường Đại học Mở Hà Nội,Hà Nội,,7380101,Ngành Luật,7380101,luat,Luật,standard,D01;C01;C00;X01;C03,D01,observed,230.0,22433000.0,22433000.0,,,4,21.5,confirmed_2_sources,https://diemthi.vnexpress.net/tra-cuu-dai-hoc/loadbenchmark/id/401/year/2026/sortby/1/block_name/-1,True
MHN:7380107,MHN,Trường Đại học Mở Hà Nội,Hà Nội,,7380107,Luật kinh tế,7380107,luat,Luật,standard,D01;C01;C00;X01;C03,D01,observed,230.0,22433000.0,22433000.0,,,4,20.0,disputed,https://diemthi.vnexpress.net/tra-cuu-dai-hoc/loadbenchmark/id/401/year/2026/sortby/1/block_name/-1,True
MHN:7380108,MHN,Trường Đại học Mở Hà Nội,Hà Nội,,7380108,Luật quốc tế,7380108,luat,Luật,international,D01;C01;C00;X01;C03,D01,observed,100.0,22433000.0,22433000.0,,"Học bằng tiếng Anh (thường cần trình độ tiếng Anh tốt, có thể yêu cầu IELTS/chứng chỉ khi nhập học) | Chương trình liên kết/quốc tế: học phí cao hơn chương trình chuẩn",4,22.0,disputed,https://diemthi.vnexpress.net/tra-cuu-dai-hoc/loadbenchmark/id/401/year/2026/sortby/1/block_name/-1,True
MHN:7420201,MHN,Trường Đại học Mở Hà Nội,Hà Nội,,7420201,Công nghệ sinh học,7420201,sinh_hoa,Sinh học - Hóa học - Công nghệ sinh học - Thực phẩm,standard,B00;A00;D07;A01,B00,observed,120.0,22433000.0,22433000.0,per_year,,4,17.52,confirmed_2_sources,https://diemthi.vnexpress.net/tra-cuu-dai-hoc/loadbenchmark/id/401/year/2026/sortby/1/block_name/-1,False
MHN:7480106,MHN,Trường Đại học Mở Hà Nội,Hà Nội,,7480106,Kỹ thuật máy tính,7480106,cntt,Công nghệ thông tin - Máy tính - Dữ liệu - AI,standard,A00;A01;D01;X26,A00,observed,75.0,22433000.0,22433000.0,,,1,18.5,confirmed_2_sources,https://diemthi.vnexpress.net/tra-cuu-dai-hoc/loadbenchmark/id/401/year/2026/sortby/1/block_name/-1,True
MHN:7480201,MHN,Trường Đại học Mở Hà Nội,Hà Nội,,7480201,Công nghệ thông tin,7480201,cntt,Công nghệ thông tin - Máy tính - Dữ liệu - AI,standard,A00;A01;D01;X26,A00,observed,385.0,22433000.0,22433000.0,per_year,,4,19.0,confirmed_2_sources,https://diemthi.vnexpress.net/tra-cuu-dai-hoc/loadbenchmark/id/401/year/2026/sortby/1/block_name/-1,False
MHN:7510302,MHN,Trường Đại học Mở Hà Nội,Hà Nội,,7510302,Điện tử - viễn thông,7510302,ky_thuat,"Kỹ thuật - Công nghệ (cơ khí, điện, điện tử, ô tô, tự động hóa, vật liệu)",standard,A00;A01;D01;X26,A00,observed,200.0,22433000.0,22433000.0,per_year,,4,18.75,confirmed_2_sources,https://diemthi.vnexpress.net/tra-cuu-dai-hoc/loadbenchmark/id/401/year/2026/sortby/1/block_name/-1,False
MHN:7540101,MHN,Trường Đại học Mở Hà Nội,Hà Nội,,7540101,Công nghệ thực phẩm,7540101,sinh_hoa,Sinh học - Hóa học - Công nghệ sinh học - Thực phẩm,standard,B00;A00;D07;A01,B00,observed,180.0,22433000.0,22433000.0,per_year,,4,17.8,confirmed_2_sources,https://diemthi.vnexpress.net/tra-cuu-dai-hoc/loadbenchmark/id/401/year/2026/sortby/1/block_name/-1,False
MHN:7810103,MHN,Trường Đại học Mở Hà Nội,Hà Nội,,7810103,Quản trị dịch vụ du lịch và lữ hành,7810103,du_lich,Du lịch - Khách sạn - Logistics - Hàng không - Dịch vụ,standard,D01;D09;D10,D01,observed,225.0,22990000.0,22990000.0,per_year,,3,19.25,confirmed_2_sources,https://diemthi.vnexpress.net/tra-cuu-dai-hoc/loadbenchmark/id/401/year/2026/sortby/1/block_name/-1,False
MHN:7810201,MHN,Trường Đại học Mở Hà Nội,Hà Nội,,7810201,Quản trị khách sạn,7810201,du_lich,Du lịch - Khách sạn - Logistics - Hàng không - Dịch vụ,standard,D01;D09;D10,D01,observed,150.0,22990000.0,22990000.0,per_year,,4,18.75,confirmed_2_sources,https://diemthi.vnexpress.net/tra-cuu-dai-hoc/loadbenchmark/id/401/year/2026/sortby/1/block_name/-1,False
NHF:7220202,NHF,Trường Đại học Hà Nội,Hà Nội,,7220202,Ngôn ngữ Nga,7220202,ngon_ngu,Ngôn ngữ - Văn hóa - Quốc tế học,standard,D01;D02;D03;D10,D01,observed,150.0,29250000.0,29250000.0,per_year,,2,23.73,confirmed_2_sources,https://diemthi.vnexpress.net/tra-cuu-dai-hoc/loadbenchmark/id/404/year/2026/sortby/1/block_name/-1,False
NHF:7220203,NHF,Trường Đại học Hà Nội,Hà Nội,,7220203,Ngôn ngữ Pháp,7220203,ngon_ngu,Ngôn ngữ - Văn hóa - Quốc tế học,standard,D01;D03;D10,D01,observed,135.0,29250000.0,29250000.0,per_year,,2,25.67,confirmed_2_sources,https://diemthi.vnexpress.net/tra-cuu-dai-hoc/loadbenchmark/id/404/year/2026/sortby/1/block_name/-1,False
NHF:7220205,NHF,Trường Đại học Hà Nội,Hà Nội,,7220205,Ngôn ngữ Đức,7220205,ngon_ngu,Ngôn ngữ - Văn hóa - Quốc tế học,standard,D01;D05,D01,observed,150.0,29250000.0,29250000.0,per_year,,2,27.33,confirmed_2_sources,https://diemthi.vnexpress.net/tra-cuu-dai-hoc/loadbenchmark/id/404/year/2026/sortby/1/block_name/-1,False
NHF:7220206,NHF,Trường Đại học Hà Nội,Hà Nội,,7220206,Ngôn ngữ Tây Ban Nha,7220206,ngon_ngu,Ngôn ngữ - Văn hóa - Quốc tế học,standard,D01;D10,D01,observed,100.0,29250000.0,29250000.0,per_year,,2,24.6,confirmed_2_sources,https://diemthi.vnexpress.net/tra-cuu-dai-hoc/loadbenchmark/id/404/year/2026/sortby/1/block_name/-1,False
NHF:7220207,NHF,Trường Đại học Hà Nội,Hà Nội,,7220207,Ngôn ngữ Bồ Đào Nha,7220207,ngon_ngu,Ngôn ngữ - Văn hóa - Quốc tế học,standard,D01;D04;D10,D01,observed,75.0,29250000.0,29250000.0,per_year,,2,23.13,confirmed_2_sources,https://diemthi.vnexpress.net/tra-cuu-dai-hoc/loadbenchmark/id/404/year/2026/sortby/1/block_name/-1,False
NHF:7220208,NHF,Trường Đại học Hà Nội,Hà Nội,,7220208,Ngôn ngữ Italia,7220208,ngon_ngu,Ngôn ngữ - Văn hóa - Quốc tế học,standard,D01;D10,D01,observed,75.0,29250000.0,29250000.0,per_year,,2,23.2,confirmed_2_sources,https://diemthi.vnexpress.net/tra-cuu-dai-hoc/loadbenchmark/id/404/year/2026/sortby/1/block_name/-1,False
NHF:7220208 TT,NHF,Trường Đại học Hà Nội,Hà Nội,,7220208 TT,Ngôn ngữ Italia - CTTT,,ngon_ngu,Ngôn ngữ - Văn hóa - Quốc tế học,standard,D01;D10,D01,observed,75.0,34197500.0,34197500.0,per_year,,2,22.2,confirmed_2_sources,https://diemthi.vnexpress.net/tra-cuu-dai-hoc/loadbenchmark/id/404/year/2026/sortby/1/block_name/-1,False
NHF:7220209,NHF,Trường Đại học Hà Nội,Hà Nội,,7220209,Ngôn ngữ Nhật,7220209,ngon_ngu,Ngôn ngữ - Văn hóa - Quốc tế học,standard,D01;D06,D01,observed,200.0,29250000.0,29250000.0,per_year,,2,29.07,confirmed_2_sources,https://diemthi.vnexpress.net/tra-cuu-dai-hoc/loadbenchmark/id/404/year/2026/sortby/1/block_name/-1,False
NHF:7220210 TT,NHF,Trường Đại học Hà Nội,Hà Nội,,7220210 TT,Ngôn ngữ Hàn Quốc - CTTT,,ngon_ngu,Ngôn ngữ - Văn hóa - Quốc tế học,standard,D01;D04;D06,D01,observed,120.0,30810000.0,30810000.0,,,1,29.46,confirmed_2_sources,https://diemthi.vnexpress.net/tra-cuu-dai-hoc/loadbenchmark/id/404/year/2026/sortby/1/block_name/-1,True
NHF:7310111,NHF,Trường Đại học Hà Nội,Hà Nội,,7310111,Nghiên cứu phát triển,7310111,xa_hoi,Khoa học xã hội - Tâm lý - Nhân văn - Chính trị - Hành chính,standard,D01;D14;D15,D01,observed,60.0,29250000.0,29250000.0,per_year,,3,26.73,confirmed_2_sources,https://diemthi.vnexpress.net/tra-cuu-dai-hoc/loadbenchmark/id/404/year/2026/sortby/1/block_name/-1,False
NHF:7310601,NHF,Trường Đại học Hà Nội,Hà Nội,,7310601,Quốc tế học,7310601,ngon_ngu,Ngôn ngữ - Văn hóa - Quốc tế học,international,D01;D14;D15,D01,observed,125.0,31157500.0,31157500.0,per_year,"Học bằng tiếng Anh (thường cần trình độ tiếng Anh tốt, có thể yêu cầu IELTS/chứng chỉ khi nhập học) | Chương trình liên kết/quốc tế: học phí cao hơn chương trình chuẩn",3,28.73,confirmed_2_sources,https://diemthi.vnexpress.net/tra-cuu-dai-hoc/loadbenchmark/id/404/year/2026/sortby/1/block_name/-1,False
NHF:7320104,NHF,Trường Đại học Hà Nội,Hà Nội,,7320104,Truyền thông đa phương tiện,7320104,bao_chi,Báo chí - Truyền thông - Quan hệ công chúng,standard,D01,D01,observed,120.0,30810000.0,30810000.0,,,3,29.6,confirmed_2_sources,https://diemthi.vnexpress.net/tra-cuu-dai-hoc/loadbenchmark/id/404/year/2026/sortby/1/block_name/-1,True
NHF:7320109,NHF,Trường Đại học Hà Nội,Hà Nội,,7320109,Truyền thông doanh nghiệp,7320109,bao_chi,Báo chí - Truyền thông - Quan hệ công chúng,standard,D01;D03;D10,D01,observed,75.0,32747500.0,32747500.0,per_year,,2,22.4,confirmed_2_sources,https://diemthi.vnexpress.net/tra-cuu-dai-hoc/loadbenchmark/id/404/year/2026/sortby/1/block_name/-1,False
NHF:7340101,NHF,Trường Đại học Hà Nội,Hà Nội,,7340101,Quản trị Kinh doanh,7340101,kinh_te,Kinh tế - Kinh doanh - Quản trị - Marketing - Thương mại,standard,D01,D01,observed,100.0,31522500.0,31522500.0,per_year,,2,22.4,disputed,https://diemthi.vnexpress.net/tra-cuu-dai-hoc/loadbenchmark/id/404/year/2026/sortby/1/block_name/-1,False
NHF:7340115,NHF,Trường Đại học Hà Nội,Hà Nội,,7340115,Marketing,7340115,kinh_te,Kinh tế - Kinh doanh - Quản trị - Marketing - Thương mại,standard,D01,D01,observed,75.0,30810000.0,30810000.0,,,1,29.13,confirmed_2_sources,https://diemthi.vnexpress.net/tra-cuu-dai-hoc/loadbenchmark/id/404/year/2026/sortby/1/block_name/-1,True
NHF:7340201,NHF,Trường Đại học Hà Nội,Hà Nội,,7340201,Tài chính – Ngân hàng,7340201,tai_chinh,Tài chính - Ngân hàng - Kế toán - Kiểm toán - Bảo hiểm,standard,D01,D01,observed,100.0,30810000.0,30810000.0,per_year,,2,25.73,confirmed_2_sources,https://diemthi.vnexpress.net/tra-cuu-dai-hoc/loadbenchmark/id/404/year/2026/sortby/1/block_name/-1,False
NHF:7340205,NHF,Trường Đại học Hà Nội,Hà Nội,,7340205,Công nghệ tài chính,7340205,tai_chinh,Tài chính - Ngân hàng - Kế toán - Kiểm toán - Bảo hiểm,standard,A01;D01,A01,observed,75.0,49260000.0,49260000.0,per_year,,3,24.53,confirmed_2_sources,https://diemthi.vnexpress.net/tra-cuu-dai-hoc/loadbenchmark/id/404/year/2026/sortby/1/block_name/-1,False
NHF:7340301,NHF,Trường Đại học Hà Nội,Hà Nội,,7340301,Kế toán,7340301,tai_chinh,Tài chính - Ngân hàng - Kế toán - Kiểm toán - Bảo hiểm,standard,D01,D01,observed,100.0,30810000.0,30810000.0,per_year,,3,23.53,confirmed_2_sources,https://diemthi.vnexpress.net/tra-cuu-dai-hoc/loadbenchmark/id/404/year/2026/sortby/1/block_name/-1,False
NHF:7480201,NHF,Trường Đại học Hà Nội,Hà Nội,,7480201,Công nghệ thông tin,7480201,cntt,Công nghệ thông tin - Máy tính - Dữ liệu - AI,standard,A01;D01;X26,A01,observed,180.0,32362500.0,32362500.0,per_year,,4,22.0,confirmed_2_sources,https://diemthi.vnexpress.net/tra-cuu-dai-hoc/loadbenchmark/id/404/year/2026/sortby/1/block_name/-1,False
NHF:7480201 TT,NHF,Trường Đại học Hà Nội,Hà Nội,,7480201 TT,Công nghệ thông tin - CTTT,,cntt,Công nghệ thông tin - Máy tính - Dữ liệu - AI,standard,A01;D01;X26,A01,observed,120.0,49525000.0,49525000.0,per_year,,2,22.0,confirmed_2_sources,https://diemthi.vnexpress.net/tra-cuu-dai-hoc/loadbenchmark/id/404/year/2026/sortby/1/block_name/-1,False
NHF:7810103,NHF,Trường Đại học Hà Nội,Hà Nội,,7810103,Quản trị dịch vụ du lịch và lữ hành,7810103,du_lich,Du lịch - Khách sạn - Logistics - Hàng không - Dịch vụ,standard,D01;D10,D01,observed,75.0,31395000.0,31395000.0,per_year,,2,27.47,confirmed_2_sources,https://diemthi.vnexpress.net/tra-cuu-dai-hoc/loadbenchmark/id/404/year/2026/sortby/1/block_name/-1,False
NHF:7810103 TT,NHF,Trường Đại học Hà Nội,Hà Nội,,7810103 TT,Quản trị dịch vụ du lịch và lữ hành - CTTT,,du_lich,Du lịch - Khách sạn - Logistics - Hàng không - Dịch vụ,standard,D01;D10,D01,observed,75.0,45457500.0,45457500.0,per_year,,2,24.47,confirmed_2_sources,https://diemthi.vnexpress.net/tra-cuu-dai-hoc/loadbenchmark/id/404/year/2026/sortby/1/block_name/-1,False
NHH:ACT01,NHH,Học viện Ngân hàng (Cơ sở Hà Nội),Hà Nội,,ACT01,CLC Kế toán,,tai_chinh,Tài chính - Ngân hàng - Kế toán - Kiểm toán - Bảo hiểm,high_quality,A01;D01;D07;D09;A00,A01,observed,180.0,45000000.0,45000000.0,per_year,,2,24.1,confirmed_2_sources,https://diemthi.vnexpress.net/tra-cuu-dai-hoc/loadbenchmark/id/405/year/2026/sortby/1/block_name/-1,False
NHH:ACT02,NHH,Học viện Ngân hàng (Cơ sở Hà Nội),Hà Nội,,ACT02,Kế toán,,tai_chinh,Tài chính - Ngân hàng - Kế toán - Kiểm toán - Bảo hiểm,standard,A00;A01;D01;D07,A00,observed,70.0,27800000.0,27800000.0,per_year,,4,25.83,confirmed_2_sources,https://diemthi.vnexpress.net/tra-cuu-dai-hoc/loadbenchmark/id/405/year/2026/sortby/1/block_name/-1,False
NHH:ACT03,NHH,Học viện Ngân hàng (Cơ sở Hà Nội),Hà Nội,,ACT03,Kế toán,,tai_chinh,Tài chính - Ngân hàng - Kế toán - Kiểm toán - Bảo hiểm,standard,A00;A01;D01;D07;D08,A00,observed,100.0,50000000.0,50000000.0,per_year,,4,21.0,confirmed_2_sources,https://diemthi.vnexpress.net/tra-cuu-dai-hoc/loadbenchmark/id/405/year/2026/sortby/1/block_name/-1,False
NHH:ACT04,NHH,Học viện Ngân hàng (Cơ sở Hà Nội),Hà Nội,,ACT04,Kiểm toán,,tai_chinh,Tài chính - Ngân hàng - Kế toán - Kiểm toán - Bảo hiểm,standard,A00;A01;D01;D07,A00,observed,120.0,27800000.0,27800000.0,per_year,,3,26.06,confirmed_2_sources,https://diemthi.vnexpress.net/tra-cuu-dai-hoc/loadbenchmark/id/405/year/2026/sortby/1/block_name/-1,False
NHH:ACT05,NHH,Học viện Ngân hàng (Cơ sở Hà Nội),Hà Nội,,ACT05,Chất lượng cao Kiểm toán,,tai_chinh,Tài chính - Ngân hàng - Kế toán - Kiểm toán - Bảo hiểm,high_quality,A01;D01;D07;D09,A01,observed,120.0,45000000.0,45000000.0,per_year,,1,24.5,confirmed_2_sources,https://diemthi.vnexpress.net/tra-cuu-dai-hoc/loadbenchmark/id/405/year/2026/sortby/1/block_name/-1,False
NHH:ACT06,NHH,Học viện Ngân hàng (Cơ sở Hà Nội),Hà Nội,,ACT06,Kế toán (Định hướng Nhật bản). Học viện Ngân hàng cấp bằng,,tai_chinh,Tài chính - Ngân hàng - Kế toán - Kiểm toán - Bảo hiểm,standard,A00;A01;D01;D07,A00,observed,50.0,50000000.0,50000000.0,per_year,,1,21.58,confirmed_2_sources,https://diemthi.vnexpress.net/tra-cuu-dai-hoc/loadbenchmark/id/405/year/2026/sortby/1/block_name/-1,False
NHH:BANK01,NHH,Học viện Ngân hàng (Cơ sở Hà Nội),Hà Nội,,BANK01,CLC Ngân hàng,,tai_chinh,Tài chính - Ngân hàng - Kế toán - Kiểm toán - Bảo hiểm,high_quality,A01;D01;D07;D09;A00,A01,observed,210.0,45000000.0,45000000.0,per_year,,2,24.08,confirmed_2_sources,https://diemthi.vnexpress.net/tra-cuu-dai-hoc/loadbenchmark/id/405/year/2026/sortby/1/block_name/-1,False
NHH:BANK02,NHH,Học viện Ngân hàng (Cơ sở Hà Nội),Hà Nội,,BANK02,Ngân hàng,,tai_chinh,Tài chính - Ngân hàng - Kế toán - Kiểm toán - Bảo hiểm,standard,A00;A01;D01;D07,A00,observed,140.0,27800000.0,27800000.0,per_year,,4,25.62,confirmed_2_sources,https://diemthi.vnexpress.net/tra-cuu-dai-hoc/loadbenchmark/id/405/year/2026/sortby/1/block_name/-1,False
NHH:BANK03,NHH,Học viện Ngân hàng (Cơ sở Hà Nội),Hà Nội,,BANK03,Ngân hàng số,,tai_chinh,Tài chính - Ngân hàng - Kế toán - Kiểm toán - Bảo hiểm,standard,A00;A01;D01;D07,A00,observed,140.0,27800000.0,27800000.0,per_year,,4,25.42,confirmed_2_sources,https://diemthi.vnexpress.net/tra-cuu-dai-hoc/loadbenchmark/id/405/year/2026/sortby/1/block_name/-1,False
NHH:BANK04,NHH,Học viện Ngân hàng (Cơ sở Hà Nội),Hà Nội,,BANK04,"Tài chính - Ngân hàng liên kết Sunderland, song bằng",,tai_chinh,Tài chính - Ngân hàng - Kế toán - Kiểm toán - Bảo hiểm,international,A00;A01;D01;D07;D09,A00,observed,100.0,50000000.0,50000000.0,per_year,"Học bằng tiếng Anh (thường cần trình độ tiếng Anh tốt, có thể yêu cầu IELTS/chứng chỉ khi nhập học) | Chương trình liên kết/quốc tế: học phí cao hơn chương trình chuẩn",4,22.6,confirmed_2_sources,https://diemthi.vnexpress.net/tra-cuu-dai-hoc/loadbenchmark/id/405/year/2026/sortby/1/block_name/-1,False
NHH:BANK06,NHH,Học viện Ngân hàng (Cơ sở Hà Nội),Hà Nội,,BANK06,Ngân hàng và Tài chính quốc tế CLC,,tai_chinh,Tài chính - Ngân hàng - Kế toán - Kiểm toán - Bảo hiểm,international,A01;D01;D07;D09;A00,A01,observed,120.0,45000000.0,45000000.0,per_year,"Học bằng tiếng Anh (thường cần trình độ tiếng Anh tốt, có thể yêu cầu IELTS/chứng chỉ khi nhập học) | Chương trình liên kết/quốc tế: học phí cao hơn chương trình chuẩn",2,24.35,confirmed_2_sources,https://diemthi.vnexpress.net/tra-cuu-dai-hoc/loadbenchmark/id/405/year/2026/sortby/1/block_name/-1,False
NHH:BANK07,NHH,Học viện Ngân hàng (Cơ sở Hà Nội),Hà Nội,,BANK07,Ngân hàng trung ương và Chính sách công CLC,,tai_chinh,Tài chính - Ngân hàng - Kế toán - Kiểm toán - Bảo hiểm,high_quality,A01;D01;D07;D09,A01,observed,60.0,45000000.0,45000000.0,per_year,,2,23.65,confirmed_2_sources,https://diemthi.vnexpress.net/tra-cuu-dai-hoc/loadbenchmark/id/405/year/2026/sortby/1/block_name/-1,False
NHH:BANK08,NHH,Học viện Ngân hàng (Cơ sở Hà Nội),Hà Nội,,BANK08,"Ngân hàng Tài chính - Đại học West of England (UWE), Anh (Cấp song bằng)",,tai_chinh,Tài chính - Ngân hàng - Kế toán - Kiểm toán - Bảo hiểm,international,A00;A01;D01;D07,A00,observed,80.0,50000000.0,50000000.0,per_year,"Học bằng tiếng Anh (thường cần trình độ tiếng Anh tốt, có thể yêu cầu IELTS/chứng chỉ khi nhập học) | Chương trình liên kết/quốc tế: học phí cao hơn chương trình chuẩn",1,20.2,confirmed_2_sources,https://diemthi.vnexpress.net/tra-cuu-dai-hoc/loadbenchmark/id/405/year/2026/sortby/1/block_name/-1,False
NHH:BUS01,NHH,Học viện Ngân hàng (Cơ sở Hà Nội),Hà Nội,,BUS01,CLC Quản trị kinh doanh,,kinh_te,Kinh tế - Kinh doanh - Quản trị - Marketing - Thương mại,high_quality,A01;D01;D07;D09;A00,A01,observed,120.0,45000000.0,45000000.0,per_year,,2,23.9,confirmed_2_sources,https://diemthi.vnexpress.net/tra-cuu-dai-hoc/loadbenchmark/id/405/year/2026/sortby/1/block_name/-1,False
NHH:BUS02,NHH,Học viện Ngân hàng (Cơ sở Hà Nội),Hà Nội,,BUS02,Quản trị kinh doanh,,kinh_te,Kinh tế - Kinh doanh - Quản trị - Marketing - Thương mại,standard,A00;A01;D01;D07,A00,observed,70.0,27800000.0,27800000.0,per_year,,4,25.4,confirmed_2_sources,https://diemthi.vnexpress.net/tra-cuu-dai-hoc/loadbenchmark/id/405/year/2026/sortby/1/block_name/-1,False
NHH:BUS03,NHH,Học viện Ngân hàng (Cơ sở Hà Nội),Hà Nội,,BUS03,Quản trị du lịch,,du_lich,Du lịch - Khách sạn - Logistics - Hàng không - Dịch vụ,standard,A01;D01;D07;D09,A01,observed,70.0,27800000.0,27800000.0,per_year,,4,24.23,confirmed_2_sources,https://diemthi.vnexpress.net/tra-cuu-dai-hoc/loadbenchmark/id/405/year/2026/sortby/1/block_name/-1,False
NHH:BUS04,NHH,Học viện Ngân hàng (Cơ sở Hà Nội),Hà Nội,,BUS04,"Quản trị kinh doanh Liên kết City U, song bằng",,kinh_te,Kinh tế - Kinh doanh - Quản trị - Marketing - Thương mại,international,A00;A01;D01;D07,A00,observed,80.0,50000000.0,50000000.0,per_year,"Học bằng tiếng Anh (thường cần trình độ tiếng Anh tốt, có thể yêu cầu IELTS/chứng chỉ khi nhập học) | Chương trình liên kết/quốc tế: học phí cao hơn chương trình chuẩn",4,20.2,confirmed_2_sources,https://diemthi.vnexpress.net/tra-cuu-dai-hoc/loadbenchmark/id/405/year/2026/sortby/1/block_name/-1,False
NHH:BUS06,NHH,Học viện Ngân hàng (Cơ sở Hà Nội),Hà Nội,,BUS06,Marketing số CLC,,kinh_te,Kinh tế - Kinh doanh - Quản trị - Marketing - Thương mại,high_quality,A01;D01;D07;D09;A00,A01,observed,120.0,45000000.0,45000000.0,per_year,,2,24.27,confirmed_2_sources,https://diemthi.vnexpress.net/tra-cuu-dai-hoc/loadbenchmark/id/405/year/2026/sortby/1/block_name/-1,False
NHH:BUS07,NHH,Học viện Ngân hàng (Cơ sở Hà Nội),Hà Nội,,BUS07,Marketing,,kinh_te,Kinh tế - Kinh doanh - Quản trị - Marketing - Thương mại,standard,A00;A01;D01;D07,A00,observed,70.0,27800000.0,27800000.0,per_year,,2,25.56,confirmed_2_sources,https://diemthi.vnexpress.net/tra-cuu-dai-hoc/loadbenchmark/id/405/year/2026/sortby/1/block_name/-1,False
NHH:BUS08,NHH,Học viện Ngân hàng (Cơ sở Hà Nội),Hà Nội,,BUS08,Chất lượng cao Quản trị nhân lực,,kinh_te,Kinh tế - Kinh doanh - Quản trị - Marketing - Thương mại,high_quality,A01;D01;D07;D09,A01,observed,60.0,45000000.0,45000000.0,per_year,,1,23.81,confirmed_2_sources,https://diemthi.vnexpress.net/tra-cuu-dai-hoc/loadbenchmark/id/405/year/2026/sortby/1/block_name/-1,False
NHH:BUS09,NHH,Học viện Ngân hàng (Cơ sở Hà Nội),Hà Nội,,BUS09,Chất lượng cao Kinh doanh số,,kinh_te,Kinh tế - Kinh doanh - Quản trị - Marketing - Thương mại,high_quality,A01;D01;D07;D09,A01,observed,60.0,45000000.0,45000000.0,per_year,,1,23.75,confirmed_2_sources,https://diemthi.vnexpress.net/tra-cuu-dai-hoc/loadbenchmark/id/405/year/2026/sortby/1/block_name/-1,False
NHH:BUS10,NHH,Học viện Ngân hàng (Cơ sở Hà Nội),Hà Nội,,BUS10,"Quản trị kinh doanh, Hàng hải và Logistics - Đại học Genoa, CH Ý (Cấp song bằng)",,du_lich,Du lịch - Khách sạn - Logistics - Hàng không - Dịch vụ,international,A00;A01;D01;D07,A00,observed,50.0,50000000.0,50000000.0,per_year,"Học bằng tiếng Anh (thường cần trình độ tiếng Anh tốt, có thể yêu cầu IELTS/chứng chỉ khi nhập học) | Chương trình liên kết/quốc tế: học phí cao hơn chương trình chuẩn",1,20.2,confirmed_2_sources,https://diemthi.vnexpress.net/tra-cuu-dai-hoc/loadbenchmark/id/405/year/2026/sortby/1/block_name/-1,False
NHH:BUS11,NHH,Học viện Ngân hàng (Cơ sở Hà Nội),Hà Nội,,BUS11,"Marketing - Đại học West of England (UWE), Anh (Cấp song bằng)",,kinh_te,Kinh tế - Kinh doanh - Quản trị - Marketing - Thương mại,international,A00;A01;D01;D07,A00,observed,80.0,50000000.0,50000000.0,per_year,"Học bằng tiếng Anh (thường cần trình độ tiếng Anh tốt, có thể yêu cầu IELTS/chứng chỉ khi nhập học) | Chương trình liên kết/quốc tế: học phí cao hơn chương trình chuẩn",1,20.2,confirmed_2_sources,https://diemthi.vnexpress.net/tra-cuu-dai-hoc/loadbenchmark/id/405/year/2026/sortby/1/block_name/-1,False
NHH:DS01,NHH,Học viện Ngân hàng (Cơ sở Hà Nội),Hà Nội,,DS01,Khoa học dữ liệu trong kinh tế và kinh doanh,,cntt,Công nghệ thông tin - Máy tính - Dữ liệu - AI,standard,A00;A01;D01;D07,A00,observed,140.0,29400000.0,29400000.0,per_year,,2,25.0,confirmed_2_sources,https://diemthi.vnexpress.net/tra-cuu-dai-hoc/loadbenchmark/id/405/year/2026/sortby/1/block_name/-1,False
NHH:ECON01,NHH,Học viện Ngân hàng (Cơ sở Hà Nội),Hà Nội,,ECON01,Kinh tế,,kinh_te,Kinh tế - Kinh doanh - Quản trị - Marketing - Thương mại,standard,A01;D01;D07;D09,A01,observed,70.0,28350000.0,28350000.0,per_year,,3,25.35,confirmed_2_sources,https://diemthi.vnexpress.net/tra-cuu-dai-hoc/loadbenchmark/id/405/year/2026/sortby/1/block_name/-1,False
NHH:ECON02,NHH,Học viện Ngân hàng (Cơ sở Hà Nội),Hà Nội,,ECON02,Kinh tế đầu tư CLC,,tai_chinh,Tài chính - Ngân hàng - Kế toán - Kiểm toán - Bảo hiểm,high_quality,A01;D01;D07;D09,A01,observed,120.0,45000000.0,45000000.0,per_year,,2,23.96,confirmed_2_sources,https://diemthi.vnexpress.net/tra-cuu-dai-hoc/loadbenchmark/id/405/year/2026/sortby/1/block_name/-1,False
NHH:ECON03,NHH,Học viện Ngân hàng (Cơ sở Hà Nội),Hà Nội,,ECON03,Kinh tế quốc tế,,kinh_te,Kinh tế - Kinh doanh - Quản trị - Marketing - Thương mại,international,A01;D01;D07;D09,A01,observed,70.0,28350000.0,28350000.0,per_year,"Học bằng tiếng Anh (thường cần trình độ tiếng Anh tốt, có thể yêu cầu IELTS/chứng chỉ khi nhập học) | Chương trình liên kết/quốc tế: học phí cao hơn chương trình chuẩn",1,25.32,confirmed_2_sources,https://diemthi.vnexpress.net/tra-cuu-dai-hoc/loadbenchmark/id/405/year/2026/sortby/1/block_name/-1,False
NHH:FIN01,NHH,Học viện Ngân hàng (Cơ sở Hà Nội),Hà Nội,,FIN01,CLC Tài chính,,tai_chinh,Tài chính - Ngân hàng - Kế toán - Kiểm toán - Bảo hiểm,high_quality,A01;D01;D07;D09;A00,A01,observed,350.0,45000000.0,45000000.0,per_year,,2,24.15,confirmed_2_sources,https://diemthi.vnexpress.net/tra-cuu-dai-hoc/loadbenchmark/id/405/year/2026/sortby/1/block_name/-1,False
NHH:FIN02,NHH,Học viện Ngân hàng (Cơ sở Hà Nội),Hà Nội,,FIN02,Tài chính,,tai_chinh,Tài chính - Ngân hàng - Kế toán - Kiểm toán - Bảo hiểm,standard,A00;A01;D01;D07,A00,observed,140.0,27800000.0,27800000.0,per_year,,4,26.08,confirmed_2_sources,https://diemthi.vnexpress.net/tra-cuu-dai-hoc/loadbenchmark/id/405/year/2026/sortby/1/block_name/-1,False
NHH:FIN04,NHH,Học viện Ngân hàng (Cơ sở Hà Nội),Hà Nội,,FIN04,Hoạch định và Tư vấn tài chính CLC,,tai_chinh,Tài chính - Ngân hàng - Kế toán - Kiểm toán - Bảo hiểm,high_quality,A01;D01;D07;D09,A01,observed,60.0,45000000.0,45000000.0,per_year,,2,23.63,confirmed_2_sources,https://diemthi.vnexpress.net/tra-cuu-dai-hoc/loadbenchmark/id/405/year/2026/sortby/1/block_name/-1,False
NHH:FIN05,NHH,Học viện Ngân hàng (Cơ sở Hà Nội),Hà Nội,,FIN05,Công nghệ tài chính,,tai_chinh,Tài chính - Ngân hàng - Kế toán - Kiểm toán - Bảo hiểm,standard,A00;A01;D01;D07,A00,observed,140.0,27800000.0,27800000.0,per_year,,1,25.48,confirmed_2_sources,https://diemthi.vnexpress.net/tra-cuu-dai-hoc/loadbenchmark/id/405/year/2026/sortby/1/block_name/-1,False
NHH:FL01,NHH,Học viện Ngân hàng (Cơ sở Hà Nội),Hà Nội,,FL01,Ngôn ngữ Anh,,ngon_ngu,Ngôn ngữ - Văn hóa - Quốc tế học,standard,A01;D01;D07;D09,A01,observed,70.0,28350000.0,28350000.0,per_year,,4,25.05,confirmed_2_sources,https://diemthi.vnexpress.net/tra-cuu-dai-hoc/loadbenchmark/id/405/year/2026/sortby/1/block_name/-1,False
NHH:FL02,NHH,Học viện Ngân hàng (Cơ sở Hà Nội),Hà Nội,,FL02,Ngôn ngữ Anh Tài chính - Ngân hàng CLC,,tai_chinh,Tài chính - Ngân hàng - Kế toán - Kiểm toán - Bảo hiểm,high_quality,A01;D01;D07;D09,A01,observed,120.0,45000000.0,45000000.0,per_year,,2,23.56,confirmed_2_sources,https://diemthi.vnexpress.net/tra-cuu-dai-hoc/loadbenchmark/id/405/year/2026/sortby/1/block_name/-1,False
NHH:IB01,NHH,Học viện Ngân hàng (Cơ sở Hà Nội),Hà Nội,,IB01,Kinh doanh quốc tế,,kinh_te,Kinh tế - Kinh doanh - Quản trị - Marketing - Thương mại,international,A01;D01;D07;D09,A01,observed,70.0,27800000.0,27800000.0,per_year,"Học bằng tiếng Anh (thường cần trình độ tiếng Anh tốt, có thể yêu cầu IELTS/chứng chỉ khi nhập học) | Chương trình liên kết/quốc tế: học phí cao hơn chương trình chuẩn",4,26.61,confirmed_2_sources,https://diemthi.vnexpress.net/tra-cuu-dai-hoc/loadbenchmark/id/405/year/2026/sortby/1/block_name/-1,False
NHH:IB02,NHH,Học viện Ngân hàng (Cơ sở Hà Nội),Hà Nội,,IB02,Logistics và Quản lý chuỗi cung ứng,,du_lich,Du lịch - Khách sạn - Logistics - Hàng không - Dịch vụ,standard,A01;D01;D07;D09,A01,observed,70.0,27800000.0,27800000.0,per_year,,4,26.28,confirmed_2_sources,https://diemthi.vnexpress.net/tra-cuu-dai-hoc/loadbenchmark/id/405/year/2026/sortby/1/block_name/-1,False
NHH:IB04,NHH,Học viện Ngân hàng (Cơ sở Hà Nội),Hà Nội,,IB04,Kinh doanh quốc tế CLC,,kinh_te,Kinh tế - Kinh doanh - Quản trị - Marketing - Thương mại,international,A01;D01;D07;D09,A01,observed,180.0,45000000.0,45000000.0,per_year,"Học bằng tiếng Anh (thường cần trình độ tiếng Anh tốt, có thể yêu cầu IELTS/chứng chỉ khi nhập học) | Chương trình liên kết/quốc tế: học phí cao hơn chương trình chuẩn",2,24.57,confirmed_2_sources,https://diemthi.vnexpress.net/tra-cuu-dai-hoc/loadbenchmark/id/405/year/2026/sortby/1/block_name/-1,False
NHH:IB05,NHH,Học viện Ngân hàng (Cơ sở Hà Nội),Hà Nội,,IB05,Thương mại điện tử CLC,,kinh_te,Kinh tế - Kinh doanh - Quản trị - Marketing - Thương mại,high_quality,A01;D01;D07;D09,A01,observed,60.0,45000000.0,45000000.0,per_year,,2,24.71,confirmed_2_sources,https://diemthi.vnexpress.net/tra-cuu-dai-hoc/loadbenchmark/id/405/year/2026/sortby/1/block_name/-1,False
NHH:IB06,NHH,Học viện Ngân hàng (Cơ sở Hà Nội),Hà Nội,,IB06,Chất lượng cao Logistics và Quản lý chuỗi cung ứng,,du_lich,Du lịch - Khách sạn - Logistics - Hàng không - Dịch vụ,high_quality,A01;D01;D07;D09,A01,observed,60.0,45000000.0,45000000.0,per_year,,1,24.82,confirmed_2_sources,https://diemthi.vnexpress.net/tra-cuu-dai-hoc/loadbenchmark/id/405/year/2026/sortby/1/block_name/-1,False
NHH:IB07,NHH,Học viện Ngân hàng (Cơ sở Hà Nội),Hà Nội,,IB07,"Quản trị kinh doanh quốc tế - Đại học West of England (UWE), Anh (Cấp song bằng)",,kinh_te,Kinh tế - Kinh doanh - Quản trị - Marketing - Thương mại,international,A00;A01;D01;D07,A00,observed,80.0,50000000.0,50000000.0,per_year,"Học bằng tiếng Anh (thường cần trình độ tiếng Anh tốt, có thể yêu cầu IELTS/chứng chỉ khi nhập học) | Chương trình liên kết/quốc tế: học phí cao hơn chương trình chuẩn",1,20.2,confirmed_2_sources,https://diemthi.vnexpress.net/tra-cuu-dai-hoc/loadbenchmark/id/405/year/2026/sortby/1/block_name/-1,False
NHH:IT01,NHH,Học viện Ngân hàng (Cơ sở Hà Nội),Hà Nội,,IT01,Công nghệ thông tin,,cntt,Công nghệ thông tin - Máy tính - Dữ liệu - AI,standard,A00;A01;D01;D07,A00,observed,120.0,29400000.0,29400000.0,per_year,,4,24.2,confirmed_2_sources,https://diemthi.vnexpress.net/tra-cuu-dai-hoc/loadbenchmark/id/405/year/2026/sortby/1/block_name/-1,False
NHH:LAW01,NHH,Học viện Ngân hàng (Cơ sở Hà Nội),Hà Nội,,LAW01,Luật kinh tế,,luat,Luật,standard,C00;C03;D01;D14;A01;D07;A00,C00,observed,180.0,27800000.0,27800000.0,per_year,,4,25.75,confirmed_2_sources,https://diemthi.vnexpress.net/tra-cuu-dai-hoc/loadbenchmark/id/405/year/2026/sortby/1/block_name/-1,False
NHH:LAW03,NHH,Học viện Ngân hàng (Cơ sở Hà Nội),Hà Nội,,LAW03,Chất lượng cao Luật Kinh tế,,luat,Luật,high_quality,C00;C03;D01;D14,C00,observed,120.0,45000000.0,45000000.0,per_year,,1,24.3,confirmed_2_sources,https://diemthi.vnexpress.net/tra-cuu-dai-hoc/loadbenchmark/id/405/year/2026/sortby/1/block_name/-1,False
NHH:LAW04,NHH,Học viện Ngân hàng (Cơ sở Hà Nội),Hà Nội,,LAW04,Luật học,,luat,Luật,standard,C00;C03;D01;D14,C00,observed,70.0,27800000.0,27800000.0,per_year,,1,24.75,confirmed_2_sources,https://diemthi.vnexpress.net/tra-cuu-dai-hoc/loadbenchmark/id/405/year/2026/sortby/1/block_name/-1,False
NHH:MIS01,NHH,Học viện Ngân hàng (Cơ sở Hà Nội),Hà Nội,,MIS01,Hệ thống thông tin quản lý,,cntt,Công nghệ thông tin - Máy tính - Dữ liệu - AI,standard,A00;A01;D01;D07,A00,observed,70.0,27800000.0,27800000.0,per_year,,4,25.74,confirmed_2_sources,https://diemthi.vnexpress.net/tra-cuu-dai-hoc/loadbenchmark/id/405/year/2026/sortby/1/block_name/-1,False
NHH:MIS02,NHH,Học viện Ngân hàng (Cơ sở Hà Nội),Hà Nội,,MIS02,Hệ thống thông tin quản lý CLC,,cntt,Công nghệ thông tin - Máy tính - Dữ liệu - AI,high_quality,A01;D01;D07;D09,A01,observed,60.0,45000000.0,45000000.0,per_year,,2,24.33,confirmed_2_sources,https://diemthi.vnexpress.net/tra-cuu-dai-hoc/loadbenchmark/id/405/year/2026/sortby/1/block_name/-1,False
NHS:7220201,NHS,Trường Đại học Ngân hàng tp. Hồ Chí Minh,TP. Hồ Chí Minh,,7220201,Ngôn ngữ Anh,7220201,ngon_ngu,Ngôn ngữ - Văn hóa - Quốc tế học,standard,A01;D01;D07;D09;D10;D14;D15,A01,observed,150.0,23210000.0,23210000.0,per_year,,4,21.83,confirmed_2_sources,https://diemthi.vnexpress.net/tra-cuu-dai-hoc/loadbenchmark/id/277/year/2026/sortby/1/block_name/-1,False
NHS:7220201DB,NHS,Trường Đại học Ngân hàng tp. Hồ Chí Minh,TP. Hồ Chí Minh,,7220201DB,Ngôn ngữ Anh ĐB,7220201,ngon_ngu,Ngôn ngữ - Văn hóa - Quốc tế học,standard,A01;D01;D07;D09;D10,A01,observed,120.0,23210000.0,23210000.0,,,1,18.55,confirmed_2_sources,https://diemthi.vnexpress.net/tra-cuu-dai-hoc/loadbenchmark/id/277/year/2026/sortby/1/block_name/-1,True
NHS:7220204,NHS,Trường Đại học Ngân hàng tp. Hồ Chí Minh,TP. Hồ Chí Minh,,7220204,Ngôn ngữ Trung Quốc,7220204,ngon_ngu,Ngôn ngữ - Văn hóa - Quốc tế học,standard,A01;D01;D07;D09;D10,A01,observed,80.0,23210000.0,23210000.0,,,1,19.0,confirmed_2_sources,https://diemthi.vnexpress.net/tra-cuu-dai-hoc/loadbenchmark/id/277/year/2026/sortby/1/block_name/-1,True
NHS:7310106,NHS,Trường Đại học Ngân hàng tp. Hồ Chí Minh,TP. Hồ Chí Minh,,7310106,Kinh tế quốc tế,7310106,kinh_te,Kinh tế - Kinh doanh - Quản trị - Marketing - Thương mại,international,A00;A01;C01;C02;D01;D07;X02;X26,A00,observed,120.0,23210000.0,23210000.0,per_year,"Học bằng tiếng Anh (thường cần trình độ tiếng Anh tốt, có thể yêu cầu IELTS/chứng chỉ khi nhập học) | Chương trình liên kết/quốc tế: học phí cao hơn chương trình chuẩn",4,22.99,confirmed_2_sources,https://diemthi.vnexpress.net/tra-cuu-dai-hoc/loadbenchmark/id/277/year/2026/sortby/1/block_name/-1,False
NHS:7310106TA,NHS,Trường Đại học Ngân hàng tp. Hồ Chí Minh,TP. Hồ Chí Minh,,7310106TA,Kinh tế quốc tế TABP,7310106,kinh_te,Kinh tế - Kinh doanh - Quản trị - Marketing - Thương mại,international,A00;A01;C01;C02;D01;D07;X02;X26,A00,observed,80.0,23210000.0,23210000.0,,"Học bằng tiếng Anh (thường cần trình độ tiếng Anh tốt, có thể yêu cầu IELTS/chứng chỉ khi nhập học) | Chương trình liên kết/quốc tế: học phí cao hơn chương trình chuẩn",1,21.0,confirmed_2_sources,https://diemthi.vnexpress.net/tra-cuu-dai-hoc/loadbenchmark/id/277/year/2026/sortby/1/block_name/-1,True
NHS:7340101,NHS,Trường Đại học Ngân hàng tp. Hồ Chí Minh,TP. Hồ Chí Minh,,7340101,Quản trị Kinh doanh,7340101,kinh_te,Kinh tế - Kinh doanh - Quản trị - Marketing - Thương mại,standard,A00;A01;C01;C02;D01;D07;X02;X26,A00,observed,60.0,23210000.0,23210000.0,per_year,,4,22.77,confirmed_2_sources,https://diemthi.vnexpress.net/tra-cuu-dai-hoc/loadbenchmark/id/277/year/2026/sortby/1/block_name/-1,False
NHS:7340101QT,NHS,Trường Đại học Ngân hàng tp. Hồ Chí Minh,TP. Hồ Chí Minh,,7340101QT,Quản trị kinh doanh (liên kết quốc tế do Đại học Troy - Hoa Kỳ cấp bằng),7340101,kinh_te,Kinh tế - Kinh doanh - Quản trị - Marketing - Thương mại,international,A00;A01;A03;A04;A06;A07;C01;C02;D01;D07;D09;D10;X02;X26;A05,A00,observed,150.0,23210000.0,23210000.0,,"Học bằng tiếng Anh (thường cần trình độ tiếng Anh tốt, có thể yêu cầu IELTS/chứng chỉ khi nhập học) | Chương trình liên kết/quốc tế: học phí cao hơn chương trình chuẩn",1,16.0,confirmed_2_sources,https://diemthi.vnexpress.net/tra-cuu-dai-hoc/loadbenchmark/id/277/year/2026/sortby/1/block_name/-1,True
NHS:7340101SB,NHS,Trường Đại học Ngân hàng tp. Hồ Chí Minh,TP. Hồ Chí Minh,,7340101SB,Quản trị kinh doanh (Quốc tế song bằng),7340101,kinh_te,Kinh tế - Kinh doanh - Quản trị - Marketing - Thương mại,international,A00;A01;C01;C02;D01;D07;X02;X26,A00,observed,40.0,23210000.0,23210000.0,,"Học bằng tiếng Anh (thường cần trình độ tiếng Anh tốt, có thể yêu cầu IELTS/chứng chỉ khi nhập học) | Chương trình liên kết/quốc tế: học phí cao hơn chương trình chuẩn",1,19.6,confirmed_2_sources,https://diemthi.vnexpress.net/tra-cuu-dai-hoc/loadbenchmark/id/277/year/2026/sortby/1/block_name/-1,True
NHS:7340101TA,NHS,Trường Đại học Ngân hàng tp. Hồ Chí Minh,TP. Hồ Chí Minh,,7340101TA,Quản trị kinh doanh (Đào tạo bằng tiếng Anh),7340101,ngon_ngu,Ngôn ngữ - Văn hóa - Quốc tế học,standard,A00;A01;C01;C02;D01;D07;X02;X26,A00,observed,400.0,23210000.0,23210000.0,,"Học bằng tiếng Anh (thường cần trình độ tiếng Anh tốt, có thể yêu cầu IELTS/chứng chỉ khi nhập học)",1,18.35,confirmed_2_sources,https://diemthi.vnexpress.net/tra-cuu-dai-hoc/loadbenchmark/id/277/year/2026/sortby/1/block_name/-1,True
NHS:7340115,NHS,Trường Đại học Ngân hàng tp. Hồ Chí Minh,TP. Hồ Chí Minh,,7340115,Marketing,7340115,kinh_te,Kinh tế - Kinh doanh - Quản trị - Marketing - Thương mại,standard,A00;A01;C01;C02;D01;D07;X02;X26,A00,observed,120.0,23210000.0,23210000.0,per_year,,3,23.47,confirmed_2_sources,https://diemthi.vnexpress.net/tra-cuu-dai-hoc/loadbenchmark/id/277/year/2026/sortby/1/block_name/-1,False
NHS:7340120,NHS,Trường Đại học Ngân hàng tp. Hồ Chí Minh,TP. Hồ Chí Minh,,7340120,Ngành Kinh doanh quốc tế,7340120,kinh_te,Kinh tế - Kinh doanh - Quản trị - Marketing - Thương mại,international,A00;A01;C01;C02;D01;D07;X02;X26,A00,observed,70.0,23210000.0,23210000.0,per_year,"Học bằng tiếng Anh (thường cần trình độ tiếng Anh tốt, có thể yêu cầu IELTS/chứng chỉ khi nhập học) | Chương trình liên kết/quốc tế: học phí cao hơn chương trình chuẩn",3,24.53,confirmed_2_sources,https://diemthi.vnexpress.net/tra-cuu-dai-hoc/loadbenchmark/id/277/year/2026/sortby/1/block_name/-1,False
NHS:7340120TA,NHS,Trường Đại học Ngân hàng tp. Hồ Chí Minh,TP. Hồ Chí Minh,,7340120TA,Kinh doanh quốc tế TABP,7340120,kinh_te,Kinh tế - Kinh doanh - Quản trị - Marketing - Thương mại,international,A00;A01;C01;C02;D01;D07;X02;X26,A00,observed,80.0,23210000.0,23210000.0,,"Học bằng tiếng Anh (thường cần trình độ tiếng Anh tốt, có thể yêu cầu IELTS/chứng chỉ khi nhập học) | Chương trình liên kết/quốc tế: học phí cao hơn chương trình chuẩn",1,23.23,confirmed_2_sources,https://diemthi.vnexpress.net/tra-cuu-dai-hoc/loadbenchmark/id/277/year/2026/sortby/1/block_name/-1,True
NHS:7340122,NHS,Trường Đại học Ngân hàng tp. Hồ Chí Minh,TP. Hồ Chí Minh,,7340122,Thương mại điện tử,7340122,kinh_te,Kinh tế - Kinh doanh - Quản trị - Marketing - Thương mại,standard,A00;A01;C01;C02;D01;D07;X02;X26,A00,observed,60.0,23210000.0,23210000.0,per_year,,2,23.96,confirmed_2_sources,https://diemthi.vnexpress.net/tra-cuu-dai-hoc/loadbenchmark/id/277/year/2026/sortby/1/block_name/-1,False
NHS:7340122TA,NHS,Trường Đại học Ngân hàng tp. Hồ Chí Minh,TP. Hồ Chí Minh,,7340122TA,Thương mại điện tử TABP,7340122,kinh_te,Kinh tế - Kinh doanh - Quản trị - Marketing - Thương mại,standard,A00;A01;C01;C02;D01;D07;X02;X26,A00,observed,80.0,23210000.0,23210000.0,,,1,21.5,confirmed_2_sources,https://diemthi.vnexpress.net/tra-cuu-dai-hoc/loadbenchmark/id/277/year/2026/sortby/1/block_name/-1,True
NHS:7340201,NHS,Trường Đại học Ngân hàng tp. Hồ Chí Minh,TP. Hồ Chí Minh,,7340201,Tài chính – Ngân hàng,7340201,tai_chinh,Tài chính - Ngân hàng - Kế toán - Kiểm toán - Bảo hiểm,standard,A00;A01;C01;C02;D01;D07;X02;X26,A00,observed,350.0,23210000.0,23210000.0,per_year,,4,23.48,confirmed_2_sources,https://diemthi.vnexpress.net/tra-cuu-dai-hoc/loadbenchmark/id/277/year/2026/sortby/1/block_name/-1,False
NHS:7340201EL,NHS,Trường Đại học Ngân hàng tp. Hồ Chí Minh,TP. Hồ Chí Minh,,7340201EL,Tài chính - Ngân hàng chương trình tinh hoa (Elite Class),7340201,tai_chinh,Tài chính - Ngân hàng - Kế toán - Kiểm toán - Bảo hiểm,standard,A00;A01;C01;C02;D01;D07;X02;X26,A00,observed,60.0,23210000.0,23210000.0,,,1,16.0,confirmed_2_sources,https://diemthi.vnexpress.net/tra-cuu-dai-hoc/loadbenchmark/id/277/year/2026/sortby/1/block_name/-1,True
NHS:7340201QT,NHS,Trường Đại học Ngân hàng tp. Hồ Chí Minh,TP. Hồ Chí Minh,,7340201QT,ĐHCQ quốc tế Tài chính - Ngân hàng,7340201,tai_chinh,Tài chính - Ngân hàng - Kế toán - Kiểm toán - Bảo hiểm,international,A00;A01;A03;A04;A06;A07;C01;C02;D01;D07;D09;D10;X02;X26;A05,A00,observed,60.0,23210000.0,23210000.0,,"Học bằng tiếng Anh (thường cần trình độ tiếng Anh tốt, có thể yêu cầu IELTS/chứng chỉ khi nhập học) | Chương trình liên kết/quốc tế: học phí cao hơn chương trình chuẩn",1,16.0,confirmed_2_sources,https://diemthi.vnexpress.net/tra-cuu-dai-hoc/loadbenchmark/id/277/year/2026/sortby/1/block_name/-1,True
NHS:7340201SB,NHS,Trường Đại học Ngân hàng tp. Hồ Chí Minh,TP. Hồ Chí Minh,,7340201SB,Tài chính - Ngân hàng (Quốc tế song bằng),7340201,tai_chinh,Tài chính - Ngân hàng - Kế toán - Kiểm toán - Bảo hiểm,international,A00;A01;C01;C02;D01;D07;X02;X26,A00,observed,40.0,23210000.0,23210000.0,,"Học bằng tiếng Anh (thường cần trình độ tiếng Anh tốt, có thể yêu cầu IELTS/chứng chỉ khi nhập học) | Chương trình liên kết/quốc tế: học phí cao hơn chương trình chuẩn",1,19.78,confirmed_2_sources,https://diemthi.vnexpress.net/tra-cuu-dai-hoc/loadbenchmark/id/277/year/2026/sortby/1/block_name/-1,True
NHS:7340201TA,NHS,Trường Đại học Ngân hàng tp. Hồ Chí Minh,TP. Hồ Chí Minh,,7340201TA,Tài chính - Ngân hàng (CTĐT bằng Tiếng Anh),7340201,tai_chinh,Tài chính - Ngân hàng - Kế toán - Kiểm toán - Bảo hiểm,standard,A00;A01;C01;C02;D01;D07;X02;X26,A00,observed,1200.0,23210000.0,23210000.0,,"Học bằng tiếng Anh (thường cần trình độ tiếng Anh tốt, có thể yêu cầu IELTS/chứng chỉ khi nhập học)",1,19.03,confirmed_2_sources,https://diemthi.vnexpress.net/tra-cuu-dai-hoc/loadbenchmark/id/277/year/2026/sortby/1/block_name/-1,True
NHS:7340204,NHS,Trường Đại học Ngân hàng tp. Hồ Chí Minh,TP. Hồ Chí Minh,,7340204,Bảo hiểm,7340204,tai_chinh,Tài chính - Ngân hàng - Kế toán - Kiểm toán - Bảo hiểm,standard,A00;A01;C01;C02;D01;D07;X02;X26,A00,observed,70.0,23210000.0,23210000.0,,,1,16.1,confirmed_2_sources,https://diemthi.vnexpress.net/tra-cuu-dai-hoc/loadbenchmark/id/277/year/2026/sortby/1/block_name/-1,True
NHS:7340205,NHS,Trường Đại học Ngân hàng tp. Hồ Chí Minh,TP. Hồ Chí Minh,,7340205,Công nghệ tài chính,7340205,tai_chinh,Tài chính - Ngân hàng - Kế toán - Kiểm toán - Bảo hiểm,standard,A00;A01;C01;C02;D01;D07;X02;X26,A00,observed,120.0,23210000.0,23210000.0,per_year,,3,22.82,confirmed_2_sources,https://diemthi.vnexpress.net/tra-cuu-dai-hoc/loadbenchmark/id/277/year/2026/sortby/1/block_name/-1,False
NHS:7340301,NHS,Trường Đại học Ngân hàng tp. Hồ Chí Minh,TP. Hồ Chí Minh,,7340301,Kế toán,7340301,tai_chinh,Tài chính - Ngân hàng - Kế toán - Kiểm toán - Bảo hiểm,standard,A00;A01;C01;C02;D01;D07;X02;X26,A00,observed,150.0,23210000.0,23210000.0,per_year,,4,23.48,confirmed_2_sources,https://diemthi.vnexpress.net/tra-cuu-dai-hoc/loadbenchmark/id/277/year/2026/sortby/1/block_name/-1,False
NHS:7340301TA,NHS,Trường Đại học Ngân hàng tp. Hồ Chí Minh,TP. Hồ Chí Minh,,7340301TA,Kế toán đào tạo bằng tiếng Anh,7340301,tai_chinh,Tài chính - Ngân hàng - Kế toán - Kiểm toán - Bảo hiểm,standard,A00;A01;C01;C02;D01;D07;X02;X26,A00,observed,290.0,23210000.0,23210000.0,,"Học bằng tiếng Anh (thường cần trình độ tiếng Anh tốt, có thể yêu cầu IELTS/chứng chỉ khi nhập học)",1,19.76,confirmed_2_sources,https://diemthi.vnexpress.net/tra-cuu-dai-hoc/loadbenchmark/id/277/year/2026/sortby/1/block_name/-1,True
NHS:7340302,NHS,Trường Đại học Ngân hàng tp. Hồ Chí Minh,TP. Hồ Chí Minh,,7340302,Kiểm toán,7340302,tai_chinh,Tài chính - Ngân hàng - Kế toán - Kiểm toán - Bảo hiểm,standard,A00;A01;C01;C02;D01;D07;X02;X26,A00,observed,60.0,23210000.0,23210000.0,per_year,,2,24.48,confirmed_2_sources,https://diemthi.vnexpress.net/tra-cuu-dai-hoc/loadbenchmark/id/277/year/2026/sortby/1/block_name/-1,False
NHS:7340405,NHS,Trường Đại học Ngân hàng tp. Hồ Chí Minh,TP. Hồ Chí Minh,,7340405,Hệ thống thông tin,7340405,cntt,Công nghệ thông tin - Máy tính - Dữ liệu - AI,standard,A00;A01;C01;C02;D01;D07;X02;X26,A00,observed,170.0,23210000.0,23210000.0,per_year,,4,23.2,confirmed_2_sources,https://diemthi.vnexpress.net/tra-cuu-dai-hoc/loadbenchmark/id/277/year/2026/sortby/1/block_name/-1,False
NHS:7340405TA,NHS,Trường Đại học Ngân hàng tp. Hồ Chí Minh,TP. Hồ Chí Minh,,7340405TA,Hệ thống thông tin quản lý TABP,7340405,cntt,Công nghệ thông tin - Máy tính - Dữ liệu - AI,standard,A00;A01;C01;C02;D01;D07;X02;X26,A00,observed,120.0,23210000.0,23210000.0,,,1,20.5,confirmed_2_sources,https://diemthi.vnexpress.net/tra-cuu-dai-hoc/loadbenchmark/id/277/year/2026/sortby/1/block_name/-1,True
NHS:7380101,NHS,Trường Đại học Ngân hàng tp. Hồ Chí Minh,TP. Hồ Chí Minh,,7380101,Ngành Luật,7380101,luat,Luật,standard,A01;A03;D07;D09;A00;C00;D01;D14;C01;C02,A01,observed,60.0,23210000.0,23210000.0,per_year,,2,20.0,confirmed_2_sources,https://diemthi.vnexpress.net/tra-cuu-dai-hoc/loadbenchmark/id/277/year/2026/sortby/1/block_name/-1,False
NHS:7380107,NHS,Trường Đại học Ngân hàng tp. Hồ Chí Minh,TP. Hồ Chí Minh,,7380107,Luật kinh tế,7380107,luat,Luật,standard,A01;A03;D07;D09;A00;D01;C00;D14;C01;C02,A01,observed,122.0,23210000.0,23210000.0,per_year,,4,21.9,confirmed_2_sources,https://diemthi.vnexpress.net/tra-cuu-dai-hoc/loadbenchmark/id/277/year/2026/sortby/1/block_name/-1,False
NHS:7380107TA,NHS,Trường Đại học Ngân hàng tp. Hồ Chí Minh,TP. Hồ Chí Minh,,7380107TA,Luật kinh tế TABP,7380107,luat,Luật,standard,A00;A01;C01;C02;D01;D07,A00,observed,80.0,23210000.0,23210000.0,,,1,20.0,confirmed_2_sources,https://diemthi.vnexpress.net/tra-cuu-dai-hoc/loadbenchmark/id/277/year/2026/sortby/1/block_name/-1,True
NHS:7460108,NHS,Trường Đại học Ngân hàng tp. Hồ Chí Minh,TP. Hồ Chí Minh,,7460108,Khoa học dữ liệu (Data Science),7460108,cntt,Công nghệ thông tin - Máy tính - Dữ liệu - AI,standard,A00;A01;C01;C02;D01;D07;X02;X26,A00,observed,120.0,23210000.0,23210000.0,per_year,,3,21.8,confirmed_2_sources,https://diemthi.vnexpress.net/tra-cuu-dai-hoc/loadbenchmark/id/277/year/2026/sortby/1/block_name/-1,False
NHS:7480107,NHS,Trường Đại học Ngân hàng tp. Hồ Chí Minh,TP. Hồ Chí Minh,,7480107,Trí tuệ nhân tạo,7480107,cntt,Công nghệ thông tin - Máy tính - Dữ liệu - AI,standard,A00;A01;C01;C02;D01;D07;X02;X26,A00,observed,110.0,23210000.0,23210000.0,per_year,,2,20.1,confirmed_2_sources,https://diemthi.vnexpress.net/tra-cuu-dai-hoc/loadbenchmark/id/277/year/2026/sortby/1/block_name/-1,False
NHS:7480201,NHS,Trường Đại học Ngân hàng tp. Hồ Chí Minh,TP. Hồ Chí Minh,,7480201,Công nghệ thông tin,7480201,cntt,Công nghệ thông tin - Máy tính - Dữ liệu - AI,standard,A00;A01;C01;C02;D01;D07;X02;X26,A00,observed,60.0,23210000.0,23210000.0,,,1,19.3,confirmed_2_sources,https://diemthi.vnexpress.net/tra-cuu-dai-hoc/loadbenchmark/id/277/year/2026/sortby/1/block_name/-1,True
NHS:7510605,NHS,Trường Đại học Ngân hàng tp. Hồ Chí Minh,TP. Hồ Chí Minh,,7510605,Logistics và Quản lý chuỗi cung ứng,7510605,du_lich,Du lịch - Khách sạn - Logistics - Hàng không - Dịch vụ,standard,A00;A01;C01;C02;D01;D07;X02;X26,A00,observed,120.0,23210000.0,23210000.0,per_year,,3,23.56,confirmed_2_sources,https://diemthi.vnexpress.net/tra-cuu-dai-hoc/loadbenchmark/id/277/year/2026/sortby/1/block_name/-1,False
NHS:7810201,NHS,Trường Đại học Ngân hàng tp. Hồ Chí Minh,TP. Hồ Chí Minh,,7810201,Quản trị khách sạn,7810201,du_lich,Du lịch - Khách sạn - Logistics - Hàng không - Dịch vụ,standard,A00;A01;C01;C02;D01;D07;X02;X26,A00,observed,60.0,23210000.0,23210000.0,,,1,19.25,confirmed_2_sources,https://diemthi.vnexpress.net/tra-cuu-dai-hoc/loadbenchmark/id/277/year/2026/sortby/1/block_name/-1,True
NLS:7140215,NLS,Trường Đại học Nông lâm Tp. Hồ Chí Minh,TP. Hồ Chí Minh,,7140215,Sư phạm kỹ thuật nông nghiệp,7140215,su_pham,Sư phạm - Giáo dục,standard,A01;B00;D08;X12;X16;X28;A00,A01,observed,,,,,"Sư phạm: không nhận thí sinh bị dị hình, dị tật, nói ngọng, nói lắp; điểm sàn của Bộ",4,24.0,confirmed_2_sources,https://diemthi.vnexpress.net/tra-cuu-dai-hoc/loadbenchmark/id/278/year/2026/sortby/1/block_name/-1,True
NLS:7220201,NLS,Trường Đại học Nông lâm Tp. Hồ Chí Minh,TP. Hồ Chí Minh,,7220201,Ngôn ngữ Anh,7220201,ngon_ngu,Ngôn ngữ - Văn hóa - Quốc tế học,standard,A01;C00;C03;C04;D01;D14;D15;X03;X04;X70;X74,A01,observed,,,,,,4,23.1,confirmed_2_sources,https://diemthi.vnexpress.net/tra-cuu-dai-hoc/loadbenchmark/id/278/year/2026/sortby/1/block_name/-1,True
NLS:7220201N,NLS,Trường Đại học Nông lâm Tp. Hồ Chí Minh,TP. Hồ Chí Minh,Ninh Thuận,7220201N,Ngôn ngữ Anh (phân hiệu Ninh Thuận),7220201,ngon_ngu,Ngôn ngữ - Văn hóa - Quốc tế học,standard,A01;C00;C03;C04;D01;D14;D15;X03;X04;X70;X74,A01,observed,,,,,Học tại Ninh Thuận,2,16.0,confirmed_2_sources,https://diemthi.vnexpress.net/tra-cuu-dai-hoc/loadbenchmark/id/278/year/2026/sortby/1/block_name/-1,True
NLS:7310101,NLS,Trường Đại học Nông lâm Tp. Hồ Chí Minh,TP. Hồ Chí Minh,,7310101,Kinh tế,7310101,kinh_te,Kinh tế - Kinh doanh - Quản trị - Marketing - Thương mại,standard,A00;A01;D01;X01;X02;X25,A00,observed,,,,,,4,22.0,confirmed_2_sources,https://diemthi.vnexpress.net/tra-cuu-dai-hoc/loadbenchmark/id/278/year/2026/sortby/1/block_name/-1,True
NLS:7310101C,NLS,Trường Đại học Nông lâm Tp. Hồ Chí Minh,TP. Hồ Chí Minh,,7310101C,Kinh tế CLC,7310101,kinh_te,Kinh tế - Kinh doanh - Quản trị - Marketing - Thương mại,high_quality,A00;A01;D01;X01;X02;X25,A00,observed,,,,,,2,22.0,confirmed_2_sources,https://diemthi.vnexpress.net/tra-cuu-dai-hoc/loadbenchmark/id/278/year/2026/sortby/1/block_name/-1,True
NLS:7340101C,NLS,Trường Đại học Nông lâm Tp. Hồ Chí Minh,TP. Hồ Chí Minh,,7340101C,Quản trị kinh doanh,7340101,kinh_te,Kinh tế - Kinh doanh - Quản trị - Marketing - Thương mại,standard,A00;A01;D01;X01;X02;X25,A00,observed,,,,,,4,21.3,confirmed_2_sources,https://diemthi.vnexpress.net/tra-cuu-dai-hoc/loadbenchmark/id/278/year/2026/sortby/1/block_name/-1,True
NLS:7340101N,NLS,Trường Đại học Nông lâm Tp. Hồ Chí Minh,TP. Hồ Chí Minh,,7340101N,Quản trị kinh doanh (Chuyên ngành Quản trị Nhà hàng - Khách sạn),7340101,du_lich,Du lịch - Khách sạn - Logistics - Hàng không - Dịch vụ,standard,A00;A01;D01;X01;X02;X25,A00,observed,,,,,,2,16.0,confirmed_2_sources,https://diemthi.vnexpress.net/tra-cuu-dai-hoc/loadbenchmark/id/278/year/2026/sortby/1/block_name/-1,True
NLS:7340116,NLS,Trường Đại học Nông lâm Tp. Hồ Chí Minh,TP. Hồ Chí Minh,,7340116,Bất động sản,7340116,kinh_te,Kinh tế - Kinh doanh - Quản trị - Marketing - Thương mại,standard,A00;A01;C01;C04;D01;X01;A04,A00,observed,,,,,,4,19.5,confirmed_2_sources,https://diemthi.vnexpress.net/tra-cuu-dai-hoc/loadbenchmark/id/278/year/2026/sortby/1/block_name/-1,True
NLS:7340301,NLS,Trường Đại học Nông lâm Tp. Hồ Chí Minh,TP. Hồ Chí Minh,,7340301,Kế toán,7340301,tai_chinh,Tài chính - Ngân hàng - Kế toán - Kiểm toán - Bảo hiểm,standard,A00;A01;D01;X01;X02;X25,A00,observed,,,,,,4,23.5,confirmed_2_sources,https://diemthi.vnexpress.net/tra-cuu-dai-hoc/loadbenchmark/id/278/year/2026/sortby/1/block_name/-1,True
NLS:7340301N,NLS,Trường Đại học Nông lâm Tp. Hồ Chí Minh,TP. Hồ Chí Minh,,7340301N,Kế toán,7340301,tai_chinh,Tài chính - Ngân hàng - Kế toán - Kiểm toán - Bảo hiểm,standard,A00;A01;D01;X01;X02;X25,A00,observed,,,,,,2,16.0,confirmed_2_sources,https://diemthi.vnexpress.net/tra-cuu-dai-hoc/loadbenchmark/id/278/year/2026/sortby/1/block_name/-1,True
NLS:7420201C,NLS,Trường Đại học Nông lâm Tp. Hồ Chí Minh,TP. Hồ Chí Minh,,7420201C,Công nghệ sinh học,7420201,sinh_hoa,Sinh học - Hóa học - Công nghệ sinh học - Thực phẩm,standard,A02;B00;B03;D08;X14;A01;D07;A00,A02,observed,,,,,,4,23.5,confirmed_2_sources,https://diemthi.vnexpress.net/tra-cuu-dai-hoc/loadbenchmark/id/278/year/2026/sortby/1/block_name/-1,True
NLS:7440301,NLS,Trường Đại học Nông lâm Tp. Hồ Chí Minh,TP. Hồ Chí Minh,,7440301,Khoa học môi trường,7440301,nong_lam_mt,Nông - Lâm - Thủy sản - Môi trường - Tài nguyên,standard,A00;A01;A02;B00;D07;D08,A00,observed,,,,,,4,21.55,confirmed_2_sources,https://diemthi.vnexpress.net/tra-cuu-dai-hoc/loadbenchmark/id/278/year/2026/sortby/1/block_name/-1,True
NLS:7480104,NLS,Trường Đại học Nông lâm Tp. Hồ Chí Minh,TP. Hồ Chí Minh,,7480104,Hệ thống thông tin,7480104,cntt,Công nghệ thông tin - Máy tính - Dữ liệu - AI,standard,A00;A01;A04;D01;D07;X26,A00,observed,,,,,,4,21.5,confirmed_2_sources,https://diemthi.vnexpress.net/tra-cuu-dai-hoc/loadbenchmark/id/278/year/2026/sortby/1/block_name/-1,True
NLS:7480201,NLS,Trường Đại học Nông lâm Tp. Hồ Chí Minh,TP. Hồ Chí Minh,,7480201,Công nghệ thông tin,7480201,cntt,Công nghệ thông tin - Máy tính - Dữ liệu - AI,standard,A00;A01;D07;X06;X07;X10,A00,observed,,,,,,4,20.5,confirmed_2_sources,https://diemthi.vnexpress.net/tra-cuu-dai-hoc/loadbenchmark/id/278/year/2026/sortby/1/block_name/-1,True
NLS:7480201C,NLS,Trường Đại học Nông lâm Tp. Hồ Chí Minh,TP. Hồ Chí Minh,,7480201C,Công nghệ thông tin (CTCLC),7480201,cntt,Công nghệ thông tin - Máy tính - Dữ liệu - AI,standard,A00;A01;D07;X06;X07;X10,A00,observed,,,,,,2,20.5,confirmed_2_sources,https://diemthi.vnexpress.net/tra-cuu-dai-hoc/loadbenchmark/id/278/year/2026/sortby/1/block_name/-1,True
NLS:7480201N,NLS,Trường Đại học Nông lâm Tp. Hồ Chí Minh,TP. Hồ Chí Minh,,7480201N,Công nghệ thông tin,7480201,cntt,Công nghệ thông tin - Máy tính - Dữ liệu - AI,standard,A00;A01;D07;X06;X07;X10,A00,observed,,,,,,2,16.0,confirmed_2_sources,https://diemthi.vnexpress.net/tra-cuu-dai-hoc/loadbenchmark/id/278/year/2026/sortby/1/block_name/-1,True
NLS:7510201,NLS,Trường Đại học Nông lâm Tp. Hồ Chí Minh,TP. Hồ Chí Minh,,7510201,Công nghệ kỹ thuật cơ khí chuyên ngành Cơ khí chế tạo,7510201,ky_thuat,"Kỹ thuật - Công nghệ (cơ khí, điện, điện tử, ô tô, tự động hóa, vật liệu)",standard,A00;A01;A02;C01;X06;X07;D07,A00,observed,,,,,,4,23.65,confirmed_2_sources,https://diemthi.vnexpress.net/tra-cuu-dai-hoc/loadbenchmark/id/278/year/2026/sortby/1/block_name/-1,True
NLS:7510201C,NLS,Trường Đại học Nông lâm Tp. Hồ Chí Minh,TP. Hồ Chí Minh,,7510201C,Công nghệ kỹ thuật cơ khí,7510201,ky_thuat,"Kỹ thuật - Công nghệ (cơ khí, điện, điện tử, ô tô, tự động hóa, vật liệu)",standard,A00;A01;A02;C01;X06;X07;D07,A00,observed,,,,,,4,23.65,confirmed_2_sources,https://diemthi.vnexpress.net/tra-cuu-dai-hoc/loadbenchmark/id/278/year/2026/sortby/1/block_name/-1,True
NLS:7510203,NLS,Trường Đại học Nông lâm Tp. Hồ Chí Minh,TP. Hồ Chí Minh,,7510203,Công nghệ kỹ thuật cơ điện tử,7510203,ky_thuat,"Kỹ thuật - Công nghệ (cơ khí, điện, điện tử, ô tô, tự động hóa, vật liệu)",standard,A00;A01;A02;C01;X06;X07;D07,A00,observed,,,,,,4,24.15,confirmed_2_sources,https://diemthi.vnexpress.net/tra-cuu-dai-hoc/loadbenchmark/id/278/year/2026/sortby/1/block_name/-1,True
NLS:7510205,NLS,Trường Đại học Nông lâm Tp. Hồ Chí Minh,TP. Hồ Chí Minh,,7510205,Công nghệ kỹ thuật ô tô,7510205,ky_thuat,"Kỹ thuật - Công nghệ (cơ khí, điện, điện tử, ô tô, tự động hóa, vật liệu)",standard,A00;A01;A02;C01;X06;X07;D07,A00,observed,,,,,,4,22.8,confirmed_2_sources,https://diemthi.vnexpress.net/tra-cuu-dai-hoc/loadbenchmark/id/278/year/2026/sortby/1/block_name/-1,True
NLS:7510206,NLS,Trường Đại học Nông lâm Tp. Hồ Chí Minh,TP. Hồ Chí Minh,,7510206,Công nghệ kỹ thuật nhiệt,7510206,ky_thuat,"Kỹ thuật - Công nghệ (cơ khí, điện, điện tử, ô tô, tự động hóa, vật liệu)",standard,A00;A01;A02;C01;X06;X07;D07,A00,observed,,,,,,4,23.6,confirmed_2_sources,https://diemthi.vnexpress.net/tra-cuu-dai-hoc/loadbenchmark/id/278/year/2026/sortby/1/block_name/-1,True
NLS:7510401,NLS,Trường Đại học Nông lâm Tp. Hồ Chí Minh,TP. Hồ Chí Minh,,7510401,Công nghệ kỹ thuật hoá học,7510401,sinh_hoa,Sinh học - Hóa học - Công nghệ sinh học - Thực phẩm,standard,A00;A01;A02;B00;D08;D07,A00,observed,,,,,,4,24.3,confirmed_2_sources,https://diemthi.vnexpress.net/tra-cuu-dai-hoc/loadbenchmark/id/278/year/2026/sortby/1/block_name/-1,True
NLS:7510401C,NLS,Trường Đại học Nông lâm Tp. Hồ Chí Minh,TP. Hồ Chí Minh,,7510401C,Công nghệ kỹ thuật hoá học (Chương trình chất lượng cao),7510401,sinh_hoa,Sinh học - Hóa học - Công nghệ sinh học - Thực phẩm,high_quality,A00;A01;A02;B00;D08;D07,A00,observed,,,,,,3,24.3,confirmed_2_sources,https://diemthi.vnexpress.net/tra-cuu-dai-hoc/loadbenchmark/id/278/year/2026/sortby/1/block_name/-1,True
NLS:7519007,NLS,Trường Đại học Nông lâm Tp. Hồ Chí Minh,TP. Hồ Chí Minh,,7519007,Công nghệ kỹ thuật năng lượng tái tạo,7519007,ky_thuat,"Kỹ thuật - Công nghệ (cơ khí, điện, điện tử, ô tô, tự động hóa, vật liệu)",standard,A00;A01;A02;C01;X06;X07;D07,A00,observed,,,,,,4,22.5,confirmed_2_sources,https://diemthi.vnexpress.net/tra-cuu-dai-hoc/loadbenchmark/id/278/year/2026/sortby/1/block_name/-1,True
NLS:7519007N,NLS,Trường Đại học Nông lâm Tp. Hồ Chí Minh,TP. Hồ Chí Minh,,7519007N,Công nghệ kỹ thuật năng lượng tái tạo,7519007,ky_thuat,"Kỹ thuật - Công nghệ (cơ khí, điện, điện tử, ô tô, tự động hóa, vật liệu)",standard,A00;A01;A02;C01;X06;X07,A00,observed,,,,,,2,16.0,confirmed_2_sources,https://diemthi.vnexpress.net/tra-cuu-dai-hoc/loadbenchmark/id/278/year/2026/sortby/1/block_name/-1,True
NLS:7520216,NLS,Trường Đại học Nông lâm Tp. Hồ Chí Minh,TP. Hồ Chí Minh,,7520216,Ngành Kỹ thuật điều khiển và Tự động hóa,7520216,ky_thuat,"Kỹ thuật - Công nghệ (cơ khí, điện, điện tử, ô tô, tự động hóa, vật liệu)",standard,A00;A01;A02;C01;X06;X07;D07,A00,observed,,,,,,4,24.85,confirmed_2_sources,https://diemthi.vnexpress.net/tra-cuu-dai-hoc/loadbenchmark/id/278/year/2026/sortby/1/block_name/-1,True
NLS:7520320,NLS,Trường Đại học Nông lâm Tp. Hồ Chí Minh,TP. Hồ Chí Minh,,7520320,Ngành Kỹ thuật môi trường,7520320,nong_lam_mt,Nông - Lâm - Thủy sản - Môi trường - Tài nguyên,standard,A00;A01;B00;D08;D07;X28,A00,observed,,,,,,4,21.75,confirmed_2_sources,https://diemthi.vnexpress.net/tra-cuu-dai-hoc/loadbenchmark/id/278/year/2026/sortby/1/block_name/-1,True
NLS:7540101C,NLS,Trường Đại học Nông lâm Tp. Hồ Chí Minh,TP. Hồ Chí Minh,,7540101C,Công nghệ thực phẳm,7540101,sinh_hoa,Sinh học - Hóa học - Công nghệ sinh học - Thực phẩm,standard,A00;A01;A02;B00;D07;D08,A00,observed,,,,,,4,23.7,confirmed_2_sources,https://diemthi.vnexpress.net/tra-cuu-dai-hoc/loadbenchmark/id/278/year/2026/sortby/1/block_name/-1,True
NLS:7540101T,NLS,Trường Đại học Nông lâm Tp. Hồ Chí Minh,TP. Hồ Chí Minh,,7540101T,Công nghệ thực phẩm (CT tiên tiến),7540101,sinh_hoa,Sinh học - Hóa học - Công nghệ sinh học - Thực phẩm,advanced,A00;A01;A02;B00;D07;D08,A00,observed,,,,,"Học bằng tiếng Anh (thường cần trình độ tiếng Anh tốt, có thể yêu cầu IELTS/chứng chỉ khi nhập học)",4,23.7,confirmed_2_sources,https://diemthi.vnexpress.net/tra-cuu-dai-hoc/loadbenchmark/id/278/year/2026/sortby/1/block_name/-1,True
NLS:7540105,NLS,Trường Đại học Nông lâm Tp. Hồ Chí Minh,TP. Hồ Chí Minh,,7540105,Công nghệ chế biến thủy sản,7540105,nong_lam_mt,Nông - Lâm - Thủy sản - Môi trường - Tài nguyên,standard,A00;A01;B00;D01;B03;X04;D07;D08,A00,observed,,,,,,4,20.9,confirmed_2_sources,https://diemthi.vnexpress.net/tra-cuu-dai-hoc/loadbenchmark/id/278/year/2026/sortby/1/block_name/-1,True
NLS:7540106,NLS,Trường Đại học Nông lâm Tp. Hồ Chí Minh,TP. Hồ Chí Minh,,7540106,Đảm bảo chất lượng và an toàn thực phẩm,7540106,sinh_hoa,Sinh học - Hóa học - Công nghệ sinh học - Thực phẩm,standard,A00;A01;A02;B00;D07;D08,A00,observed,,,,,,2,22.75,confirmed_2_sources,https://diemthi.vnexpress.net/tra-cuu-dai-hoc/loadbenchmark/id/278/year/2026/sortby/1/block_name/-1,True
NLS:7549001,NLS,Trường Đại học Nông lâm Tp. Hồ Chí Minh,TP. Hồ Chí Minh,,7549001,Công nghệ chế biến lâm sản,7549001,ky_thuat,"Kỹ thuật - Công nghệ (cơ khí, điện, điện tử, ô tô, tự động hóa, vật liệu)",standard,A00;A01;B00;C04;D01;X04,A00,observed,,,,,,4,19.2,confirmed_2_sources,https://diemthi.vnexpress.net/tra-cuu-dai-hoc/loadbenchmark/id/278/year/2026/sortby/1/block_name/-1,True
NLS:7620105,NLS,Trường Đại học Nông lâm Tp. Hồ Chí Minh,TP. Hồ Chí Minh,,7620105,Chăn nuôi,7620105,nong_lam_mt,Nông - Lâm - Thủy sản - Môi trường - Tài nguyên,standard,A00;B00;B03;C02;D07;D08,A00,observed,,,,,,4,20.8,confirmed_2_sources,https://diemthi.vnexpress.net/tra-cuu-dai-hoc/loadbenchmark/id/278/year/2026/sortby/1/block_name/-1,True
NLS:7620105C,NLS,Trường Đại học Nông lâm Tp. Hồ Chí Minh,TP. Hồ Chí Minh,,7620105C,Chăn nuôi chương trình nâng cao,7620105,nong_lam_mt,Nông - Lâm - Thủy sản - Môi trường - Tài nguyên,standard,A00;B00;B03;C02;D07;D08,A00,observed,,,,,,3,20.8,confirmed_2_sources,https://diemthi.vnexpress.net/tra-cuu-dai-hoc/loadbenchmark/id/278/year/2026/sortby/1/block_name/-1,True
NLS:7620109,NLS,Trường Đại học Nông lâm Tp. Hồ Chí Minh,TP. Hồ Chí Minh,,7620109,Nông học,7620109,nong_lam_mt,Nông - Lâm - Thủy sản - Môi trường - Tài nguyên,standard,A00;B00;B03;A02;D07;D08,A00,observed,,,,,,4,20.5,confirmed_2_sources,https://diemthi.vnexpress.net/tra-cuu-dai-hoc/loadbenchmark/id/278/year/2026/sortby/1/block_name/-1,True
NLS:7620112,NLS,Trường Đại học Nông lâm Tp. Hồ Chí Minh,TP. Hồ Chí Minh,,7620112,Bảo vệ thực vật,7620112,nong_lam_mt,Nông - Lâm - Thủy sản - Môi trường - Tài nguyên,standard,A00;B00;B03;A02;D07;D08,A00,observed,,,,,,4,21.2,confirmed_2_sources,https://diemthi.vnexpress.net/tra-cuu-dai-hoc/loadbenchmark/id/278/year/2026/sortby/1/block_name/-1,True
NLS:7620114,NLS,Trường Đại học Nông lâm Tp. Hồ Chí Minh,TP. Hồ Chí Minh,,7620114,Kinh doanh nông nghiệp,7620114,nong_lam_mt,Nông - Lâm - Thủy sản - Môi trường - Tài nguyên,standard,A00;A01;D01;X01;X02;X25,A00,observed,,,,,,4,21.6,confirmed_2_sources,https://diemthi.vnexpress.net/tra-cuu-dai-hoc/loadbenchmark/id/278/year/2026/sortby/1/block_name/-1,True
NLS:7620116,NLS,Trường Đại học Nông lâm Tp. Hồ Chí Minh,TP. Hồ Chí Minh,,7620116,Phát triển nông thôn,7620116,nong_lam_mt,Nông - Lâm - Thủy sản - Môi trường - Tài nguyên,standard,A00;A01;D01;X01;X02;X25,A00,observed,,,,,,4,20.0,confirmed_2_sources,https://diemthi.vnexpress.net/tra-cuu-dai-hoc/loadbenchmark/id/278/year/2026/sortby/1/block_name/-1,True
NLS:7620201,NLS,Trường Đại học Nông lâm Tp. Hồ Chí Minh,TP. Hồ Chí Minh,,7620201,Lâm học,7620201,nong_lam_mt,Nông - Lâm - Thủy sản - Môi trường - Tài nguyên,standard,A00;B00;C04;X01;D01;D05;D08,A00,observed,,,,,,4,19.7,confirmed_2_sources,https://diemthi.vnexpress.net/tra-cuu-dai-hoc/loadbenchmark/id/278/year/2026/sortby/1/block_name/-1,True
NLS:7620202,NLS,Trường Đại học Nông lâm Tp. Hồ Chí Minh,TP. Hồ Chí Minh,,7620202,Lâm nghiệp đô thị,7620202,xay_dung,Kiến trúc - Xây dựng - Giao thông - Quy hoạch,standard,A00;B00;C04;X01;D01;D05;D08,A00,observed,,,,,,4,19.0,confirmed_2_sources,https://diemthi.vnexpress.net/tra-cuu-dai-hoc/loadbenchmark/id/278/year/2026/sortby/1/block_name/-1,True
NLS:7620211,NLS,Trường Đại học Nông lâm Tp. Hồ Chí Minh,TP. Hồ Chí Minh,,7620211,Quản lý tài nguyên rừng,7620211,nong_lam_mt,Nông - Lâm - Thủy sản - Môi trường - Tài nguyên,standard,A00;B00;C04;X01;D01;D05;D08,A00,observed,,,,,,4,19.7,confirmed_2_sources,https://diemthi.vnexpress.net/tra-cuu-dai-hoc/loadbenchmark/id/278/year/2026/sortby/1/block_name/-1,True
NLS:7620301,NLS,Trường Đại học Nông lâm Tp. Hồ Chí Minh,TP. Hồ Chí Minh,,7620301,ĐH Nuôi trồng thủy sản,7620301,nong_lam_mt,Nông - Lâm - Thủy sản - Môi trường - Tài nguyên,standard,B00;D07;D08;D01;B03;X04;A00,B00,observed,,,,,,4,20.0,confirmed_2_sources,https://diemthi.vnexpress.net/tra-cuu-dai-hoc/loadbenchmark/id/278/year/2026/sortby/1/block_name/-1,True
NLS:7640101,NLS,Trường Đại học Nông lâm Tp. Hồ Chí Minh,TP. Hồ Chí Minh,,7640101,Thú y,7640101,y_duoc,Y - Dược - Điều dưỡng - Sức khỏe,standard,A00;B00;B03;C02;D07;D08,A00,observed,,,,,Khối sức khỏe: có ngưỡng điểm sàn của Bộ,4,24.6,confirmed_2_sources,https://diemthi.vnexpress.net/tra-cuu-dai-hoc/loadbenchmark/id/278/year/2026/sortby/1/block_name/-1,True
NLS:7640101N,NLS,Trường Đại học Nông lâm Tp. Hồ Chí Minh,TP. Hồ Chí Minh,,7640101N,Thú y,7640101,y_duoc,Y - Dược - Điều dưỡng - Sức khỏe,standard,A00;B00;B03;C02;D07;D08,A00,observed,,,,,Khối sức khỏe: có ngưỡng điểm sàn của Bộ,2,18.0,confirmed_2_sources,https://diemthi.vnexpress.net/tra-cuu-dai-hoc/loadbenchmark/id/278/year/2026/sortby/1/block_name/-1,True
NLS:7640101T,NLS,Trường Đại học Nông lâm Tp. Hồ Chí Minh,TP. Hồ Chí Minh,,7640101T,Thú y (CT tiên tiến),7640101,y_duoc,Y - Dược - Điều dưỡng - Sức khỏe,advanced,A00;B00;B03;C02;D07;D08,A00,observed,,,,,"Học bằng tiếng Anh (thường cần trình độ tiếng Anh tốt, có thể yêu cầu IELTS/chứng chỉ khi nhập học) | Khối sức khỏe: có ngưỡng điểm sàn của Bộ",4,24.6,confirmed_2_sources,https://diemthi.vnexpress.net/tra-cuu-dai-hoc/loadbenchmark/id/278/year/2026/sortby/1/block_name/-1,True
NLS:7850101,NLS,Trường Đại học Nông lâm Tp. Hồ Chí Minh,TP. Hồ Chí Minh,,7850101,Quản lý tài nguyên và môi trường,7850101,nong_lam_mt,Nông - Lâm - Thủy sản - Môi trường - Tài nguyên,standard,A00;A01;B00;D01;D07;D08,A00,observed,,,,,,4,21.5,confirmed_2_sources,https://diemthi.vnexpress.net/tra-cuu-dai-hoc/loadbenchmark/id/278/year/2026/sortby/1/block_name/-1,True
NLS:7850103,NLS,Trường Đại học Nông lâm Tp. Hồ Chí Minh,TP. Hồ Chí Minh,,7850103,Quản lý đất đai,7850103,nong_lam_mt,Nông - Lâm - Thủy sản - Môi trường - Tài nguyên,standard,A00;A01;C01;C04;D01;X01;A04,A00,observed,,,,,,4,21.2,confirmed_2_sources,https://diemthi.vnexpress.net/tra-cuu-dai-hoc/loadbenchmark/id/278/year/2026/sortby/1/block_name/-1,True
NLS:7850103C,NLS,Trường Đại học Nông lâm Tp. Hồ Chí Minh,TP. Hồ Chí Minh,,7850103C,Quản lý đất đai (chương trình nâng cao),7850103,nong_lam_mt,Nông - Lâm - Thủy sản - Môi trường - Tài nguyên,standard,A00;A01;C01;C04;D01;X01,A00,observed,,,,,,2,21.2,confirmed_2_sources,https://diemthi.vnexpress.net/tra-cuu-dai-hoc/loadbenchmark/id/278/year/2026/sortby/1/block_name/-1,True
NLS:7859002,NLS,Trường Đại học Nông lâm Tp. Hồ Chí Minh,TP. Hồ Chí Minh,,7859002,Tài nguyên và du lịch sinh thái,7859002,du_lich,Du lịch - Khách sạn - Logistics - Hàng không - Dịch vụ,standard,A00;B00;B02;D01;D07;D08,A00,observed,,,,,,4,20.5,confirmed_2_sources,https://diemthi.vnexpress.net/tra-cuu-dai-hoc/loadbenchmark/id/278/year/2026/sortby/1/block_name/-1,True
NLS:7859007,NLS,Trường Đại học Nông lâm Tp. Hồ Chí Minh,TP. Hồ Chí Minh,,7859007,Cảnh quan và kỹ thuật hoa viên,7859007,sinh_hoa,Sinh học - Hóa học - Công nghệ sinh học - Thực phẩm,standard,A00;B00;B02;D01;D07;D08,A00,observed,,,,,,4,19.0,confirmed_2_sources,https://diemthi.vnexpress.net/tra-cuu-dai-hoc/loadbenchmark/id/278/year/2026/sortby/1/block_name/-1,True
NTH:NTHKD05,NTH,Trường Đại học Ngoại thương,Hà Nội,,NTHKD05,"CT TT i-Hons Kinh doanh quốc tế và Phân tích dữ liệu kinh doanh (hợp tác với University of Queensland, Australia)",,cntt,Công nghệ thông tin - Máy tính - Dữ liệu - AI,international,A00,A00,observed,70.0,50000000.0,50000000.0,,"Học bằng tiếng Anh (thường cần trình độ tiếng Anh tốt, có thể yêu cầu IELTS/chứng chỉ khi nhập học) | Chương trình liên kết/quốc tế: học phí cao hơn chương trình chuẩn",1,29.5,single_source,https://vietnamnet.vn/newsapi-edu/UniversityDetail/GetDetail?pageId=49ff289efde0446f9ae2f5c385595744&componentId=COMPONENT002302&keyword=NTH&year=2026&pageSize=25&pageIndex=0&typeOfTraining=0&subjectGroup=,True
NTH:NTHKD06,NTH,Trường Đại học Ngoại thương,Hà Nội,,NTHKD06,CT TC Kinh doanh quốc tế,,kinh_te,Kinh tế - Kinh doanh - Quản trị - Marketing - Thương mại,international,A00;A01;D01;D07,A00,observed,110.0,50000000.0,50000000.0,,"Học bằng tiếng Anh (thường cần trình độ tiếng Anh tốt, có thể yêu cầu IELTS/chứng chỉ khi nhập học) | Chương trình liên kết/quốc tế: học phí cao hơn chương trình chuẩn",1,28.75,disputed,https://vietnamnet.vn/newsapi-edu/UniversityDetail/GetDetail?pageId=49ff289efde0446f9ae2f5c385595744&componentId=COMPONENT002302&keyword=NTH&year=2026&pageSize=25&pageIndex=0&typeOfTraining=0&subjectGroup=,True
NTH:NTHKD07,NTH,Trường Đại học Ngoại thương,Hà Nội,,NTHKD07,CT ĐHNNQT Kinh doanh quốc tế theo mô hình tiên tiến Nhật Bản,,kinh_te,Kinh tế - Kinh doanh - Quản trị - Marketing - Thương mại,international,A00;A01;D01;D06;D07,A00,observed,70.0,50000000.0,50000000.0,,"Học bằng tiếng Anh (thường cần trình độ tiếng Anh tốt, có thể yêu cầu IELTS/chứng chỉ khi nhập học) | Chương trình liên kết/quốc tế: học phí cao hơn chương trình chuẩn",1,27.9,disputed,https://vietnamnet.vn/newsapi-edu/UniversityDetail/GetDetail?pageId=49ff289efde0446f9ae2f5c385595744&componentId=COMPONENT002302&keyword=NTH&year=2026&pageSize=25&pageIndex=0&typeOfTraining=0&subjectGroup=,True
NTH:NTHKD08,NTH,Trường Đại học Ngoại thương,Hà Nội,,NTHKD08,CT ĐHNNQT Kinh doanh sáng tạo và Công nghiệp văn hóa,,ngon_ngu,Ngôn ngữ - Văn hóa - Quốc tế học,standard,A00;A01;D01;D07,A00,observed,50.0,50000000.0,50000000.0,,,1,25.0,disputed,https://vietnamnet.vn/newsapi-edu/UniversityDetail/GetDetail?pageId=49ff289efde0446f9ae2f5c385595744&componentId=COMPONENT002302&keyword=NTH&year=2026&pageSize=25&pageIndex=1&typeOfTraining=0&subjectGroup=,True
NTH:NTHKE16,NTH,Trường Đại học Ngoại thương,Hà Nội,,NTHKE16,CT TC Kế toán - Kiểm toán,,tai_chinh,Tài chính - Ngân hàng - Kế toán - Kiểm toán - Bảo hiểm,standard,A00;A01;D01;D07,A00,observed,70.0,50000000.0,50000000.0,,,1,27.1,disputed,https://vietnamnet.vn/newsapi-edu/UniversityDetail/GetDetail?pageId=49ff289efde0446f9ae2f5c385595744&componentId=COMPONENT002302&keyword=NTH&year=2026&pageSize=25&pageIndex=1&typeOfTraining=0&subjectGroup=,True
NTH:NTHKT01,NTH,Trường Đại học Ngoại thương,Hà Nội,,NTHKT01,CT TT Kinh tế đối ngoại,,kinh_te,Kinh tế - Kinh doanh - Quản trị - Marketing - Thương mại,standard,A00,A00,observed,80.0,50000000.0,50000000.0,,,1,29.7,single_source,https://vietnamnet.vn/newsapi-edu/UniversityDetail/GetDetail?pageId=49ff289efde0446f9ae2f5c385595744&componentId=COMPONENT002302&keyword=NTH&year=2026&pageSize=25&pageIndex=0&typeOfTraining=0&subjectGroup=,True
NTH:NTHKT02,NTH,Trường Đại học Ngoại thương,Hà Nội,,NTHKT02,CT CLC Kinh tế đối ngoại,,kinh_te,Kinh tế - Kinh doanh - Quản trị - Marketing - Thương mại,high_quality,A00,A00,observed,220.0,50000000.0,50000000.0,,,1,28.75,disputed,https://vietnamnet.vn/newsapi-edu/UniversityDetail/GetDetail?pageId=49ff289efde0446f9ae2f5c385595744&componentId=COMPONENT002302&keyword=NTH&year=2026&pageSize=25&pageIndex=0&typeOfTraining=0&subjectGroup=,True
NTH:NTHKT03,NTH,Trường Đại học Ngoại thương,Hà Nội,,NTHKT03,CT ĐHNNQT Logistics toàn cầu và đổi mới chuỗi cung ứng,,du_lich,Du lịch - Khách sạn - Logistics - Hàng không - Dịch vụ,standard,A00;A01;D01;D07,A00,observed,70.0,50000000.0,50000000.0,,,1,28.7,disputed,https://vietnamnet.vn/newsapi-edu/UniversityDetail/GetDetail?pageId=49ff289efde0446f9ae2f5c385595744&componentId=COMPONENT002302&keyword=NTH&year=2026&pageSize=25&pageIndex=0&typeOfTraining=0&subjectGroup=,True
NTH:NTHKT04,NTH,Trường Đại học Ngoại thương,Hà Nội,,NTHKT04,CT CLC Kinh tế quốc tế,,kinh_te,Kinh tế - Kinh doanh - Quản trị - Marketing - Thương mại,international,A00,A00,observed,120.0,50000000.0,50000000.0,,"Học bằng tiếng Anh (thường cần trình độ tiếng Anh tốt, có thể yêu cầu IELTS/chứng chỉ khi nhập học) | Chương trình liên kết/quốc tế: học phí cao hơn chương trình chuẩn",1,28.0,disputed,https://vietnamnet.vn/newsapi-edu/UniversityDetail/GetDetail?pageId=49ff289efde0446f9ae2f5c385595744&componentId=COMPONENT002302&keyword=NTH&year=2026&pageSize=25&pageIndex=0&typeOfTraining=0&subjectGroup=,True
NTH:NTHLS17,NTH,Trường Đại học Ngoại thương,Hà Nội,,NTHLS17,CT ĐHNNQT Luật Kinh doanh quốc tế theo mô hình thực hành nghề nghiệp,,luat,Luật,international,A00;A01;D01;D07,A00,observed,60.0,50000000.0,50000000.0,,"Học bằng tiếng Anh (thường cần trình độ tiếng Anh tốt, có thể yêu cầu IELTS/chứng chỉ khi nhập học) | Chương trình liên kết/quốc tế: học phí cao hơn chương trình chuẩn",1,25.0,disputed,https://vietnamnet.vn/newsapi-edu/UniversityDetail/GetDetail?pageId=49ff289efde0446f9ae2f5c385595744&componentId=COMPONENT002302&keyword=NTH&year=2026&pageSize=25&pageIndex=1&typeOfTraining=0&subjectGroup=,True
NTH:NTHQK12,NTH,Trường Đại học Ngoại thương,Hà Nội,,NTHQK12,CT ĐHNNQT Quản trị khách sạn,,du_lich,Du lịch - Khách sạn - Logistics - Hàng không - Dịch vụ,standard,A00;A01;D01;D07,A00,observed,50.0,50000000.0,50000000.0,,,1,25.0,disputed,https://vietnamnet.vn/newsapi-edu/UniversityDetail/GetDetail?pageId=49ff289efde0446f9ae2f5c385595744&componentId=COMPONENT002302&keyword=NTH&year=2026&pageSize=25&pageIndex=1&typeOfTraining=0&subjectGroup=,True
NTH:NTHQT09,NTH,Trường Đại học Ngoại thương,Hà Nội,,NTHQT09,CT TT Quản trị kinh doanh,,kinh_te,Kinh tế - Kinh doanh - Quản trị - Marketing - Thương mại,standard,A00,A00,observed,80.0,50000000.0,50000000.0,,,1,26.75,single_source,https://vietnamnet.vn/newsapi-edu/UniversityDetail/GetDetail?pageId=49ff289efde0446f9ae2f5c385595744&componentId=COMPONENT002302&keyword=NTH&year=2026&pageSize=25&pageIndex=1&typeOfTraining=0&subjectGroup=,True
NTH:NTHQT10,NTH,Trường Đại học Ngoại thương,Hà Nội,,NTHQT10,CT TC Quản trị kinh doanh,,kinh_te,Kinh tế - Kinh doanh - Quản trị - Marketing - Thương mại,standard,A00;A01;D01;D07,A00,observed,80.0,50000000.0,50000000.0,,,1,26.6,disputed,https://vietnamnet.vn/newsapi-edu/UniversityDetail/GetDetail?pageId=49ff289efde0446f9ae2f5c385595744&componentId=COMPONENT002302&keyword=NTH&year=2026&pageSize=25&pageIndex=1&typeOfTraining=0&subjectGroup=,True
NTH:NTHTC14,NTH,Trường Đại học Ngoại thương,Hà Nội,,NTHTC14,CT TT Tài chính - Ngân hàng,,tai_chinh,Tài chính - Ngân hàng - Kế toán - Kiểm toán - Bảo hiểm,standard,A00,A00,observed,40.0,50000000.0,50000000.0,,,1,28.7,single_source,https://vietnamnet.vn/newsapi-edu/UniversityDetail/GetDetail?pageId=49ff289efde0446f9ae2f5c385595744&componentId=COMPONENT002302&keyword=NTH&year=2026&pageSize=25&pageIndex=0&typeOfTraining=0&subjectGroup=,True
NTH:NTHTC15,NTH,Trường Đại học Ngoại thương,Hà Nội,,NTHTC15,CT ĐHNNQT Công nghệ tài chính và Tài chính bền vững,,tai_chinh,Tài chính - Ngân hàng - Kế toán - Kiểm toán - Bảo hiểm,standard,A00;A01;D01;D07,A00,observed,50.0,50000000.0,50000000.0,,,1,27.0,disputed,https://vietnamnet.vn/newsapi-edu/UniversityDetail/GetDetail?pageId=49ff289efde0446f9ae2f5c385595744&componentId=COMPONENT002302&keyword=NTH&year=2026&pageSize=25&pageIndex=1&typeOfTraining=0&subjectGroup=,True
NTH:NTHTM11,NTH,Trường Đại học Ngoại thương,Hà Nội,,NTHTM11,CT ĐHNNQT Marketing số,,kinh_te,Kinh tế - Kinh doanh - Quản trị - Marketing - Thương mại,standard,A00;A01;D01;D07,A00,observed,50.0,50000000.0,50000000.0,,,1,27.2,disputed,https://vietnamnet.vn/newsapi-edu/UniversityDetail/GetDetail?pageId=49ff289efde0446f9ae2f5c385595744&componentId=COMPONENT002302&keyword=NTH&year=2026&pageSize=25&pageIndex=1&typeOfTraining=0&subjectGroup=,True
NTH:NTKDH05,NTH,Trường Đại học Ngoại thương,Hà Nội,,NTKDH05,Kinh doanh quốc tế và Phân tích dữ liệu kinh doanh CTTT i-Hons,,cntt,Công nghệ thông tin - Máy tính - Dữ liệu - AI,international,A01;D01;D02;D03;D04;D06;D07,A01,observed,,88000000.0,88000000.0,per_year,"Học bằng tiếng Anh (thường cần trình độ tiếng Anh tốt, có thể yêu cầu IELTS/chứng chỉ khi nhập học) | Chương trình liên kết/quốc tế: học phí cao hơn chương trình chuẩn",1,28.5,single_source,https://diemthi.vnexpress.net/tra-cuu-dai-hoc/loadbenchmark/id/338/year/2026/sortby/1/block_name/-1,False
NTH:NTKDH06,NTH,Trường Đại học Ngoại thương,Hà Nội,,NTKDH06,Kinh doanh quốc tế,,kinh_te,Kinh tế - Kinh doanh - Quản trị - Marketing - Thương mại,international,A01;D01;D02;D03;D04;D06;D07,A01,observed,,50000000.0,54000000.0,per_year,"Học bằng tiếng Anh (thường cần trình độ tiếng Anh tốt, có thể yêu cầu IELTS/chứng chỉ khi nhập học) | Chương trình liên kết/quốc tế: học phí cao hơn chương trình chuẩn",1,27.75,single_source,https://diemthi.vnexpress.net/tra-cuu-dai-hoc/loadbenchmark/id/338/year/2026/sortby/1/block_name/-1,False
NTH:NTKDH07,NTH,Trường Đại học Ngoại thương,Hà Nội,,NTKDH07,Kinh doanh số toàn cầu CT ĐHNNQT,,kinh_te,Kinh tế - Kinh doanh - Quản trị - Marketing - Thương mại,standard,A01;D01;D02;D03;D04;D06;D07,A01,observed,,65000000.0,70000000.0,per_year,,1,26.9,single_source,https://diemthi.vnexpress.net/tra-cuu-dai-hoc/loadbenchmark/id/338/year/2026/sortby/1/block_name/-1,False
NTH:NTKDH08,NTH,Trường Đại học Ngoại thương,Hà Nội,,NTKDH08,Kinh doanh sáng tạo và Công nghiệp văn hóa CT ĐHNNQT,,ngon_ngu,Ngôn ngữ - Văn hóa - Quốc tế học,standard,A01;D01;D02;D03;D04;D06;D07,A01,observed,,50000000.0,54000000.0,per_year,,1,24.0,single_source,https://diemthi.vnexpress.net/tra-cuu-dai-hoc/loadbenchmark/id/338/year/2026/sortby/1/block_name/-1,False
NTH:NTKEH16,NTH,Trường Đại học Ngoại thương,Hà Nội,,NTKEH16,Kế toán - Kiểm toán,,tai_chinh,Tài chính - Ngân hàng - Kế toán - Kiểm toán - Bảo hiểm,standard,A01;D01;D02;D03;D04;D06;D07,A01,observed,,28000000.0,32000000.0,per_year,,1,26.1,single_source,https://diemthi.vnexpress.net/tra-cuu-dai-hoc/loadbenchmark/id/338/year/2026/sortby/1/block_name/-1,False
NTH:NTKTH01,NTH,Trường Đại học Ngoại thương,Hà Nội,,NTKTH01,Kinh tế đối ngoại CTTT,,kinh_te,Kinh tế - Kinh doanh - Quản trị - Marketing - Thương mại,standard,A01;D01;D02;D03;D04;D06;D07,A01,observed,,77000000.0,80000000.0,per_year,,1,28.7,single_source,https://diemthi.vnexpress.net/tra-cuu-dai-hoc/loadbenchmark/id/338/year/2026/sortby/1/block_name/-1,False
NTH:NTKTH02,NTH,Trường Đại học Ngoại thương,Hà Nội,,NTKTH02,Kinh tế đối ngoại,,kinh_te,Kinh tế - Kinh doanh - Quản trị - Marketing - Thương mại,standard,A01;D01;D02;D03;D04;D06;D07,A01,observed,,50000000.0,54000000.0,per_year,,1,27.75,single_source,https://diemthi.vnexpress.net/tra-cuu-dai-hoc/loadbenchmark/id/338/year/2026/sortby/1/block_name/-1,False
NTH:NTKTH03,NTH,Trường Đại học Ngoại thương,Hà Nội,,NTKTH03,Logistics toàn cầu và đổi mới chuỗi cung ứng CT ĐHNNQT,,du_lich,Du lịch - Khách sạn - Logistics - Hàng không - Dịch vụ,standard,A01;D01;D02;D03;D04;D06;D07,A01,observed,,50000000.0,54000000.0,per_year,,1,27.7,single_source,https://diemthi.vnexpress.net/tra-cuu-dai-hoc/loadbenchmark/id/338/year/2026/sortby/1/block_name/-1,False
NTH:NTKTH04,NTH,Trường Đại học Ngoại thương,Hà Nội,,NTKTH04,Kinh tế quốc tế,,kinh_te,Kinh tế - Kinh doanh - Quản trị - Marketing - Thương mại,international,A01;D01;D02;D03;D04;D06;D07,A01,observed,,50000000.0,54000000.0,per_year,"Học bằng tiếng Anh (thường cần trình độ tiếng Anh tốt, có thể yêu cầu IELTS/chứng chỉ khi nhập học) | Chương trình liên kết/quốc tế: học phí cao hơn chương trình chuẩn",1,27.0,single_source,https://diemthi.vnexpress.net/tra-cuu-dai-hoc/loadbenchmark/id/338/year/2026/sortby/1/block_name/-1,False
NTH:NTLSH17,NTH,Trường Đại học Ngoại thương,Hà Nội,,NTLSH17,Luật thương mại quốc tế,,luat,Luật,international,A01;D01;D02;D03;D04;D06;D07,A01,observed,,28000000.0,32000000.0,per_year,"Học bằng tiếng Anh (thường cần trình độ tiếng Anh tốt, có thể yêu cầu IELTS/chứng chỉ khi nhập học) | Chương trình liên kết/quốc tế: học phí cao hơn chương trình chuẩn",1,24.0,single_source,https://diemthi.vnexpress.net/tra-cuu-dai-hoc/loadbenchmark/id/338/year/2026/sortby/1/block_name/-1,False
NTH:NTQKH12,NTH,Trường Đại học Ngoại thương,Hà Nội,,NTQKH12,Kinh tế chính trị quốc tế CT ĐHPTQT,,xa_hoi,Khoa học xã hội - Tâm lý - Nhân văn - Chính trị - Hành chính,international,A01;D01;D02;D03;D04;D06;D07,A01,observed,,65000000.0,70000000.0,per_year,"Học bằng tiếng Anh (thường cần trình độ tiếng Anh tốt, có thể yêu cầu IELTS/chứng chỉ khi nhập học) | Chương trình liên kết/quốc tế: học phí cao hơn chương trình chuẩn",1,24.0,single_source,https://diemthi.vnexpress.net/tra-cuu-dai-hoc/loadbenchmark/id/338/year/2026/sortby/1/block_name/-1,False
NTH:NTQTH09,NTH,Trường Đại học Ngoại thương,Hà Nội,,NTQTH09,Quản trị Kinh doanh CTTT,,kinh_te,Kinh tế - Kinh doanh - Quản trị - Marketing - Thương mại,standard,A01;D01;D02;D03;D04;D06;D07,A01,observed,,77000000.0,80000000.0,per_year,,1,25.75,single_source,https://diemthi.vnexpress.net/tra-cuu-dai-hoc/loadbenchmark/id/338/year/2026/sortby/1/block_name/-1,False
NTH:NTQTH10,NTH,Trường Đại học Ngoại thương,Hà Nội,,NTQTH10,Quản trị Kinh doanh,,kinh_te,Kinh tế - Kinh doanh - Quản trị - Marketing - Thương mại,standard,A01;D01;D02;D03;D04;D06;D07,A01,observed,,50000000.0,54000000.0,per_year,,1,25.6,single_source,https://diemthi.vnexpress.net/tra-cuu-dai-hoc/loadbenchmark/id/338/year/2026/sortby/1/block_name/-1,False
NTH:NTSKE06,NTH,Trường Đại học Ngoại thương,Hà Nội,,NTSKE06,CT TC Kế toán - Kiểm toán,,tai_chinh,Tài chính - Ngân hàng - Kế toán - Kiểm toán - Bảo hiểm,standard,A00;A01;D01;D07,A00,observed,70.0,50000000.0,50000000.0,,,1,26.85,disputed,https://vietnamnet.vn/newsapi-edu/UniversityDetail/GetDetail?pageId=49ff289efde0446f9ae2f5c385595744&componentId=COMPONENT002302&keyword=NTH&year=2026&pageSize=25&pageIndex=1&typeOfTraining=0&subjectGroup=,True
NTH:NTSKT01,NTH,Trường Đại học Ngoại thương,Hà Nội,,NTSKT01,CT TC Kinh tế đối ngoại,,kinh_te,Kinh tế - Kinh doanh - Quản trị - Marketing - Thương mại,standard,A00;A01;D01;D06;D07,A00,observed,280.0,50000000.0,50000000.0,,,1,27.9,disputed,https://vietnamnet.vn/newsapi-edu/UniversityDetail/GetDetail?pageId=49ff289efde0446f9ae2f5c385595744&componentId=COMPONENT002302&keyword=NTH&year=2026&pageSize=25&pageIndex=0&typeOfTraining=0&subjectGroup=,True
NTH:NTSKT02,NTH,Trường Đại học Ngoại thương,Hà Nội,,NTSKT02,CT ĐHNNQT Logistics toàn cầu và đổi mới chuỗi cung ứng,,du_lich,Du lịch - Khách sạn - Logistics - Hàng không - Dịch vụ,standard,A00;A01;D01;D07,A00,observed,50.0,50000000.0,50000000.0,,,1,28.5,disputed,https://vietnamnet.vn/newsapi-edu/UniversityDetail/GetDetail?pageId=49ff289efde0446f9ae2f5c385595744&componentId=COMPONENT002302&keyword=NTH&year=2026&pageSize=25&pageIndex=0&typeOfTraining=0&subjectGroup=,True
NTH:NTSMT04,NTH,Trường Đại học Ngoại thương,Hà Nội,,NTSMT04,CT ĐHNNQT Truyền thông Marketing tích hợp,,bao_chi,Báo chí - Truyền thông - Quan hệ công chúng,standard,A00;A01;D01;D07,A00,observed,50.0,50000000.0,50000000.0,,,1,27.65,disputed,https://vietnamnet.vn/newsapi-edu/UniversityDetail/GetDetail?pageId=49ff289efde0446f9ae2f5c385595744&componentId=COMPONENT002302&keyword=NTH&year=2026&pageSize=25&pageIndex=0&typeOfTraining=0&subjectGroup=,True
NTH:NTSQT03,NTH,Trường Đại học Ngoại thương,Hà Nội,,NTSQT03,CT CLC Quản trị kinh doanh,,kinh_te,Kinh tế - Kinh doanh - Quản trị - Marketing - Thương mại,high_quality,A00,A00,observed,80.0,50000000.0,50000000.0,,,1,26.8,disputed,https://vietnamnet.vn/newsapi-edu/UniversityDetail/GetDetail?pageId=49ff289efde0446f9ae2f5c385595744&componentId=COMPONENT002302&keyword=NTH&year=2026&pageSize=25&pageIndex=1&typeOfTraining=0&subjectGroup=,True
NTH:NTSTC05,NTH,Trường Đại học Ngoại thương,Hà Nội,,NTSTC05,CT CLC Tài chính - Ngân hàng,,tai_chinh,Tài chính - Ngân hàng - Kế toán - Kiểm toán - Bảo hiểm,high_quality,A00,A00,observed,70.0,50000000.0,50000000.0,,,1,27.45,disputed,https://vietnamnet.vn/newsapi-edu/UniversityDetail/GetDetail?pageId=49ff289efde0446f9ae2f5c385595744&componentId=COMPONENT002302&keyword=NTH&year=2026&pageSize=25&pageIndex=0&typeOfTraining=0&subjectGroup=,True
NTH:NTTCH14,NTH,Trường Đại học Ngoại thương,Hà Nội,,NTTCH14,Tài chính - Ngân hàng CTTT,,tai_chinh,Tài chính - Ngân hàng - Kế toán - Kiểm toán - Bảo hiểm,standard,A01;D01;D02;D03;D04;D06;D07,A01,observed,,77000000.0,80000000.0,per_year,,1,27.7,single_source,https://diemthi.vnexpress.net/tra-cuu-dai-hoc/loadbenchmark/id/338/year/2026/sortby/1/block_name/-1,False
NTH:NTTCH15,NTH,Trường Đại học Ngoại thương,Hà Nội,,NTTCH15,Tài chính - Ngân hàng,,tai_chinh,Tài chính - Ngân hàng - Kế toán - Kiểm toán - Bảo hiểm,standard,A01;D01;D02;D03;D04;D06;D07,A01,observed,,50000000.0,54000000.0,per_year,,1,26.0,single_source,https://diemthi.vnexpress.net/tra-cuu-dai-hoc/loadbenchmark/id/338/year/2026/sortby/1/block_name/-1,False
NTH:NTTMH11,NTH,Trường Đại học Ngoại thương,Hà Nội,,NTTMH11,Marketing số CT ĐHNNQT,,kinh_te,Kinh tế - Kinh doanh - Quản trị - Marketing - Thương mại,standard,A01;D01;D02;D03;D04;D06;D07,A01,observed,,50000000.0,54000000.0,per_year,,1,26.2,single_source,https://diemthi.vnexpress.net/tra-cuu-dai-hoc/loadbenchmark/id/338/year/2026/sortby/1/block_name/-1,False
NTS:NTKES28,NTS,Trường Đại học Ngoại thương - Cơ sở phía Nam,TP. Hồ Chí Minh,,NTKES28,Kế toán - Kiểm toán,,tai_chinh,Tài chính - Ngân hàng - Kế toán - Kiểm toán - Bảo hiểm,standard,A01;D01;D02;D03;D04;D06;D07,A01,observed,,28000000.0,32000000.0,per_year,,1,25.85,single_source,https://diemthi.vnexpress.net/tra-cuu-dai-hoc/loadbenchmark/id/279/year/2026/sortby/1/block_name/-1,False
NTS:NTKTS23,NTS,Trường Đại học Ngoại thương - Cơ sở phía Nam,TP. Hồ Chí Minh,,NTKTS23,Kinh tế đối ngoại,,kinh_te,Kinh tế - Kinh doanh - Quản trị - Marketing - Thương mại,standard,A01;D01;D02;D03;D04;D06;D07,A01,observed,,50000000.0,54000000.0,per_year,,1,26.9,single_source,https://diemthi.vnexpress.net/tra-cuu-dai-hoc/loadbenchmark/id/279/year/2026/sortby/1/block_name/-1,False
NTS:NTKTS24,NTS,Trường Đại học Ngoại thương - Cơ sở phía Nam,TP. Hồ Chí Minh,,NTKTS24,Logistics toàn cầu và đổi mới chuỗi cung ứng CT ĐHNNQT,,du_lich,Du lịch - Khách sạn - Logistics - Hàng không - Dịch vụ,standard,A01;D01;D02;D03;D04;D06;D07,A01,observed,,50000000.0,54000000.0,per_year,,1,27.5,single_source,https://diemthi.vnexpress.net/tra-cuu-dai-hoc/loadbenchmark/id/279/year/2026/sortby/1/block_name/-1,False
NTS:NTMTS26,NTS,Trường Đại học Ngoại thương - Cơ sở phía Nam,TP. Hồ Chí Minh,,NTMTS26,Truyền thông Marketing tích hợp CT ĐHNNQT,,bao_chi,Báo chí - Truyền thông - Quan hệ công chúng,standard,A01;D01;D02;D03;D04;D06;D07,A01,observed,,65000000.0,70000000.0,per_year,,1,26.65,single_source,https://diemthi.vnexpress.net/tra-cuu-dai-hoc/loadbenchmark/id/279/year/2026/sortby/1/block_name/-1,False
NTS:NTQTS25,NTS,Trường Đại học Ngoại thương - Cơ sở phía Nam,TP. Hồ Chí Minh,,NTQTS25,Quản trị kinh doanh,,kinh_te,Kinh tế - Kinh doanh - Quản trị - Marketing - Thương mại,standard,A01;D01;D02;D03;D04;D06;D07,A01,observed,,50000000.0,54000000.0,per_year,,1,25.8,single_source,https://diemthi.vnexpress.net/tra-cuu-dai-hoc/loadbenchmark/id/279/year/2026/sortby/1/block_name/-1,False
NTS:NTTCS27,NTS,Trường Đại học Ngoại thương - Cơ sở phía Nam,TP. Hồ Chí Minh,,NTTCS27,Tài chính - Ngân hàng,,tai_chinh,Tài chính - Ngân hàng - Kế toán - Kiểm toán - Bảo hiểm,standard,A01;D01;D02;D03;D04;D06;D07,A01,observed,,50000000.0,54000000.0,per_year,,1,26.45,single_source,https://diemthi.vnexpress.net/tra-cuu-dai-hoc/loadbenchmark/id/279/year/2026/sortby/1/block_name/-1,False
QHE:7310101,QHE,Trường Đại học Kinh tế - Đại học Quốc gia Hà Nội,Hà Nội,,7310101,Kinh tế,7310101,kinh_te,Kinh tế - Kinh doanh - Quản trị - Marketing - Thương mại,standard,D01;A01;D09;D10;C01;C03;C04;X01;D08,D01,observed,5.0,48000000.0,48000000.0,per_year,,2,24.44,confirmed_2_sources,https://diemthi.vnexpress.net/tra-cuu-dai-hoc/loadbenchmark/id/413/year/2026/sortby/1/block_name/-1,False
QHE:7310105,QHE,Trường Đại học Kinh tế - Đại học Quốc gia Hà Nội,Hà Nội,,7310105,Kinh tế phát triển,7310105,kinh_te,Kinh tế - Kinh doanh - Quản trị - Marketing - Thương mại,standard,D01;A01;D09;D10;C01;C03;C04;X01;D08,D01,observed,5.0,48000000.0,48000000.0,per_year,,2,24.2,confirmed_2_sources,https://diemthi.vnexpress.net/tra-cuu-dai-hoc/loadbenchmark/id/413/year/2026/sortby/1/block_name/-1,False
QHE:7310106,QHE,Trường Đại học Kinh tế - Đại học Quốc gia Hà Nội,Hà Nội,,7310106,Kinh tế quốc tế,7310106,kinh_te,Kinh tế - Kinh doanh - Quản trị - Marketing - Thương mại,international,D01;A01;D09;D10;C01;C03;C04;X01;D08,D01,observed,5.0,48000000.0,48000000.0,per_year,"Học bằng tiếng Anh (thường cần trình độ tiếng Anh tốt, có thể yêu cầu IELTS/chứng chỉ khi nhập học) | Chương trình liên kết/quốc tế: học phí cao hơn chương trình chuẩn",2,25.17,confirmed_2_sources,https://diemthi.vnexpress.net/tra-cuu-dai-hoc/loadbenchmark/id/413/year/2026/sortby/1/block_name/-1,False
QHE:734010101,QHE,Trường Đại học Kinh tế - Đại học Quốc gia Hà Nội,Hà Nội,,734010101,Quản trị kinh doanh,,kinh_te,Kinh tế - Kinh doanh - Quản trị - Marketing - Thương mại,standard,A01;C01;C03;C04;D01;D08;D09;D10;X01,A01,observed,,48000000.0,48000000.0,per_year,,2,24.4,single_source,https://diemthi.vnexpress.net/tra-cuu-dai-hoc/loadbenchmark/id/413/year/2026/sortby/1/block_name/-1,False
QHE:7340201,QHE,Trường Đại học Kinh tế - Đại học Quốc gia Hà Nội,Hà Nội,,7340201,Tài chính – Ngân hàng,7340201,tai_chinh,Tài chính - Ngân hàng - Kế toán - Kiểm toán - Bảo hiểm,standard,D01;A01;D09;D10;C01;C03;C04;X01;D08,D01,observed,5.0,48000000.0,48000000.0,per_year,,2,24.4,confirmed_2_sources,https://diemthi.vnexpress.net/tra-cuu-dai-hoc/loadbenchmark/id/413/year/2026/sortby/1/block_name/-1,False
QHE:7340301,QHE,Trường Đại học Kinh tế - Đại học Quốc gia Hà Nội,Hà Nội,,7340301,Kế toán,7340301,tai_chinh,Tài chính - Ngân hàng - Kế toán - Kiểm toán - Bảo hiểm,standard,D01;A01;D09;D10;C01;C03;C04;X01;D08,D01,observed,5.0,48000000.0,48000000.0,per_year,,2,24.54,confirmed_2_sources,https://diemthi.vnexpress.net/tra-cuu-dai-hoc/loadbenchmark/id/413/year/2026/sortby/1/block_name/-1,False
QHF:7140231,QHF,Trường Đại học Ngoại ngữ - Đại học Quốc gia Hà Nội,Hà Nội,,7140231,Sư phạm Tiếng Anh,7140231,su_pham,Sư phạm - Giáo dục,standard,A01;D01;D07;D08;D14;D15,A01,observed,150.0,38000000.0,38000000.0,,"Học bằng tiếng Anh (thường cần trình độ tiếng Anh tốt, có thể yêu cầu IELTS/chứng chỉ khi nhập học) | Sư phạm: không nhận thí sinh bị dị hình, dị tật, nói ngọng, nói lắp; điểm sàn của Bộ",2,28.12,confirmed_2_sources,https://diemthi.vnexpress.net/tra-cuu-dai-hoc/loadbenchmark/id/414/year/2026/sortby/1/block_name/-1,True
QHF:7140234,QHF,Trường Đại học Ngoại ngữ - Đại học Quốc gia Hà Nội,Hà Nội,,7140234,Sư phạm Tiếng Trung Quốc,7140234,su_pham,Sư phạm - Giáo dục,standard,A01;D01;D07;D08;D14;D15;D04;D45;D65;D25;D30;D35,A01,observed,25.0,38000000.0,38000000.0,,"Sư phạm: không nhận thí sinh bị dị hình, dị tật, nói ngọng, nói lắp; điểm sàn của Bộ",2,28.11,confirmed_2_sources,https://diemthi.vnexpress.net/tra-cuu-dai-hoc/loadbenchmark/id/414/year/2026/sortby/1/block_name/-1,True
QHF:7140235,QHF,Trường Đại học Ngoại ngữ - Đại học Quốc gia Hà Nội,Hà Nội,,7140235,Sư phạm Tiếng Đức,7140235,su_pham,Sư phạm - Giáo dục,standard,A01;D01;D07;D08;D14;D15;D05;D41;D61,A01,observed,25.0,38000000.0,38000000.0,,"Sư phạm: không nhận thí sinh bị dị hình, dị tật, nói ngọng, nói lắp; điểm sàn của Bộ",1,26.1,confirmed_2_sources,https://diemthi.vnexpress.net/tra-cuu-dai-hoc/loadbenchmark/id/414/year/2026/sortby/1/block_name/-1,True
QHF:7140236,QHF,Trường Đại học Ngoại ngữ - Đại học Quốc gia Hà Nội,Hà Nội,,7140236,Sư phạm tiếng Nhật,7140236,su_pham,Sư phạm - Giáo dục,standard,A01;D01;D07;D08;D14;D15;D06;D43;D63;D23;D28;D33,A01,observed,25.0,38000000.0,38000000.0,,"Sư phạm: không nhận thí sinh bị dị hình, dị tật, nói ngọng, nói lắp; điểm sàn của Bộ",2,27.1,confirmed_2_sources,https://diemthi.vnexpress.net/tra-cuu-dai-hoc/loadbenchmark/id/414/year/2026/sortby/1/block_name/-1,True
QHF:7140237,QHF,Trường Đại học Ngoại ngữ - Đại học Quốc gia Hà Nội,Hà Nội,,7140237,Sư phạm tiếng Hàn Quốc,7140237,su_pham,Sư phạm - Giáo dục,standard,A01;D01;D07;D08;D14;D15;D06,A01,observed,25.0,38000000.0,38000000.0,,"Sư phạm: không nhận thí sinh bị dị hình, dị tật, nói ngọng, nói lắp; điểm sàn của Bộ",2,27.6,confirmed_2_sources,https://diemthi.vnexpress.net/tra-cuu-dai-hoc/loadbenchmark/id/414/year/2026/sortby/1/block_name/-1,True
QHF:7220101,QHF,Trường Đại học Ngoại ngữ - Đại học Quốc gia Hà Nội,Hà Nội,,7220101,Tiếng Việt và Văn hóa Việt Nam,7220101,ngon_ngu,Ngôn ngữ - Văn hóa - Quốc tế học,standard,A01;D01;D07;D08;D14;D15,A01,observed,50.0,38000000.0,38000000.0,,,2,22.26,confirmed_2_sources,https://diemthi.vnexpress.net/tra-cuu-dai-hoc/loadbenchmark/id/414/year/2026/sortby/1/block_name/-1,True
QHF:7220201,QHF,Trường Đại học Ngoại ngữ - Đại học Quốc gia Hà Nội,Hà Nội,,7220201,Ngôn ngữ Anh,7220201,ngon_ngu,Ngôn ngữ - Văn hóa - Quốc tế học,standard,A01;D01;D07;D08;D14;D15,A01,observed,770.0,38000000.0,38000000.0,per_year,,2,25.92,confirmed_2_sources,https://diemthi.vnexpress.net/tra-cuu-dai-hoc/loadbenchmark/id/414/year/2026/sortby/1/block_name/-1,False
QHF:7220202,QHF,Trường Đại học Ngoại ngữ - Đại học Quốc gia Hà Nội,Hà Nội,,7220202,Ngôn ngữ Nga,7220202,ngon_ngu,Ngôn ngữ - Văn hóa - Quốc tế học,standard,A01;D01;D07;D08;D14;D15;D02;D42;D62;D22;D27;D32,A01,observed,70.0,21000000.0,21000000.0,per_year,,2,22.15,confirmed_2_sources,https://diemthi.vnexpress.net/tra-cuu-dai-hoc/loadbenchmark/id/414/year/2026/sortby/1/block_name/-1,False
QHF:7220203,QHF,Trường Đại học Ngoại ngữ - Đại học Quốc gia Hà Nội,Hà Nội,,7220203,Ngôn ngữ Pháp,7220203,ngon_ngu,Ngôn ngữ - Văn hóa - Quốc tế học,standard,A01;D01;D07;D08;D14;D15;D03;D44;D64;D24;D29;D34,A01,observed,150.0,38000000.0,38000000.0,per_year,,2,21.45,confirmed_2_sources,https://diemthi.vnexpress.net/tra-cuu-dai-hoc/loadbenchmark/id/414/year/2026/sortby/1/block_name/-1,False
QHF:7220204,QHF,Trường Đại học Ngoại ngữ - Đại học Quốc gia Hà Nội,Hà Nội,,7220204,Ngôn ngữ Trung Quốc,7220204,ngon_ngu,Ngôn ngữ - Văn hóa - Quốc tế học,standard,A01;D01;D07;D08;D14;D15;D04;D45;D65;D25;D30;D35,A01,observed,300.0,38000000.0,38000000.0,per_year,,2,25.65,confirmed_2_sources,https://diemthi.vnexpress.net/tra-cuu-dai-hoc/loadbenchmark/id/414/year/2026/sortby/1/block_name/-1,False
QHF:7220205,QHF,Trường Đại học Ngoại ngữ - Đại học Quốc gia Hà Nội,Hà Nội,,7220205,Ngôn ngữ Đức,7220205,ngon_ngu,Ngôn ngữ - Văn hóa - Quốc tế học,standard,A01;D01;D07;D08;D14;D15;D05;D41;D61;D21;D26;D31,A01,observed,120.0,38000000.0,38000000.0,per_year,,2,22.8,confirmed_2_sources,https://diemthi.vnexpress.net/tra-cuu-dai-hoc/loadbenchmark/id/414/year/2026/sortby/1/block_name/-1,False
QHF:7220209,QHF,Trường Đại học Ngoại ngữ - Đại học Quốc gia Hà Nội,Hà Nội,,7220209,Ngôn ngữ Nhật,7220209,ngon_ngu,Ngôn ngữ - Văn hóa - Quốc tế học,standard,A01;D01;D07;D08;D14;D15;D06;D43;D63;D23;D28;D33,A01,observed,300.0,38000000.0,38000000.0,per_year,,2,23.0,confirmed_2_sources,https://diemthi.vnexpress.net/tra-cuu-dai-hoc/loadbenchmark/id/414/year/2026/sortby/1/block_name/-1,False
QHF:7220210,QHF,Trường Đại học Ngoại ngữ - Đại học Quốc gia Hà Nội,Hà Nội,,7220210,Ngôn ngữ Hàn Quốc,7220210,ngon_ngu,Ngôn ngữ - Văn hóa - Quốc tế học,standard,A01;D01;D07;D08;D14;D15,A01,observed,280.0,38000000.0,38000000.0,per_year,,2,24.3,confirmed_2_sources,https://diemthi.vnexpress.net/tra-cuu-dai-hoc/loadbenchmark/id/414/year/2026/sortby/1/block_name/-1,False
QHF:7220211,QHF,Trường Đại học Ngoại ngữ - Đại học Quốc gia Hà Nội,Hà Nội,,7220211,Ngôn ngữ Ả Rập,7220211,ngon_ngu,Ngôn ngữ - Văn hóa - Quốc tế học,standard,A01;D01;D07;D08;D14;D15,A01,observed,60.0,21000000.0,21000000.0,per_year,,2,21.05,confirmed_2_sources,https://diemthi.vnexpress.net/tra-cuu-dai-hoc/loadbenchmark/id/414/year/2026/sortby/1/block_name/-1,False
QHF:7310403,QHF,Trường Đại học Ngoại ngữ - Đại học Quốc gia Hà Nội,Hà Nội,,7310403,Tâm lý học giáo dục,7310403,su_pham,Sư phạm - Giáo dục,standard,D15;D14;D07;D01;D08;A01;D09;D10;D11;D12;D13,D07,observed,50.0,38000000.0,38000000.0,,"Sư phạm: không nhận thí sinh bị dị hình, dị tật, nói ngọng, nói lắp; điểm sàn của Bộ",1,22.05,confirmed_2_sources,https://diemthi.vnexpress.net/tra-cuu-dai-hoc/loadbenchmark/id/414/year/2026/sortby/1/block_name/-1,True
QHF:7320107,QHF,Trường Đại học Ngoại ngữ - Đại học Quốc gia Hà Nội,Hà Nội,,7320107,Truyền thông quốc tế,7320107,bao_chi,Báo chí - Truyền thông - Quan hệ công chúng,international,A01;D01;D07;D08;D14;D15,A01,observed,50.0,38000000.0,38000000.0,,"Học bằng tiếng Anh (thường cần trình độ tiếng Anh tốt, có thể yêu cầu IELTS/chứng chỉ khi nhập học) | Chương trình liên kết/quốc tế: học phí cao hơn chương trình chuẩn",1,24.49,confirmed_2_sources,https://diemthi.vnexpress.net/tra-cuu-dai-hoc/loadbenchmark/id/414/year/2026/sortby/1/block_name/-1,True
QHI:CN1,QHI,Trường Đại học Công nghệ - Đại học Quốc gia Hà Nội,Hà Nội,,CN1,Công nghệ Thông tin,,cntt,Công nghệ thông tin - Máy tính - Dữ liệu - AI,standard,A00;A01;X06;D01;X26,A00,observed,460.0,44000000.0,44000000.0,per_year,,4,25.0,confirmed_2_sources,https://diemthi.vnexpress.net/tra-cuu-dai-hoc/loadbenchmark/id/415/year/2026/sortby/1/block_name/-1,False
QHI:CN10,QHI,Trường Đại học Công nghệ - Đại học Quốc gia Hà Nội,Hà Nội,,CN10,Công nghệ nông nghiệp*,,nong_lam_mt,Nông - Lâm - Thủy sản - Môi trường - Tài nguyên,standard,A00;A01;A02;X06;B00;D01;X26,A00,observed,60.0,44000000.0,44000000.0,per_year,,4,22.0,confirmed_2_sources,https://diemthi.vnexpress.net/tra-cuu-dai-hoc/loadbenchmark/id/415/year/2026/sortby/1/block_name/-1,False
QHI:CN11,QHI,Trường Đại học Công nghệ - Đại học Quốc gia Hà Nội,Hà Nội,,CN11,Kỹ thuật điều khiển và tự động hóa,,ky_thuat,"Kỹ thuật - Công nghệ (cơ khí, điện, điện tử, ô tô, tự động hóa, vật liệu)",standard,A00;A01;X06;D01;X26,A00,observed,140.0,44000000.0,44000000.0,per_year,,4,27.78,confirmed_2_sources,https://diemthi.vnexpress.net/tra-cuu-dai-hoc/loadbenchmark/id/415/year/2026/sortby/1/block_name/-1,False
QHI:CN12,QHI,Trường Đại học Công nghệ - Đại học Quốc gia Hà Nội,Hà Nội,,CN12,Trí tuệ nhân tạo,,cntt,Công nghệ thông tin - Máy tính - Dữ liệu - AI,standard,A00;A01;X06;D01;X26,A00,observed,320.0,38000000.0,38000000.0,per_year,,4,26.26,confirmed_2_sources,https://diemthi.vnexpress.net/tra-cuu-dai-hoc/loadbenchmark/id/415/year/2026/sortby/1/block_name/-1,False
QHI:CN13,QHI,Trường Đại học Công nghệ - Đại học Quốc gia Hà Nội,Hà Nội,,CN13,Kỹ thuật năng lượng,,ky_thuat,"Kỹ thuật - Công nghệ (cơ khí, điện, điện tử, ô tô, tự động hóa, vật liệu)",standard,A00;A01;X06;D01;X26,A00,observed,60.0,44000000.0,44000000.0,per_year,,4,25.25,confirmed_2_sources,https://diemthi.vnexpress.net/tra-cuu-dai-hoc/loadbenchmark/id/415/year/2026/sortby/1/block_name/-1,False
QHI:CN14,QHI,Trường Đại học Công nghệ - Đại học Quốc gia Hà Nội,Hà Nội,,CN14,Hệ thống thông tin,,cntt,Công nghệ thông tin - Máy tính - Dữ liệu - AI,standard,A00;A01;X06;D01;X26,A00,observed,240.0,44000000.0,44000000.0,per_year,,4,25.85,confirmed_2_sources,https://diemthi.vnexpress.net/tra-cuu-dai-hoc/loadbenchmark/id/415/year/2026/sortby/1/block_name/-1,False
QHI:CN15,QHI,Trường Đại học Công nghệ - Đại học Quốc gia Hà Nội,Hà Nội,,CN15,Mạng máy tính và truyền thông dữ liệu,,bao_chi,Báo chí - Truyền thông - Quan hệ công chúng,standard,A00;A01;X06;D01;X26,A00,observed,120.0,44000000.0,44000000.0,per_year,,4,26.0,confirmed_2_sources,https://diemthi.vnexpress.net/tra-cuu-dai-hoc/loadbenchmark/id/415/year/2026/sortby/1/block_name/-1,False
QHI:CN17,QHI,Trường Đại học Công nghệ - Đại học Quốc gia Hà Nội,Hà Nội,,CN17,Kỹ thuật Robot,,cntt,Công nghệ thông tin - Máy tính - Dữ liệu - AI,standard,A00;A01;X06;D01;X26,A00,observed,140.0,44000000.0,44000000.0,per_year,,4,26.05,confirmed_2_sources,https://diemthi.vnexpress.net/tra-cuu-dai-hoc/loadbenchmark/id/415/year/2026/sortby/1/block_name/-1,False
QHI:CN18,QHI,Trường Đại học Công nghệ - Đại học Quốc gia Hà Nội,Hà Nội,,CN18,Thiết kế công nghiệp và đồ họa,,thiet_ke,Thiết kế - Nghệ thuật - Sáng tạo số,standard,A00;A01;X06;D01;X26,A00,observed,240.0,38000000.0,38000000.0,per_year,,3,23.0,confirmed_2_sources,https://diemthi.vnexpress.net/tra-cuu-dai-hoc/loadbenchmark/id/415/year/2026/sortby/1/block_name/-1,False
QHI:CN19,QHI,Trường Đại học Công nghệ - Đại học Quốc gia Hà Nội,Hà Nội,,CN19,Công nghệ vật liệu và vi điện tử,,khoa_hoc_tn,Khoa học tự nhiên - Toán - Vật lý - Thống kê,standard,A00;A01;X06;D01;X26,A00,observed,120.0,38000000.0,38000000.0,per_year,,2,25.67,confirmed_2_sources,https://diemthi.vnexpress.net/tra-cuu-dai-hoc/loadbenchmark/id/415/year/2026/sortby/1/block_name/-1,False
QHI:CN2,QHI,Trường Đại học Công nghệ - Đại học Quốc gia Hà Nội,Hà Nội,,CN2,Máy tính và Robot,,cntt,Công nghệ thông tin - Máy tính - Dữ liệu - AI,standard,A00;A01;X06;D01;X26,A00,observed,400.0,44000000.0,44000000.0,per_year,,4,26.63,confirmed_2_sources,https://diemthi.vnexpress.net/tra-cuu-dai-hoc/loadbenchmark/id/415/year/2026/sortby/1/block_name/-1,False
QHI:CN20,QHI,Trường Đại học Công nghệ - Đại học Quốc gia Hà Nội,Hà Nội,,CN20,Khoa học và kỹ thuật dữ liệu,,cntt,Công nghệ thông tin - Máy tính - Dữ liệu - AI,standard,A00;A01;X06;D01;X26,A00,observed,120.0,38000000.0,38000000.0,per_year,,2,26.85,confirmed_2_sources,https://diemthi.vnexpress.net/tra-cuu-dai-hoc/loadbenchmark/id/415/year/2026/sortby/1/block_name/-1,False
QHI:CN21,QHI,Trường Đại học Công nghệ - Đại học Quốc gia Hà Nội,Hà Nội,,CN21,Công nghệ kỹ thuật sinh học,,sinh_hoa,Sinh học - Hóa học - Công nghệ sinh học - Thực phẩm,standard,A00;A01;A02;X06;B00;D01;X26,A00,observed,60.0,38000000.0,38000000.0,per_year,,2,22.48,confirmed_2_sources,https://diemthi.vnexpress.net/tra-cuu-dai-hoc/loadbenchmark/id/415/year/2026/sortby/1/block_name/-1,False
QHI:CN3,QHI,Trường Đại học Công nghệ - Đại học Quốc gia Hà Nội,Hà Nội,,CN3,Vật lý kỹ thuật,,khoa_hoc_tn,Khoa học tự nhiên - Toán - Vật lý - Thống kê,standard,A00;A01;X06;D01;X26,A00,observed,160.0,44000000.0,44000000.0,per_year,,4,25.41,disputed,https://diemthi.vnexpress.net/tra-cuu-dai-hoc/loadbenchmark/id/415/year/2026/sortby/1/block_name/-1,False
QHI:CN4,QHI,Trường Đại học Công nghệ - Đại học Quốc gia Hà Nội,Hà Nội,,CN4,Cơ kỹ thuật,,ky_thuat,"Kỹ thuật - Công nghệ (cơ khí, điện, điện tử, ô tô, tự động hóa, vật liệu)",standard,A00;A01;X06;D01;X26,A00,observed,60.0,44000000.0,44000000.0,per_year,,4,26.13,disputed,https://diemthi.vnexpress.net/tra-cuu-dai-hoc/loadbenchmark/id/415/year/2026/sortby/1/block_name/-1,False
QHI:CN5,QHI,Trường Đại học Công nghệ - Đại học Quốc gia Hà Nội,Hà Nội,,CN5,Công nghệ kỹ thuật xây dựng,,xay_dung,Kiến trúc - Xây dựng - Giao thông - Quy hoạch,standard,A00;A01;X06;D01;X26,A00,observed,160.0,44000000.0,44000000.0,per_year,,4,22.51,confirmed_2_sources,https://diemthi.vnexpress.net/tra-cuu-dai-hoc/loadbenchmark/id/415/year/2026/sortby/1/block_name/-1,False
QHI:CN6,QHI,Trường Đại học Công nghệ - Đại học Quốc gia Hà Nội,Hà Nội,,CN6,Công nghệ kỹ thuật cơ điện tử,,ky_thuat,"Kỹ thuật - Công nghệ (cơ khí, điện, điện tử, ô tô, tự động hóa, vật liệu)",standard,A00;A01;X06;D01;X26,A00,observed,160.0,44000000.0,44000000.0,per_year,,4,26.86,confirmed_2_sources,https://diemthi.vnexpress.net/tra-cuu-dai-hoc/loadbenchmark/id/415/year/2026/sortby/1/block_name/-1,False
QHI:CN7,QHI,Trường Đại học Công nghệ - Đại học Quốc gia Hà Nội,Hà Nội,,CN7,Công nghệ Hàng không vũ trụ,,du_lich,Du lịch - Khách sạn - Logistics - Hàng không - Dịch vụ,standard,A00;A01;X06;D01;X26,A00,observed,120.0,44000000.0,44000000.0,per_year,,4,24.49,confirmed_2_sources,https://diemthi.vnexpress.net/tra-cuu-dai-hoc/loadbenchmark/id/415/year/2026/sortby/1/block_name/-1,False
QHI:CN8,QHI,Trường Đại học Công nghệ - Đại học Quốc gia Hà Nội,Hà Nội,,CN8,Khoa học máy tính,,cntt,Công nghệ thông tin - Máy tính - Dữ liệu - AI,standard,A00;A01;X06;D01;X26,A00,observed,400.0,44000000.0,44000000.0,per_year,,4,26.86,confirmed_2_sources,https://diemthi.vnexpress.net/tra-cuu-dai-hoc/loadbenchmark/id/415/year/2026/sortby/1/block_name/-1,False
QHI:CN9,QHI,Trường Đại học Công nghệ - Đại học Quốc gia Hà Nội,Hà Nội,,CN9,Công nghệ kỹ thuật điện tử - viễn thông,,ky_thuat,"Kỹ thuật - Công nghệ (cơ khí, điện, điện tử, ô tô, tự động hóa, vật liệu)",standard,A00;A01;X06;D01;X26,A00,observed,480.0,44000000.0,44000000.0,per_year,,4,25.67,disputed,https://diemthi.vnexpress.net/tra-cuu-dai-hoc/loadbenchmark/id/415/year/2026/sortby/1/block_name/-1,False
QHS:QHS01,QHS,Trường Đại học Giáo dục - Đại học Quốc gia Hà Nội,Hà Nội,,QHS01,Sư phạm Toán học,,su_pham,Sư phạm - Giáo dục,standard,A00;A01;B00;B03;C01;C02;D01,A00,observed,120.0,14100000.0,14100000.0,per_year,"Sư phạm: không nhận thí sinh bị dị hình, dị tật, nói ngọng, nói lắp; điểm sàn của Bộ",2,27.55,confirmed_2_sources,https://diemthi.vnexpress.net/tra-cuu-dai-hoc/loadbenchmark/id/418/year/2026/sortby/1/block_name/-1,False
QHS:QHS02,QHS,Trường Đại học Giáo dục - Đại học Quốc gia Hà Nội,Hà Nội,,QHS02,Sư phạm Vật lí,,su_pham,Sư phạm - Giáo dục,standard,A00;A01;A02;C01,A00,observed,32.0,14100000.0,14100000.0,per_year,"Sư phạm: không nhận thí sinh bị dị hình, dị tật, nói ngọng, nói lắp; điểm sàn của Bộ",2,26.72,confirmed_2_sources,https://diemthi.vnexpress.net/tra-cuu-dai-hoc/loadbenchmark/id/418/year/2026/sortby/1/block_name/-1,False
QHS:QHS03,QHS,Trường Đại học Giáo dục - Đại học Quốc gia Hà Nội,Hà Nội,,QHS03,Sư phạm Hoá học,,su_pham,Sư phạm - Giáo dục,standard,A00;B00;C02;D07,A00,observed,36.0,14100000.0,14100000.0,per_year,"Sư phạm: không nhận thí sinh bị dị hình, dị tật, nói ngọng, nói lắp; điểm sàn của Bộ",2,27.16,confirmed_2_sources,https://diemthi.vnexpress.net/tra-cuu-dai-hoc/loadbenchmark/id/418/year/2026/sortby/1/block_name/-1,False
QHS:QHS04,QHS,Trường Đại học Giáo dục - Đại học Quốc gia Hà Nội,Hà Nội,,QHS04,Sư phạm Sinh học,,su_pham,Sư phạm - Giáo dục,standard,A02;B00;B03;B08,A02,observed,50.0,14100000.0,14100000.0,per_year,"Sư phạm: không nhận thí sinh bị dị hình, dị tật, nói ngọng, nói lắp; điểm sàn của Bộ",2,25.55,confirmed_2_sources,https://diemthi.vnexpress.net/tra-cuu-dai-hoc/loadbenchmark/id/418/year/2026/sortby/1/block_name/-1,False
QHS:QHS05,QHS,Trường Đại học Giáo dục - Đại học Quốc gia Hà Nội,Hà Nội,,QHS05,Sư phạm Khoa học Tự nhiên,,su_pham,Sư phạm - Giáo dục,standard,A00;A02;B00,A00,observed,100.0,14100000.0,14100000.0,per_year,"Sư phạm: không nhận thí sinh bị dị hình, dị tật, nói ngọng, nói lắp; điểm sàn của Bộ",2,25.55,confirmed_2_sources,https://diemthi.vnexpress.net/tra-cuu-dai-hoc/loadbenchmark/id/418/year/2026/sortby/1/block_name/-1,False
QHS:QHS06,QHS,Trường Đại học Giáo dục - Đại học Quốc gia Hà Nội,Hà Nội,,QHS06,Sư phạm Ngữ văn,,su_pham,Sư phạm - Giáo dục,standard,C00;C03;C04;D01;D14;D15,C00,observed,150.0,14100000.0,14100000.0,per_year,"Sư phạm: không nhận thí sinh bị dị hình, dị tật, nói ngọng, nói lắp; điểm sàn của Bộ",2,27.19,confirmed_2_sources,https://diemthi.vnexpress.net/tra-cuu-dai-hoc/loadbenchmark/id/418/year/2026/sortby/1/block_name/-1,False
QHS:QHS07,QHS,Trường Đại học Giáo dục - Đại học Quốc gia Hà Nội,Hà Nội,,QHS07,Sư phạm Lịch sử,,su_pham,Sư phạm - Giáo dục,standard,A07;C00;C03;D09;D14,C00,observed,45.0,14100000.0,14100000.0,per_year,"Sư phạm: không nhận thí sinh bị dị hình, dị tật, nói ngọng, nói lắp; điểm sàn của Bộ",2,27.18,confirmed_2_sources,https://diemthi.vnexpress.net/tra-cuu-dai-hoc/loadbenchmark/id/418/year/2026/sortby/1/block_name/-1,False
QHS:QHS08,QHS,Trường Đại học Giáo dục - Đại học Quốc gia Hà Nội,Hà Nội,,QHS08,Sư phạm Lịch sử - Địa lý,,su_pham,Sư phạm - Giáo dục,standard,A07;C00,C00,observed,85.0,14100000.0,14100000.0,per_year,"Sư phạm: không nhận thí sinh bị dị hình, dị tật, nói ngọng, nói lắp; điểm sàn của Bộ",2,25.28,confirmed_2_sources,https://diemthi.vnexpress.net/tra-cuu-dai-hoc/loadbenchmark/id/418/year/2026/sortby/1/block_name/-1,False
QHS:QHS09,QHS,Trường Đại học Giáo dục - Đại học Quốc gia Hà Nội,Hà Nội,,QHS09,Giáo dục Mầm non,,su_pham,Sư phạm - Giáo dục,standard,A00;B00;C00;C01;C02;C03;C04;D01;D04,A00,observed,150.0,14100000.0,14100000.0,per_year,"Sư phạm: không nhận thí sinh bị dị hình, dị tật, nói ngọng, nói lắp; điểm sàn của Bộ",2,25.85,confirmed_2_sources,https://diemthi.vnexpress.net/tra-cuu-dai-hoc/loadbenchmark/id/418/year/2026/sortby/1/block_name/-1,False
QHS:QHS10,QHS,Trường Đại học Giáo dục - Đại học Quốc gia Hà Nội,Hà Nội,,QHS10,Giáo dục Tiểu học,,su_pham,Sư phạm - Giáo dục,standard,A00;B00;C00;C01;C02;C03;C04;D01;D04,A00,observed,150.0,14100000.0,14100000.0,per_year,"Sư phạm: không nhận thí sinh bị dị hình, dị tật, nói ngọng, nói lắp; điểm sàn của Bộ",2,27.18,confirmed_2_sources,https://diemthi.vnexpress.net/tra-cuu-dai-hoc/loadbenchmark/id/418/year/2026/sortby/1/block_name/-1,False
QHS:QHS11,QHS,Trường Đại học Giáo dục - Đại học Quốc gia Hà Nội,Hà Nội,,QHS11,Khoa học giáo dục,,su_pham,Sư phạm - Giáo dục,standard,A00;A01;B00;C00;C01;C02;C03;C04;D01;D04,A00,observed,550.0,14100000.0,14100000.0,per_year,"Sư phạm: không nhận thí sinh bị dị hình, dị tật, nói ngọng, nói lắp; điểm sàn của Bộ",2,18.5,disputed,https://diemthi.vnexpress.net/tra-cuu-dai-hoc/loadbenchmark/id/418/year/2026/sortby/1/block_name/-1,False
QHS:QHS12,QHS,Trường Đại học Giáo dục - Đại học Quốc gia Hà Nội,Hà Nội,,QHS12,"Tâm lý học, Tâm lý học giáo dục",,su_pham,Sư phạm - Giáo dục,standard,A00;A01;B00;C00;C01;C02;C03;C04;D01;D04,A00,observed,400.0,14100000.0,14100000.0,,"Sư phạm: không nhận thí sinh bị dị hình, dị tật, nói ngọng, nói lắp; điểm sàn của Bộ",1,22.25,confirmed_2_sources,https://diemthi.vnexpress.net/tra-cuu-dai-hoc/loadbenchmark/id/418/year/2026/sortby/1/block_name/-1,True
QHT:QHT01,QHT,Trường Đại học Khoa học Tự nhiên - Đại học Quốc gia Hà Nội,Hà Nội,,QHT01,Toán học,,khoa_hoc_tn,Khoa học tự nhiên - Toán - Vật lý - Thống kê,standard,A00;A01;C01;D07;D08;X26,A00,observed,60.0,20900000.0,20900000.0,per_year,,2,26.35,confirmed_2_sources,https://diemthi.vnexpress.net/tra-cuu-dai-hoc/loadbenchmark/id/419/year/2026/sortby/1/block_name/-1,False
QHT:QHT02,QHT,Trường Đại học Khoa học Tự nhiên - Đại học Quốc gia Hà Nội,Hà Nội,,QHT02,Toán tin,,khoa_hoc_tn,Khoa học tự nhiên - Toán - Vật lý - Thống kê,standard,A00;A01;C01;D07;D08;X26,A00,observed,60.0,30000000.0,30000000.0,per_year,,2,25.69,confirmed_2_sources,https://diemthi.vnexpress.net/tra-cuu-dai-hoc/loadbenchmark/id/419/year/2026/sortby/1/block_name/-1,False
QHT:QHT03,QHT,Trường Đại học Khoa học Tự nhiên - Đại học Quốc gia Hà Nội,Hà Nội,,QHT03,Vật lí học,,khoa_hoc_tn,Khoa học tự nhiên - Toán - Vật lý - Thống kê,standard,A00;A01;A02;B00;C01;C02;D07;X06;X02;X26,A00,observed,130.0,30000000.0,30000000.0,per_year,,4,24.74,confirmed_2_sources,https://diemthi.vnexpress.net/tra-cuu-dai-hoc/loadbenchmark/id/419/year/2026/sortby/1/block_name/-1,False
QHT:QHT04,QHT,Trường Đại học Khoa học Tự nhiên - Đại học Quốc gia Hà Nội,Hà Nội,,QHT04,Khoa học vật liệu,,sinh_hoa,Sinh học - Hóa học - Công nghệ sinh học - Thực phẩm,standard,A00;A01;A02;B00;C01;C02;D07;X06;X02;X26,A00,observed,100.0,30000000.0,30000000.0,per_year,,4,24.8,confirmed_2_sources,https://diemthi.vnexpress.net/tra-cuu-dai-hoc/loadbenchmark/id/419/year/2026/sortby/1/block_name/-1,False
QHT:QHT05,QHT,Trường Đại học Khoa học Tự nhiên - Đại học Quốc gia Hà Nội,Hà Nội,,QHT05,Công nghệ kỹ thuật hạt nhân,,ky_thuat,"Kỹ thuật - Công nghệ (cơ khí, điện, điện tử, ô tô, tự động hóa, vật liệu)",standard,A00;A01;A02;B00;C01;C02;D07;X06;X02;X26,A00,observed,75.0,30000000.0,30000000.0,per_year,,4,24.4,confirmed_2_sources,https://diemthi.vnexpress.net/tra-cuu-dai-hoc/loadbenchmark/id/419/year/2026/sortby/1/block_name/-1,False
QHT:QHT06,QHT,Trường Đại học Khoa học Tự nhiên - Đại học Quốc gia Hà Nội,Hà Nội,,QHT06,Hoá học,,sinh_hoa,Sinh học - Hóa học - Công nghệ sinh học - Thực phẩm,standard,A00;A05;A06;B00;C02;D07;X09;X10;X11;X12,A00,observed,160.0,40000000.0,40000000.0,per_year,,4,24.73,confirmed_2_sources,https://diemthi.vnexpress.net/tra-cuu-dai-hoc/loadbenchmark/id/419/year/2026/sortby/1/block_name/-1,False
QHT:QHT07,QHT,Trường Đại học Khoa học Tự nhiên - Đại học Quốc gia Hà Nội,Hà Nội,,QHT07,Công nghệ kỹ thuật hoá học,,sinh_hoa,Sinh học - Hóa học - Công nghệ sinh học - Thực phẩm,standard,A00;A05;A06;B00;C02;D07;X09;X10;X11;X12,A00,observed,125.0,40000000.0,40000000.0,per_year,,4,24.48,confirmed_2_sources,https://diemthi.vnexpress.net/tra-cuu-dai-hoc/loadbenchmark/id/419/year/2026/sortby/1/block_name/-1,False
QHT:QHT08,QHT,Trường Đại học Khoa học Tự nhiên - Đại học Quốc gia Hà Nội,Hà Nội,,QHT08,Sinh học,,sinh_hoa,Sinh học - Hóa học - Công nghệ sinh học - Thực phẩm,standard,A00;A02;B00;B03;B08;D07;B01;B02;D08;X13;X14;X15;X16,A00,observed,120.0,40000000.0,40000000.0,per_year,,4,22.0,confirmed_2_sources,https://diemthi.vnexpress.net/tra-cuu-dai-hoc/loadbenchmark/id/419/year/2026/sortby/1/block_name/-1,False
QHT:QHT09,QHT,Trường Đại học Khoa học Tự nhiên - Đại học Quốc gia Hà Nội,Hà Nội,,QHT09,Công nghệ sinh học,,sinh_hoa,Sinh học - Hóa học - Công nghệ sinh học - Thực phẩm,standard,A00;A02;B00;B03;B08;D07;B01;B02;D08;X13;X14;X15;X16,A00,observed,190.0,40000000.0,40000000.0,per_year,,4,23.2,confirmed_2_sources,https://diemthi.vnexpress.net/tra-cuu-dai-hoc/loadbenchmark/id/419/year/2026/sortby/1/block_name/-1,False
QHT:QHT10,QHT,Trường Đại học Khoa học Tự nhiên - Đại học Quốc gia Hà Nội,Hà Nội,,QHT10,Địa lí tự nhiên,,xa_hoi,Khoa học xã hội - Tâm lý - Nhân văn - Chính trị - Hành chính,standard,A00;A01;A04;A06;A07;B00;B02;C04;D01;D10;D20;X01;X21;X25,A00,observed,30.0,19300000.0,19300000.0,per_year,,4,24.2,confirmed_2_sources,https://diemthi.vnexpress.net/tra-cuu-dai-hoc/loadbenchmark/id/419/year/2026/sortby/1/block_name/-1,False
QHT:QHT12,QHT,Trường Đại học Khoa học Tự nhiên - Đại học Quốc gia Hà Nội,Hà Nội,,QHT12,Quản lý đất đai,,nong_lam_mt,Nông - Lâm - Thủy sản - Môi trường - Tài nguyên,standard,A00;A01;A04;A06;A07;B00;B02;C04;D01;D10;D20;X01;X21;X25,A00,observed,90.0,30000000.0,30000000.0,per_year,,4,22.25,confirmed_2_sources,https://diemthi.vnexpress.net/tra-cuu-dai-hoc/loadbenchmark/id/419/year/2026/sortby/1/block_name/-1,False
QHT:QHT13,QHT,Trường Đại học Khoa học Tự nhiên - Đại học Quốc gia Hà Nội,Hà Nội,,QHT13,Khoa học môi trường,,nong_lam_mt,Nông - Lâm - Thủy sản - Môi trường - Tài nguyên,standard,A00;A01;A02;B00;B03;C01;C02;C03;C04;D01;D07;D08;X01;X02;X09;X10;X11;X12;X13;X14;X15;X16,A00,observed,90.0,30000000.0,30000000.0,per_year,,4,22.23,confirmed_2_sources,https://diemthi.vnexpress.net/tra-cuu-dai-hoc/loadbenchmark/id/419/year/2026/sortby/1/block_name/-1,False
QHT:QHT15,QHT,Trường Đại học Khoa học Tự nhiên - Đại học Quốc gia Hà Nội,Hà Nội,,QHT15,Công nghệ kỹ thuật môi trường,,nong_lam_mt,Nông - Lâm - Thủy sản - Môi trường - Tài nguyên,standard,A00;A01;A02;B00;B03;C01;C02;C03;C04;D01;D07;D08;X01;X02;X09;X10;X11;X12;X13;X14;X15;X16,A00,observed,80.0,35000000.0,35000000.0,per_year,,4,22.64,confirmed_2_sources,https://diemthi.vnexpress.net/tra-cuu-dai-hoc/loadbenchmark/id/419/year/2026/sortby/1/block_name/-1,False
QHT:QHT16,QHT,Trường Đại học Khoa học Tự nhiên - Đại học Quốc gia Hà Nội,Hà Nội,,QHT16,Khí tượng và khí hậu học,,nong_lam_mt,Nông - Lâm - Thủy sản - Môi trường - Tài nguyên,standard,A00;A01;A02;B00;B03;C01;C02;C04;D01;D07;X02;X26;A04;A06;B02;B08;D10,A00,observed,40.0,19300000.0,19300000.0,per_year,,4,23.22,confirmed_2_sources,https://diemthi.vnexpress.net/tra-cuu-dai-hoc/loadbenchmark/id/419/year/2026/sortby/1/block_name/-1,False
QHT:QHT17,QHT,Trường Đại học Khoa học Tự nhiên - Đại học Quốc gia Hà Nội,Hà Nội,,QHT17,Hải dương học,,khoa_hoc_tn,Khoa học tự nhiên - Toán - Vật lý - Thống kê,standard,A00;A01;A02;B00;B03;C01;C02;C04;D01;D07;X02;X26;A04;A06;B02;D10,A00,observed,25.0,19300000.0,19300000.0,per_year,,4,22.4,confirmed_2_sources,https://diemthi.vnexpress.net/tra-cuu-dai-hoc/loadbenchmark/id/419/year/2026/sortby/1/block_name/-1,False
QHT:QHT18,QHT,Trường Đại học Khoa học Tự nhiên - Đại học Quốc gia Hà Nội,Hà Nội,,QHT18,Địa chất học,,nong_lam_mt,Nông - Lâm - Thủy sản - Môi trường - Tài nguyên,standard,A00;A01;A04;A07;B03;C01;C02;C03;C04;D01;D10;X01;X21;X25;B00;D07;A06;D08;D09;X05;X09,A00,observed,30.0,19300000.0,19300000.0,per_year,,4,23.23,confirmed_2_sources,https://diemthi.vnexpress.net/tra-cuu-dai-hoc/loadbenchmark/id/419/year/2026/sortby/1/block_name/-1,False
QHT:QHT20,QHT,Trường Đại học Khoa học Tự nhiên - Đại học Quốc gia Hà Nội,Hà Nội,,QHT20,Quản lý tài nguyên và môi trường,,nong_lam_mt,Nông - Lâm - Thủy sản - Môi trường - Tài nguyên,standard,A00;A01;A04;A07;B03;C01;C02;C03;C04;D01;D10;X01;X21;X25;B00;D07;A06;D08;D09;X05;X09,A00,observed,130.0,30000000.0,30000000.0,per_year,,4,22.75,confirmed_2_sources,https://diemthi.vnexpress.net/tra-cuu-dai-hoc/loadbenchmark/id/419/year/2026/sortby/1/block_name/-1,False
QHT:QHT43,QHT,Trường Đại học Khoa học Tự nhiên - Đại học Quốc gia Hà Nội,Hà Nội,,QHT43,Hoá dược**,,y_duoc,Y - Dược - Điều dưỡng - Sức khỏe,standard,A00;A05;A06;B00;C02;D07;X09;X10;X11;X12,A00,observed,125.0,40000000.0,40000000.0,per_year,Khối sức khỏe: có ngưỡng điểm sàn của Bộ,4,23.85,confirmed_2_sources,https://diemthi.vnexpress.net/tra-cuu-dai-hoc/loadbenchmark/id/419/year/2026/sortby/1/block_name/-1,False
QHT:QHT81,QHT,Trường Đại học Khoa học Tự nhiên - Đại học Quốc gia Hà Nội,Hà Nội,,QHT81,Sinh dược học,,y_duoc,Y - Dược - Điều dưỡng - Sức khỏe,standard,A00;A02;B00;B03;B08;D07;B01;B02;D08;X13;X14;X15;X16,A00,observed,60.0,19300000.0,19300000.0,per_year,Khối sức khỏe: có ngưỡng điểm sàn của Bộ,4,22.24,confirmed_2_sources,https://diemthi.vnexpress.net/tra-cuu-dai-hoc/loadbenchmark/id/419/year/2026/sortby/1/block_name/-1,False
QHT:QHT82,QHT,Trường Đại học Khoa học Tự nhiên - Đại học Quốc gia Hà Nội,Hà Nội,,QHT82,"Môi trường, Sức khỏe và An toàn*",,y_duoc,Y - Dược - Điều dưỡng - Sức khỏe,standard,A00;A01;A02;B00;B03;C01;C02;C03;C04;D01;D07;D08;X01;X02;X09;X10;X11;X12;X13;X14;X15;X16,A00,observed,50.0,19100000.0,19100000.0,per_year,Khối sức khỏe: có ngưỡng điểm sàn của Bộ,4,22.52,confirmed_2_sources,https://diemthi.vnexpress.net/tra-cuu-dai-hoc/loadbenchmark/id/419/year/2026/sortby/1/block_name/-1,False
QHT:QHT91,QHT,Trường Đại học Khoa học Tự nhiên - Đại học Quốc gia Hà Nội,Hà Nội,,QHT91,Khoa học thông tin địa không gian*,,sinh_hoa,Sinh học - Hóa học - Công nghệ sinh học - Thực phẩm,standard,A00;A01;A04;A06;A07;B00;B02;C04;D01;D10;D20;X01;X21;X25,A00,observed,30.0,19300000.0,19300000.0,per_year,,4,24.38,confirmed_2_sources,https://diemthi.vnexpress.net/tra-cuu-dai-hoc/loadbenchmark/id/419/year/2026/sortby/1/block_name/-1,False
QHT:QHT92,QHT,Trường Đại học Khoa học Tự nhiên - Đại học Quốc gia Hà Nội,Hà Nội,,QHT92,Tài nguyên và môi trường nước*,,nong_lam_mt,Nông - Lâm - Thủy sản - Môi trường - Tài nguyên,standard,A00;A01;A02;B00;B03;C01;C02;C04;D01;D07;X02;X26;A04;A06;B02;B08;D10,A00,observed,25.0,19300000.0,19300000.0,per_year,,4,22.0,confirmed_2_sources,https://diemthi.vnexpress.net/tra-cuu-dai-hoc/loadbenchmark/id/419/year/2026/sortby/1/block_name/-1,False
QHT:QHT93,QHT,Trường Đại học Khoa học Tự nhiên - Đại học Quốc gia Hà Nội,Hà Nội,,QHT93,Khoa học dữ liệu,,cntt,Công nghệ thông tin - Máy tính - Dữ liệu - AI,standard,A00;A01;C01;D07;D08;X26,A00,observed,70.0,40000000.0,40000000.0,per_year,,2,26.06,confirmed_2_sources,https://diemthi.vnexpress.net/tra-cuu-dai-hoc/loadbenchmark/id/419/year/2026/sortby/1/block_name/-1,False
QHT:QHT94,QHT,Trường Đại học Khoa học Tự nhiên - Đại học Quốc gia Hà Nội,Hà Nội,,QHT94,Kỹ thuật điện tử và tin học,,ky_thuat,"Kỹ thuật - Công nghệ (cơ khí, điện, điện tử, ô tô, tự động hóa, vật liệu)",standard,A00;A01;A02;B00;C01;C02;D07;X06;X02;X26,A00,observed,130.0,40000000.0,40000000.0,per_year,,4,24.95,confirmed_2_sources,https://diemthi.vnexpress.net/tra-cuu-dai-hoc/loadbenchmark/id/419/year/2026/sortby/1/block_name/-1,False
QHT:QHT95,QHT,Trường Đại học Khoa học Tự nhiên - Đại học Quốc gia Hà Nội,Hà Nội,,QHT95,Quản lý phát triển đô thị và bất động sản,,xay_dung,Kiến trúc - Xây dựng - Giao thông - Quy hoạch,standard,A00;A01;A04;A06;A07;B00;B02;C04;D01;D10;D20;X01;X21;X25,A00,observed,90.0,30000000.0,30000000.0,per_year,,4,22.64,confirmed_2_sources,https://diemthi.vnexpress.net/tra-cuu-dai-hoc/loadbenchmark/id/419/year/2026/sortby/1/block_name/-1,False
QHT:QHT96,QHT,Trường Đại học Khoa học Tự nhiên - Đại học Quốc gia Hà Nội,Hà Nội,,QHT96,Khoa học và công nghệ thực phẩm,,sinh_hoa,Sinh học - Hóa học - Công nghệ sinh học - Thực phẩm,standard,A00;A01;A02;B00;B03;C01;C02;C03;C04;D01;D07;D08;X01;X02;X09;X10;X11;X12;X13;X14;X15;X16,A00,observed,130.0,40000000.0,40000000.0,per_year,,4,23.58,confirmed_2_sources,https://diemthi.vnexpress.net/tra-cuu-dai-hoc/loadbenchmark/id/419/year/2026/sortby/1/block_name/-1,False
QHT:QHT98,QHT,Trường Đại học Khoa học Tự nhiên - Đại học Quốc gia Hà Nội,Hà Nội,,QHT98,Khoa học máy tính và thông tin*,,cntt,Công nghệ thông tin - Máy tính - Dữ liệu - AI,standard,A00;A01;C01;D07;D08;X26,A00,observed,125.0,40000000.0,40000000.0,per_year,,2,25.28,confirmed_2_sources,https://diemthi.vnexpress.net/tra-cuu-dai-hoc/loadbenchmark/id/419/year/2026/sortby/1/block_name/-1,False
QHT:QHT99,QHT,Trường Đại học Khoa học Tự nhiên - Đại học Quốc gia Hà Nội,Hà Nội,,QHT99,Công nghệ bán dẫn huộc ngành Khoa học vật liệu,,cntt,Công nghệ thông tin - Máy tính - Dữ liệu - AI,standard,A00;A01;A02;B00;C01;C02;D07;X06;X02;X26,A00,observed,140.0,40000000.0,40000000.0,per_year,,2,25.43,confirmed_2_sources,https://diemthi.vnexpress.net/tra-cuu-dai-hoc/loadbenchmark/id/419/year/2026/sortby/1/block_name/-1,False
QHX:QHX01,QHX,Trường Đại học Khoa học Xã hội và Nhân văn - Đại học Quốc gia Hà Nội,Hà Nội,,QHX01,Báo chí,,bao_chi,Báo chí - Truyền thông - Quan hệ công chúng,standard,D01;D09;D10;D11;D14;D15;A01,D01,observed,160.0,16900000.0,16900000.0,per_year,,4,22.0,confirmed_2_sources,https://diemthi.vnexpress.net/tra-cuu-dai-hoc/loadbenchmark/id/420/year/2026/sortby/1/block_name/-1,False
QHX:QHX02,QHX,Trường Đại học Khoa học Xã hội và Nhân văn - Đại học Quốc gia Hà Nội,Hà Nội,,QHX02,Chính trị hoc,,xa_hoi,Khoa học xã hội - Tâm lý - Nhân văn - Chính trị - Hành chính,standard,D01;D09;D10;D11;D14;D15;C00;A01;C03;C04;D55,D01,observed,60.0,29500000.0,29500000.0,per_year,,4,22.7,confirmed_2_sources,https://diemthi.vnexpress.net/tra-cuu-dai-hoc/loadbenchmark/id/420/year/2026/sortby/1/block_name/-1,False
QHX:QHX03,QHX,Trường Đại học Khoa học Xã hội và Nhân văn - Đại học Quốc gia Hà Nội,Hà Nội,,QHX03,Công tác xã hội,,xa_hoi,Khoa học xã hội - Tâm lý - Nhân văn - Chính trị - Hành chính,standard,D01;D09;D10;D11;D14;D15;C00;A01;C03;C04;D55,D01,observed,55.0,19100000.0,19100000.0,per_year,,4,23.67,confirmed_2_sources,https://diemthi.vnexpress.net/tra-cuu-dai-hoc/loadbenchmark/id/420/year/2026/sortby/1/block_name/-1,False
QHX:QHX04,QHX,Trường Đại học Khoa học Xã hội và Nhân văn - Đại học Quốc gia Hà Nội,Hà Nội,,QHX04,Đông Nam Á học,,ngon_ngu,Ngôn ngữ - Văn hóa - Quốc tế học,standard,D01;D09;D10;D11;D14;D15;C00;A01,D01,observed,50.0,19100000.0,19100000.0,per_year,,4,23.18,confirmed_2_sources,https://diemthi.vnexpress.net/tra-cuu-dai-hoc/loadbenchmark/id/420/year/2026/sortby/1/block_name/-1,False
QHX:QHX05,QHX,Trường Đại học Khoa học Xã hội và Nhân văn - Đại học Quốc gia Hà Nội,Hà Nội,,QHX05,Đông phương học,,ngon_ngu,Ngôn ngữ - Văn hóa - Quốc tế học,standard,D01;D09;D10;D11;D14;D15;D04,D01,observed,50.0,29500000.0,29500000.0,per_year,,4,21.5,confirmed_2_sources,https://diemthi.vnexpress.net/tra-cuu-dai-hoc/loadbenchmark/id/420/year/2026/sortby/1/block_name/-1,False
QHX:QHX06,QHX,Trường Đại học Khoa học Xã hội và Nhân văn - Đại học Quốc gia Hà Nội,Hà Nội,,QHX06,Hán Nôm,,ngon_ngu,Ngôn ngữ - Văn hóa - Quốc tế học,standard,D01;D09;D10;D11;D14;D15;D04;C03;C04,D01,observed,100.0,29500000.0,29500000.0,per_year,,4,23.23,confirmed_2_sources,https://diemthi.vnexpress.net/tra-cuu-dai-hoc/loadbenchmark/id/420/year/2026/sortby/1/block_name/-1,False
QHX:QHX07,QHX,Trường Đại học Khoa học Xã hội và Nhân văn - Đại học Quốc gia Hà Nội,Hà Nội,,QHX07,Khoa học quản lý,,sinh_hoa,Sinh học - Hóa học - Công nghệ sinh học - Thực phẩm,standard,D01;D09;D10;D11;D14;D15;D04;C00;A01,D01,observed,30.0,29500000.0,29500000.0,per_year,,4,22.43,confirmed_2_sources,https://diemthi.vnexpress.net/tra-cuu-dai-hoc/loadbenchmark/id/420/year/2026/sortby/1/block_name/-1,False
QHX:QHX08,QHX,Trường Đại học Khoa học Xã hội và Nhân văn - Đại học Quốc gia Hà Nội,Hà Nội,,QHX08,Lich sử,,xa_hoi,Khoa học xã hội - Tâm lý - Nhân văn - Chính trị - Hành chính,standard,D01;D09;D10;D11;D14;D15;D04,D01,observed,60.0,35000000.0,35000000.0,per_year,,4,22.73,confirmed_2_sources,https://diemthi.vnexpress.net/tra-cuu-dai-hoc/loadbenchmark/id/420/year/2026/sortby/1/block_name/-1,False
QHX:QHX09,QHX,Trường Đại học Khoa học Xã hội và Nhân văn - Đại học Quốc gia Hà Nội,Hà Nội,,QHX09,Lưu trữ học,,xa_hoi,Khoa học xã hội - Tâm lý - Nhân văn - Chính trị - Hành chính,standard,D01;D09;D10;D11;D14;D15;A01,D01,observed,120.0,29500000.0,29500000.0,per_year,,4,19.0,confirmed_2_sources,https://diemthi.vnexpress.net/tra-cuu-dai-hoc/loadbenchmark/id/420/year/2026/sortby/1/block_name/-1,False
QHX:QHX10,QHX,Trường Đại học Khoa học Xã hội và Nhân văn - Đại học Quốc gia Hà Nội,Hà Nội,,QHX10,Ngôn ngữ học,,ngon_ngu,Ngôn ngữ - Văn hóa - Quốc tế học,standard,D01;D09;D10;D11;D14;D15;C00;D04,D01,observed,80.0,29500000.0,29500000.0,per_year,,4,24.0,confirmed_2_sources,https://diemthi.vnexpress.net/tra-cuu-dai-hoc/loadbenchmark/id/420/year/2026/sortby/1/block_name/-1,False
QHX:QHX11,QHX,Trường Đại học Khoa học Xã hội và Nhân văn - Đại học Quốc gia Hà Nội,Hà Nội,,QHX11,Nhân học,,xa_hoi,Khoa học xã hội - Tâm lý - Nhân văn - Chính trị - Hành chính,standard,D01;D09;D10;D11;D14;D15;C00;A01,D01,observed,50.0,29500000.0,29500000.0,per_year,,4,22.07,confirmed_2_sources,https://diemthi.vnexpress.net/tra-cuu-dai-hoc/loadbenchmark/id/420/year/2026/sortby/1/block_name/-1,False
QHX:QHX12,QHX,Trường Đại học Khoa học Xã hội và Nhân văn - Đại học Quốc gia Hà Nội,Hà Nội,,QHX12,Nhật Bản học,,ngon_ngu,Ngôn ngữ - Văn hóa - Quốc tế học,standard,D01;D09;D10;D11;D14;D15;C00;A01;D06;D04,D01,observed,80.0,29500000.0,29500000.0,per_year,,4,21.85,confirmed_2_sources,https://diemthi.vnexpress.net/tra-cuu-dai-hoc/loadbenchmark/id/420/year/2026/sortby/1/block_name/-1,False
QHX:QHX13,QHX,Trường Đại học Khoa học Xã hội và Nhân văn - Đại học Quốc gia Hà Nội,Hà Nội,,QHX13,Quan hệ công chúng,,bao_chi,Báo chí - Truyền thông - Quan hệ công chúng,standard,D01;D09;D10;D11;D14;D15;C00;D04;D06,D01,observed,50.0,19100000.0,19100000.0,per_year,,4,20.58,confirmed_2_sources,https://diemthi.vnexpress.net/tra-cuu-dai-hoc/loadbenchmark/id/420/year/2026/sortby/1/block_name/-1,False
QHX:QHX14,QHX,Trường Đại học Khoa học Xã hội và Nhân văn - Đại học Quốc gia Hà Nội,Hà Nội,,QHX14,Quản lý thông tin,,kinh_te,Kinh tế - Kinh doanh - Quản trị - Marketing - Thương mại,standard,D01;D09;D10;D11;D14;D15;D06;A01,D01,observed,50.0,35000000.0,35000000.0,per_year,,4,21.6,confirmed_2_sources,https://diemthi.vnexpress.net/tra-cuu-dai-hoc/loadbenchmark/id/420/year/2026/sortby/1/block_name/-1,False
QHX:QHX15,QHX,Trường Đại học Khoa học Xã hội và Nhân văn - Đại học Quốc gia Hà Nội,Hà Nội,,QHX15,Quản trị dịch vụ du lịch và lữ hành,,du_lich,Du lịch - Khách sạn - Logistics - Hàng không - Dịch vụ,standard,D01;D09;D10;D11;D14;D15;A01,D01,observed,200.0,35000000.0,35000000.0,per_year,,4,24.2,confirmed_2_sources,https://diemthi.vnexpress.net/tra-cuu-dai-hoc/loadbenchmark/id/420/year/2026/sortby/1/block_name/-1,False
QHX:QHX16,QHX,Trường Đại học Khoa học Xã hội và Nhân văn - Đại học Quốc gia Hà Nội,Hà Nội,,QHX16,Quản trị khách sạn,,du_lich,Du lịch - Khách sạn - Logistics - Hàng không - Dịch vụ,standard,D01;D09;D10;D11;D14;D15;A01,D01,observed,110.0,29500000.0,29500000.0,per_year,,4,19.27,confirmed_2_sources,https://diemthi.vnexpress.net/tra-cuu-dai-hoc/loadbenchmark/id/420/year/2026/sortby/1/block_name/-1,False
QHX:QHX17,QHX,Trường Đại học Khoa học Xã hội và Nhân văn - Đại học Quốc gia Hà Nội,Hà Nội,,QHX17,Quản tri văn phòng,,kinh_te,Kinh tế - Kinh doanh - Quản trị - Marketing - Thương mại,standard,D01;D09;D10;D11;D14;D15;A01,D01,observed,200.0,35000000.0,35000000.0,per_year,,4,22.5,confirmed_2_sources,https://diemthi.vnexpress.net/tra-cuu-dai-hoc/loadbenchmark/id/420/year/2026/sortby/1/block_name/-1,False
QHX:QHX18,QHX,Trường Đại học Khoa học Xã hội và Nhân văn - Đại học Quốc gia Hà Nội,Hà Nội,,QHX18,Quốc tế học,,ngon_ngu,Ngôn ngữ - Văn hóa - Quốc tế học,international,D01;D09;D10;D11;D14;D15;A01,D01,observed,150.0,35000000.0,35000000.0,per_year,"Học bằng tiếng Anh (thường cần trình độ tiếng Anh tốt, có thể yêu cầu IELTS/chứng chỉ khi nhập học) | Chương trình liên kết/quốc tế: học phí cao hơn chương trình chuẩn",4,21.24,confirmed_2_sources,https://diemthi.vnexpress.net/tra-cuu-dai-hoc/loadbenchmark/id/420/year/2026/sortby/1/block_name/-1,False
QHX:QHX19,QHX,Trường Đại học Khoa học Xã hội và Nhân văn - Đại học Quốc gia Hà Nội,Hà Nội,,QHX19,Tâm lý học,,y_duoc,Y - Dược - Điều dưỡng - Sức khỏe,standard,D01;D09;D10;D11;D14;D15;A01;D04,D01,observed,110.0,29500000.0,29500000.0,per_year,Khối sức khỏe: có ngưỡng điểm sàn của Bộ,4,19.5,confirmed_2_sources,https://diemthi.vnexpress.net/tra-cuu-dai-hoc/loadbenchmark/id/420/year/2026/sortby/1/block_name/-1,False
QHX:QHX20,QHX,Trường Đại học Khoa học Xã hội và Nhân văn - Đại học Quốc gia Hà Nội,Hà Nội,,QHX20,Thông tin - thư viện,,xa_hoi,Khoa học xã hội - Tâm lý - Nhân văn - Chính trị - Hành chính,standard,D01;D09;D10;D11;D14;D15;A01,D01,observed,180.0,35000000.0,35000000.0,per_year,,4,22.0,confirmed_2_sources,https://diemthi.vnexpress.net/tra-cuu-dai-hoc/loadbenchmark/id/420/year/2026/sortby/1/block_name/-1,False
QHX:QHX21,QHX,Trường Đại học Khoa học Xã hội và Nhân văn - Đại học Quốc gia Hà Nội,Hà Nội,,QHX21,Tôn giáo học,,xa_hoi,Khoa học xã hội - Tâm lý - Nhân văn - Chính trị - Hành chính,standard,D01;D09;D10;D11;D14;D15;A01,D01,observed,200.0,35000000.0,35000000.0,per_year,,4,25.0,confirmed_2_sources,https://diemthi.vnexpress.net/tra-cuu-dai-hoc/loadbenchmark/id/420/year/2026/sortby/1/block_name/-1,False
QHX:QHX22,QHX,Trường Đại học Khoa học Xã hội và Nhân văn - Đại học Quốc gia Hà Nội,Hà Nội,,QHX22,Triết học,,xa_hoi,Khoa học xã hội - Tâm lý - Nhân văn - Chính trị - Hành chính,standard,D01;D09;D10;D11;D14;D15;C00;A01,D01,observed,50.0,29500000.0,29500000.0,per_year,,4,21.5,confirmed_2_sources,https://diemthi.vnexpress.net/tra-cuu-dai-hoc/loadbenchmark/id/420/year/2026/sortby/1/block_name/-1,False
QHX:QHX23,QHX,Trường Đại học Khoa học Xã hội và Nhân văn - Đại học Quốc gia Hà Nội,Hà Nội,,QHX23,Văn học,,xa_hoi,Khoa học xã hội - Tâm lý - Nhân văn - Chính trị - Hành chính,standard,D01;D09;D10;D11;D14;D15;C00;D04,D01,observed,50.0,19100000.0,19100000.0,per_year,,4,19.0,confirmed_2_sources,https://diemthi.vnexpress.net/tra-cuu-dai-hoc/loadbenchmark/id/420/year/2026/sortby/1/block_name/-1,False
QHX:QHX24,QHX,Trường Đại học Khoa học Xã hội và Nhân văn - Đại học Quốc gia Hà Nội,Hà Nội,,QHX24,Việt Nam học,,ngon_ngu,Ngôn ngữ - Văn hóa - Quốc tế học,standard,D01;D09;D10;D11;D14;D15;C00;D04,D01,observed,50.0,19100000.0,19100000.0,per_year,,4,21.25,confirmed_2_sources,https://diemthi.vnexpress.net/tra-cuu-dai-hoc/loadbenchmark/id/420/year/2026/sortby/1/block_name/-1,False
QHX:QHX25,QHX,Trường Đại học Khoa học Xã hội và Nhân văn - Đại học Quốc gia Hà Nội,Hà Nội,,QHX25,Xã hội học,,xa_hoi,Khoa học xã hội - Tâm lý - Nhân văn - Chính trị - Hành chính,standard,D01;D09;D10;D11;D14;D15;C00;D04,D01,observed,55.0,29500000.0,29500000.0,per_year,,4,21.98,confirmed_2_sources,https://diemthi.vnexpress.net/tra-cuu-dai-hoc/loadbenchmark/id/420/year/2026/sortby/1/block_name/-1,False
QHX:QHX26,QHX,Trường Đại học Khoa học Xã hội và Nhân văn - Đại học Quốc gia Hà Nội,Hà Nội,,QHX26,Hàn Quốc học,,ngon_ngu,Ngôn ngữ - Văn hóa - Quốc tế học,standard,D01;D09;D10;D11;D14;D15;C00;D04,D01,observed,120.0,29500000.0,29500000.0,per_year,,4,23.91,confirmed_2_sources,https://diemthi.vnexpress.net/tra-cuu-dai-hoc/loadbenchmark/id/420/year/2026/sortby/1/block_name/-1,False
QHX:QHX27,QHX,Trường Đại học Khoa học Xã hội và Nhân văn - Đại học Quốc gia Hà Nội,Hà Nội,,QHX27,Văn hóa học,,ngon_ngu,Ngôn ngữ - Văn hóa - Quốc tế học,standard,D01;D09;D10;D11;D14;D15;C00;A01;D04,D01,observed,60.0,29500000.0,29500000.0,per_year,,4,21.5,confirmed_2_sources,https://diemthi.vnexpress.net/tra-cuu-dai-hoc/loadbenchmark/id/420/year/2026/sortby/1/block_name/-1,False
QHX:QHX28,QHX,Trường Đại học Khoa học Xã hội và Nhân văn - Đại học Quốc gia Hà Nội,Hà Nội,,QHX28,Điện ảnh và Nghệ thuật đại chúng,,thiet_ke,Thiết kế - Nghệ thuật - Sáng tạo số,standard,D01;D09;D10;D11;D14;D15;C00;A01,D01,observed,70.0,29500000.0,29500000.0,per_year,,3,22.43,confirmed_2_sources,https://diemthi.vnexpress.net/tra-cuu-dai-hoc/loadbenchmark/id/420/year/2026/sortby/1/block_name/-1,False
QHX:QHX29,QHX,Trường Đại học Khoa học Xã hội và Nhân văn - Đại học Quốc gia Hà Nội,Hà Nội,,QHX29,Truyền thông đa phương tiện,,bao_chi,Báo chí - Truyền thông - Quan hệ công chúng,standard,D01;D09;D10;D11;D14;D15;A01;D04,D01,observed,50.0,29500000.0,29500000.0,per_year,,2,25.5,confirmed_2_sources,https://diemthi.vnexpress.net/tra-cuu-dai-hoc/loadbenchmark/id/420/year/2026/sortby/1/block_name/-1,False
QSC:7320104,QSC,Trường Đại học Công nghệ Thông tin - Đại học Quốc gia TP.HCM,TP. Hồ Chí Minh,,7320104,Truyền thông đa phương tiện,7320104,bao_chi,Báo chí - Truyền thông - Quan hệ công chúng,standard,A01;D01;D09;D10;X02;X26;A00;D07;X06,A01,observed,60.0,41800000.0,41800000.0,per_year,,2,24.66,confirmed_2_sources,https://diemthi.vnexpress.net/tra-cuu-dai-hoc/loadbenchmark/id/284/year/2026/sortby/1/block_name/-1,False
QSC:7340122,QSC,Trường Đại học Công nghệ Thông tin - Đại học Quốc gia TP.HCM,TP. Hồ Chí Minh,,7340122,Thương mại điện tử,7340122,kinh_te,Kinh tế - Kinh doanh - Quản trị - Marketing - Thương mại,standard,A00;A01;D01;D07;X06;X26,A00,observed,140.0,41800000.0,41800000.0,per_year,,4,23.7,confirmed_2_sources,https://diemthi.vnexpress.net/tra-cuu-dai-hoc/loadbenchmark/id/284/year/2026/sortby/1/block_name/-1,False
QSC:7460108,QSC,Trường Đại học Công nghệ Thông tin - Đại học Quốc gia TP.HCM,TP. Hồ Chí Minh,,7460108,Khoa học dữ liệu (Data Science),7460108,cntt,Công nghệ thông tin - Máy tính - Dữ liệu - AI,standard,A00;A01;A02;D01;D07;X06;X26,A00,observed,55.0,41800000.0,41800000.0,per_year,,2,27.51,confirmed_2_sources,https://diemthi.vnexpress.net/tra-cuu-dai-hoc/loadbenchmark/id/284/year/2026/sortby/1/block_name/-1,False
QSC:7460108TA,QSC,Trường Đại học Công nghệ Thông tin - Đại học Quốc gia TP.HCM,TP. Hồ Chí Minh,,7460108TA,Khoa học dữ liệu (Chương trình đào tạo bằng Tiếng Anh),7460108,cntt,Công nghệ thông tin - Máy tính - Dữ liệu - AI,standard,A00;A01;A02;D01;D07;X06;X26,A00,observed,30.0,80000000.0,80000000.0,per_year,"Học bằng tiếng Anh (thường cần trình độ tiếng Anh tốt, có thể yêu cầu IELTS/chứng chỉ khi nhập học)",1,25.65,confirmed_2_sources,https://diemthi.vnexpress.net/tra-cuu-dai-hoc/loadbenchmark/id/284/year/2026/sortby/1/block_name/-1,False
QSC:7480101,QSC,Trường Đại học Công nghệ Thông tin - Đại học Quốc gia TP.HCM,TP. Hồ Chí Minh,,7480101,Khoa học máy tính,7480101,cntt,Công nghệ thông tin - Máy tính - Dữ liệu - AI,standard,A00;A01;D01;D07;X06;X26,A00,observed,280.0,41800000.0,41800000.0,per_year,,4,26.55,confirmed_2_sources,https://diemthi.vnexpress.net/tra-cuu-dai-hoc/loadbenchmark/id/284/year/2026/sortby/1/block_name/-1,False
QSC:7480101TA,QSC,Trường Đại học Công nghệ Thông tin - Đại học Quốc gia TP.HCM,TP. Hồ Chí Minh,,7480101TA,Khoa học máy tính (CTĐT bằng Tiếng Anh),7480101,cntt,Công nghệ thông tin - Máy tính - Dữ liệu - AI,standard,A00;A01;D01;D07;X06;X26,A00,observed,50.0,80000000.0,80000000.0,per_year,"Học bằng tiếng Anh (thường cần trình độ tiếng Anh tốt, có thể yêu cầu IELTS/chứng chỉ khi nhập học)",1,25.5,confirmed_2_sources,https://diemthi.vnexpress.net/tra-cuu-dai-hoc/loadbenchmark/id/284/year/2026/sortby/1/block_name/-1,False
QSC:7480102,QSC,Trường Đại học Công nghệ Thông tin - Đại học Quốc gia TP.HCM,TP. Hồ Chí Minh,,7480102,Mạng máy tính và truyền thông dữ liệu,7480102,bao_chi,Báo chí - Truyền thông - Quan hệ công chúng,standard,A00;A01;D01;D07;X06;X14;X26,A00,observed,200.0,41800000.0,41800000.0,per_year,,4,23.49,confirmed_2_sources,https://diemthi.vnexpress.net/tra-cuu-dai-hoc/loadbenchmark/id/284/year/2026/sortby/1/block_name/-1,False
QSC:7480103,QSC,Trường Đại học Công nghệ Thông tin - Đại học Quốc gia TP.HCM,TP. Hồ Chí Minh,,7480103,Kỹ thuật phần mềm,7480103,cntt,Công nghệ thông tin - Máy tính - Dữ liệu - AI,standard,A00;A01;D01;D07;X06;X26;X14,A00,observed,240.0,41800000.0,41800000.0,per_year,,3,24.3,confirmed_2_sources,https://diemthi.vnexpress.net/tra-cuu-dai-hoc/loadbenchmark/id/284/year/2026/sortby/1/block_name/-1,False
QSC:7480103TA,QSC,Trường Đại học Công nghệ Thông tin - Đại học Quốc gia TP.HCM,TP. Hồ Chí Minh,,7480103TA,Kỹ thuật phần mềm (Chương trình đào tạo bằng Tiếng Anh),7480103,cntt,Công nghệ thông tin - Máy tính - Dữ liệu - AI,standard,A00;A01;D01;D07;X06;X14;X26,A00,observed,50.0,80000000.0,80000000.0,per_year,"Học bằng tiếng Anh (thường cần trình độ tiếng Anh tốt, có thể yêu cầu IELTS/chứng chỉ khi nhập học)",1,22.8,confirmed_2_sources,https://diemthi.vnexpress.net/tra-cuu-dai-hoc/loadbenchmark/id/284/year/2026/sortby/1/block_name/-1,False
QSC:7480104,QSC,Trường Đại học Công nghệ Thông tin - Đại học Quốc gia TP.HCM,TP. Hồ Chí Minh,,7480104,Hệ thống thông tin,7480104,cntt,Công nghệ thông tin - Máy tính - Dữ liệu - AI,standard,A00;A01;D01;D07;D08;X06;X26,A00,observed,180.0,41800000.0,41800000.0,per_year,,4,24.24,confirmed_2_sources,https://diemthi.vnexpress.net/tra-cuu-dai-hoc/loadbenchmark/id/284/year/2026/sortby/1/block_name/-1,False
QSC:7480104TT,QSC,Trường Đại học Công nghệ Thông tin - Đại học Quốc gia TP.HCM,TP. Hồ Chí Minh,,7480104TT,Hệ thống thông tin (Tiên tiến),7480104,cntt,Công nghệ thông tin - Máy tính - Dữ liệu - AI,advanced,A00;A01;D01;D07;D08;X06;X26,A00,observed,80.0,60000000.0,60000000.0,per_year,"Học bằng tiếng Anh (thường cần trình độ tiếng Anh tốt, có thể yêu cầu IELTS/chứng chỉ khi nhập học)",1,23.4,confirmed_2_sources,https://diemthi.vnexpress.net/tra-cuu-dai-hoc/loadbenchmark/id/284/year/2026/sortby/1/block_name/-1,False
QSC:7480106,QSC,Trường Đại học Công nghệ Thông tin - Đại học Quốc gia TP.HCM,TP. Hồ Chí Minh,,7480106,Kỹ thuật máy tính,7480106,cntt,Công nghệ thông tin - Máy tính - Dữ liệu - AI,standard,A00;A01;X06;X26,A00,observed,220.0,41800000.0,41800000.0,per_year,,4,25.2,confirmed_2_sources,https://diemthi.vnexpress.net/tra-cuu-dai-hoc/loadbenchmark/id/284/year/2026/sortby/1/block_name/-1,False
QSC:7480107,QSC,Trường Đại học Công nghệ Thông tin - Đại học Quốc gia TP.HCM,TP. Hồ Chí Minh,,7480107,Trí tuệ nhân tạo,7480107,cntt,Công nghệ thông tin - Máy tính - Dữ liệu - AI,standard,A00;A01;D01;D07;X06;X26,A00,observed,40.0,41800000.0,41800000.0,per_year,,3,30.0,confirmed_2_sources,https://diemthi.vnexpress.net/tra-cuu-dai-hoc/loadbenchmark/id/284/year/2026/sortby/1/block_name/-1,False
QSC:7480201,QSC,Trường Đại học Công nghệ Thông tin - Đại học Quốc gia TP.HCM,TP. Hồ Chí Minh,,7480201,Công nghệ thông tin,7480201,cntt,Công nghệ thông tin - Máy tính - Dữ liệu - AI,standard,A00;A01;D01;D07;X06;X26,A00,observed,120.0,41800000.0,41800000.0,per_year,,4,25.26,confirmed_2_sources,https://diemthi.vnexpress.net/tra-cuu-dai-hoc/loadbenchmark/id/284/year/2026/sortby/1/block_name/-1,False
QSC:7480201VN,QSC,Trường Đại học Công nghệ Thông tin - Đại học Quốc gia TP.HCM,TP. Hồ Chí Minh,,7480201VN,Công nghệ Thông tin (Việt Nhật),7480201,cntt,Công nghệ thông tin - Máy tính - Dữ liệu - AI,standard,A00;A01;D01;D06;D07;X06;X26,A00,observed,130.0,41800000.0,41800000.0,per_year,,1,24.0,confirmed_2_sources,https://diemthi.vnexpress.net/tra-cuu-dai-hoc/loadbenchmark/id/284/year/2026/sortby/1/block_name/-1,False
QSC:7480202,QSC,Trường Đại học Công nghệ Thông tin - Đại học Quốc gia TP.HCM,TP. Hồ Chí Minh,,7480202,An toàn thông tin,7480202,cntt,Công nghệ thông tin - Máy tính - Dữ liệu - AI,standard,A00;A01;D01;D07;X06;X26,A00,observed,170.0,41800000.0,41800000.0,per_year,,4,26.61,confirmed_2_sources,https://diemthi.vnexpress.net/tra-cuu-dai-hoc/loadbenchmark/id/284/year/2026/sortby/1/block_name/-1,False
QSC:7480202TA,QSC,Trường Đại học Công nghệ Thông tin - Đại học Quốc gia TP.HCM,TP. Hồ Chí Minh,,7480202TA,An toàn thông tin (Chương trình đào tạo bằng Tiếng Anh),7480202,cntt,Công nghệ thông tin - Máy tính - Dữ liệu - AI,standard,A00;A01;D01;D07;X06;X26,A00,observed,50.0,80000000.0,80000000.0,per_year,"Học bằng tiếng Anh (thường cần trình độ tiếng Anh tốt, có thể yêu cầu IELTS/chứng chỉ khi nhập học)",1,23.25,confirmed_2_sources,https://diemthi.vnexpress.net/tra-cuu-dai-hoc/loadbenchmark/id/284/year/2026/sortby/1/block_name/-1,False
QSC:75202a1,QSC,Trường Đại học Công nghệ Thông tin - Đại học Quốc gia TP.HCM,TP. Hồ Chí Minh,,75202a1,Thiết kế vi mạch,,cntt,Công nghệ thông tin - Máy tính - Dữ liệu - AI,standard,A00;A01;X06;X26,A00,observed,70.0,52000000.0,52000000.0,per_year,,3,27.15,single_source,https://diemthi.vnexpress.net/tra-cuu-dai-hoc/loadbenchmark/id/284/year/2026/sortby/1/block_name/-1,False
QSC:75202a1TA,QSC,Trường Đại học Công nghệ Thông tin - Đại học Quốc gia TP.HCM,TP. Hồ Chí Minh,,75202a1TA,Thiết kế vi mạch (Chương trình đào tạo bằng Tiếng Anh),,cntt,Công nghệ thông tin - Máy tính - Dữ liệu - AI,standard,A00;A01;X06;X26,A00,observed,40.0,85000000.0,85000000.0,per_year,"Học bằng tiếng Anh (thường cần trình độ tiếng Anh tốt, có thể yêu cầu IELTS/chứng chỉ khi nhập học)",1,24.0,single_source,https://diemthi.vnexpress.net/tra-cuu-dai-hoc/loadbenchmark/id/284/year/2026/sortby/1/block_name/-1,False
QST:7140103,QST,Trường Đại học Khoa học Tự nhiên - Đại học Quốc gia TP.HCM,TP. Hồ Chí Minh,,7140103,Công nghệ Giáo dục,7140103,su_pham,Sư phạm - Giáo dục,standard,D01;D07;A00;A01;B00;C01,D01,observed,100.0,31800000.0,31800000.0,per_year,"Sư phạm: không nhận thí sinh bị dị hình, dị tật, nói ngọng, nói lắp; điểm sàn của Bộ",2,23.89,confirmed_2_sources,https://diemthi.vnexpress.net/tra-cuu-dai-hoc/loadbenchmark/id/287/year/2026/sortby/1/block_name/-1,False
QST:7420101,QST,Trường Đại học Khoa học Tự nhiên - Đại học Quốc gia TP.HCM,TP. Hồ Chí Minh,,7420101,Sinh hoc,7420101,sinh_hoa,Sinh học - Hóa học - Công nghệ sinh học - Thực phẩm,standard,A00;A01;B00;D07;D01;A02;B03;B08;X15;X16,A00,observed,215.0,34200000.0,34200000.0,per_year,,4,23.5,confirmed_2_sources,https://diemthi.vnexpress.net/tra-cuu-dai-hoc/loadbenchmark/id/287/year/2026/sortby/1/block_name/-1,False
QST:7420101KD,QST,Trường Đại học Khoa học Tự nhiên - Đại học Quốc gia TP.HCM,TP. Hồ Chí Minh,,7420101KD,Sinh học (CT TCTA),,sinh_hoa,Sinh học - Hóa học - Công nghệ sinh học - Thực phẩm,standard,A02;B00;B03;B08;X15;X16,A02,observed,,33200000.0,33200000.0,,,1,22.6,confirmed_2_sources,https://diemthi.vnexpress.net/tra-cuu-dai-hoc/loadbenchmark/id/287/year/2026/sortby/1/block_name/-1,True
QST:7420201,QST,Trường Đại học Khoa học Tự nhiên - Đại học Quốc gia TP.HCM,TP. Hồ Chí Minh,,7420201,Công nghệ sinh học,7420201,sinh_hoa,Sinh học - Hóa học - Công nghệ sinh học - Thực phẩm,standard,A02;B00;B08;D01;B03;X15;X16,A02,observed,200.0,34200000.0,34200000.0,per_year,,4,24.75,confirmed_2_sources,https://diemthi.vnexpress.net/tra-cuu-dai-hoc/loadbenchmark/id/287/year/2026/sortby/1/block_name/-1,False
QST:7420201KD,QST,Trường Đại học Khoa học Tự nhiên - Đại học Quốc gia TP.HCM,TP. Hồ Chí Minh,,7420201KD,Công nghệ Sinh học (CT TCTA),,sinh_hoa,Sinh học - Hóa học - Công nghệ sinh học - Thực phẩm,standard,A02;B00;B03;B08;X15;X16,A02,observed,,33200000.0,33200000.0,,,1,24.1,confirmed_2_sources,https://diemthi.vnexpress.net/tra-cuu-dai-hoc/loadbenchmark/id/287/year/2026/sortby/1/block_name/-1,True
QST:7440102KD,QST,Trường Đại học Khoa học Tự nhiên - Đại học Quốc gia TP.HCM,TP. Hồ Chí Minh,,7440102KD,Vật lý học (CT TCTA),,y_duoc,Y - Dược - Điều dưỡng - Sức khỏe,standard,A00;A01;A02;A03;C01;X06,A00,observed,,33200000.0,33200000.0,,Khối sức khỏe: có ngưỡng điểm sàn của Bộ,1,24.3,confirmed_2_sources,https://diemthi.vnexpress.net/tra-cuu-dai-hoc/loadbenchmark/id/287/year/2026/sortby/1/block_name/-1,True
QST:7440102NN,QST,Trường Đại học Khoa học Tự nhiên - Đại học Quốc gia TP.HCM,TP. Hồ Chí Minh,,7440102NN,"Nhóm ngành Vật lý học, Công nghệ Vật lý điện tử và tin học",,y_duoc,Y - Dược - Điều dưỡng - Sức khỏe,standard,A00;A01;A02;A03;C01;X06,A00,observed,,33200000.0,33200000.0,,Khối sức khỏe: có ngưỡng điểm sàn của Bộ,1,25.88,confirmed_2_sources,https://diemthi.vnexpress.net/tra-cuu-dai-hoc/loadbenchmark/id/287/year/2026/sortby/1/block_name/-1,True
QST:7440107KD,QST,Trường Đại học Khoa học Tự nhiên - Đại học Quốc gia TP.HCM,TP. Hồ Chí Minh,,7440107KD,Công nghệ Vật lý điện tử và tin học (CT TCTA),,khoa_hoc_tn,Khoa học tự nhiên - Toán - Vật lý - Thống kê,standard,A00;A01;A02;A03;C01;X06,A00,observed,,33200000.0,33200000.0,,,1,24.86,confirmed_2_sources,https://diemthi.vnexpress.net/tra-cuu-dai-hoc/loadbenchmark/id/287/year/2026/sortby/1/block_name/-1,True
QST:7440112,QST,Trường Đại học Khoa học Tự nhiên - Đại học Quốc gia TP.HCM,TP. Hồ Chí Minh,,7440112,Hóa học,7440112,sinh_hoa,Sinh học - Hóa học - Công nghệ sinh học - Thực phẩm,standard,B00;D07;A00;C02;X11;X12,B00,observed,230.0,34200000.0,34200000.0,per_year,,4,26.15,confirmed_2_sources,https://diemthi.vnexpress.net/tra-cuu-dai-hoc/loadbenchmark/id/287/year/2026/sortby/1/block_name/-1,False
QST:7440112KD,QST,Trường Đại học Khoa học Tự nhiên - Đại học Quốc gia TP.HCM,TP. Hồ Chí Minh,,7440112KD,Hoá học (CT TCTA),,sinh_hoa,Sinh học - Hóa học - Công nghệ sinh học - Thực phẩm,standard,A00;B00;C02;D07;X11;X12,A00,observed,,33200000.0,33200000.0,,,1,24.89,confirmed_2_sources,https://diemthi.vnexpress.net/tra-cuu-dai-hoc/loadbenchmark/id/287/year/2026/sortby/1/block_name/-1,True
QST:7440122,QST,Trường Đại học Khoa học Tự nhiên - Đại học Quốc gia TP.HCM,TP. Hồ Chí Minh,,7440122,Khoa học vật liệu,7440122,sinh_hoa,Sinh học - Hóa học - Công nghệ sinh học - Thực phẩm,standard,B00;D07;A00;A01;C01;C02,B00,observed,150.0,34200000.0,34200000.0,per_year,,4,25.3,confirmed_2_sources,https://diemthi.vnexpress.net/tra-cuu-dai-hoc/loadbenchmark/id/287/year/2026/sortby/1/block_name/-1,False
QST:7440122KD,QST,Trường Đại học Khoa học Tự nhiên - Đại học Quốc gia TP.HCM,TP. Hồ Chí Minh,,7440122KD,Khoa học Vật liệu (CT TCTA),,sinh_hoa,Sinh học - Hóa học - Công nghệ sinh học - Thực phẩm,standard,A00;A01;B00;C01;C02;D07,A00,observed,,33200000.0,33200000.0,,,1,24.25,confirmed_2_sources,https://diemthi.vnexpress.net/tra-cuu-dai-hoc/loadbenchmark/id/287/year/2026/sortby/1/block_name/-1,True
QST:74401a1,QST,Trường Đại học Khoa học Tự nhiên - Đại học Quốc gia TP.HCM,TP. Hồ Chí Minh,,74401a1,Công nghệ bán dẫn,,cntt,Công nghệ thông tin - Máy tính - Dữ liệu - AI,standard,A00;A01;A02;A03;C01;X06,A00,observed,70.0,33200000.0,33200000.0,,,1,27.34,confirmed_2_sources,https://diemthi.vnexpress.net/tra-cuu-dai-hoc/loadbenchmark/id/287/year/2026/sortby/1/block_name/-1,True
QST:7440201NN,QST,Trường Đại học Khoa học Tự nhiên - Đại học Quốc gia TP.HCM,TP. Hồ Chí Minh,,7440201NN,"Nhóm ngành Địa chất học, Kinh tế đất đai",,nong_lam_mt,Nông - Lâm - Thủy sản - Môi trường - Tài nguyên,standard,A00;A07;C01;C04;D01;D10,A00,observed,,33200000.0,33200000.0,,,1,22.6,confirmed_2_sources,https://diemthi.vnexpress.net/tra-cuu-dai-hoc/loadbenchmark/id/287/year/2026/sortby/1/block_name/-1,True
QST:7440228,QST,Trường Đại học Khoa học Tự nhiên - Đại học Quốc gia TP.HCM,TP. Hồ Chí Minh,,7440228,Hải dương học,7440228,khoa_hoc_tn,Khoa học tự nhiên - Toán - Vật lý - Thống kê,standard,B00;D07;A01;A00;A02;A04;C01;X06,B00,observed,50.0,28400000.0,28400000.0,per_year,,4,23.92,confirmed_2_sources,https://diemthi.vnexpress.net/tra-cuu-dai-hoc/loadbenchmark/id/287/year/2026/sortby/1/block_name/-1,False
QST:7440228KD,QST,Trường Đại học Khoa học Tự nhiên - Đại học Quốc gia TP.HCM,TP. Hồ Chí Minh,,7440228KD,Hải dương học (CT TCTA),,khoa_hoc_tn,Khoa học tự nhiên - Toán - Vật lý - Thống kê,standard,A00;A01;A02;A04;C01;X06,A00,observed,,33200000.0,33200000.0,,,1,21.69,confirmed_2_sources,https://diemthi.vnexpress.net/tra-cuu-dai-hoc/loadbenchmark/id/287/year/2026/sortby/1/block_name/-1,True
QST:7440301,QST,Trường Đại học Khoa học Tự nhiên - Đại học Quốc gia TP.HCM,TP. Hồ Chí Minh,,7440301,Khoa học môi trường,7440301,nong_lam_mt,Nông - Lâm - Thủy sản - Môi trường - Tài nguyên,standard,B00;D07;D24;A00;B08;X10;X14,B00,observed,125.0,28400000.0,28400000.0,per_year,,4,23.1,confirmed_2_sources,https://diemthi.vnexpress.net/tra-cuu-dai-hoc/loadbenchmark/id/287/year/2026/sortby/1/block_name/-1,False
QST:7440301KD,QST,Trường Đại học Khoa học Tự nhiên - Đại học Quốc gia TP.HCM,TP. Hồ Chí Minh,,7440301KD,Khoa học Môi trường (CT TCTA),,nong_lam_mt,Nông - Lâm - Thủy sản - Môi trường - Tài nguyên,standard,A00;B00;B08;D07;X10;X14,A00,observed,,33200000.0,33200000.0,,,1,21.5,confirmed_2_sources,https://diemthi.vnexpress.net/tra-cuu-dai-hoc/loadbenchmark/id/287/year/2026/sortby/1/block_name/-1,True
QST:7460101NN,QST,Trường Đại học Khoa học Tự nhiên - Đại học Quốc gia TP.HCM,TP. Hồ Chí Minh,,7460101NN,"Nhóm ngành Toán học (Toán học, Toán ứng dụng, Toán tin)",7460101,khoa_hoc_tn,Khoa học tự nhiên - Toán - Vật lý - Thống kê,standard,A00;A01;B00;B08;D01;X06,A00,observed,180.0,33200000.0,33200000.0,,,1,26.28,confirmed_2_sources,https://diemthi.vnexpress.net/tra-cuu-dai-hoc/loadbenchmark/id/287/year/2026/sortby/1/block_name/-1,True
QST:7460108KD,QST,Trường Đại học Khoa học Tự nhiên - Đại học Quốc gia TP.HCM,TP. Hồ Chí Minh,,7460108KD,Khoa học dữ liệu (CT TCTA),,cntt,Công nghệ thông tin - Máy tính - Dữ liệu - AI,standard,A00;A01;B00;B08;D01;X06,A00,observed,,33200000.0,33200000.0,,,1,27.48,confirmed_2_sources,https://diemthi.vnexpress.net/tra-cuu-dai-hoc/loadbenchmark/id/287/year/2026/sortby/1/block_name/-1,True
QST:7460108NN,QST,Trường Đại học Khoa học Tự nhiên - Đại học Quốc gia TP.HCM,TP. Hồ Chí Minh,,7460108NN,"Nhóm ngành Khoa học dữ liệu, Thống kê",,cntt,Công nghệ thông tin - Máy tính - Dữ liệu - AI,standard,A00;A01;B00;B08;D01;X06,A00,observed,,33200000.0,33200000.0,,,1,27.63,confirmed_2_sources,https://diemthi.vnexpress.net/tra-cuu-dai-hoc/loadbenchmark/id/287/year/2026/sortby/1/block_name/-1,True
QST:7460112KD,QST,Trường Đại học Khoa học Tự nhiên - Đại học Quốc gia TP.HCM,TP. Hồ Chí Minh,,7460112KD,Toán ứng dụng (CT TCTA),,khoa_hoc_tn,Khoa học tự nhiên - Toán - Vật lý - Thống kê,standard,A00;A01;B00;B08;D01;X06,A00,observed,,33200000.0,33200000.0,,,1,25.7,confirmed_2_sources,https://diemthi.vnexpress.net/tra-cuu-dai-hoc/loadbenchmark/id/287/year/2026/sortby/1/block_name/-1,True
QST:7460117KD,QST,Trường Đại học Khoa học Tự nhiên - Đại học Quốc gia TP.HCM,TP. Hồ Chí Minh,,7460117KD,Toán tin (CT TCTA),,khoa_hoc_tn,Khoa học tự nhiên - Toán - Vật lý - Thống kê,standard,A00;A01;B00;B08;D01;X06,A00,observed,,33200000.0,33200000.0,,,1,25.52,confirmed_2_sources,https://diemthi.vnexpress.net/tra-cuu-dai-hoc/loadbenchmark/id/287/year/2026/sortby/1/block_name/-1,True
QST:7480101TT,QST,Trường Đại học Khoa học Tự nhiên - Đại học Quốc gia TP.HCM,TP. Hồ Chí Minh,,7480101TT,Khoa học máy tính (CT Tiên tiến),,cntt,Công nghệ thông tin - Máy tính - Dữ liệu - AI,advanced,A00;A01;B08;D07;X06;X26,A00,observed,,33200000.0,33200000.0,,"Học bằng tiếng Anh (thường cần trình độ tiếng Anh tốt, có thể yêu cầu IELTS/chứng chỉ khi nhập học)",1,29.32,confirmed_2_sources,https://diemthi.vnexpress.net/tra-cuu-dai-hoc/loadbenchmark/id/287/year/2026/sortby/1/block_name/-1,True
QST:7480107,QST,Trường Đại học Khoa học Tự nhiên - Đại học Quốc gia TP.HCM,TP. Hồ Chí Minh,,7480107,Trí tuệ nhân tạo,7480107,cntt,Công nghệ thông tin - Máy tính - Dữ liệu - AI,standard,A00;A01;A02;D07;B08;X06;X26,A00,observed,90.0,35500000.0,35500000.0,per_year,,4,28.68,confirmed_2_sources,https://diemthi.vnexpress.net/tra-cuu-dai-hoc/loadbenchmark/id/287/year/2026/sortby/1/block_name/-1,False
QST:7480201KD,QST,Trường Đại học Khoa học Tự nhiên - Đại học Quốc gia TP.HCM,TP. Hồ Chí Minh,,7480201KD,Công nghệ thông tin (CT TCTA),,cntt,Công nghệ thông tin - Máy tính - Dữ liệu - AI,standard,A00;A01;B08;D07;X06;X26,A00,observed,,33200000.0,33200000.0,,,1,24.7,confirmed_2_sources,https://diemthi.vnexpress.net/tra-cuu-dai-hoc/loadbenchmark/id/287/year/2026/sortby/1/block_name/-1,True
QST:7480201NN,QST,Trường Đại học Khoa học Tự nhiên - Đại học Quốc gia TP.HCM,TP. Hồ Chí Minh,,7480201NN,Nhóm ngành máy tính và Công nghệ thông tin (Công nghệ thông tin; Kỹ thuật phần mềm; Hệ thống thông tin; Khoa học máy tính),,cntt,Công nghệ thông tin - Máy tính - Dữ liệu - AI,standard,A00;A01;B08;D07;X06;X26,A00,observed,,33200000.0,33200000.0,,,1,26.3,confirmed_2_sources,https://diemthi.vnexpress.net/tra-cuu-dai-hoc/loadbenchmark/id/287/year/2026/sortby/1/block_name/-1,True
QST:7510401KD,QST,Trường Đại học Khoa học Tự nhiên - Đại học Quốc gia TP.HCM,TP. Hồ Chí Minh,,7510401KD,Công nghệ kỹ thuật Hóa học (CT TCTA),,sinh_hoa,Sinh học - Hóa học - Công nghệ sinh học - Thực phẩm,standard,A00;B00;C02;D07;X11;X12,A00,observed,,33200000.0,33200000.0,,,1,24.9,confirmed_2_sources,https://diemthi.vnexpress.net/tra-cuu-dai-hoc/loadbenchmark/id/287/year/2026/sortby/1/block_name/-1,True
QST:7510402,QST,Trường Đại học Khoa học Tự nhiên - Đại học Quốc gia TP.HCM,TP. Hồ Chí Minh,,7510402,Công nghệ vật liệu,7510402,khoa_hoc_tn,Khoa học tự nhiên - Toán - Vật lý - Thống kê,standard,A00;B00;B08;D07;A01;C01;C02,A00,observed,180.0,35500000.0,35500000.0,per_year,,4,25.58,confirmed_2_sources,https://diemthi.vnexpress.net/tra-cuu-dai-hoc/loadbenchmark/id/287/year/2026/sortby/1/block_name/-1,False
QST:7510402KD,QST,Trường Đại học Khoa học Tự nhiên - Đại học Quốc gia TP.HCM,TP. Hồ Chí Minh,,7510402KD,Công nghệ Vật liệu (CT TCTA),,khoa_hoc_tn,Khoa học tự nhiên - Toán - Vật lý - Thống kê,standard,A00;A01;B00;C01;C02;D07,A00,observed,,33200000.0,33200000.0,,,1,24.5,confirmed_2_sources,https://diemthi.vnexpress.net/tra-cuu-dai-hoc/loadbenchmark/id/287/year/2026/sortby/1/block_name/-1,True
QST:7510406,QST,Trường Đại học Khoa học Tự nhiên - Đại học Quốc gia TP.HCM,TP. Hồ Chí Minh,,7510406,Công nghệ kỹ thuật Môi trường,7510406,nong_lam_mt,Nông - Lâm - Thủy sản - Môi trường - Tài nguyên,standard,A00;B00;B08;D07;X10;X14,A00,observed,125.0,28400000.0,28400000.0,per_year,,4,23.1,confirmed_2_sources,https://diemthi.vnexpress.net/tra-cuu-dai-hoc/loadbenchmark/id/287/year/2026/sortby/1/block_name/-1,False
QST:7520207,QST,Trường Đại học Khoa học Tự nhiên - Đại học Quốc gia TP.HCM,TP. Hồ Chí Minh,,7520207,Ngành Kỹ thuật điện tử truyền thông,7520207,bao_chi,Báo chí - Truyền thông - Quan hệ công chúng,standard,A00;A01;B00;D07;B08;X06;X26,A00,observed,150.0,35500000.0,35500000.0,per_year,,3,26.55,confirmed_2_sources,https://diemthi.vnexpress.net/tra-cuu-dai-hoc/loadbenchmark/id/287/year/2026/sortby/1/block_name/-1,False
QST:7520207KD,QST,Trường Đại học Khoa học Tự nhiên - Đại học Quốc gia TP.HCM,TP. Hồ Chí Minh,,7520207KD,Kỹ thuật điện tử - viễn thông (CT TCTA),,ky_thuat,"Kỹ thuật - Công nghệ (cơ khí, điện, điện tử, ô tô, tự động hóa, vật liệu)",standard,A00;A01;B08;D07;X06;X26,A00,observed,,33200000.0,33200000.0,,,1,25.6,confirmed_2_sources,https://diemthi.vnexpress.net/tra-cuu-dai-hoc/loadbenchmark/id/287/year/2026/sortby/1/block_name/-1,True
QST:75202a1,QST,Trường Đại học Khoa học Tự nhiên - Đại học Quốc gia TP.HCM,TP. Hồ Chí Minh,,75202a1,Thiết kế vi mạch,,cntt,Công nghệ thông tin - Máy tính - Dữ liệu - AI,standard,D07;A00;A01;B08;X06;X26,D07,observed,80.0,35500000.0,35500000.0,per_year,,2,27.93,confirmed_2_sources,https://diemthi.vnexpress.net/tra-cuu-dai-hoc/loadbenchmark/id/287/year/2026/sortby/1/block_name/-1,False
QST:7520402,QST,Trường Đại học Khoa học Tự nhiên - Đại học Quốc gia TP.HCM,TP. Hồ Chí Minh,,7520402,Kỹ thuật hạt nhân,7520402,ky_thuat,"Kỹ thuật - Công nghệ (cơ khí, điện, điện tử, ô tô, tự động hóa, vật liệu)",standard,A00;A01;B00;D07;A02;A03;C01;X06,A00,observed,60.0,28400000.0,28400000.0,per_year,,4,26.21,confirmed_2_sources,https://diemthi.vnexpress.net/tra-cuu-dai-hoc/loadbenchmark/id/287/year/2026/sortby/1/block_name/-1,False
QST:7520403,QST,Trường Đại học Khoa học Tự nhiên - Đại học Quốc gia TP.HCM,TP. Hồ Chí Minh,,7520403,Vật lý Y khoa,7520403,y_duoc,Y - Dược - Điều dưỡng - Sức khỏe,standard,A00;A01;B00;D07;A02;A03;C01;X06,A00,observed,40.0,32200000.0,32200000.0,per_year,Khối sức khỏe: có ngưỡng điểm sàn của Bộ,4,26.0,confirmed_2_sources,https://diemthi.vnexpress.net/tra-cuu-dai-hoc/loadbenchmark/id/287/year/2026/sortby/1/block_name/-1,False
QST:7520403KD,QST,Trường Đại học Khoa học Tự nhiên - Đại học Quốc gia TP.HCM,TP. Hồ Chí Minh,,7520403KD,Vật lý y khoa (CT TCTA),,y_duoc,Y - Dược - Điều dưỡng - Sức khỏe,standard,A00;A01;A02;A03;C01;X06,A00,observed,,33200000.0,33200000.0,,Khối sức khỏe: có ngưỡng điểm sàn của Bộ,1,24.8,confirmed_2_sources,https://diemthi.vnexpress.net/tra-cuu-dai-hoc/loadbenchmark/id/287/year/2026/sortby/1/block_name/-1,True
QST:7520501,QST,Trường Đại học Khoa học Tự nhiên - Đại học Quốc gia TP.HCM,TP. Hồ Chí Minh,,7520501,Kỹ thuật địa chất,7520501,nong_lam_mt,Nông - Lâm - Thủy sản - Môi trường - Tài nguyên,standard,A00;A01;B00;D07;C01;C02;C04;D01;D10,A00,observed,35.0,28400000.0,28400000.0,per_year,,4,23.85,confirmed_2_sources,https://diemthi.vnexpress.net/tra-cuu-dai-hoc/loadbenchmark/id/287/year/2026/sortby/1/block_name/-1,False
QST:7850101,QST,Trường Đại học Khoa học Tự nhiên - Đại học Quốc gia TP.HCM,TP. Hồ Chí Minh,,7850101,Quản lý tài nguyên và môi trường,7850101,nong_lam_mt,Nông - Lâm - Thủy sản - Môi trường - Tài nguyên,standard,A00;A01;B00;D07;B08;X10;X14,A00,observed,110.0,28400000.0,28400000.0,per_year,,4,22.3,confirmed_2_sources,https://diemthi.vnexpress.net/tra-cuu-dai-hoc/loadbenchmark/id/287/year/2026/sortby/1/block_name/-1,False
SGD:7140114,SGD,Trường Đại học Sài Gòn,TP. Hồ Chí Minh,,7140114,Quản lý giáo dục,7140114,su_pham,Sư phạm - Giáo dục,standard,B03;C01;C02;C03;C04;D01;X01;X02;X03;X04,B03,observed,40.0,23205000.0,23205000.0,per_year,"Sư phạm: không nhận thí sinh bị dị hình, dị tật, nói ngọng, nói lắp; điểm sàn của Bộ",4,24.34,confirmed_2_sources,https://diemthi.vnexpress.net/tra-cuu-dai-hoc/loadbenchmark/id/289/year/2026/sortby/1/block_name/-1,False
SGD:7140202,SGD,Trường Đại học Sài Gòn,TP. Hồ Chí Minh,,7140202,Giáo dục Tiểu học,7140202,su_pham,Sư phạm - Giáo dục,standard,B03;C01;C02;C03;C04;D01;X01;X02;X03;X04,B03,observed,200.0,18448000.0,18448000.0,per_year,"Sư phạm: không nhận thí sinh bị dị hình, dị tật, nói ngọng, nói lắp; điểm sàn của Bộ",4,25.97,disputed,https://diemthi.vnexpress.net/tra-cuu-dai-hoc/loadbenchmark/id/289/year/2026/sortby/1/block_name/-1,False
SGD:7140205,SGD,Trường Đại học Sài Gòn,TP. Hồ Chí Minh,,7140205,Giáo dục Chính trị,7140205,su_pham,Sư phạm - Giáo dục,standard,B03;C01;C02;C03;C04;D01;X01;X02;X03;X04;X58;X62;X66;X70;X74;X78;Y07;Y08;Y09;C00,B03,observed,15.0,18448000.0,18448000.0,per_year,"Sư phạm: không nhận thí sinh bị dị hình, dị tật, nói ngọng, nói lắp; điểm sàn của Bộ",4,25.25,disputed,https://diemthi.vnexpress.net/tra-cuu-dai-hoc/loadbenchmark/id/289/year/2026/sortby/1/block_name/-1,False
SGD:7140209,SGD,Trường Đại học Sài Gòn,TP. Hồ Chí Minh,,7140209,Sư phạm Toán học,7140209,su_pham,Sư phạm - Giáo dục,standard,A00;A01;A02;A03;A04;A05;A06;A07;B00;B01;B02;B03;B08;C01;C02;C03;C04;D01;D07;D09;D10;X01;X02;X03;X04;X05;X06;X07;X08;X09;X10;X11;X12;X13;X14;X15;X16;X17;X18;X19;X20;X21;X22;X23;X24;X25;X26;X27;X28;X53;X54;X55;X56;X57,A00,observed,70.0,18448000.0,18448000.0,per_year,"Sư phạm: không nhận thí sinh bị dị hình, dị tật, nói ngọng, nói lắp; điểm sàn của Bộ",4,28.89,disputed,https://diemthi.vnexpress.net/tra-cuu-dai-hoc/loadbenchmark/id/289/year/2026/sortby/1/block_name/-1,False
SGD:7140211,SGD,Trường Đại học Sài Gòn,TP. Hồ Chí Minh,,7140211,Sư phạm Vật lý,7140211,su_pham,Sư phạm - Giáo dục,standard,A00;A01;A02;A03;A04;C01;X05;X06;X07;X08,A00,observed,30.0,18448000.0,18448000.0,per_year,"Sư phạm: không nhận thí sinh bị dị hình, dị tật, nói ngọng, nói lắp; điểm sàn của Bộ",4,27.54,disputed,https://diemthi.vnexpress.net/tra-cuu-dai-hoc/loadbenchmark/id/289/year/2026/sortby/1/block_name/-1,False
SGD:7140212,SGD,Trường Đại học Sài Gòn,TP. Hồ Chí Minh,,7140212,Sư phạm Hóa học,7140212,su_pham,Sư phạm - Giáo dục,standard,A00;C02;D07;B00;A05;A06;X09;X10;X11;X12,A00,observed,30.0,18448000.0,18448000.0,per_year,"Sư phạm: không nhận thí sinh bị dị hình, dị tật, nói ngọng, nói lắp; điểm sàn của Bộ",4,27.43,disputed,https://diemthi.vnexpress.net/tra-cuu-dai-hoc/loadbenchmark/id/289/year/2026/sortby/1/block_name/-1,False
SGD:7140213,SGD,Trường Đại học Sài Gòn,TP. Hồ Chí Minh,,7140213,Sư phạm Sinh học,7140213,su_pham,Sư phạm - Giáo dục,standard,B00;A02;B01;B08;D08;B03;X13;X14;X15;X16;B02,B00,observed,24.0,18448000.0,18448000.0,per_year,"Sư phạm: không nhận thí sinh bị dị hình, dị tật, nói ngọng, nói lắp; điểm sàn của Bộ",4,26.08,confirmed_2_sources,https://diemthi.vnexpress.net/tra-cuu-dai-hoc/loadbenchmark/id/289/year/2026/sortby/1/block_name/-1,False
SGD:7140217,SGD,Trường Đại học Sài Gòn,TP. Hồ Chí Minh,,7140217,Sư phạm Ngữ văn,7140217,su_pham,Sư phạm - Giáo dục,standard,C01;C00;B03;C02;C03;C04;D01;X01;X02;X03;X04,C00,observed,57.0,18448000.0,18448000.0,per_year,"Sư phạm: không nhận thí sinh bị dị hình, dị tật, nói ngọng, nói lắp; điểm sàn của Bộ",4,28.07,disputed,https://diemthi.vnexpress.net/tra-cuu-dai-hoc/loadbenchmark/id/289/year/2026/sortby/1/block_name/-1,False
SGD:7140218,SGD,Trường Đại học Sài Gòn,TP. Hồ Chí Minh,,7140218,Sư phạm Lịch sử,7140218,su_pham,Sư phạm - Giáo dục,standard,C00;C03;C07;C10;C12;D14;X70;X71;X72;X73,C00,observed,23.0,18448000.0,18448000.0,per_year,"Sư phạm: không nhận thí sinh bị dị hình, dị tật, nói ngọng, nói lắp; điểm sàn của Bộ",4,26.8,confirmed_2_sources,https://diemthi.vnexpress.net/tra-cuu-dai-hoc/loadbenchmark/id/289/year/2026/sortby/1/block_name/-1,False
SGD:7140219,SGD,Trường Đại học Sài Gòn,TP. Hồ Chí Minh,,7140219,Sư phạm Địa lý,7140219,su_pham,Sư phạm - Giáo dục,standard,C00;C04;D10;X21;A07;A04;A06;B02;X22;X23;X24;D15;X74;C13;X75;C11;X76;X77;C09,C00,observed,20.0,18448000.0,18448000.0,per_year,"Sư phạm: không nhận thí sinh bị dị hình, dị tật, nói ngọng, nói lắp; điểm sàn của Bộ",4,26.08,confirmed_2_sources,https://diemthi.vnexpress.net/tra-cuu-dai-hoc/loadbenchmark/id/289/year/2026/sortby/1/block_name/-1,False
SGD:7140231,SGD,Trường Đại học Sài Gòn,TP. Hồ Chí Minh,,7140231,Sư phạm Tiếng Anh,7140231,su_pham,Sư phạm - Giáo dục,standard,D01;D11;D12;D13;D14;D15;X78;X79;X80;X81;A01;B08;D07;D09;D10;X25;X26;X27;X28,D01,observed,150.0,18448000.0,18448000.0,per_year,"Học bằng tiếng Anh (thường cần trình độ tiếng Anh tốt, có thể yêu cầu IELTS/chứng chỉ khi nhập học) | Sư phạm: không nhận thí sinh bị dị hình, dị tật, nói ngọng, nói lắp; điểm sàn của Bộ",4,27.5,confirmed_2_sources,https://diemthi.vnexpress.net/tra-cuu-dai-hoc/loadbenchmark/id/289/year/2026/sortby/1/block_name/-1,False
SGD:7140247,SGD,Trường Đại học Sài Gòn,TP. Hồ Chí Minh,,7140247,Sư phạm khoa học tự nhiên,7140247,su_pham,Sư phạm - Giáo dục,standard,A00;A02;B00;B08;X13;B02;B01;X14;X15;X16;C01;A01;A04;X05;A03;X06;X08;X07;D07;C02;A05;A06;X09;X11;X12;X10;B03,A00,observed,44.0,18448000.0,18448000.0,per_year,"Sư phạm: không nhận thí sinh bị dị hình, dị tật, nói ngọng, nói lắp; điểm sàn của Bộ",4,26.71,disputed,https://diemthi.vnexpress.net/tra-cuu-dai-hoc/loadbenchmark/id/289/year/2026/sortby/1/block_name/-1,False
SGD:7140249,SGD,Trường Đại học Sài Gòn,TP. Hồ Chí Minh,,7140249,Sư phạm Lịch sử - Địa lý,7140249,su_pham,Sư phạm - Giáo dục,standard,C00;C03;D14;X70;C07;C10;C12;X71;X72;X73;C04;D15;X74;C13;C09;C11;X75;X76;X77,C00,observed,60.0,18448000.0,18448000.0,per_year,"Sư phạm: không nhận thí sinh bị dị hình, dị tật, nói ngọng, nói lắp; điểm sàn của Bộ",4,25.59,confirmed_2_sources,https://diemthi.vnexpress.net/tra-cuu-dai-hoc/loadbenchmark/id/289/year/2026/sortby/1/block_name/-1,False
SGD:7220201,SGD,Trường Đại học Sài Gòn,TP. Hồ Chí Minh,,7220201,Ngôn ngữ Anh,7220201,ngon_ngu,Ngôn ngữ - Văn hóa - Quốc tế học,standard,D01;D11;D12;D13;D14;D15;X78;X79;X80;X81;A01;B08;D07;D09;D10;X25;X26;X27;X28,D01,observed,260.0,32487000.0,32487000.0,per_year,,4,25.38,confirmed_2_sources,https://diemthi.vnexpress.net/tra-cuu-dai-hoc/loadbenchmark/id/289/year/2026/sortby/1/block_name/-1,False
SGD:7220201CLC,SGD,Trường Đại học Sài Gòn,TP. Hồ Chí Minh,,7220201CLC,Ngôn ngữ Anh (Chất lượng cao),,ngon_ngu,Ngôn ngữ - Văn hóa - Quốc tế học,high_quality,D01;A01;B08;D07;D09;D10;D11;D12;D13;D14;D15;X25;X26;X27;X28;X78;X79;X80;X81,D01,observed,,38288000.0,38288000.0,per_year,,3,25.05,single_source,https://diemthi.vnexpress.net/tra-cuu-dai-hoc/loadbenchmark/id/289/year/2026/sortby/1/block_name/-1,False
SGD:7229010,SGD,Trường Đại học Sài Gòn,TP. Hồ Chí Minh,,7229010,Lịch sử,7229010,xa_hoi,Khoa học xã hội - Tâm lý - Nhân văn - Chính trị - Hành chính,standard,C00;C03;C07;C10;C12;D14;X70;X71;X72;X73,C00,observed,30.0,30166000.0,30166000.0,,,2,25.48,confirmed_2_sources,https://diemthi.vnexpress.net/tra-cuu-dai-hoc/loadbenchmark/id/289/year/2026/sortby/1/block_name/-1,True
SGD:7310401,SGD,Trường Đại học Sài Gòn,TP. Hồ Chí Minh,,7310401,Tâm lý học,7310401,y_duoc,Y - Dược - Điều dưỡng - Sức khỏe,standard,B03;C01;C02;C03;C04;D01;X01;X02;X03;X04,B03,observed,100.0,29006000.0,29006000.0,per_year,Khối sức khỏe: có ngưỡng điểm sàn của Bộ,4,24.15,confirmed_2_sources,https://diemthi.vnexpress.net/tra-cuu-dai-hoc/loadbenchmark/id/289/year/2026/sortby/1/block_name/-1,False
SGD:7310501,SGD,Trường Đại học Sài Gòn,TP. Hồ Chí Minh,,7310501,Địa lý học,7310501,y_duoc,Y - Dược - Điều dưỡng - Sức khỏe,standard,C00;C04;D10;X21;A07;A04;A06;B02;X22;X23;X24;D15;X74;C13;X75;C11;X76;X77;C09,C00,observed,30.0,30166000.0,30166000.0,,Khối sức khỏe: có ngưỡng điểm sàn của Bộ,2,24.9,confirmed_2_sources,https://diemthi.vnexpress.net/tra-cuu-dai-hoc/loadbenchmark/id/289/year/2026/sortby/1/block_name/-1,True
SGD:7310601,SGD,Trường Đại học Sài Gòn,TP. Hồ Chí Minh,,7310601,Quốc tế học,7310601,ngon_ngu,Ngôn ngữ - Văn hóa - Quốc tế học,international,D01;B03;C01;C02;C03;C04;X01;X02;X03;X04,D01,observed,80.0,29006000.0,29006000.0,per_year,"Học bằng tiếng Anh (thường cần trình độ tiếng Anh tốt, có thể yêu cầu IELTS/chứng chỉ khi nhập học) | Chương trình liên kết/quốc tế: học phí cao hơn chương trình chuẩn",4,23.06,disputed,https://diemthi.vnexpress.net/tra-cuu-dai-hoc/loadbenchmark/id/289/year/2026/sortby/1/block_name/-1,False
SGD:7310630,SGD,Trường Đại học Sài Gòn,TP. Hồ Chí Minh,,7310630,Việt Nam học,7310630,ngon_ngu,Ngôn ngữ - Văn hóa - Quốc tế học,standard,D01;C00;B03;C01;C02;C03;C04;X01;X02;X03;X04,D01,observed,140.0,29006000.0,29006000.0,per_year,,3,23.39,disputed,https://diemthi.vnexpress.net/tra-cuu-dai-hoc/loadbenchmark/id/289/year/2026/sortby/1/block_name/-1,False
SGD:7320201,SGD,Trường Đại học Sài Gòn,TP. Hồ Chí Minh,,7320201,Thông tin - thư viện,7320201,xa_hoi,Khoa học xã hội - Tâm lý - Nhân văn - Chính trị - Hành chính,standard,C00;C04;D01;B03;C01;C02;C03;C05;C06;C07;C08;C09;C10;C11;C12;C13;D11;D12;D13;D14;D15;X01;X02;X03;X04;X58;X59;X60;X61;X62;X63;X64;X65;X66;X67;X68;X69;X70;X71;X72;X73;X74;X75;X76;X77;X78;X79;X80;X81;Y07;Y08;Y09;Y10;Y11,C00,observed,30.0,27846000.0,27846000.0,per_year,,4,22.06,confirmed_2_sources,https://diemthi.vnexpress.net/tra-cuu-dai-hoc/loadbenchmark/id/289/year/2026/sortby/1/block_name/-1,False
SGD:7340101,SGD,Trường Đại học Sài Gòn,TP. Hồ Chí Minh,,7340101,Quản trị Kinh doanh,7340101,kinh_te,Kinh tế - Kinh doanh - Quản trị - Marketing - Thương mại,standard,D01;A00;A01;A02;A03;A04;A05;A06;A07;B00;B01;B02;B03;B08;C01;C02;C03;C04;D07;D09;D10;X01;X02;X03;X04;X05;X06;X07;X08;X09;X10;X11;X12;X13;X14;X15;X16;X17;X18;X19;X20;X21;X22;X23;X24;X25;X26;X27;X28;X53;X54;X55;X56;X57,D01,observed,350.0,30166000.0,30166000.0,per_year,,4,22.06,disputed,https://diemthi.vnexpress.net/tra-cuu-dai-hoc/loadbenchmark/id/289/year/2026/sortby/1/block_name/-1,False
SGD:7340101CLC,SGD,Trường Đại học Sài Gòn,TP. Hồ Chí Minh,,7340101CLC,Quản trị kinh doanh CLC (TT23),,kinh_te,Kinh tế - Kinh doanh - Quản trị - Marketing - Thương mại,high_quality,D01;A00;A01;A02;A03;A04;A05;A06;A07;B00;B01;B02;B03;B08;C01;C02;C03;C04;D07;D09;D10;X01;X02;X03;X04;X05;X06;X07;X08;X09;X10;X11;X12;X13;X14;X15;X16;X17;X18;X19;X20;X21;X22;X23;X24;X25;X26;X27;X28;X53;X54;X55;X56;X57,D01,observed,,35968000.0,35968000.0,per_year,,3,20.63,single_source,https://diemthi.vnexpress.net/tra-cuu-dai-hoc/loadbenchmark/id/289/year/2026/sortby/1/block_name/-1,False
SGD:7340120,SGD,Trường Đại học Sài Gòn,TP. Hồ Chí Minh,,7340120,Ngành Kinh doanh quốc tế,7340120,kinh_te,Kinh tế - Kinh doanh - Quản trị - Marketing - Thương mại,international,D01;A01;A00;A02;A03;A04;A05;A06;A07;B00;B01;B02;B03;B08;C01;C02;C03;C04;D07;D09;D10;X01;X02;X03;X04;X05;X06;X07;X08;X09;X10;X11;X12;X13;X14;X15;X16;X17;X18;X19;X20;X21;X22;X23;X24;X25;X26;X27;X28;X53;X54;X55;X56;X57,D01,observed,200.0,30166000.0,30166000.0,per_year,"Học bằng tiếng Anh (thường cần trình độ tiếng Anh tốt, có thể yêu cầu IELTS/chứng chỉ khi nhập học) | Chương trình liên kết/quốc tế: học phí cao hơn chương trình chuẩn",4,23.14,disputed,https://diemthi.vnexpress.net/tra-cuu-dai-hoc/loadbenchmark/id/289/year/2026/sortby/1/block_name/-1,False
SGD:7340201,SGD,Trường Đại học Sài Gòn,TP. Hồ Chí Minh,,7340201,Tài chính – Ngân hàng,7340201,tai_chinh,Tài chính - Ngân hàng - Kế toán - Kiểm toán - Bảo hiểm,standard,D01;C01;A00;A01;A02;A03;A04;A05;A06;A07;B00;B01;B02;B03;B08;C02;C03;C04;D07;D09;D10;X01;X02;X03;X04;X05;X06;X07;X08;X09;X10;X11;X12;X13;X14;X15;X16;X17;X18;X19;X20;X21;X22;X23;X24;X25;X26;X27;X28;X53;X54;X55;X56;X57,D01,observed,500.0,30166000.0,30166000.0,per_year,,4,22.13,disputed,https://diemthi.vnexpress.net/tra-cuu-dai-hoc/loadbenchmark/id/289/year/2026/sortby/1/block_name/-1,False
SGD:7340301,SGD,Trường Đại học Sài Gòn,TP. Hồ Chí Minh,,7340301,Kế toán,7340301,tai_chinh,Tài chính - Ngân hàng - Kế toán - Kiểm toán - Bảo hiểm,standard,D01;C01;A00;A01;A02;A03;A04;A05;A06;A07;B00;B01;B02;B03;B08;C02;C03;C04;D07;D09;D10;X01;X02;X03;X04;X05;X06;X07;X08;X09;X10;X11;X12;X13;X14;X15;X16;X17;X18;X19;X20;X21;X22;X23;X24;X25;X26;X27;X28;X53;X54;X55;X56;X57,D01,observed,310.0,30166000.0,30166000.0,per_year,,4,22.69,disputed,https://diemthi.vnexpress.net/tra-cuu-dai-hoc/loadbenchmark/id/289/year/2026/sortby/1/block_name/-1,False
SGD:7340301CLC,SGD,Trường Đại học Sài Gòn,TP. Hồ Chí Minh,,7340301CLC,Kế toán CLC,,tai_chinh,Tài chính - Ngân hàng - Kế toán - Kiểm toán - Bảo hiểm,high_quality,D01;A00;A01;A02;A03;A04;A05;A06;A07;B00;B01;B02;B03;B08;C01;C02;C03;C04;D07;D09;D10;X01;X02;X03;X04;X05;X06;X07;X08;X09;X10;X11;X12;X13;X14;X15;X16;X17;X18;X19;X20;X21;X22;X23;X24;X25;X26;X27;X28;X53;X54;X55;X56;X57,D01,observed,,35968000.0,35968000.0,per_year,,3,20.92,single_source,https://diemthi.vnexpress.net/tra-cuu-dai-hoc/loadbenchmark/id/289/year/2026/sortby/1/block_name/-1,False
SGD:7340302,SGD,Trường Đại học Sài Gòn,TP. Hồ Chí Minh,,7340302,Kiểm toán,7340302,tai_chinh,Tài chính - Ngân hàng - Kế toán - Kiểm toán - Bảo hiểm,standard,D01;A00;A01;A02;A03;A04;A05;A06;A07;B00;B01;B02;B03;B08;C01;C02;C03;C04;D07;D09;D10;X01;X02;X03;X04;X05;X06;X07;X08;X09;X10;X11;X12;X13;X14;X15;X16;X17;X18;X19;X20;X21;X22;X23;X24;X25;X26;X27;X28;X53;X54;X55;X56;X57,D01,observed,80.0,30166000.0,30166000.0,per_year,,3,23.7,disputed,https://diemthi.vnexpress.net/tra-cuu-dai-hoc/loadbenchmark/id/289/year/2026/sortby/1/block_name/-1,False
SGD:7340406,SGD,Trường Đại học Sài Gòn,TP. Hồ Chí Minh,,7340406,Quản trị văn phòng,7340406,kinh_te,Kinh tế - Kinh doanh - Quản trị - Marketing - Thương mại,standard,B03;C01;C02;C03;C04;D01;X01;X02;X03;X04,B03,observed,70.0,30166000.0,30166000.0,per_year,,4,23.0,confirmed_2_sources,https://diemthi.vnexpress.net/tra-cuu-dai-hoc/loadbenchmark/id/289/year/2026/sortby/1/block_name/-1,False
SGD:7380101,SGD,Trường Đại học Sài Gòn,TP. Hồ Chí Minh,,7380101,Ngành Luật,7380101,luat,Luật,standard,D01;B03;C01;C02;C03;C04;X01;X02;X03;X04,D01,observed,210.0,30166000.0,30166000.0,per_year,,4,23.84,disputed,https://diemthi.vnexpress.net/tra-cuu-dai-hoc/loadbenchmark/id/289/year/2026/sortby/1/block_name/-1,False
SGD:7440301,SGD,Trường Đại học Sài Gòn,TP. Hồ Chí Minh,,7440301,Khoa học môi trường,7440301,nong_lam_mt,Nông - Lâm - Thủy sản - Môi trường - Tài nguyên,standard,B00;A00;A01;A02;A03;A04;A05;A06;A07;B01;B02;B03;B08;C01;C02;C03;C04;D01;D07;D09;D10;X01;X02;X03;X04;X05;X06;X07;X08;X09;X10;X11;X12;X13;X14;X15;X16;X17;X18;X19;X20;X21;X22;X23;X24;X25;X26;X27;X28;X53;X54;X55;X56;X57,B00,observed,30.0,32487000.0,32487000.0,per_year,,4,22.44,disputed,https://diemthi.vnexpress.net/tra-cuu-dai-hoc/loadbenchmark/id/289/year/2026/sortby/1/block_name/-1,False
SGD:7460108,SGD,Trường Đại học Sài Gòn,TP. Hồ Chí Minh,,7460108,Khoa học dữ liệu (Data Science),7460108,cntt,Công nghệ thông tin - Máy tính - Dữ liệu - AI,standard,A00;A01;A02;A03;A04;A05;A06;A07;B00;B01;B02;B03;B08;C01;C02;C03;C04;D01;D07;D09;D10;X01;X02;X03;X04;X05;X06;X07;X08;X09;X10;X11;X12;X13;X14;X15;X16;X17;X18;X19;X20;X21;X22;X23;X24;X25;X26;X27;X28;X53;X54;X55;X56;X57,A00,observed,80.0,32487000.0,32487000.0,per_year,,3,23.44,disputed,https://diemthi.vnexpress.net/tra-cuu-dai-hoc/loadbenchmark/id/289/year/2026/sortby/1/block_name/-1,False
SGD:7460112,SGD,Trường Đại học Sài Gòn,TP. Hồ Chí Minh,,7460112,ĐH Toán ứng dụng,7460112,khoa_hoc_tn,Khoa học tự nhiên - Toán - Vật lý - Thống kê,standard,A00;A01;A02;A03;A04;A05;A06;A07;B00;B01;B02;B03;B08;C01;C02;C03;C04;D01;D07;D09;D10;X01;X02;X03;X04;X05;X06;X07;X08;X09;X10;X11;X12;X13;X14;X15;X16;X17;X18;X19;X20;X21;X22;X23;X24;X25;X26;X27;X28;X53;X54;X55;X56;X57,A00,observed,90.0,29006000.0,29006000.0,per_year,,4,25.89,disputed,https://diemthi.vnexpress.net/tra-cuu-dai-hoc/loadbenchmark/id/289/year/2026/sortby/1/block_name/-1,False
SGD:7480103,SGD,Trường Đại học Sài Gòn,TP. Hồ Chí Minh,,7480103,Kỹ thuật phần mềm,7480103,cntt,Công nghệ thông tin - Máy tính - Dữ liệu - AI,standard,D01;A00;A01;A02;A03;A04;A05;A06;A07;B00;B01;B02;B03;B08;C01;C02;C03;C04;D07;D09;D10;X01;X02;X03;X04;X05;X06;X07;X08;X09;X10;X11;X12;X13;X14;X15;X16;X17;X18;X19;X20;X21;X22;X23;X24;X25;X26;X27;X28;X53;X54;X55;X56;X57,D01,observed,110.0,37611000.0,37611000.0,per_year,,4,22.06,disputed,https://diemthi.vnexpress.net/tra-cuu-dai-hoc/loadbenchmark/id/289/year/2026/sortby/1/block_name/-1,False
SGD:7480107,SGD,Trường Đại học Sài Gòn,TP. Hồ Chí Minh,,7480107,Trí tuệ nhân tạo,7480107,cntt,Công nghệ thông tin - Máy tính - Dữ liệu - AI,standard,D01;A00;A01;A02;A03;A04;A05;A06;A07;B00;B01;B02;B03;B08;C01;C02;C03;C04;D07;D09;D10;X01;X02;X03;X04;X05;X06;X07;X08;X09;X10;X11;X12;X13;X14;X15;X16;X17;X18;X19;X20;X21;X22;X23;X24;X25;X26;X27;X28;X53;X54;X55;X56;X57,D01,observed,80.0,32487000.0,32487000.0,per_year,,3,23.11,disputed,https://diemthi.vnexpress.net/tra-cuu-dai-hoc/loadbenchmark/id/289/year/2026/sortby/1/block_name/-1,False
SGD:7480201,SGD,Trường Đại học Sài Gòn,TP. Hồ Chí Minh,,7480201,Công nghệ thông tin,7480201,cntt,Công nghệ thông tin - Máy tính - Dữ liệu - AI,standard,D01;A00;A01;A02;A03;A04;A05;A06;A07;B00;B01;B02;B03;B08;C01;C02;C03;C04;D07;D09;D10;X01;X02;X03;X04;X05;X06;X07;X08;X09;X10;X11;X12;X13;X14;X15;X16;X17;X18;X19;X20;X21;X22;X23;X24;X25;X26;X27;X28;X53;X54;X55;X56;X57,D01,observed,400.0,37611000.0,37611000.0,per_year,,4,20.69,disputed,https://diemthi.vnexpress.net/tra-cuu-dai-hoc/loadbenchmark/id/289/year/2026/sortby/1/block_name/-1,False
SGD:7480201CLC,SGD,Trường Đại học Sài Gòn,TP. Hồ Chí Minh,,7480201CLC,Công nghệ thông tin (chương trình chất lượng cao),,cntt,Công nghệ thông tin - Máy tính - Dữ liệu - AI,high_quality,A00;A01;A02;A03;A04;A05;A06;A07;B00;B01;B02;B03;B08;C01;C02;C03;C04;D01;D07;D09;D10;X01;X02;X03;X04;X05;X06;X07;X08;X09;X10;X11;X12;X13;X14;X15;X16;X17;X18;X19;X20;X21;X22;X23;X24;X25;X26;X27;X28;X53;X54;X55;X56;X57,A00,observed,,41769000.0,41769000.0,per_year,,4,17.06,single_source,https://diemthi.vnexpress.net/tra-cuu-dai-hoc/loadbenchmark/id/289/year/2026/sortby/1/block_name/-1,False
SGD:7510301,SGD,Trường Đại học Sài Gòn,TP. Hồ Chí Minh,,7510301,"Công nghệ kỹ thuật điện, điện tử",7510301,ky_thuat,"Kỹ thuật - Công nghệ (cơ khí, điện, điện tử, ô tô, tự động hóa, vật liệu)",standard,A01;A00;A02;A03;A04;A05;A06;A07;B00;B01;B02;B03;B08;C01;C02;C03;C04;D01;D07;D09;D10;X01;X02;X03;X04;X05;X06;X07;X08;X09;X10;X11;X12;X13;X14;X15;X16;X17;X18;X19;X20;X21;X22;X23;X24;X25;X26;X27;X28;X53;X54;X55;X56;X57,A01,observed,45.0,37611000.0,37611000.0,per_year,,4,23.48,disputed,https://diemthi.vnexpress.net/tra-cuu-dai-hoc/loadbenchmark/id/289/year/2026/sortby/1/block_name/-1,False
SGD:7510302,SGD,Trường Đại học Sài Gòn,TP. Hồ Chí Minh,,7510302,Điện tử - viễn thông,7510302,ky_thuat,"Kỹ thuật - Công nghệ (cơ khí, điện, điện tử, ô tô, tự động hóa, vật liệu)",standard,A01;A00;A02;A03;A04;A05;A06;A07;B00;B01;B02;B03;B08;C01;C02;C03;C04;D01;D07;D09;D10;X01;X02;X03;X04;X05;X06;X07;X08;X09;X10;X11;X12;X13;X14;X15;X16;X17;X18;X19;X20;X21;X22;X23;X24;X25;X26;X27;X28;X53;X54;X55;X56;X57,A01,observed,45.0,37611000.0,37611000.0,per_year,,4,22.63,confirmed_2_sources,https://diemthi.vnexpress.net/tra-cuu-dai-hoc/loadbenchmark/id/289/year/2026/sortby/1/block_name/-1,False
SGD:7510406,SGD,Trường Đại học Sài Gòn,TP. Hồ Chí Minh,,7510406,Công nghệ kỹ thuật Môi trường,7510406,nong_lam_mt,Nông - Lâm - Thủy sản - Môi trường - Tài nguyên,standard,B00;A00;A01;A02;A03;A04;A05;A06;A07;B01;B02;B03;B08;C01;C02;C03;C04;D01;D07;D09;D10;X01;X02;X03;X04;X05;X06;X07;X08;X09;X10;X11;X12;X13;X14;X15;X16;X17;X18;X19;X20;X21;X22;X23;X24;X25;X26;X27;X28;X53;X54;X55;X56;X57,B00,observed,30.0,37611000.0,37611000.0,per_year,,4,22.09,disputed,https://diemthi.vnexpress.net/tra-cuu-dai-hoc/loadbenchmark/id/289/year/2026/sortby/1/block_name/-1,False
SGD:7520201,SGD,Trường Đại học Sài Gòn,TP. Hồ Chí Minh,,7520201,Kỹ thuật điện,7520201,ky_thuat,"Kỹ thuật - Công nghệ (cơ khí, điện, điện tử, ô tô, tự động hóa, vật liệu)",standard,A01;A00;A02;A03;A04;A05;A06;A07;B00;B01;B02;B03;B08;C01;C02;C03;C04;D01;D07;D09;D10;X01;X02;X03;X04;X05;X06;X07;X08;X09;X10;X11;X12;X13;X14;X15;X16;X17;X18;X19;X20;X21;X22;X23;X24;X25;X26;X27;X28;X53;X54;X55;X56;X57,A01,observed,30.0,37611000.0,37611000.0,per_year,,4,23.06,confirmed_2_sources,https://diemthi.vnexpress.net/tra-cuu-dai-hoc/loadbenchmark/id/289/year/2026/sortby/1/block_name/-1,False
SGD:7520207,SGD,Trường Đại học Sài Gòn,TP. Hồ Chí Minh,,7520207,Ngành Kỹ thuật điện tử truyền thông,7520207,bao_chi,Báo chí - Truyền thông - Quan hệ công chúng,standard,A01;A00;A02;A03;A04;A05;A06;A07;B00;B01;B02;B03;B08;C01;C02;C03;C04;D01;D07;D09;D10;X01;X02;X03;X04;X05;X06;X07;X08;X09;X10;X11;X12;X13;X14;X15;X16;X17;X18;X19;X20;X21;X22;X23;X24;X25;X26;X27;X28;X53;X54;X55;X56;X57,A01,observed,90.0,37611000.0,37611000.0,per_year,,4,21.75,confirmed_2_sources,https://diemthi.vnexpress.net/tra-cuu-dai-hoc/loadbenchmark/id/289/year/2026/sortby/1/block_name/-1,False
SGD:7810101,SGD,Trường Đại học Sài Gòn,TP. Hồ Chí Minh,,7810101,Du lịch,7810101,du_lich,Du lịch - Khách sạn - Logistics - Hàng không - Dịch vụ,standard,D01;C00;B03;C01;C02;C03;C04;X01;X02;X03;X04,D01,observed,120.0,30166000.0,30166000.0,per_year,,4,24.58,disputed,https://diemthi.vnexpress.net/tra-cuu-dai-hoc/loadbenchmark/id/289/year/2026/sortby/1/block_name/-1,False
SGD:7810202,SGD,Trường Đại học Sài Gòn,TP. Hồ Chí Minh,,7810202,Quản trị nhà hàng và dịch vụ ăn uống,7810202,du_lich,Du lịch - Khách sạn - Logistics - Hàng không - Dịch vụ,standard,D01;A00;A01;A02;A03;A04;A05;A06;A07;B00;B01;B02;B03;B08;C01;C02;C03;C04;D07;D09;D10;X01;X02;X03;X04;X05;X06;X07;X08;X09;X10;X11;X12;X13;X14;X15;X16;X17;X18;X19;X20;X21;X22;X23;X24;X25;X26;X27;X28;X53;X54;X55;X56;X57,D01,observed,60.0,30166000.0,30166000.0,per_year,,3,22.69,disputed,https://diemthi.vnexpress.net/tra-cuu-dai-hoc/loadbenchmark/id/289/year/2026/sortby/1/block_name/-1,False
SIU:7140103,SIU,Trường Đại học Quốc tế Sài Gòn,TP. Hồ Chí Minh,,7140103,Công nghệ giáo dục,7140103,su_pham,Sư phạm - Giáo dục,standard,A00;A01;X06;X02;X10;D07,A00,observed,,,,,"Sư phạm: không nhận thí sinh bị dị hình, dị tật, nói ngọng, nói lắp; điểm sàn của Bộ",2,15.0,single_source,https://vietnamnet.vn/newsapi-edu/UniversityDetail/GetDetail?pageId=49ff289efde0446f9ae2f5c385595744&componentId=COMPONENT002302&keyword=SIU&year=2026&pageSize=25&pageIndex=1&typeOfTraining=0&subjectGroup=,True
SIU:7220201,SIU,Trường Đại học Quốc tế Sài Gòn,TP. Hồ Chí Minh,,7220201,Ngôn ngữ Anh,7220201,ngon_ngu,Ngôn ngữ - Văn hóa - Quốc tế học,standard,A01;D01;D09;D14;D15;X78;A00;A07;X01;X02,A01,observed,,,,,,2,15.0,confirmed_2_sources,https://diemthi.vnexpress.net/tra-cuu-dai-hoc/loadbenchmark/id/293/year/2026/sortby/1/block_name/-1,True
SIU:7310401,SIU,Trường Đại học Quốc tế Sài Gòn,TP. Hồ Chí Minh,,7310401,Tâm lý học,7310401,y_duoc,Y - Dược - Điều dưỡng - Sức khỏe,standard,B00;C00;A07;D01;X01;X78;D14;D15;A00;A01;C01,B00,observed,,,,,Khối sức khỏe: có ngưỡng điểm sàn của Bộ,2,15.0,confirmed_2_sources,https://diemthi.vnexpress.net/tra-cuu-dai-hoc/loadbenchmark/id/293/year/2026/sortby/1/block_name/-1,True
SIU:7310608,SIU,Trường Đại học Quốc tế Sài Gòn,TP. Hồ Chí Minh,,7310608,Đông phương học,7310608,ngon_ngu,Ngôn ngữ - Văn hóa - Quốc tế học,standard,C00;D01;D14;D15;X17;D63;D65;A00;A01;A07;X21,C00,observed,,,,,,2,15.0,confirmed_2_sources,https://diemthi.vnexpress.net/tra-cuu-dai-hoc/loadbenchmark/id/293/year/2026/sortby/1/block_name/-1,True
SIU:7320104,SIU,Trường Đại học Quốc tế Sài Gòn,TP. Hồ Chí Minh,,7320104,Truyền thông đa phương tiện,7320104,bao_chi,Báo chí - Truyền thông - Quan hệ công chúng,standard,A01;C00;C03;D01;D09;D10;A00,A01,observed,,,,,,2,15.0,single_source,https://vietnamnet.vn/newsapi-edu/UniversityDetail/GetDetail?pageId=49ff289efde0446f9ae2f5c385595744&componentId=COMPONENT002302&keyword=SIU&year=2026&pageSize=25&pageIndex=1&typeOfTraining=0&subjectGroup=,True
SIU:7320108,SIU,Trường Đại học Quốc tế Sài Gòn,TP. Hồ Chí Minh,,7320108,Quan hệ công chúng,7320108,bao_chi,Báo chí - Truyền thông - Quan hệ công chúng,standard,A01;C00;C03;D01;D09;D10;A00,A01,observed,,,,,,2,15.0,single_source,https://vietnamnet.vn/newsapi-edu/UniversityDetail/GetDetail?pageId=49ff289efde0446f9ae2f5c385595744&componentId=COMPONENT002302&keyword=SIU&year=2026&pageSize=25&pageIndex=1&typeOfTraining=0&subjectGroup=,True
SIU:7340101,SIU,Trường Đại học Quốc tế Sài Gòn,TP. Hồ Chí Minh,,7340101,Quản trị Kinh doanh,7340101,kinh_te,Kinh tế - Kinh doanh - Quản trị - Marketing - Thương mại,standard,A00;A01;A07;D01;X01;X02;D07;X06,A00,observed,,,,,,2,15.0,confirmed_2_sources,https://diemthi.vnexpress.net/tra-cuu-dai-hoc/loadbenchmark/id/293/year/2026/sortby/1/block_name/-1,True
SIU:7340122,SIU,Trường Đại học Quốc tế Sài Gòn,TP. Hồ Chí Minh,,7340122,Thương mại điện tử,7340122,kinh_te,Kinh tế - Kinh doanh - Quản trị - Marketing - Thương mại,standard,A00;A01;A07;X02;D01;X01;D07;X06;X10,A00,observed,,,,,,2,15.0,confirmed_2_sources,https://diemthi.vnexpress.net/tra-cuu-dai-hoc/loadbenchmark/id/293/year/2026/sortby/1/block_name/-1,True
SIU:7340301,SIU,Trường Đại học Quốc tế Sài Gòn,TP. Hồ Chí Minh,,7340301,Kế toán,7340301,tai_chinh,Tài chính - Ngân hàng - Kế toán - Kiểm toán - Bảo hiểm,standard,A00;A01;C01;D01;X01;D07;X02;X06;X10,A00,observed,,,,,,2,15.0,confirmed_2_sources,https://diemthi.vnexpress.net/tra-cuu-dai-hoc/loadbenchmark/id/293/year/2026/sortby/1/block_name/-1,True
SIU:7380107,SIU,Trường Đại học Quốc tế Sài Gòn,TP. Hồ Chí Minh,,7380107,Luật kinh tế,7380107,luat,Luật,standard,A00;A01;C00;D01;X74;X78;C03;D09;D10,A00,observed,,,,,,2,15.0,disputed,https://diemthi.vnexpress.net/tra-cuu-dai-hoc/loadbenchmark/id/293/year/2026/sortby/1/block_name/-1,True
SIU:7480101,SIU,Trường Đại học Quốc tế Sài Gòn,TP. Hồ Chí Minh,,7480101,Khoa học máy tính,7480101,cntt,Công nghệ thông tin - Máy tính - Dữ liệu - AI,standard,A00;A01;X06;X02;X10;D07;C00;C03;D01;D09;D10,A00,observed,,,,,,2,15.0,confirmed_2_sources,https://diemthi.vnexpress.net/tra-cuu-dai-hoc/loadbenchmark/id/293/year/2026/sortby/1/block_name/-1,True
SIU:7480201,SIU,Trường Đại học Quốc tế Sài Gòn,TP. Hồ Chí Minh,,7480201,Công nghệ thông tin,7480201,cntt,Công nghệ thông tin - Máy tính - Dữ liệu - AI,standard,A00;A01;X06;X02;D01;D07,A00,observed,,,,,,2,15.0,single_source,https://vietnamnet.vn/newsapi-edu/UniversityDetail/GetDetail?pageId=49ff289efde0446f9ae2f5c385595744&componentId=COMPONENT002302&keyword=SIU&year=2026&pageSize=25&pageIndex=1&typeOfTraining=0&subjectGroup=,True
SIU:7510605,SIU,Trường Đại học Quốc tế Sài Gòn,TP. Hồ Chí Minh,,7510605,Logistics và Quản lý chuỗi cung ứng,7510605,du_lich,Du lịch - Khách sạn - Logistics - Hàng không - Dịch vụ,standard,A00;A01;A07;D01;X01;X78;D09;D14;D15,A00,observed,,,,,,2,15.0,confirmed_2_sources,https://diemthi.vnexpress.net/tra-cuu-dai-hoc/loadbenchmark/id/293/year/2026/sortby/1/block_name/-1,True
SIU:7810201,SIU,Trường Đại học Quốc tế Sài Gòn,TP. Hồ Chí Minh,,7810201,Quản trị khách sạn,7810201,du_lich,Du lịch - Khách sạn - Logistics - Hàng không - Dịch vụ,standard,A00;A01;A07;C00;D01;X21;X01;X02,A00,observed,,,,,,2,15.0,confirmed_2_sources,https://diemthi.vnexpress.net/tra-cuu-dai-hoc/loadbenchmark/id/293/year/2026/sortby/1/block_name/-1,True
SPH:7140101,SPH,Trường Đại học Sư phạm Hà Nội,Hà Nội,,7140101,Giáo dục học,7140101,su_pham,Sư phạm - Giáo dục,standard,C00;D01,C00,observed,80.0,,,,"Sư phạm: không nhận thí sinh bị dị hình, dị tật, nói ngọng, nói lắp; điểm sàn của Bộ",1,24.89,confirmed_2_sources,https://diemthi.vnexpress.net/tra-cuu-dai-hoc/loadbenchmark/id/423/year/2026/sortby/1/block_name/-1,True
SPH:7140114,SPH,Trường Đại học Sư phạm Hà Nội,Hà Nội,,7140114,Quản lý giáo dục,7140114,su_pham,Sư phạm - Giáo dục,standard,C03;D01;X01,C03,observed,90.0,,,,"Sư phạm: không nhận thí sinh bị dị hình, dị tật, nói ngọng, nói lắp; điểm sàn của Bộ",2,25.65,confirmed_2_sources,https://diemthi.vnexpress.net/tra-cuu-dai-hoc/loadbenchmark/id/423/year/2026/sortby/1/block_name/-1,True
SPH:7140202,SPH,Trường Đại học Sư phạm Hà Nội,Hà Nội,,7140202,Giáo dục Tiểu học,7140202,su_pham,Sư phạm - Giáo dục,standard,D01,D01,observed,215.0,,,,"Sư phạm: không nhận thí sinh bị dị hình, dị tật, nói ngọng, nói lắp; điểm sàn của Bộ",2,28.15,confirmed_2_sources,https://diemthi.vnexpress.net/tra-cuu-dai-hoc/loadbenchmark/id/423/year/2026/sortby/1/block_name/-1,True
SPH:7140202K,SPH,Trường Đại học Sư phạm Hà Nội,Hà Nội,,7140202K,Giáo dục Tiểu học - Sư phạm tiếng Anh,7140202,su_pham,Sư phạm - Giáo dục,standard,D01,D01,observed,100.0,,,,"Học bằng tiếng Anh (thường cần trình độ tiếng Anh tốt, có thể yêu cầu IELTS/chứng chỉ khi nhập học) | Sư phạm: không nhận thí sinh bị dị hình, dị tật, nói ngọng, nói lắp; điểm sàn của Bộ",2,28.42,confirmed_2_sources,https://diemthi.vnexpress.net/tra-cuu-dai-hoc/loadbenchmark/id/423/year/2026/sortby/1/block_name/-1,True
SPH:7140203,SPH,Trường Đại học Sư phạm Hà Nội,Hà Nội,,7140203,Giáo dục Đặc biệt,7140203,su_pham,Sư phạm - Giáo dục,standard,C00;D01,C00,observed,80.0,,,,"Sư phạm: không nhận thí sinh bị dị hình, dị tật, nói ngọng, nói lắp; điểm sàn của Bộ",2,26.53,confirmed_2_sources,https://diemthi.vnexpress.net/tra-cuu-dai-hoc/loadbenchmark/id/423/year/2026/sortby/1/block_name/-1,True
SPH:7140204,SPH,Trường Đại học Sư phạm Hà Nội,Hà Nội,,7140204,Giáo dục Công dân,7140204,su_pham,Sư phạm - Giáo dục,standard,X70;X74;X78,X70,synthesized,110.0,,,,"Sư phạm: không nhận thí sinh bị dị hình, dị tật, nói ngọng, nói lắp; điểm sàn của Bộ",2,26.18,confirmed_2_sources,https://diemthi.vnexpress.net/tra-cuu-dai-hoc/loadbenchmark/id/423/year/2026/sortby/1/block_name/-1,True
SPH:7140205,SPH,Trường Đại học Sư phạm Hà Nội,Hà Nội,,7140205,Giáo dục Chính trị,7140205,su_pham,Sư phạm - Giáo dục,standard,X70;X74;X78,X70,synthesized,25.0,,,,"Sư phạm: không nhận thí sinh bị dị hình, dị tật, nói ngọng, nói lắp; điểm sàn của Bộ",2,26.83,confirmed_2_sources,https://diemthi.vnexpress.net/tra-cuu-dai-hoc/loadbenchmark/id/423/year/2026/sortby/1/block_name/-1,True
SPH:7140208,SPH,Trường Đại học Sư phạm Hà Nội,Hà Nội,,7140208,Giáo dục Quốc phòng - An ninh,7140208,su_pham,Sư phạm - Giáo dục,standard,C03;C04;C00;D01,C03,observed,60.0,,,,"Sư phạm: không nhận thí sinh bị dị hình, dị tật, nói ngọng, nói lắp; điểm sàn của Bộ",2,25.41,confirmed_2_sources,https://diemthi.vnexpress.net/tra-cuu-dai-hoc/loadbenchmark/id/423/year/2026/sortby/1/block_name/-1,True
SPH:7140209,SPH,Trường Đại học Sư phạm Hà Nội,Hà Nội,,7140209,Sư phạm Toán học,7140209,su_pham,Sư phạm - Giáo dục,standard,A00;A01,A00,observed,300.0,,,,"Sư phạm: không nhận thí sinh bị dị hình, dị tật, nói ngọng, nói lắp; điểm sàn của Bộ",2,28.95,confirmed_2_sources,https://diemthi.vnexpress.net/tra-cuu-dai-hoc/loadbenchmark/id/423/year/2026/sortby/1/block_name/-1,True
SPH:7140209K,SPH,Trường Đại học Sư phạm Hà Nội,Hà Nội,,7140209K,Sư phạm Toán học (học bằng tiếng Anh),7140209,su_pham,Sư phạm - Giáo dục,standard,A01;D01,A01,observed,60.0,,,,"Học bằng tiếng Anh (thường cần trình độ tiếng Anh tốt, có thể yêu cầu IELTS/chứng chỉ khi nhập học) | Sư phạm: không nhận thí sinh bị dị hình, dị tật, nói ngọng, nói lắp; điểm sàn của Bộ",2,29.0,confirmed_2_sources,https://diemthi.vnexpress.net/tra-cuu-dai-hoc/loadbenchmark/id/423/year/2026/sortby/1/block_name/-1,True
SPH:7140210,SPH,Trường Đại học Sư phạm Hà Nội,Hà Nội,,7140210,Sư phạm Tin học (Chuyên ngành Tin học – Công nghệ Tiểu học),7140210,su_pham,Sư phạm - Giáo dục,standard,A01;X06;A00,A01,observed,100.0,,,,"Sư phạm: không nhận thí sinh bị dị hình, dị tật, nói ngọng, nói lắp; điểm sàn của Bộ",2,23.96,confirmed_2_sources,https://diemthi.vnexpress.net/tra-cuu-dai-hoc/loadbenchmark/id/423/year/2026/sortby/1/block_name/-1,True
SPH:7140210K,SPH,Trường Đại học Sư phạm Hà Nội,Hà Nội,,7140210K,Sư phạm Tin học (dạy bằng Tiếng Anh),7140210,su_pham,Sư phạm - Giáo dục,standard,A01;X06,A01,observed,20.0,,,,"Học bằng tiếng Anh (thường cần trình độ tiếng Anh tốt, có thể yêu cầu IELTS/chứng chỉ khi nhập học) | Sư phạm: không nhận thí sinh bị dị hình, dị tật, nói ngọng, nói lắp; điểm sàn của Bộ",1,23.75,confirmed_2_sources,https://diemthi.vnexpress.net/tra-cuu-dai-hoc/loadbenchmark/id/423/year/2026/sortby/1/block_name/-1,True
SPH:7140211,SPH,Trường Đại học Sư phạm Hà Nội,Hà Nội,,7140211,Sư phạm Vật lý,7140211,su_pham,Sư phạm - Giáo dục,standard,A00;A01,A00,observed,50.0,,,,"Sư phạm: không nhận thí sinh bị dị hình, dị tật, nói ngọng, nói lắp; điểm sàn của Bộ",2,28.77,confirmed_2_sources,https://diemthi.vnexpress.net/tra-cuu-dai-hoc/loadbenchmark/id/423/year/2026/sortby/1/block_name/-1,True
SPH:7140211K,SPH,Trường Đại học Sư phạm Hà Nội,Hà Nội,,7140211K,Sư phạm Vật lí (học bằng tiếng Anh),7140211,su_pham,Sư phạm - Giáo dục,standard,A00;A01,A00,observed,20.0,,,,"Học bằng tiếng Anh (thường cần trình độ tiếng Anh tốt, có thể yêu cầu IELTS/chứng chỉ khi nhập học) | Sư phạm: không nhận thí sinh bị dị hình, dị tật, nói ngọng, nói lắp; điểm sàn của Bộ",2,28.35,confirmed_2_sources,https://diemthi.vnexpress.net/tra-cuu-dai-hoc/loadbenchmark/id/423/year/2026/sortby/1/block_name/-1,True
SPH:7140212,SPH,Trường Đại học Sư phạm Hà Nội,Hà Nội,,7140212,Sư phạm Hóa học,7140212,su_pham,Sư phạm - Giáo dục,standard,A00;B00,A00,observed,50.0,,,,"Sư phạm: không nhận thí sinh bị dị hình, dị tật, nói ngọng, nói lắp; điểm sàn của Bộ",2,28.99,confirmed_2_sources,https://diemthi.vnexpress.net/tra-cuu-dai-hoc/loadbenchmark/id/423/year/2026/sortby/1/block_name/-1,True
SPH:7140212K,SPH,Trường Đại học Sư phạm Hà Nội,Hà Nội,,7140212K,Sư phạm Hóa học (học bằng tiếng Anh),7140212,su_pham,Sư phạm - Giáo dục,standard,D07,D07,observed,20.0,,,,"Học bằng tiếng Anh (thường cần trình độ tiếng Anh tốt, có thể yêu cầu IELTS/chứng chỉ khi nhập học) | Sư phạm: không nhận thí sinh bị dị hình, dị tật, nói ngọng, nói lắp; điểm sàn của Bộ",2,28.22,confirmed_2_sources,https://diemthi.vnexpress.net/tra-cuu-dai-hoc/loadbenchmark/id/423/year/2026/sortby/1/block_name/-1,True
SPH:7140213,SPH,Trường Đại học Sư phạm Hà Nội,Hà Nội,,7140213,Sư phạm Sinh học,7140213,su_pham,Sư phạm - Giáo dục,standard,B00;D08;B08,B00,observed,70.0,,,,"Sư phạm: không nhận thí sinh bị dị hình, dị tật, nói ngọng, nói lắp; điểm sàn của Bộ",2,28.28,confirmed_2_sources,https://diemthi.vnexpress.net/tra-cuu-dai-hoc/loadbenchmark/id/423/year/2026/sortby/1/block_name/-1,True
SPH:7140217,SPH,Trường Đại học Sư phạm Hà Nội,Hà Nội,,7140217,Sư phạm Ngữ văn,7140217,su_pham,Sư phạm - Giáo dục,standard,C00;D01,C00,observed,450.0,,,,"Sư phạm: không nhận thí sinh bị dị hình, dị tật, nói ngọng, nói lắp; điểm sàn của Bộ",2,28.71,confirmed_2_sources,https://diemthi.vnexpress.net/tra-cuu-dai-hoc/loadbenchmark/id/423/year/2026/sortby/1/block_name/-1,True
SPH:7140218,SPH,Trường Đại học Sư phạm Hà Nội,Hà Nội,,7140218,Sư phạm Lịch sử,7140218,su_pham,Sư phạm - Giáo dục,standard,C00;D14,C00,observed,85.0,,,,"Sư phạm: không nhận thí sinh bị dị hình, dị tật, nói ngọng, nói lắp; điểm sàn của Bộ",2,28.61,confirmed_2_sources,https://diemthi.vnexpress.net/tra-cuu-dai-hoc/loadbenchmark/id/423/year/2026/sortby/1/block_name/-1,True
SPH:7140219,SPH,Trường Đại học Sư phạm Hà Nội,Hà Nội,,7140219,Sư phạm Địa lý,7140219,su_pham,Sư phạm - Giáo dục,standard,C00;C04,C00,observed,100.0,,,,"Sư phạm: không nhận thí sinh bị dị hình, dị tật, nói ngọng, nói lắp; điểm sàn của Bộ",2,28.22,confirmed_2_sources,https://diemthi.vnexpress.net/tra-cuu-dai-hoc/loadbenchmark/id/423/year/2026/sortby/1/block_name/-1,True
SPH:7140231,SPH,Trường Đại học Sư phạm Hà Nội,Hà Nội,,7140231,Sư phạm Tiếng Anh,7140231,su_pham,Sư phạm - Giáo dục,standard,D01,D01,observed,160.0,,,,"Học bằng tiếng Anh (thường cần trình độ tiếng Anh tốt, có thể yêu cầu IELTS/chứng chỉ khi nhập học) | Sư phạm: không nhận thí sinh bị dị hình, dị tật, nói ngọng, nói lắp; điểm sàn của Bộ",2,27.69,confirmed_2_sources,https://diemthi.vnexpress.net/tra-cuu-dai-hoc/loadbenchmark/id/423/year/2026/sortby/1/block_name/-1,True
SPH:7140233,SPH,Trường Đại học Sư phạm Hà Nội,Hà Nội,,7140233,Sư phạm Tiếng Pháp,7140233,su_pham,Sư phạm - Giáo dục,standard,D01;D03,D01,observed,20.0,,,,"Sư phạm: không nhận thí sinh bị dị hình, dị tật, nói ngọng, nói lắp; điểm sàn của Bộ",2,20.6,confirmed_2_sources,https://diemthi.vnexpress.net/tra-cuu-dai-hoc/loadbenchmark/id/423/year/2026/sortby/1/block_name/-1,True
SPH:7140246,SPH,Trường Đại học Sư phạm Hà Nội,Hà Nội,,7140246,Sư phạm công nghệ,7140246,su_pham,Sư phạm - Giáo dục,standard,A00;A01;X07;X08,A00,observed,150.0,,,,"Sư phạm: không nhận thí sinh bị dị hình, dị tật, nói ngọng, nói lắp; điểm sàn của Bộ",2,23.29,confirmed_2_sources,https://diemthi.vnexpress.net/tra-cuu-dai-hoc/loadbenchmark/id/423/year/2026/sortby/1/block_name/-1,True
SPH:7140247,SPH,Trường Đại học Sư phạm Hà Nội,Hà Nội,,7140247,Sư phạm khoa học tự nhiên,7140247,su_pham,Sư phạm - Giáo dục,standard,A00;B00,A00,observed,70.0,,,,"Sư phạm: không nhận thí sinh bị dị hình, dị tật, nói ngọng, nói lắp; điểm sàn của Bộ",2,27.47,confirmed_2_sources,https://diemthi.vnexpress.net/tra-cuu-dai-hoc/loadbenchmark/id/423/year/2026/sortby/1/block_name/-1,True
SPH:7140249,SPH,Trường Đại học Sư phạm Hà Nội,Hà Nội,,7140249,Sư phạm Lịch sử - Địa lý,7140249,su_pham,Sư phạm - Giáo dục,standard,C00,C00,observed,100.0,,,,"Sư phạm: không nhận thí sinh bị dị hình, dị tật, nói ngọng, nói lắp; điểm sàn của Bộ",2,27.78,confirmed_2_sources,https://diemthi.vnexpress.net/tra-cuu-dai-hoc/loadbenchmark/id/423/year/2026/sortby/1/block_name/-1,True
SPH:7220101,SPH,Trường Đại học Sư phạm Hà Nội,Hà Nội,,7220101,Tiếng Việt và Văn hóa Việt Nam,7220101,ngon_ngu,Ngôn ngữ - Văn hóa - Quốc tế học,standard,C00;D14,C00,observed,70.0,,,,,2,24.53,confirmed_2_sources,https://diemthi.vnexpress.net/tra-cuu-dai-hoc/loadbenchmark/id/423/year/2026/sortby/1/block_name/-1,True
SPH:7220201,SPH,Trường Đại học Sư phạm Hà Nội,Hà Nội,,7220201,Ngôn ngữ Anh,7220201,ngon_ngu,Ngôn ngữ - Văn hóa - Quốc tế học,standard,D01,D01,observed,60.0,,,,,3,25.57,confirmed_2_sources,https://diemthi.vnexpress.net/tra-cuu-dai-hoc/loadbenchmark/id/423/year/2026/sortby/1/block_name/-1,True
SPH:7220203,SPH,Trường Đại học Sư phạm Hà Nội,Hà Nội,,7220203,Ngôn ngữ Pháp,7220203,ngon_ngu,Ngôn ngữ - Văn hóa - Quốc tế học,standard,D01;D03,D01,observed,60.0,,,,,1,22.25,confirmed_2_sources,https://diemthi.vnexpress.net/tra-cuu-dai-hoc/loadbenchmark/id/423/year/2026/sortby/1/block_name/-1,True
SPH:7220204,SPH,Trường Đại học Sư phạm Hà Nội,Hà Nội,,7220204,Ngôn ngữ Trung Quốc,7220204,ngon_ngu,Ngôn ngữ - Văn hóa - Quốc tế học,standard,D01;D04,D01,observed,45.0,,,,,2,24.93,confirmed_2_sources,https://diemthi.vnexpress.net/tra-cuu-dai-hoc/loadbenchmark/id/423/year/2026/sortby/1/block_name/-1,True
SPH:7229001,SPH,Trường Đại học Sư phạm Hà Nội,Hà Nội,,7229001,Triết học,7229001,xa_hoi,Khoa học xã hội - Tâm lý - Nhân văn - Chính trị - Hành chính,standard,C00;D14;X70,C00,observed,195.0,,,,,2,24.52,confirmed_2_sources,https://diemthi.vnexpress.net/tra-cuu-dai-hoc/loadbenchmark/id/423/year/2026/sortby/1/block_name/-1,True
SPH:7229010,SPH,Trường Đại học Sư phạm Hà Nội,Hà Nội,,7229010,Lịch sử,7229010,xa_hoi,Khoa học xã hội - Tâm lý - Nhân văn - Chính trị - Hành chính,standard,C00;C03;D14,C00,observed,60.0,,,,,2,27.2,confirmed_2_sources,https://diemthi.vnexpress.net/tra-cuu-dai-hoc/loadbenchmark/id/423/year/2026/sortby/1/block_name/-1,True
SPH:7229030,SPH,Trường Đại học Sư phạm Hà Nội,Hà Nội,,7229030,Văn học,7229030,xa_hoi,Khoa học xã hội - Tâm lý - Nhân văn - Chính trị - Hành chính,standard,C00;D01,C00,observed,100.0,,,,,2,26.43,confirmed_2_sources,https://diemthi.vnexpress.net/tra-cuu-dai-hoc/loadbenchmark/id/423/year/2026/sortby/1/block_name/-1,True
SPH:7310201,SPH,Trường Đại học Sư phạm Hà Nội,Hà Nội,,7310201,Chính trị học,7310201,xa_hoi,Khoa học xã hội - Tâm lý - Nhân văn - Chính trị - Hành chính,standard,X70;X74;X78,X70,synthesized,100.0,,,,,2,23.56,confirmed_2_sources,https://diemthi.vnexpress.net/tra-cuu-dai-hoc/loadbenchmark/id/423/year/2026/sortby/1/block_name/-1,True
SPH:7310301,SPH,Trường Đại học Sư phạm Hà Nội,Hà Nội,,7310301,Xã hội học,7310301,xa_hoi,Khoa học xã hội - Tâm lý - Nhân văn - Chính trị - Hành chính,standard,C00;D14;X70,C00,observed,80.0,,,,,2,23.75,confirmed_2_sources,https://diemthi.vnexpress.net/tra-cuu-dai-hoc/loadbenchmark/id/423/year/2026/sortby/1/block_name/-1,True
SPH:7310401,SPH,Trường Đại học Sư phạm Hà Nội,Hà Nội,,7310401,Tâm lý học,7310401,y_duoc,Y - Dược - Điều dưỡng - Sức khỏe,standard,C00;D01;D14;D15,C00,observed,200.0,,,,Khối sức khỏe: có ngưỡng điểm sàn của Bộ,2,24.25,confirmed_2_sources,https://diemthi.vnexpress.net/tra-cuu-dai-hoc/loadbenchmark/id/423/year/2026/sortby/1/block_name/-1,True
SPH:7310403,SPH,Trường Đại học Sư phạm Hà Nội,Hà Nội,,7310403,Tâm lý học giáo dục,7310403,su_pham,Sư phạm - Giáo dục,standard,C00;D01;D14;D15,C00,observed,90.0,,,,"Sư phạm: không nhận thí sinh bị dị hình, dị tật, nói ngọng, nói lắp; điểm sàn của Bộ",2,25.62,confirmed_2_sources,https://diemthi.vnexpress.net/tra-cuu-dai-hoc/loadbenchmark/id/423/year/2026/sortby/1/block_name/-1,True
SPH:7310501,SPH,Trường Đại học Sư phạm Hà Nội,Hà Nội,,7310501,Địa lý học,7310501,y_duoc,Y - Dược - Điều dưỡng - Sức khỏe,standard,C04;C00;X74,C04,observed,70.0,,,,Khối sức khỏe: có ngưỡng điểm sàn của Bộ,1,25.44,confirmed_2_sources,https://diemthi.vnexpress.net/tra-cuu-dai-hoc/loadbenchmark/id/423/year/2026/sortby/1/block_name/-1,True
SPH:7310601,SPH,Trường Đại học Sư phạm Hà Nội,Hà Nội,,7310601,Quốc tế học,7310601,ngon_ngu,Ngôn ngữ - Văn hóa - Quốc tế học,international,D14;C00;C03,C00,observed,60.0,,,,"Học bằng tiếng Anh (thường cần trình độ tiếng Anh tốt, có thể yêu cầu IELTS/chứng chỉ khi nhập học) | Chương trình liên kết/quốc tế: học phí cao hơn chương trình chuẩn",1,25.03,confirmed_2_sources,https://diemthi.vnexpress.net/tra-cuu-dai-hoc/loadbenchmark/id/423/year/2026/sortby/1/block_name/-1,True
SPH:7310630,SPH,Trường Đại học Sư phạm Hà Nội,Hà Nội,,7310630,Việt Nam học,7310630,ngon_ngu,Ngôn ngữ - Văn hóa - Quốc tế học,standard,D14;C00;X70;D01,C00,observed,210.0,,,,,2,23.0,confirmed_2_sources,https://diemthi.vnexpress.net/tra-cuu-dai-hoc/loadbenchmark/id/423/year/2026/sortby/1/block_name/-1,True
SPH:7420101,SPH,Trường Đại học Sư phạm Hà Nội,Hà Nội,,7420101,Sinh hoc,7420101,sinh_hoa,Sinh học - Hóa học - Công nghệ sinh học - Thực phẩm,standard,B02;B00;B08;X16,B00,observed,120.0,,,,,2,19.0,confirmed_2_sources,https://diemthi.vnexpress.net/tra-cuu-dai-hoc/loadbenchmark/id/423/year/2026/sortby/1/block_name/-1,True
SPH:7420201,SPH,Trường Đại học Sư phạm Hà Nội,Hà Nội,,7420201,Công nghệ sinh học,7420201,sinh_hoa,Sinh học - Hóa học - Công nghệ sinh học - Thực phẩm,standard,A02;B00;B08;X16,A02,observed,80.0,,,,,2,19.6,confirmed_2_sources,https://diemthi.vnexpress.net/tra-cuu-dai-hoc/loadbenchmark/id/423/year/2026/sortby/1/block_name/-1,True
SPH:7440102,SPH,Trường Đại học Sư phạm Hà Nội,Hà Nội,,7440102,Vật lý học,7440102,y_duoc,Y - Dược - Điều dưỡng - Sức khỏe,standard,A00;A01;X06,A00,observed,120.0,,,,Khối sức khỏe: có ngưỡng điểm sàn của Bộ,2,23.72,confirmed_2_sources,https://diemthi.vnexpress.net/tra-cuu-dai-hoc/loadbenchmark/id/423/year/2026/sortby/1/block_name/-1,True
SPH:7440112,SPH,Trường Đại học Sư phạm Hà Nội,Hà Nội,,7440112,Hóa học,7440112,sinh_hoa,Sinh học - Hóa học - Công nghệ sinh học - Thực phẩm,standard,A00;B00;D07,A00,observed,120.0,,,,,2,24.49,confirmed_2_sources,https://diemthi.vnexpress.net/tra-cuu-dai-hoc/loadbenchmark/id/423/year/2026/sortby/1/block_name/-1,True
SPH:7440112D,SPH,Trường Đại học Sư phạm Hà Nội,Hà Nội,,7440112D,Hóa học (Hóa dược),7440112,y_duoc,Y - Dược - Điều dưỡng - Sức khỏe,standard,A00;B00;D07,A00,observed,120.0,,,,Khối sức khỏe: có ngưỡng điểm sàn của Bộ,1,22.35,confirmed_2_sources,https://diemthi.vnexpress.net/tra-cuu-dai-hoc/loadbenchmark/id/423/year/2026/sortby/1/block_name/-1,True
SPH:7460101,SPH,Trường Đại học Sư phạm Hà Nội,Hà Nội,,7460101,Toán học,7460101,khoa_hoc_tn,Khoa học tự nhiên - Toán - Vật lý - Thống kê,standard,A00;A01,A00,observed,100.0,,,,,2,26.38,confirmed_2_sources,https://diemthi.vnexpress.net/tra-cuu-dai-hoc/loadbenchmark/id/423/year/2026/sortby/1/block_name/-1,True
SPH:7460108,SPH,Trường Đại học Sư phạm Hà Nội,Hà Nội,,7460108,Khoa học dữ liệu (Data Science),7460108,cntt,Công nghệ thông tin - Máy tính - Dữ liệu - AI,standard,X06;A01,A01,observed,60.0,,,,,1,20.88,confirmed_2_sources,https://diemthi.vnexpress.net/tra-cuu-dai-hoc/loadbenchmark/id/423/year/2026/sortby/1/block_name/-1,True
SPH:7480107,SPH,Trường Đại học Sư phạm Hà Nội,Hà Nội,,7480107,Trí tuệ nhân tạo,7480107,cntt,Công nghệ thông tin - Máy tính - Dữ liệu - AI,standard,X06;A01,A01,observed,60.0,,,,,1,20.35,confirmed_2_sources,https://diemthi.vnexpress.net/tra-cuu-dai-hoc/loadbenchmark/id/423/year/2026/sortby/1/block_name/-1,True
SPH:7480201,SPH,Trường Đại học Sư phạm Hà Nội,Hà Nội,,7480201,Công nghệ thông tin,7480201,cntt,Công nghệ thông tin - Máy tính - Dữ liệu - AI,standard,A01;X06;A00,A01,observed,140.0,,,,,2,20.25,confirmed_2_sources,https://diemthi.vnexpress.net/tra-cuu-dai-hoc/loadbenchmark/id/423/year/2026/sortby/1/block_name/-1,True
SPH:7760101,SPH,Trường Đại học Sư phạm Hà Nội,Hà Nội,,7760101,Công tác xã hội,7760101,xa_hoi,Khoa học xã hội - Tâm lý - Nhân văn - Chính trị - Hành chính,standard,C00;D14;X70,C00,observed,220.0,,,,,2,22.95,confirmed_2_sources,https://diemthi.vnexpress.net/tra-cuu-dai-hoc/loadbenchmark/id/423/year/2026/sortby/1/block_name/-1,True
SPH:7760103,SPH,Trường Đại học Sư phạm Hà Nội,Hà Nội,,7760103,Hỗ trợ giáo dục người khuyết tật,7760103,su_pham,Sư phạm - Giáo dục,standard,C00;D01,C00,observed,160.0,,,,"Sư phạm: không nhận thí sinh bị dị hình, dị tật, nói ngọng, nói lắp; điểm sàn của Bộ",2,22.85,confirmed_2_sources,https://diemthi.vnexpress.net/tra-cuu-dai-hoc/loadbenchmark/id/423/year/2026/sortby/1/block_name/-1,True
SPH:7810103,SPH,Trường Đại học Sư phạm Hà Nội,Hà Nội,,7810103,Quản trị dịch vụ du lịch và lữ hành,7810103,du_lich,Du lịch - Khách sạn - Logistics - Hàng không - Dịch vụ,standard,D14;C00;X70;D01,C00,observed,150.0,,,,,2,23.77,confirmed_2_sources,https://diemthi.vnexpress.net/tra-cuu-dai-hoc/loadbenchmark/id/423/year/2026/sortby/1/block_name/-1,True
SPK:7140231V,SPK,Trường Đại học Sư phạm Kỹ thuật tp. Hồ Chí Minh,TP. Hồ Chí Minh,,7140231V,Sư phạm Tiếng Anh,7140231,su_pham,Sư phạm - Giáo dục,standard,D01;D09;D10;X26,D01,observed,,,,,"Học bằng tiếng Anh (thường cần trình độ tiếng Anh tốt, có thể yêu cầu IELTS/chứng chỉ khi nhập học) | Sư phạm: không nhận thí sinh bị dị hình, dị tật, nói ngọng, nói lắp; điểm sàn của Bộ",3,26.42,confirmed_2_sources,https://diemthi.vnexpress.net/tra-cuu-dai-hoc/loadbenchmark/id/290/year/2026/sortby/1/block_name/-1,True
SPK:7140246V,SPK,Trường Đại học Sư phạm Kỹ thuật tp. Hồ Chí Minh,TP. Hồ Chí Minh,,7140246V,Sư phạm Công nghệ,7140246,su_pham,Sư phạm - Giáo dục,standard,A00;A01;C01;X07;X08;D01,A00,observed,,,,,"Sư phạm: không nhận thí sinh bị dị hình, dị tật, nói ngọng, nói lắp; điểm sàn của Bộ",3,23.59,confirmed_2_sources,https://diemthi.vnexpress.net/tra-cuu-dai-hoc/loadbenchmark/id/290/year/2026/sortby/1/block_name/-1,True
SPK:7220201V,SPK,Trường Đại học Sư phạm Kỹ thuật tp. Hồ Chí Minh,TP. Hồ Chí Minh,,7220201V,Ngôn ngữ Anh,7220201,ngon_ngu,Ngôn ngữ - Văn hóa - Quốc tế học,standard,D01;D09;D10;X26,D01,observed,,,,,,3,21.05,confirmed_2_sources,https://diemthi.vnexpress.net/tra-cuu-dai-hoc/loadbenchmark/id/290/year/2026/sortby/1/block_name/-1,True
SPK:7310403BP,SPK,Trường Đại học Sư phạm Kỹ thuật tp. Hồ Chí Minh,TP. Hồ Chí Minh,,7310403BP,"Tâm lý học giáo dục (đào tạo bằng tiếng Việt, đào tạo nguồn nhân lực cho tỉnh Bình Phước cũ)",7310403,su_pham,Sư phạm - Giáo dục,standard,C00;X70;D14;X74;D01;X78,C00,observed,,,,,"Sư phạm: không nhận thí sinh bị dị hình, dị tật, nói ngọng, nói lắp; điểm sàn của Bộ",1,19.1,confirmed_2_sources,https://diemthi.vnexpress.net/tra-cuu-dai-hoc/loadbenchmark/id/290/year/2026/sortby/1/block_name/-1,True
SPK:7310403V,SPK,Trường Đại học Sư phạm Kỹ thuật tp. Hồ Chí Minh,TP. Hồ Chí Minh,,7310403V,Tâm lý học giáo dục,7310403,su_pham,Sư phạm - Giáo dục,standard,C00;X70;D14;X74;D01;X78,C00,observed,,,,,"Sư phạm: không nhận thí sinh bị dị hình, dị tật, nói ngọng, nói lắp; điểm sàn của Bộ",3,19.4,confirmed_2_sources,https://diemthi.vnexpress.net/tra-cuu-dai-hoc/loadbenchmark/id/290/year/2026/sortby/1/block_name/-1,True
SPK:7320106V,SPK,Trường Đại học Sư phạm Kỹ thuật tp. Hồ Chí Minh,TP. Hồ Chí Minh,,7320106V,Công nghệ truyền thông (Truyền thông số và Công nghệ đa phương tiện),7320106,bao_chi,Báo chí - Truyền thông - Quan hệ công chúng,standard,C03;X02;D01;X26,C03,observed,,,,,,2,23.75,confirmed_2_sources,https://diemthi.vnexpress.net/tra-cuu-dai-hoc/loadbenchmark/id/290/year/2026/sortby/1/block_name/-1,True
SPK:7340101V,SPK,Trường Đại học Sư phạm Kỹ thuật tp. Hồ Chí Minh,TP. Hồ Chí Minh,,7340101V,Quản trị kinh doanh,7340101,kinh_te,Kinh tế - Kinh doanh - Quản trị - Marketing - Thương mại,standard,A00;A01;C01;D01,A00,observed,,,,,,2,19.9,confirmed_2_sources,https://diemthi.vnexpress.net/tra-cuu-dai-hoc/loadbenchmark/id/290/year/2026/sortby/1/block_name/-1,True
SPK:7340120A,SPK,Trường Đại học Sư phạm Kỹ thuật tp. Hồ Chí Minh,TP. Hồ Chí Minh,,7340120A,Kinh doanh quốc tế,7340120,kinh_te,Kinh tế - Kinh doanh - Quản trị - Marketing - Thương mại,international,A00;A01;C01;D01,A00,observed,,,,,"Học bằng tiếng Anh (thường cần trình độ tiếng Anh tốt, có thể yêu cầu IELTS/chứng chỉ khi nhập học) | Chương trình liên kết/quốc tế: học phí cao hơn chương trình chuẩn",1,18.0,confirmed_2_sources,https://diemthi.vnexpress.net/tra-cuu-dai-hoc/loadbenchmark/id/290/year/2026/sortby/1/block_name/-1,True
SPK:7340120V,SPK,Trường Đại học Sư phạm Kỹ thuật tp. Hồ Chí Minh,TP. Hồ Chí Minh,,7340120V,Kinh doanh quốc tế,7340120,kinh_te,Kinh tế - Kinh doanh - Quản trị - Marketing - Thương mại,international,A00;A01;C01;D01,A00,observed,,,,,"Học bằng tiếng Anh (thường cần trình độ tiếng Anh tốt, có thể yêu cầu IELTS/chứng chỉ khi nhập học) | Chương trình liên kết/quốc tế: học phí cao hơn chương trình chuẩn",3,22.0,confirmed_2_sources,https://diemthi.vnexpress.net/tra-cuu-dai-hoc/loadbenchmark/id/290/year/2026/sortby/1/block_name/-1,True
SPK:7340122A,SPK,Trường Đại học Sư phạm Kỹ thuật tp. Hồ Chí Minh,TP. Hồ Chí Minh,,7340122A,Thương mại điện tử (đào tạo bằng tiếng Anh),7340122,ngon_ngu,Ngôn ngữ - Văn hóa - Quốc tế học,standard,A00;A01;C01;D01,A00,observed,,,,,"Học bằng tiếng Anh (thường cần trình độ tiếng Anh tốt, có thể yêu cầu IELTS/chứng chỉ khi nhập học)",1,18.0,confirmed_2_sources,https://diemthi.vnexpress.net/tra-cuu-dai-hoc/loadbenchmark/id/290/year/2026/sortby/1/block_name/-1,True
SPK:7340122V,SPK,Trường Đại học Sư phạm Kỹ thuật tp. Hồ Chí Minh,TP. Hồ Chí Minh,,7340122V,Thương mại điện tử,7340122,kinh_te,Kinh tế - Kinh doanh - Quản trị - Marketing - Thương mại,standard,A00;A01;C01;D01,A00,observed,,,,,,3,23.5,confirmed_2_sources,https://diemthi.vnexpress.net/tra-cuu-dai-hoc/loadbenchmark/id/290/year/2026/sortby/1/block_name/-1,True
SPK:7340205V,SPK,Trường Đại học Sư phạm Kỹ thuật tp. Hồ Chí Minh,TP. Hồ Chí Minh,,7340205V,Công nghệ tài chính,7340205,tai_chinh,Tài chính - Ngân hàng - Kế toán - Kiểm toán - Bảo hiểm,standard,A00;A01;C01;D01,A00,observed,,,,,,2,22.01,confirmed_2_sources,https://diemthi.vnexpress.net/tra-cuu-dai-hoc/loadbenchmark/id/290/year/2026/sortby/1/block_name/-1,True
SPK:7340301V,SPK,Trường Đại học Sư phạm Kỹ thuật tp. Hồ Chí Minh,TP. Hồ Chí Minh,,7340301V,Kế toán,7340301,tai_chinh,Tài chính - Ngân hàng - Kế toán - Kiểm toán - Bảo hiểm,standard,A00;A01;C01;D01,A00,observed,,,,,,3,20.5,confirmed_2_sources,https://diemthi.vnexpress.net/tra-cuu-dai-hoc/loadbenchmark/id/290/year/2026/sortby/1/block_name/-1,True
SPK:7380101V,SPK,Trường Đại học Sư phạm Kỹ thuật tp. Hồ Chí Minh,TP. Hồ Chí Minh,,7380101V,Luật,7380101,luat,Luật,standard,C00;X70;D14;D01;X74;X78;A00;A01,C00,observed,,,,,,3,20.5,confirmed_2_sources,https://diemthi.vnexpress.net/tra-cuu-dai-hoc/loadbenchmark/id/290/year/2026/sortby/1/block_name/-1,True
SPK:7480108A,SPK,Trường Đại học Sư phạm Kỹ thuật tp. Hồ Chí Minh,TP. Hồ Chí Minh,,7480108A,Công nghệ kỹ thuật máy tinh (hệ ('hất lượng cao ticng Anh),7480108,cntt,Công nghệ thông tin - Máy tính - Dữ liệu - AI,standard,A00;A01;C01;D01,A00,observed,,,,,,4,24.3,confirmed_2_sources,https://diemthi.vnexpress.net/tra-cuu-dai-hoc/loadbenchmark/id/290/year/2026/sortby/1/block_name/-1,True
SPK:7480108V,SPK,Trường Đại học Sư phạm Kỹ thuật tp. Hồ Chí Minh,TP. Hồ Chí Minh,,7480108V,Công nghệ kỹ thuật máy tính,7480108,cntt,Công nghệ thông tin - Máy tính - Dữ liệu - AI,standard,A00;A01;C01;D01,A00,observed,,,,,,3,24.97,confirmed_2_sources,https://diemthi.vnexpress.net/tra-cuu-dai-hoc/loadbenchmark/id/290/year/2026/sortby/1/block_name/-1,True
SPK:7480118V,SPK,Trường Đại học Sư phạm Kỹ thuật tp. Hồ Chí Minh,TP. Hồ Chí Minh,,7480118V,Hệ thống những và IoT,7480118,cntt,Công nghệ thông tin - Máy tính - Dữ liệu - AI,standard,A00;A01;C01;D01,A00,observed,,,,,,3,25.2,confirmed_2_sources,https://diemthi.vnexpress.net/tra-cuu-dai-hoc/loadbenchmark/id/290/year/2026/sortby/1/block_name/-1,True
SPK:7480201A,SPK,Trường Đại học Sư phạm Kỹ thuật tp. Hồ Chí Minh,TP. Hồ Chí Minh,,7480201A,Công nghệ thông tin,7480201,cntt,Công nghệ thông tin - Máy tính - Dữ liệu - AI,standard,A00;A01;C01;D01;X06,A00,observed,,,,,,4,21.3,confirmed_2_sources,https://diemthi.vnexpress.net/tra-cuu-dai-hoc/loadbenchmark/id/290/year/2026/sortby/1/block_name/-1,True
SPK:7480201N,SPK,Trường Đại học Sư phạm Kỹ thuật tp. Hồ Chí Minh,TP. Hồ Chí Minh,,7480201N,Công nghệ thông tin,7480201,cntt,Công nghệ thông tin - Máy tính - Dữ liệu - AI,standard,A00;A01;C01;D01;X06,A00,observed,,,,,,3,22.0,confirmed_2_sources,https://diemthi.vnexpress.net/tra-cuu-dai-hoc/loadbenchmark/id/290/year/2026/sortby/1/block_name/-1,True
SPK:7480201V,SPK,Trường Đại học Sư phạm Kỹ thuật tp. Hồ Chí Minh,TP. Hồ Chí Minh,,7480201V,Công nghệ thông tin,7480201,cntt,Công nghệ thông tin - Máy tính - Dữ liệu - AI,standard,A00;A01;C01;D01;X06,A00,observed,,,,,,3,24.01,confirmed_2_sources,https://diemthi.vnexpress.net/tra-cuu-dai-hoc/loadbenchmark/id/290/year/2026/sortby/1/block_name/-1,True
SPK:7480202V,SPK,Trường Đại học Sư phạm Kỹ thuật tp. Hồ Chí Minh,TP. Hồ Chí Minh,,7480202V,An toàn thông tin,7480202,cntt,Công nghệ thông tin - Máy tính - Dữ liệu - AI,standard,A00;A01;C01;D01;X06,A00,observed,,,,,,3,24.2,confirmed_2_sources,https://diemthi.vnexpress.net/tra-cuu-dai-hoc/loadbenchmark/id/290/year/2026/sortby/1/block_name/-1,True
SPK:7480203A,SPK,Trường Đại học Sư phạm Kỹ thuật tp. Hồ Chí Minh,TP. Hồ Chí Minh,,7480203A,Kỹ thuật dữ liệu (đào tạo bằng tiếng Anh),7480203,cntt,Công nghệ thông tin - Máy tính - Dữ liệu - AI,standard,A00;A01;C01;D01;X06,A00,observed,,,,,"Học bằng tiếng Anh (thường cần trình độ tiếng Anh tốt, có thể yêu cầu IELTS/chứng chỉ khi nhập học)",1,20.25,confirmed_2_sources,https://diemthi.vnexpress.net/tra-cuu-dai-hoc/loadbenchmark/id/290/year/2026/sortby/1/block_name/-1,True
SPK:7480203V,SPK,Trường Đại học Sư phạm Kỹ thuật tp. Hồ Chí Minh,TP. Hồ Chí Minh,,7480203V,Kỹ thuật dữ liệu,7480203,cntt,Công nghệ thông tin - Máy tính - Dữ liệu - AI,standard,A00;A01;C01;D01;X06,A00,observed,,,,,,3,24.75,confirmed_2_sources,https://diemthi.vnexpress.net/tra-cuu-dai-hoc/loadbenchmark/id/290/year/2026/sortby/1/block_name/-1,True
SPK:7510102A,SPK,Trường Đại học Sư phạm Kỹ thuật tp. Hồ Chí Minh,TP. Hồ Chí Minh,,7510102A,Cóng nghệ kỹ thuật công trình xây dựng (hệ Chất lượng cao tiếng Anh),7510102,ngon_ngu,Ngôn ngữ - Văn hóa - Quốc tế học,high_quality,A00;A01;C01;D01,A00,observed,,,,,"Học bằng tiếng Anh (thường cần trình độ tiếng Anh tốt, có thể yêu cầu IELTS/chứng chỉ khi nhập học)",4,20.93,confirmed_2_sources,https://diemthi.vnexpress.net/tra-cuu-dai-hoc/loadbenchmark/id/290/year/2026/sortby/1/block_name/-1,True
SPK:7510102V,SPK,Trường Đại học Sư phạm Kỹ thuật tp. Hồ Chí Minh,TP. Hồ Chí Minh,,7510102V,Công nghệ kỹ thuật công trình xây dựng,7510102,xay_dung,Kiến trúc - Xây dựng - Giao thông - Quy hoạch,standard,A00;A01;C01;D01,A00,observed,,,,,,3,23.32,confirmed_2_sources,https://diemthi.vnexpress.net/tra-cuu-dai-hoc/loadbenchmark/id/290/year/2026/sortby/1/block_name/-1,True
SPK:7510106V,SPK,Trường Đại học Sư phạm Kỹ thuật tp. Hồ Chí Minh,TP. Hồ Chí Minh,,7510106V,Hệ thống kỹ thuật công trình xây dựng,7510106,xay_dung,Kiến trúc - Xây dựng - Giao thông - Quy hoạch,standard,A00;A01;C01;D01,A00,observed,,,,,,3,22.57,confirmed_2_sources,https://diemthi.vnexpress.net/tra-cuu-dai-hoc/loadbenchmark/id/290/year/2026/sortby/1/block_name/-1,True
SPK:7510201A,SPK,Trường Đại học Sư phạm Kỹ thuật tp. Hồ Chí Minh,TP. Hồ Chí Minh,,7510201A,Công nghệ kỳ thuật cơ khi (hệ Chát lượng cao tiếng Anh),7510201,ngon_ngu,Ngôn ngữ - Văn hóa - Quốc tế học,high_quality,A00;A01;C01;D01,A00,observed,,,,,"Học bằng tiếng Anh (thường cần trình độ tiếng Anh tốt, có thể yêu cầu IELTS/chứng chỉ khi nhập học)",4,23.95,confirmed_2_sources,https://diemthi.vnexpress.net/tra-cuu-dai-hoc/loadbenchmark/id/290/year/2026/sortby/1/block_name/-1,True
SPK:7510201TA,SPK,Trường Đại học Sư phạm Kỹ thuật tp. Hồ Chí Minh,TP. Hồ Chí Minh,,7510201TA,Công nghệ kỹ thuật cơ khí (CTĐT bằng Tiếng Anh),7510201,ngon_ngu,Ngôn ngữ - Văn hóa - Quốc tế học,standard,A00;A01;C01;D01,A00,observed,,,,,"Học bằng tiếng Anh (thường cần trình độ tiếng Anh tốt, có thể yêu cầu IELTS/chứng chỉ khi nhập học)",1,24.75,confirmed_2_sources,https://diemthi.vnexpress.net/tra-cuu-dai-hoc/loadbenchmark/id/290/year/2026/sortby/1/block_name/-1,True
SPK:7510201V,SPK,Trường Đại học Sư phạm Kỹ thuật tp. Hồ Chí Minh,TP. Hồ Chí Minh,,7510201V,Công nghệ kỹ thuật cơ khí,7510201,ky_thuat,"Kỹ thuật - Công nghệ (cơ khí, điện, điện tử, ô tô, tự động hóa, vật liệu)",standard,A00;A01;C01;D01,A00,observed,,,,,,3,25.78,confirmed_2_sources,https://diemthi.vnexpress.net/tra-cuu-dai-hoc/loadbenchmark/id/290/year/2026/sortby/1/block_name/-1,True
SPK:7510202A,SPK,Trường Đại học Sư phạm Kỹ thuật tp. Hồ Chí Minh,TP. Hồ Chí Minh,,7510202A,Công nghệ chc tạo máy (hệ Chắt lượng cao tiếng Anh),7510202,ngon_ngu,Ngôn ngữ - Văn hóa - Quốc tế học,high_quality,A00;A01;C01;D01,A00,observed,,,,,"Học bằng tiếng Anh (thường cần trình độ tiếng Anh tốt, có thể yêu cầu IELTS/chứng chỉ khi nhập học)",4,22.88,confirmed_2_sources,https://diemthi.vnexpress.net/tra-cuu-dai-hoc/loadbenchmark/id/290/year/2026/sortby/1/block_name/-1,True
SPK:7510202N,SPK,Trường Đại học Sư phạm Kỹ thuật tp. Hồ Chí Minh,TP. Hồ Chí Minh,,7510202N,Công nghệ chế tạo máy (Việt - Nhật),7510202,ky_thuat,"Kỹ thuật - Công nghệ (cơ khí, điện, điện tử, ô tô, tự động hóa, vật liệu)",standard,A00;A01;C01;D01,A00,observed,,,,,,4,23.35,confirmed_2_sources,https://diemthi.vnexpress.net/tra-cuu-dai-hoc/loadbenchmark/id/290/year/2026/sortby/1/block_name/-1,True
SPK:7510202V,SPK,Trường Đại học Sư phạm Kỹ thuật tp. Hồ Chí Minh,TP. Hồ Chí Minh,,7510202V,Công nghệ chế tạo máy,7510202,ky_thuat,"Kỹ thuật - Công nghệ (cơ khí, điện, điện tử, ô tô, tự động hóa, vật liệu)",standard,A00;A01;C01;D01,A00,observed,,,,,,3,24.75,confirmed_2_sources,https://diemthi.vnexpress.net/tra-cuu-dai-hoc/loadbenchmark/id/290/year/2026/sortby/1/block_name/-1,True
SPK:7510203A,SPK,Trường Đại học Sư phạm Kỹ thuật tp. Hồ Chí Minh,TP. Hồ Chí Minh,,7510203A,Công nghệ kỹ thuật cơ điện tử (hệ chất lượng cao tiếng Anh),7510203,ngon_ngu,Ngôn ngữ - Văn hóa - Quốc tế học,high_quality,A00;A01;C01;D01,A00,observed,,,,,"Học bằng tiếng Anh (thường cần trình độ tiếng Anh tốt, có thể yêu cầu IELTS/chứng chỉ khi nhập học)",4,24.9,disputed,https://diemthi.vnexpress.net/tra-cuu-dai-hoc/loadbenchmark/id/290/year/2026/sortby/1/block_name/-1,True
SPK:7510203V,SPK,Trường Đại học Sư phạm Kỹ thuật tp. Hồ Chí Minh,TP. Hồ Chí Minh,,7510203V,Công nghệ kỹ thuật cơ điện tử,7510203,ky_thuat,"Kỹ thuật - Công nghệ (cơ khí, điện, điện tử, ô tô, tự động hóa, vật liệu)",standard,A00;A01;C01;D01,A00,observed,,,,,,3,26.09,confirmed_2_sources,https://diemthi.vnexpress.net/tra-cuu-dai-hoc/loadbenchmark/id/290/year/2026/sortby/1/block_name/-1,True
SPK:7510205A,SPK,Trường Đại học Sư phạm Kỹ thuật tp. Hồ Chí Minh,TP. Hồ Chí Minh,,7510205A,Công nghệ kỳ thuật ỏ tô (hệ Chat lượng cao ticng Anh),7510205,ky_thuat,"Kỹ thuật - Công nghệ (cơ khí, điện, điện tử, ô tô, tự động hóa, vật liệu)",high_quality,A00;A01;C01;D01,A00,observed,,,,,,4,23.0,confirmed_2_sources,https://diemthi.vnexpress.net/tra-cuu-dai-hoc/loadbenchmark/id/290/year/2026/sortby/1/block_name/-1,True
SPK:7510205N,SPK,Trường Đại học Sư phạm Kỹ thuật tp. Hồ Chí Minh,TP. Hồ Chí Minh,,7510205N,Công nghệ kỹ thuật ô tô,7510205,ky_thuat,"Kỹ thuật - Công nghệ (cơ khí, điện, điện tử, ô tô, tự động hóa, vật liệu)",standard,A00;A01;C01;D01,A00,observed,,,,,,3,23.4,confirmed_2_sources,https://diemthi.vnexpress.net/tra-cuu-dai-hoc/loadbenchmark/id/290/year/2026/sortby/1/block_name/-1,True
SPK:7510205V,SPK,Trường Đại học Sư phạm Kỹ thuật tp. Hồ Chí Minh,TP. Hồ Chí Minh,,7510205V,Công nghệ kỹ thuật ô tô,7510205,ky_thuat,"Kỹ thuật - Công nghệ (cơ khí, điện, điện tử, ô tô, tự động hóa, vật liệu)",standard,A00;A01;C01;D01,A00,observed,,,,,,3,24.57,confirmed_2_sources,https://diemthi.vnexpress.net/tra-cuu-dai-hoc/loadbenchmark/id/290/year/2026/sortby/1/block_name/-1,True
SPK:7510206A,SPK,Trường Đại học Sư phạm Kỹ thuật tp. Hồ Chí Minh,TP. Hồ Chí Minh,,7510206A,Công nghệ kỹ thuật nhiệt (hệ Chắt lượng cao tiếng Anh),7510206,ngon_ngu,Ngôn ngữ - Văn hóa - Quốc tế học,high_quality,A00;A01;C01;D01,A00,observed,,,,,"Học bằng tiếng Anh (thường cần trình độ tiếng Anh tốt, có thể yêu cầu IELTS/chứng chỉ khi nhập học)",4,23.55,confirmed_2_sources,https://diemthi.vnexpress.net/tra-cuu-dai-hoc/loadbenchmark/id/290/year/2026/sortby/1/block_name/-1,True
SPK:7510206V,SPK,Trường Đại học Sư phạm Kỹ thuật tp. Hồ Chí Minh,TP. Hồ Chí Minh,,7510206V,Công nghệ kỹ thuật nhiệt,7510206,ky_thuat,"Kỹ thuật - Công nghệ (cơ khí, điện, điện tử, ô tô, tự động hóa, vật liệu)",standard,A00;A01;C01;D01,A00,observed,,,,,,3,25.1,confirmed_2_sources,https://diemthi.vnexpress.net/tra-cuu-dai-hoc/loadbenchmark/id/290/year/2026/sortby/1/block_name/-1,True
SPK:7510208V,SPK,Trường Đại học Sư phạm Kỹ thuật tp. Hồ Chí Minh,TP. Hồ Chí Minh,,7510208V,Năng lượng tái tạo,7510208,ky_thuat,"Kỹ thuật - Công nghệ (cơ khí, điện, điện tử, ô tô, tự động hóa, vật liệu)",standard,A00;A01;C01;D01,A00,observed,,,,,,3,24.21,confirmed_2_sources,https://diemthi.vnexpress.net/tra-cuu-dai-hoc/loadbenchmark/id/290/year/2026/sortby/1/block_name/-1,True
SPK:7510209V,SPK,Trường Đại học Sư phạm Kỹ thuật tp. Hồ Chí Minh,TP. Hồ Chí Minh,,7510209V,Robot và trí tuệ nhân tạo,7510209,cntt,Công nghệ thông tin - Máy tính - Dữ liệu - AI,standard,A00;A01;C01;D01,A00,observed,,,,,,3,25.33,confirmed_2_sources,https://diemthi.vnexpress.net/tra-cuu-dai-hoc/loadbenchmark/id/290/year/2026/sortby/1/block_name/-1,True
SPK:7510301A,SPK,Trường Đại học Sư phạm Kỹ thuật tp. Hồ Chí Minh,TP. Hồ Chí Minh,,7510301A,Công nghệ kỹ thuật điện - Điện tử (hệ Chất lượng cao tiếng Anh),7510301,ngon_ngu,Ngôn ngữ - Văn hóa - Quốc tế học,high_quality,A00;A01;C01;D01,A00,observed,,,,,"Học bằng tiếng Anh (thường cần trình độ tiếng Anh tốt, có thể yêu cầu IELTS/chứng chỉ khi nhập học)",4,24.55,confirmed_2_sources,https://diemthi.vnexpress.net/tra-cuu-dai-hoc/loadbenchmark/id/290/year/2026/sortby/1/block_name/-1,True
SPK:7510301V,SPK,Trường Đại học Sư phạm Kỹ thuật tp. Hồ Chí Minh,TP. Hồ Chí Minh,,7510301V,"Công nghệ kỹ thuật điện, điện tử",7510301,ky_thuat,"Kỹ thuật - Công nghệ (cơ khí, điện, điện tử, ô tô, tự động hóa, vật liệu)",standard,A00;A01;C01;D01,A00,observed,,,,,,3,25.93,confirmed_2_sources,https://diemthi.vnexpress.net/tra-cuu-dai-hoc/loadbenchmark/id/290/year/2026/sortby/1/block_name/-1,True
SPK:7510302A,SPK,Trường Đại học Sư phạm Kỹ thuật tp. Hồ Chí Minh,TP. Hồ Chí Minh,,7510302A,Công nghệ kỷ thuật Diện từ - Viễn thông (hệ Chất lưựng cao tiếng Anh),7510302,ngon_ngu,Ngôn ngữ - Văn hóa - Quốc tế học,standard,A00;A01;C01;D01,A00,observed,,,,,"Học bằng tiếng Anh (thường cần trình độ tiếng Anh tốt, có thể yêu cầu IELTS/chứng chỉ khi nhập học)",4,24.0,confirmed_2_sources,https://diemthi.vnexpress.net/tra-cuu-dai-hoc/loadbenchmark/id/290/year/2026/sortby/1/block_name/-1,True
SPK:7510302N,SPK,Trường Đại học Sư phạm Kỹ thuật tp. Hồ Chí Minh,TP. Hồ Chí Minh,,7510302N,"Công nghệ kỹ thuật điện tử, viễn thông (Việt - Nhật)",7510302,ky_thuat,"Kỹ thuật - Công nghệ (cơ khí, điện, điện tử, ô tô, tự động hóa, vật liệu)",standard,A00;A01;C01;D01,A00,observed,,,,,,4,23.55,confirmed_2_sources,https://diemthi.vnexpress.net/tra-cuu-dai-hoc/loadbenchmark/id/290/year/2026/sortby/1/block_name/-1,True
SPK:7510302V,SPK,Trường Đại học Sư phạm Kỹ thuật tp. Hồ Chí Minh,TP. Hồ Chí Minh,,7510302V,Công nghệ điện tử - viễn thông,7510302,ky_thuat,"Kỹ thuật - Công nghệ (cơ khí, điện, điện tử, ô tô, tự động hóa, vật liệu)",standard,A00;A01;C01;D01,A00,observed,,,,,,3,25.53,confirmed_2_sources,https://diemthi.vnexpress.net/tra-cuu-dai-hoc/loadbenchmark/id/290/year/2026/sortby/1/block_name/-1,True
SPK:7510302VM,SPK,Trường Đại học Sư phạm Kỹ thuật tp. Hồ Chí Minh,TP. Hồ Chí Minh,,7510302VM,Kỹ thuật thiết kế vi mạch (thuộc ngành CNKT Điện tử - viễn thông),7510302,cntt,Công nghệ thông tin - Máy tính - Dữ liệu - AI,standard,A00;A01;C01,A00,observed,,,,,,1,26.12,confirmed_2_sources,https://diemthi.vnexpress.net/tra-cuu-dai-hoc/loadbenchmark/id/290/year/2026/sortby/1/block_name/-1,True
SPK:7510303A,SPK,Trường Đại học Sư phạm Kỹ thuật tp. Hồ Chí Minh,TP. Hồ Chí Minh,,7510303A,Công nghệ kỹ thuật điều khiển và tự động hoá (hệ chất lượng cao tiếng Anh),7510303,ngon_ngu,Ngôn ngữ - Văn hóa - Quốc tế học,high_quality,A00;A01;C01;D01,A00,observed,,,,,"Học bằng tiếng Anh (thường cần trình độ tiếng Anh tốt, có thể yêu cầu IELTS/chứng chỉ khi nhập học)",4,25.6,confirmed_2_sources,https://diemthi.vnexpress.net/tra-cuu-dai-hoc/loadbenchmark/id/290/year/2026/sortby/1/block_name/-1,True
SPK:7510303V,SPK,Trường Đại học Sư phạm Kỹ thuật tp. Hồ Chí Minh,TP. Hồ Chí Minh,,7510303V,Công nghệ kỹ thuật điều khiển và tự động hóa,7510303,ky_thuat,"Kỹ thuật - Công nghệ (cơ khí, điện, điện tử, ô tô, tự động hóa, vật liệu)",standard,A00;A01;C01;D01,A00,observed,,,,,,3,26.83,confirmed_2_sources,https://diemthi.vnexpress.net/tra-cuu-dai-hoc/loadbenchmark/id/290/year/2026/sortby/1/block_name/-1,True
SPK:7510401A,SPK,Trường Đại học Sư phạm Kỹ thuật tp. Hồ Chí Minh,TP. Hồ Chí Minh,,7510401A,Công nghệ Kỹ thuật hóa học (hệ chất lượng cao tiếng Anh),7510401,ngon_ngu,Ngôn ngữ - Văn hóa - Quốc tế học,high_quality,A00;D07;B00;C02,A00,observed,,,,,"Học bằng tiếng Anh (thường cần trình độ tiếng Anh tốt, có thể yêu cầu IELTS/chứng chỉ khi nhập học)",2,23.46,confirmed_2_sources,https://diemthi.vnexpress.net/tra-cuu-dai-hoc/loadbenchmark/id/290/year/2026/sortby/1/block_name/-1,True
SPK:7510401V,SPK,Trường Đại học Sư phạm Kỹ thuật tp. Hồ Chí Minh,TP. Hồ Chí Minh,,7510401V,Công nghệ kỹ thuật hóa học,7510401,sinh_hoa,Sinh học - Hóa học - Công nghệ sinh học - Thực phẩm,standard,A00;B00;C02;D07,A00,observed,,,,,,3,25.25,confirmed_2_sources,https://diemthi.vnexpress.net/tra-cuu-dai-hoc/loadbenchmark/id/290/year/2026/sortby/1/block_name/-1,True
SPK:7510402A,SPK,Trường Đại học Sư phạm Kỹ thuật tp. Hồ Chí Minh,TP. Hồ Chí Minh,,7510402A,Công nghệ vật liệu (hệ chất lượng cao tiếng Anh),7510402,ngon_ngu,Ngôn ngữ - Văn hóa - Quốc tế học,high_quality,A00;B00;A02;A01;D07,A00,observed,,,,,"Học bằng tiếng Anh (thường cần trình độ tiếng Anh tốt, có thể yêu cầu IELTS/chứng chỉ khi nhập học)",2,21.3,confirmed_2_sources,https://diemthi.vnexpress.net/tra-cuu-dai-hoc/loadbenchmark/id/290/year/2026/sortby/1/block_name/-1,True
SPK:7510402V,SPK,Trường Đại học Sư phạm Kỹ thuật tp. Hồ Chí Minh,TP. Hồ Chí Minh,,7510402V,Công nghệ vật liệu,7510402,khoa_hoc_tn,Khoa học tự nhiên - Toán - Vật lý - Thống kê,standard,A00;B00;A01;A02;D07,A00,observed,,,,,,3,24.84,confirmed_2_sources,https://diemthi.vnexpress.net/tra-cuu-dai-hoc/loadbenchmark/id/290/year/2026/sortby/1/block_name/-1,True
SPK:7510406A,SPK,Trường Đại học Sư phạm Kỹ thuật tp. Hồ Chí Minh,TP. Hồ Chí Minh,,7510406A,Công nghệ kĩ thuật môi trường,7510406,nong_lam_mt,Nông - Lâm - Thủy sản - Môi trường - Tài nguyên,standard,A00;D07;B00;C02,A00,observed,,,,,,1,21.6,confirmed_2_sources,https://diemthi.vnexpress.net/tra-cuu-dai-hoc/loadbenchmark/id/290/year/2026/sortby/1/block_name/-1,True
SPK:7510406V,SPK,Trường Đại học Sư phạm Kỹ thuật tp. Hồ Chí Minh,TP. Hồ Chí Minh,,7510406V,Công nghệ kỹ thuật môi trường,7510406,nong_lam_mt,Nông - Lâm - Thủy sản - Môi trường - Tài nguyên,standard,A00;B00;C02;D07,A00,observed,,,,,,3,21.6,confirmed_2_sources,https://diemthi.vnexpress.net/tra-cuu-dai-hoc/loadbenchmark/id/290/year/2026/sortby/1/block_name/-1,True
SPK:7510601A,SPK,Trường Đại học Sư phạm Kỹ thuật tp. Hồ Chí Minh,TP. Hồ Chí Minh,,7510601A,Quản lý Công nghiệp (hệ Chất lượng cao tiếng Anh),7510601,ngon_ngu,Ngôn ngữ - Văn hóa - Quốc tế học,high_quality,A00;A01;C01;D01,A00,observed,,,,,"Học bằng tiếng Anh (thường cần trình độ tiếng Anh tốt, có thể yêu cầu IELTS/chứng chỉ khi nhập học)",4,21.8,confirmed_2_sources,https://diemthi.vnexpress.net/tra-cuu-dai-hoc/loadbenchmark/id/290/year/2026/sortby/1/block_name/-1,True
SPK:7510601BP,SPK,Trường Đại học Sư phạm Kỹ thuật tp. Hồ Chí Minh,TP. Hồ Chí Minh,Bình Phước,7510601BP,Quản lý công nghiệp (phân hiệu Bình Phước),7510601,xa_hoi,Khoa học xã hội - Tâm lý - Nhân văn - Chính trị - Hành chính,standard,A00;A01;C01;D01,A00,observed,,,,,Học tại Bình Phước,2,24.1,confirmed_2_sources,https://diemthi.vnexpress.net/tra-cuu-dai-hoc/loadbenchmark/id/290/year/2026/sortby/1/block_name/-1,True
SPK:7510601V,SPK,Trường Đại học Sư phạm Kỹ thuật tp. Hồ Chí Minh,TP. Hồ Chí Minh,,7510601V,Quản lý công nghiệp,7510601,xa_hoi,Khoa học xã hội - Tâm lý - Nhân văn - Chính trị - Hành chính,standard,A00;A01;C01;D01,A00,observed,,,,,,3,24.57,confirmed_2_sources,https://diemthi.vnexpress.net/tra-cuu-dai-hoc/loadbenchmark/id/290/year/2026/sortby/1/block_name/-1,True
SPK:7510605BP,SPK,Trường Đại học Sư phạm Kỹ thuật tp. Hồ Chí Minh,TP. Hồ Chí Minh,Bình Phước,7510605BP,Logistics và quản lý chuỗi cung ứng (phân hiệu Bình Phước),7510605,du_lich,Du lịch - Khách sạn - Logistics - Hàng không - Dịch vụ,standard,A00;A01;C01;D01,A00,observed,,,,,Học tại Bình Phước,2,23.75,confirmed_2_sources,https://diemthi.vnexpress.net/tra-cuu-dai-hoc/loadbenchmark/id/290/year/2026/sortby/1/block_name/-1,True
SPK:7510605V,SPK,Trường Đại học Sư phạm Kỹ thuật tp. Hồ Chí Minh,TP. Hồ Chí Minh,,7510605V,Logistics và quản lý chuỗi cung ứng,7510605,du_lich,Du lịch - Khách sạn - Logistics - Hàng không - Dịch vụ,standard,A00;A01;C01;D01,A00,observed,,,,,,3,23.9,confirmed_2_sources,https://diemthi.vnexpress.net/tra-cuu-dai-hoc/loadbenchmark/id/290/year/2026/sortby/1/block_name/-1,True
SPK:7510801V,SPK,Trường Đại học Sư phạm Kỹ thuật tp. Hồ Chí Minh,TP. Hồ Chí Minh,,7510801V,Công nghệ kỹ thuật in,7510801,ky_thuat,"Kỹ thuật - Công nghệ (cơ khí, điện, điện tử, ô tô, tự động hóa, vật liệu)",standard,A00;A01;C01;D07;D01,A00,observed,,,,,,3,20.76,confirmed_2_sources,https://diemthi.vnexpress.net/tra-cuu-dai-hoc/loadbenchmark/id/290/year/2026/sortby/1/block_name/-1,True
SPK:7520117V,SPK,Trường Đại học Sư phạm Kỹ thuật tp. Hồ Chí Minh,TP. Hồ Chí Minh,,7520117V,Kỹ thuật công nghiệp,7520117,ky_thuat,"Kỹ thuật - Công nghệ (cơ khí, điện, điện tử, ô tô, tự động hóa, vật liệu)",standard,A00;A01;C01;D01,A00,observed,,,,,,3,24.32,confirmed_2_sources,https://diemthi.vnexpress.net/tra-cuu-dai-hoc/loadbenchmark/id/290/year/2026/sortby/1/block_name/-1,True
SPK:7520212A,SPK,Trường Đại học Sư phạm Kỹ thuật tp. Hồ Chí Minh,TP. Hồ Chí Minh,,7520212A,Kỹ thuật Y sinh (hệ chất lượng cao tiếng Anh),7520212,y_duoc,Y - Dược - Điều dưỡng - Sức khỏe,high_quality,A00;A01;C01;D01,A00,observed,,,,,"Học bằng tiếng Anh (thường cần trình độ tiếng Anh tốt, có thể yêu cầu IELTS/chứng chỉ khi nhập học) | Khối sức khỏe: có ngưỡng điểm sàn của Bộ",2,22.65,confirmed_2_sources,https://diemthi.vnexpress.net/tra-cuu-dai-hoc/loadbenchmark/id/290/year/2026/sortby/1/block_name/-1,True
SPK:7520212V,SPK,Trường Đại học Sư phạm Kỹ thuật tp. Hồ Chí Minh,TP. Hồ Chí Minh,,7520212V,Kỹ thuật y sinh,7520212,y_duoc,Y - Dược - Điều dưỡng - Sức khỏe,standard,A00;A01;C01;D01,A00,observed,,,,,Khối sức khỏe: có ngưỡng điểm sàn của Bộ,3,24.88,confirmed_2_sources,https://diemthi.vnexpress.net/tra-cuu-dai-hoc/loadbenchmark/id/290/year/2026/sortby/1/block_name/-1,True
SPK:7520401V,SPK,Trường Đại học Sư phạm Kỹ thuật tp. Hồ Chí Minh,TP. Hồ Chí Minh,,7520401V,"Vật lý kỹ thuật (định hướng công nghệ bán dẫn và cảm biến, đo lường)",7520401,cntt,Công nghệ thông tin - Máy tính - Dữ liệu - AI,standard,A00;A01;A02;X06,A00,observed,,,,,,2,23.7,confirmed_2_sources,https://diemthi.vnexpress.net/tra-cuu-dai-hoc/loadbenchmark/id/290/year/2026/sortby/1/block_name/-1,True
SPK:7540101A,SPK,Trường Đại học Sư phạm Kỹ thuật tp. Hồ Chí Minh,TP. Hồ Chí Minh,,7540101A,Công nghệ Thực phẩm (hệ Chất lượng cao tiếng Anh),7540101,ngon_ngu,Ngôn ngữ - Văn hóa - Quốc tế học,high_quality,A00;D07;B00;C02,A00,observed,,,,,"Học bằng tiếng Anh (thường cần trình độ tiếng Anh tốt, có thể yêu cầu IELTS/chứng chỉ khi nhập học)",4,18.2,confirmed_2_sources,https://diemthi.vnexpress.net/tra-cuu-dai-hoc/loadbenchmark/id/290/year/2026/sortby/1/block_name/-1,True
SPK:7540101DD,SPK,Trường Đại học Sư phạm Kỹ thuật tp. Hồ Chí Minh,TP. Hồ Chí Minh,,7540101DD,Khoa học thực phẩm và Dinh dưỡng,7540101,y_duoc,Y - Dược - Điều dưỡng - Sức khỏe,standard,A00;B00;C02;D07,A00,observed,,,,,Khối sức khỏe: có ngưỡng điểm sàn của Bộ,2,20.5,confirmed_2_sources,https://diemthi.vnexpress.net/tra-cuu-dai-hoc/loadbenchmark/id/290/year/2026/sortby/1/block_name/-1,True
SPK:7540101V,SPK,Trường Đại học Sư phạm Kỹ thuật tp. Hồ Chí Minh,TP. Hồ Chí Minh,,7540101V,Công nghệ thực phẩm,7540101,sinh_hoa,Sinh học - Hóa học - Công nghệ sinh học - Thực phẩm,standard,A00;B00;C02;D07,A00,observed,,,,,,3,23.3,confirmed_2_sources,https://diemthi.vnexpress.net/tra-cuu-dai-hoc/loadbenchmark/id/290/year/2026/sortby/1/block_name/-1,True
SPK:7540209V,SPK,Trường Đại học Sư phạm Kỹ thuật tp. Hồ Chí Minh,TP. Hồ Chí Minh,,7540209V,Công nghệ may,7540209,ky_thuat,"Kỹ thuật - Công nghệ (cơ khí, điện, điện tử, ô tô, tự động hóa, vật liệu)",standard,A00;A01;C01;D01,A00,observed,,,,,,3,20.73,confirmed_2_sources,https://diemthi.vnexpress.net/tra-cuu-dai-hoc/loadbenchmark/id/290/year/2026/sortby/1/block_name/-1,True
SPK:7549002V,SPK,Trường Đại học Sư phạm Kỹ thuật tp. Hồ Chí Minh,TP. Hồ Chí Minh,,7549002V,Kỹ thuật gỗ và nội thất,7549002,xay_dung,Kiến trúc - Xây dựng - Giao thông - Quy hoạch,standard,A00;A01;C01;D01,A00,observed,,,,,,3,20.0,confirmed_2_sources,https://diemthi.vnexpress.net/tra-cuu-dai-hoc/loadbenchmark/id/290/year/2026/sortby/1/block_name/-1,True
SPK:7580205V,SPK,Trường Đại học Sư phạm Kỹ thuật tp. Hồ Chí Minh,TP. Hồ Chí Minh,,7580205V,Kỹ thuật xây dựng công trình giao thông,7580205,xay_dung,Kiến trúc - Xây dựng - Giao thông - Quy hoạch,standard,A00;A01;C01;D01,A00,observed,,,,,,3,22.22,confirmed_2_sources,https://diemthi.vnexpress.net/tra-cuu-dai-hoc/loadbenchmark/id/290/year/2026/sortby/1/block_name/-1,True
SPK:7580302A,SPK,Trường Đại học Sư phạm Kỹ thuật tp. Hồ Chí Minh,TP. Hồ Chí Minh,,7580302A,Quản lý xây dựng CTTT,7580302,xay_dung,Kiến trúc - Xây dựng - Giao thông - Quy hoạch,standard,A00;A01;C01;D01,A00,observed,,,,,,1,18.08,confirmed_2_sources,https://diemthi.vnexpress.net/tra-cuu-dai-hoc/loadbenchmark/id/290/year/2026/sortby/1/block_name/-1,True
SPK:7580302V,SPK,Trường Đại học Sư phạm Kỹ thuật tp. Hồ Chí Minh,TP. Hồ Chí Minh,,7580302V,Quản lý xây dựng,7580302,xay_dung,Kiến trúc - Xây dựng - Giao thông - Quy hoạch,standard,A00;A01;C01;D01,A00,observed,,,,,,3,22.35,confirmed_2_sources,https://diemthi.vnexpress.net/tra-cuu-dai-hoc/loadbenchmark/id/290/year/2026/sortby/1/block_name/-1,True
SPK:7810202V,SPK,Trường Đại học Sư phạm Kỹ thuật tp. Hồ Chí Minh,TP. Hồ Chí Minh,,7810202V,Quản trị nhà hàng và dịch vụ ăn uống,7810202,du_lich,Du lịch - Khách sạn - Logistics - Hàng không - Dịch vụ,standard,A00;A01;C02;D01;D07,A00,observed,,,,,,3,18.0,confirmed_2_sources,https://diemthi.vnexpress.net/tra-cuu-dai-hoc/loadbenchmark/id/290/year/2026/sortby/1/block_name/-1,True
SPK:7840110V,SPK,Trường Đại học Sư phạm Kỹ thuật tp. Hồ Chí Minh,TP. Hồ Chí Minh,,7840110V,Quản lý và vận hành hạ tầng,7840110,xay_dung,Kiến trúc - Xây dựng - Giao thông - Quy hoạch,standard,A00;A01;C01;D01,A00,observed,,,,,,3,19.0,confirmed_2_sources,https://diemthi.vnexpress.net/tra-cuu-dai-hoc/loadbenchmark/id/290/year/2026/sortby/1/block_name/-1,True
SPK:7850101V,SPK,Trường Đại học Sư phạm Kỹ thuật tp. Hồ Chí Minh,TP. Hồ Chí Minh,,7850101V,Môi trường và Phát triển bền vững,7850101,nong_lam_mt,Nông - Lâm - Thủy sản - Môi trường - Tài nguyên,standard,D01;D07;B08;A01;X25,D01,observed,,,,,,2,18.0,confirmed_2_sources,https://diemthi.vnexpress.net/tra-cuu-dai-hoc/loadbenchmark/id/290/year/2026/sortby/1/block_name/-1,True
TLA:TLA101,TLA,Trường Đại học Thuỷ lợi,Hà Nội,,TLA101,Kỹ thuật xây dựng công trình thủy,,xay_dung,Kiến trúc - Xây dựng - Giao thông - Quy hoạch,standard,A00;A01;D01;D07;C01;C02;X02;X06,A00,observed,140.0,,,,,4,19.75,confirmed_2_sources,https://diemthi.vnexpress.net/tra-cuu-dai-hoc/loadbenchmark/id/425/year/2026/sortby/1/block_name/-1,True
TLA:TLA102,TLA,Trường Đại học Thuỷ lợi,Hà Nội,,TLA102,Kỹ thuật tài nguyên nước,,nong_lam_mt,Nông - Lâm - Thủy sản - Môi trường - Tài nguyên,standard,A00;A01;D01;D07;C01;C02;X02;X06,A00,observed,100.0,,,,,4,19.42,confirmed_2_sources,https://diemthi.vnexpress.net/tra-cuu-dai-hoc/loadbenchmark/id/425/year/2026/sortby/1/block_name/-1,True
TLA:TLA103,TLA,Trường Đại học Thuỷ lợi,Hà Nội,,TLA103,Thủy văn học,,xa_hoi,Khoa học xã hội - Tâm lý - Nhân văn - Chính trị - Hành chính,standard,A00;A01;D01;D07;C01;C02;X02;X06,A00,observed,120.0,,,,,4,19.23,confirmed_2_sources,https://diemthi.vnexpress.net/tra-cuu-dai-hoc/loadbenchmark/id/425/year/2026/sortby/1/block_name/-1,True
TLA:TLA104,TLA,Trường Đại học Thuỷ lợi,Hà Nội,,TLA104,Kỹ thuật xây dựng,,xay_dung,Kiến trúc - Xây dựng - Giao thông - Quy hoạch,standard,A00;A01;D01;D07;C01;C02;X02;X06,A00,observed,210.0,,,,,4,20.76,confirmed_2_sources,https://diemthi.vnexpress.net/tra-cuu-dai-hoc/loadbenchmark/id/425/year/2026/sortby/1/block_name/-1,True
TLA:TLA105,TLA,Trường Đại học Thuỷ lợi,Hà Nội,,TLA105,Kỹ thuật cơ khí,,ky_thuat,"Kỹ thuật - Công nghệ (cơ khí, điện, điện tử, ô tô, tự động hóa, vật liệu)",standard,A00;A01;D01;D07;C01;X02;X06;X26,A00,observed,120.0,,,,,4,23.49,confirmed_2_sources,https://diemthi.vnexpress.net/tra-cuu-dai-hoc/loadbenchmark/id/425/year/2026/sortby/1/block_name/-1,True
TLA:TLA106,TLA,Trường Đại học Thuỷ lợi,Hà Nội,,TLA106,Công nghệ thông tin,,cntt,Công nghệ thông tin - Máy tính - Dữ liệu - AI,standard,A00;A01;D01;D07;C01;X02;X06;X26,A00,observed,120.0,,,,,4,23.01,confirmed_2_sources,https://diemthi.vnexpress.net/tra-cuu-dai-hoc/loadbenchmark/id/425/year/2026/sortby/1/block_name/-1,True
TLA:TLA107,TLA,Trường Đại học Thuỷ lợi,Hà Nội,,TLA107,Kỷ thuật cắp thoát nước,,ky_thuat,"Kỹ thuật - Công nghệ (cơ khí, điện, điện tử, ô tô, tự động hóa, vật liệu)",standard,A00;A01;D01;D07;C01;C02;X02;X06,A00,observed,100.0,,,,,4,19.25,confirmed_2_sources,https://diemthi.vnexpress.net/tra-cuu-dai-hoc/loadbenchmark/id/425/year/2026/sortby/1/block_name/-1,True
TLA:TLA109,TLA,Trường Đại học Thuỷ lợi,Hà Nội,,TLA109,Kỹ thuật môi trường,,nong_lam_mt,Nông - Lâm - Thủy sản - Môi trường - Tài nguyên,standard,A00;A01;D01;D07;C01;C02;X02;X10,A00,observed,120.0,,,,,4,19.75,confirmed_2_sources,https://diemthi.vnexpress.net/tra-cuu-dai-hoc/loadbenchmark/id/425/year/2026/sortby/1/block_name/-1,True
TLA:TLA110,TLA,Trường Đại học Thuỷ lợi,Hà Nội,hạ tầng,TLA110,Kỹ thuật cơ sở hạ tầng,,xay_dung,Kiến trúc - Xây dựng - Giao thông - Quy hoạch,standard,A00;A01;D01;D07;C01;C02;X02;X06,A00,observed,120.0,,,,Học tại hạ tầng,4,20.3,confirmed_2_sources,https://diemthi.vnexpress.net/tra-cuu-dai-hoc/loadbenchmark/id/425/year/2026/sortby/1/block_name/-1,True
TLA:TLA111,TLA,Trường Đại học Thuỷ lợi,Hà Nội,,TLA111,Công nghệ kỹ thuật xây dựng,,xay_dung,Kiến trúc - Xây dựng - Giao thông - Quy hoạch,standard,A00;A01;D01;D07;C01;C02;X02;X06,A00,observed,150.0,,,,,4,20.96,confirmed_2_sources,https://diemthi.vnexpress.net/tra-cuu-dai-hoc/loadbenchmark/id/425/year/2026/sortby/1/block_name/-1,True
TLA:TLA112,TLA,Trường Đại học Thuỷ lợi,Hà Nội,,TLA112,"Kỹ thuật điện (Chuyên ngành: Hệ thống điện, Điện công nghiệp và dân dụng.)",,ky_thuat,"Kỹ thuật - Công nghệ (cơ khí, điện, điện tử, ô tô, tự động hóa, vật liệu)",standard,A00;A01;D01;D07;C01;X02;X06;X26,A00,observed,180.0,,,,,4,23.26,confirmed_2_sources,https://diemthi.vnexpress.net/tra-cuu-dai-hoc/loadbenchmark/id/425/year/2026/sortby/1/block_name/-1,True
TLA:TLA113,TLA,Trường Đại học Thuỷ lợi,Hà Nội,,TLA113,Kỹ thuật xây dựng công trình giao thông,,xay_dung,Kiến trúc - Xây dựng - Giao thông - Quy hoạch,standard,A00;A01;D01;D07;C01;C02;X02;X06,A00,observed,180.0,,,,,4,20.17,confirmed_2_sources,https://diemthi.vnexpress.net/tra-cuu-dai-hoc/loadbenchmark/id/425/year/2026/sortby/1/block_name/-1,True
TLA:TLA114,TLA,Trường Đại học Thuỷ lợi,Hà Nội,,TLA114,Quản lý xây dựng,,xay_dung,Kiến trúc - Xây dựng - Giao thông - Quy hoạch,standard,A00;A01;D01;D07;C01;C02;X02;X06,A00,observed,210.0,,,,,4,20.76,confirmed_2_sources,https://diemthi.vnexpress.net/tra-cuu-dai-hoc/loadbenchmark/id/425/year/2026/sortby/1/block_name/-1,True
TLA:TLA116,TLA,Trường Đại học Thuỷ lợi,Hà Nội,,TLA116,Hệ thống thông tin,,cntt,Công nghệ thông tin - Máy tính - Dữ liệu - AI,standard,A00;A01;D01;D07;C01;X02;X06;X26,A00,observed,80.0,,,,,4,22.51,confirmed_2_sources,https://diemthi.vnexpress.net/tra-cuu-dai-hoc/loadbenchmark/id/425/year/2026/sortby/1/block_name/-1,True
TLA:TLA117,TLA,Trường Đại học Thuỷ lợi,Hà Nội,,TLA117,Kỹ thuật phần mềm,,cntt,Công nghệ thông tin - Máy tính - Dữ liệu - AI,standard,A00;A01;D01;D07;C01;X02;X06;X26,A00,observed,80.0,,,,,4,22.26,confirmed_2_sources,https://diemthi.vnexpress.net/tra-cuu-dai-hoc/loadbenchmark/id/425/year/2026/sortby/1/block_name/-1,True
TLA:TLA118,TLA,Trường Đại học Thuỷ lợi,Hà Nội,,TLA118,Kỹ thuật hóa học,,sinh_hoa,Sinh học - Hóa học - Công nghệ sinh học - Thực phẩm,standard,A00;D07;C02;C05;B00;X09;X10,A00,observed,90.0,,,,,4,22.01,confirmed_2_sources,https://diemthi.vnexpress.net/tra-cuu-dai-hoc/loadbenchmark/id/425/year/2026/sortby/1/block_name/-1,True
TLA:TLA119,TLA,Trường Đại học Thuỷ lợi,Hà Nội,,TLA119,Công nghệ sinh học,,sinh_hoa,Sinh học - Hóa học - Công nghệ sinh học - Thực phẩm,standard,A00;A02;B00;D08;B01;B02;B03;X14;X13,A00,observed,70.0,,,,,4,20.0,confirmed_2_sources,https://diemthi.vnexpress.net/tra-cuu-dai-hoc/loadbenchmark/id/425/year/2026/sortby/1/block_name/-1,True
TLA:TLA120,TLA,Trường Đại học Thuỷ lợi,Hà Nội,,TLA120,Kỹ thuật cơ điện tử,,ky_thuat,"Kỹ thuật - Công nghệ (cơ khí, điện, điện tử, ô tô, tự động hóa, vật liệu)",standard,A00;A01;D01;D07;C01;X02;X06;X26,A00,observed,120.0,,,,,4,24.18,confirmed_2_sources,https://diemthi.vnexpress.net/tra-cuu-dai-hoc/loadbenchmark/id/425/year/2026/sortby/1/block_name/-1,True
TLA:TLA121,TLA,Trường Đại học Thuỷ lợi,Hà Nội,,TLA121,Kỹ thuật điều khiển và tự động hóa,,ky_thuat,"Kỹ thuật - Công nghệ (cơ khí, điện, điện tử, ô tô, tự động hóa, vật liệu)",standard,A00;A01;D01;D07;C01;X02;X06;X26,A00,observed,140.0,,,,,4,24.64,confirmed_2_sources,https://diemthi.vnexpress.net/tra-cuu-dai-hoc/loadbenchmark/id/425/year/2026/sortby/1/block_name/-1,True
TLA:TLA122,TLA,Trường Đại học Thuỷ lợi,Hà Nội,,TLA122,Công nghệ chế tạo máy,,ky_thuat,"Kỹ thuật - Công nghệ (cơ khí, điện, điện tử, ô tô, tự động hóa, vật liệu)",standard,A00;A01;D01;D07;C01;X02;X06;X26,A00,observed,120.0,,,,,2,22.26,confirmed_2_sources,https://diemthi.vnexpress.net/tra-cuu-dai-hoc/loadbenchmark/id/425/year/2026/sortby/1/block_name/-1,True
TLA:TLA123,TLA,Trường Đại học Thuỷ lợi,Hà Nội,,TLA123,Kỹ thuật Ô tô (Chuyên ngành: Kỹ thuật ô tô; Công nghệ ô tô định hướng việc làm tại Nhật Bản),,ky_thuat,"Kỹ thuật - Công nghệ (cơ khí, điện, điện tử, ô tô, tự động hóa, vật liệu)",standard,A00;A01;D01;D07;C01;X02;X06;X26,A00,observed,140.0,,,,,4,22.76,confirmed_2_sources,https://diemthi.vnexpress.net/tra-cuu-dai-hoc/loadbenchmark/id/425/year/2026/sortby/1/block_name/-1,True
TLA:TLA124,TLA,Trường Đại học Thuỷ lợi,Hà Nội,,TLA124,Kỹ thuật điện tử - viễn thông,,ky_thuat,"Kỹ thuật - Công nghệ (cơ khí, điện, điện tử, ô tô, tự động hóa, vật liệu)",standard,A00;A01;D01;D07;C01;X02;X06;X26,A00,observed,70.0,,,,,4,23.5,confirmed_2_sources,https://diemthi.vnexpress.net/tra-cuu-dai-hoc/loadbenchmark/id/425/year/2026/sortby/1/block_name/-1,True
TLA:TLA126,TLA,Trường Đại học Thuỷ lợi,Hà Nội,,TLA126,Trí tuệ nhân tạo và khoa học,,cntt,Công nghệ thông tin - Máy tính - Dữ liệu - AI,standard,A00;A01;D01;D07;C01;X02;X06;X26,A00,observed,80.0,,,,,4,22.76,confirmed_2_sources,https://diemthi.vnexpress.net/tra-cuu-dai-hoc/loadbenchmark/id/425/year/2026/sortby/1/block_name/-1,True
TLA:TLA127,TLA,Trường Đại học Thuỷ lợi,Hà Nội,,TLA127,An ninh mạng,,cntt,Công nghệ thông tin - Máy tính - Dữ liệu - AI,standard,A00;A01;D01;D07;C01;X02;X06;X26,A00,observed,80.0,,,,,4,22.76,confirmed_2_sources,https://diemthi.vnexpress.net/tra-cuu-dai-hoc/loadbenchmark/id/425/year/2026/sortby/1/block_name/-1,True
TLA:TLA128,TLA,Trường Đại học Thuỷ lợi,Hà Nội,,TLA128,Kĩ thuật Robot và Điều khiển thông minh,,cntt,Công nghệ thông tin - Máy tính - Dữ liệu - AI,standard,A00;A01;D01;D07;C01;X02;X06;X26,A00,observed,120.0,,,,,4,22.21,confirmed_2_sources,https://diemthi.vnexpress.net/tra-cuu-dai-hoc/loadbenchmark/id/425/year/2026/sortby/1/block_name/-1,True
TLA:TLA130,TLA,Trường Đại học Thuỷ lợi,Hà Nội,,TLA130,Chương trình Kỹ thuật xe năng lượng mới thông minh,,ky_thuat,"Kỹ thuật - Công nghệ (cơ khí, điện, điện tử, ô tô, tự động hóa, vật liệu)",standard,A00;A01;D01;D07;C01;X02;X06;X26,A00,observed,70.0,,,,,1,19.75,confirmed_2_sources,https://diemthi.vnexpress.net/tra-cuu-dai-hoc/loadbenchmark/id/425/year/2026/sortby/1/block_name/-1,True
TLA:TLA201,TLA,Trường Đại học Thuỷ lợi,Hà Nội,,TLA201,"Chương trình tiên tiến ngành Kỹ thuật xây dựng (Hợp tác với Đại học Arkansas, Hoa Kỳ)",,xay_dung,Kiến trúc - Xây dựng - Giao thông - Quy hoạch,advanced,A00;A01;D01;D07;C01;C02;X02;X06,A00,observed,30.0,,,,"Học bằng tiếng Anh (thường cần trình độ tiếng Anh tốt, có thể yêu cầu IELTS/chứng chỉ khi nhập học)",4,19.0,confirmed_2_sources,https://diemthi.vnexpress.net/tra-cuu-dai-hoc/loadbenchmark/id/425/year/2026/sortby/1/block_name/-1,True
TLA:TLA202,TLA,Trường Đại học Thuỷ lợi,Hà Nội,,TLA202,"Chương trình tiên tiến ngành Kỹ thuật tải nguyên nước (Hợp tác với Đợi học bang Colorado, Hoa Kỳ)",,nong_lam_mt,Nông - Lâm - Thủy sản - Môi trường - Tài nguyên,advanced,A00;A01;D01;D07;C01;C02;X02;X06,A00,observed,30.0,,,,"Học bằng tiếng Anh (thường cần trình độ tiếng Anh tốt, có thể yêu cầu IELTS/chứng chỉ khi nhập học)",3,19.0,confirmed_2_sources,https://diemthi.vnexpress.net/tra-cuu-dai-hoc/loadbenchmark/id/425/year/2026/sortby/1/block_name/-1,True
TLA:TLA203,TLA,Trường Đại học Thuỷ lợi,Hà Nội,,TLA203,Ngôn ngữ Anh,,ngon_ngu,Ngôn ngữ - Văn hóa - Quốc tế học,standard,A01;D01;D07;D08;D09;D10;D14;D15,A01,observed,140.0,,,,,4,21.34,confirmed_2_sources,https://diemthi.vnexpress.net/tra-cuu-dai-hoc/loadbenchmark/id/425/year/2026/sortby/1/block_name/-1,True
TLA:TLA204,TLA,Trường Đại học Thuỷ lợi,Hà Nội,,TLA204,Ngôn ngữ Trung Quốc,,ngon_ngu,Ngôn ngữ - Văn hóa - Quốc tế học,standard,D01;D04;D45;D55;D65;X78;D63;X37,D01,observed,100.0,,,,,4,23.98,confirmed_2_sources,https://diemthi.vnexpress.net/tra-cuu-dai-hoc/loadbenchmark/id/425/year/2026/sortby/1/block_name/-1,True
TLA:TLA301,TLA,Trường Đại học Thuỷ lợi,Hà Nội,,TLA301,Luật,,luat,Luật,standard,C00;C03;C04;D01;D14;D15;X01,C00,observed,120.0,,,,,4,22.25,confirmed_2_sources,https://diemthi.vnexpress.net/tra-cuu-dai-hoc/loadbenchmark/id/425/year/2026/sortby/1/block_name/-1,True
TLA:TLA302,TLA,Trường Đại học Thuỷ lợi,Hà Nội,,TLA302,Luật kinh tế,,luat,Luật,standard,C00;C03;C04;D01;D14;D15;X01,C00,observed,120.0,,,,,4,23.24,confirmed_2_sources,https://diemthi.vnexpress.net/tra-cuu-dai-hoc/loadbenchmark/id/425/year/2026/sortby/1/block_name/-1,True
TLA:TLA401,TLA,Trường Đại học Thuỷ lợi,Hà Nội,,TLA401,Kinh tế,,kinh_te,Kinh tế - Kinh doanh - Quản trị - Marketing - Thương mại,standard,A00;A01;D01;D07;X02;X26,A00,observed,130.0,,,,,4,21.38,confirmed_2_sources,https://diemthi.vnexpress.net/tra-cuu-dai-hoc/loadbenchmark/id/425/year/2026/sortby/1/block_name/-1,True
TLA:TLA402,TLA,Trường Đại học Thuỷ lợi,Hà Nội,,TLA402,Quản trị kinh doanh,,kinh_te,Kinh tế - Kinh doanh - Quản trị - Marketing - Thương mại,standard,A00;A01;D01;D07;X02;X26,A00,observed,140.0,,,,,4,21.29,confirmed_2_sources,https://diemthi.vnexpress.net/tra-cuu-dai-hoc/loadbenchmark/id/425/year/2026/sortby/1/block_name/-1,True
TLA:TLA403,TLA,Trường Đại học Thuỷ lợi,Hà Nội,,TLA403,Kế toán,,tai_chinh,Tài chính - Ngân hàng - Kế toán - Kiểm toán - Bảo hiểm,standard,A00;A01;D01;D07;X02;X26,A00,observed,120.0,,,,,4,22.12,confirmed_2_sources,https://diemthi.vnexpress.net/tra-cuu-dai-hoc/loadbenchmark/id/425/year/2026/sortby/1/block_name/-1,True
TLA:TLA404,TLA,Trường Đại học Thuỷ lợi,Hà Nội,,TLA404,Kinh tế xây dựng,,xay_dung,Kiến trúc - Xây dựng - Giao thông - Quy hoạch,standard,A00;A01;D01;D07;X02;X26,A00,observed,140.0,,,,,4,21.12,confirmed_2_sources,https://diemthi.vnexpress.net/tra-cuu-dai-hoc/loadbenchmark/id/425/year/2026/sortby/1/block_name/-1,True
TLA:TLA405,TLA,Trường Đại học Thuỷ lợi,Hà Nội,,TLA405,Thương mại điện tử,,kinh_te,Kinh tế - Kinh doanh - Quản trị - Marketing - Thương mại,standard,A00;A01;D01;D07;X02;X26,A00,observed,120.0,,,,,4,22.76,confirmed_2_sources,https://diemthi.vnexpress.net/tra-cuu-dai-hoc/loadbenchmark/id/425/year/2026/sortby/1/block_name/-1,True
TLA:TLA406,TLA,Trường Đại học Thuỷ lợi,Hà Nội,,TLA406,Quản trị dịch vụ du lịch và lữ hành,,du_lich,Du lịch - Khách sạn - Logistics - Hàng không - Dịch vụ,standard,A00;A01;D01;D07;X02;X26;D09;D10,A00,observed,70.0,,,,,4,21.14,confirmed_2_sources,https://diemthi.vnexpress.net/tra-cuu-dai-hoc/loadbenchmark/id/425/year/2026/sortby/1/block_name/-1,True
TLA:TLA407,TLA,Trường Đại học Thuỷ lợi,Hà Nội,,TLA407,Logistics và quản lý chuỗi cung ứng,,du_lich,Du lịch - Khách sạn - Logistics - Hàng không - Dịch vụ,standard,A00;A01;D01;D07;X02;X26,A00,observed,70.0,,,,,4,23.73,confirmed_2_sources,https://diemthi.vnexpress.net/tra-cuu-dai-hoc/loadbenchmark/id/425/year/2026/sortby/1/block_name/-1,True
TLA:TLA408,TLA,Trường Đại học Thuỷ lợi,Hà Nội,,TLA408,Tài chính - Ngân hàng,,tai_chinh,Tài chính - Ngân hàng - Kế toán - Kiểm toán - Bảo hiểm,standard,A00;A01;D01;D07;X02;X26,A00,observed,70.0,,,,,4,22.26,confirmed_2_sources,https://diemthi.vnexpress.net/tra-cuu-dai-hoc/loadbenchmark/id/425/year/2026/sortby/1/block_name/-1,True
TLA:TLA409,TLA,Trường Đại học Thuỷ lợi,Hà Nội,,TLA409,Kiểm toán,,tai_chinh,Tài chính - Ngân hàng - Kế toán - Kiểm toán - Bảo hiểm,standard,A00;A01;D01;D07;X02;X26,A00,observed,120.0,,,,,4,21.57,confirmed_2_sources,https://diemthi.vnexpress.net/tra-cuu-dai-hoc/loadbenchmark/id/425/year/2026/sortby/1/block_name/-1,True
TLA:TLA410,TLA,Trường Đại học Thuỷ lợi,Hà Nội,,TLA410,Kinh tế số,,kinh_te,Kinh tế - Kinh doanh - Quản trị - Marketing - Thương mại,standard,A00;A01;D01;D07;X02;X26,A00,observed,70.0,,,,,4,22.11,confirmed_2_sources,https://diemthi.vnexpress.net/tra-cuu-dai-hoc/loadbenchmark/id/425/year/2026/sortby/1/block_name/-1,True
TLA:TLA411,TLA,Trường Đại học Thuỷ lợi,Hà Nội,,TLA411,Chương trình Kế toán tích hợp chứng chỉ quốc tế,,tai_chinh,Tài chính - Ngân hàng - Kế toán - Kiểm toán - Bảo hiểm,international,A00;A01;D01;D07;X02;X26,A00,observed,70.0,,,,"Học bằng tiếng Anh (thường cần trình độ tiếng Anh tốt, có thể yêu cầu IELTS/chứng chỉ khi nhập học) | Chương trình liên kết/quốc tế: học phí cao hơn chương trình chuẩn",2,20.08,confirmed_2_sources,https://diemthi.vnexpress.net/tra-cuu-dai-hoc/loadbenchmark/id/425/year/2026/sortby/1/block_name/-1,True
TLA:TLA412,TLA,Trường Đại học Thuỷ lợi,Hà Nội,,TLA412,Chương trình Công nghệ tài chính,,tai_chinh,Tài chính - Ngân hàng - Kế toán - Kiểm toán - Bảo hiểm,standard,A00;A01;D01;D07;X02;X26,A00,observed,70.0,,,,,2,20.91,confirmed_2_sources,https://diemthi.vnexpress.net/tra-cuu-dai-hoc/loadbenchmark/id/425/year/2026/sortby/1/block_name/-1,True
TLA:TLA413,TLA,Trường Đại học Thuỷ lợi,Hà Nội,,TLA413,Kinh doanh thương mại,,kinh_te,Kinh tế - Kinh doanh - Quản trị - Marketing - Thương mại,standard,A00;A01;D01;D07;X02;X26,A00,observed,70.0,,,,,1,21.4,confirmed_2_sources,https://diemthi.vnexpress.net/tra-cuu-dai-hoc/loadbenchmark/id/425/year/2026/sortby/1/block_name/-1,True
TLA:TLA414,TLA,Trường Đại học Thuỷ lợi,Hà Nội,,TLA414,Marketing,,kinh_te,Kinh tế - Kinh doanh - Quản trị - Marketing - Thương mại,standard,A00;A01;D01;D07;X02;X26,A00,observed,50.0,,,,,1,21.9,confirmed_2_sources,https://diemthi.vnexpress.net/tra-cuu-dai-hoc/loadbenchmark/id/425/year/2026/sortby/1/block_name/-1,True
UEF:7210403,UEF,Trường Đại học Kinh tế - Tài chính tp. Hồ Chí Minh,TP. Hồ Chí Minh,,7210403,Thiết kế đồ họa,7210403,thiet_ke,Thiết kế - Nghệ thuật - Sáng tạo số,standard,C01;C03;C04;D01;X01;X02;A00;A01;D09;D10;D11;D14;D15,C03,observed,,80000000.0,80000000.0,per_year,,4,15.0,confirmed_2_sources,https://diemthi.vnexpress.net/tra-cuu-dai-hoc/loadbenchmark/id/294/year/2026/sortby/1/block_name/-1,False
UEF:7220201,UEF,Trường Đại học Kinh tế - Tài chính tp. Hồ Chí Minh,TP. Hồ Chí Minh,,7220201,Ngôn ngữ Anh,7220201,ngon_ngu,Ngôn ngữ - Văn hóa - Quốc tế học,standard,D01;D11;D14;D15;X78;X79;A01;C01;C03;C04;D09;D10,D01,observed,,80000000.0,80000000.0,per_year,,4,15.0,confirmed_2_sources,https://diemthi.vnexpress.net/tra-cuu-dai-hoc/loadbenchmark/id/294/year/2026/sortby/1/block_name/-1,False
UEF:7220204,UEF,Trường Đại học Kinh tế - Tài chính tp. Hồ Chí Minh,TP. Hồ Chí Minh,,7220204,Ngôn ngữ Trung Quốc,7220204,ngon_ngu,Ngôn ngữ - Văn hóa - Quốc tế học,standard,D01;D11;D14;D15;X78;X79;A01;C01;C03;C04;D09;D10,D01,observed,,80000000.0,80000000.0,per_year,,4,15.0,confirmed_2_sources,https://diemthi.vnexpress.net/tra-cuu-dai-hoc/loadbenchmark/id/294/year/2026/sortby/1/block_name/-1,False
UEF:7220209,UEF,Trường Đại học Kinh tế - Tài chính tp. Hồ Chí Minh,TP. Hồ Chí Minh,,7220209,Ngôn ngữ Nhật,7220209,ngon_ngu,Ngôn ngữ - Văn hóa - Quốc tế học,standard,D01;D11;D14;D15;X78;X79;A01;C01;C03;C04;D09;D10,D01,observed,,80000000.0,80000000.0,per_year,,4,15.0,confirmed_2_sources,https://diemthi.vnexpress.net/tra-cuu-dai-hoc/loadbenchmark/id/294/year/2026/sortby/1/block_name/-1,False
UEF:7220210,UEF,Trường Đại học Kinh tế - Tài chính tp. Hồ Chí Minh,TP. Hồ Chí Minh,,7220210,Ngôn ngữ Hàn Quốc,7220210,ngon_ngu,Ngôn ngữ - Văn hóa - Quốc tế học,standard,D01;D11;D14;D15;X78;X79;A01;C01;C03;C04;D09;D10,D01,observed,,80000000.0,80000000.0,per_year,,4,15.0,confirmed_2_sources,https://diemthi.vnexpress.net/tra-cuu-dai-hoc/loadbenchmark/id/294/year/2026/sortby/1/block_name/-1,False
UEF:7310106,UEF,Trường Đại học Kinh tế - Tài chính tp. Hồ Chí Minh,TP. Hồ Chí Minh,,7310106,Kinh tế quốc tế,7310106,kinh_te,Kinh tế - Kinh doanh - Quản trị - Marketing - Thương mại,international,C01;C03;C04;D01;X01;X02;A00;A01;C00;D09;D10;D11;D14;D15,C03,observed,,80000000.0,80000000.0,per_year,"Học bằng tiếng Anh (thường cần trình độ tiếng Anh tốt, có thể yêu cầu IELTS/chứng chỉ khi nhập học) | Chương trình liên kết/quốc tế: học phí cao hơn chương trình chuẩn",4,15.0,confirmed_2_sources,https://diemthi.vnexpress.net/tra-cuu-dai-hoc/loadbenchmark/id/294/year/2026/sortby/1/block_name/-1,False
UEF:7310109,UEF,Trường Đại học Kinh tế - Tài chính tp. Hồ Chí Minh,TP. Hồ Chí Minh,,7310109,Kinh tế số,7310109,kinh_te,Kinh tế - Kinh doanh - Quản trị - Marketing - Thương mại,standard,C01;C03;C04;D01;X01;X02;A01;D09;D10;D11;D14;D15,C03,observed,,80000000.0,80000000.0,per_year,,3,15.0,confirmed_2_sources,https://diemthi.vnexpress.net/tra-cuu-dai-hoc/loadbenchmark/id/294/year/2026/sortby/1/block_name/-1,False
UEF:7310206,UEF,Trường Đại học Kinh tế - Tài chính tp. Hồ Chí Minh,TP. Hồ Chí Minh,,7310206,Quan hệ quốc tế,7310206,xa_hoi,Khoa học xã hội - Tâm lý - Nhân văn - Chính trị - Hành chính,international,D01;D11;D14;D15;X78;X79;A01;C01;C03;C04;D09;D10,D01,observed,,80000000.0,80000000.0,per_year,"Học bằng tiếng Anh (thường cần trình độ tiếng Anh tốt, có thể yêu cầu IELTS/chứng chỉ khi nhập học) | Chương trình liên kết/quốc tế: học phí cao hơn chương trình chuẩn",4,15.0,confirmed_2_sources,https://diemthi.vnexpress.net/tra-cuu-dai-hoc/loadbenchmark/id/294/year/2026/sortby/1/block_name/-1,False
UEF:7310401,UEF,Trường Đại học Kinh tế - Tài chính tp. Hồ Chí Minh,TP. Hồ Chí Minh,,7310401,Tâm lý học,7310401,y_duoc,Y - Dược - Điều dưỡng - Sức khỏe,standard,C01;C03;C04;D01;X01;X02;C00;D14;D15;A01;D09;D10;D11,C03,observed,,80000000.0,80000000.0,per_year,Khối sức khỏe: có ngưỡng điểm sàn của Bộ,4,15.0,confirmed_2_sources,https://diemthi.vnexpress.net/tra-cuu-dai-hoc/loadbenchmark/id/294/year/2026/sortby/1/block_name/-1,False
UEF:7320104,UEF,Trường Đại học Kinh tế - Tài chính tp. Hồ Chí Minh,TP. Hồ Chí Minh,,7320104,Truyền thông đa phương tiện,7320104,bao_chi,Báo chí - Truyền thông - Quan hệ công chúng,standard,C01;C03;C04;D01;X01;X02;A00;A01;C00;D09;D10;D11;D14;D15,C03,observed,,80000000.0,80000000.0,per_year,,4,15.0,confirmed_2_sources,https://diemthi.vnexpress.net/tra-cuu-dai-hoc/loadbenchmark/id/294/year/2026/sortby/1/block_name/-1,False
UEF:7320106,UEF,Trường Đại học Kinh tế - Tài chính tp. Hồ Chí Minh,TP. Hồ Chí Minh,,7320106,Công nghệ truyền thông,7320106,bao_chi,Báo chí - Truyền thông - Quan hệ công chúng,standard,C01;C03;C04;D01;X01;X02;A00;A01;C00;D09;D10;D11;D14;D15,C03,observed,,80000000.0,80000000.0,per_year,,4,15.0,confirmed_2_sources,https://diemthi.vnexpress.net/tra-cuu-dai-hoc/loadbenchmark/id/294/year/2026/sortby/1/block_name/-1,False
UEF:7320108,UEF,Trường Đại học Kinh tế - Tài chính tp. Hồ Chí Minh,TP. Hồ Chí Minh,,7320108,Quan hệ công chúng,7320108,bao_chi,Báo chí - Truyền thông - Quan hệ công chúng,standard,C01;C03;C04;D01;X01;X02;A00;A01;C00;D09;D10;D11;D14;D15,C03,observed,,80000000.0,80000000.0,per_year,,4,15.0,confirmed_2_sources,https://diemthi.vnexpress.net/tra-cuu-dai-hoc/loadbenchmark/id/294/year/2026/sortby/1/block_name/-1,False
UEF:7340101,UEF,Trường Đại học Kinh tế - Tài chính tp. Hồ Chí Minh,TP. Hồ Chí Minh,,7340101,Quản trị Kinh doanh,7340101,kinh_te,Kinh tế - Kinh doanh - Quản trị - Marketing - Thương mại,standard,C01;C03;C04;D01;X01;X02;A00;A01;C00;D09;D10;D11;D14;D15,C03,observed,,80000000.0,80000000.0,per_year,,4,15.0,confirmed_2_sources,https://diemthi.vnexpress.net/tra-cuu-dai-hoc/loadbenchmark/id/294/year/2026/sortby/1/block_name/-1,False
UEF:7340101E,UEF,Trường Đại học Kinh tế - Tài chính tp. Hồ Chí Minh,TP. Hồ Chí Minh,,7340101E,Quản trị kinh doanh - Tiếng Anh,7340101,ngon_ngu,Ngôn ngữ - Văn hóa - Quốc tế học,standard,C01;C03;C04;D01;X01;X02;A01;D09;D10;D11;D14;D15,C03,observed,,80000000.0,80000000.0,per_year,"Học bằng tiếng Anh (thường cần trình độ tiếng Anh tốt, có thể yêu cầu IELTS/chứng chỉ khi nhập học)",2,15.0,confirmed_2_sources,https://diemthi.vnexpress.net/tra-cuu-dai-hoc/loadbenchmark/id/294/year/2026/sortby/1/block_name/-1,False
UEF:7340114,UEF,Trường Đại học Kinh tế - Tài chính tp. Hồ Chí Minh,TP. Hồ Chí Minh,,7340114,Marketing kỹ thuật số,7340114,kinh_te,Kinh tế - Kinh doanh - Quản trị - Marketing - Thương mại,standard,C01;C03;C04;D01;X01;X02;A00;A01;C00;D09;D10;D11;D14;D15,C03,observed,,80000000.0,80000000.0,per_year,,4,15.0,confirmed_2_sources,https://diemthi.vnexpress.net/tra-cuu-dai-hoc/loadbenchmark/id/294/year/2026/sortby/1/block_name/-1,False
UEF:7340115,UEF,Trường Đại học Kinh tế - Tài chính tp. Hồ Chí Minh,TP. Hồ Chí Minh,,7340115,Marketing,7340115,kinh_te,Kinh tế - Kinh doanh - Quản trị - Marketing - Thương mại,standard,C01;C03;C04;D01;X01;X02;A00;A01;C00;D09;D10;D11;D14;D15,C03,observed,,80000000.0,80000000.0,per_year,,4,15.0,confirmed_2_sources,https://diemthi.vnexpress.net/tra-cuu-dai-hoc/loadbenchmark/id/294/year/2026/sortby/1/block_name/-1,False
UEF:7340115E,UEF,Trường Đại học Kinh tế - Tài chính tp. Hồ Chí Minh,TP. Hồ Chí Minh,,7340115E,Marketing - Chương trình Marketing số E - Toàn phần tiếng Anh,7340115,ngon_ngu,Ngôn ngữ - Văn hóa - Quốc tế học,standard,C01;C03;C04;D01;X01;X02;A01;D09;D10;D11;D14;D15,C03,observed,,80000000.0,80000000.0,per_year,"Học bằng tiếng Anh (thường cần trình độ tiếng Anh tốt, có thể yêu cầu IELTS/chứng chỉ khi nhập học)",2,15.0,confirmed_2_sources,https://diemthi.vnexpress.net/tra-cuu-dai-hoc/loadbenchmark/id/294/year/2026/sortby/1/block_name/-1,False
UEF:7340116,UEF,Trường Đại học Kinh tế - Tài chính tp. Hồ Chí Minh,TP. Hồ Chí Minh,,7340116,Bất động sản,7340116,kinh_te,Kinh tế - Kinh doanh - Quản trị - Marketing - Thương mại,standard,C01;C03;C04;D01;X01;X02;A00;A01;C00;D09;D10;D11;D14;D15,C03,observed,,80000000.0,80000000.0,per_year,,4,15.0,confirmed_2_sources,https://diemthi.vnexpress.net/tra-cuu-dai-hoc/loadbenchmark/id/294/year/2026/sortby/1/block_name/-1,False
UEF:7340120,UEF,Trường Đại học Kinh tế - Tài chính tp. Hồ Chí Minh,TP. Hồ Chí Minh,,7340120,Ngành Kinh doanh quốc tế,7340120,kinh_te,Kinh tế - Kinh doanh - Quản trị - Marketing - Thương mại,international,C01;C03;C04;D01;X01;X02;A00;A01;D09;D10;D11;D14;D15,C03,observed,,80000000.0,80000000.0,per_year,"Học bằng tiếng Anh (thường cần trình độ tiếng Anh tốt, có thể yêu cầu IELTS/chứng chỉ khi nhập học) | Chương trình liên kết/quốc tế: học phí cao hơn chương trình chuẩn",4,15.0,confirmed_2_sources,https://diemthi.vnexpress.net/tra-cuu-dai-hoc/loadbenchmark/id/294/year/2026/sortby/1/block_name/-1,False
UEF:7340120E,UEF,Trường Đại học Kinh tế - Tài chính tp. Hồ Chí Minh,TP. Hồ Chí Minh,,7340120E,Kinh doanh quốc tế - Chương trình Ngoại thương E - tiếng Anh toàn phần,7340120,ngon_ngu,Ngôn ngữ - Văn hóa - Quốc tế học,international,C01;C03;C04;D01;X01;X02;A01;D09;D10;D11;D14;D15,C03,observed,,80000000.0,80000000.0,per_year,"Học bằng tiếng Anh (thường cần trình độ tiếng Anh tốt, có thể yêu cầu IELTS/chứng chỉ khi nhập học) | Chương trình liên kết/quốc tế: học phí cao hơn chương trình chuẩn",2,15.0,confirmed_2_sources,https://diemthi.vnexpress.net/tra-cuu-dai-hoc/loadbenchmark/id/294/year/2026/sortby/1/block_name/-1,False
UEF:7340121,UEF,Trường Đại học Kinh tế - Tài chính tp. Hồ Chí Minh,TP. Hồ Chí Minh,,7340121,Kinh doanh thương mại,7340121,kinh_te,Kinh tế - Kinh doanh - Quản trị - Marketing - Thương mại,standard,C01;C03;C04;D01;X01;X02;A00;A01;C00;D09;D10;D11;D14;D15,C03,observed,,80000000.0,80000000.0,per_year,,4,15.0,confirmed_2_sources,https://diemthi.vnexpress.net/tra-cuu-dai-hoc/loadbenchmark/id/294/year/2026/sortby/1/block_name/-1,False
UEF:7340122,UEF,Trường Đại học Kinh tế - Tài chính tp. Hồ Chí Minh,TP. Hồ Chí Minh,,7340122,Thương mại điện tử,7340122,kinh_te,Kinh tế - Kinh doanh - Quản trị - Marketing - Thương mại,standard,C01;C03;C04;D01;X01;X02;A00;A01;D09;D10;D11;D14;D15,C03,observed,,80000000.0,80000000.0,per_year,,4,15.0,confirmed_2_sources,https://diemthi.vnexpress.net/tra-cuu-dai-hoc/loadbenchmark/id/294/year/2026/sortby/1/block_name/-1,False
UEF:7340201,UEF,Trường Đại học Kinh tế - Tài chính tp. Hồ Chí Minh,TP. Hồ Chí Minh,,7340201,Tài chính – Ngân hàng,7340201,tai_chinh,Tài chính - Ngân hàng - Kế toán - Kiểm toán - Bảo hiểm,standard,C01;C03;C04;D01;X01;X02;A00;A01;D09;D10;D11;D14;D15,C03,observed,,80000000.0,80000000.0,per_year,,4,15.0,confirmed_2_sources,https://diemthi.vnexpress.net/tra-cuu-dai-hoc/loadbenchmark/id/294/year/2026/sortby/1/block_name/-1,False
UEF:7340201E,UEF,Trường Đại học Kinh tế - Tài chính tp. Hồ Chí Minh,TP. Hồ Chí Minh,,7340201E,Tài chính - Ngân hàng Chương trình Tài năng UEF,7340201,tai_chinh,Tài chính - Ngân hàng - Kế toán - Kiểm toán - Bảo hiểm,standard,C01;C03;C04;D01;X01;X02;A01;D09;D10;D11;D14;D15,C03,observed,,80000000.0,80000000.0,per_year,,2,15.0,confirmed_2_sources,https://diemthi.vnexpress.net/tra-cuu-dai-hoc/loadbenchmark/id/294/year/2026/sortby/1/block_name/-1,False
UEF:7340205,UEF,Trường Đại học Kinh tế - Tài chính tp. Hồ Chí Minh,TP. Hồ Chí Minh,,7340205,Công nghệ tài chính,7340205,tai_chinh,Tài chính - Ngân hàng - Kế toán - Kiểm toán - Bảo hiểm,standard,C01;C03;C04;D01;X01;X02;A00;A01;D09;D10;D11;D14;D15,C03,observed,,80000000.0,80000000.0,per_year,,4,15.0,confirmed_2_sources,https://diemthi.vnexpress.net/tra-cuu-dai-hoc/loadbenchmark/id/294/year/2026/sortby/1/block_name/-1,False
UEF:7340206,UEF,Trường Đại học Kinh tế - Tài chính tp. Hồ Chí Minh,TP. Hồ Chí Minh,,7340206,Tài chính quốc tế,7340206,tai_chinh,Tài chính - Ngân hàng - Kế toán - Kiểm toán - Bảo hiểm,international,C01;C03;C04;D01;X01;X02;A00;A01;D09;D10;D11;D14;D15,C03,observed,,80000000.0,80000000.0,per_year,"Học bằng tiếng Anh (thường cần trình độ tiếng Anh tốt, có thể yêu cầu IELTS/chứng chỉ khi nhập học) | Chương trình liên kết/quốc tế: học phí cao hơn chương trình chuẩn",4,15.0,confirmed_2_sources,https://diemthi.vnexpress.net/tra-cuu-dai-hoc/loadbenchmark/id/294/year/2026/sortby/1/block_name/-1,False
UEF:7340301,UEF,Trường Đại học Kinh tế - Tài chính tp. Hồ Chí Minh,TP. Hồ Chí Minh,,7340301,Kế toán,7340301,tai_chinh,Tài chính - Ngân hàng - Kế toán - Kiểm toán - Bảo hiểm,standard,C01;C03;C04;D01;X01;X02;A00;A01;D09;D10;D11;D14;D15,C03,observed,,80000000.0,80000000.0,per_year,,4,15.0,confirmed_2_sources,https://diemthi.vnexpress.net/tra-cuu-dai-hoc/loadbenchmark/id/294/year/2026/sortby/1/block_name/-1,False
UEF:7340302,UEF,Trường Đại học Kinh tế - Tài chính tp. Hồ Chí Minh,TP. Hồ Chí Minh,,7340302,Kiểm toán,7340302,tai_chinh,Tài chính - Ngân hàng - Kế toán - Kiểm toán - Bảo hiểm,standard,C01;C03;C04;D01;X01;X02;A00;A01;D09;D10;D11;D14;D15,C03,observed,,80000000.0,80000000.0,per_year,,4,15.0,confirmed_2_sources,https://diemthi.vnexpress.net/tra-cuu-dai-hoc/loadbenchmark/id/294/year/2026/sortby/1/block_name/-1,False
UEF:7340404,UEF,Trường Đại học Kinh tế - Tài chính tp. Hồ Chí Minh,TP. Hồ Chí Minh,,7340404,Quản trị nhân lực,7340404,kinh_te,Kinh tế - Kinh doanh - Quản trị - Marketing - Thương mại,standard,C01;C03;C04;D01;X01;X02;A00;A01;C00;D09;D10;D11;D14;D15,C03,observed,,80000000.0,80000000.0,per_year,,4,15.0,confirmed_2_sources,https://diemthi.vnexpress.net/tra-cuu-dai-hoc/loadbenchmark/id/294/year/2026/sortby/1/block_name/-1,False
UEF:7340412,UEF,Trường Đại học Kinh tế - Tài chính tp. Hồ Chí Minh,TP. Hồ Chí Minh,,7340412,Quản trị sự kiện,7340412,du_lich,Du lịch - Khách sạn - Logistics - Hàng không - Dịch vụ,standard,C01;C03;C04;D01;X01;X02;A00;A01;C00;D09;D10;D11;D14;D15,C03,observed,,80000000.0,80000000.0,per_year,,4,15.0,confirmed_2_sources,https://diemthi.vnexpress.net/tra-cuu-dai-hoc/loadbenchmark/id/294/year/2026/sortby/1/block_name/-1,False
UEF:7380101,UEF,Trường Đại học Kinh tế - Tài chính tp. Hồ Chí Minh,TP. Hồ Chí Minh,,7380101,Ngành Luật,7380101,luat,Luật,standard,C01;C03;C04;D01;X01;X02;A00;A01;C00;D09;D10;D11;D14;D15,C03,observed,,80000000.0,80000000.0,per_year,,4,20.0,confirmed_2_sources,https://diemthi.vnexpress.net/tra-cuu-dai-hoc/loadbenchmark/id/294/year/2026/sortby/1/block_name/-1,False
UEF:7380107,UEF,Trường Đại học Kinh tế - Tài chính tp. Hồ Chí Minh,TP. Hồ Chí Minh,,7380107,Luật kinh tế,7380107,luat,Luật,standard,C01;C03;C04;D01;X01;X02;A00;A01;C00;D09;D10;D11;D14;D15,C03,observed,,80000000.0,80000000.0,per_year,,4,20.0,confirmed_2_sources,https://diemthi.vnexpress.net/tra-cuu-dai-hoc/loadbenchmark/id/294/year/2026/sortby/1/block_name/-1,False
UEF:7380108,UEF,Trường Đại học Kinh tế - Tài chính tp. Hồ Chí Minh,TP. Hồ Chí Minh,,7380108,Luật quốc tế,7380108,luat,Luật,international,C01;C03;C04;D01;X01;X02;A00;A01;C00;D09;D10;D11;D14;D15,C03,observed,,80000000.0,80000000.0,per_year,"Học bằng tiếng Anh (thường cần trình độ tiếng Anh tốt, có thể yêu cầu IELTS/chứng chỉ khi nhập học) | Chương trình liên kết/quốc tế: học phí cao hơn chương trình chuẩn",4,20.0,confirmed_2_sources,https://diemthi.vnexpress.net/tra-cuu-dai-hoc/loadbenchmark/id/294/year/2026/sortby/1/block_name/-1,False
UEF:7380109,UEF,Trường Đại học Kinh tế - Tài chính tp. Hồ Chí Minh,TP. Hồ Chí Minh,,7380109,Luật Thương mại Quốc tế,7380109,luat,Luật,international,C01;C03;C04;D01;X01;X02;A01;D09;D10;D11;D14;D15,C03,observed,,80000000.0,80000000.0,per_year,"Học bằng tiếng Anh (thường cần trình độ tiếng Anh tốt, có thể yêu cầu IELTS/chứng chỉ khi nhập học) | Chương trình liên kết/quốc tế: học phí cao hơn chương trình chuẩn",2,20.0,confirmed_2_sources,https://diemthi.vnexpress.net/tra-cuu-dai-hoc/loadbenchmark/id/294/year/2026/sortby/1/block_name/-1,False
UEF:7460108,UEF,Trường Đại học Kinh tế - Tài chính tp. Hồ Chí Minh,TP. Hồ Chí Minh,,7460108,Khoa học dữ liệu (Data Science),7460108,cntt,Công nghệ thông tin - Máy tính - Dữ liệu - AI,standard,C01;C03;C04;D01;X01;X02;A00;A01;D09;D10;D11;D14;D15,C03,observed,,80000000.0,80000000.0,per_year,,4,15.0,confirmed_2_sources,https://diemthi.vnexpress.net/tra-cuu-dai-hoc/loadbenchmark/id/294/year/2026/sortby/1/block_name/-1,False
UEF:7480103,UEF,Trường Đại học Kinh tế - Tài chính tp. Hồ Chí Minh,TP. Hồ Chí Minh,,7480103,Kỹ thuật phần mềm,7480103,cntt,Công nghệ thông tin - Máy tính - Dữ liệu - AI,standard,C01;C03;C04;D01;X01;X02;A00;A01;D09;D10;D11;D14;D15,C03,observed,,80000000.0,80000000.0,per_year,,3,15.0,confirmed_2_sources,https://diemthi.vnexpress.net/tra-cuu-dai-hoc/loadbenchmark/id/294/year/2026/sortby/1/block_name/-1,False
UEF:7480201,UEF,Trường Đại học Kinh tế - Tài chính tp. Hồ Chí Minh,TP. Hồ Chí Minh,,7480201,Công nghệ thông tin,7480201,cntt,Công nghệ thông tin - Máy tính - Dữ liệu - AI,standard,C01;C03;C04;D01;X01;X02;A00;A01;D09;D10;D11;D14;D15,C03,observed,,80000000.0,80000000.0,per_year,,4,15.0,confirmed_2_sources,https://diemthi.vnexpress.net/tra-cuu-dai-hoc/loadbenchmark/id/294/year/2026/sortby/1/block_name/-1,False
UEF:7480208,UEF,Trường Đại học Kinh tế - Tài chính tp. Hồ Chí Minh,TP. Hồ Chí Minh,,7480208,An ninh mạng,7480208,cntt,Công nghệ thông tin - Máy tính - Dữ liệu - AI,standard,C01;C03;C04;D01;X01;X02;A01;D09;D10;D11;D14;D15,C03,observed,,80000000.0,80000000.0,,,1,15.0,confirmed_2_sources,https://diemthi.vnexpress.net/tra-cuu-dai-hoc/loadbenchmark/id/294/year/2026/sortby/1/block_name/-1,True
UEF:7510605,UEF,Trường Đại học Kinh tế - Tài chính tp. Hồ Chí Minh,TP. Hồ Chí Minh,,7510605,Logistics và Quản lý chuỗi cung ứng,7510605,du_lich,Du lịch - Khách sạn - Logistics - Hàng không - Dịch vụ,standard,C01;C03;C04;D01;X01;X02;A00;A01;C00;D09;D10;D11;D14;D15,C03,observed,,80000000.0,80000000.0,per_year,,4,15.0,confirmed_2_sources,https://diemthi.vnexpress.net/tra-cuu-dai-hoc/loadbenchmark/id/294/year/2026/sortby/1/block_name/-1,False
UEF:7810103,UEF,Trường Đại học Kinh tế - Tài chính tp. Hồ Chí Minh,TP. Hồ Chí Minh,,7810103,Quản trị dịch vụ du lịch và lữ hành,7810103,du_lich,Du lịch - Khách sạn - Logistics - Hàng không - Dịch vụ,standard,C01;C03;C04;D01;X01;X02;A00;A01;C00;D09;D10;D11;D14;D15,C03,observed,,80000000.0,80000000.0,per_year,,4,15.0,confirmed_2_sources,https://diemthi.vnexpress.net/tra-cuu-dai-hoc/loadbenchmark/id/294/year/2026/sortby/1/block_name/-1,False
UEF:7810201,UEF,Trường Đại học Kinh tế - Tài chính tp. Hồ Chí Minh,TP. Hồ Chí Minh,,7810201,Quản trị khách sạn,7810201,du_lich,Du lịch - Khách sạn - Logistics - Hàng không - Dịch vụ,standard,C01;C03;C04;D01;X01;X02;A00;A01;C00;D09;D10;D11;D14;D15,C03,observed,,80000000.0,80000000.0,per_year,,4,15.0,confirmed_2_sources,https://diemthi.vnexpress.net/tra-cuu-dai-hoc/loadbenchmark/id/294/year/2026/sortby/1/block_name/-1,False
UEF:7810202,UEF,Trường Đại học Kinh tế - Tài chính tp. Hồ Chí Minh,TP. Hồ Chí Minh,,7810202,Quản trị nhà hàng và dịch vụ ăn uống,7810202,du_lich,Du lịch - Khách sạn - Logistics - Hàng không - Dịch vụ,standard,C01;C03;C04;D01;X01;X02;A00;A01;C00;D09;D10;D11;D14;D15,C03,observed,,80000000.0,80000000.0,per_year,,4,15.0,confirmed_2_sources,https://diemthi.vnexpress.net/tra-cuu-dai-hoc/loadbenchmark/id/294/year/2026/sortby/1/block_name/-1,False
XDA:XDA07,XDA,Trường Đại học Xây dựng,Hà Nội,,XDA07,Kỹ thuật xây dựng,,xay_dung,Kiến trúc - Xây dựng - Giao thông - Quy hoạch,standard,A00;A01;C01;D01;D07;X06,A00,observed,300.0,,,,,1,24.45,confirmed_2_sources,https://diemthi.vnexpress.net/tra-cuu-dai-hoc/loadbenchmark/id/429/year/2026/sortby/1/block_name/-1,True
XDA:XDA08,XDA,Trường Đại học Xây dựng,Hà Nội,,XDA08,Xây dựng dân dụng và công nghiệp,,xay_dung,Kiến trúc - Xây dựng - Giao thông - Quy hoạch,standard,A00;A01;C01;D07;D24;D29;X06,A00,observed,400.0,,,,,1,18.75,disputed,https://diemthi.vnexpress.net/tra-cuu-dai-hoc/loadbenchmark/id/429/year/2026/sortby/1/block_name/-1,True
XDA:XDA09,XDA,Trường Đại học Xây dựng,Hà Nội,,XDA09,Hệ thống kỹ thuật trong công trình,,xay_dung,Kiến trúc - Xây dựng - Giao thông - Quy hoạch,standard,A00;A01;C01;D07;X06,A00,observed,100.0,,,,,1,23.94,confirmed_2_sources,https://diemthi.vnexpress.net/tra-cuu-dai-hoc/loadbenchmark/id/429/year/2026/sortby/1/block_name/-1,True
XDA:XDA10,XDA,Trường Đại học Xây dựng,Hà Nội,,XDA10,Tin học xây dựng,,xay_dung,Kiến trúc - Xây dựng - Giao thông - Quy hoạch,standard,A00;A01;C01;D01;X06,A00,observed,150.0,,,,,1,23.96,confirmed_2_sources,https://diemthi.vnexpress.net/tra-cuu-dai-hoc/loadbenchmark/id/429/year/2026/sortby/1/block_name/-1,True
XDA:XDA11,XDA,Trường Đại học Xây dựng,Hà Nội,,XDA11,Kỹ thuật công trình biển,,xay_dung,Kiến trúc - Xây dựng - Giao thông - Quy hoạch,standard,A00;A01;C01;D01;D07;X06,A00,observed,50.0,,,,,1,23.37,confirmed_2_sources,https://diemthi.vnexpress.net/tra-cuu-dai-hoc/loadbenchmark/id/429/year/2026/sortby/1/block_name/-1,True
XDA:XDA12,XDA,Trường Đại học Xây dựng,Hà Nội,,XDA12,Kỹ thuật xây dựng công trình thủy,,xay_dung,Kiến trúc - Xây dựng - Giao thông - Quy hoạch,standard,A00;A01;C01;D01;D07;X06,A00,observed,50.0,,,,,1,23.02,confirmed_2_sources,https://diemthi.vnexpress.net/tra-cuu-dai-hoc/loadbenchmark/id/429/year/2026/sortby/1/block_name/-1,True
XDA:XDA13,XDA,Trường Đại học Xây dựng,Hà Nội,,XDA13,Xây dựng cầu đường,,xay_dung,Kiến trúc - Xây dựng - Giao thông - Quy hoạch,standard,A00;A01;C01;D01;D07;X06,A00,observed,150.0,,,,,1,16.0,disputed,https://diemthi.vnexpress.net/tra-cuu-dai-hoc/loadbenchmark/id/429/year/2026/sortby/1/block_name/-1,True
XDA:XDA14,XDA,Trường Đại học Xây dựng,Hà Nội,,XDA14,Đường sắt tốc độ cao và đường sắt đô thị,,xay_dung,Kiến trúc - Xây dựng - Giao thông - Quy hoạch,standard,A00;A01;C01;D01;D07;X06,A00,observed,50.0,,,,,1,24.26,confirmed_2_sources,https://diemthi.vnexpress.net/tra-cuu-dai-hoc/loadbenchmark/id/429/year/2026/sortby/1/block_name/-1,True
XDA:XDA15,XDA,Trường Đại học Xây dựng,Hà Nội,,XDA15,Kỹ thuật Cấp thoát nước/Kỹ thuật nước - Môi trường nước,,nong_lam_mt,Nông - Lâm - Thủy sản - Môi trường - Tài nguyên,standard,A00;A01;A02;B00;C01;C02;D07;X06;X14,A00,observed,100.0,,,,,1,16.0,disputed,https://diemthi.vnexpress.net/tra-cuu-dai-hoc/loadbenchmark/id/429/year/2026/sortby/1/block_name/-1,True
XDA:XDA16,XDA,Trường Đại học Xây dựng,Hà Nội,,XDA16,Kinh tế xây dựng,,xay_dung,Kiến trúc - Xây dựng - Giao thông - Quy hoạch,standard,A00;A01;C01;D01;D07;X05;X06;X26,A00,observed,450.0,,,,,1,17.0,disputed,https://diemthi.vnexpress.net/tra-cuu-dai-hoc/loadbenchmark/id/429/year/2026/sortby/1/block_name/-1,True
XDA:XDA17,XDA,Trường Đại học Xây dựng,Hà Nội,,XDA17,Quản lý xây dựng/ Kinh tế và quản lý đô thị,,xay_dung,Kiến trúc - Xây dựng - Giao thông - Quy hoạch,standard,A00;A01;C01;D01;D07;X05;X06;X26,A00,observed,100.0,,,,,1,24.1,confirmed_2_sources,https://diemthi.vnexpress.net/tra-cuu-dai-hoc/loadbenchmark/id/429/year/2026/sortby/1/block_name/-1,True
XDA:XDA18,XDA,Trường Đại học Xây dựng,Hà Nội,,XDA18,Quản lý xây dựng/ Kinh tê và quản lý bất động sản,,xay_dung,Kiến trúc - Xây dựng - Giao thông - Quy hoạch,standard,A00;A01;C01;D01;D07;X05;X06;X26,A00,observed,100.0,,,,,1,23.5,confirmed_2_sources,https://diemthi.vnexpress.net/tra-cuu-dai-hoc/loadbenchmark/id/429/year/2026/sortby/1/block_name/-1,True
XDA:XDA19,XDA,Trường Đại học Xây dựng,Hà Nội,,XDA19,"Quản lý xây dựng/ Quả lý hạ tầng, đất đai đô thị (*)",,xay_dung,Kiến trúc - Xây dựng - Giao thông - Quy hoạch,standard,A00;A01;C01;D01;D07;X05;X06;X26,A00,observed,100.0,,,,,1,23.47,confirmed_2_sources,https://diemthi.vnexpress.net/tra-cuu-dai-hoc/loadbenchmark/id/429/year/2026/sortby/1/block_name/-1,True
XDA:XDA20,XDA,Trường Đại học Xây dựng,Hà Nội,,XDA20,Quản lý xây dựng/ Kiểm toán đầu tư xây dựng (*),,tai_chinh,Tài chính - Ngân hàng - Kế toán - Kiểm toán - Bảo hiểm,standard,A00;A01;C01;D01;D07;X05;X06;X26,A00,observed,50.0,,,,,1,24.3,confirmed_2_sources,https://diemthi.vnexpress.net/tra-cuu-dai-hoc/loadbenchmark/id/429/year/2026/sortby/1/block_name/-1,True
XDA:XDA21,XDA,Trường Đại học Xây dựng,Hà Nội,,XDA21,Công nghệ kỹ thuật xây dựng,,xay_dung,Kiến trúc - Xây dựng - Giao thông - Quy hoạch,standard,A00;A01;C01;D07;X06;X26,A00,observed,50.0,,,,,1,24.42,confirmed_2_sources,https://diemthi.vnexpress.net/tra-cuu-dai-hoc/loadbenchmark/id/429/year/2026/sortby/1/block_name/-1,True
XDA:XDA22,XDA,Trường Đại học Xây dựng,Hà Nội,,XDA22,Công nghệ kỹ thuật vật liệu xây dựng,,xay_dung,Kiến trúc - Xây dựng - Giao thông - Quy hoạch,standard,A00;A01;A02;B00;C01;C02;D07;X06,A00,observed,100.0,,,,,1,23.72,confirmed_2_sources,https://diemthi.vnexpress.net/tra-cuu-dai-hoc/loadbenchmark/id/429/year/2026/sortby/1/block_name/-1,True
XDA:XDA23,XDA,Trường Đại học Xây dựng,Hà Nội,,XDA23,Logistics và Quản lý chuỗi cung ứng (*),,du_lich,Du lịch - Khách sạn - Logistics - Hàng không - Dịch vụ,standard,A00;A01;C01;D01;D07;X05;X06;X26,A00,observed,200.0,,,,,1,17.0,disputed,https://diemthi.vnexpress.net/tra-cuu-dai-hoc/loadbenchmark/id/429/year/2026/sortby/1/block_name/-1,True
XDA:XDA24,XDA,Trường Đại học Xây dựng,Hà Nội,,XDA24,Logistics và Quản lý chuỗi cung ứng/ Logistics đô thị (*),,du_lich,Du lịch - Khách sạn - Logistics - Hàng không - Dịch vụ,standard,A00;A01;C01;D01;D07;X05;X06;X26,A00,observed,50.0,,,,,1,24.75,confirmed_2_sources,https://diemthi.vnexpress.net/tra-cuu-dai-hoc/loadbenchmark/id/429/year/2026/sortby/1/block_name/-1,True
XDA:XDA25,XDA,Trường Đại học Xây dựng,Hà Nội,,XDA25,Logistics và Quản lý chuỗi cung ứng/ Logistics công nghiệp (*),,du_lich,Du lịch - Khách sạn - Logistics - Hàng không - Dịch vụ,standard,A00;A01;C01;D01;D07;X05;X06;X26,A00,observed,50.0,,,,,1,24.97,confirmed_2_sources,https://diemthi.vnexpress.net/tra-cuu-dai-hoc/loadbenchmark/id/429/year/2026/sortby/1/block_name/-1,True
XDA:XDA26,XDA,Trường Đại học Xây dựng,Hà Nội,,XDA26,Công nghệ thông tin,,cntt,Công nghệ thông tin - Máy tính - Dữ liệu - AI,standard,A00;A01;C01;D01;X06;X26,A00,observed,250.0,,,,,1,23.76,confirmed_2_sources,https://diemthi.vnexpress.net/tra-cuu-dai-hoc/loadbenchmark/id/429/year/2026/sortby/1/block_name/-1,True
XDA:XDA27,XDA,Trường Đại học Xây dựng,Hà Nội,,XDA27,Công nghệ thông tin/Công nghệ đa phương tiện (*),,cntt,Công nghệ thông tin - Máy tính - Dữ liệu - AI,standard,A00;A01;C01;D01;X06;X26,A00,observed,100.0,,,,,1,23.17,confirmed_2_sources,https://diemthi.vnexpress.net/tra-cuu-dai-hoc/loadbenchmark/id/429/year/2026/sortby/1/block_name/-1,True
XDA:XDA28,XDA,Trường Đại học Xây dựng,Hà Nội,,XDA28,Công nghệ thông tin/ An toàn thông tin,,cntt,Công nghệ thông tin - Máy tính - Dữ liệu - AI,standard,A00;A01;C01;D01;X06;X26,A00,observed,50.0,,,,,1,24.86,confirmed_2_sources,https://diemthi.vnexpress.net/tra-cuu-dai-hoc/loadbenchmark/id/429/year/2026/sortby/1/block_name/-1,True
XDA:XDA29,XDA,Trường Đại học Xây dựng,Hà Nội,,XDA29,Khoa học máy tính,,cntt,Công nghệ thông tin - Máy tính - Dữ liệu - AI,standard,A00;A01;C01;D01;X06;X26,A00,observed,100.0,,,,,1,24.63,confirmed_2_sources,https://diemthi.vnexpress.net/tra-cuu-dai-hoc/loadbenchmark/id/429/year/2026/sortby/1/block_name/-1,True
XDA:XDA30,XDA,Trường Đại học Xây dựng,Hà Nội,,XDA30,Khoa học dữ liệu (*),,cntt,Công nghệ thông tin - Máy tính - Dữ liệu - AI,standard,A00;A01;C01;D01;X06;X26,A00,observed,50.0,,,,,1,24.67,confirmed_2_sources,https://diemthi.vnexpress.net/tra-cuu-dai-hoc/loadbenchmark/id/429/year/2026/sortby/1/block_name/-1,True
XDA:XDA31,XDA,Trường Đại học Xây dựng,Hà Nội,,XDA31,Kỹ thuật cơ khí,,ky_thuat,"Kỹ thuật - Công nghệ (cơ khí, điện, điện tử, ô tô, tự động hóa, vật liệu)",standard,A00;A01;C01;X06,A00,observed,100.0,,,,,1,26.14,confirmed_2_sources,https://diemthi.vnexpress.net/tra-cuu-dai-hoc/loadbenchmark/id/429/year/2026/sortby/1/block_name/-1,True
XDA:XDA32,XDA,Trường Đại học Xây dựng,Hà Nội,,XDA32,Kỹ thuật cơ khí/ Máy xây dựng,,xay_dung,Kiến trúc - Xây dựng - Giao thông - Quy hoạch,standard,A00;A01;C01;X06,A00,observed,100.0,,,,,1,23.92,confirmed_2_sources,https://diemthi.vnexpress.net/tra-cuu-dai-hoc/loadbenchmark/id/429/year/2026/sortby/1/block_name/-1,True
XDA:XDA33,XDA,Trường Đại học Xây dựng,Hà Nội,,XDA33,Kỹ thuật cơ khí/ Kỹ thuật cơ điện,,ky_thuat,"Kỹ thuật - Công nghệ (cơ khí, điện, điện tử, ô tô, tự động hóa, vật liệu)",standard,A00;A01;C01;X06,A00,observed,100.0,,,,,1,25.7,confirmed_2_sources,https://diemthi.vnexpress.net/tra-cuu-dai-hoc/loadbenchmark/id/429/year/2026/sortby/1/block_name/-1,True
XDA:XDA34,XDA,Trường Đại học Xây dựng,Hà Nội,,XDA34,Kỹ thuật cơ khí/ Kỹ thuật ô tô,,ky_thuat,"Kỹ thuật - Công nghệ (cơ khí, điện, điện tử, ô tô, tự động hóa, vật liệu)",standard,A00;A01;C01;X06,A00,observed,100.0,,,,,1,24.89,confirmed_2_sources,https://diemthi.vnexpress.net/tra-cuu-dai-hoc/loadbenchmark/id/429/year/2026/sortby/1/block_name/-1,True
XDA:XDA35,XDA,Trường Đại học Xây dựng,Hà Nội,,XDA35,Kỹ thuật cơ điện tử,,ky_thuat,"Kỹ thuật - Công nghệ (cơ khí, điện, điện tử, ô tô, tự động hóa, vật liệu)",standard,A00;A01;C01;X06,A00,observed,50.0,,,,,1,26.67,confirmed_2_sources,https://diemthi.vnexpress.net/tra-cuu-dai-hoc/loadbenchmark/id/429/year/2026/sortby/1/block_name/-1,True
XDA:XDA36,XDA,Trường Đại học Xây dựng,Hà Nội,,XDA36,Kỹ thuật điện,,ky_thuat,"Kỹ thuật - Công nghệ (cơ khí, điện, điện tử, ô tô, tự động hóa, vật liệu)",standard,A00;A01;C01;X06,A00,observed,50.0,,,,,1,26.62,confirmed_2_sources,https://diemthi.vnexpress.net/tra-cuu-dai-hoc/loadbenchmark/id/429/year/2026/sortby/1/block_name/-1,True
XDA:XDA37,XDA,Trường Đại học Xây dựng,Hà Nội,,XDA37,Kỹ thuật điều khiển và tự động hóa,,ky_thuat,"Kỹ thuật - Công nghệ (cơ khí, điện, điện tử, ô tô, tự động hóa, vật liệu)",standard,A00;A01;C01;X06,A00,observed,50.0,,,,,1,28.0,confirmed_2_sources,https://diemthi.vnexpress.net/tra-cuu-dai-hoc/loadbenchmark/id/429/year/2026/sortby/1/block_name/-1,True
XDA:XDA38,XDA,Trường Đại học Xây dựng,Hà Nội,,XDA38,Kỹ thuật vật liệu,,khoa_hoc_tn,Khoa học tự nhiên - Toán - Vật lý - Thống kê,standard,A00;A01;A02;B00;C01;C02;D07;X06,A00,observed,50.0,,,,,1,25.3,confirmed_2_sources,https://diemthi.vnexpress.net/tra-cuu-dai-hoc/loadbenchmark/id/429/year/2026/sortby/1/block_name/-1,True
XDA:XDA39,XDA,Trường Đại học Xây dựng,Hà Nội,,XDA39,Kỹ thuật Môi trường,,nong_lam_mt,Nông - Lâm - Thủy sản - Môi trường - Tài nguyên,standard,A00;A01;A02;B00;C01;C02;D07;X06;X14,A00,observed,50.0,,,,,1,22.82,confirmed_2_sources,https://diemthi.vnexpress.net/tra-cuu-dai-hoc/loadbenchmark/id/429/year/2026/sortby/1/block_name/-1,True
XDA:XDA40,XDA,Trường Đại học Xây dựng,Hà Nội,,XDA40,Quản lý dự án (*),,kinh_te,Kinh tế - Kinh doanh - Quản trị - Marketing - Thương mại,standard,A00;A01;C01;D01;D07;X05;X06;X26,A00,observed,100.0,,,,,1,24.5,confirmed_2_sources,https://diemthi.vnexpress.net/tra-cuu-dai-hoc/loadbenchmark/id/429/year/2026/sortby/1/block_name/-1,True
XDA:XDA42,XDA,Trường Đại học Xây dựng,Hà Nội,,XDA42,Kỹ thuật xây dựng (Chương trình đào tạo Kỹ sư chất lượng cao -PFIEV),,xay_dung,Kiến trúc - Xây dựng - Giao thông - Quy hoạch,high_quality,A00;A01;C01;D07;D24;D29;X06,A00,observed,100.0,,,,,1,23.0,confirmed_2_sources,https://diemthi.vnexpress.net/tra-cuu-dai-hoc/loadbenchmark/id/429/year/2026/sortby/1/block_name/-1,True
XDA:XDA43,XDA,Trường Đại học Xây dựng,Hà Nội,,XDA43,Kỹ thuật xây dựng,,xay_dung,Kiến trúc - Xây dựng - Giao thông - Quy hoạch,standard,A00;A01;C01;D01;D07;X06,A00,observed,30.0,,,,,1,22.4,confirmed_2_sources,https://diemthi.vnexpress.net/tra-cuu-dai-hoc/loadbenchmark/id/429/year/2026/sortby/1/block_name/-1,True
XDA:XDA44,XDA,Trường Đại học Xây dựng,Hà Nội,,XDA44,Khoa học Máy tính,,cntt,Công nghệ thông tin - Máy tính - Dữ liệu - AI,standard,A00;A01;C01;D01;X06;X26,A00,observed,30.0,,,,,1,22.6,confirmed_2_sources,https://diemthi.vnexpress.net/tra-cuu-dai-hoc/loadbenchmark/id/429/year/2026/sortby/1/block_name/-1,True
YDS:7310401,YDS,Trường Đại học Y dược TP.HCM,TP. Hồ Chí Minh,,7310401,Tâm lý học,7310401,y_duoc,Y - Dược - Điều dưỡng - Sức khỏe,standard,A00;B00;D01,A00,observed,60.0,30000000.0,30000000.0,per_year,Khối sức khỏe: có ngưỡng điểm sàn của Bộ,1,23.48,confirmed_2_sources,https://diemthi.vnexpress.net/tra-cuu-dai-hoc/loadbenchmark/id/298/year/2026/sortby/1/block_name/-1,False
YDS:7720101,YDS,Trường Đại học Y dược TP.HCM,TP. Hồ Chí Minh,,7720101,Y khoa,7720101,y_duoc,Y - Dược - Điều dưỡng - Sức khỏe,standard,B00,B00,observed,420.0,88000000.0,88000000.0,per_year,Khối sức khỏe: có ngưỡng điểm sàn của Bộ,4,27.95,confirmed_2_sources,https://diemthi.vnexpress.net/tra-cuu-dai-hoc/loadbenchmark/id/298/year/2026/sortby/1/block_name/-1,False
YDS:7720110,YDS,Trường Đại học Y dược TP.HCM,TP. Hồ Chí Minh,,7720110,Y học dự phòng,7720110,y_duoc,Y - Dược - Điều dưỡng - Sức khỏe,standard,A00;B00;B08,A00,observed,120.0,55000000.0,55000000.0,per_year,Khối sức khỏe: có ngưỡng điểm sàn của Bộ,4,20.0,confirmed_2_sources,https://diemthi.vnexpress.net/tra-cuu-dai-hoc/loadbenchmark/id/298/year/2026/sortby/1/block_name/-1,False
YDS:7720115,YDS,Trường Đại học Y dược TP.HCM,TP. Hồ Chí Minh,,7720115,Y học cổ truyền,7720115,y_duoc,Y - Dược - Điều dưỡng - Sức khỏe,standard,B00;B08;D07,B00,observed,231.0,55000000.0,55000000.0,per_year,Khối sức khỏe: có ngưỡng điểm sàn của Bộ,4,22.25,confirmed_2_sources,https://vietnamnet.vn/newsapi-edu/UniversityDetail/GetDetail?pageId=49ff289efde0446f9ae2f5c385595744&componentId=COMPONENT002302&keyword=YDS&year=2026&pageSize=25&pageIndex=1&typeOfTraining=0&subjectGroup=,False
YDS:7720201,YDS,Trường Đại học Y dược TP.HCM,TP. Hồ Chí Minh,,7720201,Dược học,7720201,y_duoc,Y - Dược - Điều dưỡng - Sức khỏe,standard,A00;B00;D07,A00,observed,530.0,63500000.0,63500000.0,per_year,Khối sức khỏe: có ngưỡng điểm sàn của Bộ,4,22.5,confirmed_2_sources,https://diemthi.vnexpress.net/tra-cuu-dai-hoc/loadbenchmark/id/298/year/2026/sortby/1/block_name/-1,False
YDS:7720202,YDS,Trường Đại học Y dược TP.HCM,TP. Hồ Chí Minh,,7720202,Công nghệ dược phẩm,7720202,y_duoc,Y - Dược - Điều dưỡng - Sức khỏe,standard,A00;B00;D07,A00,observed,60.0,53500000.0,53500000.0,per_year,Khối sức khỏe: có ngưỡng điểm sàn của Bộ,1,21.75,confirmed_2_sources,https://diemthi.vnexpress.net/tra-cuu-dai-hoc/loadbenchmark/id/298/year/2026/sortby/1/block_name/-1,False
YDS:7720203,YDS,Trường Đại học Y dược TP.HCM,TP. Hồ Chí Minh,,7720203,Hoá dược,7720203,y_duoc,Y - Dược - Điều dưỡng - Sức khỏe,standard,A00;B00;D07,A00,observed,60.0,52500000.0,52500000.0,per_year,Khối sức khỏe: có ngưỡng điểm sàn của Bộ,3,23.5,confirmed_2_sources,https://diemthi.vnexpress.net/tra-cuu-dai-hoc/loadbenchmark/id/298/year/2026/sortby/1/block_name/-1,False
YDS:7720301,YDS,Trường Đại học Y dược TP.HCM,TP. Hồ Chí Minh,,7720301,Điều dưỡng,7720301,y_duoc,Y - Dược - Điều dưỡng - Sức khỏe,standard,A00;B00;D07,A00,observed,250.0,48000000.0,48000000.0,per_year,Khối sức khỏe: có ngưỡng điểm sàn của Bộ,4,21.0,confirmed_2_sources,https://diemthi.vnexpress.net/tra-cuu-dai-hoc/loadbenchmark/id/298/year/2026/sortby/1/block_name/-1,False
YDS:7720301_03,YDS,Trường Đại học Y dược TP.HCM,TP. Hồ Chí Minh,,7720301_03,Điều dưỡng chuyên ngành Gây mê hồi sức,7720301,y_duoc,Y - Dược - Điều dưỡng - Sức khỏe,standard,A00;B00;D07,A00,observed,120.0,48000000.0,48000000.0,per_year,Khối sức khỏe: có ngưỡng điểm sàn của Bộ,4,21.75,single_source,https://diemthi.vnexpress.net/tra-cuu-dai-hoc/loadbenchmark/id/298/year/2026/sortby/1/block_name/-1,False
YDS:7720302,YDS,Trường Đại học Y dược TP.HCM,TP. Hồ Chí Minh,,7720302,Hộ sinh,7720302,y_duoc,Y - Dược - Điều dưỡng - Sức khỏe,standard,A00;B00;D07,A00,observed,120.0,48000000.0,48000000.0,per_year,Khối sức khỏe: có ngưỡng điểm sàn của Bộ,4,19.25,confirmed_2_sources,https://diemthi.vnexpress.net/tra-cuu-dai-hoc/loadbenchmark/id/298/year/2026/sortby/1/block_name/-1,False
YDS:7720401,YDS,Trường Đại học Y dược TP.HCM,TP. Hồ Chí Minh,,7720401,Dinh dưỡng,7720401,y_duoc,Y - Dược - Điều dưỡng - Sức khỏe,standard,A00;B00;D07,A00,observed,80.0,48000000.0,48000000.0,per_year,Khối sức khỏe: có ngưỡng điểm sàn của Bộ,4,20.25,confirmed_2_sources,https://diemthi.vnexpress.net/tra-cuu-dai-hoc/loadbenchmark/id/298/year/2026/sortby/1/block_name/-1,False
YDS:7720501,YDS,Trường Đại học Y dược TP.HCM,TP. Hồ Chí Minh,,7720501,Răng- Hàm -Mặt,7720501,y_duoc,Y - Dược - Điều dưỡng - Sức khỏe,standard,B00,B00,observed,135.0,90000000.0,90000000.0,per_year,Khối sức khỏe: có ngưỡng điểm sàn của Bộ,4,27.11,confirmed_2_sources,https://diemthi.vnexpress.net/tra-cuu-dai-hoc/loadbenchmark/id/298/year/2026/sortby/1/block_name/-1,False
YDS:7720502,YDS,Trường Đại học Y dược TP.HCM,TP. Hồ Chí Minh,,7720502,Kỹ thuật phục hình răng,7720502,y_duoc,Y - Dược - Điều dưỡng - Sức khỏe,standard,A00;B00,A00,observed,40.0,50000000.0,50000000.0,per_year,Khối sức khỏe: có ngưỡng điểm sàn của Bộ,4,22.75,confirmed_2_sources,https://diemthi.vnexpress.net/tra-cuu-dai-hoc/loadbenchmark/id/298/year/2026/sortby/1/block_name/-1,False
YDS:7720601,YDS,Trường Đại học Y dược TP.HCM,TP. Hồ Chí Minh,,7720601,Kỹ thuật xét nghiệm y học,7720601,y_duoc,Y - Dược - Điều dưỡng - Sức khỏe,standard,A00;B00;D07,A00,observed,170.0,48000000.0,48000000.0,per_year,Khối sức khỏe: có ngưỡng điểm sàn của Bộ,4,21.85,confirmed_2_sources,https://diemthi.vnexpress.net/tra-cuu-dai-hoc/loadbenchmark/id/298/year/2026/sortby/1/block_name/-1,False
YDS:7720602,YDS,Trường Đại học Y dược TP.HCM,TP. Hồ Chí Minh,,7720602,Kỹ thuật hình ảnh y học,7720602,y_duoc,Y - Dược - Điều dưỡng - Sức khỏe,standard,A00;B00;D07,A00,observed,100.0,48000000.0,48000000.0,per_year,Khối sức khỏe: có ngưỡng điểm sàn của Bộ,4,21.25,confirmed_2_sources,https://diemthi.vnexpress.net/tra-cuu-dai-hoc/loadbenchmark/id/298/year/2026/sortby/1/block_name/-1,False
YDS:7720603,YDS,Trường Đại học Y dược TP.HCM,TP. Hồ Chí Minh,,7720603,Kỹ thuật phục hồi chức năng,7720603,y_duoc,Y - Dược - Điều dưỡng - Sức khỏe,standard,A00;B00;D07,A00,observed,100.0,48000000.0,48000000.0,per_year,Khối sức khỏe: có ngưỡng điểm sàn của Bộ,4,21.6,confirmed_2_sources,https://diemthi.vnexpress.net/tra-cuu-dai-hoc/loadbenchmark/id/298/year/2026/sortby/1/block_name/-1,False
YDS:7720701,YDS,Trường Đại học Y dược TP.HCM,TP. Hồ Chí Minh,,7720701,Y tế công cộng,7720701,y_duoc,Y - Dược - Điều dưỡng - Sức khỏe,standard,A00;B00;B08,A00,observed,90.0,46000000.0,46000000.0,per_year,Khối sức khỏe: có ngưỡng điểm sàn của Bộ,4,18.85,confirmed_2_sources,https://diemthi.vnexpress.net/tra-cuu-dai-hoc/loadbenchmark/id/298/year/2026/sortby/1/block_name/-1,False
YDS:7760101,YDS,Trường Đại học Y dược TP.HCM,TP. Hồ Chí Minh,,7760101,Công tác xã hội,7760101,xa_hoi,Khoa học xã hội - Tâm lý - Nhân văn - Chính trị - Hành chính,standard,A00;B00;D01;B03;B08;A01,A00,observed,60.0,30000000.0,30000000.0,per_year,,2,18.25,confirmed_2_sources,https://diemthi.vnexpress.net/tra-cuu-dai-hoc/loadbenchmark/id/298/year/2026/sortby/1/block_name/-1,False
YHB:7310401,YHB,Trường Đại học Y Hà Nội,Hà Nội,,7310401,Tâm lý học,7310401,y_duoc,Y - Dược - Điều dưỡng - Sức khỏe,standard,A01;D01;D07;D10;B00,A01,observed,88.0,19100000.0,19100000.0,per_year,Khối sức khỏe: có ngưỡng điểm sàn của Bộ,3,25.3,confirmed_2_sources,https://diemthi.vnexpress.net/tra-cuu-dai-hoc/loadbenchmark/id/432/year/2026/sortby/1/block_name/-1,False
YHB:7720101,YHB,Trường Đại học Y Hà Nội,Hà Nội,,7720101,Y khoa,7720101,y_duoc,Y - Dược - Điều dưỡng - Sức khỏe,standard,B00,B00,observed,440.0,70000000.0,70000000.0,per_year,Khối sức khỏe: có ngưỡng điểm sàn của Bộ,4,28.5,confirmed_2_sources,https://diemthi.vnexpress.net/tra-cuu-dai-hoc/loadbenchmark/id/432/year/2026/sortby/1/block_name/-1,False
YHB:7720101YHT,YHB,Trường Đại học Y Hà Nội,Hà Nội,Thanh Hóa,7720101YHT,Y khoa phân hiệu Thanh Hóa,7720101,y_duoc,Y - Dược - Điều dưỡng - Sức khỏe,standard,B00,B00,observed,150.0,70000000.0,70000000.0,per_year,Khối sức khỏe: có ngưỡng điểm sàn của Bộ | Học tại Thanh Hóa,4,26.25,single_source,https://diemthi.vnexpress.net/tra-cuu-dai-hoc/loadbenchmark/id/432/year/2026/sortby/1/block_name/-1,False
YHB:7720110,YHB,Trường Đại học Y Hà Nội,Hà Nội,,7720110,Y học dự phòng,7720110,y_duoc,Y - Dược - Điều dưỡng - Sức khỏe,standard,A00;B00;D07,A00,observed,100.0,35000000.0,35000000.0,per_year,Khối sức khỏe: có ngưỡng điểm sàn của Bộ,4,20.25,confirmed_2_sources,https://diemthi.vnexpress.net/tra-cuu-dai-hoc/loadbenchmark/id/432/year/2026/sortby/1/block_name/-1,False
YHB:7720115,YHB,Trường Đại học Y Hà Nội,Hà Nội,,7720115,Y học cổ truyền,7720115,y_duoc,Y - Dược - Điều dưỡng - Sức khỏe,standard,A00;B00,A00,observed,80.0,70000000.0,70000000.0,per_year,Khối sức khỏe: có ngưỡng điểm sàn của Bộ,4,24.7,confirmed_2_sources,https://diemthi.vnexpress.net/tra-cuu-dai-hoc/loadbenchmark/id/432/year/2026/sortby/1/block_name/-1,False
YHB:7720301,YHB,Trường Đại học Y Hà Nội,Hà Nội,,7720301,Điều dưỡng,7720301,y_duoc,Y - Dược - Điều dưỡng - Sức khỏe,standard,A00;B00;D07,A00,observed,130.0,53200000.0,53200000.0,per_year,Khối sức khỏe: có ngưỡng điểm sàn của Bộ,4,22.99,confirmed_2_sources,https://diemthi.vnexpress.net/tra-cuu-dai-hoc/loadbenchmark/id/432/year/2026/sortby/1/block_name/-1,False
YHB:7720301YHT,YHB,Trường Đại học Y Hà Nội,Hà Nội,Thanh Hóa,7720301YHT,Điều dưỡng phân hiệu Thanh Hóa,7720301,y_duoc,Y - Dược - Điều dưỡng - Sức khỏe,standard,A00;B00;D07,A00,observed,100.0,53200000.0,53200000.0,per_year,Khối sức khỏe: có ngưỡng điểm sàn của Bộ | Học tại Thanh Hóa,4,19.2,single_source,https://diemthi.vnexpress.net/tra-cuu-dai-hoc/loadbenchmark/id/432/year/2026/sortby/1/block_name/-1,False
YHB:7720302,YHB,Trường Đại học Y Hà Nội,Hà Nội,,7720302,Hộ sinh,7720302,y_duoc,Y - Dược - Điều dưỡng - Sức khỏe,standard,A00;B00;D07,A00,observed,70.0,53200000.0,53200000.0,per_year,Khối sức khỏe: có ngưỡng điểm sàn của Bộ,3,21.8,confirmed_2_sources,https://diemthi.vnexpress.net/tra-cuu-dai-hoc/loadbenchmark/id/432/year/2026/sortby/1/block_name/-1,False
YHB:7720401,YHB,Trường Đại học Y Hà Nội,Hà Nội,,7720401,Dinh dưỡng,7720401,y_duoc,Y - Dược - Điều dưỡng - Sức khỏe,standard,A00;B00;D07,A00,observed,110.0,26600000.0,26600000.0,per_year,Khối sức khỏe: có ngưỡng điểm sàn của Bộ,4,20.5,confirmed_2_sources,https://diemthi.vnexpress.net/tra-cuu-dai-hoc/loadbenchmark/id/432/year/2026/sortby/1/block_name/-1,False
YHB:7720501,YHB,Trường Đại học Y Hà Nội,Hà Nội,,7720501,Răng- Hàm -Mặt,7720501,y_duoc,Y - Dược - Điều dưỡng - Sức khỏe,standard,B00,B00,observed,120.0,80000000.0,80000000.0,per_year,Khối sức khỏe: có ngưỡng điểm sàn của Bộ,4,27.57,confirmed_2_sources,https://diemthi.vnexpress.net/tra-cuu-dai-hoc/loadbenchmark/id/432/year/2026/sortby/1/block_name/-1,False
YHB:7720502,YHB,Trường Đại học Y Hà Nội,Hà Nội,,7720502,Kỹ thuật phục hình răng,7720502,y_duoc,Y - Dược - Điều dưỡng - Sức khỏe,standard,A00;B00,A00,observed,50.0,53200000.0,53200000.0,per_year,Khối sức khỏe: có ngưỡng điểm sàn của Bộ,3,22.85,confirmed_2_sources,https://diemthi.vnexpress.net/tra-cuu-dai-hoc/loadbenchmark/id/432/year/2026/sortby/1/block_name/-1,False
YHB:7720601,YHB,Trường Đại học Y Hà Nội,Hà Nội,,7720601,Kỹ thuật xét nghiệm y học,7720601,y_duoc,Y - Dược - Điều dưỡng - Sức khỏe,standard,A00;B00,A00,observed,80.0,53200000.0,53200000.0,per_year,Khối sức khỏe: có ngưỡng điểm sàn của Bộ,4,24.17,confirmed_2_sources,https://diemthi.vnexpress.net/tra-cuu-dai-hoc/loadbenchmark/id/432/year/2026/sortby/1/block_name/-1,False
YHB:7720601YHT,YHB,Trường Đại học Y Hà Nội,Hà Nội,Thanh Hóa,7720601YHT,Kỹ thuật Xét nghiệm y học Phân hiệu Thanh Hóa,,y_duoc,Y - Dược - Điều dưỡng - Sức khỏe,standard,B00;A00,B00,observed,,53200000.0,53200000.0,per_year,Khối sức khỏe: có ngưỡng điểm sàn của Bộ | Học tại Thanh Hóa,3,19.35,single_source,https://diemthi.vnexpress.net/tra-cuu-dai-hoc/loadbenchmark/id/432/year/2026/sortby/1/block_name/-1,False
YHB:7720602,YHB,Trường Đại học Y Hà Nội,Hà Nội,,7720602,Kỹ thuật hình ảnh y học,7720602,y_duoc,Y - Dược - Điều dưỡng - Sức khỏe,standard,A00;B00,A00,observed,100.0,53200000.0,53200000.0,per_year,Khối sức khỏe: có ngưỡng điểm sàn của Bộ,2,23.75,confirmed_2_sources,https://diemthi.vnexpress.net/tra-cuu-dai-hoc/loadbenchmark/id/432/year/2026/sortby/1/block_name/-1,False
YHB:7720602YHT,YHB,Trường Đại học Y Hà Nội,Hà Nội,Thanh Hóa,7720602YHT,Kỹ thuật hình ảnh y học (Phân hiệu Thanh Hóa),,y_duoc,Y - Dược - Điều dưỡng - Sức khỏe,standard,A00;B00,A00,observed,,53200000.0,53200000.0,per_year,Khối sức khỏe: có ngưỡng điểm sàn của Bộ | Học tại Thanh Hóa,1,19.2,single_source,https://diemthi.vnexpress.net/tra-cuu-dai-hoc/loadbenchmark/id/432/year/2026/sortby/1/block_name/-1,False
YHB:7720603,YHB,Trường Đại học Y Hà Nội,Hà Nội,,7720603,Kỹ thuật phục hồi chức năng,7720603,y_duoc,Y - Dược - Điều dưỡng - Sức khỏe,standard,A00;B00,A00,observed,70.0,53200000.0,53200000.0,per_year,Khối sức khỏe: có ngưỡng điểm sàn của Bộ,4,23.7,confirmed_2_sources,https://diemthi.vnexpress.net/tra-cuu-dai-hoc/loadbenchmark/id/432/year/2026/sortby/1/block_name/-1,False
YHB:7720603YHT,YHB,Trường Đại học Y Hà Nội,Hà Nội,Thanh Hóa,7720603YHT,Kỹ thuật phục hồi chức năng Phân hiệu Thanh Hóa,,y_duoc,Y - Dược - Điều dưỡng - Sức khỏe,standard,B00;A00,B00,observed,,53200000.0,53200000.0,per_year,Khối sức khỏe: có ngưỡng điểm sàn của Bộ | Học tại Thanh Hóa,3,19.95,single_source,https://diemthi.vnexpress.net/tra-cuu-dai-hoc/loadbenchmark/id/432/year/2026/sortby/1/block_name/-1,False
YHB:7720609,YHB,Trường Đại học Y Hà Nội,Hà Nội,,7720609,Khúc xạ nhãn khoa,7720609,y_duoc,Y - Dược - Điều dưỡng - Sức khỏe,standard,A00;B00,A00,observed,80.0,53200000.0,53200000.0,per_year,Khối sức khỏe: có ngưỡng điểm sàn của Bộ,1,23.1,confirmed_2_sources,https://diemthi.vnexpress.net/tra-cuu-dai-hoc/loadbenchmark/id/432/year/2026/sortby/1/block_name/-1,False
YHB:7720701,YHB,Trường Đại học Y Hà Nội,Hà Nội,,7720701,Y tế công cộng,7720701,y_duoc,Y - Dược - Điều dưỡng - Sức khỏe,standard,A01;D01;D07;D10;B08;B00,A01,observed,80.0,26600000.0,26600000.0,per_year,Khối sức khỏe: có ngưỡng điểm sàn của Bộ,4,20.8,confirmed_2_sources,https://diemthi.vnexpress.net/tra-cuu-dai-hoc/loadbenchmark/id/432/year/2026/sortby/1/block_name/-1,False
YHB:7760101,YHB,Trường Đại học Y Hà Nội,Hà Nội,,7760101,Công tác xã hội,7760101,xa_hoi,Khoa học xã hội - Tâm lý - Nhân văn - Chính trị - Hành chính,standard,A01;D01;D07;D10;A00;B00;B08,A01,observed,60.0,19100000.0,19100000.0,per_year,,2,17.75,confirmed_2_sources,https://diemthi.vnexpress.net/tra-cuu-dai-hoc/loadbenchmark/id/432/year/2026/sortby/1/block_name/-1,False
