program_id,school_code,program_code,program_name,major_code,field,kind,campus,combos,reference_combo,conditions,source_url,school_name,city,latest_year,latest_cutoff,latest_status,years_with_cutoff,quota,tuition_min,tuition_max,tuition_provenance,field_name,split
BKA:BF-E12,BKA,BF-E12,Chương trình tiên tiến Kỹ thuật Thực phẩm,,sinh_hoa,high_quality,,A00;B00;B03;C01;C02;D07;X02,A00,,https://diemthi.vnexpress.net/tra-cuu-dai-hoc/loadbenchmark/id/349/year/2026/sortby/1/block_name/-1,Trường Đại học Bách Khoa Hà Nội,Hà Nội,2026,20.3,confirmed_2_sources,7,60.0,35000000.0,45000000.0,observed,Sinh học - Hóa học - Công nghệ sinh học - Thực phẩm,train
BKA:BF-E19,BKA,BF-E19,Kỹ thuật sinh học chương trình Tiên tiến,,sinh_hoa,high_quality,,A00;B00;B03;C01;C02;D07;X02,A00,,https://diemthi.vnexpress.net/tra-cuu-dai-hoc/loadbenchmark/id/349/year/2026/sortby/1/block_name/-1,Trường Đại học Bách Khoa Hà Nội,Hà Nội,2026,20.06,confirmed_2_sources,4,60.0,35000000.0,45000000.0,observed,Sinh học - Hóa học - Công nghệ sinh học - Thực phẩm,train
BKA:BF1,BKA,BF1,Kỹ thuật Sinh học,,sinh_hoa,standard,,A00;B00;B03;C01;C02;D07;X02,A00,,https://diemthi.vnexpress.net/tra-cuu-dai-hoc/loadbenchmark/id/349/year/2026/sortby/1/block_name/-1,Trường Đại học Bách Khoa Hà Nội,Hà Nội,2026,24.56,confirmed_2_sources,8,160.0,28000000.0,35000000.0,observed,Sinh học - Hóa học - Công nghệ sinh học - Thực phẩm,train
BKA:BF2,BKA,BF2,Kỹ thuật Thực phẩm,,sinh_hoa,standard,,A00;B00;B03;C01;C02;D07;X02,A00,,https://diemthi.vnexpress.net/tra-cuu-dai-hoc/loadbenchmark/id/349/year/2026/sortby/1/block_name/-1,Trường Đại học Bách Khoa Hà Nội,Hà Nội,2026,24.4,confirmed_2_sources,8,360.0,28000000.0,35000000.0,observed,Sinh học - Hóa học - Công nghệ sinh học - Thực phẩm,train
BKA:CH-E11,BKA,CH-E11,Chương trình tiên tiến Kỹ thuật Hóa dược,,y_duoc,high_quality,,A00;B00;B03;C01;C02;D07;X02;A01,A00,Khối sức khỏe: có ngưỡng điểm sàn của Bộ,https://diemthi.vnexpress.net/tra-cuu-dai-hoc/loadbenchmark/id/349/year/2026/sortby/1/block_name/-1,Trường Đại học Bách Khoa Hà Nội,Hà Nội,2026,20.69,confirmed_2_sources,7,100.0,35000000.0,45000000.0,observed,Y - Dược - Điều dưỡng - Sức khỏe,train
BKA:CH-E20,BKA,CH-E20,Hóa học Mỹ phẩm (mới),,sinh_hoa,high_quality,,A00;A01;B03;C01;C02;X02;D07,A00,,https://diemthi.vnexpress.net/tra-cuu-dai-hoc/loadbenchmark/id/349/year/2026/sortby/1/block_name/-1,Trường Đại học Bách Khoa Hà Nội,Hà Nội,2026,22.56,confirmed_2_sources,1,40.0,28000000.0,28000000.0,estimated,Sinh học - Hóa học - Công nghệ sinh học - Thực phẩm,train
BKA:CH1,BKA,CH1,Kỹ thuật Hóa học,,sinh_hoa,standard,,A00;B00;B03;C01;C02;D07;X02,A00,,https://diemthi.vnexpress.net/tra-cuu-dai-hoc/loadbenchmark/id/349/year/2026/sortby/1/block_name/-1,Trường Đại học Bách Khoa Hà Nội,Hà Nội,2026,25.5,confirmed_2_sources,8,680.0,28000000.0,35000000.0,observed,Sinh học - Hóa học - Công nghệ sinh học - Thực phẩm,train
BKA:CH2,BKA,CH2,Hóa học,,sinh_hoa,standard,,A00;B00;B03;C01;C02;D07;X02,A00,,https://diemthi.vnexpress.net/tra-cuu-dai-hoc/loadbenchmark/id/349/year/2026/sortby/1/block_name/-1,Trường Đại học Bách Khoa Hà Nội,Hà Nội,2026,24.94,confirmed_2_sources,8,160.0,28000000.0,35000000.0,observed,Sinh học - Hóa học - Công nghệ sinh học - Thực phẩm,train
BKA:ED2,BKA,ED2,Công nghệ giáo dục,,su_pham,standard,,A00;A01;B03;C01;C02;D01;X02;B00;D07,A00,"Sư phạm: không nhận thí sinh bị dị hình, dị tật, nói ngọng, nói lắp; điểm sàn của Bộ",https://diemthi.vnexpress.net/tra-cuu-dai-hoc/loadbenchmark/id/349/year/2026/sortby/1/block_name/-1,Trường Đại học Bách Khoa Hà Nội,Hà Nội,2026,23.75,confirmed_2_sources,7,120.0,28000000.0,35000000.0,observed,Sư phạm - Giáo dục,train
BKA:ED3,BKA,ED3,Quản lý giáo dục,,su_pham,standard,,A00;A01;B03;C01;C02;D01;X02,A00,"Sư phạm: không nhận thí sinh bị dị hình, dị tật, nói ngọng, nói lắp; điểm sàn của Bộ",https://diemthi.vnexpress.net/tra-cuu-dai-hoc/loadbenchmark/id/349/year/2026/sortby/1/block_name/-1,Trường Đại học Bách Khoa Hà Nội,Hà Nội,2026,23.2,confirmed_2_sources,3,60.0,28000000.0,35000000.0,observed,Sư phạm - Giáo dục,train
BKA:ED5,BKA,ED5,Tâm lý học công nghiệp và tổ chức (mới),,xa_hoi,standard,,A00;A01;B03;C01;C02;D01;X02,A00,,https://diemthi.vnexpress.net/tra-cuu-dai-hoc/loadbenchmark/id/349/year/2026/sortby/1/block_name/-1,Trường Đại học Bách Khoa Hà Nội,Hà Nội,2026,23.25,confirmed_2_sources,1,40.0,28000000.0,28000000.0,estimated,Khoa học xã hội - Tâm lý - Nhân văn - Chính trị - Hành chính,train
BKA:EE-E18,BKA,EE-E18,Chương trình tiên tiến Hệ thống điện và năng lượng tái tạo,,ky_thuat,high_quality,,A00;A01;B03;C01;C02;X02,A00,,https://diemthi.vnexpress.net/tra-cuu-dai-hoc/loadbenchmark/id/349/year/2026/sortby/1/block_name/-1,Trường Đại học Bách Khoa Hà Nội,Hà Nội,2026,27.29,confirmed_2_sources,5,60.0,35000000.0,45000000.0,observed,"Kỹ thuật - Công nghệ (cơ khí, điện, điện tử, ô tô, tự động hóa, vật liệu)",train
BKA:EE-E8,BKA,EE-E8,Chương trình tiên tiến Điều khiển - Tự động hóa và Hệ thống điện,,ky_thuat,high_quality,,A00;A01;B03;C01;C02;X02,A00,,https://diemthi.vnexpress.net/tra-cuu-dai-hoc/loadbenchmark/id/349/year/2026/sortby/1/block_name/-1,Trường Đại học Bách Khoa Hà Nội,Hà Nội,2026,28.75,confirmed_2_sources,8,140.0,35000000.0,45000000.0,observed,"Kỹ thuật - Công nghệ (cơ khí, điện, điện tử, ô tô, tự động hóa, vật liệu)",train
BKA:EE-EP,BKA,EE-EP,Tin học công nghiệp và Tự động hóa (Chương trình Việt - Pháp PFIEV),,ky_thuat,international,,A00;A01;B03;C01;C02;X02;D29,A00,"Học bằng tiếng Anh (thường cần trình độ tiếng Anh tốt, có thể yêu cầu IELTS/chứng chỉ khi nhập học) | Chương trình liên kết/quốc tế: học phí cao hơn chương trình chuẩn",https://diemthi.vnexpress.net/tra-cuu-dai-hoc/loadbenchmark/id/349/year/2026/sortby/1/block_name/-1,Trường Đại học Bách Khoa Hà Nội,Hà Nội,2026,28.13,confirmed_2_sources,6,40.0,39000000.0,42000000.0,observed,"Kỹ thuật - Công nghệ (cơ khí, điện, điện tử, ô tô, tự động hóa, vật liệu)",train
BKA:EE1,BKA,EE1,Kỹ thuật Điện,,ky_thuat,standard,,A00;A01;B03;C01;C02;X02,A00,,https://diemthi.vnexpress.net/tra-cuu-dai-hoc/loadbenchmark/id/349/year/2026/sortby/1/block_name/-1,Trường Đại học Bách Khoa Hà Nội,Hà Nội,2026,28.24,confirmed_2_sources,8,240.0,28000000.0,35000000.0,observed,"Kỹ thuật - Công nghệ (cơ khí, điện, điện tử, ô tô, tự động hóa, vật liệu)",train
BKA:EE2,BKA,EE2,Kỹ thuật Điều khiển - Tự động hóa,,ky_thuat,standard,,A00;A01;B03;C01;C02;X02,A00,,https://diemthi.vnexpress.net/tra-cuu-dai-hoc/loadbenchmark/id/349/year/2026/sortby/1/block_name/-1,Trường Đại học Bách Khoa Hà Nội,Hà Nội,2026,28.98,confirmed_2_sources,8,500.0,28000000.0,35000000.0,observed,"Kỹ thuật - Công nghệ (cơ khí, điện, điện tử, ô tô, tự động hóa, vật liệu)",train
BKA:EM-E13,BKA,EM-E13,Chương trình tiên tiến Phân tích kinh doanh,,kinh_te,high_quality,,A01;B03;C01;C02;D01;D07;X02,A01,,https://diemthi.vnexpress.net/tra-cuu-dai-hoc/loadbenchmark/id/349/year/2026/sortby/1/block_name/-1,Trường Đại học Bách Khoa Hà Nội,Hà Nội,2026,23.38,confirmed_2_sources,7,140.0,35000000.0,45000000.0,observed,Kinh tế - Kinh doanh - Quản trị - Marketing - Thương mại,train
BKA:EM-E14,BKA,EM-E14,Chương trình tiên tiến Logistics và Quản lý chuỗi cung ứng,,du_lich,high_quality,,A01;B03;C01;C02;D01;D07;X02,A01,,https://diemthi.vnexpress.net/tra-cuu-dai-hoc/loadbenchmark/id/349/year/2026/sortby/1/block_name/-1,Trường Đại học Bách Khoa Hà Nội,Hà Nội,2026,24.56,confirmed_2_sources,6,140.0,64000000.0,64000000.0,observed,Du lịch - Khách sạn - Logistics - Hàng không - Dịch vụ,train
BKA:EM-E17,BKA,EM-E17,Kế toán (mới),,tai_chinh,high_quality,,A01;B03;C01;C02;D01;D07;X02,A01,,https://diemthi.vnexpress.net/tra-cuu-dai-hoc/loadbenchmark/id/349/year/2026/sortby/1/block_name/-1,Trường Đại học Bách Khoa Hà Nội,Hà Nội,2026,20.06,confirmed_2_sources,1,80.0,28000000.0,28000000.0,estimated,Tài chính - Ngân hàng - Kế toán - Kiểm toán - Bảo hiểm,train
BKA:EM1,BKA,EM1,Quản lý năng lượng,,kinh_te,standard,,A00;A01;B03;C01;C02;D01;X02,A00,,https://diemthi.vnexpress.net/tra-cuu-dai-hoc/loadbenchmark/id/349/year/2026/sortby/1/block_name/-1,Trường Đại học Bách Khoa Hà Nội,Hà Nội,2026,24.56,confirmed_2_sources,6,80.0,28000000.0,35000000.0,observed,Kinh tế - Kinh doanh - Quản trị - Marketing - Thương mại,train
BKA:EM2,BKA,EM2,Quản lý công nghiệp,,xa_hoi,standard,,A00;A01;B03;C01;C02;D01;X02,A00,,https://diemthi.vnexpress.net/tra-cuu-dai-hoc/loadbenchmark/id/349/year/2026/sortby/1/block_name/-1,Trường Đại học Bách Khoa Hà Nội,Hà Nội,2026,25.07,confirmed_2_sources,8,100.0,28000000.0,35000000.0,observed,Khoa học xã hội - Tâm lý - Nhân văn - Chính trị - Hành chính,train
BKA:EM3,BKA,EM3,Quản trị kinh doanh,,kinh_te,standard,,A00;A01;B03;C01;C02;D01;X02,A00,,https://diemthi.vnexpress.net/tra-cuu-dai-hoc/loadbenchmark/id/349/year/2026/sortby/1/block_name/-1,Trường Đại học Bách Khoa Hà Nội,Hà Nội,2026,24.12,confirmed_2_sources,8,120.0,28000000.0,35000000.0,observed,Kinh tế - Kinh doanh - Quản trị - Marketing - Thương mại,train
BKA:EM5,BKA,EM5,Tài chính - Ngân hàng,,tai_chinh,standard,,A00;A01;B03;C01;C02;D01;X02,A00,,https://diemthi.vnexpress.net/tra-cuu-dai-hoc/loadbenchmark/id/349/year/2026/sortby/1/block_name/-1,Trường Đại học Bách Khoa Hà Nội,Hà Nội,2026,24.48,confirmed_2_sources,8,100.0,28000000.0,35000000.0,observed,Tài chính - Ngân hàng - Kế toán - Kiểm toán - Bảo hiểm,train
BKA:ET-E16,BKA,ET-E16,Truyền thông số và Kỹ thuật đa phương tiện (CT tiên tiến),,bao_chi,high_quality,,A00;A01;B03;C01;C02;X02,A00,,https://diemthi.vnexpress.net/tra-cuu-dai-hoc/loadbenchmark/id/349/year/2026/sortby/1/block_name/-1,Trường Đại học Bách Khoa Hà Nội,Hà Nội,2026,27.48,confirmed_2_sources,5,60.0,35000000.0,45000000.0,observed,Báo chí - Truyền thông - Quan hệ công chúng,train
BKA:ET-E4,BKA,ET-E4,Chương trình tiên tiến Điện tử - Viễn thông,,ky_thuat,high_quality,,A00;A01;B03;C01;C02;X02,A00,,https://diemthi.vnexpress.net/tra-cuu-dai-hoc/loadbenchmark/id/349/year/2026/sortby/1/block_name/-1,Trường Đại học Bách Khoa Hà Nội,Hà Nội,2026,28.13,confirmed_2_sources,8,120.0,35000000.0,45000000.0,observed,"Kỹ thuật - Công nghệ (cơ khí, điện, điện tử, ô tô, tự động hóa, vật liệu)",train
BKA:ET-E5,BKA,ET-E5,Chương trình tiên tiến Kỹ thuật Y sinh,,y_duoc,high_quality,,A00;A01;B03;C01;C02;X02,A00,Khối sức khỏe: có ngưỡng điểm sàn của Bộ,https://diemthi.vnexpress.net/tra-cuu-dai-hoc/loadbenchmark/id/349/year/2026/sortby/1/block_name/-1,Trường Đại học Bách Khoa Hà Nội,Hà Nội,2026,26.74,confirmed_2_sources,8,40.0,35000000.0,45000000.0,observed,Y - Dược - Điều dưỡng - Sức khỏe,train
BKA:ET-E9,BKA,ET-E9,Chương trình tiên tiến Hệ thống nhúng thông minh và IoT,,cntt,high_quality,,A00;A01;B03;C01;C02;X02;D28,A00,,https://diemthi.vnexpress.net/tra-cuu-dai-hoc/loadbenchmark/id/349/year/2026/sortby/1/block_name/-1,Trường Đại học Bách Khoa Hà Nội,Hà Nội,2026,28.4,confirmed_2_sources,7,80.0,39000000.0,45000000.0,observed,Công nghệ thông tin - Máy tính - Dữ liệu - AI,train
BKA:ET-LUH,BKA,ET-LUH,Điện tử - Viễn thông - ĐH Leibniz Hannover (Đức),,ky_thuat,high_quality,,A00;A01;B03;C01;C02;X02;D26,A00,,https://diemthi.vnexpress.net/tra-cuu-dai-hoc/loadbenchmark/id/349/year/2026/sortby/1/block_name/-1,Trường Đại học Bách Khoa Hà Nội,Hà Nội,2026,27.45,confirmed_2_sources,8,40.0,78000000.0,78000000.0,observed,"Kỹ thuật - Công nghệ (cơ khí, điện, điện tử, ô tô, tự động hóa, vật liệu)",train
BKA:ET1,BKA,ET1,Kỹ thuật Điện tử - Viễn thông,,ky_thuat,standard,,A00;A01;B03;C01;C02;X02,A00,,https://diemthi.vnexpress.net/tra-cuu-dai-hoc/loadbenchmark/id/349/year/2026/sortby/1/block_name/-1,Trường Đại học Bách Khoa Hà Nội,Hà Nội,2026,28.57,confirmed_2_sources,8,480.0,28000000.0,35000000.0,observed,"Kỹ thuật - Công nghệ (cơ khí, điện, điện tử, ô tô, tự động hóa, vật liệu)",train
BKA:ET2,BKA,ET2,Kỹ thuật Y sinh,,y_duoc,standard,,A00;A01;B00;B03;C01;C02;X02,A00,Khối sức khỏe: có ngưỡng điểm sàn của Bộ,https://diemthi.vnexpress.net/tra-cuu-dai-hoc/loadbenchmark/id/349/year/2026/sortby/1/block_name/-1,Trường Đại học Bách Khoa Hà Nội,Hà Nội,2026,27.15,confirmed_2_sources,4,100.0,28000000.0,35000000.0,observed,Y - Dược - Điều dưỡng - Sức khỏe,train
BKA:EV1,BKA,EV1,Kỹ thuật Môi trường,,nong_lam_mt,standard,,A00;B00;B03;C01;C02;D07;X02,A00,,https://diemthi.vnexpress.net/tra-cuu-dai-hoc/loadbenchmark/id/349/year/2026/sortby/1/block_name/-1,Trường Đại học Bách Khoa Hà Nội,Hà Nội,2026,23.72,confirmed_2_sources,8,160.0,28000000.0,35000000.0,observed,Nông - Lâm - Thủy sản - Môi trường - Tài nguyên,train
BKA:EV2,BKA,EV2,Quản lý Tài nguyên và Môi trường,,nong_lam_mt,standard,,A00;B00;B03;C01;C02;D07;X02,A00,,https://diemthi.vnexpress.net/tra-cuu-dai-hoc/loadbenchmark/id/349/year/2026/sortby/1/block_name/-1,Trường Đại học Bách Khoa Hà Nội,Hà Nội,2026,22.63,confirmed_2_sources,5,120.0,28000000.0,35000000.0,observed,Nông - Lâm - Thủy sản - Môi trường - Tài nguyên,train
BKA:FL1,BKA,FL1,Tiếng Anh KHKT và Công nghệ,,ngon_ngu,standard,,D01;B03;C01;C02;X02,D01,"Học bằng tiếng Anh (thường cần trình độ tiếng Anh tốt, có thể yêu cầu IELTS/chứng chỉ khi nhập học)",https://diemthi.vnexpress.net/tra-cuu-dai-hoc/loadbenchmark/id/349/year/2026/sortby/1/block_name/-1,Trường Đại học Bách Khoa Hà Nội,Hà Nội,2026,23.0,confirmed_2_sources,8,210.0,28000000.0,35000000.0,observed,Ngôn ngữ - Văn hóa - Quốc tế học,train
BKA:FL2,BKA,FL2,Tiếng Anh chuyên nghiệp quốc tế,,ngon_ngu,international,,B03;C01;C02;D01;X02,B03,"Học bằng tiếng Anh (thường cần trình độ tiếng Anh tốt, có thể yêu cầu IELTS/chứng chỉ khi nhập học) | Chương trình liên kết/quốc tế: học phí cao hơn chương trình chuẩn",https://diemthi.vnexpress.net/tra-cuu-dai-hoc/loadbenchmark/id/349/year/2026/sortby/1/block_name/-1,Trường Đại học Bách Khoa Hà Nội,Hà Nội,2026,20.75,confirmed_2_sources,8,90.0,51000000.0,51000000.0,observed,Ngôn ngữ - Văn hóa - Quốc tế học,train
BKA:FL3,BKA,FL3,Tiếng Trung Khoa học và Công nghệ,,ngon_ngu,standard,,D01;B03;C01;C02;D04;X02,D01,,https://diemthi.vnexpress.net/tra-cuu-dai-hoc/loadbenchmark/id/349/year/2026/sortby/1/block_name/-1,Trường Đại học Bách Khoa Hà Nội,Hà Nội,2026,25.5,confirmed_2_sources,2,80.0,28000000.0,35000000.0,observed,Ngôn ngữ - Văn hóa - Quốc tế học,train
BKA:FL4,BKA,FL4,Tiếng Hàn KHvàCN (mới),,ngon_ngu,standard,,D01;B03;C01;C02;X02,D01,,https://diemthi.vnexpress.net/tra-cuu-dai-hoc/loadbenchmark/id/349/year/2026/sortby/1/block_name/-1,Trường Đại học Bách Khoa Hà Nội,Hà Nội,2026,22.98,confirmed_2_sources,1,40.0,28000000.0,28000000.0,estimated,Ngôn ngữ - Văn hóa - Quốc tế học,train
BKA:HE1,BKA,HE1,Kỹ thuật Nhiệt,,ky_thuat,standard,,A00;A01;B03;C01;C02;X02,A00,,https://diemthi.vnexpress.net/tra-cuu-dai-hoc/loadbenchmark/id/349/year/2026/sortby/1/block_name/-1,Trường Đại học Bách Khoa Hà Nội,Hà Nội,2026,26.85,confirmed_2_sources,8,250.0,28000000.0,35000000.0,observed,"Kỹ thuật - Công nghệ (cơ khí, điện, điện tử, ô tô, tự động hóa, vật liệu)",train
BKA:IT-E10,BKA,IT-E10,Chương trình tiên tiến Khoa học dữ liệu và Trí tuệ nhân tạo,,cntt,high_quality,,A00;A01;B03;C01;C02;X02,A00,,https://diemthi.vnexpress.net/tra-cuu-dai-hoc/loadbenchmark/id/349/year/2026/sortby/1/block_name/-1,Trường Đại học Bách Khoa Hà Nội,Hà Nội,2026,29.54,confirmed_2_sources,7,160.0,67000000.0,67000000.0,observed,Công nghệ thông tin - Máy tính - Dữ liệu - AI,train
BKA:IT-E15,BKA,IT-E15,An toàn không gian số - Cyber Security (CT tiên tiến),,cntt,high_quality,,A00;A01;B03;C01;C02;X02,A00,,https://diemthi.vnexpress.net/tra-cuu-dai-hoc/loadbenchmark/id/349/year/2026/sortby/1/block_name/-1,Trường Đại học Bách Khoa Hà Nội,Hà Nội,2026,29.01,confirmed_2_sources,5,40.0,35000000.0,45000000.0,observed,Công nghệ thông tin - Máy tính - Dữ liệu - AI,train
BKA:IT-E6,BKA,IT-E6,Công nghệ thông tin Việt-Nhật,,cntt,high_quality,,A00;A01;B03;C01;C02;X02;D28,A00,,https://diemthi.vnexpress.net/tra-cuu-dai-hoc/loadbenchmark/id/349/year/2026/sortby/1/block_name/-1,Trường Đại học Bách Khoa Hà Nội,Hà Nội,2026,27.74,confirmed_2_sources,8,160.0,39000000.0,45000000.0,observed,Công nghệ thông tin - Máy tính - Dữ liệu - AI,train
BKA:IT-E7,BKA,IT-E7,Công nghệ thông tin ICT,,cntt,high_quality,,A00;A01;B03;C01;C02;X02,A00,,https://diemthi.vnexpress.net/tra-cuu-dai-hoc/loadbenchmark/id/349/year/2026/sortby/1/block_name/-1,Trường Đại học Bách Khoa Hà Nội,Hà Nội,2026,28.75,confirmed_2_sources,8,160.0,35000000.0,45000000.0,observed,Công nghệ thông tin - Máy tính - Dữ liệu - AI,train
BKA:IT-EP,BKA,IT-EP,Công nghệ thông tin (Việt - Pháp),,cntt,high_quality,,A00;A01;B03;C01;C02;X02;D29,A00,,https://diemthi.vnexpress.net/tra-cuu-dai-hoc/loadbenchmark/id/349/year/2026/sortby/1/block_name/-1,Trường Đại học Bách Khoa Hà Nội,Hà Nội,2026,27.74,confirmed_2_sources,6,40.0,39000000.0,45000000.0,observed,Công nghệ thông tin - Máy tính - Dữ liệu - AI,train
BKA:IT1,BKA,IT1,Khoa học Máy tính,,cntt,standard,,A00;A01;B03;C01;C02;X02,A00,,https://diemthi.vnexpress.net/tra-cuu-dai-hoc/loadbenchmark/id/349/year/2026/sortby/1/block_name/-1,Trường Đại học Bách Khoa Hà Nội,Hà Nội,2026,29.27,confirmed_2_sources,8,300.0,28000000.0,35000000.0,observed,Công nghệ thông tin - Máy tính - Dữ liệu - AI,train
BKA:IT2,BKA,IT2,Kỹ thuật Máy tính,,cntt,standard,,A00;A01;B03;C01;C02;X02,A00,,https://diemthi.vnexpress.net/tra-cuu-dai-hoc/loadbenchmark/id/349/year/2026/sortby/1/block_name/-1,Trường Đại học Bách Khoa Hà Nội,Hà Nội,2026,28.91,confirmed_2_sources,8,200.0,28000000.0,35000000.0,observed,Công nghệ thông tin - Máy tính - Dữ liệu - AI,train
BKA:ME-E1,BKA,ME-E1,Chương trình tiên tiến Cơ điện tử,,ky_thuat,high_quality,,A00;A01;B03;C01;C02;X02,A00,,https://diemthi.vnexpress.net/tra-cuu-dai-hoc/loadbenchmark/id/349/year/2026/sortby/1/block_name/-1,Trường Đại học Bách Khoa Hà Nội,Hà Nội,2026,27.83,confirmed_2_sources,8,180.0,35000000.0,45000000.0,observed,"Kỹ thuật - Công nghệ (cơ khí, điện, điện tử, ô tô, tự động hóa, vật liệu)",train
BKA:ME-GU,BKA,ME-GU,Cơ khí - Chế tạo máy - ĐH Griffith (Úc),,ky_thuat,high_quality,,A00;A01;B03;C01;C02;X02,A00,,https://diemthi.vnexpress.net/tra-cuu-dai-hoc/loadbenchmark/id/349/year/2026/sortby/1/block_name/-1,Trường Đại học Bách Khoa Hà Nội,Hà Nội,2026,26.52,confirmed_2_sources,8,40.0,87000000.0,87000000.0,observed,"Kỹ thuật - Công nghệ (cơ khí, điện, điện tử, ô tô, tự động hóa, vật liệu)",train
BKA:ME-LUH,BKA,ME-LUH,Cơ điện tử - ĐH Leibniz Hannover (Đức),,ky_thuat,high_quality,,A00;A01;B03;C01;C02;X02;D26,A00,,https://diemthi.vnexpress.net/tra-cuu-dai-hoc/loadbenchmark/id/349/year/2026/sortby/1/block_name/-1,Trường Đại học Bách Khoa Hà Nội,Hà Nội,2026,27.33,confirmed_2_sources,7,50.0,78000000.0,78000000.0,observed,"Kỹ thuật - Công nghệ (cơ khí, điện, điện tử, ô tô, tự động hóa, vật liệu)",train
BKA:ME-NUT,BKA,ME-NUT,Cơ điện tử - ĐH Nagaoka (Nhật Bản),,ky_thuat,high_quality,,A00;A01;B03;C01;C02;X02;D28,A00,,https://diemthi.vnexpress.net/tra-cuu-dai-hoc/loadbenchmark/id/349/year/2026/sortby/1/block_name/-1,Trường Đại học Bách Khoa Hà Nội,Hà Nội,2026,26.97,confirmed_2_sources,8,100.0,78000000.0,78000000.0,observed,"Kỹ thuật - Công nghệ (cơ khí, điện, điện tử, ô tô, tự động hóa, vật liệu)",train
BKA:ME1,BKA,ME1,Kỹ thuật Cơ điện tử,,ky_thuat,standard,,A00;A01;B03;C01;C02;X02,A00,,https://diemthi.vnexpress.net/tra-cuu-dai-hoc/loadbenchmark/id/349/year/2026/sortby/1/block_name/-1,Trường Đại học Bách Khoa Hà Nội,Hà Nội,2026,28.47,confirmed_2_sources,8,300.0,28000000.0,35000000.0,observed,"Kỹ thuật - Công nghệ (cơ khí, điện, điện tử, ô tô, tự động hóa, vật liệu)",train
BKA:ME2,BKA,ME2,Kỹ thuật Cơ khí,,ky_thuat,standard,,A00;A01;B03;C01;C02;X02,A00,,https://diemthi.vnexpress.net/tra-cuu-dai-hoc/loadbenchmark/id/349/year/2026/sortby/1/block_name/-1,Trường Đại học Bách Khoa Hà Nội,Hà Nội,2026,27.57,confirmed_2_sources,8,560.0,28000000.0,35000000.0,observed,"Kỹ thuật - Công nghệ (cơ khí, điện, điện tử, ô tô, tự động hóa, vật liệu)",train
BKA:MI-E22,BKA,MI-E22,Khoa học tính toán cho các hệ thống thông minh (mới),,khoa_hoc_tn,high_quality,,A00;A01;B03;C01;C02;X02,A00,,https://diemthi.vnexpress.net/tra-cuu-dai-hoc/loadbenchmark/id/349/year/2026/sortby/1/block_name/-1,Trường Đại học Bách Khoa Hà Nội,Hà Nội,2026,27.97,confirmed_2_sources,1,40.0,28000000.0,28000000.0,estimated,Khoa học tự nhiên - Toán - Vật lý - Thống kê,train
BKA:MI1,BKA,MI1,Toán-Tin,,khoa_hoc_tn,standard,,A00;A01;B03;C01;C02;X02,A00,,https://diemthi.vnexpress.net/tra-cuu-dai-hoc/loadbenchmark/id/349/year/2026/sortby/1/block_name/-1,Trường Đại học Bách Khoa Hà Nội,Hà Nội,2026,27.97,confirmed_2_sources,7,160.0,28000000.0,35000000.0,observed,Khoa học tự nhiên - Toán - Vật lý - Thống kê,train
BKA:MI2,BKA,MI2,Hệ thống thông tin quản lý,,cntt,standard,,A00;A01;B03;C01;C02;X02,A00,,https://diemthi.vnexpress.net/tra-cuu-dai-hoc/loadbenchmark/id/349/year/2026/sortby/1/block_name/-1,Trường Đại học Bách Khoa Hà Nội,Hà Nội,2026,27.83,confirmed_2_sources,9,80.0,28000000.0,35000000.0,observed,Công nghệ thông tin - Máy tính - Dữ liệu - AI,train
BKA:MS-E3,BKA,MS-E3,Chương trình tiên tiến KHKT Vật liệu,,ky_thuat,high_quality,,A00;A01;B03;C01;C02;D07;X02,A00,,https://diemthi.vnexpress.net/tra-cuu-dai-hoc/loadbenchmark/id/349/year/2026/sortby/1/block_name/-1,Trường Đại học Bách Khoa Hà Nội,Hà Nội,2026,25.69,confirmed_2_sources,8,60.0,35000000.0,45000000.0,observed,"Kỹ thuật - Công nghệ (cơ khí, điện, điện tử, ô tô, tự động hóa, vật liệu)",train
BKA:MS1,BKA,MS1,Kỹ thuật Vật liệu,,ky_thuat,standard,,A00;A01;B03;C01;C02;D07;X02,A00,,https://diemthi.vnexpress.net/tra-cuu-dai-hoc/loadbenchmark/id/349/year/2026/sortby/1/block_name/-1,Trường Đại học Bách Khoa Hà Nội,Hà Nội,2026,26.63,confirmed_2_sources,8,280.0,28000000.0,35000000.0,observed,"Kỹ thuật - Công nghệ (cơ khí, điện, điện tử, ô tô, tự động hóa, vật liệu)",train
BKA:MS2,BKA,MS2,Kỹ thuật Vi điện tử và công nghệ nano,,ky_thuat,standard,,A00;A01;B03;C01;C02;D07;X02,A00,,https://diemthi.vnexpress.net/tra-cuu-dai-hoc/loadbenchmark/id/349/year/2026/sortby/1/block_name/-1,Trường Đại học Bách Khoa Hà Nội,Hà Nội,2026,28.64,confirmed_2_sources,4,180.0,28000000.0,35000000.0,observed,"Kỹ thuật - Công nghệ (cơ khí, điện, điện tử, ô tô, tự động hóa, vật liệu)",train
BKA:MS3,BKA,MS3,Công nghệ vật liệu Polime và Compozit,,ky_thuat,standard,,A00;A01;B03;C01;C02;D07;X02,A00,,https://diemthi.vnexpress.net/tra-cuu-dai-hoc/loadbenchmark/id/349/year/2026/sortby/1/block_name/-1,Trường Đại học Bách Khoa Hà Nội,Hà Nội,2026,26.31,confirmed_2_sources,4,80.0,28000000.0,35000000.0,observed,"Kỹ thuật - Công nghệ (cơ khí, điện, điện tử, ô tô, tự động hóa, vật liệu)",train
BKA:MS5,BKA,MS5,Kỹ thuật in,,ky_thuat,standard,,A00;A01;B03;C01;C02;D07;X02;B00,A00,,https://diemthi.vnexpress.net/tra-cuu-dai-hoc/loadbenchmark/id/349/year/2026/sortby/1/block_name/-1,Trường Đại học Bách Khoa Hà Nội,Hà Nội,2026,25.45,confirmed_2_sources,3,60.0,28000000.0,35000000.0,observed,"Kỹ thuật - Công nghệ (cơ khí, điện, điện tử, ô tô, tự động hóa, vật liệu)",train
BKA:PH1,BKA,PH1,Vật lý kỹ thuật,,khoa_hoc_tn,standard,,A00;A01;B03;C01;C02;X02,A00,,https://diemthi.vnexpress.net/tra-cuu-dai-hoc/loadbenchmark/id/349/year/2026/sortby/1/block_name/-1,Trường Đại học Bách Khoa Hà Nội,Hà Nội,2026,27.03,confirmed_2_sources,8,200.0,28000000.0,35000000.0,observed,Khoa học tự nhiên - Toán - Vật lý - Thống kê,train
BKA:PH2,BKA,PH2,Kỹ thuật hạt nhân,,ky_thuat,standard,,A00;A01;B03;C01;C02;X02;A02,A00,,https://diemthi.vnexpress.net/tra-cuu-dai-hoc/loadbenchmark/id/349/year/2026/sortby/1/block_name/-1,Trường Đại học Bách Khoa Hà Nội,Hà Nội,2026,26.54,confirmed_2_sources,9,40.0,28000000.0,35000000.0,observed,"Kỹ thuật - Công nghệ (cơ khí, điện, điện tử, ô tô, tự động hóa, vật liệu)",train
BKA:PH3,BKA,PH3,Vật lý y khoa,,y_duoc,standard,,A00;A01;B03;C01;C02;X02;A02,A00,Khối sức khỏe: có ngưỡng điểm sàn của Bộ,https://diemthi.vnexpress.net/tra-cuu-dai-hoc/loadbenchmark/id/349/year/2026/sortby/1/block_name/-1,Trường Đại học Bách Khoa Hà Nội,Hà Nội,2026,26.26,confirmed_2_sources,6,60.0,28000000.0,35000000.0,observed,Y - Dược - Điều dưỡng - Sức khỏe,train
BKA:TE-E2,BKA,TE-E2,Chương trình tiên tiến Kỹ thuật Ô tô,,ky_thuat,high_quality,,A00;A01;B03;C01;C02;X02,A00,,https://diemthi.vnexpress.net/tra-cuu-dai-hoc/loadbenchmark/id/349/year/2026/sortby/1/block_name/-1,Trường Đại học Bách Khoa Hà Nội,Hà Nội,2026,26.38,confirmed_2_sources,8,100.0,35000000.0,45000000.0,observed,"Kỹ thuật - Công nghệ (cơ khí, điện, điện tử, ô tô, tự động hóa, vật liệu)",train
BKA:TE-EP,BKA,TE-EP,Cơ khí hàng không (Chương trình Việt - Pháp PFIEV),,du_lich,international,,A00;A01;B03;C01;C02;X02;D29,A00,"Học bằng tiếng Anh (thường cần trình độ tiếng Anh tốt, có thể yêu cầu IELTS/chứng chỉ khi nhập học) | Chương trình liên kết/quốc tế: học phí cao hơn chương trình chuẩn",https://diemthi.vnexpress.net/tra-cuu-dai-hoc/loadbenchmark/id/349/year/2026/sortby/1/block_name/-1,Trường Đại học Bách Khoa Hà Nội,Hà Nội,2026,26.74,confirmed_2_sources,6,40.0,39000000.0,42000000.0,observed,Du lịch - Khách sạn - Logistics - Hàng không - Dịch vụ,train
BKA:TE1,BKA,TE1,Kỹ thuật Ô tô,,ky_thuat,standard,,A00;A01;B03;C01;C02;X02,A00,,https://diemthi.vnexpress.net/tra-cuu-dai-hoc/loadbenchmark/id/349/year/2026/sortby/1/block_name/-1,Trường Đại học Bách Khoa Hà Nội,Hà Nội,2026,27.34,confirmed_2_sources,8,200.0,28000000.0,35000000.0,observed,"Kỹ thuật - Công nghệ (cơ khí, điện, điện tử, ô tô, tự động hóa, vật liệu)",train
BKA:TE2,BKA,TE2,Kỹ thuật Cơ khí động lực,,ky_thuat,standard,,A00;A01;B03;C01;C02;X02,A00,,https://diemthi.vnexpress.net/tra-cuu-dai-hoc/loadbenchmark/id/349/year/2026/sortby/1/block_name/-1,Trường Đại học Bách Khoa Hà Nội,Hà Nội,2026,27.08,confirmed_2_sources,8,120.0,28000000.0,35000000.0,observed,"Kỹ thuật - Công nghệ (cơ khí, điện, điện tử, ô tô, tự động hóa, vật liệu)",train
BKA:TE3,BKA,TE3,Kỹ thuật Hàng không,,du_lich,standard,,A00;A01;B03;C01;C02;X02,A00,,https://diemthi.vnexpress.net/tra-cuu-dai-hoc/loadbenchmark/id/349/year/2026/sortby/1/block_name/-1,Trường Đại học Bách Khoa Hà Nội,Hà Nội,2026,27.36,confirmed_2_sources,8,80.0,28000000.0,35000000.0,observed,Du lịch - Khách sạn - Logistics - Hàng không - Dịch vụ,train
BKA:TEE2,BKA,TEE2,Kỹ thuật Ô tô (CT tiên tiến),,ky_thuat,high_quality,,A00;A01;B03;C01;C02;X02,A00,,https://vietnamnet.vn/newsapi-edu/UniversityDetail/GetDetail?pageId=49ff289efde0446f9ae2f5c385595744&componentId=COMPONENT002302&keyword=BKA&year=2026&pageSize=25&pageIndex=9&typeOfTraining=0&subjectGroup=,Trường Đại học Bách Khoa Hà Nội,Hà Nội,2026,26.38,single_source,1,100.0,28000000.0,28000000.0,estimated,"Kỹ thuật - Công nghệ (cơ khí, điện, điện tử, ô tô, tự động hóa, vật liệu)",train
BKA:TROY-IT,BKA,TROY-IT,Khoa học máy tính - ĐH Troy (Hoa Kỳ),,cntt,international,,A00;A01;B03;C01;C02;D01;X02,A00,"Học bằng tiếng Anh (thường cần trình độ tiếng Anh tốt, có thể yêu cầu IELTS/chứng chỉ khi nhập học) | Chương trình liên kết/quốc tế: học phí cao hơn chương trình chuẩn",https://diemthi.vnexpress.net/tra-cuu-dai-hoc/loadbenchmark/id/349/year/2026/sortby/1/block_name/-1,Trường Đại học Bách Khoa Hà Nội,Hà Nội,2026,24.44,confirmed_2_sources,6,120.0,90000000.0,90000000.0,observed,Công nghệ thông tin - Máy tính - Dữ liệu - AI,train
BKA:TX1,BKA,TX1,Kỹ thuật Dệt,,ky_thuat,standard,,A00;A01;B03;C01;C02;D07;X02,A00,,https://diemthi.vnexpress.net/tra-cuu-dai-hoc/loadbenchmark/id/349/year/2026/sortby/1/block_name/-1,Trường Đại học Bách Khoa Hà Nội,Hà Nội,2026,23.36,confirmed_2_sources,8,240.0,28000000.0,35000000.0,observed,"Kỹ thuật - Công nghệ (cơ khí, điện, điện tử, ô tô, tự động hóa, vật liệu)",train
BVH:7320101,BVH,7320101,Báo chí,7320101,bao_chi,standard,,A00;A01;D01;X06;X26,A00,,https://diemthi.vnexpress.net/tra-cuu-dai-hoc/loadbenchmark/id/351/year/2026/sortby/1/block_name/-1,Học viện Công nghệ Bưu chính Viễn thông,Hà Nội,2026,22.0,confirmed_2_sources,5,,29600000.0,37600000.0,observed,Báo chí - Truyền thông - Quan hệ công chúng,train
BVH:7320104,BVH,7320104,Truyền thông đa phương tiện,7320104,bao_chi,standard,,A00;A01;D01;X06;X26,A00,,https://diemthi.vnexpress.net/tra-cuu-dai-hoc/loadbenchmark/id/351/year/2026/sortby/1/block_name/-1,Học viện Công nghệ Bưu chính Viễn thông,Hà Nội,2026,24.54,confirmed_2_sources,9,,29600000.0,29600000.0,estimated,Báo chí - Truyền thông - Quan hệ công chúng,train
BVH:7320104CL,BVH,7320104CL,Truyền thông đa phương tiện CLC,7320104,bao_chi,high_quality,,A00;A01;D01;X06;X26,A00,,https://diemthi.vnexpress.net/tra-cuu-dai-hoc/loadbenchmark/id/351/year/2026/sortby/1/block_name/-1,Học viện Công nghệ Bưu chính Viễn thông,Hà Nội,2026,22.23,confirmed_2_sources,1,,29600000.0,29600000.0,estimated,Báo chí - Truyền thông - Quan hệ công chúng,train
BVH:7320104LK,BVH,7320104LK,"Truyền thông Đa phương tiện (Liên kết với đại học Công nghệ Queensland, Úc",7320104,bao_chi,international,,A00;A01;D01;X06;X26,A00,"Học bằng tiếng Anh (thường cần trình độ tiếng Anh tốt, có thể yêu cầu IELTS/chứng chỉ khi nhập học) | Chương trình liên kết/quốc tế: học phí cao hơn chương trình chuẩn",https://diemthi.vnexpress.net/tra-cuu-dai-hoc/loadbenchmark/id/351/year/2026/sortby/1/block_name/-1,Học viện Công nghệ Bưu chính Viễn thông,Hà Nội,2026,22.4,confirmed_2_sources,1,,29600000.0,29600000.0,estimated,Báo chí - Truyền thông - Quan hệ công chúng,train
BVH:7329001,BVH,7329001,Công nghệ đa phương tiện,7329001,ky_thuat,standard,,A00;A01;D01;X06;X26,A00,,https://diemthi.vnexpress.net/tra-cuu-dai-hoc/loadbenchmark/id/351/year/2026/sortby/1/block_name/-1,Học viện Công nghệ Bưu chính Viễn thông,Hà Nội,2026,22.75,confirmed_2_sources,9,,29600000.0,37600000.0,observed,"Kỹ thuật - Công nghệ (cơ khí, điện, điện tử, ô tô, tự động hóa, vật liệu)",train
BVH:7329001GA,BVH,7329001GA,Thiết kế đồ họa game,7329001,cntt,standard,,A00;A01;D01;X06;X26,A00,,https://vietnamnet.vn/newsapi-edu/UniversityDetail/GetDetail?pageId=49ff289efde0446f9ae2f5c385595744&componentId=COMPONENT002302&keyword=BVH&year=2026&pageSize=25&pageIndex=8&typeOfTraining=0&subjectGroup=,Học viện Công nghệ Bưu chính Viễn thông,Hà Nội,2026,22.9,confirmed_2_sources,1,,29600000.0,29600000.0,estimated,Công nghệ thông tin - Máy tính - Dữ liệu - AI,train
BVH:7329001GM,BVH,7329001GM,Thiết kế và phát triển Game,7329001,cntt,standard,,A00;A01;D01;X06;X26,A00,,https://diemthi.vnexpress.net/tra-cuu-dai-hoc/loadbenchmark/id/351/year/2026/sortby/1/block_name/-1,Học viện Công nghệ Bưu chính Viễn thông,Hà Nội,2026,22.11,confirmed_2_sources,1,,29600000.0,29600000.0,estimated,Công nghệ thông tin - Máy tính - Dữ liệu - AI,train
BVH:7329001LK,BVH,7329001LK,"Công nghệ Đa phương tiện (Liên kết với đại học Canberra, Australia)",7329001,ky_thuat,international,,A00;A01;D01;X06;X26,A00,"Học bằng tiếng Anh (thường cần trình độ tiếng Anh tốt, có thể yêu cầu IELTS/chứng chỉ khi nhập học) | Chương trình liên kết/quốc tế: học phí cao hơn chương trình chuẩn",https://diemthi.vnexpress.net/tra-cuu-dai-hoc/loadbenchmark/id/351/year/2026/sortby/1/block_name/-1,Học viện Công nghệ Bưu chính Viễn thông,Hà Nội,2026,22.75,confirmed_2_sources,1,,29600000.0,29600000.0,estimated,"Kỹ thuật - Công nghệ (cơ khí, điện, điện tử, ô tô, tự động hóa, vật liệu)",train
BVH:7329001VH,BVH,7329001VH,Công nghệ công nghiệp văn hóa số (định hướng điện ảnh),7329001,ngon_ngu,standard,,A00;A01;D01;X06;X26,A00,,https://diemthi.vnexpress.net/tra-cuu-dai-hoc/loadbenchmark/id/351/year/2026/sortby/1/block_name/-1,Học viện Công nghệ Bưu chính Viễn thông,Hà Nội,2026,21.52,confirmed_2_sources,1,,29600000.0,29600000.0,estimated,Ngôn ngữ - Văn hóa - Quốc tế học,train
BVH:7340101,BVH,7340101,Quản trị Kinh doanh,7340101,kinh_te,standard,,A00;A01;D01;X06;X26,A00,,https://diemthi.vnexpress.net/tra-cuu-dai-hoc/loadbenchmark/id/351/year/2026/sortby/1/block_name/-1,Học viện Công nghệ Bưu chính Viễn thông,Hà Nội,2026,21.93,confirmed_2_sources,9,,29600000.0,37600000.0,observed,Kinh tế - Kinh doanh - Quản trị - Marketing - Thương mại,train
BVH:7340101DM,BVH,7340101DM,Quản trị kinh doanh - Chuyên ngành Marketing kỹ thuật số,7340101,kinh_te,standard,,A00;A01;D01;X06;X26,A00,,https://diemthi.vnexpress.net/tra-cuu-dai-hoc/loadbenchmark/id/351/year/2026/sortby/1/block_name/-1,Học viện Công nghệ Bưu chính Viễn thông,Hà Nội,2026,22.25,confirmed_2_sources,1,,29600000.0,29600000.0,estimated,Kinh tế - Kinh doanh - Quản trị - Marketing - Thương mại,train
BVH:7340101KT,BVH,7340101KT,Logistics trong kinh tế tầm thấp,7340101,du_lich,standard,,A00;A01;D01;X06;X26,A00,,https://diemthi.vnexpress.net/tra-cuu-dai-hoc/loadbenchmark/id/351/year/2026/sortby/1/block_name/-1,Học viện Công nghệ Bưu chính Viễn thông,Hà Nội,2026,20.54,confirmed_2_sources,1,,29600000.0,29600000.0,estimated,Du lịch - Khách sạn - Logistics - Hàng không - Dịch vụ,train
BVH:7340101LG,BVH,7340101LG,Logistics và quản trị chuỗi cung ứng,7340101,du_lich,standard,,A00;A01;D01;X06;X26,A00,,https://diemthi.vnexpress.net/tra-cuu-dai-hoc/loadbenchmark/id/351/year/2026/sortby/1/block_name/-1,Học viện Công nghệ Bưu chính Viễn thông,Hà Nội,2026,24.44,confirmed_2_sources,1,,29600000.0,29600000.0,estimated,Du lịch - Khách sạn - Logistics - Hàng không - Dịch vụ,train
BVH:7340115,BVH,7340115,Marketing,7340115,kinh_te,standard,,A00;A01;D01;X06;X26,A00,,https://diemthi.vnexpress.net/tra-cuu-dai-hoc/loadbenchmark/id/351/year/2026/sortby/1/block_name/-1,Học viện Công nghệ Bưu chính Viễn thông,Hà Nội,2026,22.75,confirmed_2_sources,9,,29600000.0,37600000.0,observed,Kinh tế - Kinh doanh - Quản trị - Marketing - Thương mại,train
BVH:7340115CL,BVH,7340115CL,Marketing CLC,7340115,kinh_te,high_quality,,A00;A01;D01;X06;X26,A00,,https://diemthi.vnexpress.net/tra-cuu-dai-hoc/loadbenchmark/id/351/year/2026/sortby/1/block_name/-1,Học viện Công nghệ Bưu chính Viễn thông,Hà Nội,2026,21.44,confirmed_2_sources,1,,29600000.0,29600000.0,estimated,Kinh tế - Kinh doanh - Quản trị - Marketing - Thương mại,train
BVH:7340115QH,BVH,7340115QH,Quan hệ công chúng,7340115,bao_chi,standard,,A00;A01;D01;X06;X26,A00,,https://diemthi.vnexpress.net/tra-cuu-dai-hoc/loadbenchmark/id/351/year/2026/sortby/1/block_name/-1,Học viện Công nghệ Bưu chính Viễn thông,Hà Nội,2026,22.26,confirmed_2_sources,1,,29600000.0,29600000.0,estimated,Báo chí - Truyền thông - Quan hệ công chúng,train
BVH:7340122,BVH,7340122,Thương mại điện tử,7340122,kinh_te,standard,,A00;A01;D01;X06;X26,A00,,https://diemthi.vnexpress.net/tra-cuu-dai-hoc/loadbenchmark/id/351/year/2026/sortby/1/block_name/-1,Học viện Công nghệ Bưu chính Viễn thông,Hà Nội,2026,23.56,confirmed_2_sources,9,,29600000.0,37600000.0,observed,Kinh tế - Kinh doanh - Quản trị - Marketing - Thương mại,train
BVH:7340201,BVH,7340201,"Phân tích dữ liệu trong tài chính, kinh doanh",7340201,tai_chinh,standard,,A00;A01;D01;X06;X26,A00,,https://vietnamnet.vn/newsapi-edu/UniversityDetail/GetDetail?pageId=49ff289efde0446f9ae2f5c385595744&componentId=COMPONENT002302&keyword=BVH&year=2026&pageSize=25&pageIndex=9&typeOfTraining=0&subjectGroup=,Học viện Công nghệ Bưu chính Viễn thông,Hà Nội,2026,20.25,single_source,1,,29600000.0,29600000.0,estimated,Tài chính - Ngân hàng - Kế toán - Kiểm toán - Bảo hiểm,train
BVH:7340201DL,BVH,7340201DL,Tài chính ngân hàng Phân hiệu tại Đắk Lắk,7340201,tai_chinh,standard,Đắk Lắk,A00;A01;D01;X06;X26,A00,Học tại Đắk Lắk,https://diemthi.vnexpress.net/tra-cuu-dai-hoc/loadbenchmark/id/351/year/2026/sortby/1/block_name/-1,Học viện Công nghệ Bưu chính Viễn thông,Hà Nội,2026,20.25,confirmed_2_sources,1,,29600000.0,29600000.0,estimated,Tài chính - Ngân hàng - Kế toán - Kiểm toán - Bảo hiểm,train
BVH:7340205,BVH,7340205,Công nghệ tài chính,7340205,tai_chinh,standard,,A00;A01;D01;X06;X26,A00,,https://diemthi.vnexpress.net/tra-cuu-dai-hoc/loadbenchmark/id/351/year/2026/sortby/1/block_name/-1,Học viện Công nghệ Bưu chính Viễn thông,Hà Nội,2026,23.23,confirmed_2_sources,4,,29600000.0,37600000.0,observed,Tài chính - Ngân hàng - Kế toán - Kiểm toán - Bảo hiểm,train
BVH:7340205LK,BVH,7340205LK,"Công nghệ tài chính (Liên kết đại học Huddersfield, Vương Quốc Anh)",7340205,tai_chinh,international,,A00;A01;D01;X06;X26,A00,"Học bằng tiếng Anh (thường cần trình độ tiếng Anh tốt, có thể yêu cầu IELTS/chứng chỉ khi nhập học) | Chương trình liên kết/quốc tế: học phí cao hơn chương trình chuẩn",https://diemthi.vnexpress.net/tra-cuu-dai-hoc/loadbenchmark/id/351/year/2026/sortby/1/block_name/-1,Học viện Công nghệ Bưu chính Viễn thông,Hà Nội,2026,23.5,confirmed_2_sources,1,,29600000.0,29600000.0,estimated,Tài chính - Ngân hàng - Kế toán - Kiểm toán - Bảo hiểm,train
BVH:7340301,BVH,7340301,Kế toán,7340301,tai_chinh,standard,,A00;A01;D01;X06;X26,A00,,https://diemthi.vnexpress.net/tra-cuu-dai-hoc/loadbenchmark/id/351/year/2026/sortby/1/block_name/-1,Học viện Công nghệ Bưu chính Viễn thông,Hà Nội,2026,22.47,confirmed_2_sources,9,,29600000.0,29600000.0,estimated,Tài chính - Ngân hàng - Kế toán - Kiểm toán - Bảo hiểm,train
BVH:7340301CL,BVH,7340301CL,Kế toán CLC (chuẩn quốc tế ACCA),7340301,tai_chinh,international,,A00;A01;D01;X06;X26,A00,"Học bằng tiếng Anh (thường cần trình độ tiếng Anh tốt, có thể yêu cầu IELTS/chứng chỉ khi nhập học) | Chương trình liên kết/quốc tế: học phí cao hơn chương trình chuẩn",https://diemthi.vnexpress.net/tra-cuu-dai-hoc/loadbenchmark/id/351/year/2026/sortby/1/block_name/-1,Học viện Công nghệ Bưu chính Viễn thông,Hà Nội,2026,20.5,confirmed_2_sources,1,,29600000.0,29600000.0,estimated,Tài chính - Ngân hàng - Kế toán - Kiểm toán - Bảo hiểm,train
BVH:7480101,BVH,7480101,Khoa học máy tính,7480101,cntt,standard,,A00;A01;X06;X26,A00,,https://diemthi.vnexpress.net/tra-cuu-dai-hoc/loadbenchmark/id/351/year/2026/sortby/1/block_name/-1,Học viện Công nghệ Bưu chính Viễn thông,Hà Nội,2026,26.0,confirmed_2_sources,5,,29600000.0,37600000.0,observed,Công nghệ thông tin - Máy tính - Dữ liệu - AI,train
BVH:7480102,BVH,7480102,Mạng máy tính và truyền thông dữ liệu,7480102,bao_chi,standard,,A00;A01;X06;X26,A00,,https://diemthi.vnexpress.net/tra-cuu-dai-hoc/loadbenchmark/id/351/year/2026/sortby/1/block_name/-1,Học viện Công nghệ Bưu chính Viễn thông,Hà Nội,2026,23.7,confirmed_2_sources,4,,29600000.0,37600000.0,observed,Báo chí - Truyền thông - Quan hệ công chúng,train
BVH:7480107,BVH,7480107,Trí tuệ nhân tạo,7480107,cntt,standard,,A00;A01;X06;X26,A00,,https://diemthi.vnexpress.net/tra-cuu-dai-hoc/loadbenchmark/id/351/year/2026/sortby/1/block_name/-1,Học viện Công nghệ Bưu chính Viễn thông,Hà Nội,2026,25.0,confirmed_2_sources,2,,40000000.0,45500000.0,observed,Công nghệ thông tin - Máy tính - Dữ liệu - AI,train
BVH:7480201,BVH,7480201,Công nghệ thông tin,7480201,cntt,standard,,A00;A01;X06;X26,A00,,https://diemthi.vnexpress.net/tra-cuu-dai-hoc/loadbenchmark/id/351/year/2026/sortby/1/block_name/-1,Học viện Công nghệ Bưu chính Viễn thông,Hà Nội,2026,23.0,confirmed_2_sources,9,,29600000.0,37600000.0,observed,Công nghệ thông tin - Máy tính - Dữ liệu - AI,train
BVH:7480201CL,BVH,7480201CL,Công nghệ thông tin CLC,7480201,cntt,high_quality,,A00;A01;X06;X26,A00,,https://diemthi.vnexpress.net/tra-cuu-dai-hoc/loadbenchmark/id/351/year/2026/sortby/1/block_name/-1,Học viện Công nghệ Bưu chính Viễn thông,Hà Nội,2026,21.0,confirmed_2_sources,1,,29600000.0,29600000.0,estimated,Công nghệ thông tin - Máy tính - Dữ liệu - AI,train
BVH:7480201LK,BVH,7480201LK,"Công nghệ thông tin (Liên kết với Đại học Macquarie, Australia)",7480201,cntt,international,,A00;A01;X06;X26,A00,"Học bằng tiếng Anh (thường cần trình độ tiếng Anh tốt, có thể yêu cầu IELTS/chứng chỉ khi nhập học) | Chương trình liên kết/quốc tế: học phí cao hơn chương trình chuẩn",https://diemthi.vnexpress.net/tra-cuu-dai-hoc/loadbenchmark/id/351/year/2026/sortby/1/block_name/-1,Học viện Công nghệ Bưu chính Viễn thông,Hà Nội,2026,21.0,confirmed_2_sources,1,,29600000.0,29600000.0,estimated,Công nghệ thông tin - Máy tính - Dữ liệu - AI,train
BVH:7480201UD,BVH,7480201UD,Công nghệ thông tin (định hướng ứng dụng),7480201,cntt,standard,,A00;A01;X06;X26,A00,,https://diemthi.vnexpress.net/tra-cuu-dai-hoc/loadbenchmark/id/351/year/2026/sortby/1/block_name/-1,Học viện Công nghệ Bưu chính Viễn thông,Hà Nội,2026,20.21,confirmed_2_sources,1,,29600000.0,29600000.0,estimated,Công nghệ thông tin - Máy tính - Dữ liệu - AI,train
BVH:7480201VJ,BVH,7480201VJ,Công nghệ thông tin (Kỹ sư Việt - Nhật),7480201,cntt,standard,,A00;A01;X06;X26,A00,,https://diemthi.vnexpress.net/tra-cuu-dai-hoc/loadbenchmark/id/351/year/2026/sortby/1/block_name/-1,Học viện Công nghệ Bưu chính Viễn thông,Hà Nội,2026,21.22,confirmed_2_sources,1,,29600000.0,29600000.0,estimated,Công nghệ thông tin - Máy tính - Dữ liệu - AI,train
BVH:7480202,BVH,7480202,An toàn thông tin,7480202,cntt,standard,,A00;A01;X06;X26,A00,,https://diemthi.vnexpress.net/tra-cuu-dai-hoc/loadbenchmark/id/351/year/2026/sortby/1/block_name/-1,Học viện Công nghệ Bưu chính Viễn thông,Hà Nội,2026,25.22,confirmed_2_sources,9,,29600000.0,37600000.0,observed,Công nghệ thông tin - Máy tính - Dữ liệu - AI,train
BVH:7480202CL,BVH,7480202CL,An toàn thông tin CLC,7480202,cntt,high_quality,,A00;A01;X06;X26,A00,,https://diemthi.vnexpress.net/tra-cuu-dai-hoc/loadbenchmark/id/351/year/2026/sortby/1/block_name/-1,Học viện Công nghệ Bưu chính Viễn thông,Hà Nội,2026,23.2,confirmed_2_sources,1,,29600000.0,29600000.0,estimated,Công nghệ thông tin - Máy tính - Dữ liệu - AI,train
BVH:7510301,BVH,7510301,"Công nghệ kỹ thuật điện, điện tử",7510301,ky_thuat,standard,,A00;A01;X06;X26,A00,,https://diemthi.vnexpress.net/tra-cuu-dai-hoc/loadbenchmark/id/351/year/2026/sortby/1/block_name/-1,Học viện Công nghệ Bưu chính Viễn thông,Hà Nội,2026,24.87,confirmed_2_sources,9,,29600000.0,37600000.0,observed,"Kỹ thuật - Công nghệ (cơ khí, điện, điện tử, ô tô, tự động hóa, vật liệu)",train
BVH:7510301VM,BVH,7510301VM,Công nghệ vi mạch bán dẫn,7510301,cntt,standard,,A00;A01;X06;X26,A00,,https://diemthi.vnexpress.net/tra-cuu-dai-hoc/loadbenchmark/id/351/year/2026/sortby/1/block_name/-1,Học viện Công nghệ Bưu chính Viễn thông,Hà Nội,2026,25.64,confirmed_2_sources,1,,29600000.0,29600000.0,estimated,Công nghệ thông tin - Máy tính - Dữ liệu - AI,train
BVH:7520207,BVH,7520207,Ngành Kỹ thuật điện tử truyền thông,7520207,bao_chi,standard,,A00;A01;X06;X26,A00,,https://diemthi.vnexpress.net/tra-cuu-dai-hoc/loadbenchmark/id/351/year/2026/sortby/1/block_name/-1,Học viện Công nghệ Bưu chính Viễn thông,Hà Nội,2026,25.18,confirmed_2_sources,9,,29600000.0,37600000.0,observed,Báo chí - Truyền thông - Quan hệ công chúng,train
BVH:7520207AT,BVH,7520207AT,Trí tuệ nhân tạo vạn vật (AIoT),7520207,cntt,standard,,A00;A01;X06;X26,A00,,https://diemthi.vnexpress.net/tra-cuu-dai-hoc/loadbenchmark/id/351/year/2026/sortby/1/block_name/-1,Học viện Công nghệ Bưu chính Viễn thông,Hà Nội,2026,24.47,confirmed_2_sources,1,,29600000.0,29600000.0,estimated,Công nghệ thông tin - Máy tính - Dữ liệu - AI,train
BVH:7520207HK,BVH,7520207HK,Kỹ thuật Truyền thông Hàng không vũ trụ,7520207,bao_chi,standard,,A00;A01;X06;X26,A00,,https://diemthi.vnexpress.net/tra-cuu-dai-hoc/loadbenchmark/id/351/year/2026/sortby/1/block_name/-1,Học viện Công nghệ Bưu chính Viễn thông,Hà Nội,2026,21.17,confirmed_2_sources,1,,29600000.0,29600000.0,estimated,Báo chí - Truyền thông - Quan hệ công chúng,train
BVH:7520216,BVH,7520216,Ngành Kỹ thuật điều khiển và Tự động hóa,7520216,ky_thuat,standard,,A00;A01;X06;X26,A00,,https://diemthi.vnexpress.net/tra-cuu-dai-hoc/loadbenchmark/id/351/year/2026/sortby/1/block_name/-1,Học viện Công nghệ Bưu chính Viễn thông,Hà Nội,2026,26.91,confirmed_2_sources,4,,29600000.0,37600000.0,observed,"Kỹ thuật - Công nghệ (cơ khí, điện, điện tử, ô tô, tự động hóa, vật liệu)",train
BVH:7520216UR,BVH,7520216UR,UAV và Robot di động tự hành,7520216,cntt,standard,,A00;A01;X06;X26,A00,,https://diemthi.vnexpress.net/tra-cuu-dai-hoc/loadbenchmark/id/351/year/2026/sortby/1/block_name/-1,Học viện Công nghệ Bưu chính Viễn thông,Hà Nội,2026,23.14,confirmed_2_sources,1,,29600000.0,29600000.0,estimated,Công nghệ thông tin - Máy tính - Dữ liệu - AI,train
BVH:8480101TN,BVH,8480101TN,Khoa học máy tính,,cntt,standard,,A00;A01;X06;X26,A00,,https://diemthi.vnexpress.net/tra-cuu-dai-hoc/loadbenchmark/id/351/year/2026/sortby/1/block_name/-1,Học viện Công nghệ Bưu chính Viễn thông,Hà Nội,2026,24.25,confirmed_2_sources,1,,29600000.0,29600000.0,estimated,Công nghệ thông tin - Máy tính - Dữ liệu - AI,train
BVH:8480104 TN,BVH,8480104 TN,Hệ thống thông tin,,cntt,standard,,A00;A01;X06;X26,A00,,https://diemthi.vnexpress.net/tra-cuu-dai-hoc/loadbenchmark/id/351/year/2026/sortby/1/block_name/-1,Học viện Công nghệ Bưu chính Viễn thông,Hà Nội,2026,24.4,single_source,1,,29600000.0,29600000.0,estimated,Công nghệ thông tin - Máy tính - Dữ liệu - AI,train
BVH:8480202 TN,BVH,8480202 TN,An toàn thông tin,7480202,cntt,standard,,A00;A01;X06;X26,A00,,https://diemthi.vnexpress.net/tra-cuu-dai-hoc/loadbenchmark/id/351/year/2026/sortby/1/block_name/-1,Học viện Công nghệ Bưu chính Viễn thông,Hà Nội,2026,23.75,single_source,1,,29600000.0,29600000.0,estimated,Công nghệ thông tin - Máy tính - Dữ liệu - AI,train
BVH:8520203 TN,BVH,8520203 TN,Kỹ thuật điện tử,,ky_thuat,standard,,A00;A01;X06;X26,A00,,https://diemthi.vnexpress.net/tra-cuu-dai-hoc/loadbenchmark/id/351/year/2026/sortby/1/block_name/-1,Học viện Công nghệ Bưu chính Viễn thông,Hà Nội,2026,24.0,single_source,1,,29600000.0,29600000.0,estimated,"Kỹ thuật - Công nghệ (cơ khí, điện, điện tử, ô tô, tự động hóa, vật liệu)",train
BVH:8520208 TN,BVH,8520208 TN,Kỹ thuật viễn thông,,ky_thuat,standard,,A00;A01;X06;X26,A00,,https://diemthi.vnexpress.net/tra-cuu-dai-hoc/loadbenchmark/id/351/year/2026/sortby/1/block_name/-1,Học viện Công nghệ Bưu chính Viễn thông,Hà Nội,2026,23.72,single_source,1,,29600000.0,29600000.0,estimated,"Kỹ thuật - Công nghệ (cơ khí, điện, điện tử, ô tô, tự động hóa, vật liệu)",train
BVS:7320104,BVS,7320104,Truyền thông đa phương tiện,7320104,bao_chi,standard,,A00;A01;D01;X06;X26,A00,,https://diemthi.vnexpress.net/tra-cuu-dai-hoc/loadbenchmark/id/252/year/2026/sortby/1/block_name/-1,Học viện Công nghệ Bưu chính Viễn thông - Cơ sở 2,TP. Hồ Chí Minh,2026,24.0,confirmed_2_sources,2,90.0,29600000.0,37600000.0,observed,Báo chí - Truyền thông - Quan hệ công chúng,train
BVS:7329001,BVS,7329001,Công nghệ đa phương tiện,7329001,ky_thuat,standard,,A00;A01;D01;X06;X26,A00,,https://diemthi.vnexpress.net/tra-cuu-dai-hoc/loadbenchmark/id/252/year/2026/sortby/1/block_name/-1,Học viện Công nghệ Bưu chính Viễn thông - Cơ sở 2,TP. Hồ Chí Minh,2026,20.0,confirmed_2_sources,9,155.0,29600000.0,37600000.0,observed,"Kỹ thuật - Công nghệ (cơ khí, điện, điện tử, ô tô, tự động hóa, vật liệu)",train
BVS:7340101,BVS,7340101,Quản trị Kinh doanh,7340101,kinh_te,standard,,A00;A01;D01;X06;X26,A00,,https://diemthi.vnexpress.net/tra-cuu-dai-hoc/loadbenchmark/id/252/year/2026/sortby/1/block_name/-1,Học viện Công nghệ Bưu chính Viễn thông - Cơ sở 2,TP. Hồ Chí Minh,2026,16.6,confirmed_2_sources,9,130.0,29600000.0,37600000.0,observed,Kinh tế - Kinh doanh - Quản trị - Marketing - Thương mại,train
BVS:7340115,BVS,7340115,Marketing,7340115,kinh_te,standard,,A00;A01;D01;X06;X26,A00,,https://diemthi.vnexpress.net/tra-cuu-dai-hoc/loadbenchmark/id/252/year/2026/sortby/1/block_name/-1,Học viện Công nghệ Bưu chính Viễn thông - Cơ sở 2,TP. Hồ Chí Minh,2026,16.75,confirmed_2_sources,9,115.0,29600000.0,37600000.0,observed,Kinh tế - Kinh doanh - Quản trị - Marketing - Thương mại,train
BVS:7340115CL,BVS,7340115CL,Marketing CLC,7340115,kinh_te,high_quality,,A00;A01;D01;X06;X26,A00,,https://diemthi.vnexpress.net/tra-cuu-dai-hoc/loadbenchmark/id/252/year/2026/sortby/1/block_name/-1,Học viện Công nghệ Bưu chính Viễn thông - Cơ sở 2,TP. Hồ Chí Minh,2026,16.6,disputed,1,80.0,29600000.0,29600000.0,estimated,Kinh tế - Kinh doanh - Quản trị - Marketing - Thương mại,train
BVS:7340205,BVS,7340205,Công nghệ tài chính,7340205,tai_chinh,standard,,A00;A01;D01;X06;X26,A00,,https://diemthi.vnexpress.net/tra-cuu-dai-hoc/loadbenchmark/id/252/year/2026/sortby/1/block_name/-1,Học viện Công nghệ Bưu chính Viễn thông - Cơ sở 2,TP. Hồ Chí Minh,2026,17.0,confirmed_2_sources,1,115.0,29600000.0,29600000.0,estimated,Tài chính - Ngân hàng - Kế toán - Kiểm toán - Bảo hiểm,train
BVS:7340301,BVS,7340301,Kế toán,7340301,tai_chinh,standard,,A00;A01;D01;X06;X26,A00,,https://diemthi.vnexpress.net/tra-cuu-dai-hoc/loadbenchmark/id/252/year/2026/sortby/1/block_name/-1,Học viện Công nghệ Bưu chính Viễn thông - Cơ sở 2,TP. Hồ Chí Minh,2026,16.5,confirmed_2_sources,9,60.0,29600000.0,37600000.0,observed,Tài chính - Ngân hàng - Kế toán - Kiểm toán - Bảo hiểm,train
BVS:7480102,BVS,7480102,Mạng máy tính và truyền thông dữ liệu,7480102,bao_chi,standard,,A00;A01;X06;X26,A00,,https://diemthi.vnexpress.net/tra-cuu-dai-hoc/loadbenchmark/id/252/year/2026/sortby/1/block_name/-1,Học viện Công nghệ Bưu chính Viễn thông - Cơ sở 2,TP. Hồ Chí Minh,2026,16.6,disputed,1,110.0,29600000.0,29600000.0,estimated,Báo chí - Truyền thông - Quan hệ công chúng,train
BVS:7480107,BVS,7480107,Trí tuệ nhân tạo,7480107,cntt,standard,,A00;A01;X06;X26,A00,,https://diemthi.vnexpress.net/tra-cuu-dai-hoc/loadbenchmark/id/252/year/2026/sortby/1/block_name/-1,Học viện Công nghệ Bưu chính Viễn thông - Cơ sở 2,TP. Hồ Chí Minh,2026,17.0,confirmed_2_sources,1,115.0,29600000.0,29600000.0,estimated,Công nghệ thông tin - Máy tính - Dữ liệu - AI,train
BVS:7480201,BVS,7480201,Công nghệ thông tin,7480201,cntt,standard,,A00;A01;X06;X26,A00,,https://diemthi.vnexpress.net/tra-cuu-dai-hoc/loadbenchmark/id/252/year/2026/sortby/1/block_name/-1,Học viện Công nghệ Bưu chính Viễn thông - Cơ sở 2,TP. Hồ Chí Minh,2026,17.0,confirmed_2_sources,9,280.0,29600000.0,37600000.0,observed,Công nghệ thông tin - Máy tính - Dữ liệu - AI,train
BVS:7480201CL,BVS,7480201CL,Công nghệ thông tin CLC,7480201,cntt,high_quality,,A00;A01;X06;X26,A00,,https://diemthi.vnexpress.net/tra-cuu-dai-hoc/loadbenchmark/id/252/year/2026/sortby/1/block_name/-1,Học viện Công nghệ Bưu chính Viễn thông - Cơ sở 2,TP. Hồ Chí Minh,2026,16.6,confirmed_2_sources,1,120.0,29600000.0,29600000.0,estimated,Công nghệ thông tin - Máy tính - Dữ liệu - AI,train
BVS:7480202,BVS,7480202,An toàn thông tin,7480202,cntt,standard,,A00;A01;X06;X26,A00,,https://diemthi.vnexpress.net/tra-cuu-dai-hoc/loadbenchmark/id/252/year/2026/sortby/1/block_name/-1,Học viện Công nghệ Bưu chính Viễn thông - Cơ sở 2,TP. Hồ Chí Minh,2026,23.2,confirmed_2_sources,9,80.0,29600000.0,37600000.0,observed,Công nghệ thông tin - Máy tính - Dữ liệu - AI,train
BVS:7480202CL,BVS,7480202CL,An toàn thông tin CLC,7480202,cntt,high_quality,,A00;A01;X06;X26,A00,,https://diemthi.vnexpress.net/tra-cuu-dai-hoc/loadbenchmark/id/252/year/2026/sortby/1/block_name/-1,Học viện Công nghệ Bưu chính Viễn thông - Cơ sở 2,TP. Hồ Chí Minh,2026,20.0,confirmed_2_sources,1,40.0,29600000.0,29600000.0,estimated,Công nghệ thông tin - Máy tính - Dữ liệu - AI,train
BVS:7510301,BVS,7510301,"Công nghệ kỹ thuật điện, điện tử",7510301,ky_thuat,standard,,A00;A01;X06;X26,A00,,https://diemthi.vnexpress.net/tra-cuu-dai-hoc/loadbenchmark/id/252/year/2026/sortby/1/block_name/-1,Học viện Công nghệ Bưu chính Viễn thông - Cơ sở 2,TP. Hồ Chí Minh,2026,19.05,confirmed_2_sources,9,75.0,29600000.0,37600000.0,observed,"Kỹ thuật - Công nghệ (cơ khí, điện, điện tử, ô tô, tự động hóa, vật liệu)",train
BVS:7510301_VM,BVS,7510301_VM,Công nghệ vi mạch bán dẫn,7510301,cntt,standard,,A00;A01;X06;X26,A00,,https://diemthi.vnexpress.net/tra-cuu-dai-hoc/loadbenchmark/id/252/year/2026/sortby/1/block_name/-1,Học viện Công nghệ Bưu chính Viễn thông - Cơ sở 2,TP. Hồ Chí Minh,2026,22.75,single_source,1,60.0,29600000.0,29600000.0,estimated,Công nghệ thông tin - Máy tính - Dữ liệu - AI,train
BVS:7520207,BVS,7520207,Ngành Kỹ thuật điện tử truyền thông,7520207,bao_chi,standard,,A00;A01;X06;X26,A00,,https://diemthi.vnexpress.net/tra-cuu-dai-hoc/loadbenchmark/id/252/year/2026/sortby/1/block_name/-1,Học viện Công nghệ Bưu chính Viễn thông - Cơ sở 2,TP. Hồ Chí Minh,2026,16.6,confirmed_2_sources,9,160.0,29600000.0,37600000.0,observed,Báo chí - Truyền thông - Quan hệ công chúng,train
BVS:7520208,BVS,7520208,Công nghệ Internet vạn vật,7520208,ky_thuat,standard,,A00;A01;X06;X26,A00,,https://diemthi.vnexpress.net/tra-cuu-dai-hoc/loadbenchmark/id/252/year/2026/sortby/1/block_name/-1,Học viện Công nghệ Bưu chính Viễn thông - Cơ sở 2,TP. Hồ Chí Minh,2026,16.6,disputed,5,110.0,29600000.0,37600000.0,observed,"Kỹ thuật - Công nghệ (cơ khí, điện, điện tử, ô tô, tự động hóa, vật liệu)",train
BVS:7520216,BVS,7520216,Ngành Kỹ thuật điều khiển và Tự động hóa,7520216,ky_thuat,standard,,A00;A01;X06;X26,A00,,https://diemthi.vnexpress.net/tra-cuu-dai-hoc/loadbenchmark/id/252/year/2026/sortby/1/block_name/-1,Học viện Công nghệ Bưu chính Viễn thông - Cơ sở 2,TP. Hồ Chí Minh,2026,18.5,confirmed_2_sources,6,135.0,29600000.0,37600000.0,observed,"Kỹ thuật - Công nghệ (cơ khí, điện, điện tử, ô tô, tự động hóa, vật liệu)",train
BVS:8480104 TN,BVS,8480104 TN,Hệ thống thông tin,,cntt,standard,,A00;A01;X06;X26,A00,,https://diemthi.vnexpress.net/tra-cuu-dai-hoc/loadbenchmark/id/252/year/2026/sortby/1/block_name/-1,Học viện Công nghệ Bưu chính Viễn thông - Cơ sở 2,TP. Hồ Chí Minh,2026,23.5,single_source,1,,29600000.0,29600000.0,estimated,Công nghệ thông tin - Máy tính - Dữ liệu - AI,train
DCN:7210404,DCN,7210404,Thiết kế thời trang,7210404,thiet_ke,standard,,C01;C03;C04;D01;A00;A01;D14,C01,,https://diemthi.vnexpress.net/tra-cuu-dai-hoc/loadbenchmark/id/356/year/2026/sortby/1/block_name/-1,Trường Đại học Công nghiệp Hà Nội,Hà Nội,2026,21.6,confirmed_2_sources,9,60.0,25000000.0,31000000.0,observed,Thiết kế - Nghệ thuật - Sáng tạo số,val
DCN:7220201,DCN,7220201,Ngôn ngữ Anh,7220201,ngon_ngu,standard,,D01,D01,,https://diemthi.vnexpress.net/tra-cuu-dai-hoc/loadbenchmark/id/356/year/2026/sortby/1/block_name/-1,Trường Đại học Công nghiệp Hà Nội,Hà Nội,2026,20.5,confirmed_2_sources,9,200.0,25000000.0,31000000.0,observed,Ngôn ngữ - Văn hóa - Quốc tế học,val
DCN:7220204,DCN,7220204,Ngôn ngữ Trung Quốc,7220204,ngon_ngu,standard,,D01;D04,D01,,https://diemthi.vnexpress.net/tra-cuu-dai-hoc/loadbenchmark/id/356/year/2026/sortby/1/block_name/-1,Trường Đại học Công nghiệp Hà Nội,Hà Nội,2026,23.72,confirmed_2_sources,8,150.0,25000000.0,31000000.0,observed,Ngôn ngữ - Văn hóa - Quốc tế học,val
DCN:7220204LK,DCN,7220204LK,Ngôn ngữ Trung Quốc (Chương trình liên kết đào tạo 2+2 với ĐH Khoa học kỹ thuật Quảng Tây - Trung Quốc),7220204,ngon_ngu,international,,D01;D04,D01,"Học bằng tiếng Anh (thường cần trình độ tiếng Anh tốt, có thể yêu cầu IELTS/chứng chỉ khi nhập học) | Chương trình liên kết/quốc tế: học phí cao hơn chương trình chuẩn",https://diemthi.vnexpress.net/tra-cuu-dai-hoc/loadbenchmark/id/356/year/2026/sortby/1/block_name/-1,Trường Đại học Công nghiệp Hà Nội,Hà Nội,2026,24.49,confirmed_2_sources,3,30.0,25000000.0,25000000.0,estimated,Ngôn ngữ - Văn hóa - Quốc tế học,val
DCN:7220209,DCN,7220209,Ngôn ngữ Nhật,7220209,ngon_ngu,standard,,D01;D06,D01,,https://diemthi.vnexpress.net/tra-cuu-dai-hoc/loadbenchmark/id/356/year/2026/sortby/1/block_name/-1,Trường Đại học Công nghiệp Hà Nội,Hà Nội,2026,18.25,confirmed_2_sources,6,70.0,25000000.0,31000000.0,observed,Ngôn ngữ - Văn hóa - Quốc tế học,val
DCN:7220210,DCN,7220210,Ngôn ngữ Hàn Quốc,7220210,ngon_ngu,standard,,D01,D01,,https://diemthi.vnexpress.net/tra-cuu-dai-hoc/loadbenchmark/id/356/year/2026/sortby/1/block_name/-1,Trường Đại học Công nghiệp Hà Nội,Hà Nội,2026,21.0,confirmed_2_sources,7,70.0,25000000.0,31000000.0,observed,Ngôn ngữ - Văn hóa - Quốc tế học,val
DCN:7229020,DCN,7229020,Ngôn ngữ học,7229020,ngon_ngu,standard,,D01;D14;C00,D01,,https://diemthi.vnexpress.net/tra-cuu-dai-hoc/loadbenchmark/id/356/year/2026/sortby/1/block_name/-1,Trường Đại học Công nghiệp Hà Nội,Hà Nội,2026,18.25,confirmed_2_sources,4,50.0,25000000.0,31000000.0,observed,Ngôn ngữ - Văn hóa - Quốc tế học,val
DCN:7310104,DCN,7310104,Kinh tế đầu tư,7310104,tai_chinh,standard,,A01;D01;X25;A00,A01,,https://diemthi.vnexpress.net/tra-cuu-dai-hoc/loadbenchmark/id/356/year/2026/sortby/1/block_name/-1,Trường Đại học Công nghiệp Hà Nội,Hà Nội,2026,20.5,confirmed_2_sources,8,60.0,25000000.0,31000000.0,observed,Tài chính - Ngân hàng - Kế toán - Kiểm toán - Bảo hiểm,val
DCN:7310612,DCN,7310612,Trung Quốc học,7310612,ngon_ngu,standard,,D01;D04,D01,,https://diemthi.vnexpress.net/tra-cuu-dai-hoc/loadbenchmark/id/356/year/2026/sortby/1/block_name/-1,Trường Đại học Công nghiệp Hà Nội,Hà Nội,2026,19.75,confirmed_2_sources,4,50.0,25000000.0,31000000.0,observed,Ngôn ngữ - Văn hóa - Quốc tế học,val
DCN:7340101,DCN,7340101,Quản trị Kinh doanh,7340101,kinh_te,standard,,A01;D01;X25;A00,A01,,https://diemthi.vnexpress.net/tra-cuu-dai-hoc/loadbenchmark/id/356/year/2026/sortby/1/block_name/-1,Trường Đại học Công nghiệp Hà Nội,Hà Nội,2026,19.0,confirmed_2_sources,8,260.0,25000000.0,31000000.0,observed,Kinh tế - Kinh doanh - Quản trị - Marketing - Thương mại,val
DCN:73401012,DCN,73401012,Phân tích dữ liệu kinh doanh,7340101,cntt,standard,,A01;D01;X25,A01,,https://diemthi.vnexpress.net/tra-cuu-dai-hoc/loadbenchmark/id/356/year/2026/sortby/1/block_name/-1,Trường Đại học Công nghiệp Hà Nội,Hà Nội,2026,17.25,confirmed_2_sources,1,120.0,25000000.0,31000000.0,observed,Công nghệ thông tin - Máy tính - Dữ liệu - AI,val
DCN:7340101TA,DCN,7340101TA,Quản trị kinh doanh (Đào tạo bằng tiếng Anh),7340101,ngon_ngu,standard,,A01;D01;X25;A00;X06;X07,A01,"Học bằng tiếng Anh (thường cần trình độ tiếng Anh tốt, có thể yêu cầu IELTS/chứng chỉ khi nhập học)",https://diemthi.vnexpress.net/tra-cuu-dai-hoc/loadbenchmark/id/356/year/2026/sortby/1/block_name/-1,Trường Đại học Công nghiệp Hà Nội,Hà Nội,2026,17.0,single_source,1,40.0,36000000.0,44000000.0,observed,Ngôn ngữ - Văn hóa - Quốc tế học,val
DCN:7340115,DCN,7340115,Marketing,7340115,kinh_te,standard,,A01;D01;X25;A00,A01,,https://diemthi.vnexpress.net/tra-cuu-dai-hoc/loadbenchmark/id/356/year/2026/sortby/1/block_name/-1,Trường Đại học Công nghiệp Hà Nội,Hà Nội,2026,21.0,confirmed_2_sources,8,120.0,25000000.0,31000000.0,observed,Kinh tế - Kinh doanh - Quản trị - Marketing - Thương mại,val
DCN:7340115TA,DCN,7340115TA,Marketing (CTĐT bằng Tiếng Anh),7340115,ngon_ngu,standard,,A01;D01;X25;A00;X06;X07,A01,"Học bằng tiếng Anh (thường cần trình độ tiếng Anh tốt, có thể yêu cầu IELTS/chứng chỉ khi nhập học)",https://diemthi.vnexpress.net/tra-cuu-dai-hoc/loadbenchmark/id/356/year/2026/sortby/1/block_name/-1,Trường Đại học Công nghiệp Hà Nội,Hà Nội,2026,17.0,single_source,1,40.0,36000000.0,44000000.0,observed,Ngôn ngữ - Văn hóa - Quốc tế học,val
DCN:7340201,DCN,7340201,Tài chính – Ngân hàng,7340201,tai_chinh,standard,,A01;D01;X25;A00,A01,,https://diemthi.vnexpress.net/tra-cuu-dai-hoc/loadbenchmark/id/356/year/2026/sortby/1/block_name/-1,Trường Đại học Công nghiệp Hà Nội,Hà Nội,2026,19.0,confirmed_2_sources,8,180.0,25000000.0,31000000.0,observed,Tài chính - Ngân hàng - Kế toán - Kiểm toán - Bảo hiểm,val
DCN:7340201TA,DCN,7340201TA,Tài chính - Ngân hàng (CTĐT bằng Tiếng Anh),7340201,tai_chinh,standard,,A01;D01;X25;A00;X06;X07,A01,"Học bằng tiếng Anh (thường cần trình độ tiếng Anh tốt, có thể yêu cầu IELTS/chứng chỉ khi nhập học)",https://diemthi.vnexpress.net/tra-cuu-dai-hoc/loadbenchmark/id/356/year/2026/sortby/1/block_name/-1,Trường Đại học Công nghiệp Hà Nội,Hà Nội,2026,17.75,single_source,1,40.0,36000000.0,44000000.0,observed,Tài chính - Ngân hàng - Kế toán - Kiểm toán - Bảo hiểm,val
DCN:7340301,DCN,7340301,Kế toán,7340301,tai_chinh,standard,,A01;D01;X25;A00,A01,,https://diemthi.vnexpress.net/tra-cuu-dai-hoc/loadbenchmark/id/356/year/2026/sortby/1/block_name/-1,Trường Đại học Công nghiệp Hà Nội,Hà Nội,2026,19.0,confirmed_2_sources,8,460.0,25000000.0,31000000.0,observed,Tài chính - Ngân hàng - Kế toán - Kiểm toán - Bảo hiểm,val
DCN:7340301TA,DCN,7340301TA,Kế toán đào tạo bằng tiếng Anh,7340301,tai_chinh,standard,,A01;D01;X25;A00;X06;X07,A01,"Học bằng tiếng Anh (thường cần trình độ tiếng Anh tốt, có thể yêu cầu IELTS/chứng chỉ khi nhập học)",https://diemthi.vnexpress.net/tra-cuu-dai-hoc/loadbenchmark/id/356/year/2026/sortby/1/block_name/-1,Trường Đại học Công nghiệp Hà Nội,Hà Nội,2026,18.75,single_source,2,40.0,36000000.0,44000000.0,observed,Tài chính - Ngân hàng - Kế toán - Kiểm toán - Bảo hiểm,val
DCN:7340302,DCN,7340302,Kiểm toán,7340302,tai_chinh,standard,,A01;D01;X25;A00,A01,,https://diemthi.vnexpress.net/tra-cuu-dai-hoc/loadbenchmark/id/356/year/2026/sortby/1/block_name/-1,Trường Đại học Công nghiệp Hà Nội,Hà Nội,2026,17.75,confirmed_2_sources,5,120.0,25000000.0,31000000.0,observed,Tài chính - Ngân hàng - Kế toán - Kiểm toán - Bảo hiểm,val
DCN:7340404,DCN,7340404,Quản trị nhân lực,7340404,kinh_te,standard,,A01;D01;X25;A00,A01,,https://diemthi.vnexpress.net/tra-cuu-dai-hoc/loadbenchmark/id/356/year/2026/sortby/1/block_name/-1,Trường Đại học Công nghiệp Hà Nội,Hà Nội,2026,20.75,confirmed_2_sources,8,120.0,25000000.0,31000000.0,observed,Kinh tế - Kinh doanh - Quản trị - Marketing - Thương mại,val
DCN:7340406,DCN,7340406,Quản trị văn phòng,7340406,kinh_te,standard,,A01;D01;X25;A00,A01,,https://diemthi.vnexpress.net/tra-cuu-dai-hoc/loadbenchmark/id/356/year/2026/sortby/1/block_name/-1,Trường Đại học Công nghiệp Hà Nội,Hà Nội,2026,17.0,confirmed_2_sources,8,120.0,25000000.0,31000000.0,observed,Kinh tế - Kinh doanh - Quản trị - Marketing - Thương mại,val
DCN:7420201,DCN,7420201,Công nghệ sinh học,7420201,sinh_hoa,standard,,A02;B00;B03;D08,A02,,https://diemthi.vnexpress.net/tra-cuu-dai-hoc/loadbenchmark/id/356/year/2026/sortby/1/block_name/-1,Trường Đại học Công nghiệp Hà Nội,Hà Nội,2026,17.35,confirmed_2_sources,1,50.0,25000000.0,31000000.0,observed,Sinh học - Hóa học - Công nghệ sinh học - Thực phẩm,val
DCN:7480101,DCN,7480101,Khoa học máy tính,7480101,cntt,standard,,A00;A01;X06;X07;D01,A00,,https://diemthi.vnexpress.net/tra-cuu-dai-hoc/loadbenchmark/id/356/year/2026/sortby/1/block_name/-1,Trường Đại học Công nghiệp Hà Nội,Hà Nội,2026,22.0,confirmed_2_sources,5,120.0,25000000.0,31000000.0,observed,Công nghệ thông tin - Máy tính - Dữ liệu - AI,val
DCN:74801012,DCN,74801012,Trí tuệ nhân tạo,7480101,cntt,standard,,A00;A01;X06;X07,A00,,https://diemthi.vnexpress.net/tra-cuu-dai-hoc/loadbenchmark/id/356/year/2026/sortby/1/block_name/-1,Trường Đại học Công nghiệp Hà Nội,Hà Nội,2026,22.5,confirmed_2_sources,1,60.0,25000000.0,31000000.0,observed,Công nghệ thông tin - Máy tính - Dữ liệu - AI,val
DCN:7480101TA,DCN,7480101TA,Khoa học máy tính (CTĐT bằng Tiếng Anh),7480101,cntt,standard,,A00;A01;X06;X07,A00,"Học bằng tiếng Anh (thường cần trình độ tiếng Anh tốt, có thể yêu cầu IELTS/chứng chỉ khi nhập học)",https://diemthi.vnexpress.net/tra-cuu-dai-hoc/loadbenchmark/id/356/year/2026/sortby/1/block_name/-1,Trường Đại học Công nghiệp Hà Nội,Hà Nội,2026,18.0,single_source,2,40.0,36000000.0,44000000.0,observed,Công nghệ thông tin - Máy tính - Dữ liệu - AI,val
DCN:7480102,DCN,7480102,Mạng máy tính và truyền thông dữ liệu,7480102,bao_chi,standard,,A00;A01;X06;X07,A00,,https://diemthi.vnexpress.net/tra-cuu-dai-hoc/loadbenchmark/id/356/year/2026/sortby/1/block_name/-1,Trường Đại học Công nghiệp Hà Nội,Hà Nội,2026,20.5,confirmed_2_sources,8,70.0,25000000.0,31000000.0,observed,Báo chí - Truyền thông - Quan hệ công chúng,val
DCN:7480103,DCN,7480103,Kỹ thuật phần mềm,7480103,cntt,standard,,A00;A01;X06;X07,A00,,https://diemthi.vnexpress.net/tra-cuu-dai-hoc/loadbenchmark/id/356/year/2026/sortby/1/block_name/-1,Trường Đại học Công nghiệp Hà Nội,Hà Nội,2026,20.85,confirmed_2_sources,8,240.0,25000000.0,31000000.0,observed,Công nghệ thông tin - Máy tính - Dữ liệu - AI,val
DCN:7480104,DCN,7480104,Hệ thống thông tin,7480104,cntt,standard,,A00;A01;X06;X07,A00,,https://diemthi.vnexpress.net/tra-cuu-dai-hoc/loadbenchmark/id/356/year/2026/sortby/1/block_name/-1,Trường Đại học Công nghiệp Hà Nội,Hà Nội,2026,21.0,confirmed_2_sources,8,120.0,25000000.0,31000000.0,observed,Công nghệ thông tin - Máy tính - Dữ liệu - AI,val
DCN:7480108,DCN,7480108,Công nghệ kỹ thuật máy tính,7480108,cntt,standard,,A00;A01;X06;X07,A00,,https://diemthi.vnexpress.net/tra-cuu-dai-hoc/loadbenchmark/id/356/year/2026/sortby/1/block_name/-1,Trường Đại học Công nghiệp Hà Nội,Hà Nội,2026,22.75,confirmed_2_sources,7,120.0,25000000.0,31000000.0,observed,Công nghệ thông tin - Máy tính - Dữ liệu - AI,val
DCN:74801081,DCN,74801081,Vi mạch bán dẫn,7480108,cntt,standard,,A00;A01;X06;X07,A00,,https://diemthi.vnexpress.net/tra-cuu-dai-hoc/loadbenchmark/id/356/year/2026/sortby/1/block_name/-1,Trường Đại học Công nghiệp Hà Nội,Hà Nội,2026,24.68,confirmed_2_sources,1,100.0,25000000.0,31000000.0,observed,Công nghệ thông tin - Máy tính - Dữ liệu - AI,val
DCN:7480201,DCN,7480201,Công nghệ thông tin,7480201,cntt,standard,,A00;A01;X06;X07,A00,,https://diemthi.vnexpress.net/tra-cuu-dai-hoc/loadbenchmark/id/356/year/2026/sortby/1/block_name/-1,Trường Đại học Công nghiệp Hà Nội,Hà Nội,2026,22.0,confirmed_2_sources,8,300.0,25000000.0,31000000.0,observed,Công nghệ thông tin - Máy tính - Dữ liệu - AI,val
DCN:74802012,DCN,74802012,Công nghệ đa phương tiện,7480201,ky_thuat,standard,,A00;A01;X06;X07,A00,,https://diemthi.vnexpress.net/tra-cuu-dai-hoc/loadbenchmark/id/356/year/2026/sortby/1/block_name/-1,Trường Đại học Công nghiệp Hà Nội,Hà Nội,2026,19.5,confirmed_2_sources,2,60.0,25000000.0,31000000.0,observed,"Kỹ thuật - Công nghệ (cơ khí, điện, điện tử, ô tô, tự động hóa, vật liệu)",val
DCN:7480201TA,DCN,7480201TA,Công nghệ thông tin (CTĐT bằng Tiếng Anh),7480201,cntt,standard,,A00;A01;X06;X07,A00,"Học bằng tiếng Anh (thường cần trình độ tiếng Anh tốt, có thể yêu cầu IELTS/chứng chỉ khi nhập học)",https://diemthi.vnexpress.net/tra-cuu-dai-hoc/loadbenchmark/id/356/year/2026/sortby/1/block_name/-1,Trường Đại học Công nghiệp Hà Nội,Hà Nội,2026,17.35,single_source,1,40.0,36000000.0,44000000.0,observed,Công nghệ thông tin - Máy tính - Dữ liệu - AI,val
DCN:7480202,DCN,7480202,An toàn thông tin,7480202,cntt,standard,,A00;A01;X06;X07,A00,,https://diemthi.vnexpress.net/tra-cuu-dai-hoc/loadbenchmark/id/356/year/2026/sortby/1/block_name/-1,Trường Đại học Công nghiệp Hà Nội,Hà Nội,2026,23.7,confirmed_2_sources,2,60.0,25000000.0,31000000.0,observed,Công nghệ thông tin - Máy tính - Dữ liệu - AI,val
DCN:7510201,DCN,7510201,Công nghệ kỹ thuật cơ khí chuyên ngành Cơ khí chế tạo,7510201,ky_thuat,standard,,A00;A01;X06;X07,A00,,https://diemthi.vnexpress.net/tra-cuu-dai-hoc/loadbenchmark/id/356/year/2026/sortby/1/block_name/-1,Trường Đại học Công nghiệp Hà Nội,Hà Nội,2026,24.68,confirmed_2_sources,8,360.0,25000000.0,31000000.0,observed,"Kỹ thuật - Công nghệ (cơ khí, điện, điện tử, ô tô, tự động hóa, vật liệu)",val
DCN:75102012,DCN,75102012,Công nghệ kỹ thuật khuôn mẫu,7510201,ky_thuat,standard,,A00;A01;X06;X07,A00,,https://diemthi.vnexpress.net/tra-cuu-dai-hoc/loadbenchmark/id/356/year/2026/sortby/1/block_name/-1,Trường Đại học Công nghiệp Hà Nội,Hà Nội,2026,23.0,confirmed_2_sources,2,60.0,25000000.0,31000000.0,observed,"Kỹ thuật - Công nghệ (cơ khí, điện, điện tử, ô tô, tự động hóa, vật liệu)",val
DCN:75102013,DCN,75102013,Thiết kế cơ khí và kiểu dáng công nghiệp,7510201,thiet_ke,standard,,A00;A01;X06;X07,A00,,https://diemthi.vnexpress.net/tra-cuu-dai-hoc/loadbenchmark/id/356/year/2026/sortby/1/block_name/-1,Trường Đại học Công nghiệp Hà Nội,Hà Nội,2026,22.25,confirmed_2_sources,2,60.0,25000000.0,31000000.0,observed,Thiết kế - Nghệ thuật - Sáng tạo số,val
DCN:7510201TA,DCN,7510201TA,Công nghệ kỹ thuật cơ khí (CTĐT bằng Tiếng Anh),7510201,ngon_ngu,standard,,A00;A01;X06;X07,A00,"Học bằng tiếng Anh (thường cần trình độ tiếng Anh tốt, có thể yêu cầu IELTS/chứng chỉ khi nhập học)",https://diemthi.vnexpress.net/tra-cuu-dai-hoc/loadbenchmark/id/356/year/2026/sortby/1/block_name/-1,Trường Đại học Công nghiệp Hà Nội,Hà Nội,2026,21.25,single_source,2,40.0,36000000.0,44000000.0,observed,Ngôn ngữ - Văn hóa - Quốc tế học,val
DCN:7510203,DCN,7510203,Công nghệ kỹ thuật cơ điện tử,7510203,ky_thuat,standard,,A00;A01;X06;X07,A00,,https://diemthi.vnexpress.net/tra-cuu-dai-hoc/loadbenchmark/id/356/year/2026/sortby/1/block_name/-1,Trường Đại học Công nghiệp Hà Nội,Hà Nội,2026,26.5,confirmed_2_sources,8,280.0,25000000.0,31000000.0,observed,"Kỹ thuật - Công nghệ (cơ khí, điện, điện tử, ô tô, tự động hóa, vật liệu)",val
DCN:75102032,DCN,75102032,Robot và trí tuệ nhân tạo,7510203,cntt,standard,,A00;A01;X06;X07,A00,,https://diemthi.vnexpress.net/tra-cuu-dai-hoc/loadbenchmark/id/356/year/2026/sortby/1/block_name/-1,Trường Đại học Công nghiệp Hà Nội,Hà Nội,2026,25.65,confirmed_2_sources,1,60.0,25000000.0,31000000.0,observed,Công nghệ thông tin - Máy tính - Dữ liệu - AI,val
DCN:75102033,DCN,75102033,Công nghệ kỹ thuật cơ điện tử ô tô,7510203,ky_thuat,standard,,A00;A01;X06;X07,A00,,https://diemthi.vnexpress.net/tra-cuu-dai-hoc/loadbenchmark/id/356/year/2026/sortby/1/block_name/-1,Trường Đại học Công nghiệp Hà Nội,Hà Nội,2026,25.05,confirmed_2_sources,2,40.0,25000000.0,31000000.0,observed,"Kỹ thuật - Công nghệ (cơ khí, điện, điện tử, ô tô, tự động hóa, vật liệu)",val
DCN:7510203TA,DCN,7510203TA,Công nghệ kỹ thuật cơ điện tử (CTĐT bằng Tiếng Anh),7510203,ngon_ngu,standard,,A00;A01;X06;X07,A00,"Học bằng tiếng Anh (thường cần trình độ tiếng Anh tốt, có thể yêu cầu IELTS/chứng chỉ khi nhập học)",https://diemthi.vnexpress.net/tra-cuu-dai-hoc/loadbenchmark/id/356/year/2026/sortby/1/block_name/-1,Trường Đại học Công nghiệp Hà Nội,Hà Nội,2026,23.0,single_source,1,60.0,36000000.0,44000000.0,observed,Ngôn ngữ - Văn hóa - Quốc tế học,val
DCN:7510205,DCN,7510205,Công nghệ kỹ thuật ô tô,7510205,ky_thuat,standard,,A00;A01;X06;X07,A00,,https://diemthi.vnexpress.net/tra-cuu-dai-hoc/loadbenchmark/id/356/year/2026/sortby/1/block_name/-1,Trường Đại học Công nghiệp Hà Nội,Hà Nội,2026,22.75,confirmed_2_sources,8,360.0,25000000.0,31000000.0,observed,"Kỹ thuật - Công nghệ (cơ khí, điện, điện tử, ô tô, tự động hóa, vật liệu)",val
DCN:7510205TA,DCN,7510205TA,Công nghệ kỹ thuật ô tô (CTĐT bằng Tiếng Anh),7510205,ngon_ngu,standard,,A00;A01;X06;X07,A00,"Học bằng tiếng Anh (thường cần trình độ tiếng Anh tốt, có thể yêu cầu IELTS/chứng chỉ khi nhập học)",https://diemthi.vnexpress.net/tra-cuu-dai-hoc/loadbenchmark/id/356/year/2026/sortby/1/block_name/-1,Trường Đại học Công nghiệp Hà Nội,Hà Nội,2026,19.5,single_source,2,40.0,36000000.0,44000000.0,observed,Ngôn ngữ - Văn hóa - Quốc tế học,val
DCN:7510206,DCN,7510206,Công nghệ kỹ thuật nhiệt,7510206,ky_thuat,standard,,A00;A01;X06;X07,A00,,https://diemthi.vnexpress.net/tra-cuu-dai-hoc/loadbenchmark/id/356/year/2026/sortby/1/block_name/-1,Trường Đại học Công nghiệp Hà Nội,Hà Nội,2026,23.47,confirmed_2_sources,6,120.0,25000000.0,31000000.0,observed,"Kỹ thuật - Công nghệ (cơ khí, điện, điện tử, ô tô, tự động hóa, vật liệu)",val
DCN:7510301,DCN,7510301,"Công nghệ kỹ thuật điện, điện tử",7510301,ky_thuat,standard,,A00;A01;X06;X07,A00,,https://diemthi.vnexpress.net/tra-cuu-dai-hoc/loadbenchmark/id/356/year/2026/sortby/1/block_name/-1,Trường Đại học Công nghiệp Hà Nội,Hà Nội,2026,25.14,confirmed_2_sources,8,420.0,25000000.0,31000000.0,observed,"Kỹ thuật - Công nghệ (cơ khí, điện, điện tử, ô tô, tự động hóa, vật liệu)",val
DCN:7510301TA,DCN,7510301TA,"Công nghệ kỹ thuật điện, điện tử (CTĐT bằng Tiếng Anh)",7510301,ngon_ngu,standard,,A00;A01;X06;X07,A00,"Học bằng tiếng Anh (thường cần trình độ tiếng Anh tốt, có thể yêu cầu IELTS/chứng chỉ khi nhập học)",https://diemthi.vnexpress.net/tra-cuu-dai-hoc/loadbenchmark/id/356/year/2026/sortby/1/block_name/-1,Trường Đại học Công nghiệp Hà Nội,Hà Nội,2026,21.75,single_source,2,40.0,36000000.0,44000000.0,observed,Ngôn ngữ - Văn hóa - Quốc tế học,val
DCN:7510302,DCN,7510302,Điện tử - viễn thông,7510302,ky_thuat,standard,,A00;A01;X06;X07,A00,,https://diemthi.vnexpress.net/tra-cuu-dai-hoc/loadbenchmark/id/356/year/2026/sortby/1/block_name/-1,Trường Đại học Công nghiệp Hà Nội,Hà Nội,2026,23.47,confirmed_2_sources,8,480.0,25000000.0,31000000.0,observed,"Kỹ thuật - Công nghệ (cơ khí, điện, điện tử, ô tô, tự động hóa, vật liệu)",val
DCN:75103021,DCN,75103021,Công nghệ kỹ thuật điện tử y sinh,7510302,ky_thuat,standard,,A00;A01;X06;X07,A00,,https://diemthi.vnexpress.net/tra-cuu-dai-hoc/loadbenchmark/id/356/year/2026/sortby/1/block_name/-1,Trường Đại học Công nghiệp Hà Nội,Hà Nội,2026,20.85,confirmed_2_sources,4,60.0,25000000.0,31000000.0,observed,"Kỹ thuật - Công nghệ (cơ khí, điện, điện tử, ô tô, tự động hóa, vật liệu)",val
DCN:7510302TA,DCN,7510302TA,Công nghệ kỹ thuật điện tử - viễn thông (CTĐT bằng Tiếng Anh),7510302,ngon_ngu,standard,,A00;A01;X06;X07,A00,"Học bằng tiếng Anh (thường cần trình độ tiếng Anh tốt, có thể yêu cầu IELTS/chứng chỉ khi nhập học)",https://diemthi.vnexpress.net/tra-cuu-dai-hoc/loadbenchmark/id/356/year/2026/sortby/1/block_name/-1,Trường Đại học Công nghiệp Hà Nội,Hà Nội,2026,19.85,single_source,2,40.0,36000000.0,44000000.0,observed,Ngôn ngữ - Văn hóa - Quốc tế học,val
DCN:7510303,DCN,7510303,Công nghệ kỹ thuật điều khiển và tự động hóa,7510303,ky_thuat,standard,,A00;A01;X06;X07,A00,,https://diemthi.vnexpress.net/tra-cuu-dai-hoc/loadbenchmark/id/356/year/2026/sortby/1/block_name/-1,Trường Đại học Công nghiệp Hà Nội,Hà Nội,2026,27.39,confirmed_2_sources,8,300.0,25000000.0,31000000.0,observed,"Kỹ thuật - Công nghệ (cơ khí, điện, điện tử, ô tô, tự động hóa, vật liệu)",val
DCN:75103031,DCN,75103031,Kỹ thuật sản xuất thông minh,7510303,ky_thuat,standard,,A00;A01;X06;X07,A00,,https://diemthi.vnexpress.net/tra-cuu-dai-hoc/loadbenchmark/id/356/year/2026/sortby/1/block_name/-1,Trường Đại học Công nghiệp Hà Nội,Hà Nội,2026,23.23,confirmed_2_sources,4,60.0,25000000.0,31000000.0,observed,"Kỹ thuật - Công nghệ (cơ khí, điện, điện tử, ô tô, tự động hóa, vật liệu)",val
DCN:7510401,DCN,7510401,Công nghệ kỹ thuật hoá học,7510401,sinh_hoa,standard,,A00;B00;C02;D07;A01;X06;X07,A00,,https://diemthi.vnexpress.net/tra-cuu-dai-hoc/loadbenchmark/id/356/year/2026/sortby/1/block_name/-1,Trường Đại học Công nghiệp Hà Nội,Hà Nội,2026,22.25,confirmed_2_sources,8,180.0,25000000.0,31000000.0,observed,Sinh học - Hóa học - Công nghệ sinh học - Thực phẩm,val
DCN:7510402,DCN,7510402,Công nghệ vật liệu,7510402,ky_thuat,standard,,A00;B00;C02;D07,A00,,https://diemthi.vnexpress.net/tra-cuu-dai-hoc/loadbenchmark/id/356/year/2026/sortby/1/block_name/-1,Trường Đại học Công nghiệp Hà Nội,Hà Nội,2026,20.85,confirmed_2_sources,1,40.0,25000000.0,31000000.0,observed,"Kỹ thuật - Công nghệ (cơ khí, điện, điện tử, ô tô, tự động hóa, vật liệu)",val
DCN:7510406,DCN,7510406,Công nghệ kỹ thuật Môi trường,7510406,nong_lam_mt,standard,,A00;B00;C02;D07;A01;X06;X07,A00,,https://diemthi.vnexpress.net/tra-cuu-dai-hoc/loadbenchmark/id/356/year/2026/sortby/1/block_name/-1,Trường Đại học Công nghiệp Hà Nội,Hà Nội,2026,19.5,confirmed_2_sources,8,50.0,25000000.0,31000000.0,observed,Nông - Lâm - Thủy sản - Môi trường - Tài nguyên,val
DCN:7510605,DCN,7510605,Logistics và Quản lý chuỗi cung ứng,7510605,du_lich,standard,,A01;D01;X25;A00;B00,A01,,https://diemthi.vnexpress.net/tra-cuu-dai-hoc/loadbenchmark/id/356/year/2026/sortby/1/block_name/-1,Trường Đại học Công nghiệp Hà Nội,Hà Nội,2026,23.48,confirmed_2_sources,6,120.0,25000000.0,31000000.0,observed,Du lịch - Khách sạn - Logistics - Hàng không - Dịch vụ,val
DCN:75190071,DCN,75190071,Năng lượng tái tạo,7519007,ky_thuat,standard,,A00;A01;X06;X07,A00,,https://diemthi.vnexpress.net/tra-cuu-dai-hoc/loadbenchmark/id/356/year/2026/sortby/1/block_name/-1,Trường Đại học Công nghiệp Hà Nội,Hà Nội,2026,21.25,confirmed_2_sources,4,60.0,25000000.0,31000000.0,observed,"Kỹ thuật - Công nghệ (cơ khí, điện, điện tử, ô tô, tự động hóa, vật liệu)",val
DCN:7520116,DCN,7520116,Kỹ thuật cơ khí động lực,7520116,ky_thuat,standard,,A00;A01;X06;X07;B00;D07,A00,,https://diemthi.vnexpress.net/tra-cuu-dai-hoc/loadbenchmark/id/356/year/2026/sortby/1/block_name/-1,Trường Đại học Công nghiệp Hà Nội,Hà Nội,2026,23.75,confirmed_2_sources,4,60.0,25000000.0,31000000.0,observed,"Kỹ thuật - Công nghệ (cơ khí, điện, điện tử, ô tô, tự động hóa, vật liệu)",val
DCN:75201162,DCN,75201162,Kỹ thuật ô tô và năng lượng mới,7520116,ky_thuat,standard,,A00;A01;X06;X07,A00,,https://diemthi.vnexpress.net/tra-cuu-dai-hoc/loadbenchmark/id/356/year/2026/sortby/1/block_name/-1,Trường Đại học Công nghiệp Hà Nội,Hà Nội,2026,23.1,single_source,1,40.0,25000000.0,31000000.0,observed,"Kỹ thuật - Công nghệ (cơ khí, điện, điện tử, ô tô, tự động hóa, vật liệu)",val
DCN:7520118,DCN,7520118,Kỹ thuật hệ thống công nghiệp,7520118,ky_thuat,standard,,A00;A01;X06;X07,A00,,https://diemthi.vnexpress.net/tra-cuu-dai-hoc/loadbenchmark/id/356/year/2026/sortby/1/block_name/-1,Trường Đại học Công nghiệp Hà Nội,Hà Nội,2026,22.75,confirmed_2_sources,7,60.0,25000000.0,31000000.0,observed,"Kỹ thuật - Công nghệ (cơ khí, điện, điện tử, ô tô, tự động hóa, vật liệu)",val
DCN:7540101,DCN,7540101,Công nghệ thực phẩm,7540101,sinh_hoa,standard,,A00;B00;C02;D07,A00,,https://diemthi.vnexpress.net/tra-cuu-dai-hoc/loadbenchmark/id/356/year/2026/sortby/1/block_name/-1,Trường Đại học Công nghiệp Hà Nội,Hà Nội,2026,21.5,confirmed_2_sources,8,120.0,25000000.0,31000000.0,observed,Sinh học - Hóa học - Công nghệ sinh học - Thực phẩm,val
DCN:7540203,DCN,7540203,Công nghệ vật liệu dệt. may,7540203,ky_thuat,standard,,A00;A01;A02;X05;D01;X27,A00,,https://diemthi.vnexpress.net/tra-cuu-dai-hoc/loadbenchmark/id/356/year/2026/sortby/1/block_name/-1,Trường Đại học Công nghiệp Hà Nội,Hà Nội,2026,17.0,confirmed_2_sources,7,50.0,25000000.0,31000000.0,observed,"Kỹ thuật - Công nghệ (cơ khí, điện, điện tử, ô tô, tự động hóa, vật liệu)",val
DCN:7540204,DCN,7540204,Công nghệ may,7540204,ky_thuat,standard,,A00;A01;A02;X05;D01;X27,A00,,https://diemthi.vnexpress.net/tra-cuu-dai-hoc/loadbenchmark/id/356/year/2026/sortby/1/block_name/-1,Trường Đại học Công nghiệp Hà Nội,Hà Nội,2026,17.0,confirmed_2_sources,8,180.0,25000000.0,31000000.0,observed,"Kỹ thuật - Công nghệ (cơ khí, điện, điện tử, ô tô, tự động hóa, vật liệu)",val
DCN:7720203,DCN,7720203,Hoá dược,7720203,y_duoc,standard,,A00;B00;C02;D07,A00,Khối sức khỏe: có ngưỡng điểm sàn của Bộ,https://diemthi.vnexpress.net/tra-cuu-dai-hoc/loadbenchmark/id/356/year/2026/sortby/1/block_name/-1,Trường Đại học Công nghiệp Hà Nội,Hà Nội,2026,22.25,confirmed_2_sources,4,60.0,25000000.0,31000000.0,observed,Y - Dược - Điều dưỡng - Sức khỏe,val
DCN:7810101,DCN,7810101,Du lịch,7810101,du_lich,standard,,D01;D14;D15;C00,D01,,https://diemthi.vnexpress.net/tra-cuu-dai-hoc/loadbenchmark/id/356/year/2026/sortby/1/block_name/-1,Trường Đại học Công nghiệp Hà Nội,Hà Nội,2026,17.0,confirmed_2_sources,8,140.0,25000000.0,31000000.0,observed,Du lịch - Khách sạn - Logistics - Hàng không - Dịch vụ,val
DCN:7810101TA,DCN,7810101TA,Du lịch (CTĐT bằng Tiếng Anh),7810101,du_lich,standard,,D01;D14;D15;A00;A01;X06;X07,D01,"Học bằng tiếng Anh (thường cần trình độ tiếng Anh tốt, có thể yêu cầu IELTS/chứng chỉ khi nhập học)",https://diemthi.vnexpress.net/tra-cuu-dai-hoc/loadbenchmark/id/356/year/2026/sortby/1/block_name/-1,Trường Đại học Công nghiệp Hà Nội,Hà Nội,2026,17.6,single_source,2,40.0,36000000.0,44000000.0,observed,Du lịch - Khách sạn - Logistics - Hàng không - Dịch vụ,val
DCN:7810103,DCN,7810103,Quản trị dịch vụ du lịch và lữ hành,7810103,du_lich,standard,,D01;D14;D15;A01,D01,,https://diemthi.vnexpress.net/tra-cuu-dai-hoc/loadbenchmark/id/356/year/2026/sortby/1/block_name/-1,Trường Đại học Công nghiệp Hà Nội,Hà Nội,2026,17.85,confirmed_2_sources,8,130.0,25000000.0,31000000.0,observed,Du lịch - Khách sạn - Logistics - Hàng không - Dịch vụ,val
DCN:7810103TA,DCN,7810103TA,Quản trị dịch vụ du lịch và lữ hành (CTĐT bằng Tiếng Anh),7810103,du_lich,standard,,D01;D14;D15;A00;A01;X06;X07,D01,"Học bằng tiếng Anh (thường cần trình độ tiếng Anh tốt, có thể yêu cầu IELTS/chứng chỉ khi nhập học)",https://diemthi.vnexpress.net/tra-cuu-dai-hoc/loadbenchmark/id/356/year/2026/sortby/1/block_name/-1,Trường Đại học Công nghiệp Hà Nội,Hà Nội,2026,17.0,single_source,2,60.0,36000000.0,44000000.0,observed,Du lịch - Khách sạn - Logistics - Hàng không - Dịch vụ,val
DCN:7810201,DCN,7810201,Quản trị khách sạn,7810201,du_lich,standard,,D01;D14;D15;A00;A01,D01,,https://diemthi.vnexpress.net/tra-cuu-dai-hoc/loadbenchmark/id/356/year/2026/sortby/1/block_name/-1,Trường Đại học Công nghiệp Hà Nội,Hà Nội,2026,17.0,confirmed_2_sources,8,130.0,25000000.0,31000000.0,observed,Du lịch - Khách sạn - Logistics - Hàng không - Dịch vụ,val
DCN:7810201TA,DCN,7810201TA,Quản trị khách sạn (CTĐT bằng Tiếng Anh),7810201,du_lich,standard,,D01;D14;D15;A00;A01;X06;X07,D01,"Học bằng tiếng Anh (thường cần trình độ tiếng Anh tốt, có thể yêu cầu IELTS/chứng chỉ khi nhập học)",https://diemthi.vnexpress.net/tra-cuu-dai-hoc/loadbenchmark/id/356/year/2026/sortby/1/block_name/-1,Trường Đại học Công nghiệp Hà Nội,Hà Nội,2026,17.5,single_source,2,40.0,36000000.0,44000000.0,observed,Du lịch - Khách sạn - Logistics - Hàng không - Dịch vụ,val
DCN:7810202,DCN,7810202,Quản trị nhà hàng và dịch vụ ăn uống,7810202,du_lich,standard,,D01;D14;D15;A01,D01,,https://diemthi.vnexpress.net/tra-cuu-dai-hoc/loadbenchmark/id/356/year/2026/sortby/1/block_name/-1,Trường Đại học Công nghiệp Hà Nội,Hà Nội,2026,17.0,confirmed_2_sources,4,60.0,25000000.0,31000000.0,observed,Du lịch - Khách sạn - Logistics - Hàng không - Dịch vụ,val
DCN:7810202TA,DCN,7810202TA,Quản trị nhà hàng và dịch vụ ăn uống (CTĐT bằng Tiếng Anh),7810202,du_lich,standard,,D01;D14;D15;A00;A01;X06;X07,D01,"Học bằng tiếng Anh (thường cần trình độ tiếng Anh tốt, có thể yêu cầu IELTS/chứng chỉ khi nhập học)",https://diemthi.vnexpress.net/tra-cuu-dai-hoc/loadbenchmark/id/356/year/2026/sortby/1/block_name/-1,Trường Đại học Công nghiệp Hà Nội,Hà Nội,2026,17.35,single_source,2,20.0,36000000.0,44000000.0,observed,Du lịch - Khách sạn - Logistics - Hàng không - Dịch vụ,val
DCT:7220201,DCT,7220201,Ngôn ngữ Anh,7220201,ngon_ngu,standard,,D01;A01;D09;D14;D10,D01,,https://diemthi.vnexpress.net/tra-cuu-dai-hoc/loadbenchmark/id/255/year/2026/sortby/1/block_name/-1,Trường Đại học Công Thương Tp.HCM,TP. Hồ Chí Minh,2026,22.5,confirmed_2_sources,6,,,,missing,Ngôn ngữ - Văn hóa - Quốc tế học,train
DCT:7220204,DCT,7220204,Ngôn ngữ Trung Quốc,7220204,ngon_ngu,standard,,D01;A01;D09;D14;D10,D01,,https://diemthi.vnexpress.net/tra-cuu-dai-hoc/loadbenchmark/id/255/year/2026/sortby/1/block_name/-1,Trường Đại học Công Thương Tp.HCM,TP. Hồ Chí Minh,2026,22.5,confirmed_2_sources,6,,,,missing,Ngôn ngữ - Văn hóa - Quốc tế học,train
DCT:7340101,DCT,7340101,Quản trị Kinh doanh,7340101,kinh_te,standard,,D01;A01;C01;A00;D10,D01,,https://diemthi.vnexpress.net/tra-cuu-dai-hoc/loadbenchmark/id/255/year/2026/sortby/1/block_name/-1,Trường Đại học Công Thương Tp.HCM,TP. Hồ Chí Minh,2026,20.5,confirmed_2_sources,5,,,,missing,Kinh tế - Kinh doanh - Quản trị - Marketing - Thương mại,train
DCT:7340115,DCT,7340115,Marketing,7340115,kinh_te,standard,,D01;A01;C01;A00;D10,D01,,https://diemthi.vnexpress.net/tra-cuu-dai-hoc/loadbenchmark/id/255/year/2026/sortby/1/block_name/-1,Trường Đại học Công Thương Tp.HCM,TP. Hồ Chí Minh,2026,21.75,confirmed_2_sources,6,,,,missing,Kinh tế - Kinh doanh - Quản trị - Marketing - Thương mại,train
DCT:7340120,DCT,7340120,Ngành Kinh doanh quốc tế,7340120,kinh_te,international,,D01;A01;C01;A00;D10,D01,"Học bằng tiếng Anh (thường cần trình độ tiếng Anh tốt, có thể yêu cầu IELTS/chứng chỉ khi nhập học) | Chương trình liên kết/quốc tế: học phí cao hơn chương trình chuẩn",https://diemthi.vnexpress.net/tra-cuu-dai-hoc/loadbenchmark/id/255/year/2026/sortby/1/block_name/-1,Trường Đại học Công Thương Tp.HCM,TP. Hồ Chí Minh,2026,21.5,confirmed_2_sources,6,,,,missing,Kinh tế - Kinh doanh - Quản trị - Marketing - Thương mại,train
DCT:7340122,DCT,7340122,Thương mại điện tử,7340122,kinh_te,standard,,D01;A01;C01;A00;D10,D01,,https://diemthi.vnexpress.net/tra-cuu-dai-hoc/loadbenchmark/id/255/year/2026/sortby/1/block_name/-1,Trường Đại học Công Thương Tp.HCM,TP. Hồ Chí Minh,2026,21.75,confirmed_2_sources,7,,,,missing,Kinh tế - Kinh doanh - Quản trị - Marketing - Thương mại,train
DCT:7340123,DCT,7340123,Kinh doanh thời trang và Dệt may,7340123,kinh_te,standard,,D01;A01;C01;A00;D10,D01,,https://diemthi.vnexpress.net/tra-cuu-dai-hoc/loadbenchmark/id/255/year/2026/sortby/1/block_name/-1,Trường Đại học Công Thương Tp.HCM,TP. Hồ Chí Minh,2026,18.0,confirmed_2_sources,6,,,,missing,Kinh tế - Kinh doanh - Quản trị - Marketing - Thương mại,train
DCT:7340129,DCT,7340129,Quản trị kinh doanh thực phẩm,7340129,sinh_hoa,standard,,D01;B00;C02;D07;A00;A01;D10,D01,,https://diemthi.vnexpress.net/tra-cuu-dai-hoc/loadbenchmark/id/255/year/2026/sortby/1/block_name/-1,Trường Đại học Công Thương Tp.HCM,TP. Hồ Chí Minh,2026,19.0,confirmed_2_sources,6,,,,missing,Sinh học - Hóa học - Công nghệ sinh học - Thực phẩm,train
DCT:7340201,DCT,7340201,Tài chính – Ngân hàng,7340201,tai_chinh,standard,,D01;A01;C01;A00;D10,D01,,https://diemthi.vnexpress.net/tra-cuu-dai-hoc/loadbenchmark/id/255/year/2026/sortby/1/block_name/-1,Trường Đại học Công Thương Tp.HCM,TP. Hồ Chí Minh,2026,21.0,confirmed_2_sources,6,,,,missing,Tài chính - Ngân hàng - Kế toán - Kiểm toán - Bảo hiểm,train
DCT:7340205,DCT,7340205,Công nghệ tài chính,7340205,tai_chinh,standard,,D01;A01;C01;A00;D07,D01,,https://diemthi.vnexpress.net/tra-cuu-dai-hoc/loadbenchmark/id/255/year/2026/sortby/1/block_name/-1,Trường Đại học Công Thương Tp.HCM,TP. Hồ Chí Minh,2026,19.5,confirmed_2_sources,4,,,,missing,Tài chính - Ngân hàng - Kế toán - Kiểm toán - Bảo hiểm,train
DCT:7340301,DCT,7340301,Kế toán,7340301,tai_chinh,standard,,D01;A01;C01;A00;D10,D01,,https://diemthi.vnexpress.net/tra-cuu-dai-hoc/loadbenchmark/id/255/year/2026/sortby/1/block_name/-1,Trường Đại học Công Thương Tp.HCM,TP. Hồ Chí Minh,2026,21.0,confirmed_2_sources,6,,,,missing,Tài chính - Ngân hàng - Kế toán - Kiểm toán - Bảo hiểm,train
DCT:7380101,DCT,7380101,Ngành Luật,7380101,luat,standard,,D01;C03;X01;C00,D01,,https://diemthi.vnexpress.net/tra-cuu-dai-hoc/loadbenchmark/id/255/year/2026/sortby/1/block_name/-1,Trường Đại học Công Thương Tp.HCM,TP. Hồ Chí Minh,2026,21.25,confirmed_2_sources,2,,,,missing,Luật,train
DCT:7380107,DCT,7380107,Luật kinh tế,7380107,luat,standard,,D01;C03;X01;C00;A00;A01;D15,D01,,https://diemthi.vnexpress.net/tra-cuu-dai-hoc/loadbenchmark/id/255/year/2026/sortby/1/block_name/-1,Trường Đại học Công Thương Tp.HCM,TP. Hồ Chí Minh,2026,21.75,confirmed_2_sources,2,,,,missing,Luật,train
DCT:7420201,DCT,7420201,Công nghệ sinh học,7420201,sinh_hoa,standard,,B00;B08;A00;D07;A01,B00,,https://diemthi.vnexpress.net/tra-cuu-dai-hoc/loadbenchmark/id/255/year/2026/sortby/1/block_name/-1,Trường Đại học Công Thương Tp.HCM,TP. Hồ Chí Minh,2026,19.5,confirmed_2_sources,2,,,,missing,Sinh học - Hóa học - Công nghệ sinh học - Thực phẩm,train
DCT:7460108,DCT,7460108,Khoa học dữ liệu (Data Science),7460108,cntt,standard,,D01;A00;C01;X26;A01;D07,D01,,https://diemthi.vnexpress.net/tra-cuu-dai-hoc/loadbenchmark/id/255/year/2026/sortby/1/block_name/-1,Trường Đại học Công Thương Tp.HCM,TP. Hồ Chí Minh,2026,19.0,confirmed_2_sources,2,,,,missing,Công nghệ thông tin - Máy tính - Dữ liệu - AI,train
DCT:7480107,DCT,7480107,Trí tuệ nhân tạo,7480107,cntt,standard,,D01;A00;C01;X26,D01,,https://diemthi.vnexpress.net/tra-cuu-dai-hoc/loadbenchmark/id/255/year/2026/sortby/1/block_name/-1,Trường Đại học Công Thương Tp.HCM,TP. Hồ Chí Minh,2026,20.5,confirmed_2_sources,1,,,,missing,Công nghệ thông tin - Máy tính - Dữ liệu - AI,train
DCT:7480201,DCT,7480201,Công nghệ thông tin,7480201,cntt,standard,,D01;A00;C01;X26;A01;D07,D01,,https://diemthi.vnexpress.net/tra-cuu-dai-hoc/loadbenchmark/id/255/year/2026/sortby/1/block_name/-1,Trường Đại học Công Thương Tp.HCM,TP. Hồ Chí Minh,2026,20.0,confirmed_2_sources,8,,,,missing,Công nghệ thông tin - Máy tính - Dữ liệu - AI,train
DCT:7480202,DCT,7480202,An toàn thông tin,7480202,cntt,standard,,D01;A00;C01;X26;A01;D07,D01,,https://diemthi.vnexpress.net/tra-cuu-dai-hoc/loadbenchmark/id/255/year/2026/sortby/1/block_name/-1,Trường Đại học Công Thương Tp.HCM,TP. Hồ Chí Minh,2026,19.5,confirmed_2_sources,9,,,,missing,Công nghệ thông tin - Máy tính - Dữ liệu - AI,train
DCT:7510202,DCT,7510202,Công nghệ chế tạo máy,7510202,ky_thuat,standard,,D01;A01;C01;A00;D07,D01,,https://diemthi.vnexpress.net/tra-cuu-dai-hoc/loadbenchmark/id/255/year/2026/sortby/1/block_name/-1,Trường Đại học Công Thương Tp.HCM,TP. Hồ Chí Minh,2026,20.5,confirmed_2_sources,2,,,,missing,"Kỹ thuật - Công nghệ (cơ khí, điện, điện tử, ô tô, tự động hóa, vật liệu)",train
DCT:7510203,DCT,7510203,Công nghệ kỹ thuật cơ điện tử,7510203,ky_thuat,standard,,D01;A01;C01;A00;D07,D01,,https://diemthi.vnexpress.net/tra-cuu-dai-hoc/loadbenchmark/id/255/year/2026/sortby/1/block_name/-1,Trường Đại học Công Thương Tp.HCM,TP. Hồ Chí Minh,2026,22.0,confirmed_2_sources,2,,,,missing,"Kỹ thuật - Công nghệ (cơ khí, điện, điện tử, ô tô, tự động hóa, vật liệu)",train
DCT:7510301,DCT,7510301,"Công nghệ kỹ thuật điện, điện tử",7510301,ky_thuat,standard,,D01;A01;C01;A00;D07,D01,,https://diemthi.vnexpress.net/tra-cuu-dai-hoc/loadbenchmark/id/255/year/2026/sortby/1/block_name/-1,Trường Đại học Công Thương Tp.HCM,TP. Hồ Chí Minh,2026,22.0,confirmed_2_sources,9,,,,missing,"Kỹ thuật - Công nghệ (cơ khí, điện, điện tử, ô tô, tự động hóa, vật liệu)",train
DCT:7510303,DCT,7510303,Công nghệ kỹ thuật điều khiển và tự động hóa,7510303,ky_thuat,standard,,D01;A01;C01;A00;D07,D01,,https://diemthi.vnexpress.net/tra-cuu-dai-hoc/loadbenchmark/id/255/year/2026/sortby/1/block_name/-1,Trường Đại học Công Thương Tp.HCM,TP. Hồ Chí Minh,2026,23.0,confirmed_2_sources,2,,,,missing,"Kỹ thuật - Công nghệ (cơ khí, điện, điện tử, ô tô, tự động hóa, vật liệu)",train
DCT:7510401,DCT,7510401,Công nghệ kỹ thuật hoá học,7510401,sinh_hoa,standard,,B00;B08;A00;D07;A01,B00,,https://diemthi.vnexpress.net/tra-cuu-dai-hoc/loadbenchmark/id/255/year/2026/sortby/1/block_name/-1,Trường Đại học Công Thương Tp.HCM,TP. Hồ Chí Minh,2026,20.25,confirmed_2_sources,6,,,,missing,Sinh học - Hóa học - Công nghệ sinh học - Thực phẩm,train
DCT:7510402,DCT,7510402,Công nghệ vật liệu,7510402,ky_thuat,standard,,B00;B08;A00;D07,B00,,https://diemthi.vnexpress.net/tra-cuu-dai-hoc/loadbenchmark/id/255/year/2026/sortby/1/block_name/-1,Trường Đại học Công Thương Tp.HCM,TP. Hồ Chí Minh,2026,19.0,confirmed_2_sources,4,,,,missing,"Kỹ thuật - Công nghệ (cơ khí, điện, điện tử, ô tô, tự động hóa, vật liệu)",train
DCT:7510406,DCT,7510406,Công nghệ kỹ thuật Môi trường,7510406,nong_lam_mt,standard,,B00;A01;A00;D07,B00,,https://diemthi.vnexpress.net/tra-cuu-dai-hoc/loadbenchmark/id/255/year/2026/sortby/1/block_name/-1,Trường Đại học Công Thương Tp.HCM,TP. Hồ Chí Minh,2026,18.5,confirmed_2_sources,6,,,,missing,Nông - Lâm - Thủy sản - Môi trường - Tài nguyên,train
DCT:7510601,DCT,7510601,Quản lý công nghiệp,7510601,xa_hoi,standard,,D01;A01;C01;A00,D01,,https://diemthi.vnexpress.net/tra-cuu-dai-hoc/loadbenchmark/id/255/year/2026/sortby/1/block_name/-1,Trường Đại học Công Thương Tp.HCM,TP. Hồ Chí Minh,2026,20.5,confirmed_2_sources,1,,,,missing,Khoa học xã hội - Tâm lý - Nhân văn - Chính trị - Hành chính,train
DCT:7510605,DCT,7510605,Logistics và Quản lý chuỗi cung ứng,7510605,du_lich,standard,,D01;A01;C01;A00;D10,D01,,https://diemthi.vnexpress.net/tra-cuu-dai-hoc/loadbenchmark/id/255/year/2026/sortby/1/block_name/-1,Trường Đại học Công Thương Tp.HCM,TP. Hồ Chí Minh,2026,22.5,confirmed_2_sources,3,,,,missing,Du lịch - Khách sạn - Logistics - Hàng không - Dịch vụ,train
DCT:7520115,DCT,7520115,"Kỹ thuật nhiệt (3 chuyên ngành: Kỹ thuật điện lạnh; Máy lạnh, điều hòa không khí và thông gió; Máy lạnh và thiết bị thực phẩm)",7520115,sinh_hoa,standard,,D01;A01;C01;A00;D07,D01,,https://diemthi.vnexpress.net/tra-cuu-dai-hoc/loadbenchmark/id/255/year/2026/sortby/1/block_name/-1,Trường Đại học Công Thương Tp.HCM,TP. Hồ Chí Minh,2026,21.25,confirmed_2_sources,6,,,,missing,Sinh học - Hóa học - Công nghệ sinh học - Thực phẩm,train
DCT:7540101,DCT,7540101,Công nghệ thực phẩm,7540101,sinh_hoa,standard,,B00;B08;A00;D07;A01,B00,,https://diemthi.vnexpress.net/tra-cuu-dai-hoc/loadbenchmark/id/255/year/2026/sortby/1/block_name/-1,Trường Đại học Công Thương Tp.HCM,TP. Hồ Chí Minh,2026,22.0,confirmed_2_sources,6,,,,missing,Sinh học - Hóa học - Công nghệ sinh học - Thực phẩm,train
DCT:7540105,DCT,7540105,Công nghệ chế biến thủy sản,7540105,nong_lam_mt,standard,,B00;B08;A00;D07;A01,B00,,https://diemthi.vnexpress.net/tra-cuu-dai-hoc/loadbenchmark/id/255/year/2026/sortby/1/block_name/-1,Trường Đại học Công Thương Tp.HCM,TP. Hồ Chí Minh,2026,16.0,confirmed_2_sources,6,,,,missing,Nông - Lâm - Thủy sản - Môi trường - Tài nguyên,train
DCT:7540106,DCT,7540106,Đảm bảo chất lượng và an toàn thực phẩm,7540106,sinh_hoa,standard,,B00;B08;A00;D07;A01,B00,,https://diemthi.vnexpress.net/tra-cuu-dai-hoc/loadbenchmark/id/255/year/2026/sortby/1/block_name/-1,Trường Đại học Công Thương Tp.HCM,TP. Hồ Chí Minh,2026,18.0,confirmed_2_sources,3,,,,missing,Sinh học - Hóa học - Công nghệ sinh học - Thực phẩm,train
DCT:7540204,DCT,7540204,Công nghệ may,7540204,ky_thuat,standard,,D01;A01;C01;A00;D07,D01,,https://diemthi.vnexpress.net/tra-cuu-dai-hoc/loadbenchmark/id/255/year/2026/sortby/1/block_name/-1,Trường Đại học Công Thương Tp.HCM,TP. Hồ Chí Minh,2026,18.0,confirmed_2_sources,6,,,,missing,"Kỹ thuật - Công nghệ (cơ khí, điện, điện tử, ô tô, tự động hóa, vật liệu)",train
DCT:7810101,DCT,7810101,Du lịch,7810101,du_lich,standard,,D01;C03;D15;C00,D01,,https://diemthi.vnexpress.net/tra-cuu-dai-hoc/loadbenchmark/id/255/year/2026/sortby/1/block_name/-1,Trường Đại học Công Thương Tp.HCM,TP. Hồ Chí Minh,2026,21.75,confirmed_2_sources,2,,,,missing,Du lịch - Khách sạn - Logistics - Hàng không - Dịch vụ,train
DCT:7810103,DCT,7810103,Quản trị dịch vụ du lịch và lữ hành,7810103,du_lich,standard,,D01;C03;D15;C00;A00;A01,D01,,https://diemthi.vnexpress.net/tra-cuu-dai-hoc/loadbenchmark/id/255/year/2026/sortby/1/block_name/-1,Trường Đại học Công Thương Tp.HCM,TP. Hồ Chí Minh,2026,21.75,confirmed_2_sources,2,,,,missing,Du lịch - Khách sạn - Logistics - Hàng không - Dịch vụ,train
DCT:7810201,DCT,7810201,Quản trị khách sạn,7810201,du_lich,standard,,D01;C03;D15;C00;A00;A01,D01,,https://diemthi.vnexpress.net/tra-cuu-dai-hoc/loadbenchmark/id/255/year/2026/sortby/1/block_name/-1,Trường Đại học Công Thương Tp.HCM,TP. Hồ Chí Minh,2026,21.5,confirmed_2_sources,6,,,,missing,Du lịch - Khách sạn - Logistics - Hàng không - Dịch vụ,train
DCT:7810202,DCT,7810202,Quản trị nhà hàng và dịch vụ ăn uống,7810202,du_lich,standard,,D01;C03;D15;C00;A00;A01,D01,,https://diemthi.vnexpress.net/tra-cuu-dai-hoc/loadbenchmark/id/255/year/2026/sortby/1/block_name/-1,Trường Đại học Công Thương Tp.HCM,TP. Hồ Chí Minh,2026,21.0,confirmed_2_sources,6,,,,missing,Du lịch - Khách sạn - Logistics - Hàng không - Dịch vụ,train
DCT:7819009,DCT,7819009,Khoa học dinh dưỡng và ẩm thực,7819009,y_duoc,standard,,B00;A01;C02;D07;A00,B00,Khối sức khỏe: có ngưỡng điểm sàn của Bộ,https://diemthi.vnexpress.net/tra-cuu-dai-hoc/loadbenchmark/id/255/year/2026/sortby/1/block_name/-1,Trường Đại học Công Thương Tp.HCM,TP. Hồ Chí Minh,2026,19.5,confirmed_2_sources,4,,,,missing,Y - Dược - Điều dưỡng - Sức khỏe,train
DCT:7819010,DCT,7819010,Khoa học chế biến món ăn,7819010,du_lich,standard,,B00;A01;C02;D07;A00,B00,,https://diemthi.vnexpress.net/tra-cuu-dai-hoc/loadbenchmark/id/255/year/2026/sortby/1/block_name/-1,Trường Đại học Công Thương Tp.HCM,TP. Hồ Chí Minh,2026,19.5,confirmed_2_sources,4,,,,missing,Du lịch - Khách sạn - Logistics - Hàng không - Dịch vụ,train
DCT:7850101,DCT,7850101,Quản lý tài nguyên và môi trường,7850101,nong_lam_mt,standard,,B00;A01;A00;D07,B00,,https://diemthi.vnexpress.net/tra-cuu-dai-hoc/loadbenchmark/id/255/year/2026/sortby/1/block_name/-1,Trường Đại học Công Thương Tp.HCM,TP. Hồ Chí Minh,2026,18.0,confirmed_2_sources,6,,,,missing,Nông - Lâm - Thủy sản - Môi trường - Tài nguyên,train
DCT:BL7220204,DCT,BL7220204,Ngôn ngữ Trung Quốc LKĐT ĐH Văn hóa Bắc Kinh,,ngon_ngu,standard,,A00;A01;B00;B08;C00;C01;C02;C03;D01;D07;D09;D14;D15;X01;X26,A00,,https://diemthi.vnexpress.net/tra-cuu-dai-hoc/loadbenchmark/id/255/year/2026/sortby/1/block_name/-1,Trường Đại học Công Thương Tp.HCM,TP. Hồ Chí Minh,2026,20.0,confirmed_2_sources,1,,,,missing,Ngôn ngữ - Văn hóa - Quốc tế học,train
DCT:CU7220204,DCT,CU7220204,"Ngôn ngữ Trung Quốc_LKQT_ĐH Văn hóa Trung Quốc, Đài Loan",,ngon_ngu,standard,,A00;A01;B00;B08;C00;C01;C02;C03;D01;D07;D09;D14;D15;X01;X26,A00,,https://diemthi.vnexpress.net/tra-cuu-dai-hoc/loadbenchmark/id/255/year/2026/sortby/1/block_name/-1,Trường Đại học Công Thương Tp.HCM,TP. Hồ Chí Minh,2026,19.5,confirmed_2_sources,1,,,,missing,Ngôn ngữ - Văn hóa - Quốc tế học,train
DCT:CU7340120,DCT,CU7340120,"Kinh doanh quốc tế_LKQT_ĐH Văn hóa Trung Quốc, Đài Loan",,ngon_ngu,international,,A00;A01;B00;B08;C00;C01;C02;C03;D01;D07;D09;D14;D15;X01;X26,A00,"Học bằng tiếng Anh (thường cần trình độ tiếng Anh tốt, có thể yêu cầu IELTS/chứng chỉ khi nhập học) | Chương trình liên kết/quốc tế: học phí cao hơn chương trình chuẩn",https://diemthi.vnexpress.net/tra-cuu-dai-hoc/loadbenchmark/id/255/year/2026/sortby/1/block_name/-1,Trường Đại học Công Thương Tp.HCM,TP. Hồ Chí Minh,2026,16.0,confirmed_2_sources,1,,,,missing,Ngôn ngữ - Văn hóa - Quốc tế học,train
DCT:LK7220204,DCT,LK7220204,"Ngôn ngữ Trung Quốc - Chương trình liên kết Đại học Ludong, Trung Quốc (LDU).",,ngon_ngu,international,,A00;A01;B00;B08;C00;C01;C02;C03;D01;D07;D09;D14;D15;X01;X26,A00,"Học bằng tiếng Anh (thường cần trình độ tiếng Anh tốt, có thể yêu cầu IELTS/chứng chỉ khi nhập học) | Chương trình liên kết/quốc tế: học phí cao hơn chương trình chuẩn",https://diemthi.vnexpress.net/tra-cuu-dai-hoc/loadbenchmark/id/255/year/2026/sortby/1/block_name/-1,Trường Đại học Công Thương Tp.HCM,TP. Hồ Chí Minh,2026,16.0,confirmed_2_sources,2,,,,missing,Ngôn ngữ - Văn hóa - Quốc tế học,train
DCT:LK7340101,DCT,LK7340101,"Quản trị kinh doanh - Chương trình liên kết Đại học Shinawatra, Thái Lan (SIU).",,kinh_te,international,,A00;A01;B00;B08;C00;C01;C02;C03;D01;D07;D09;D14;D15;X01;X26,A00,"Học bằng tiếng Anh (thường cần trình độ tiếng Anh tốt, có thể yêu cầu IELTS/chứng chỉ khi nhập học) | Chương trình liên kết/quốc tế: học phí cao hơn chương trình chuẩn",https://diemthi.vnexpress.net/tra-cuu-dai-hoc/loadbenchmark/id/255/year/2026/sortby/1/block_name/-1,Trường Đại học Công Thương Tp.HCM,TP. Hồ Chí Minh,2026,16.0,confirmed_2_sources,2,,,,missing,Kinh tế - Kinh doanh - Quản trị - Marketing - Thương mại,train
DDL:7220201,DDL,7220201,Ngôn ngữ Anh,7220201,ngon_ngu,standard,,D01;D09;D10;D14;X78;X25,D01,,https://diemthi.vnexpress.net/tra-cuu-dai-hoc/loadbenchmark/id/358/year/2026/sortby/1/block_name/-1,Trường Đại học Điện lực,Hà Nội,2026,21.0,confirmed_2_sources,2,,,,missing,Ngôn ngữ - Văn hóa - Quốc tế học,test
DDL:7340101,DDL,7340101,Quản trị Kinh doanh,7340101,kinh_te,standard,,A00;A01;D01;D07,A00,,https://diemthi.vnexpress.net/tra-cuu-dai-hoc/loadbenchmark/id/358/year/2026/sortby/1/block_name/-1,Trường Đại học Điện lực,Hà Nội,2026,21.25,confirmed_2_sources,9,,,,missing,Kinh tế - Kinh doanh - Quản trị - Marketing - Thương mại,test
DDL:7340115,DDL,7340115,Marketing,7340115,kinh_te,standard,,A00;A01;D01;D07,A00,,https://diemthi.vnexpress.net/tra-cuu-dai-hoc/loadbenchmark/id/358/year/2026/sortby/1/block_name/-1,Trường Đại học Điện lực,Hà Nội,2026,22.0,confirmed_2_sources,2,,,,missing,Kinh tế - Kinh doanh - Quản trị - Marketing - Thương mại,test
DDL:7340120,DDL,7340120,Ngành Kinh doanh quốc tế,7340120,kinh_te,international,,A00;A01;D01;D07,A00,"Học bằng tiếng Anh (thường cần trình độ tiếng Anh tốt, có thể yêu cầu IELTS/chứng chỉ khi nhập học) | Chương trình liên kết/quốc tế: học phí cao hơn chương trình chuẩn",https://diemthi.vnexpress.net/tra-cuu-dai-hoc/loadbenchmark/id/358/year/2026/sortby/1/block_name/-1,Trường Đại học Điện lực,Hà Nội,2026,16.0,confirmed_2_sources,1,,,,missing,Kinh tế - Kinh doanh - Quản trị - Marketing - Thương mại,test
DDL:7340122,DDL,7340122,Thương mại điện tử,7340122,kinh_te,standard,,A00;A01;D01;D07,A00,,https://diemthi.vnexpress.net/tra-cuu-dai-hoc/loadbenchmark/id/358/year/2026/sortby/1/block_name/-1,Trường Đại học Điện lực,Hà Nội,2026,22.75,confirmed_2_sources,7,,,,missing,Kinh tế - Kinh doanh - Quản trị - Marketing - Thương mại,test
DDL:7340201,DDL,7340201,Tài chính – Ngân hàng,7340201,tai_chinh,standard,,A00;A01;D01;D07,A00,,https://diemthi.vnexpress.net/tra-cuu-dai-hoc/loadbenchmark/id/358/year/2026/sortby/1/block_name/-1,Trường Đại học Điện lực,Hà Nội,2026,21.25,confirmed_2_sources,9,,,,missing,Tài chính - Ngân hàng - Kế toán - Kiểm toán - Bảo hiểm,test
DDL:7340205,DDL,7340205,Công nghệ tài chính,7340205,tai_chinh,standard,,A00;A01;D01;D07,A00,,https://diemthi.vnexpress.net/tra-cuu-dai-hoc/loadbenchmark/id/358/year/2026/sortby/1/block_name/-1,Trường Đại học Điện lực,Hà Nội,2026,20.25,confirmed_2_sources,2,,,,missing,Tài chính - Ngân hàng - Kế toán - Kiểm toán - Bảo hiểm,test
DDL:7340301,DDL,7340301,Kế toán,7340301,tai_chinh,standard,,A00;A01;D01;D07,A00,,https://diemthi.vnexpress.net/tra-cuu-dai-hoc/loadbenchmark/id/358/year/2026/sortby/1/block_name/-1,Trường Đại học Điện lực,Hà Nội,2026,21.5,confirmed_2_sources,9,,,,missing,Tài chính - Ngân hàng - Kế toán - Kiểm toán - Bảo hiểm,test
DDL:7340302,DDL,7340302,Kiểm toán,7340302,tai_chinh,standard,,A00;A01;D01;D07,A00,,https://diemthi.vnexpress.net/tra-cuu-dai-hoc/loadbenchmark/id/358/year/2026/sortby/1/block_name/-1,Trường Đại học Điện lực,Hà Nội,2026,21.0,confirmed_2_sources,9,,,,missing,Tài chính - Ngân hàng - Kế toán - Kiểm toán - Bảo hiểm,test
DDL:7380107,DDL,7380107,Luật kinh tế,7380107,luat,standard,,D01;D09;D10;D14;X78;X25;C00,D01,,https://diemthi.vnexpress.net/tra-cuu-dai-hoc/loadbenchmark/id/358/year/2026/sortby/1/block_name/-1,Trường Đại học Điện lực,Hà Nội,2026,20.5,confirmed_2_sources,2,,,,missing,Luật,test
DDL:7460108,DDL,7460108,Khoa học dữ liệu (Data Science),7460108,cntt,standard,,A00;A01;D01;D07;X02;X56,A00,,https://diemthi.vnexpress.net/tra-cuu-dai-hoc/loadbenchmark/id/358/year/2026/sortby/1/block_name/-1,Trường Đại học Điện lực,Hà Nội,2026,20.25,confirmed_2_sources,2,,,,missing,Công nghệ thông tin - Máy tính - Dữ liệu - AI,test
DDL:7460117,DDL,7460117,Toán tin,7460117,khoa_hoc_tn,standard,,A00;A01;D01;D07;X02;X56,A00,,https://diemthi.vnexpress.net/tra-cuu-dai-hoc/loadbenchmark/id/358/year/2026/sortby/1/block_name/-1,Trường Đại học Điện lực,Hà Nội,2026,19.0,confirmed_2_sources,2,,,,missing,Khoa học tự nhiên - Toán - Vật lý - Thống kê,test
DDL:7480102,DDL,7480102,Mạng máy tính và truyền thông dữ liệu,7480102,bao_chi,standard,,A00;A01;D01;D07,A00,,https://diemthi.vnexpress.net/tra-cuu-dai-hoc/loadbenchmark/id/358/year/2026/sortby/1/block_name/-1,Trường Đại học Điện lực,Hà Nội,2026,16.0,confirmed_2_sources,1,,,,missing,Báo chí - Truyền thông - Quan hệ công chúng,test
DDL:7480106,DDL,7480106,Kỹ thuật máy tính,7480106,cntt,standard,,A00;A01;D01;D07,A00,,https://diemthi.vnexpress.net/tra-cuu-dai-hoc/loadbenchmark/id/358/year/2026/sortby/1/block_name/-1,Trường Đại học Điện lực,Hà Nội,2026,22.0,confirmed_2_sources,2,,,,missing,Công nghệ thông tin - Máy tính - Dữ liệu - AI,test
DDL:7480107,DDL,7480107,Trí tuệ nhân tạo,7480107,cntt,standard,,A00;A01;D01;D07,A00,,https://diemthi.vnexpress.net/tra-cuu-dai-hoc/loadbenchmark/id/358/year/2026/sortby/1/block_name/-1,Trường Đại học Điện lực,Hà Nội,2026,21.0,confirmed_2_sources,2,,,,missing,Công nghệ thông tin - Máy tính - Dữ liệu - AI,test
DDL:7480201,DDL,7480201,Công nghệ thông tin,7480201,cntt,standard,,A00;A01;D01;D07,A00,,https://diemthi.vnexpress.net/tra-cuu-dai-hoc/loadbenchmark/id/358/year/2026/sortby/1/block_name/-1,Trường Đại học Điện lực,Hà Nội,2026,21.35,confirmed_2_sources,8,,,,missing,Công nghệ thông tin - Máy tính - Dữ liệu - AI,test
DDL:7510102,DDL,7510102,Công nghệ kỹ thuật xây dựng dân dụng và công nghiệp,7510102,xay_dung,standard,,A00;A01;D01;D07,A00,,https://diemthi.vnexpress.net/tra-cuu-dai-hoc/loadbenchmark/id/358/year/2026/sortby/1/block_name/-1,Trường Đại học Điện lực,Hà Nội,2026,21.25,confirmed_2_sources,8,,,,missing,Kiến trúc - Xây dựng - Giao thông - Quy hoạch,test
DDL:7510201,DDL,7510201,Công nghệ kỹ thuật cơ khí chuyên ngành Cơ khí chế tạo,7510201,ky_thuat,standard,,A00;A01;D01;D07,A00,,https://diemthi.vnexpress.net/tra-cuu-dai-hoc/loadbenchmark/id/358/year/2026/sortby/1/block_name/-1,Trường Đại học Điện lực,Hà Nội,2026,23.5,confirmed_2_sources,9,,,,missing,"Kỹ thuật - Công nghệ (cơ khí, điện, điện tử, ô tô, tự động hóa, vật liệu)",test
DDL:7510203,DDL,7510203,Công nghệ kỹ thuật cơ điện tử,7510203,ky_thuat,standard,,A00;A01;D01;D07,A00,,https://diemthi.vnexpress.net/tra-cuu-dai-hoc/loadbenchmark/id/358/year/2026/sortby/1/block_name/-1,Trường Đại học Điện lực,Hà Nội,2026,24.25,confirmed_2_sources,7,,,,missing,"Kỹ thuật - Công nghệ (cơ khí, điện, điện tử, ô tô, tự động hóa, vật liệu)",test
DDL:7510205,DDL,7510205,Công nghệ kỹ thuật ô tô,7510205,ky_thuat,standard,,A00;A01;D01;D07,A00,,https://diemthi.vnexpress.net/tra-cuu-dai-hoc/loadbenchmark/id/358/year/2026/sortby/1/block_name/-1,Trường Đại học Điện lực,Hà Nội,2026,23.25,confirmed_2_sources,2,,,,missing,"Kỹ thuật - Công nghệ (cơ khí, điện, điện tử, ô tô, tự động hóa, vật liệu)",test
DDL:7510301,DDL,7510301,"Công nghệ kỹ thuật điện, điện tử",7510301,ky_thuat,standard,,A00;A01;D01;D07,A00,,https://diemthi.vnexpress.net/tra-cuu-dai-hoc/loadbenchmark/id/358/year/2026/sortby/1/block_name/-1,Trường Đại học Điện lực,Hà Nội,2026,24.15,confirmed_2_sources,8,,,,missing,"Kỹ thuật - Công nghệ (cơ khí, điện, điện tử, ô tô, tự động hóa, vật liệu)",test
DDL:7510302,DDL,7510302,Điện tử - viễn thông,7510302,ky_thuat,standard,,A00;A01;D01;D07,A00,,https://diemthi.vnexpress.net/tra-cuu-dai-hoc/loadbenchmark/id/358/year/2026/sortby/1/block_name/-1,Trường Đại học Điện lực,Hà Nội,2026,23.15,confirmed_2_sources,9,,,,missing,"Kỹ thuật - Công nghệ (cơ khí, điện, điện tử, ô tô, tự động hóa, vật liệu)",test
DDL:7510303,DDL,7510303,Công nghệ kỹ thuật điều khiển và tự động hóa,7510303,ky_thuat,standard,,A00;A01;D01;D07,A00,,https://diemthi.vnexpress.net/tra-cuu-dai-hoc/loadbenchmark/id/358/year/2026/sortby/1/block_name/-1,Trường Đại học Điện lực,Hà Nội,2026,24.6,confirmed_2_sources,9,,,,missing,"Kỹ thuật - Công nghệ (cơ khí, điện, điện tử, ô tô, tự động hóa, vật liệu)",test
DDL:7510402,DDL,7510402,Công nghệ vật liệu,7510402,ky_thuat,standard,,A00;A01;A02;B00;D01;D07,A00,,https://diemthi.vnexpress.net/tra-cuu-dai-hoc/loadbenchmark/id/358/year/2026/sortby/1/block_name/-1,Trường Đại học Điện lực,Hà Nội,2026,21.25,confirmed_2_sources,2,,,,missing,"Kỹ thuật - Công nghệ (cơ khí, điện, điện tử, ô tô, tự động hóa, vật liệu)",test
DDL:7510403,DDL,7510403,Công nghệ kỹ thuật năng lượng,7510403,ky_thuat,standard,,A00;A01;A02;B00;D01;D07,A00,,https://diemthi.vnexpress.net/tra-cuu-dai-hoc/loadbenchmark/id/358/year/2026/sortby/1/block_name/-1,Trường Đại học Điện lực,Hà Nội,2026,21.5,confirmed_2_sources,8,,,,missing,"Kỹ thuật - Công nghệ (cơ khí, điện, điện tử, ô tô, tự động hóa, vật liệu)",test
DDL:7510406,DDL,7510406,Công nghệ kỹ thuật Môi trường,7510406,nong_lam_mt,standard,,A00;A01;A02;B00;D01;D07,A00,,https://diemthi.vnexpress.net/tra-cuu-dai-hoc/loadbenchmark/id/358/year/2026/sortby/1/block_name/-1,Trường Đại học Điện lực,Hà Nội,2026,18.25,confirmed_2_sources,9,,,,missing,Nông - Lâm - Thủy sản - Môi trường - Tài nguyên,test
DDL:7510407,DDL,7510407,Công nghệ kỹ thuật hạt nhân,7510407,ky_thuat,standard,,A00;A01;A02;B00;D01;D07,A00,,https://diemthi.vnexpress.net/tra-cuu-dai-hoc/loadbenchmark/id/358/year/2026/sortby/1/block_name/-1,Trường Đại học Điện lực,Hà Nội,2026,21.75,confirmed_2_sources,4,,,,missing,"Kỹ thuật - Công nghệ (cơ khí, điện, điện tử, ô tô, tự động hóa, vật liệu)",test
DDL:7510601,DDL,7510601,Quản lý công nghiệp,7510601,xa_hoi,standard,,A00;A01;D01;D07,A00,,https://diemthi.vnexpress.net/tra-cuu-dai-hoc/loadbenchmark/id/358/year/2026/sortby/1/block_name/-1,Trường Đại học Điện lực,Hà Nội,2026,21.5,confirmed_2_sources,8,,,,missing,Khoa học xã hội - Tâm lý - Nhân văn - Chính trị - Hành chính,test
DDL:7510602,DDL,7510602,Quản lý năng lượng,7510602,kinh_te,standard,,A00;A01;D01;D07,A00,,https://diemthi.vnexpress.net/tra-cuu-dai-hoc/loadbenchmark/id/358/year/2026/sortby/1/block_name/-1,Trường Đại học Điện lực,Hà Nội,2026,19.75,confirmed_2_sources,8,,,,missing,Kinh tế - Kinh doanh - Quản trị - Marketing - Thương mại,test
DDL:7510605,DDL,7510605,Logistics và Quản lý chuỗi cung ứng,7510605,du_lich,standard,,A00;A01;D01;D07,A00,,https://diemthi.vnexpress.net/tra-cuu-dai-hoc/loadbenchmark/id/358/year/2026/sortby/1/block_name/-1,Trường Đại học Điện lực,Hà Nội,2026,23.25,confirmed_2_sources,9,,,,missing,Du lịch - Khách sạn - Logistics - Hàng không - Dịch vụ,test
DDL:7520107,DDL,7520107,Kỹ thuật Robot,7520107,cntt,standard,,A00;A01;D01;D07,A00,,https://diemthi.vnexpress.net/tra-cuu-dai-hoc/loadbenchmark/id/358/year/2026/sortby/1/block_name/-1,Trường Đại học Điện lực,Hà Nội,2026,21.5,confirmed_2_sources,2,,,,missing,Công nghệ thông tin - Máy tính - Dữ liệu - AI,test
DDL:7520115,DDL,7520115,"Kỹ thuật nhiệt (3 chuyên ngành: Kỹ thuật điện lạnh; Máy lạnh, điều hòa không khí và thông gió; Máy lạnh và thiết bị thực phẩm)",7520115,sinh_hoa,standard,,A00;A01;D01;D07;A02;B00,A00,,https://diemthi.vnexpress.net/tra-cuu-dai-hoc/loadbenchmark/id/358/year/2026/sortby/1/block_name/-1,Trường Đại học Điện lực,Hà Nội,2026,22.75,confirmed_2_sources,8,,,,missing,Sinh học - Hóa học - Công nghệ sinh học - Thực phẩm,test
DDL:7520117,DDL,7520117,Kỹ thuật công nghiệp,7520117,ky_thuat,standard,,A00;A01;D01;D07,A00,,https://diemthi.vnexpress.net/tra-cuu-dai-hoc/loadbenchmark/id/358/year/2026/sortby/1/block_name/-1,Trường Đại học Điện lực,Hà Nội,2026,20.0,confirmed_2_sources,1,,,,missing,"Kỹ thuật - Công nghệ (cơ khí, điện, điện tử, ô tô, tự động hóa, vật liệu)",test
DDL:7520118,DDL,7520118,Kỹ thuật hệ thống công nghiệp,7520118,ky_thuat,standard,,A00;A01;D01;D07,A00,,https://diemthi.vnexpress.net/tra-cuu-dai-hoc/loadbenchmark/id/358/year/2026/sortby/1/block_name/-1,Trường Đại học Điện lực,Hà Nội,2026,17.5,confirmed_2_sources,1,,,,missing,"Kỹ thuật - Công nghệ (cơ khí, điện, điện tử, ô tô, tự động hóa, vật liệu)",test
DDL:7520401,DDL,7520401,Vật lý kỹ thuật,7520401,khoa_hoc_tn,standard,,A00;A01;D01;D07;X06;C01,A00,,https://diemthi.vnexpress.net/tra-cuu-dai-hoc/loadbenchmark/id/358/year/2026/sortby/1/block_name/-1,Trường Đại học Điện lực,Hà Nội,2026,16.5,confirmed_2_sources,1,,,,missing,Khoa học tự nhiên - Toán - Vật lý - Thống kê,test
DDL:7580302,DDL,7580302,Quản lý xây dựng,7580302,xay_dung,standard,,A00;A01;D01;D07,A00,,https://diemthi.vnexpress.net/tra-cuu-dai-hoc/loadbenchmark/id/358/year/2026/sortby/1/block_name/-1,Trường Đại học Điện lực,Hà Nội,2026,18.0,confirmed_2_sources,1,,,,missing,Kiến trúc - Xây dựng - Giao thông - Quy hoạch,test
DDL:7810103,DDL,7810103,Quản trị dịch vụ du lịch và lữ hành,7810103,du_lich,standard,,A00;A01;D01;D07,A00,,https://diemthi.vnexpress.net/tra-cuu-dai-hoc/loadbenchmark/id/358/year/2026/sortby/1/block_name/-1,Trường Đại học Điện lực,Hà Nội,2026,20.75,confirmed_2_sources,6,,,,missing,Du lịch - Khách sạn - Logistics - Hàng không - Dịch vụ,test
DDL:7810201,DDL,7810201,Quản trị khách sạn,7810201,du_lich,standard,,A00;A01;D01;D07,A00,,https://diemthi.vnexpress.net/tra-cuu-dai-hoc/loadbenchmark/id/358/year/2026/sortby/1/block_name/-1,Trường Đại học Điện lực,Hà Nội,2026,20.75,confirmed_2_sources,2,,,,missing,Du lịch - Khách sạn - Logistics - Hàng không - Dịch vụ,test
DKC:7210205,DKC,7210205,Thanh nhạc,7210205,thiet_ke,standard,,D01;C00;D14;D15;X78;C03;C04;X01;X02,D01,,https://diemthi.vnexpress.net/tra-cuu-dai-hoc/loadbenchmark/id/256/year/2026/sortby/1/block_name/-1,Trường Đại học Công nghệ Tp. Hồ Chí Minh,TP. Hồ Chí Minh,2026,15.0,confirmed_2_sources,6,,,,missing,Thiết kế - Nghệ thuật - Sáng tạo số,test
DKC:7210302,DKC,7210302,Công nghệ điện ảnh. truyền hình,7210302,bao_chi,standard,,C01;D01;C03;C04;X01;A01;D09;D10;X25;C00;A00;X02,C01,,https://diemthi.vnexpress.net/tra-cuu-dai-hoc/loadbenchmark/id/256/year/2026/sortby/1/block_name/-1,Trường Đại học Công nghệ Tp. Hồ Chí Minh,TP. Hồ Chí Minh,2026,15.0,confirmed_2_sources,5,,,,missing,Báo chí - Truyền thông - Quan hệ công chúng,test
DKC:7210403,DKC,7210403,Thiết kế đồ họa,7210403,thiet_ke,standard,,C01;D01;C03;C04;X01;A01;D09;D10;X25;C00;A00;X02,C01,,https://diemthi.vnexpress.net/tra-cuu-dai-hoc/loadbenchmark/id/256/year/2026/sortby/1/block_name/-1,Trường Đại học Công nghệ Tp. Hồ Chí Minh,TP. Hồ Chí Minh,2026,15.0,confirmed_2_sources,9,,,,missing,Thiết kế - Nghệ thuật - Sáng tạo số,test
DKC:7210404,DKC,7210404,Thiết kế thời trang,7210404,thiet_ke,standard,,C01;D01;C03;C04;X01;A01;D09;D10;X25;C00;A00;X02,C01,,https://diemthi.vnexpress.net/tra-cuu-dai-hoc/loadbenchmark/id/256/year/2026/sortby/1/block_name/-1,Trường Đại học Công nghệ Tp. Hồ Chí Minh,TP. Hồ Chí Minh,2026,15.0,confirmed_2_sources,9,,,,missing,Thiết kế - Nghệ thuật - Sáng tạo số,test
DKC:7210408,DKC,7210408,Nghệ thuật số,7210408,thiet_ke,standard,,C01;D01;C03;C04;X01;A01;D09;D10;X25;C00;A00;X02,C01,,https://diemthi.vnexpress.net/tra-cuu-dai-hoc/loadbenchmark/id/256/year/2026/sortby/1/block_name/-1,Trường Đại học Công nghệ Tp. Hồ Chí Minh,TP. Hồ Chí Minh,2026,15.0,confirmed_2_sources,5,,,,missing,Thiết kế - Nghệ thuật - Sáng tạo số,test
DKC:7220201,DKC,7220201,Ngôn ngữ Anh,7220201,ngon_ngu,standard,,D01;D04;D06;D03;D11;D55;D53;D54;D14;D65;D63;D64;D15;D45;D43;D44;X78;X90;X98;Y03;X86;X79;X99;X87;Y04;C01;C03;C04;C00;A01;D30;D28;D29;X25;X37;X45;X49;X33;X01,D01,,https://diemthi.vnexpress.net/tra-cuu-dai-hoc/loadbenchmark/id/256/year/2026/sortby/1/block_name/-1,Trường Đại học Công nghệ Tp. Hồ Chí Minh,TP. Hồ Chí Minh,2026,15.0,confirmed_2_sources,9,,,,missing,Ngôn ngữ - Văn hóa - Quốc tế học,test
DKC:7220204,DKC,7220204,Ngôn ngữ Trung Quốc,7220204,ngon_ngu,standard,,D01;D04;D06;D03;D11;D55;D53;D54;D14;D65;D63;D64;D15;D45;D43;D44;X78;X90;X98;Y03;X86;X79;X99;X87;Y04;C01;C03;C04;C00;A01;D30;D28;D29;X25;X37;X45;X49;X33;X01,D01,,https://diemthi.vnexpress.net/tra-cuu-dai-hoc/loadbenchmark/id/256/year/2026/sortby/1/block_name/-1,Trường Đại học Công nghệ Tp. Hồ Chí Minh,TP. Hồ Chí Minh,2026,15.0,confirmed_2_sources,8,,,,missing,Ngôn ngữ - Văn hóa - Quốc tế học,test
DKC:7220209,DKC,7220209,Ngôn ngữ Nhật,7220209,ngon_ngu,standard,,D01;D04;D06;D03;D11;D55;D53;D54;D14;D65;D63;D64;D15;D45;D43;D44;X78;X90;X98;Y03;X86;X79;X99;X87;Y04;C01;C03;C04;C00;A01;D30;D28;D29;X25;X37;X45;X49;X33;X01,D01,,https://diemthi.vnexpress.net/tra-cuu-dai-hoc/loadbenchmark/id/256/year/2026/sortby/1/block_name/-1,Trường Đại học Công nghệ Tp. Hồ Chí Minh,TP. Hồ Chí Minh,2026,15.0,confirmed_2_sources,9,,,,missing,Ngôn ngữ - Văn hóa - Quốc tế học,test
DKC:7220210,DKC,7220210,Ngôn ngữ Hàn Quốc,7220210,ngon_ngu,standard,,D01;D04;D06;D03;D11;D55;D53;D54;D14;D65;D63;D64;D15;D45;D43;D44;X78;X90;X98;Y03;X86;X79;X99;X87;Y04;C01;C03;C04;C00;A01;D30;D28;D29;X25;X37;X45;X49;X33;X01,D01,,https://diemthi.vnexpress.net/tra-cuu-dai-hoc/loadbenchmark/id/256/year/2026/sortby/1/block_name/-1,Trường Đại học Công nghệ Tp. Hồ Chí Minh,TP. Hồ Chí Minh,2026,15.0,confirmed_2_sources,8,,,,missing,Ngôn ngữ - Văn hóa - Quốc tế học,test
DKC:7310109,DKC,7310109,Kinh tế số,7310109,kinh_te,standard,,D01;C03;C04;X01;D09;D10;A00;A01;C00;D14;D15;X78;C01;X02,D01,,https://diemthi.vnexpress.net/tra-cuu-dai-hoc/loadbenchmark/id/256/year/2026/sortby/1/block_name/-1,Trường Đại học Công nghệ Tp. Hồ Chí Minh,TP. Hồ Chí Minh,2026,15.0,confirmed_2_sources,3,,,,missing,Kinh tế - Kinh doanh - Quản trị - Marketing - Thương mại,test
DKC:7310401,DKC,7310401,Tâm lý học,7310401,xa_hoi,standard,,D01;C03;C04;X01;D09;D10;A00;A01;C00;D14;D15;X78;C01;X02,D01,,https://diemthi.vnexpress.net/tra-cuu-dai-hoc/loadbenchmark/id/256/year/2026/sortby/1/block_name/-1,Trường Đại học Công nghệ Tp. Hồ Chí Minh,TP. Hồ Chí Minh,2026,15.0,confirmed_2_sources,9,,,,missing,Khoa học xã hội - Tâm lý - Nhân văn - Chính trị - Hành chính,test
DKC:7320104,DKC,7320104,Truyền thông đa phương tiện,7320104,bao_chi,standard,,D01;C03;C04;X01;D09;D10;A00;A01;C00;D14;D15;X78;C01;X02,D01,,https://diemthi.vnexpress.net/tra-cuu-dai-hoc/loadbenchmark/id/256/year/2026/sortby/1/block_name/-1,Trường Đại học Công nghệ Tp. Hồ Chí Minh,TP. Hồ Chí Minh,2026,15.0,confirmed_2_sources,9,,,,missing,Báo chí - Truyền thông - Quan hệ công chúng,test
DKC:7320108,DKC,7320108,Quan hệ công chúng,7320108,bao_chi,standard,,D01;C03;C04;X01;D09;D10;A00;A01;C00;D14;D15;X78;C01;X02,D01,,https://diemthi.vnexpress.net/tra-cuu-dai-hoc/loadbenchmark/id/256/year/2026/sortby/1/block_name/-1,Trường Đại học Công nghệ Tp. Hồ Chí Minh,TP. Hồ Chí Minh,2026,15.0,confirmed_2_sources,6,,,,missing,Báo chí - Truyền thông - Quan hệ công chúng,test
DKC:7340101,DKC,7340101,Quản trị Kinh doanh,7340101,kinh_te,standard,,D01;C03;C04;X01;D09;D10;A00;A01;C00;D14;D15;X78;C01;X02,D01,,https://diemthi.vnexpress.net/tra-cuu-dai-hoc/loadbenchmark/id/256/year/2026/sortby/1/block_name/-1,Trường Đại học Công nghệ Tp. Hồ Chí Minh,TP. Hồ Chí Minh,2026,15.0,confirmed_2_sources,9,,,,missing,Kinh tế - Kinh doanh - Quản trị - Marketing - Thương mại,test
DKC:7340101I1,DKC,7340101I1,Quản trị và pháp chế doanh nghiệp (2),7340101,kinh_te,standard,,D01;C03;C04;X01;D09;D10;A00;A01;C00;D14;D15;X78,D01,,https://diemthi.vnexpress.net/tra-cuu-dai-hoc/loadbenchmark/id/256/year/2026/sortby/1/block_name/-1,Trường Đại học Công nghệ Tp. Hồ Chí Minh,TP. Hồ Chí Minh,2026,15.0,confirmed_2_sources,1,,,,missing,Kinh tế - Kinh doanh - Quản trị - Marketing - Thương mại,test
DKC:7340114,DKC,7340114,Marketing kỹ thuật số,7340114,kinh_te,standard,,D01;C03;C04;X01;D09;D10;A00;A01;C00;D14;D15;X78;C01;X02,D01,,https://diemthi.vnexpress.net/tra-cuu-dai-hoc/loadbenchmark/id/256/year/2026/sortby/1/block_name/-1,Trường Đại học Công nghệ Tp. Hồ Chí Minh,TP. Hồ Chí Minh,2026,15.0,confirmed_2_sources,5,,,,missing,Kinh tế - Kinh doanh - Quản trị - Marketing - Thương mại,test
DKC:7340115,DKC,7340115,Marketing,7340115,kinh_te,standard,,D01;C03;C04;X01;D09;D10;A00;A01;C00;D14;D15;X78;C01;X02,D01,,https://diemthi.vnexpress.net/tra-cuu-dai-hoc/loadbenchmark/id/256/year/2026/sortby/1/block_name/-1,Trường Đại học Công nghệ Tp. Hồ Chí Minh,TP. Hồ Chí Minh,2026,15.0,confirmed_2_sources,9,,,,missing,Kinh tế - Kinh doanh - Quản trị - Marketing - Thương mại,test
DKC:7340115I1,DKC,7340115I1,Marketing và truyền thông sáng tạo (3),7340115,bao_chi,standard,,D01;C03;C04;X01;D09;D10;A00;A01;C00;D14;D15;X78,D01,,https://diemthi.vnexpress.net/tra-cuu-dai-hoc/loadbenchmark/id/256/year/2026/sortby/1/block_name/-1,Trường Đại học Công nghệ Tp. Hồ Chí Minh,TP. Hồ Chí Minh,2026,15.0,confirmed_2_sources,1,,,,missing,Báo chí - Truyền thông - Quan hệ công chúng,test
DKC:7340116,DKC,7340116,Bất động sản,7340116,kinh_te,standard,,D01;C03;C04;X01;D09;D10;A00;A01;C00;D14;D15;X78;C01;X02,D01,,https://diemthi.vnexpress.net/tra-cuu-dai-hoc/loadbenchmark/id/256/year/2026/sortby/1/block_name/-1,Trường Đại học Công nghệ Tp. Hồ Chí Minh,TP. Hồ Chí Minh,2026,15.0,confirmed_2_sources,4,,,,missing,Kinh tế - Kinh doanh - Quản trị - Marketing - Thương mại,test
DKC:7340120,DKC,7340120,Ngành Kinh doanh quốc tế,7340120,kinh_te,international,,D01;C03;C04;X01;D09;D10;A00;A01;C00;D14;D15;X78;C01;X02,D01,"Học bằng tiếng Anh (thường cần trình độ tiếng Anh tốt, có thể yêu cầu IELTS/chứng chỉ khi nhập học) | Chương trình liên kết/quốc tế: học phí cao hơn chương trình chuẩn",https://diemthi.vnexpress.net/tra-cuu-dai-hoc/loadbenchmark/id/256/year/2026/sortby/1/block_name/-1,Trường Đại học Công nghệ Tp. Hồ Chí Minh,TP. Hồ Chí Minh,2026,15.0,confirmed_2_sources,9,,,,missing,Kinh tế - Kinh doanh - Quản trị - Marketing - Thương mại,test
DKC:7340121,DKC,7340121,Kinh doanh thương mại,7340121,kinh_te,standard,,D01;C03;C04;X01;D09;D10;A00;A01;C00;D14;D15;X78;C01;X02,D01,,https://diemthi.vnexpress.net/tra-cuu-dai-hoc/loadbenchmark/id/256/year/2026/sortby/1/block_name/-1,Trường Đại học Công nghệ Tp. Hồ Chí Minh,TP. Hồ Chí Minh,2026,15.0,confirmed_2_sources,7,,,,missing,Kinh tế - Kinh doanh - Quản trị - Marketing - Thương mại,test
DKC:7340122,DKC,7340122,Thương mại điện tử,7340122,kinh_te,standard,,D01;C03;C04;X01;D09;D10;A00;A01;C00;D14;D15;X78;C01;X02,D01,,https://diemthi.vnexpress.net/tra-cuu-dai-hoc/loadbenchmark/id/256/year/2026/sortby/1/block_name/-1,Trường Đại học Công nghệ Tp. Hồ Chí Minh,TP. Hồ Chí Minh,2026,15.0,confirmed_2_sources,7,,,,missing,Kinh tế - Kinh doanh - Quản trị - Marketing - Thương mại,test
DKC:7340201,DKC,7340201,Tài chính – Ngân hàng,7340201,tai_chinh,standard,,D01;C03;C04;X01;D09;D10;A00;A01;C00;D14;D15;X78;C01;X02,D01,,https://diemthi.vnexpress.net/tra-cuu-dai-hoc/loadbenchmark/id/256/year/2026/sortby/1/block_name/-1,Trường Đại học Công nghệ Tp. Hồ Chí Minh,TP. Hồ Chí Minh,2026,15.0,confirmed_2_sources,9,,,,missing,Tài chính - Ngân hàng - Kế toán - Kiểm toán - Bảo hiểm,test
DKC:7340205,DKC,7340205,Công nghệ tài chính,7340205,tai_chinh,standard,,D01;C03;C04;X01;D09;D10;A00;A01;C00;D14;D15;X78;C01;X02,D01,,https://diemthi.vnexpress.net/tra-cuu-dai-hoc/loadbenchmark/id/256/year/2026/sortby/1/block_name/-1,Trường Đại học Công nghệ Tp. Hồ Chí Minh,TP. Hồ Chí Minh,2026,15.0,confirmed_2_sources,3,,,,missing,Tài chính - Ngân hàng - Kế toán - Kiểm toán - Bảo hiểm,test
DKC:7340301,DKC,7340301,Kế toán,7340301,tai_chinh,standard,,D01;C03;C04;X01;D09;D10;A00;A01;C00;D14;D15;X78;C01;X02,D01,,https://diemthi.vnexpress.net/tra-cuu-dai-hoc/loadbenchmark/id/256/year/2026/sortby/1/block_name/-1,Trường Đại học Công nghệ Tp. Hồ Chí Minh,TP. Hồ Chí Minh,2026,15.0,confirmed_2_sources,9,,,,missing,Tài chính - Ngân hàng - Kế toán - Kiểm toán - Bảo hiểm,test
DKC:7340404,DKC,7340404,Quản trị nhân lực,7340404,kinh_te,standard,,D01;C03;C04;X01;D09;D10;A00;A01;C00;D14;D15;X78;C01;X02,D01,,https://diemthi.vnexpress.net/tra-cuu-dai-hoc/loadbenchmark/id/256/year/2026/sortby/1/block_name/-1,Trường Đại học Công nghệ Tp. Hồ Chí Minh,TP. Hồ Chí Minh,2026,15.0,confirmed_2_sources,6,,,,missing,Kinh tế - Kinh doanh - Quản trị - Marketing - Thương mại,test
DKC:7340405,DKC,7340405,Hệ thống thông tin,7340405,cntt,standard,,D01;C03;C04;X01;D09;D10;A00;A01;C00;D14;D15;X78;C01;X02,D01,,https://diemthi.vnexpress.net/tra-cuu-dai-hoc/loadbenchmark/id/256/year/2026/sortby/1/block_name/-1,Trường Đại học Công nghệ Tp. Hồ Chí Minh,TP. Hồ Chí Minh,2026,15.0,confirmed_2_sources,9,,,,missing,Công nghệ thông tin - Máy tính - Dữ liệu - AI,test
DKC:7340412,DKC,7340412,Quản trị sự kiện,7340412,du_lich,standard,,D01;C03;C04;X01;D09;D10;A00;A01;C00;D14;D15;X78;C01;X02,D01,,https://diemthi.vnexpress.net/tra-cuu-dai-hoc/loadbenchmark/id/256/year/2026/sortby/1/block_name/-1,Trường Đại học Công nghệ Tp. Hồ Chí Minh,TP. Hồ Chí Minh,2026,15.0,confirmed_2_sources,5,,,,missing,Du lịch - Khách sạn - Logistics - Hàng không - Dịch vụ,test
DKC:7380101,DKC,7380101,Ngành Luật,7380101,luat,standard,,D01;C03;C04;X01;D09;D10;A00;A01;C00;D14;D15;X78;C01;X02,D01,,https://diemthi.vnexpress.net/tra-cuu-dai-hoc/loadbenchmark/id/256/year/2026/sortby/1/block_name/-1,Trường Đại học Công nghệ Tp. Hồ Chí Minh,TP. Hồ Chí Minh,2026,20.0,confirmed_2_sources,7,,,,missing,Luật,test
DKC:7380107,DKC,7380107,Luật kinh tế,7380107,luat,standard,,D01;C03;C04;X01;D09;D10;A00;A01;C00;D14;D15;X78;C01;X02,D01,,https://diemthi.vnexpress.net/tra-cuu-dai-hoc/loadbenchmark/id/256/year/2026/sortby/1/block_name/-1,Trường Đại học Công nghệ Tp. Hồ Chí Minh,TP. Hồ Chí Minh,2026,20.0,confirmed_2_sources,8,,,,missing,Luật,test
DKC:7420201,DKC,7420201,Công nghệ sinh học,7420201,sinh_hoa,standard,,D01;C02;B03;C01;C04;C03;X01;B02;B01;X13;X14;A00;B00;C08;D07;X02,D01,,https://diemthi.vnexpress.net/tra-cuu-dai-hoc/loadbenchmark/id/256/year/2026/sortby/1/block_name/-1,Trường Đại học Công nghệ Tp. Hồ Chí Minh,TP. Hồ Chí Minh,2026,15.0,confirmed_2_sources,9,,,,missing,Sinh học - Hóa học - Công nghệ sinh học - Thực phẩm,test
DKC:7420207,DKC,7420207,Công nghệ thẩm mỹ,7420207,ky_thuat,standard,,D01;C02;B03;C01;C04;C03;X01;B02;B01;X13;X14;A00;B00;C08;D07;X02,D01,,https://diemthi.vnexpress.net/tra-cuu-dai-hoc/loadbenchmark/id/256/year/2026/sortby/1/block_name/-1,Trường Đại học Công nghệ Tp. Hồ Chí Minh,TP. Hồ Chí Minh,2026,15.0,confirmed_2_sources,3,,,,missing,"Kỹ thuật - Công nghệ (cơ khí, điện, điện tử, ô tô, tự động hóa, vật liệu)",test
DKC:7460108,DKC,7460108,Khoa học dữ liệu (Data Science),7460108,cntt,standard,,D01;C01;C02;C03;C04;X01;X02;X03;X04;D09;D10;A00;A01,D01,,https://diemthi.vnexpress.net/tra-cuu-dai-hoc/loadbenchmark/id/256/year/2026/sortby/1/block_name/-1,Trường Đại học Công nghệ Tp. Hồ Chí Minh,TP. Hồ Chí Minh,2026,15.0,confirmed_2_sources,5,,,,missing,Công nghệ thông tin - Máy tính - Dữ liệu - AI,test
DKC:7480101,DKC,7480101,Khoa học máy tính,7480101,cntt,standard,,D01;C01;C02;C03;C04;X01;X02;X03;X04;D09;D10;A00;A01,D01,,https://diemthi.vnexpress.net/tra-cuu-dai-hoc/loadbenchmark/id/256/year/2026/sortby/1/block_name/-1,Trường Đại học Công nghệ Tp. Hồ Chí Minh,TP. Hồ Chí Minh,2026,15.0,confirmed_2_sources,3,,,,missing,Công nghệ thông tin - Máy tính - Dữ liệu - AI,test
DKC:7480106,DKC,7480106,Kỹ thuật máy tính,7480106,cntt,standard,,D01;C01;C02;C03;C04;X01;X02;X03;X04;D09;D10;A00;A01,D01,,https://diemthi.vnexpress.net/tra-cuu-dai-hoc/loadbenchmark/id/256/year/2026/sortby/1/block_name/-1,Trường Đại học Công nghệ Tp. Hồ Chí Minh,TP. Hồ Chí Minh,2026,15.0,confirmed_2_sources,3,,,,missing,Công nghệ thông tin - Máy tính - Dữ liệu - AI,test
DKC:7480107,DKC,7480107,Trí tuệ nhân tạo,7480107,cntt,standard,,D01;C01;C02;C03;C04;X01;X02;X03;X04;D09;D10;A00;A01,D01,,https://diemthi.vnexpress.net/tra-cuu-dai-hoc/loadbenchmark/id/256/year/2026/sortby/1/block_name/-1,Trường Đại học Công nghệ Tp. Hồ Chí Minh,TP. Hồ Chí Minh,2026,15.0,confirmed_2_sources,3,,,,missing,Công nghệ thông tin - Máy tính - Dữ liệu - AI,test
DKC:7480201,DKC,7480201,Công nghệ thông tin,7480201,cntt,standard,,D01;C01;C02;C03;C04;X01;X02;X03;X04;D09;D10;A00;A01,D01,,https://diemthi.vnexpress.net/tra-cuu-dai-hoc/loadbenchmark/id/256/year/2026/sortby/1/block_name/-1,Trường Đại học Công nghệ Tp. Hồ Chí Minh,TP. Hồ Chí Minh,2026,15.0,confirmed_2_sources,9,,,,missing,Công nghệ thông tin - Máy tính - Dữ liệu - AI,test
DKC:7480202,DKC,7480202,An toàn thông tin,7480202,cntt,standard,,D01;C01;C02;C03;C04;X01;X02;X03;X04;D09;D10;A00;A01,D01,,https://diemthi.vnexpress.net/tra-cuu-dai-hoc/loadbenchmark/id/256/year/2026/sortby/1/block_name/-1,Trường Đại học Công nghệ Tp. Hồ Chí Minh,TP. Hồ Chí Minh,2026,15.0,confirmed_2_sources,9,,,,missing,Công nghệ thông tin - Máy tính - Dữ liệu - AI,test
DKC:7480208,DKC,7480208,An ninh mạng,7480208,cntt,standard,,D01;C01;C02;C03;C04;X01;X02;X03;X04;D09;D10;A00;A01,D01,,https://diemthi.vnexpress.net/tra-cuu-dai-hoc/loadbenchmark/id/256/year/2026/sortby/1/block_name/-1,Trường Đại học Công nghệ Tp. Hồ Chí Minh,TP. Hồ Chí Minh,2026,15.0,confirmed_2_sources,1,,,,missing,Công nghệ thông tin - Máy tính - Dữ liệu - AI,test
DKC:7510205,DKC,7510205,Công nghệ kỹ thuật ô tô,7510205,ky_thuat,standard,,D01;C01;C02;C03;C04;X01;X02;X03;X04;D09;D10;A00;A01,D01,,https://diemthi.vnexpress.net/tra-cuu-dai-hoc/loadbenchmark/id/256/year/2026/sortby/1/block_name/-1,Trường Đại học Công nghệ Tp. Hồ Chí Minh,TP. Hồ Chí Minh,2026,15.0,confirmed_2_sources,9,,,,missing,"Kỹ thuật - Công nghệ (cơ khí, điện, điện tử, ô tô, tự động hóa, vật liệu)",test
DKC:7510209,DKC,7510209,Robot và trí tuệ nhân tạo,7510209,cntt,standard,,D01;C01;C02;C03;C04;X01;X02;X03;X04;D09;D10;A00;A01,D01,,https://diemthi.vnexpress.net/tra-cuu-dai-hoc/loadbenchmark/id/256/year/2026/sortby/1/block_name/-1,Trường Đại học Công nghệ Tp. Hồ Chí Minh,TP. Hồ Chí Minh,2026,15.0,confirmed_2_sources,5,,,,missing,Công nghệ thông tin - Máy tính - Dữ liệu - AI,test
DKC:7510605,DKC,7510605,Logistics và Quản lý chuỗi cung ứng,7510605,du_lich,standard,,D01;C03;C04;X01;D09;D10;A00;A01;C00;D14;D15;X78;C01;X02,D01,,https://diemthi.vnexpress.net/tra-cuu-dai-hoc/loadbenchmark/id/256/year/2026/sortby/1/block_name/-1,Trường Đại học Công nghệ Tp. Hồ Chí Minh,TP. Hồ Chí Minh,2026,15.0,confirmed_2_sources,8,,,,missing,Du lịch - Khách sạn - Logistics - Hàng không - Dịch vụ,test
DKC:7520103,DKC,7520103,Kỹ thuật cơ khí,7520103,ky_thuat,standard,,D01;C01;C02;C03;C04;X01;X02;X03;X04;D09;D10;A00;A01,D01,,https://diemthi.vnexpress.net/tra-cuu-dai-hoc/loadbenchmark/id/256/year/2026/sortby/1/block_name/-1,Trường Đại học Công nghệ Tp. Hồ Chí Minh,TP. Hồ Chí Minh,2026,15.0,confirmed_2_sources,9,,,,missing,"Kỹ thuật - Công nghệ (cơ khí, điện, điện tử, ô tô, tự động hóa, vật liệu)",test
DKC:7520114,DKC,7520114,Kỹ thuật cơ điện tử,7520114,ky_thuat,standard,,D01;C01;C02;C03;C04;X01;X02;X03;X04;D09;D10;A00;A01,D01,,https://diemthi.vnexpress.net/tra-cuu-dai-hoc/loadbenchmark/id/256/year/2026/sortby/1/block_name/-1,Trường Đại học Công nghệ Tp. Hồ Chí Minh,TP. Hồ Chí Minh,2026,15.0,confirmed_2_sources,9,,,,missing,"Kỹ thuật - Công nghệ (cơ khí, điện, điện tử, ô tô, tự động hóa, vật liệu)",test
DKC:7520141,DKC,7520141,Công nghệ Ô tô điện,7520141,ky_thuat,standard,,D01;C01;C02;C03;C04;X01;X02;X03;X04;D09;D10;A00;A01,D01,,https://diemthi.vnexpress.net/tra-cuu-dai-hoc/loadbenchmark/id/256/year/2026/sortby/1/block_name/-1,Trường Đại học Công nghệ Tp. Hồ Chí Minh,TP. Hồ Chí Minh,2026,15.0,confirmed_2_sources,4,,,,missing,"Kỹ thuật - Công nghệ (cơ khí, điện, điện tử, ô tô, tự động hóa, vật liệu)",test
DKC:7520141I1,DKC,7520141I1,Công nghệ ô tô thông minh,7520141,ky_thuat,standard,,D01;C01;C02;C03;C04;X01;X02;X03;X04;D09;D10;A00;A01,D01,,https://diemthi.vnexpress.net/tra-cuu-dai-hoc/loadbenchmark/id/256/year/2026/sortby/1/block_name/-1,Trường Đại học Công nghệ Tp. Hồ Chí Minh,TP. Hồ Chí Minh,2026,15.0,confirmed_2_sources,1,,,,missing,"Kỹ thuật - Công nghệ (cơ khí, điện, điện tử, ô tô, tự động hóa, vật liệu)",test
DKC:7520201,DKC,7520201,Kỹ thuật điện,7520201,ky_thuat,standard,,D01;C01;C02;C03;C04;X01;X02;X03;X04;D09;D10;A00;A01,D01,,https://diemthi.vnexpress.net/tra-cuu-dai-hoc/loadbenchmark/id/256/year/2026/sortby/1/block_name/-1,Trường Đại học Công nghệ Tp. Hồ Chí Minh,TP. Hồ Chí Minh,2026,15.0,confirmed_2_sources,9,,,,missing,"Kỹ thuật - Công nghệ (cơ khí, điện, điện tử, ô tô, tự động hóa, vật liệu)",test
DKC:7520207,DKC,7520207,Ngành Kỹ thuật điện tử truyền thông,7520207,bao_chi,standard,,D01;C01;C02;C03;C04;X01;X02;X03;X04;D09;D10;A00;A01,D01,,https://diemthi.vnexpress.net/tra-cuu-dai-hoc/loadbenchmark/id/256/year/2026/sortby/1/block_name/-1,Trường Đại học Công nghệ Tp. Hồ Chí Minh,TP. Hồ Chí Minh,2026,15.0,confirmed_2_sources,9,,,,missing,Báo chí - Truyền thông - Quan hệ công chúng,test
DKC:7520216,DKC,7520216,Ngành Kỹ thuật điều khiển và Tự động hóa,7520216,ky_thuat,standard,,D01;C01;C02;C03;C04;X01;X02;X03;X04;D09;D10;A00;A01,D01,,https://diemthi.vnexpress.net/tra-cuu-dai-hoc/loadbenchmark/id/256/year/2026/sortby/1/block_name/-1,Trường Đại học Công nghệ Tp. Hồ Chí Minh,TP. Hồ Chí Minh,2026,15.0,confirmed_2_sources,9,,,,missing,"Kỹ thuật - Công nghệ (cơ khí, điện, điện tử, ô tô, tự động hóa, vật liệu)",test
DKC:7540101,DKC,7540101,Công nghệ thực phẩm,7540101,sinh_hoa,standard,,D01;C02;B03;C01;C04;C03;X01;B02;B01;X13;X14;A00;B00;C08;D07;X02,D01,,https://diemthi.vnexpress.net/tra-cuu-dai-hoc/loadbenchmark/id/256/year/2026/sortby/1/block_name/-1,Trường Đại học Công nghệ Tp. Hồ Chí Minh,TP. Hồ Chí Minh,2026,15.0,confirmed_2_sources,9,,,,missing,Sinh học - Hóa học - Công nghệ sinh học - Thực phẩm,test
DKC:7580101,DKC,7580101,Kiến trúc,7580101,xay_dung,standard,,C01;D01;C03;C04;X01;A01;D09;D10;X25;C00;A00;X02,C01,,https://diemthi.vnexpress.net/tra-cuu-dai-hoc/loadbenchmark/id/256/year/2026/sortby/1/block_name/-1,Trường Đại học Công nghệ Tp. Hồ Chí Minh,TP. Hồ Chí Minh,2026,15.0,confirmed_2_sources,9,,,,missing,Kiến trúc - Xây dựng - Giao thông - Quy hoạch,test
DKC:7580108,DKC,7580108,Thiết kế nội thất,7580108,xay_dung,standard,,C01;D01;C03;C04;X01;A01;D09;D10;X25;C00;A00;X02,C01,,https://diemthi.vnexpress.net/tra-cuu-dai-hoc/loadbenchmark/id/256/year/2026/sortby/1/block_name/-1,Trường Đại học Công nghệ Tp. Hồ Chí Minh,TP. Hồ Chí Minh,2026,15.0,confirmed_2_sources,9,,,,missing,Kiến trúc - Xây dựng - Giao thông - Quy hoạch,test
DKC:7580201,DKC,7580201,Kỹ thuật xây dựng,7580201,xay_dung,standard,,D01;C01;C02;C03;C04;X01;X02;X03;X04;D09;D10;A00;A01,D01,,https://diemthi.vnexpress.net/tra-cuu-dai-hoc/loadbenchmark/id/256/year/2026/sortby/1/block_name/-1,Trường Đại học Công nghệ Tp. Hồ Chí Minh,TP. Hồ Chí Minh,2026,15.0,confirmed_2_sources,9,,,,missing,Kiến trúc - Xây dựng - Giao thông - Quy hoạch,test
DKC:7580302,DKC,7580302,Quản lý xây dựng,7580302,xay_dung,standard,,D01;C01;C02;C03;C04;X01;X02;X03;X04;D09;D10;A00;A01,D01,,https://diemthi.vnexpress.net/tra-cuu-dai-hoc/loadbenchmark/id/256/year/2026/sortby/1/block_name/-1,Trường Đại học Công nghệ Tp. Hồ Chí Minh,TP. Hồ Chí Minh,2026,15.0,confirmed_2_sources,9,,,,missing,Kiến trúc - Xây dựng - Giao thông - Quy hoạch,test
DKC:7640101,DKC,7640101,Thú y,7640101,y_duoc,standard,,D01;C02;B03;C01;C04;C03;X01;B02;B01;X13;X14;A00;B00;C08;D07;X09,D01,Khối sức khỏe: có ngưỡng điểm sàn của Bộ,https://diemthi.vnexpress.net/tra-cuu-dai-hoc/loadbenchmark/id/256/year/2026/sortby/1/block_name/-1,Trường Đại học Công nghệ Tp. Hồ Chí Minh,TP. Hồ Chí Minh,2026,15.0,confirmed_2_sources,9,,,,missing,Y - Dược - Điều dưỡng - Sức khỏe,test
DKC:7640101I1,DKC,7640101I1,Thú y công nghệ số (4),7640101,y_duoc,standard,,D01;C02;B03;C01;C04;C03;X01;B02;B01;X13;X14;A00,D01,Khối sức khỏe: có ngưỡng điểm sàn của Bộ,https://diemthi.vnexpress.net/tra-cuu-dai-hoc/loadbenchmark/id/256/year/2026/sortby/1/block_name/-1,Trường Đại học Công nghệ Tp. Hồ Chí Minh,TP. Hồ Chí Minh,2026,15.0,confirmed_2_sources,1,,,,missing,Y - Dược - Điều dưỡng - Sức khỏe,test
DKC:7720101,DKC,7720101,Y khoa,7720101,y_duoc,standard,,B00;D07;C02;A00;B08;B03,B00,Khối sức khỏe: có ngưỡng điểm sàn của Bộ,https://diemthi.vnexpress.net/tra-cuu-dai-hoc/loadbenchmark/id/256/year/2026/sortby/1/block_name/-1,Trường Đại học Công nghệ Tp. Hồ Chí Minh,TP. Hồ Chí Minh,2026,22.0,confirmed_2_sources,1,,,,missing,Y - Dược - Điều dưỡng - Sức khỏe,test
DKC:7720201,DKC,7720201,Dược học,7720201,y_duoc,standard,,B00;D07;C02;A00;B08;B03;C08;X09,B00,Khối sức khỏe: có ngưỡng điểm sàn của Bộ,https://diemthi.vnexpress.net/tra-cuu-dai-hoc/loadbenchmark/id/256/year/2026/sortby/1/block_name/-1,Trường Đại học Công nghệ Tp. Hồ Chí Minh,TP. Hồ Chí Minh,2026,20.0,confirmed_2_sources,9,,,,missing,Y - Dược - Điều dưỡng - Sức khỏe,test
DKC:7720301,DKC,7720301,Điều dưỡng,7720301,y_duoc,standard,,B00;D07;C02;A00;B08;B03;C08;X09,B00,Khối sức khỏe: có ngưỡng điểm sàn của Bộ,https://diemthi.vnexpress.net/tra-cuu-dai-hoc/loadbenchmark/id/256/year/2026/sortby/1/block_name/-1,Trường Đại học Công nghệ Tp. Hồ Chí Minh,TP. Hồ Chí Minh,2026,18.0,confirmed_2_sources,6,,,,missing,Y - Dược - Điều dưỡng - Sức khỏe,test
DKC:7720601,DKC,7720601,Kỹ thuật xét nghiệm y học,7720601,y_duoc,standard,,B00;D07;C02;A00;B08;B03;C08;X09,B00,Khối sức khỏe: có ngưỡng điểm sàn của Bộ,https://diemthi.vnexpress.net/tra-cuu-dai-hoc/loadbenchmark/id/256/year/2026/sortby/1/block_name/-1,Trường Đại học Công nghệ Tp. Hồ Chí Minh,TP. Hồ Chí Minh,2026,18.0,confirmed_2_sources,6,,,,missing,Y - Dược - Điều dưỡng - Sức khỏe,test
DKC:7810103,DKC,7810103,Quản trị dịch vụ du lịch và lữ hành,7810103,du_lich,standard,,D01;C03;C04;X01;D09;D10;A00;A01;C00;D14;D15;X78;C01;X02,D01,,https://diemthi.vnexpress.net/tra-cuu-dai-hoc/loadbenchmark/id/256/year/2026/sortby/1/block_name/-1,Trường Đại học Công nghệ Tp. Hồ Chí Minh,TP. Hồ Chí Minh,2026,15.0,confirmed_2_sources,8,,,,missing,Du lịch - Khách sạn - Logistics - Hàng không - Dịch vụ,test
DKC:7810201,DKC,7810201,Quản trị khách sạn,7810201,du_lich,standard,,D01;C03;C04;X01;D09;D10;A00;A01;C00;D14;D15;X78;C01;X02,D01,,https://diemthi.vnexpress.net/tra-cuu-dai-hoc/loadbenchmark/id/256/year/2026/sortby/1/block_name/-1,Trường Đại học Công nghệ Tp. Hồ Chí Minh,TP. Hồ Chí Minh,2026,15.0,confirmed_2_sources,9,,,,missing,Du lịch - Khách sạn - Logistics - Hàng không - Dịch vụ,test
DKC:7810202,DKC,7810202,Quản trị nhà hàng và dịch vụ ăn uống,7810202,du_lich,standard,,D01;C03;C04;X01;D09;D10;A00;A01;C00;D14;D15;X78;C01;X02,D01,,https://diemthi.vnexpress.net/tra-cuu-dai-hoc/loadbenchmark/id/256/year/2026/sortby/1/block_name/-1,Trường Đại học Công nghệ Tp. Hồ Chí Minh,TP. Hồ Chí Minh,2026,15.0,confirmed_2_sources,9,,,,missing,Du lịch - Khách sạn - Logistics - Hàng không - Dịch vụ,test
DKC:7810301,DKC,7810301,Quản lý thể dục thể thao,7810301,kinh_te,standard,,D01;C03;C04;X01;D09;D10;A00;A01;C00;D14;D15;X78;C01;X02,D01,,https://diemthi.vnexpress.net/tra-cuu-dai-hoc/loadbenchmark/id/256/year/2026/sortby/1/block_name/-1,Trường Đại học Công nghệ Tp. Hồ Chí Minh,TP. Hồ Chí Minh,2026,15.0,confirmed_2_sources,4,,,,missing,Kinh tế - Kinh doanh - Quản trị - Marketing - Thương mại,test
DMS:7220201,DMS,7220201,Ngôn ngữ Anh,7220201,ngon_ngu,standard,,C01;C02;C03;C04;X01;D01;A00;A03;A04;X05;A01;A05;A06;X09;D07;A07;X17;D09;X21;D10;X25,C01,,https://vietnamnet.vn/newsapi-edu/UniversityDetail/GetDetail?pageId=49ff289efde0446f9ae2f5c385595744&componentId=COMPONENT002302&keyword=DMS&year=2026&pageSize=25&pageIndex=1&typeOfTraining=0&subjectGroup=,Trường Đại học Tài chính - Marketing,TP. Hồ Chí Minh,2026,22.6,confirmed_2_sources,6,,,,missing,Ngôn ngữ - Văn hóa - Quốc tế học,train
DMS:7310101,DMS,7310101,Kinh tế,7310101,kinh_te,standard,,C01;C02;C03;C04;X01;D01;A00;A03;A04;X05;A01;A05;A06;X09;D07;A07;X17;D09;X21;D10;X25,C01,,https://vietnamnet.vn/newsapi-edu/UniversityDetail/GetDetail?pageId=49ff289efde0446f9ae2f5c385595744&componentId=COMPONENT002302&keyword=DMS&year=2026&pageSize=25&pageIndex=2&typeOfTraining=0&subjectGroup=,Trường Đại học Tài chính - Marketing,TP. Hồ Chí Minh,2026,21.25,confirmed_2_sources,7,,,,missing,Kinh tế - Kinh doanh - Quản trị - Marketing - Thương mại,train
DMS:7310102,DMS,7310102,Kinh tế chính trị,7310102,xa_hoi,standard,,C01;C02;C03;C04;X01;D01;A00;A03;A04;X05;A01;A05;A06;X09;D07;A07;X17;D09;X21;D10;X25,C01,,https://vietnamnet.vn/newsapi-edu/UniversityDetail/GetDetail?pageId=49ff289efde0446f9ae2f5c385595744&componentId=COMPONENT002302&keyword=DMS&year=2026&pageSize=25&pageIndex=3&typeOfTraining=0&subjectGroup=,Trường Đại học Tài chính - Marketing,TP. Hồ Chí Minh,2026,18.6,confirmed_2_sources,1,,,,missing,Khoa học xã hội - Tâm lý - Nhân văn - Chính trị - Hành chính,train
DMS:7310108,DMS,7310108,Toán kinh tế,7310108,kinh_te,standard,,C01;C02;C03;C04;X01;D01;A00;A03;A04;X05;A01;A05;A06;X09;D07;A07;X17;D09;X21;D10;X25,C01,,https://vietnamnet.vn/newsapi-edu/UniversityDetail/GetDetail?pageId=49ff289efde0446f9ae2f5c385595744&componentId=COMPONENT002302&keyword=DMS&year=2026&pageSize=25&pageIndex=3&typeOfTraining=0&subjectGroup=,Trường Đại học Tài chính - Marketing,TP. Hồ Chí Minh,2026,20.45,confirmed_2_sources,6,,,,missing,Kinh tế - Kinh doanh - Quản trị - Marketing - Thương mại,train
DMS:7310110,DMS,7310110,Quản lý kinh tế,7310110,kinh_te,standard,,C01;C02;C03;C04;X01;D01;A00;A03;A04;X05;A01;A05;A06;X09;D07;A07;X17;D09;X21;D10;X25,C01,,https://vietnamnet.vn/newsapi-edu/UniversityDetail/GetDetail?pageId=49ff289efde0446f9ae2f5c385595744&componentId=COMPONENT002302&keyword=DMS&year=2026&pageSize=25&pageIndex=3&typeOfTraining=0&subjectGroup=,Trường Đại học Tài chính - Marketing,TP. Hồ Chí Minh,2026,21.0,confirmed_2_sources,2,,,,missing,Kinh tế - Kinh doanh - Quản trị - Marketing - Thương mại,train
DMS:7340116,DMS,7340116,Bất động sản,7340116,kinh_te,standard,,C01;C02;C03;C04;X01;D01;A00;A03;A04;X05;A01;A05;A06;X09;D07;A07;X17;D09;X21;D10;X25,C01,,https://vietnamnet.vn/newsapi-edu/UniversityDetail/GetDetail?pageId=49ff289efde0446f9ae2f5c385595744&componentId=COMPONENT002302&keyword=DMS&year=2026&pageSize=25&pageIndex=2&typeOfTraining=0&subjectGroup=,Trường Đại học Tài chính - Marketing,TP. Hồ Chí Minh,2026,22.0,confirmed_2_sources,9,,,,missing,Kinh tế - Kinh doanh - Quản trị - Marketing - Thương mại,train
DMS:7340405,DMS,7340405,Hệ thống thông tin quản lý,7340405,cntt,standard,,C01;C02;C03;C04;X01;D01;A00;A03;A04;X05;A01;A05;A06;X09;D07;A07;X17;D09;X21;D10;X25,C01,,https://vietnamnet.vn/newsapi-edu/UniversityDetail/GetDetail?pageId=49ff289efde0446f9ae2f5c385595744&componentId=COMPONENT002302&keyword=DMS&year=2026&pageSize=25&pageIndex=0&typeOfTraining=0&subjectGroup=,Trường Đại học Tài chính - Marketing,TP. Hồ Chí Minh,2026,25.41,confirmed_2_sources,5,,,,missing,Công nghệ thông tin - Máy tính - Dữ liệu - AI,train
DMS:7380107,DMS,7380107,Luật kinh tế,7380107,luat,standard,,C01;C02;C03;C04;X01;D01;A00;A03;A04;X05;A01;A05;A06;X09;D07;A07;X17;D09;X21;D10;X25,C01,,https://vietnamnet.vn/newsapi-edu/UniversityDetail/GetDetail?pageId=49ff289efde0446f9ae2f5c385595744&componentId=COMPONENT002302&keyword=DMS&year=2026&pageSize=25&pageIndex=0&typeOfTraining=0&subjectGroup=,Trường Đại học Tài chính - Marketing,TP. Hồ Chí Minh,2026,23.47,confirmed_2_sources,5,,,,missing,Luật,train
DMS:7460108,DMS,7460108,Khoa học dữ liệu,7460108,cntt,standard,,C01;C02;C03;C04;X01;D01;A00;A03;A04;X05;A01;A05;A06;X09;D07;A07;X17;D09;X21;D10;X25,C01,,https://vietnamnet.vn/newsapi-edu/UniversityDetail/GetDetail?pageId=49ff289efde0446f9ae2f5c385595744&componentId=COMPONENT002302&keyword=DMS&year=2026&pageSize=25&pageIndex=1&typeOfTraining=0&subjectGroup=,Trường Đại học Tài chính - Marketing,TP. Hồ Chí Minh,2026,23.23,confirmed_2_sources,2,,,,missing,Công nghệ thông tin - Máy tính - Dữ liệu - AI,train
DMS:7480107,DMS,7480107,Trí tuệ nhân tạo,7480107,cntt,standard,,C01;C02;C03;C04;X01;D01;A00;A03;A04;X05;A01;A05;A06;X09;D07;A07;X17;D09;X21;D10;X25,C01,,https://vietnamnet.vn/newsapi-edu/UniversityDetail/GetDetail?pageId=49ff289efde0446f9ae2f5c385595744&componentId=COMPONENT002302&keyword=DMS&year=2026&pageSize=25&pageIndex=3&typeOfTraining=0&subjectGroup=,Trường Đại học Tài chính - Marketing,TP. Hồ Chí Minh,2026,16.5,confirmed_2_sources,1,,,,missing,Công nghệ thông tin - Máy tính - Dữ liệu - AI,train
DTL:7220201,DTL,7220201,Ngôn ngữ Anh,7220201,ngon_ngu,standard,,D01;D14;D15,D01,,https://diemthi.vnexpress.net/tra-cuu-dai-hoc/loadbenchmark/id/373/year/2026/sortby/1/block_name/-1,Trường Đại học Thăng Long,Hà Nội,2026,21.0,confirmed_2_sources,8,140.0,40900000.0,40900000.0,observed,Ngôn ngữ - Văn hóa - Quốc tế học,train
DTL:7220204,DTL,7220204,Ngôn ngữ Trung Quốc,7220204,ngon_ngu,standard,,D01;D04;D14;D15;D45;D65,D01,,https://diemthi.vnexpress.net/tra-cuu-dai-hoc/loadbenchmark/id/373/year/2026/sortby/1/block_name/-1,Trường Đại học Thăng Long,Hà Nội,2026,22.35,disputed,8,180.0,40900000.0,40900000.0,observed,Ngôn ngữ - Văn hóa - Quốc tế học,train
DTL:7220209,DTL,7220209,Ngôn ngữ Nhật,7220209,ngon_ngu,standard,,D01;D06;D14;D15;D43;D63,D01,,https://diemthi.vnexpress.net/tra-cuu-dai-hoc/loadbenchmark/id/373/year/2026/sortby/1/block_name/-1,Trường Đại học Thăng Long,Hà Nội,2026,17.75,disputed,8,100.0,42800000.0,42800000.0,observed,Ngôn ngữ - Văn hóa - Quốc tế học,train
DTL:7220210,DTL,7220210,Ngôn ngữ Hàn Quốc,7220210,ngon_ngu,standard,,D01;D14;D15,D01,,https://diemthi.vnexpress.net/tra-cuu-dai-hoc/loadbenchmark/id/373/year/2026/sortby/1/block_name/-1,Trường Đại học Thăng Long,Hà Nội,2026,19.75,disputed,8,180.0,42800000.0,42800000.0,observed,Ngôn ngữ - Văn hóa - Quốc tế học,train
DTL:7310106,DTL,7310106,Kinh tế quốc tế,7310106,kinh_te,international,,A00;A01;D01;D07;X01;X25,A00,"Học bằng tiếng Anh (thường cần trình độ tiếng Anh tốt, có thể yêu cầu IELTS/chứng chỉ khi nhập học) | Chương trình liên kết/quốc tế: học phí cao hơn chương trình chuẩn",https://diemthi.vnexpress.net/tra-cuu-dai-hoc/loadbenchmark/id/373/year/2026/sortby/1/block_name/-1,Trường Đại học Thăng Long,Hà Nội,2026,19.0,disputed,7,105.0,37800000.0,37800000.0,observed,Kinh tế - Kinh doanh - Quản trị - Marketing - Thương mại,train
DTL:7310630,DTL,7310630,Việt Nam học,7310630,ngon_ngu,standard,,C00;C03;C04;D01;D14;D15;D11,C00,,https://diemthi.vnexpress.net/tra-cuu-dai-hoc/loadbenchmark/id/373/year/2026/sortby/1/block_name/-1,Trường Đại học Thăng Long,Hà Nội,2026,20.45,disputed,9,80.0,40200000.0,40200000.0,observed,Ngôn ngữ - Văn hóa - Quốc tế học,train
DTL:7320104,DTL,7320104,Truyền thông đa phương tiện,7320104,bao_chi,standard,,C00;C03;C04;D01;D14;D15;A00;A01,C00,,https://diemthi.vnexpress.net/tra-cuu-dai-hoc/loadbenchmark/id/373/year/2026/sortby/1/block_name/-1,Trường Đại học Thăng Long,Hà Nội,2026,23.31,disputed,8,180.0,48900000.0,48900000.0,observed,Báo chí - Truyền thông - Quan hệ công chúng,train
DTL:7340101,DTL,7340101,Quản trị Kinh doanh,7340101,kinh_te,standard,,A00;A01;D01;D07;X01;X25,A00,,https://diemthi.vnexpress.net/tra-cuu-dai-hoc/loadbenchmark/id/373/year/2026/sortby/1/block_name/-1,Trường Đại học Thăng Long,Hà Nội,2026,18.75,disputed,9,180.0,39600000.0,39600000.0,observed,Kinh tế - Kinh doanh - Quản trị - Marketing - Thương mại,train
DTL:7340101A,DTL,7340101A,Quản trị kinh doanh,7340101,kinh_te,standard,,A01;D01;D07;D09;D10;X25,A01,,https://diemthi.vnexpress.net/tra-cuu-dai-hoc/loadbenchmark/id/373/year/2026/sortby/1/block_name/-1,Trường Đại học Thăng Long,Hà Nội,2026,16.25,disputed,1,35.0,40800000.0,40800000.0,estimated,Kinh tế - Kinh doanh - Quản trị - Marketing - Thương mại,train
DTL:7340115,DTL,7340115,Marketing,7340115,kinh_te,standard,,A00;A01;D01;D07;X01;X25,A00,,https://diemthi.vnexpress.net/tra-cuu-dai-hoc/loadbenchmark/id/373/year/2026/sortby/1/block_name/-1,Trường Đại học Thăng Long,Hà Nội,2026,20.1,disputed,7,140.0,39600000.0,39600000.0,observed,Kinh tế - Kinh doanh - Quản trị - Marketing - Thương mại,train
DTL:7340122,DTL,7340122,Thương mại điện tử,7340122,kinh_te,standard,,A00;A01;D01;D07;X01;X25,A00,,https://diemthi.vnexpress.net/tra-cuu-dai-hoc/loadbenchmark/id/373/year/2026/sortby/1/block_name/-1,Trường Đại học Thăng Long,Hà Nội,2026,22.0,disputed,4,70.0,40900000.0,40900000.0,observed,Kinh tế - Kinh doanh - Quản trị - Marketing - Thương mại,train
DTL:7340201,DTL,7340201,Tài chính – Ngân hàng,7340201,tai_chinh,standard,,A00;A01;D01;D07;X01;X25,A00,,https://diemthi.vnexpress.net/tra-cuu-dai-hoc/loadbenchmark/id/373/year/2026/sortby/1/block_name/-1,Trường Đại học Thăng Long,Hà Nội,2026,19.0,disputed,9,140.0,38900000.0,38900000.0,observed,Tài chính - Ngân hàng - Kế toán - Kiểm toán - Bảo hiểm,train
DTL:7340301,DTL,7340301,Kế toán,7340301,tai_chinh,standard,,A00;A01;D01;D07;X01;X25,A00,,https://diemthi.vnexpress.net/tra-cuu-dai-hoc/loadbenchmark/id/373/year/2026/sortby/1/block_name/-1,Trường Đại học Thăng Long,Hà Nội,2026,18.35,disputed,9,180.0,38900000.0,38900000.0,observed,Tài chính - Ngân hàng - Kế toán - Kiểm toán - Bảo hiểm,train
DTL:7340301A,DTL,7340301A,Kế toán,7340301,tai_chinh,standard,,A01;D01;D07;D09;D10;X25,A01,,https://diemthi.vnexpress.net/tra-cuu-dai-hoc/loadbenchmark/id/373/year/2026/sortby/1/block_name/-1,Trường Đại học Thăng Long,Hà Nội,2026,16.25,disputed,1,35.0,40800000.0,40800000.0,estimated,Tài chính - Ngân hàng - Kế toán - Kiểm toán - Bảo hiểm,train
DTL:7380107,DTL,7380107,Luật kinh tế,7380107,luat,standard,,C00;C03;C04;D01;X01;X78;A00;A01;X70;X74,C00,,https://diemthi.vnexpress.net/tra-cuu-dai-hoc/loadbenchmark/id/373/year/2026/sortby/1/block_name/-1,Trường Đại học Thăng Long,Hà Nội,2026,20.1,disputed,7,140.0,42900000.0,42900000.0,observed,Luật,train
DTL:7480101,DTL,7480101,Khoa học máy tính,7480101,cntt,standard,,A00;A01;D01;D07;X06;X26,A00,,https://diemthi.vnexpress.net/tra-cuu-dai-hoc/loadbenchmark/id/373/year/2026/sortby/1/block_name/-1,Trường Đại học Thăng Long,Hà Nội,2026,16.0,confirmed_2_sources,6,70.0,37800000.0,37800000.0,observed,Công nghệ thông tin - Máy tính - Dữ liệu - AI,train
DTL:7480104,DTL,7480104,Hệ thống thông tin,7480104,cntt,standard,,A00;A01;D01;D07;X06;X26,A00,,https://diemthi.vnexpress.net/tra-cuu-dai-hoc/loadbenchmark/id/373/year/2026/sortby/1/block_name/-1,Trường Đại học Thăng Long,Hà Nội,2026,16.0,confirmed_2_sources,7,35.0,33600000.0,33600000.0,observed,Công nghệ thông tin - Máy tính - Dữ liệu - AI,train
DTL:7480201,DTL,7480201,Công nghệ thông tin,7480201,cntt,standard,,A00;A01;D01;D07;X06;X26,A00,,https://diemthi.vnexpress.net/tra-cuu-dai-hoc/loadbenchmark/id/373/year/2026/sortby/1/block_name/-1,Trường Đại học Thăng Long,Hà Nội,2026,16.0,confirmed_2_sources,7,210.0,40800000.0,40800000.0,observed,Công nghệ thông tin - Máy tính - Dữ liệu - AI,train
DTL:7480207,DTL,7480207,Trí tuệ nhân tạo,7480207,cntt,standard,,A00;A01;D01;D07;X06;X26,A00,,https://diemthi.vnexpress.net/tra-cuu-dai-hoc/loadbenchmark/id/373/year/2026/sortby/1/block_name/-1,Trường Đại học Thăng Long,Hà Nội,2026,16.0,confirmed_2_sources,6,70.0,40200000.0,40200000.0,observed,Công nghệ thông tin - Máy tính - Dữ liệu - AI,train
DTL:7510605,DTL,7510605,Logistics và Quản lý chuỗi cung ứng,7510605,du_lich,standard,,A00;A01;D01;D07;X01;X25,A00,,https://diemthi.vnexpress.net/tra-cuu-dai-hoc/loadbenchmark/id/373/year/2026/sortby/1/block_name/-1,Trường Đại học Thăng Long,Hà Nội,2026,21.13,disputed,8,175.0,44600000.0,44600000.0,observed,Du lịch - Khách sạn - Logistics - Hàng không - Dịch vụ,train
DTL:7720301,DTL,7720301,Điều dưỡng,7720301,y_duoc,standard,,A00;A02;B00;B03;B08;D07;C02,A00,Khối sức khỏe: có ngưỡng điểm sàn của Bộ,https://diemthi.vnexpress.net/tra-cuu-dai-hoc/loadbenchmark/id/373/year/2026/sortby/1/block_name/-1,Trường Đại học Thăng Long,Hà Nội,2026,20.75,disputed,9,160.0,33600000.0,33600000.0,observed,Y - Dược - Điều dưỡng - Sức khỏe,train
DTL:7810103,DTL,7810103,Quản trị dịch vụ du lịch và lữ hành,7810103,du_lich,standard,,C01;C02;C03;C04;D01;X01;A00;A01;C00;D07;A07;D09;D10,C01,,https://diemthi.vnexpress.net/tra-cuu-dai-hoc/loadbenchmark/id/373/year/2026/sortby/1/block_name/-1,Trường Đại học Thăng Long,Hà Nội,2026,22.3,disputed,9,150.0,43800000.0,43800000.0,observed,Du lịch - Khách sạn - Logistics - Hàng không - Dịch vụ,train
DTL:7810201,DTL,7810201,Quản trị khách sạn,7810201,du_lich,standard,,C01;C02;C03;C04;D01;X01;A00;A01;C00;D07;A07;D09;D10,C01,,https://diemthi.vnexpress.net/tra-cuu-dai-hoc/loadbenchmark/id/373/year/2026/sortby/1/block_name/-1,Trường Đại học Thăng Long,Hà Nội,2026,22.0,disputed,5,150.0,40900000.0,40900000.0,observed,Du lịch - Khách sạn - Logistics - Hàng không - Dịch vụ,train
DVL:7210302,DVL,7210302,Công nghệ điện ảnh. truyền hình,7210302,bao_chi,standard,,A00;A01;C00;D01;C01;X78,A00,,https://diemthi.vnexpress.net/tra-cuu-dai-hoc/loadbenchmark/id/265/year/2026/sortby/1/block_name/-1,Trường Đại học Văn Lang,TP. Hồ Chí Minh,2026,15.0,single_source,3,,,,missing,Báo chí - Truyền thông - Quan hệ công chúng,train
DVL:7210303,DVL,7210303,Thiết kế âm thanh ánh sáng,7210303,thiet_ke,standard,,A00;A01;C00;D01;X78,A00,,https://diemthi.vnexpress.net/tra-cuu-dai-hoc/loadbenchmark/id/265/year/2026/sortby/1/block_name/-1,Trường Đại học Văn Lang,TP. Hồ Chí Minh,2026,15.0,single_source,1,,,,missing,Thiết kế - Nghệ thuật - Sáng tạo số,train
DVL:7220201,DVL,7220201,Ngôn ngữ Anh,7220201,ngon_ngu,standard,,D01;D14;X78;D15;D08;D10,D01,,https://diemthi.vnexpress.net/tra-cuu-dai-hoc/loadbenchmark/id/265/year/2026/sortby/1/block_name/-1,Trường Đại học Văn Lang,TP. Hồ Chí Minh,2026,15.0,single_source,8,,,,missing,Ngôn ngữ - Văn hóa - Quốc tế học,train
DVL:7220204,DVL,7220204,Ngôn ngữ Trung Quốc,7220204,ngon_ngu,standard,,D01;D04;D14;X78;D15;A01,D01,,https://diemthi.vnexpress.net/tra-cuu-dai-hoc/loadbenchmark/id/265/year/2026/sortby/1/block_name/-1,Trường Đại học Văn Lang,TP. Hồ Chí Minh,2026,15.0,single_source,5,,,,missing,Ngôn ngữ - Văn hóa - Quốc tế học,train
DVL:7220210,DVL,7220210,Ngôn ngữ Hàn Quốc,7220210,ngon_ngu,standard,,D01;D14;D15;X78;D10,D01,,https://diemthi.vnexpress.net/tra-cuu-dai-hoc/loadbenchmark/id/265/year/2026/sortby/1/block_name/-1,Trường Đại học Văn Lang,TP. Hồ Chí Minh,2026,15.0,single_source,5,,,,missing,Ngôn ngữ - Văn hóa - Quốc tế học,train
DVL:7229030,DVL,7229030,Văn học,7229030,xa_hoi,standard,,D01;C03;C04;C00;D14;D15;X78,D01,,https://diemthi.vnexpress.net/tra-cuu-dai-hoc/loadbenchmark/id/265/year/2026/sortby/1/block_name/-1,Trường Đại học Văn Lang,TP. Hồ Chí Minh,2026,15.0,single_source,9,,,,missing,Khoa học xã hội - Tâm lý - Nhân văn - Chính trị - Hành chính,train
DVL:7310106,DVL,7310106,Kinh tế quốc tế,7310106,kinh_te,international,,A00;A01;C01;D01;X25;D10;D07,A00,"Học bằng tiếng Anh (thường cần trình độ tiếng Anh tốt, có thể yêu cầu IELTS/chứng chỉ khi nhập học) | Chương trình liên kết/quốc tế: học phí cao hơn chương trình chuẩn",https://diemthi.vnexpress.net/tra-cuu-dai-hoc/loadbenchmark/id/265/year/2026/sortby/1/block_name/-1,Trường Đại học Văn Lang,TP. Hồ Chí Minh,2026,15.0,single_source,5,,,,missing,Kinh tế - Kinh doanh - Quản trị - Marketing - Thương mại,train
DVL:7310401,DVL,7310401,Tâm lý học,7310401,xa_hoi,standard,,D01;B03;C02;B08;B00;C00,D01,,https://diemthi.vnexpress.net/tra-cuu-dai-hoc/loadbenchmark/id/265/year/2026/sortby/1/block_name/-1,Trường Đại học Văn Lang,TP. Hồ Chí Minh,2026,15.0,single_source,9,,,,missing,Khoa học xã hội - Tâm lý - Nhân văn - Chính trị - Hành chính,train
DVL:7310608,DVL,7310608,Đông phương học,7310608,ngon_ngu,standard,,D01;C03;C04;C00;D14;D15;X78;A01;D04,D01,,https://diemthi.vnexpress.net/tra-cuu-dai-hoc/loadbenchmark/id/265/year/2026/sortby/1/block_name/-1,Trường Đại học Văn Lang,TP. Hồ Chí Minh,2026,15.0,single_source,9,,,,missing,Ngôn ngữ - Văn hóa - Quốc tế học,train
DVL:7320104,DVL,7320104,Truyền thông đa phương tiện,7320104,bao_chi,standard,,A00;A01;C00;D01;C01;X78,A00,,https://diemthi.vnexpress.net/tra-cuu-dai-hoc/loadbenchmark/id/265/year/2026/sortby/1/block_name/-1,Trường Đại học Văn Lang,TP. Hồ Chí Minh,2026,15.0,single_source,5,,,,missing,Báo chí - Truyền thông - Quan hệ công chúng,train
DVL:7320105,DVL,7320105,Truyền thông đại chúng,7320105,bao_chi,standard,,A00;A01;C00;D01;C01;X78,A00,,https://diemthi.vnexpress.net/tra-cuu-dai-hoc/loadbenchmark/id/265/year/2026/sortby/1/block_name/-1,Trường Đại học Văn Lang,TP. Hồ Chí Minh,2026,15.0,single_source,1,,,,missing,Báo chí - Truyền thông - Quan hệ công chúng,train
DVL:7320106,DVL,7320106,Công nghệ truyền thông,7320106,bao_chi,standard,,A00;A01;C00;D01;C01;X78,A00,,https://diemthi.vnexpress.net/tra-cuu-dai-hoc/loadbenchmark/id/265/year/2026/sortby/1/block_name/-1,Trường Đại học Văn Lang,TP. Hồ Chí Minh,2026,15.0,single_source,4,,,,missing,Báo chí - Truyền thông - Quan hệ công chúng,train
DVL:7320108,DVL,7320108,Quan hệ công chúng,7320108,bao_chi,standard,,A00;A01;C00;D01;C01;X78,A00,,https://diemthi.vnexpress.net/tra-cuu-dai-hoc/loadbenchmark/id/265/year/2026/sortby/1/block_name/-1,Trường Đại học Văn Lang,TP. Hồ Chí Minh,2026,15.0,single_source,9,,,,missing,Báo chí - Truyền thông - Quan hệ công chúng,train
DVL:7340101,DVL,7340101,Quản trị Kinh doanh,7340101,kinh_te,standard,,A00;A01;C01;D01;X25;D10;D07,A00,,https://diemthi.vnexpress.net/tra-cuu-dai-hoc/loadbenchmark/id/265/year/2026/sortby/1/block_name/-1,Trường Đại học Văn Lang,TP. Hồ Chí Minh,2026,15.0,single_source,9,,,,missing,Kinh tế - Kinh doanh - Quản trị - Marketing - Thương mại,train
DVL:7340115,DVL,7340115,Marketing,7340115,kinh_te,standard,,A00;A01;C01;D01;X25;D10;D07,A00,,https://diemthi.vnexpress.net/tra-cuu-dai-hoc/loadbenchmark/id/265/year/2026/sortby/1/block_name/-1,Trường Đại học Văn Lang,TP. Hồ Chí Minh,2026,15.0,single_source,7,,,,missing,Kinh tế - Kinh doanh - Quản trị - Marketing - Thương mại,train
DVL:7340116,DVL,7340116,Bất động sản,7340116,kinh_te,standard,,A00;A01;C01;D01;X25;D10;D07;C04,A00,,https://diemthi.vnexpress.net/tra-cuu-dai-hoc/loadbenchmark/id/265/year/2026/sortby/1/block_name/-1,Trường Đại học Văn Lang,TP. Hồ Chí Minh,2026,15.0,single_source,5,,,,missing,Kinh tế - Kinh doanh - Quản trị - Marketing - Thương mại,train
DVL:7340120,DVL,7340120,Ngành Kinh doanh quốc tế,7340120,kinh_te,international,,A00;A01;C01;D01;X25;D10;D07,A00,"Học bằng tiếng Anh (thường cần trình độ tiếng Anh tốt, có thể yêu cầu IELTS/chứng chỉ khi nhập học) | Chương trình liên kết/quốc tế: học phí cao hơn chương trình chuẩn",https://diemthi.vnexpress.net/tra-cuu-dai-hoc/loadbenchmark/id/265/year/2026/sortby/1/block_name/-1,Trường Đại học Văn Lang,TP. Hồ Chí Minh,2026,15.0,single_source,5,,,,missing,Kinh tế - Kinh doanh - Quản trị - Marketing - Thương mại,train
DVL:7340121,DVL,7340121,Kinh doanh thương mại,7340121,kinh_te,standard,,A00;A01;C01;D01;X25;D10;D07,A00,,https://diemthi.vnexpress.net/tra-cuu-dai-hoc/loadbenchmark/id/265/year/2026/sortby/1/block_name/-1,Trường Đại học Văn Lang,TP. Hồ Chí Minh,2026,15.0,single_source,9,,,,missing,Kinh tế - Kinh doanh - Quản trị - Marketing - Thương mại,train
DVL:7340122,DVL,7340122,Thương mại điện tử,7340122,kinh_te,standard,,A00;A01;C01;D01;X25;D10;D07,A00,,https://diemthi.vnexpress.net/tra-cuu-dai-hoc/loadbenchmark/id/265/year/2026/sortby/1/block_name/-1,Trường Đại học Văn Lang,TP. Hồ Chí Minh,2026,15.0,single_source,5,,,,missing,Kinh tế - Kinh doanh - Quản trị - Marketing - Thương mại,train
DVL:7340201,DVL,7340201,Tài chính – Ngân hàng,7340201,tai_chinh,standard,,A00;A01;C01;D01;X25;D10;D07;C04,A00,,https://diemthi.vnexpress.net/tra-cuu-dai-hoc/loadbenchmark/id/265/year/2026/sortby/1/block_name/-1,Trường Đại học Văn Lang,TP. Hồ Chí Minh,2026,15.0,single_source,9,,,,missing,Tài chính - Ngân hàng - Kế toán - Kiểm toán - Bảo hiểm,train
DVL:7340205,DVL,7340205,Công nghệ tài chính,7340205,tai_chinh,standard,,A00;A01;C01;D01;X25;D10;D07,A00,,https://diemthi.vnexpress.net/tra-cuu-dai-hoc/loadbenchmark/id/265/year/2026/sortby/1/block_name/-1,Trường Đại học Văn Lang,TP. Hồ Chí Minh,2026,15.0,single_source,4,,,,missing,Tài chính - Ngân hàng - Kế toán - Kiểm toán - Bảo hiểm,train
DVL:7340301,DVL,7340301,Kế toán,7340301,tai_chinh,standard,,A00;A01;C01;D01;X25;D10;D07,A00,,https://diemthi.vnexpress.net/tra-cuu-dai-hoc/loadbenchmark/id/265/year/2026/sortby/1/block_name/-1,Trường Đại học Văn Lang,TP. Hồ Chí Minh,2026,15.0,single_source,9,,,,missing,Tài chính - Ngân hàng - Kế toán - Kiểm toán - Bảo hiểm,train
DVL:7380101,DVL,7380101,Ngành Luật,7380101,luat,standard,,D01;D09;D10;X25;D14;D15;C00;A00;A01,D01,,https://diemthi.vnexpress.net/tra-cuu-dai-hoc/loadbenchmark/id/265/year/2026/sortby/1/block_name/-1,Trường Đại học Văn Lang,TP. Hồ Chí Minh,2026,20.0,single_source,8,,,,missing,Luật,train
DVL:7380107,DVL,7380107,Luật kinh tế,7380107,luat,standard,,D01;D09;D10;X25;D14;D15;C00;A00;A01,D01,,https://diemthi.vnexpress.net/tra-cuu-dai-hoc/loadbenchmark/id/265/year/2026/sortby/1/block_name/-1,Trường Đại học Văn Lang,TP. Hồ Chí Minh,2026,20.0,single_source,9,,,,missing,Luật,train
DVL:7420201,DVL,7420201,Công nghệ sinh học,7420201,sinh_hoa,standard,,B03;B08;A02;B00;C02;D07;A00;C01;A01;X14;X66,B03,,https://diemthi.vnexpress.net/tra-cuu-dai-hoc/loadbenchmark/id/265/year/2026/sortby/1/block_name/-1,Trường Đại học Văn Lang,TP. Hồ Chí Minh,2026,15.0,single_source,9,,,,missing,Sinh học - Hóa học - Công nghệ sinh học - Thực phẩm,train
DVL:7420207,DVL,7420207,Công nghệ thẩm mỹ,7420207,ky_thuat,standard,,B03;C01;B08;A02;B00;C02;D07;A00;A01;D08;X14;X66,B03,,https://diemthi.vnexpress.net/tra-cuu-dai-hoc/loadbenchmark/id/265/year/2026/sortby/1/block_name/-1,Trường Đại học Văn Lang,TP. Hồ Chí Minh,2026,15.0,single_source,5,,,,missing,"Kỹ thuật - Công nghệ (cơ khí, điện, điện tử, ô tô, tự động hóa, vật liệu)",train
DVL:7460108,DVL,7460108,Khoa học dữ liệu (Data Science),7460108,cntt,standard,,A00;A01;C01;X06;D01;X26;X02;X79,A00,,https://diemthi.vnexpress.net/tra-cuu-dai-hoc/loadbenchmark/id/265/year/2026/sortby/1/block_name/-1,Trường Đại học Văn Lang,TP. Hồ Chí Minh,2026,15.0,single_source,4,,,,missing,Công nghệ thông tin - Máy tính - Dữ liệu - AI,train
DVL:7480102,DVL,7480102,Mạng máy tính và truyền thông dữ liệu,7480102,bao_chi,standard,,A00;A01;C01;X06;D01;X26;X02;D07;X79,A00,,https://diemthi.vnexpress.net/tra-cuu-dai-hoc/loadbenchmark/id/265/year/2026/sortby/1/block_name/-1,Trường Đại học Văn Lang,TP. Hồ Chí Minh,2026,15.0,single_source,4,,,,missing,Báo chí - Truyền thông - Quan hệ công chúng,train
DVL:7480103,DVL,7480103,Kỹ thuật phần mềm,7480103,cntt,standard,,A00;A01;C01;D01;X26;X02;D10;X06;X79,A00,,https://diemthi.vnexpress.net/tra-cuu-dai-hoc/loadbenchmark/id/265/year/2026/sortby/1/block_name/-1,Trường Đại học Văn Lang,TP. Hồ Chí Minh,2026,15.0,single_source,9,,,,missing,Công nghệ thông tin - Máy tính - Dữ liệu - AI,train
DVL:7480104,DVL,7480104,Hệ thống thông tin,7480104,cntt,standard,,A00;A01;X06;D01;X26;X02;D07;D10;C01;X79,A00,,https://diemthi.vnexpress.net/tra-cuu-dai-hoc/loadbenchmark/id/265/year/2026/sortby/1/block_name/-1,Trường Đại học Văn Lang,TP. Hồ Chí Minh,2026,15.0,single_source,3,,,,missing,Công nghệ thông tin - Máy tính - Dữ liệu - AI,train
DVL:7480107,DVL,7480107,Trí tuệ nhân tạo,7480107,cntt,standard,,A00;A01;C01;D01;X26;X02,A00,,https://diemthi.vnexpress.net/tra-cuu-dai-hoc/loadbenchmark/id/265/year/2026/sortby/1/block_name/-1,Trường Đại học Văn Lang,TP. Hồ Chí Minh,2026,15.0,single_source,1,,,,missing,Công nghệ thông tin - Máy tính - Dữ liệu - AI,train
DVL:7480201,DVL,7480201,Công nghệ thông tin,7480201,cntt,standard,,A00;A01;C01;D01;X26;X02;D10;X06;X79,A00,,https://diemthi.vnexpress.net/tra-cuu-dai-hoc/loadbenchmark/id/265/year/2026/sortby/1/block_name/-1,Trường Đại học Văn Lang,TP. Hồ Chí Minh,2026,15.0,single_source,8,,,,missing,Công nghệ thông tin - Máy tính - Dữ liệu - AI,train
DVL:7510205,DVL,7510205,Công nghệ kỹ thuật ô tô,7510205,ky_thuat,standard,,A00;A01;C01;X26;D01,A00,,https://diemthi.vnexpress.net/tra-cuu-dai-hoc/loadbenchmark/id/265/year/2026/sortby/1/block_name/-1,Trường Đại học Văn Lang,TP. Hồ Chí Minh,2026,15.0,single_source,8,,,,missing,"Kỹ thuật - Công nghệ (cơ khí, điện, điện tử, ô tô, tự động hóa, vật liệu)",train
DVL:7510301,DVL,7510301,"Công nghệ kỹ thuật điện, điện tử",7510301,ky_thuat,standard,,A00;A01;C01;X26;D01,A00,,https://diemthi.vnexpress.net/tra-cuu-dai-hoc/loadbenchmark/id/265/year/2026/sortby/1/block_name/-1,Trường Đại học Văn Lang,TP. Hồ Chí Minh,2026,15.0,single_source,7,,,,missing,"Kỹ thuật - Công nghệ (cơ khí, điện, điện tử, ô tô, tự động hóa, vật liệu)",train
DVL:7510406,DVL,7510406,Công nghệ kỹ thuật Môi trường,7510406,nong_lam_mt,standard,,A00;A01;B00;D07;D01;D08,A00,,https://diemthi.vnexpress.net/tra-cuu-dai-hoc/loadbenchmark/id/265/year/2026/sortby/1/block_name/-1,Trường Đại học Văn Lang,TP. Hồ Chí Minh,2026,15.0,single_source,9,,,,missing,Nông - Lâm - Thủy sản - Môi trường - Tài nguyên,train
DVL:7510605,DVL,7510605,Logistics và Quản lý chuỗi cung ứng,7510605,du_lich,standard,,A00;A01;D01;C01;X26;X02;X06;X79,A00,,https://diemthi.vnexpress.net/tra-cuu-dai-hoc/loadbenchmark/id/265/year/2026/sortby/1/block_name/-1,Trường Đại học Văn Lang,TP. Hồ Chí Minh,2026,15.0,single_source,6,,,,missing,Du lịch - Khách sạn - Logistics - Hàng không - Dịch vụ,train
DVL:7520114,DVL,7520114,Kỹ thuật cơ điện tử,7520114,ky_thuat,standard,,A00;A01;C01;X26;D01,A00,,https://diemthi.vnexpress.net/tra-cuu-dai-hoc/loadbenchmark/id/265/year/2026/sortby/1/block_name/-1,Trường Đại học Văn Lang,TP. Hồ Chí Minh,2026,15.0,single_source,6,,,,missing,"Kỹ thuật - Công nghệ (cơ khí, điện, điện tử, ô tô, tự động hóa, vật liệu)",train
DVL:7520115,DVL,7520115,"Kỹ thuật nhiệt (3 chuyên ngành: Kỹ thuật điện lạnh; Máy lạnh, điều hòa không khí và thông gió; Máy lạnh và thiết bị thực phẩm)",7520115,sinh_hoa,standard,,A00;A01;C01;X26;D01;D07,A00,,https://diemthi.vnexpress.net/tra-cuu-dai-hoc/loadbenchmark/id/265/year/2026/sortby/1/block_name/-1,Trường Đại học Văn Lang,TP. Hồ Chí Minh,2026,15.0,single_source,9,,,,missing,Sinh học - Hóa học - Công nghệ sinh học - Thực phẩm,train
DVL:7520118,DVL,7520118,Kỹ thuật hệ thống công nghiệp,7520118,ky_thuat,standard,,A00;A01;D01;C01;X26;X02;X06,A00,,https://diemthi.vnexpress.net/tra-cuu-dai-hoc/loadbenchmark/id/265/year/2026/sortby/1/block_name/-1,Trường Đại học Văn Lang,TP. Hồ Chí Minh,2026,15.0,single_source,1,,,,missing,"Kỹ thuật - Công nghệ (cơ khí, điện, điện tử, ô tô, tự động hóa, vật liệu)",train
DVL:7520120,DVL,7520120,Kỹ thuật hàng không,7520120,du_lich,standard,,A00;A01;C01;X26;D01,A00,,https://diemthi.vnexpress.net/tra-cuu-dai-hoc/loadbenchmark/id/265/year/2026/sortby/1/block_name/-1,Trường Đại học Văn Lang,TP. Hồ Chí Minh,2026,15.0,single_source,4,,,,missing,Du lịch - Khách sạn - Logistics - Hàng không - Dịch vụ,train
DVL:7540101,DVL,7540101,Công nghệ thực phẩm,7540101,sinh_hoa,standard,,B03;B08;A02;B00;C02;D07;A00;C01;A01;C08;D08;X14;X66,B03,,https://diemthi.vnexpress.net/tra-cuu-dai-hoc/loadbenchmark/id/265/year/2026/sortby/1/block_name/-1,Trường Đại học Văn Lang,TP. Hồ Chí Minh,2026,15.0,single_source,6,,,,missing,Sinh học - Hóa học - Công nghệ sinh học - Thực phẩm,train
DVL:7580201,DVL,7580201,Kỹ thuật xây dựng,7580201,xay_dung,standard,,A00;A01;X06;X26;D01;D07,A00,,https://diemthi.vnexpress.net/tra-cuu-dai-hoc/loadbenchmark/id/265/year/2026/sortby/1/block_name/-1,Trường Đại học Văn Lang,TP. Hồ Chí Minh,2026,15.0,single_source,7,,,,missing,Kiến trúc - Xây dựng - Giao thông - Quy hoạch,train
DVL:7580205,DVL,7580205,Kỹ thuật xây dựng công trình giao thông,7580205,xay_dung,standard,,A00;A01;X06;X26;D01;D07,A00,,https://diemthi.vnexpress.net/tra-cuu-dai-hoc/loadbenchmark/id/265/year/2026/sortby/1/block_name/-1,Trường Đại học Văn Lang,TP. Hồ Chí Minh,2026,15.0,single_source,6,,,,missing,Kiến trúc - Xây dựng - Giao thông - Quy hoạch,train
DVL:7580302,DVL,7580302,Quản lý xây dựng,7580302,xay_dung,standard,,A00;A01;X06;X26;D01;D07,A00,,https://diemthi.vnexpress.net/tra-cuu-dai-hoc/loadbenchmark/id/265/year/2026/sortby/1/block_name/-1,Trường Đại học Văn Lang,TP. Hồ Chí Minh,2026,15.0,single_source,8,,,,missing,Kiến trúc - Xây dựng - Giao thông - Quy hoạch,train
DVL:7720101,DVL,7720101,Y khoa,7720101,y_duoc,standard,,A02;B00;B03;B08;A00;D08;D12;D07;X09;X10,A02,Khối sức khỏe: có ngưỡng điểm sàn của Bộ,https://diemthi.vnexpress.net/tra-cuu-dai-hoc/loadbenchmark/id/265/year/2026/sortby/1/block_name/-1,Trường Đại học Văn Lang,TP. Hồ Chí Minh,2026,22.0,single_source,4,,,,missing,Y - Dược - Điều dưỡng - Sức khỏe,train
DVL:7720201,DVL,7720201,Dược học,7720201,y_duoc,standard,,A02;B00;B03;B08;A00;D07;X09;X10,A02,Khối sức khỏe: có ngưỡng điểm sàn của Bộ,https://diemthi.vnexpress.net/tra-cuu-dai-hoc/loadbenchmark/id/265/year/2026/sortby/1/block_name/-1,Trường Đại học Văn Lang,TP. Hồ Chí Minh,2026,20.0,single_source,9,,,,missing,Y - Dược - Điều dưỡng - Sức khỏe,train
DVL:7720301,DVL,7720301,Điều dưỡng,7720301,y_duoc,standard,,A02;B00;B03;B08;C08;D07;D08;A00;X09;X10,A02,Khối sức khỏe: có ngưỡng điểm sàn của Bộ,https://diemthi.vnexpress.net/tra-cuu-dai-hoc/loadbenchmark/id/265/year/2026/sortby/1/block_name/-1,Trường Đại học Văn Lang,TP. Hồ Chí Minh,2026,18.0,single_source,9,,,,missing,Y - Dược - Điều dưỡng - Sức khỏe,train
DVL:7720501,DVL,7720501,Răng- Hàm -Mặt,7720501,y_duoc,standard,,A02;B00;B03;B08;A00;D07;D08;X09;X10,A02,Khối sức khỏe: có ngưỡng điểm sàn của Bộ,https://diemthi.vnexpress.net/tra-cuu-dai-hoc/loadbenchmark/id/265/year/2026/sortby/1/block_name/-1,Trường Đại học Văn Lang,TP. Hồ Chí Minh,2026,22.0,single_source,7,,,,missing,Y - Dược - Điều dưỡng - Sức khỏe,train
DVL:7720601,DVL,7720601,Kỹ thuật xét nghiệm y học,7720601,y_duoc,standard,,A02;B00;B03;B08;A00;D07;D08;X09;X10,A02,Khối sức khỏe: có ngưỡng điểm sàn của Bộ,https://diemthi.vnexpress.net/tra-cuu-dai-hoc/loadbenchmark/id/265/year/2026/sortby/1/block_name/-1,Trường Đại học Văn Lang,TP. Hồ Chí Minh,2026,18.0,single_source,9,,,,missing,Y - Dược - Điều dưỡng - Sức khỏe,train
DVL:7810101,DVL,7810101,Du lịch,7810101,du_lich,standard,,D01;D14;D15;D09;D10;X26;A00;A01;C00,D01,,https://diemthi.vnexpress.net/tra-cuu-dai-hoc/loadbenchmark/id/265/year/2026/sortby/1/block_name/-1,Trường Đại học Văn Lang,TP. Hồ Chí Minh,2026,15.0,single_source,5,,,,missing,Du lịch - Khách sạn - Logistics - Hàng không - Dịch vụ,train
DVL:7810103,DVL,7810103,Quản trị dịch vụ du lịch và lữ hành,7810103,du_lich,standard,,D01;D14;D15;D09;D10;X26;A00;A01;D03,D01,,https://diemthi.vnexpress.net/tra-cuu-dai-hoc/loadbenchmark/id/265/year/2026/sortby/1/block_name/-1,Trường Đại học Văn Lang,TP. Hồ Chí Minh,2026,15.0,single_source,9,,,,missing,Du lịch - Khách sạn - Logistics - Hàng không - Dịch vụ,train
DVL:7810201,DVL,7810201,Quản trị khách sạn,7810201,du_lich,standard,,D01;D14;D15;D09;D10;X26;A00;A01;D03,D01,,https://diemthi.vnexpress.net/tra-cuu-dai-hoc/loadbenchmark/id/265/year/2026/sortby/1/block_name/-1,Trường Đại học Văn Lang,TP. Hồ Chí Minh,2026,15.0,single_source,9,,,,missing,Du lịch - Khách sạn - Logistics - Hàng không - Dịch vụ,train
DVL:7810202,DVL,7810202,Quản trị nhà hàng và dịch vụ ăn uống,7810202,du_lich,standard,,D01;D14;D15;D09;D10;X26;A00;A01;D03,D01,,https://diemthi.vnexpress.net/tra-cuu-dai-hoc/loadbenchmark/id/265/year/2026/sortby/1/block_name/-1,Trường Đại học Văn Lang,TP. Hồ Chí Minh,2026,15.0,single_source,6,,,,missing,Du lịch - Khách sạn - Logistics - Hàng không - Dịch vụ,train
DVL:7850101,DVL,7850101,Quản lý tài nguyên và môi trường,7850101,nong_lam_mt,standard,,A00;A01;B00;D07,A00,,https://diemthi.vnexpress.net/tra-cuu-dai-hoc/loadbenchmark/id/265/year/2026/sortby/1/block_name/-1,Trường Đại học Văn Lang,TP. Hồ Chí Minh,2026,15.0,single_source,1,,,,missing,Nông - Lâm - Thủy sản - Môi trường - Tài nguyên,train
GHA:GHA01,GHA,GHA01,Ngôn ngữ Anh,,ngon_ngu,standard,,D01;D09;D10,D01,,https://diemthi.vnexpress.net/tra-cuu-dai-hoc/loadbenchmark/id/378/year/2026/sortby/1/block_name/-1,Trường Đại học Giao thông Vận tải,Hà Nội,2026,22.7,confirmed_2_sources,1,60.0,24000000.0,25600000.0,observed,Ngôn ngữ - Văn hóa - Quốc tế học,test
GHA:GHA02,GHA,GHA02,Toán ứng dụng (Chuyên ngành Toán tin ứng dụng),,khoa_hoc_tn,standard,,A00;A01;D01;C01;X06,A00,,https://diemthi.vnexpress.net/tra-cuu-dai-hoc/loadbenchmark/id/378/year/2026/sortby/1/block_name/-1,Trường Đại học Giao thông Vận tải,Hà Nội,2026,24.17,confirmed_2_sources,1,60.0,24000000.0,25600000.0,observed,Khoa học tự nhiên - Toán - Vật lý - Thống kê,test
GHA:GHA03,GHA,GHA03,"Kinh tế (Chuyên ngành: Kinh tế và quản lý đầu tư, Kinh tế bưu chính viễn thông)",,tai_chinh,standard,,A00;A01;D01;C01,A00,,https://diemthi.vnexpress.net/tra-cuu-dai-hoc/loadbenchmark/id/378/year/2026/sortby/1/block_name/-1,Trường Đại học Giao thông Vận tải,Hà Nội,2026,24.09,confirmed_2_sources,1,75.0,24000000.0,25600000.0,observed,Tài chính - Ngân hàng - Kế toán - Kiểm toán - Bảo hiểm,test
GHA:GHA04,GHA,GHA04,Quản trị kinh doanh,,kinh_te,standard,,A00;A01;D01;C01,A00,,https://diemthi.vnexpress.net/tra-cuu-dai-hoc/loadbenchmark/id/378/year/2026/sortby/1/block_name/-1,Trường Đại học Giao thông Vận tải,Hà Nội,2026,24.01,confirmed_2_sources,1,70.0,24000000.0,25600000.0,observed,Kinh tế - Kinh doanh - Quản trị - Marketing - Thương mại,test
GHA:GHA04QT,GHA,GHA04QT,Quản trị kinh doanh (Chương trình CLC Quản trị kinh doanh Việt - Anh),,kinh_te,high_quality,,A00;A01;D01;C01,A00,,https://diemthi.vnexpress.net/tra-cuu-dai-hoc/loadbenchmark/id/378/year/2026/sortby/1/block_name/-1,Trường Đại học Giao thông Vận tải,Hà Nội,2026,20.85,confirmed_2_sources,1,90.0,24000000.0,24000000.0,estimated,Kinh tế - Kinh doanh - Quản trị - Marketing - Thương mại,test
GHA:GHA05,GHA,GHA05,Tài chính - Ngân hàng,,tai_chinh,standard,,A00;A01;D01;C01,A00,,https://diemthi.vnexpress.net/tra-cuu-dai-hoc/loadbenchmark/id/378/year/2026/sortby/1/block_name/-1,Trường Đại học Giao thông Vận tải,Hà Nội,2026,24.34,confirmed_2_sources,1,65.0,24000000.0,25600000.0,observed,Tài chính - Ngân hàng - Kế toán - Kiểm toán - Bảo hiểm,test
GHA:GHA06,GHA,GHA06,Kế toán (Chuyên ngành Kế toán tổng hợp),,tai_chinh,standard,,A00;A01;D01;C01,A00,,https://diemthi.vnexpress.net/tra-cuu-dai-hoc/loadbenchmark/id/378/year/2026/sortby/1/block_name/-1,Trường Đại học Giao thông Vận tải,Hà Nội,2026,24.65,confirmed_2_sources,1,70.0,24000000.0,25600000.0,observed,Tài chính - Ngân hàng - Kế toán - Kiểm toán - Bảo hiểm,test
GHA:GHA06QT,GHA,GHA06QT,Kế toán (Chương trình CLC Kế toán tổng hợp Việt - Anh),,tai_chinh,high_quality,,A00;A01;D01;C01,A00,,https://diemthi.vnexpress.net/tra-cuu-dai-hoc/loadbenchmark/id/378/year/2026/sortby/1/block_name/-1,Trường Đại học Giao thông Vận tải,Hà Nội,2026,21.5,confirmed_2_sources,1,90.0,24000000.0,24000000.0,estimated,Tài chính - Ngân hàng - Kế toán - Kiểm toán - Bảo hiểm,test
GHA:GHA07,GHA,GHA07,Quản trị dịch vụ du lịch và lữ hành,,du_lich,standard,,A00;A01;D01;C01,A00,,https://diemthi.vnexpress.net/tra-cuu-dai-hoc/loadbenchmark/id/378/year/2026/sortby/1/block_name/-1,Trường Đại học Giao thông Vận tải,Hà Nội,2026,22.84,confirmed_2_sources,1,70.0,24000000.0,25600000.0,observed,Du lịch - Khách sạn - Logistics - Hàng không - Dịch vụ,test
GHA:GHA08,GHA,GHA08,"Khai thác vận tải (Chuyên ngành: Vận tải - Thương mại quốc tế, Quy hoạch và quản lý GTVT đô thị, Vận tải - Kinh tế đường bộ và thành phố, Vận tải đường sắt)",,du_lich,international,,A00;A01;D01;C01,A00,"Học bằng tiếng Anh (thường cần trình độ tiếng Anh tốt, có thể yêu cầu IELTS/chứng chỉ khi nhập học) | Chương trình liên kết/quốc tế: học phí cao hơn chương trình chuẩn",https://diemthi.vnexpress.net/tra-cuu-dai-hoc/loadbenchmark/id/378/year/2026/sortby/1/block_name/-1,Trường Đại học Giao thông Vận tải,Hà Nội,2026,24.83,confirmed_2_sources,1,120.0,24000000.0,25600000.0,observed,Du lịch - Khách sạn - Logistics - Hàng không - Dịch vụ,test
GHA:GHA08DS,GHA,GHA08DS,"Khai thác vận tải (Chuyên ngành: Khai thác và quản lý đường sắt tốc độ cao, Khai thác và quản lý đường sắt đô thị)",,du_lich,standard,,A00;A01;D01;C01,A00,,https://diemthi.vnexpress.net/tra-cuu-dai-hoc/loadbenchmark/id/378/year/2026/sortby/1/block_name/-1,Trường Đại học Giao thông Vận tải,Hà Nội,2026,23.7,confirmed_2_sources,1,60.0,24000000.0,25600000.0,observed,Du lịch - Khách sạn - Logistics - Hàng không - Dịch vụ,test
GHA:GHA09,GHA,GHA09,"Kinh tế vận tải (Chuyên ngành: Kinh tế vận tải ô tô, Kinh tế vận tải hàng không, Kinh tế vận tải đường sắt, Kinh tế vận tải thuỷ bộ)",,du_lich,standard,,A00;A01;D01;C01,A00,,https://diemthi.vnexpress.net/tra-cuu-dai-hoc/loadbenchmark/id/378/year/2026/sortby/1/block_name/-1,Trường Đại học Giao thông Vận tải,Hà Nội,2026,24.74,confirmed_2_sources,1,140.0,24000000.0,25600000.0,observed,Du lịch - Khách sạn - Logistics - Hàng không - Dịch vụ,test
GHA:GHA10,GHA,GHA10,Logistics và quản lý chuỗi cung ứng,,du_lich,standard,,A00;A01;D01;C01,A00,,https://diemthi.vnexpress.net/tra-cuu-dai-hoc/loadbenchmark/id/378/year/2026/sortby/1/block_name/-1,Trường Đại học Giao thông Vận tải,Hà Nội,2026,26.44,confirmed_2_sources,1,65.0,24000000.0,25600000.0,observed,Du lịch - Khách sạn - Logistics - Hàng không - Dịch vụ,test
GHA:GHA10QT,GHA,GHA10QT,Logistics và quản lý chuỗi cung ứng (Chương trình CLC Logistics và quản lý chuỗi cung ứng Việt - Anh),,du_lich,high_quality,,A00;A01;D01;C01,A00,,https://diemthi.vnexpress.net/tra-cuu-dai-hoc/loadbenchmark/id/378/year/2026/sortby/1/block_name/-1,Trường Đại học Giao thông Vận tải,Hà Nội,2026,25.62,confirmed_2_sources,1,45.0,24000000.0,24000000.0,estimated,Du lịch - Khách sạn - Logistics - Hàng không - Dịch vụ,test
GHA:GHA11,GHA,GHA11,"Kinh tế xây dựng (Chuyên ngành: Kinh tế và quản lý cơ sở hạ tầng, Kinh tế và quản lý đầu tư xây dựng)",,tai_chinh,standard,hạ tầng,A00;A01;D01;C01;X06,A00,Học tại hạ tầng,https://diemthi.vnexpress.net/tra-cuu-dai-hoc/loadbenchmark/id/378/year/2026/sortby/1/block_name/-1,Trường Đại học Giao thông Vận tải,Hà Nội,2026,24.2,confirmed_2_sources,1,120.0,24000000.0,25600000.0,observed,Tài chính - Ngân hàng - Kế toán - Kiểm toán - Bảo hiểm,test
GHA:GHA11QT,GHA,GHA11QT,Kinh tế xây dựng (Chương trình CLC Kinh tế xây dựng công trình giao thông Việt - Anh),,xay_dung,high_quality,,A00;A01;D01;C01;X06,A00,,https://diemthi.vnexpress.net/tra-cuu-dai-hoc/loadbenchmark/id/378/year/2026/sortby/1/block_name/-1,Trường Đại học Giao thông Vận tải,Hà Nội,2026,21.98,confirmed_2_sources,1,50.0,24000000.0,24000000.0,estimated,Kiến trúc - Xây dựng - Giao thông - Quy hoạch,test
GHA:GHA12,GHA,GHA12,Quản lý xây dựng (Chuyên ngành Quản lý dự án),,xay_dung,standard,,A00;A01;D01;C01;X06,A00,,https://diemthi.vnexpress.net/tra-cuu-dai-hoc/loadbenchmark/id/378/year/2026/sortby/1/block_name/-1,Trường Đại học Giao thông Vận tải,Hà Nội,2026,23.66,confirmed_2_sources,1,60.0,24000000.0,25600000.0,observed,Kiến trúc - Xây dựng - Giao thông - Quy hoạch,test
GHA:GHA12QT,GHA,GHA12QT,Quản lý xây dựng (Chương trình CLC Quản lý xây dựng Việt - Anh),,xay_dung,high_quality,,A00;A01;D01;C01;X06,A00,,https://diemthi.vnexpress.net/tra-cuu-dai-hoc/loadbenchmark/id/378/year/2026/sortby/1/block_name/-1,Trường Đại học Giao thông Vận tải,Hà Nội,2026,20.43,confirmed_2_sources,1,50.0,24000000.0,24000000.0,estimated,Kiến trúc - Xây dựng - Giao thông - Quy hoạch,test
GHA:GHA13,GHA,GHA13,Khoa học máy tính,,cntt,standard,,A00;A01;C01;X06,A00,,https://diemthi.vnexpress.net/tra-cuu-dai-hoc/loadbenchmark/id/378/year/2026/sortby/1/block_name/-1,Trường Đại học Giao thông Vận tải,Hà Nội,2026,24.93,confirmed_2_sources,1,60.0,24000000.0,25600000.0,observed,Công nghệ thông tin - Máy tính - Dữ liệu - AI,test
GHA:GHA14,GHA,GHA14,Công nghệ thông tin,,cntt,standard,,A00;A01;C01;X06,A00,,https://diemthi.vnexpress.net/tra-cuu-dai-hoc/loadbenchmark/id/378/year/2026/sortby/1/block_name/-1,Trường Đại học Giao thông Vận tải,Hà Nội,2026,24.2,confirmed_2_sources,1,180.0,24000000.0,25600000.0,observed,Công nghệ thông tin - Máy tính - Dữ liệu - AI,test
GHA:GHA14QT,GHA,GHA14QT,Công nghệ thông tin (Chương trình CLC Công nghệ thông tin Việt - Anh),,cntt,high_quality,,A00;A01;C01;X06,A00,,https://diemthi.vnexpress.net/tra-cuu-dai-hoc/loadbenchmark/id/378/year/2026/sortby/1/block_name/-1,Trường Đại học Giao thông Vận tải,Hà Nội,2026,22.44,confirmed_2_sources,1,90.0,24000000.0,24000000.0,estimated,Công nghệ thông tin - Máy tính - Dữ liệu - AI,test
GHA:GHA15,GHA,GHA15,Trí tuệ nhân tạo,,cntt,standard,,A00;A01;C01;X06,A00,,https://diemthi.vnexpress.net/tra-cuu-dai-hoc/loadbenchmark/id/378/year/2026/sortby/1/block_name/-1,Trường Đại học Giao thông Vận tải,Hà Nội,2026,24.41,confirmed_2_sources,1,40.0,24000000.0,25600000.0,observed,Công nghệ thông tin - Máy tính - Dữ liệu - AI,test
GHA:GHA16,GHA,GHA16,"Kỹ thuật cơ khí (Chuyên ngành: Công nghệ chế tạo cơ khí, Tự động hoá thiết kế cơ khí)",,thiet_ke,standard,,A00;A01;D07;C01;X06,A00,,https://diemthi.vnexpress.net/tra-cuu-dai-hoc/loadbenchmark/id/378/year/2026/sortby/1/block_name/-1,Trường Đại học Giao thông Vận tải,Hà Nội,2026,26.01,confirmed_2_sources,1,75.0,24000000.0,25600000.0,observed,Thiết kế - Nghệ thuật - Sáng tạo số,test
GHA:GHA16QT,GHA,GHA16QT,Kỹ thuật cơ khí (Chương trình CLC Tự động hóa thiết kế cơ khí),,thiet_ke,high_quality,,A00;A01;C01;D07;X06,A00,,https://diemthi.vnexpress.net/tra-cuu-dai-hoc/loadbenchmark/id/378/year/2026/sortby/1/block_name/-1,Trường Đại học Giao thông Vận tải,Hà Nội,2026,24.38,confirmed_2_sources,1,50.0,24000000.0,24000000.0,estimated,Thiết kế - Nghệ thuật - Sáng tạo số,test
GHA:GHA17,GHA,GHA17,Kỹ thuật cơ điện tử,,ky_thuat,standard,,A00;A01;D07;C01;X06,A00,,https://diemthi.vnexpress.net/tra-cuu-dai-hoc/loadbenchmark/id/378/year/2026/sortby/1/block_name/-1,Trường Đại học Giao thông Vận tải,Hà Nội,2026,26.23,confirmed_2_sources,1,60.0,24000000.0,25600000.0,observed,"Kỹ thuật - Công nghệ (cơ khí, điện, điện tử, ô tô, tự động hóa, vật liệu)",test
GHA:GHA18,GHA,GHA18,Kỹ thuật nhiệt (Chuyên ngành Kỹ thuật nhiệt lạnh và điều hoà không khí),,ky_thuat,standard,,A00;A01;D07;C01;X06,A00,,https://diemthi.vnexpress.net/tra-cuu-dai-hoc/loadbenchmark/id/378/year/2026/sortby/1/block_name/-1,Trường Đại học Giao thông Vận tải,Hà Nội,2026,25.45,confirmed_2_sources,1,70.0,24000000.0,25600000.0,observed,"Kỹ thuật - Công nghệ (cơ khí, điện, điện tử, ô tô, tự động hóa, vật liệu)",test
GHA:GHA19,GHA,GHA19,"Kỹ thuật cơ khí động lực (Chuyên ngành: Kỹ thuật phương tiện đường sắt, Máy xây dựng, Kỹ thuật máy động lực)",,xay_dung,standard,,A00;A01;D07;C01;X06,A00,,https://diemthi.vnexpress.net/tra-cuu-dai-hoc/loadbenchmark/id/378/year/2026/sortby/1/block_name/-1,Trường Đại học Giao thông Vận tải,Hà Nội,2026,24.56,confirmed_2_sources,1,150.0,24000000.0,25600000.0,observed,Kiến trúc - Xây dựng - Giao thông - Quy hoạch,test
GHA:GHA19DS,GHA,GHA19DS,Kỹ thuật cơ khí động lực (Chuyên ngành Kỹ thuật phương tiện đường sắt tốc độ cao),,xay_dung,standard,,A00;A01;D01;C01;X06,A00,,https://diemthi.vnexpress.net/tra-cuu-dai-hoc/loadbenchmark/id/378/year/2026/sortby/1/block_name/-1,Trường Đại học Giao thông Vận tải,Hà Nội,2026,24.23,confirmed_2_sources,1,75.0,24000000.0,25600000.0,observed,Kiến trúc - Xây dựng - Giao thông - Quy hoạch,test
GHA:GHA20,GHA,GHA20,Kỹ thuật ô tô,,ky_thuat,standard,,A00;A01;D07;C01;X06,A00,,https://diemthi.vnexpress.net/tra-cuu-dai-hoc/loadbenchmark/id/378/year/2026/sortby/1/block_name/-1,Trường Đại học Giao thông Vận tải,Hà Nội,2026,24.76,confirmed_2_sources,1,180.0,24000000.0,25600000.0,observed,"Kỹ thuật - Công nghệ (cơ khí, điện, điện tử, ô tô, tự động hóa, vật liệu)",test
GHA:GHA20QT,GHA,GHA20QT,Kỹ thuật ô tô (Chương trình CLC Kỹ thuật ô tô),,ky_thuat,high_quality,,A00;A01;C01;D07;X06,A00,,https://diemthi.vnexpress.net/tra-cuu-dai-hoc/loadbenchmark/id/378/year/2026/sortby/1/block_name/-1,Trường Đại học Giao thông Vận tải,Hà Nội,2026,22.79,confirmed_2_sources,1,90.0,24000000.0,24000000.0,estimated,"Kỹ thuật - Công nghệ (cơ khí, điện, điện tử, ô tô, tự động hóa, vật liệu)",test
GHA:GHA21,GHA,GHA21,"Kỹ thuật điện (Chuyên ngành: Trang bị điện trong công nghiệp và GTVT, Hệ thống điện trong giao thông và công nghiệp)",,xay_dung,standard,,A00;A01;C01;X06,A00,,https://diemthi.vnexpress.net/tra-cuu-dai-hoc/loadbenchmark/id/378/year/2026/sortby/1/block_name/-1,Trường Đại học Giao thông Vận tải,Hà Nội,2026,25.63,confirmed_2_sources,1,70.0,24000000.0,25600000.0,observed,Kiến trúc - Xây dựng - Giao thông - Quy hoạch,test
GHA:GHA21DS,GHA,GHA21DS,"Kỹ thuật điện (Chuyên ngành Hệ thống điện đường sắt tốc độ cao, đường sắt đô thị)",,xay_dung,standard,,A00;A01;C01;X06,A00,,https://diemthi.vnexpress.net/tra-cuu-dai-hoc/loadbenchmark/id/378/year/2026/sortby/1/block_name/-1,Trường Đại học Giao thông Vận tải,Hà Nội,2026,24.9,confirmed_2_sources,1,65.0,24000000.0,25600000.0,observed,Kiến trúc - Xây dựng - Giao thông - Quy hoạch,test
GHA:GHA22,GHA,GHA22,"Kỹ thuật điện tử - viễn thông (Chuyên ngành: Kỹ thuật viễn thông, Kỹ thuật thông tin và truyền thông)",,bao_chi,standard,,A00;A01;C01;X06,A00,,https://diemthi.vnexpress.net/tra-cuu-dai-hoc/loadbenchmark/id/378/year/2026/sortby/1/block_name/-1,Trường Đại học Giao thông Vận tải,Hà Nội,2026,24.87,confirmed_2_sources,1,140.0,24000000.0,25600000.0,observed,Báo chí - Truyền thông - Quan hệ công chúng,test
GHA:GHA22BD,GHA,GHA22BD,Kỹ thuật điện tử - viễn thông (Chuyên ngành Kỹ thuật điện tử và tin học công nghiệp),,ky_thuat,standard,,A00;A01;C01;X06,A00,,https://diemthi.vnexpress.net/tra-cuu-dai-hoc/loadbenchmark/id/378/year/2026/sortby/1/block_name/-1,Trường Đại học Giao thông Vận tải,Hà Nội,2026,25.0,confirmed_2_sources,1,50.0,24000000.0,25600000.0,observed,"Kỹ thuật - Công nghệ (cơ khí, điện, điện tử, ô tô, tự động hóa, vật liệu)",test
GHA:GHA22QT,GHA,GHA22QT,Kỹ thuật điện tử - viễn thông (Chương trình CLC Kỹ thuật viễn thông),,ky_thuat,high_quality,,A00;A01;C01;X06,A00,,https://diemthi.vnexpress.net/tra-cuu-dai-hoc/loadbenchmark/id/378/year/2026/sortby/1/block_name/-1,Trường Đại học Giao thông Vận tải,Hà Nội,2026,23.26,confirmed_2_sources,1,50.0,24000000.0,24000000.0,estimated,"Kỹ thuật - Công nghệ (cơ khí, điện, điện tử, ô tô, tự động hóa, vật liệu)",test
GHA:GHA23,GHA,GHA23,"Kỹ thuật điều khiển và tự động hoá (Chuyên ngành: Tự động hoá, Kỹ thuật điều khiển và tự động hoá giao thông)",,xay_dung,standard,,A00;A01;C01;X06,A00,,https://diemthi.vnexpress.net/tra-cuu-dai-hoc/loadbenchmark/id/378/year/2026/sortby/1/block_name/-1,Trường Đại học Giao thông Vận tải,Hà Nội,2026,26.5,confirmed_2_sources,1,130.0,24000000.0,25600000.0,observed,Kiến trúc - Xây dựng - Giao thông - Quy hoạch,test
GHA:GHA23DS,GHA,GHA23DS,Kỹ thuật điều khiển và tự động hoá (Chuyên ngành Điều khiển và thông tin tín hiệu đường sắt hiện đại),,xay_dung,standard,,A00;A01;C01;X06,A00,,https://diemthi.vnexpress.net/tra-cuu-dai-hoc/loadbenchmark/id/378/year/2026/sortby/1/block_name/-1,Trường Đại học Giao thông Vận tải,Hà Nội,2026,25.52,confirmed_2_sources,1,60.0,24000000.0,25600000.0,observed,Kiến trúc - Xây dựng - Giao thông - Quy hoạch,test
GHA:GHA23TM,GHA,GHA23TM,Kỹ thuật điều khiển và tự động hoá (Chuyên ngành Hệ thống giao thông thông minh),,xay_dung,standard,,A00;A01;C01;X06,A00,,https://diemthi.vnexpress.net/tra-cuu-dai-hoc/loadbenchmark/id/378/year/2026/sortby/1/block_name/-1,Trường Đại học Giao thông Vận tải,Hà Nội,2026,25.78,confirmed_2_sources,1,60.0,24000000.0,25600000.0,observed,Kiến trúc - Xây dựng - Giao thông - Quy hoạch,test
GHA:GHA24,GHA,GHA24,Kỹ thuật robot (Chuyên ngành Kỹ thuật robot và trí tuệ nhân tạo),,cntt,standard,,A00;A01;C01;X06,A00,,https://diemthi.vnexpress.net/tra-cuu-dai-hoc/loadbenchmark/id/378/year/2026/sortby/1/block_name/-1,Trường Đại học Giao thông Vận tải,Hà Nội,2026,25.18,confirmed_2_sources,1,65.0,24000000.0,25600000.0,observed,Công nghệ thông tin - Máy tính - Dữ liệu - AI,test
GHA:GHA25,GHA,GHA25,Kỹ thuật môi trường,,nong_lam_mt,standard,,A00;B00;D01;C01;X06,A00,,https://diemthi.vnexpress.net/tra-cuu-dai-hoc/loadbenchmark/id/378/year/2026/sortby/1/block_name/-1,Trường Đại học Giao thông Vận tải,Hà Nội,2026,22.21,confirmed_2_sources,1,55.0,24000000.0,25600000.0,observed,Nông - Lâm - Thủy sản - Môi trường - Tài nguyên,test
GHA:GHA26,GHA,GHA26,Kỹ thuật an toàn giao thông,,xay_dung,standard,,A00;A01;D01;C01;X06,A00,,https://diemthi.vnexpress.net/tra-cuu-dai-hoc/loadbenchmark/id/378/year/2026/sortby/1/block_name/-1,Trường Đại học Giao thông Vận tải,Hà Nội,2026,21.5,confirmed_2_sources,1,60.0,24000000.0,25600000.0,observed,Kiến trúc - Xây dựng - Giao thông - Quy hoạch,test
GHA:GHA27,GHA,GHA27,Kiến trúc,,xay_dung,standard,,A00;A01,A00,,https://diemthi.vnexpress.net/tra-cuu-dai-hoc/loadbenchmark/id/378/year/2026/sortby/1/block_name/-1,Trường Đại học Giao thông Vận tải,Hà Nội,2026,22.23,confirmed_2_sources,1,50.0,24000000.0,25600000.0,observed,Kiến trúc - Xây dựng - Giao thông - Quy hoạch,test
GHA:GHA28,GHA,GHA28,"Kỹ thuật xây dựng (Chuyên ngành: Xây dựng dân dụng và công nghiệp, Kết cấu xây dựng, Vật liệu và công nghệ xây dựng)",,xay_dung,standard,,A00;A01;D01;C01;D07,A00,,https://diemthi.vnexpress.net/tra-cuu-dai-hoc/loadbenchmark/id/378/year/2026/sortby/1/block_name/-1,Trường Đại học Giao thông Vận tải,Hà Nội,2026,23.53,confirmed_2_sources,1,170.0,24000000.0,25600000.0,observed,Kiến trúc - Xây dựng - Giao thông - Quy hoạch,test
GHA:GHA28QT1,GHA,GHA28QT1,Kỹ thuật xây dựng (Chương trình tiên tiến Kỹ thuật xây dựng công trình giao thông),,xay_dung,advanced,,A00;A01;D01;C01;D07,A00,"Học bằng tiếng Anh (thường cần trình độ tiếng Anh tốt, có thể yêu cầu IELTS/chứng chỉ khi nhập học)",https://diemthi.vnexpress.net/tra-cuu-dai-hoc/loadbenchmark/id/378/year/2026/sortby/1/block_name/-1,Trường Đại học Giao thông Vận tải,Hà Nội,2026,21.56,confirmed_2_sources,1,60.0,24000000.0,24000000.0,estimated,Kiến trúc - Xây dựng - Giao thông - Quy hoạch,test
GHA:GHA28QT2,GHA,GHA28QT2,Kỹ thuật xây dựng (Chương trình CLC Xây dựng dân dụng và công nghiệp),,xay_dung,high_quality,,A00;A01;D01;C01;D07,A00,,https://diemthi.vnexpress.net/tra-cuu-dai-hoc/loadbenchmark/id/378/year/2026/sortby/1/block_name/-1,Trường Đại học Giao thông Vận tải,Hà Nội,2026,20.26,confirmed_2_sources,1,50.0,24000000.0,24000000.0,estimated,Kiến trúc - Xây dựng - Giao thông - Quy hoạch,test
GHA:GHA29,GHA,GHA29,Kỹ thuật cơ sở hạ tầng (Chuyên ngành Cơ sở hạ tầng kỹ thuật đô thị),,xay_dung,standard,hạ tầng,A00;A01;D01;C01;D07,A00,Học tại hạ tầng,https://diemthi.vnexpress.net/tra-cuu-dai-hoc/loadbenchmark/id/378/year/2026/sortby/1/block_name/-1,Trường Đại học Giao thông Vận tải,Hà Nội,2026,22.82,confirmed_2_sources,1,60.0,24000000.0,25600000.0,observed,Kiến trúc - Xây dựng - Giao thông - Quy hoạch,test
GHA:GHA30,GHA,GHA30,Quản lý đô thị và công trình,,xay_dung,standard,,A00;A01;D01;C01;X06,A00,,https://diemthi.vnexpress.net/tra-cuu-dai-hoc/loadbenchmark/id/378/year/2026/sortby/1/block_name/-1,Trường Đại học Giao thông Vận tải,Hà Nội,2026,22.76,confirmed_2_sources,1,55.0,24000000.0,25600000.0,observed,Kiến trúc - Xây dựng - Giao thông - Quy hoạch,test
GHA:GHA31,GHA,GHA31,Kỹ thuật xây dựng công trình thủy,,xay_dung,standard,,A00;A01;D01;C01;X06,A00,,https://diemthi.vnexpress.net/tra-cuu-dai-hoc/loadbenchmark/id/378/year/2026/sortby/1/block_name/-1,Trường Đại học Giao thông Vận tải,Hà Nội,2026,21.88,confirmed_2_sources,1,50.0,24000000.0,25600000.0,observed,Kiến trúc - Xây dựng - Giao thông - Quy hoạch,test
GHA:GHA32,GHA,GHA32,Kỹ thuật xây dựng công trình giao thông,,xay_dung,standard,,A00;A01;D01;C01;X06,A00,,https://vietnamnet.vn/newsapi-edu/UniversityDetail/GetDetail?pageId=49ff289efde0446f9ae2f5c385595744&componentId=COMPONENT002302&keyword=GHA&year=2026&pageSize=25&pageIndex=7&typeOfTraining=0&subjectGroup=,Trường Đại học Giao thông Vận tải,Hà Nội,2026,20.0,disputed,1,550.0,24000000.0,24000000.0,estimated,Kiến trúc - Xây dựng - Giao thông - Quy hoạch,test
GHA:GHA32DS,GHA,GHA32DS,Kỹ thuật xây dựng công trình giao thông (Chuyên ngành Đường sắt tốc độ cao),,xay_dung,standard,,A00;A01;D01;C01;X06,A00,,https://vietnamnet.vn/newsapi-edu/UniversityDetail/GetDetail?pageId=49ff289efde0446f9ae2f5c385595744&componentId=COMPONENT002302&keyword=GHA&year=2026&pageSize=25&pageIndex=6&typeOfTraining=0&subjectGroup=,Trường Đại học Giao thông Vận tải,Hà Nội,2026,23.96,confirmed_2_sources,1,60.0,24000000.0,24000000.0,estimated,Kiến trúc - Xây dựng - Giao thông - Quy hoạch,test
GHA:GHA32QT1,GHA,GHA32QT1,Kỹ thuật xây dựng công trình giao thông (Chương trình CLC Cầu - Đường bộ Việt - Pháp),,xay_dung,high_quality,,A00;A01;D03;C01;X06,A00,,https://vietnamnet.vn/newsapi-edu/UniversityDetail/GetDetail?pageId=49ff289efde0446f9ae2f5c385595744&componentId=COMPONENT002302&keyword=GHA&year=2026&pageSize=25&pageIndex=6&typeOfTraining=0&subjectGroup=,Trường Đại học Giao thông Vận tải,Hà Nội,2026,20.16,confirmed_2_sources,1,50.0,24000000.0,24000000.0,estimated,Kiến trúc - Xây dựng - Giao thông - Quy hoạch,test
GHA:GHA32QT2,GHA,GHA32QT2,Kỹ thuật xây dựng công trình giao thông (Chương trình CLC Cầu- Đường bộ Việt - Anh),,xay_dung,high_quality,,A00;A01;D01;C01;X06,A00,,https://vietnamnet.vn/newsapi-edu/UniversityDetail/GetDetail?pageId=49ff289efde0446f9ae2f5c385595744&componentId=COMPONENT002302&keyword=GHA&year=2026&pageSize=25&pageIndex=6&typeOfTraining=0&subjectGroup=,Trường Đại học Giao thông Vận tải,Hà Nội,2026,20.55,confirmed_2_sources,1,50.0,24000000.0,24000000.0,estimated,Kiến trúc - Xây dựng - Giao thông - Quy hoạch,test
GHA:GHA33,GHA,GHA33,"Kỹ thuật máy tính (theo hướng chuyên sâu vi mạch - bán dẫn, bao gồm lớp kỹ sư tài năng)",,cntt,standard,,A00;A01;C01;X06,A00,,https://vietnamnet.vn/newsapi-edu/UniversityDetail/GetDetail?pageId=49ff289efde0446f9ae2f5c385595744&componentId=COMPONENT002302&keyword=GHA&year=2026&pageSize=25&pageIndex=5&typeOfTraining=0&subjectGroup=,Trường Đại học Giao thông Vận tải,Hà Nội,2026,24.83,confirmed_2_sources,1,120.0,24000000.0,24000000.0,estimated,Công nghệ thông tin - Máy tính - Dữ liệu - AI,test
HBT:527,HBT,527,"Ngành Kinh tế, chương trình đào tạo Quản lý kinh tế",,kinh_te,standard,,D01;X02,D01,,https://vietnamnet.vn/newsapi-edu/UniversityDetail/GetDetail?pageId=49ff289efde0446f9ae2f5c385595744&componentId=COMPONENT002302&keyword=HBT&year=2026&pageSize=25&pageIndex=4&typeOfTraining=0&subjectGroup=,Học viện Báo chí và Tuyên truyền,Hà Nội,2026,24.15,single_source,8,,,,missing,Kinh tế - Kinh doanh - Quản trị - Marketing - Thương mại,train
HBT:531,HBT,531,"Ngành Chính trị học, chương trình đào tạo Chính trị phát triển",,xa_hoi,standard,,D01;A01;X02,D01,,https://vietnamnet.vn/newsapi-edu/UniversityDetail/GetDetail?pageId=49ff289efde0446f9ae2f5c385595744&componentId=COMPONENT002302&keyword=HBT&year=2026&pageSize=25&pageIndex=5&typeOfTraining=0&subjectGroup=,Học viện Báo chí và Tuyên truyền,Hà Nội,2026,23.2,single_source,8,,,,missing,Khoa học xã hội - Tâm lý - Nhân văn - Chính trị - Hành chính,train
HBT:532,HBT,532,Ngành Quản lý nhà nước,,xa_hoi,standard,,D01;A01;X02,D01,,https://vietnamnet.vn/newsapi-edu/UniversityDetail/GetDetail?pageId=49ff289efde0446f9ae2f5c385595744&componentId=COMPONENT002302&keyword=HBT&year=2026&pageSize=25&pageIndex=5&typeOfTraining=0&subjectGroup=,Học viện Báo chí và Tuyên truyền,Hà Nội,2026,22.98,single_source,8,,,,missing,Khoa học xã hội - Tâm lý - Nhân văn - Chính trị - Hành chính,train
HBT:533,HBT,533,"Ngành Chính trị học, chương trình đào tạo Tư tưởng Hồ Chí Minh",,xa_hoi,standard,,D01;A01;X02,D01,,https://vietnamnet.vn/newsapi-edu/UniversityDetail/GetDetail?pageId=49ff289efde0446f9ae2f5c385595744&componentId=COMPONENT002302&keyword=HBT&year=2026&pageSize=25&pageIndex=5&typeOfTraining=0&subjectGroup=,Học viện Báo chí và Tuyên truyền,Hà Nội,2026,23.21,single_source,7,,,,missing,Khoa học xã hội - Tâm lý - Nhân văn - Chính trị - Hành chính,train
HBT:538,HBT,538,"Ngành Chính trị học, chương trình đào tạo Truyền thông chính sách",,bao_chi,standard,,D01;A01;X02,D01,,https://vietnamnet.vn/newsapi-edu/UniversityDetail/GetDetail?pageId=49ff289efde0446f9ae2f5c385595744&componentId=COMPONENT002302&keyword=HBT&year=2026&pageSize=25&pageIndex=4&typeOfTraining=0&subjectGroup=,Học viện Báo chí và Tuyên truyền,Hà Nội,2026,24.2,single_source,7,,,,missing,Báo chí - Truyền thông - Quan hệ công chúng,train
HBT:603,HBT,603,"Ngành Báo chí, chương trình đào tạo Ảnh báo chí",,bao_chi,standard,,D01,D01,,https://vietnamnet.vn/newsapi-edu/UniversityDetail/GetDetail?pageId=49ff289efde0446f9ae2f5c385595744&componentId=COMPONENT002302&keyword=HBT&year=2026&pageSize=25&pageIndex=1&typeOfTraining=0&subjectGroup=,Học viện Báo chí và Tuyên truyền,Hà Nội,2026,28.1,single_source,1,,,,missing,Báo chí - Truyền thông - Quan hệ công chúng,train
HBT:610,HBT,610,"Ngành Quan hệ quốc tế, chương trình đào tạo Thông tin đối ngoại",,xa_hoi,international,,D01,D01,"Học bằng tiếng Anh (thường cần trình độ tiếng Anh tốt, có thể yêu cầu IELTS/chứng chỉ khi nhập học) | Chương trình liên kết/quốc tế: học phí cao hơn chương trình chuẩn",https://vietnamnet.vn/newsapi-edu/UniversityDetail/GetDetail?pageId=49ff289efde0446f9ae2f5c385595744&componentId=COMPONENT002302&keyword=HBT&year=2026&pageSize=25&pageIndex=4&typeOfTraining=0&subjectGroup=,Học viện Báo chí và Tuyên truyền,Hà Nội,2026,24.7,single_source,1,,,,missing,Khoa học xã hội - Tâm lý - Nhân văn - Chính trị - Hành chính,train
HBT:611,HBT,611,"Ngành Quan hệ quốc tế, chương trình đào tạo Quan hệ chính trị và Truyền thông quốc tế",,bao_chi,international,,D01,D01,"Học bằng tiếng Anh (thường cần trình độ tiếng Anh tốt, có thể yêu cầu IELTS/chứng chỉ khi nhập học) | Chương trình liên kết/quốc tế: học phí cao hơn chương trình chuẩn",https://vietnamnet.vn/newsapi-edu/UniversityDetail/GetDetail?pageId=49ff289efde0446f9ae2f5c385595744&componentId=COMPONENT002302&keyword=HBT&year=2026&pageSize=25&pageIndex=4&typeOfTraining=0&subjectGroup=,Học viện Báo chí và Tuyên truyền,Hà Nội,2026,25.0,single_source,1,,,,missing,Báo chí - Truyền thông - Quan hệ công chúng,train
HBT:612,HBT,612,"Ngành Quan hệ quốc tế, chương trình đào tạo Quan hệ quốc tế và Truyền thông toàn cầu",,bao_chi,international,,D01,D01,"Học bằng tiếng Anh (thường cần trình độ tiếng Anh tốt, có thể yêu cầu IELTS/chứng chỉ khi nhập học) | Chương trình liên kết/quốc tế: học phí cao hơn chương trình chuẩn",https://vietnamnet.vn/newsapi-edu/UniversityDetail/GetDetail?pageId=49ff289efde0446f9ae2f5c385595744&componentId=COMPONENT002302&keyword=HBT&year=2026&pageSize=25&pageIndex=3&typeOfTraining=0&subjectGroup=,Học viện Báo chí và Tuyên truyền,Hà Nội,2026,25.25,single_source,1,,,,missing,Báo chí - Truyền thông - Quan hệ công chúng,train
HBT:613,HBT,613,"Ngành Quan hệ công chúng, chương trình đào tạo Quan hệ công chúng chuyên nghiệp",,bao_chi,standard,,X79;D01,X79,,https://vietnamnet.vn/newsapi-edu/UniversityDetail/GetDetail?pageId=49ff289efde0446f9ae2f5c385595744&componentId=COMPONENT002302&keyword=HBT&year=2026&pageSize=25&pageIndex=3&typeOfTraining=0&subjectGroup=,Học viện Báo chí và Tuyên truyền,Hà Nội,2026,25.86,single_source,1,,,,missing,Báo chí - Truyền thông - Quan hệ công chúng,train
HBT:614,HBT,614,"Ngành Quan hệ công chúng, chương trình đào tạo Truyền thông marketing",,bao_chi,standard,,D01,D01,,https://vietnamnet.vn/newsapi-edu/UniversityDetail/GetDetail?pageId=49ff289efde0446f9ae2f5c385595744&componentId=COMPONENT002302&keyword=HBT&year=2026&pageSize=25&pageIndex=2&typeOfTraining=0&subjectGroup=,Học viện Báo chí và Tuyên truyền,Hà Nội,2026,26.23,single_source,1,,,,missing,Báo chí - Truyền thông - Quan hệ công chúng,train
HBT:615,HBT,615,"Ngành Ngôn ngữ Anh, chương trình đào tạo Biên dịch Ngôn ngữ Anh",,ngon_ngu,standard,,D01,D01,,https://vietnamnet.vn/newsapi-edu/UniversityDetail/GetDetail?pageId=49ff289efde0446f9ae2f5c385595744&componentId=COMPONENT002302&keyword=HBT&year=2026&pageSize=25&pageIndex=4&typeOfTraining=0&subjectGroup=,Học viện Báo chí và Tuyên truyền,Hà Nội,2026,24.42,single_source,1,,,,missing,Ngôn ngữ - Văn hóa - Quốc tế học,train
HBT:616,HBT,616,Ngành Triết học,,xa_hoi,standard,,D01,D01,,https://vietnamnet.vn/newsapi-edu/UniversityDetail/GetDetail?pageId=49ff289efde0446f9ae2f5c385595744&componentId=COMPONENT002302&keyword=HBT&year=2026&pageSize=25&pageIndex=6&typeOfTraining=0&subjectGroup=,Học viện Báo chí và Tuyên truyền,Hà Nội,2026,22.26,single_source,1,,,,missing,Khoa học xã hội - Tâm lý - Nhân văn - Chính trị - Hành chính,train
HBT:617,HBT,617,Ngành Chủ nghĩa xã hội khoa học,,xa_hoi,standard,,X02;D01,X02,,https://vietnamnet.vn/newsapi-edu/UniversityDetail/GetDetail?pageId=49ff289efde0446f9ae2f5c385595744&componentId=COMPONENT002302&keyword=HBT&year=2026&pageSize=25&pageIndex=6&typeOfTraining=0&subjectGroup=,Học viện Báo chí và Tuyên truyền,Hà Nội,2026,22.85,single_source,2,,,,missing,Khoa học xã hội - Tâm lý - Nhân văn - Chính trị - Hành chính,train
HBT:618,HBT,618,"Ngành Quan hệ công chúng, chương trình đào tạo Truyền thông sáng tạo và Quảng cáo",,bao_chi,standard,,D01,D01,,https://vietnamnet.vn/newsapi-edu/UniversityDetail/GetDetail?pageId=49ff289efde0446f9ae2f5c385595744&componentId=COMPONENT002302&keyword=HBT&year=2026&pageSize=25&pageIndex=3&typeOfTraining=0&subjectGroup=,Học viện Báo chí và Tuyên truyền,Hà Nội,2026,25.56,single_source,1,,,,missing,Báo chí - Truyền thông - Quan hệ công chúng,train
HBT:7229010,HBT,7229010,"Ngành Lịch sử, chương trình đào tạo Lịch sử Đảng Cộng sản Việt Nam",7229010,xa_hoi,standard,,C03;D14,C03,,https://vietnamnet.vn/newsapi-edu/UniversityDetail/GetDetail?pageId=49ff289efde0446f9ae2f5c385595744&componentId=COMPONENT002302&keyword=HBT&year=2026&pageSize=25&pageIndex=4&typeOfTraining=0&subjectGroup=,Học viện Báo chí và Tuyên truyền,Hà Nội,2026,24.6,single_source,4,,,,missing,Khoa học xã hội - Tâm lý - Nhân văn - Chính trị - Hành chính,train
HBT:7310102,HBT,7310102,Ngành Kinh tế chính trị,7310102,xa_hoi,standard,,D01;X02,D01,,https://vietnamnet.vn/newsapi-edu/UniversityDetail/GetDetail?pageId=49ff289efde0446f9ae2f5c385595744&componentId=COMPONENT002302&keyword=HBT&year=2026&pageSize=25&pageIndex=4&typeOfTraining=0&subjectGroup=,Học viện Báo chí và Tuyên truyền,Hà Nội,2026,23.8,single_source,8,,,,missing,Khoa học xã hội - Tâm lý - Nhân văn - Chính trị - Hành chính,train
HBT:7310202,HBT,7310202,Ngành Xây dựng Đảng và chính quyền nhà nước,7310202,xay_dung,standard,,D01;X02,D01,,https://vietnamnet.vn/newsapi-edu/UniversityDetail/GetDetail?pageId=49ff289efde0446f9ae2f5c385595744&componentId=COMPONENT002302&keyword=HBT&year=2026&pageSize=25&pageIndex=5&typeOfTraining=0&subjectGroup=,Học viện Báo chí và Tuyên truyền,Hà Nội,2026,23.15,single_source,7,,,,missing,Kiến trúc - Xây dựng - Giao thông - Quy hoạch,train
HBT:7310301,HBT,7310301,Ngành Xã hội học,7310301,xa_hoi,standard,,D01;X02,D01,,https://vietnamnet.vn/newsapi-edu/UniversityDetail/GetDetail?pageId=49ff289efde0446f9ae2f5c385595744&componentId=COMPONENT002302&keyword=HBT&year=2026&pageSize=25&pageIndex=6&typeOfTraining=0&subjectGroup=,Học viện Báo chí và Tuyên truyền,Hà Nội,2026,22.82,single_source,8,,,,missing,Khoa học xã hội - Tâm lý - Nhân văn - Chính trị - Hành chính,train
HBT:7320104,HBT,7320104,Ngành Truyền thông đa phương tiện,7320104,bao_chi,standard,,D01,D01,,https://vietnamnet.vn/newsapi-edu/UniversityDetail/GetDetail?pageId=49ff289efde0446f9ae2f5c385595744&componentId=COMPONENT002302&keyword=HBT&year=2026&pageSize=25&pageIndex=3&typeOfTraining=0&subjectGroup=,Học viện Báo chí và Tuyên truyền,Hà Nội,2026,26.23,single_source,7,,,,missing,Báo chí - Truyền thông - Quan hệ công chúng,train
HBT:7320105,HBT,7320105,Ngành Truyền thông đại chúng,7320105,bao_chi,standard,,D01,D01,,https://vietnamnet.vn/newsapi-edu/UniversityDetail/GetDetail?pageId=49ff289efde0446f9ae2f5c385595744&componentId=COMPONENT002302&keyword=HBT&year=2026&pageSize=25&pageIndex=3&typeOfTraining=0&subjectGroup=,Học viện Báo chí và Tuyên truyền,Hà Nội,2026,25.33,single_source,7,,,,missing,Báo chí - Truyền thông - Quan hệ công chúng,train
HBT:7320107,HBT,7320107,Ngành Truyền thông quốc tế,7320107,bao_chi,international,,D01,D01,"Học bằng tiếng Anh (thường cần trình độ tiếng Anh tốt, có thể yêu cầu IELTS/chứng chỉ khi nhập học) | Chương trình liên kết/quốc tế: học phí cao hơn chương trình chuẩn",https://vietnamnet.vn/newsapi-edu/UniversityDetail/GetDetail?pageId=49ff289efde0446f9ae2f5c385595744&componentId=COMPONENT002302&keyword=HBT&year=2026&pageSize=25&pageIndex=3&typeOfTraining=0&subjectGroup=,Học viện Báo chí và Tuyên truyền,Hà Nội,2026,25.65,single_source,1,,,,missing,Báo chí - Truyền thông - Quan hệ công chúng,train
HBT:7340403,HBT,7340403,Ngành Quản lý công,7340403,xa_hoi,standard,,D01;A01;X02,D01,,https://vietnamnet.vn/newsapi-edu/UniversityDetail/GetDetail?pageId=49ff289efde0446f9ae2f5c385595744&componentId=COMPONENT002302&keyword=HBT&year=2026&pageSize=25&pageIndex=6&typeOfTraining=0&subjectGroup=,Học viện Báo chí và Tuyên truyền,Hà Nội,2026,22.35,single_source,8,,,,missing,Khoa học xã hội - Tâm lý - Nhân văn - Chính trị - Hành chính,train
HBT:7760101,HBT,7760101,Ngành Công tác xã hội,7760101,xa_hoi,standard,,D01;X02,D01,,https://vietnamnet.vn/newsapi-edu/UniversityDetail/GetDetail?pageId=49ff289efde0446f9ae2f5c385595744&componentId=COMPONENT002302&keyword=HBT&year=2026&pageSize=25&pageIndex=5&typeOfTraining=0&subjectGroup=,Học viện Báo chí và Tuyên truyền,Hà Nội,2026,23.24,single_source,8,,,,missing,Khoa học xã hội - Tâm lý - Nhân văn - Chính trị - Hành chính,train
HBT:801,HBT,801,"Ngành Xuất bản, chương trình đào tạo Biên tập xuất bản",,bao_chi,standard,,D01,D01,,https://vietnamnet.vn/newsapi-edu/UniversityDetail/GetDetail?pageId=49ff289efde0446f9ae2f5c385595744&componentId=COMPONENT002302&keyword=HBT&year=2026&pageSize=25&pageIndex=1&typeOfTraining=0&subjectGroup=,Học viện Báo chí và Tuyên truyền,Hà Nội,2026,28.5,single_source,7,,,,missing,Báo chí - Truyền thông - Quan hệ công chúng,train
HBT:802,HBT,802,"Ngành Xuất bản, chương trình đào tạo Xuất bản điện tử",,bao_chi,standard,,D01,D01,,https://vietnamnet.vn/newsapi-edu/UniversityDetail/GetDetail?pageId=49ff289efde0446f9ae2f5c385595744&componentId=COMPONENT002302&keyword=HBT&year=2026&pageSize=25&pageIndex=1&typeOfTraining=0&subjectGroup=,Học viện Báo chí và Tuyên truyền,Hà Nội,2026,28.6,single_source,6,,,,missing,Báo chí - Truyền thông - Quan hệ công chúng,train
HBT:BC603,HBT,BC603,"Báo chí, chuyên ngành Ảnh báo chí",,bao_chi,standard,,D01;X78;D15;D14,D01,,https://diemthi.vnexpress.net/tra-cuu-dai-hoc/loadbenchmark/id/381/year/2026/sortby/1/block_name/-1,Học viện Báo chí và Tuyên truyền,Hà Nội,2026,28.1,confirmed_2_sources,1,50.0,,,missing,Báo chí - Truyền thông - Quan hệ công chúng,train
HBT:BC7320104,HBT,BC7320104,Truyền thông đa phương tiện,,bao_chi,standard,,D01;X78;D15;D14,D01,,https://diemthi.vnexpress.net/tra-cuu-dai-hoc/loadbenchmark/id/381/year/2026/sortby/1/block_name/-1,Học viện Báo chí và Tuyên truyền,Hà Nội,2026,26.23,confirmed_2_sources,1,150.0,,,missing,Báo chí - Truyền thông - Quan hệ công chúng,train
HBT:BC7320105,HBT,BC7320105,Truyền thông đại chúng,,bao_chi,standard,,D01;X78;D15;D14,D01,,https://diemthi.vnexpress.net/tra-cuu-dai-hoc/loadbenchmark/id/381/year/2026/sortby/1/block_name/-1,Học viện Báo chí và Tuyên truyền,Hà Nội,2026,25.33,confirmed_2_sources,1,100.0,,,missing,Báo chí - Truyền thông - Quan hệ công chúng,train
HBT:CN7229008,HBT,CN7229008,Chủ nghĩa xã hội khoa học,,xa_hoi,standard,,D01;C04;C03;X01,D01,,https://diemthi.vnexpress.net/tra-cuu-dai-hoc/loadbenchmark/id/381/year/2026/sortby/1/block_name/-1,Học viện Báo chí và Tuyên truyền,Hà Nội,2026,22.85,confirmed_2_sources,1,40.0,,,missing,Khoa học xã hội - Tâm lý - Nhân văn - Chính trị - Hành chính,train
HBT:CT531,HBT,CT531,"Chính trị học, chuyên ngành Chính trị phát triển",,xa_hoi,standard,,D01;C04;C03;X01,D01,,https://diemthi.vnexpress.net/tra-cuu-dai-hoc/loadbenchmark/id/381/year/2026/sortby/1/block_name/-1,Học viện Báo chí và Tuyên truyền,Hà Nội,2026,23.2,confirmed_2_sources,1,50.0,,,missing,Khoa học xã hội - Tâm lý - Nhân văn - Chính trị - Hành chính,train
HBT:CT7340403,HBT,CT7340403,Quản lý công,,xa_hoi,standard,,D01;C04;C03;X01,D01,,https://diemthi.vnexpress.net/tra-cuu-dai-hoc/loadbenchmark/id/381/year/2026/sortby/1/block_name/-1,Học viện Báo chí và Tuyên truyền,Hà Nội,2026,22.35,confirmed_2_sources,1,100.0,,,missing,Khoa học xã hội - Tâm lý - Nhân văn - Chính trị - Hành chính,train
HBT:KT527,HBT,KT527,"Kinh tế, chuyên ngành Quản lý kinh tế",,kinh_te,standard,,D01;C04;C03;X01,D01,,https://diemthi.vnexpress.net/tra-cuu-dai-hoc/loadbenchmark/id/381/year/2026/sortby/1/block_name/-1,Học viện Báo chí và Tuyên truyền,Hà Nội,2026,24.15,confirmed_2_sources,1,150.0,,,missing,Kinh tế - Kinh doanh - Quản trị - Marketing - Thương mại,train
HBT:KT7310102,HBT,KT7310102,Kinh tế chính trị,,xa_hoi,standard,,D01;C04;C03;X01,D01,,https://diemthi.vnexpress.net/tra-cuu-dai-hoc/loadbenchmark/id/381/year/2026/sortby/1/block_name/-1,Học viện Báo chí và Tuyên truyền,Hà Nội,2026,23.8,confirmed_2_sources,1,40.0,,,missing,Khoa học xã hội - Tâm lý - Nhân văn - Chính trị - Hành chính,train
HBT:LS7229010,HBT,LS7229010,"Lịch sử, chuyên ngành Lịch sử Đảng Cộng sản Việt Nam",,xa_hoi,standard,,D14;C03;A07,D14,,https://diemthi.vnexpress.net/tra-cuu-dai-hoc/loadbenchmark/id/381/year/2026/sortby/1/block_name/-1,Học viện Báo chí và Tuyên truyền,Hà Nội,2026,24.6,confirmed_2_sources,1,40.0,,,missing,Khoa học xã hội - Tâm lý - Nhân văn - Chính trị - Hành chính,train
HBT:NN7220201,HBT,NN7220201,Ngôn ngữ Anh,,ngon_ngu,standard,,D01;X78;D15;D14,D01,,https://diemthi.vnexpress.net/tra-cuu-dai-hoc/loadbenchmark/id/381/year/2026/sortby/1/block_name/-1,Học viện Báo chí và Tuyên truyền,Hà Nội,2026,24.42,confirmed_2_sources,1,60.0,,,missing,Ngôn ngữ - Văn hóa - Quốc tế học,train
HBT:NP7310205,HBT,NP7310205,Quản lý nhà nước,,xa_hoi,standard,,D01;C04;C03;X01,D01,,https://diemthi.vnexpress.net/tra-cuu-dai-hoc/loadbenchmark/id/381/year/2026/sortby/1/block_name/-1,Học viện Báo chí và Tuyên truyền,Hà Nội,2026,22.98,confirmed_2_sources,1,100.0,,,missing,Khoa học xã hội - Tâm lý - Nhân văn - Chính trị - Hành chính,train
HBT:QQ615,HBT,QQ615,"Quan hệ công chúng, chuyên ngành Quan hệ công chúng chuyên nghiệp",,bao_chi,standard,,D01;X78;D15;D14,D01,,https://diemthi.vnexpress.net/tra-cuu-dai-hoc/loadbenchmark/id/381/year/2026/sortby/1/block_name/-1,Học viện Báo chí và Tuyên truyền,Hà Nội,2026,25.86,confirmed_2_sources,1,50.0,,,missing,Báo chí - Truyền thông - Quan hệ công chúng,train
HBT:QQ616,HBT,QQ616,"Quan hệ công chúng, chuyên ngành Truyền thông marketing",,bao_chi,standard,,D01;X78;D15;D14,D01,,https://diemthi.vnexpress.net/tra-cuu-dai-hoc/loadbenchmark/id/381/year/2026/sortby/1/block_name/-1,Học viện Báo chí và Tuyên truyền,Hà Nội,2026,26.23,confirmed_2_sources,1,100.0,,,missing,Báo chí - Truyền thông - Quan hệ công chúng,train
HBT:QQ618,HBT,QQ618,"Quan hệ công chúng, chuyên ngành Truyền thông sáng tạo và Quảng cáo",,bao_chi,standard,,D01;X78;D15;D14,D01,,https://diemthi.vnexpress.net/tra-cuu-dai-hoc/loadbenchmark/id/381/year/2026/sortby/1/block_name/-1,Học viện Báo chí và Tuyên truyền,Hà Nội,2026,25.56,confirmed_2_sources,1,50.0,,,missing,Báo chí - Truyền thông - Quan hệ công chúng,train
HBT:QT610,HBT,QT610,"Quan hệ quốc tế, chuyên ngành Thông tin đối ngoại",,xa_hoi,international,,D01;X78;D15;D14,D01,"Học bằng tiếng Anh (thường cần trình độ tiếng Anh tốt, có thể yêu cầu IELTS/chứng chỉ khi nhập học) | Chương trình liên kết/quốc tế: học phí cao hơn chương trình chuẩn",https://diemthi.vnexpress.net/tra-cuu-dai-hoc/loadbenchmark/id/381/year/2026/sortby/1/block_name/-1,Học viện Báo chí và Tuyên truyền,Hà Nội,2026,24.7,confirmed_2_sources,1,50.0,,,missing,Khoa học xã hội - Tâm lý - Nhân văn - Chính trị - Hành chính,train
HBT:QT611,HBT,QT611,"Quan hệ quốc tế, chuyên ngành Quan hệ chính trị và truyền thông quốc tế",,bao_chi,international,,D01;X78;D15;D14,D01,"Học bằng tiếng Anh (thường cần trình độ tiếng Anh tốt, có thể yêu cầu IELTS/chứng chỉ khi nhập học) | Chương trình liên kết/quốc tế: học phí cao hơn chương trình chuẩn",https://diemthi.vnexpress.net/tra-cuu-dai-hoc/loadbenchmark/id/381/year/2026/sortby/1/block_name/-1,Học viện Báo chí và Tuyên truyền,Hà Nội,2026,25.0,confirmed_2_sources,1,50.0,,,missing,Báo chí - Truyền thông - Quan hệ công chúng,train
HBT:QT614,HBT,QT614,"Quan hệ quốc tế, chuyên ngành Quan hệ quốc tế và Truyền thông toàn cầu",,bao_chi,international,,D01;X78;D15;D14,D01,"Học bằng tiếng Anh (thường cần trình độ tiếng Anh tốt, có thể yêu cầu IELTS/chứng chỉ khi nhập học) | Chương trình liên kết/quốc tế: học phí cao hơn chương trình chuẩn",https://diemthi.vnexpress.net/tra-cuu-dai-hoc/loadbenchmark/id/381/year/2026/sortby/1/block_name/-1,Học viện Báo chí và Tuyên truyền,Hà Nội,2026,25.25,confirmed_2_sources,1,50.0,,,missing,Báo chí - Truyền thông - Quan hệ công chúng,train
HBT:QT7320107,HBT,QT7320107,Truyền thông quốc tế,,bao_chi,international,,D01;X78;D15;D14,D01,"Học bằng tiếng Anh (thường cần trình độ tiếng Anh tốt, có thể yêu cầu IELTS/chứng chỉ khi nhập học) | Chương trình liên kết/quốc tế: học phí cao hơn chương trình chuẩn",https://diemthi.vnexpress.net/tra-cuu-dai-hoc/loadbenchmark/id/381/year/2026/sortby/1/block_name/-1,Học viện Báo chí và Tuyên truyền,Hà Nội,2026,25.65,confirmed_2_sources,1,50.0,,,missing,Báo chí - Truyền thông - Quan hệ công chúng,train
HBT:TH533,HBT,TH533,"Chính trị học, chuyên ngành Tư tưởng Hồ ChíMinh",,xa_hoi,standard,,D01;C04;C03;X01,D01,,https://diemthi.vnexpress.net/tra-cuu-dai-hoc/loadbenchmark/id/381/year/2026/sortby/1/block_name/-1,Học viện Báo chí và Tuyên truyền,Hà Nội,2026,23.21,confirmed_2_sources,1,40.0,,,missing,Khoa học xã hội - Tâm lý - Nhân văn - Chính trị - Hành chính,train
HBT:TM7229001,HBT,TM7229001,Triết học,,xa_hoi,standard,,D01;C04;C03;X01,D01,,https://diemthi.vnexpress.net/tra-cuu-dai-hoc/loadbenchmark/id/381/year/2026/sortby/1/block_name/-1,Học viện Báo chí và Tuyên truyền,Hà Nội,2026,22.26,confirmed_2_sources,1,40.0,,,missing,Khoa học xã hội - Tâm lý - Nhân văn - Chính trị - Hành chính,train
HBT:TT530,HBT,TT530,"Chính trị học, chuyên ngành Công tác tư tưởng -văn hóa",,ngon_ngu,standard,,D01;C04;C03;X01,D01,,https://diemthi.vnexpress.net/tra-cuu-dai-hoc/loadbenchmark/id/381/year/2026/sortby/1/block_name/-1,Học viện Báo chí và Tuyên truyền,Hà Nội,2026,23.22,confirmed_2_sources,1,100.0,,,missing,Ngôn ngữ - Văn hóa - Quốc tế học,train
HBT:TT538,HBT,TT538,"Chính trị học, chuyên ngành Truyền thông chính sách",,bao_chi,standard,,D01;C04;C03;X01,D01,,https://diemthi.vnexpress.net/tra-cuu-dai-hoc/loadbenchmark/id/381/year/2026/sortby/1/block_name/-1,Học viện Báo chí và Tuyên truyền,Hà Nội,2026,24.2,disputed,1,50.0,,,missing,Báo chí - Truyền thông - Quan hệ công chúng,train
HBT:XB801,HBT,XB801,"Xuất bản, chuyên ngành Biên tập xuất bản",,bao_chi,standard,,D01;X78;D15;D14,D01,,https://diemthi.vnexpress.net/tra-cuu-dai-hoc/loadbenchmark/id/381/year/2026/sortby/1/block_name/-1,Học viện Báo chí và Tuyên truyền,Hà Nội,2026,28.5,confirmed_2_sources,1,50.0,,,missing,Báo chí - Truyền thông - Quan hệ công chúng,train
HBT:XB802,HBT,XB802,"Xuất bản, chuyên ngành Xuất bản điện tử",,bao_chi,standard,,D01;X78;D15;D14,D01,,https://diemthi.vnexpress.net/tra-cuu-dai-hoc/loadbenchmark/id/381/year/2026/sortby/1/block_name/-1,Học viện Báo chí và Tuyên truyền,Hà Nội,2026,28.6,confirmed_2_sources,1,50.0,,,missing,Báo chí - Truyền thông - Quan hệ công chúng,train
HBT:XD7310202,HBT,XD7310202,Xây dựng Đảng và Chính quyền nhà nước,,xay_dung,standard,,D01;C04;C03;X01,D01,,https://diemthi.vnexpress.net/tra-cuu-dai-hoc/loadbenchmark/id/381/year/2026/sortby/1/block_name/-1,Học viện Báo chí và Tuyên truyền,Hà Nội,2026,23.15,confirmed_2_sources,1,90.0,,,missing,Kiến trúc - Xây dựng - Giao thông - Quy hoạch,train
HBT:XH7310301,HBT,XH7310301,Xã hội học,,xa_hoi,standard,,D01;C04;C03;X01,D01,,https://diemthi.vnexpress.net/tra-cuu-dai-hoc/loadbenchmark/id/381/year/2026/sortby/1/block_name/-1,Học viện Báo chí và Tuyên truyền,Hà Nội,2026,22.82,confirmed_2_sources,1,50.0,,,missing,Khoa học xã hội - Tâm lý - Nhân văn - Chính trị - Hành chính,train
HBT:XH7760101,HBT,XH7760101,Công tác xã hội,,xa_hoi,standard,,D01;C04;C03;X01,D01,,https://diemthi.vnexpress.net/tra-cuu-dai-hoc/loadbenchmark/id/381/year/2026/sortby/1/block_name/-1,Học viện Báo chí và Tuyên truyền,Hà Nội,2026,23.24,confirmed_2_sources,1,50.0,,,missing,Khoa học xã hội - Tâm lý - Nhân văn - Chính trị - Hành chính,train
HCP:7220201,HCP,7220201,Ngôn ngữ Anh,7220201,ngon_ngu,standard,,A01;D01;D07;D09;D10,A01,,https://diemthi.vnexpress.net/tra-cuu-dai-hoc/loadbenchmark/id/383/year/2026/sortby/1/block_name/-1,Học viện Chính sách và Phát triển,Hà Nội,2026,20.52,confirmed_2_sources,1,100.0,28000000.0,28000000.0,observed,Ngôn ngữ - Văn hóa - Quốc tế học,test
HCP:7310101,HCP,7310101,Kinh tế,7310101,kinh_te,standard,,A01;D01;D07;X25;A00;C01,A01,,https://diemthi.vnexpress.net/tra-cuu-dai-hoc/loadbenchmark/id/383/year/2026/sortby/1/block_name/-1,Học viện Chính sách và Phát triển,Hà Nội,2026,20.52,confirmed_2_sources,5,100.0,28000000.0,28000000.0,observed,Kinh tế - Kinh doanh - Quản trị - Marketing - Thương mại,test
HCP:7310104,HCP,7310104,Kinh tế đầu tư,7310104,tai_chinh,standard,,A01;D01;D07;X25,A01,,https://diemthi.vnexpress.net/tra-cuu-dai-hoc/loadbenchmark/id/383/year/2026/sortby/1/block_name/-1,Học viện Chính sách và Phát triển,Hà Nội,2026,19.3,confirmed_2_sources,1,150.0,28000000.0,28000000.0,observed,Tài chính - Ngân hàng - Kế toán - Kiểm toán - Bảo hiểm,test
HCP:7310105,HCP,7310105,Kinh tế phát triển,7310105,kinh_te,standard,,A00;A01;D01;D07;C02;A02,A00,,https://diemthi.vnexpress.net/tra-cuu-dai-hoc/loadbenchmark/id/383/year/2026/sortby/1/block_name/-1,Học viện Chính sách và Phát triển,Hà Nội,2026,21.33,confirmed_2_sources,5,150.0,28000000.0,28000000.0,observed,Kinh tế - Kinh doanh - Quản trị - Marketing - Thương mại,test
HCP:7310106,HCP,7310106,Kinh tế quốc tế,7310106,kinh_te,international,,A01;D01;D07;A00,A01,"Học bằng tiếng Anh (thường cần trình độ tiếng Anh tốt, có thể yêu cầu IELTS/chứng chỉ khi nhập học) | Chương trình liên kết/quốc tế: học phí cao hơn chương trình chuẩn",https://diemthi.vnexpress.net/tra-cuu-dai-hoc/loadbenchmark/id/383/year/2026/sortby/1/block_name/-1,Học viện Chính sách và Phát triển,Hà Nội,2026,21.8,confirmed_2_sources,5,200.0,28000000.0,28000000.0,observed,Kinh tế - Kinh doanh - Quản trị - Marketing - Thương mại,test
HCP:7310106_1,HCP,7310106_1,Kinh tế đối ngoại CLC,7310106,kinh_te,high_quality,,A01;D01;D07;X25;D10,A01,,https://diemthi.vnexpress.net/tra-cuu-dai-hoc/loadbenchmark/id/383/year/2026/sortby/1/block_name/-1,Học viện Chính sách và Phát triển,Hà Nội,2026,21.77,confirmed_2_sources,2,100.0,35000000.0,35000000.0,observed,Kinh tế - Kinh doanh - Quản trị - Marketing - Thương mại,test
HCP:7310109,HCP,7310109,Kinh tế số,7310109,kinh_te,standard,,A00;A01;D01;X25;C01;D07;C00,A00,,https://diemthi.vnexpress.net/tra-cuu-dai-hoc/loadbenchmark/id/383/year/2026/sortby/1/block_name/-1,Học viện Chính sách và Phát triển,Hà Nội,2026,23.24,confirmed_2_sources,4,120.0,28000000.0,28000000.0,observed,Kinh tế - Kinh doanh - Quản trị - Marketing - Thương mại,test
HCP:7310205,HCP,7310205,Quản lý nhà nước,7310205,xa_hoi,standard,,C00;D01;X25;A01;D09,C00,,https://diemthi.vnexpress.net/tra-cuu-dai-hoc/loadbenchmark/id/383/year/2026/sortby/1/block_name/-1,Học viện Chính sách và Phát triển,Hà Nội,2026,19.25,confirmed_2_sources,5,100.0,28000000.0,28000000.0,observed,Khoa học xã hội - Tâm lý - Nhân văn - Chính trị - Hành chính,test
HCP:7340101,HCP,7340101,Quản trị Kinh doanh,7340101,kinh_te,standard,,A01;D01;D07;X25;A00;C01,A01,,https://diemthi.vnexpress.net/tra-cuu-dai-hoc/loadbenchmark/id/383/year/2026/sortby/1/block_name/-1,Học viện Chính sách và Phát triển,Hà Nội,2026,20.57,confirmed_2_sources,5,150.0,28000000.0,28000000.0,observed,Kinh tế - Kinh doanh - Quản trị - Marketing - Thương mại,test
HCP:7340101_1,HCP,7340101_1,"Quản trị kinh doanh (Liên kết với Đại học CityU, Hoa Kỳ)",7340101,kinh_te,high_quality,,A01;D01;D07;X25;D10,A01,,https://diemthi.vnexpress.net/tra-cuu-dai-hoc/loadbenchmark/id/383/year/2026/sortby/1/block_name/-1,Học viện Chính sách và Phát triển,Hà Nội,2026,19.92,confirmed_2_sources,2,100.0,35000000.0,35000000.0,observed,Kinh tế - Kinh doanh - Quản trị - Marketing - Thương mại,test
HCP:7340101_2,HCP,7340101_2,Quản trị kinh doanh,7340101,kinh_te,high_quality,,A01;D01;D07;X25,A01,,https://diemthi.vnexpress.net/tra-cuu-dai-hoc/loadbenchmark/id/383/year/2026/sortby/1/block_name/-1,Học viện Chính sách và Phát triển,Hà Nội,2026,19.0,confirmed_2_sources,1,50.0,35000000.0,35000000.0,observed,Kinh tế - Kinh doanh - Quản trị - Marketing - Thương mại,test
HCP:7340115,HCP,7340115,Marketing,7340115,kinh_te,standard,,A01;D01;D07;X25,A01,,https://diemthi.vnexpress.net/tra-cuu-dai-hoc/loadbenchmark/id/383/year/2026/sortby/1/block_name/-1,Học viện Chính sách và Phát triển,Hà Nội,2026,21.94,disputed,1,150.0,28000000.0,28000000.0,observed,Kinh tế - Kinh doanh - Quản trị - Marketing - Thương mại,test
HCP:7340201,HCP,7340201,Tài chính – Ngân hàng,7340201,tai_chinh,standard,,A01;D01;D07;X25;A00,A01,,https://diemthi.vnexpress.net/tra-cuu-dai-hoc/loadbenchmark/id/383/year/2026/sortby/1/block_name/-1,Học viện Chính sách và Phát triển,Hà Nội,2026,20.98,confirmed_2_sources,4,320.0,28000000.0,28000000.0,observed,Tài chính - Ngân hàng - Kế toán - Kiểm toán - Bảo hiểm,test
HCP:7340201_1,HCP,7340201_1,Tài chính ngân hàng (chuyên ngành Tài chính doanh nghiệp),7340201,tai_chinh,high_quality,,A01;D01;D07;X25;D10,A01,,https://diemthi.vnexpress.net/tra-cuu-dai-hoc/loadbenchmark/id/383/year/2026/sortby/1/block_name/-1,Học viện Chính sách và Phát triển,Hà Nội,2026,20.9,confirmed_2_sources,2,100.0,35000000.0,35000000.0,observed,Tài chính - Ngân hàng - Kế toán - Kiểm toán - Bảo hiểm,test
HCP:7340301,HCP,7340301,Kế toán,7340301,tai_chinh,standard,,A00;A01;D01;D07;C01,A00,,https://diemthi.vnexpress.net/tra-cuu-dai-hoc/loadbenchmark/id/383/year/2026/sortby/1/block_name/-1,Học viện Chính sách và Phát triển,Hà Nội,2026,23.93,confirmed_2_sources,4,150.0,28000000.0,28000000.0,observed,Tài chính - Ngân hàng - Kế toán - Kiểm toán - Bảo hiểm,test
HCP:7340301_2,HCP,7340301_2,Kế toán,7340301,tai_chinh,international,,A00;A01;D01;D07,A00,"Học bằng tiếng Anh (thường cần trình độ tiếng Anh tốt, có thể yêu cầu IELTS/chứng chỉ khi nhập học) | Chương trình liên kết/quốc tế: học phí cao hơn chương trình chuẩn",https://diemthi.vnexpress.net/tra-cuu-dai-hoc/loadbenchmark/id/383/year/2026/sortby/1/block_name/-1,Học viện Chính sách và Phát triển,Hà Nội,2026,22.91,confirmed_2_sources,1,50.0,35000000.0,35000000.0,observed,Tài chính - Ngân hàng - Kế toán - Kiểm toán - Bảo hiểm,test
HCP:7340302,HCP,7340302,Kiểm toán,7340302,tai_chinh,standard,,A00;A01;D01;D07,A00,,https://diemthi.vnexpress.net/tra-cuu-dai-hoc/loadbenchmark/id/383/year/2026/sortby/1/block_name/-1,Học viện Chính sách và Phát triển,Hà Nội,2026,22.06,confirmed_2_sources,1,100.0,28000000.0,28000000.0,observed,Tài chính - Ngân hàng - Kế toán - Kiểm toán - Bảo hiểm,test
HCP:7380107,HCP,7380107,Luật kinh tế,7380107,luat,standard,,C00;A01;D01;X25;A00;D09,C00,,https://diemthi.vnexpress.net/tra-cuu-dai-hoc/loadbenchmark/id/383/year/2026/sortby/1/block_name/-1,Học viện Chính sách và Phát triển,Hà Nội,2026,21.23,confirmed_2_sources,5,200.0,28000000.0,28000000.0,observed,Luật,test
HCP:7460108,HCP,7460108,Khoa học dữ liệu (Data Science),7460108,cntt,international,,A00;A01;D01;D07,A00,"Học bằng tiếng Anh (thường cần trình độ tiếng Anh tốt, có thể yêu cầu IELTS/chứng chỉ khi nhập học) | Chương trình liên kết/quốc tế: học phí cao hơn chương trình chuẩn",https://diemthi.vnexpress.net/tra-cuu-dai-hoc/loadbenchmark/id/383/year/2026/sortby/1/block_name/-1,Học viện Chính sách và Phát triển,Hà Nội,2026,19.43,confirmed_2_sources,1,100.0,35000000.0,35000000.0,observed,Công nghệ thông tin - Máy tính - Dữ liệu - AI,test
HIU:7140114,HIU,7140114,Quản lý giáo dục,7140114,su_pham,standard,,A00;A01;B00;C00;C03;C04;D01;D09;D10;D14;D15;X01,A00,"Sư phạm: không nhận thí sinh bị dị hình, dị tật, nói ngọng, nói lắp; điểm sàn của Bộ",https://diemthi.vnexpress.net/tra-cuu-dai-hoc/loadbenchmark/id/270/year/2026/sortby/1/block_name/-1,Đại học Quốc tế Hồng Bàng,TP. Hồ Chí Minh,2026,15.0,confirmed_2_sources,4,,,,missing,Sư phạm - Giáo dục,train
HIU:7210403,HIU,7210403,Thiết kế đồ họa,7210403,thiet_ke,standard,,A00;A01;C00;C01;C03;C04;D09;X06;X26,A00,,https://diemthi.vnexpress.net/tra-cuu-dai-hoc/loadbenchmark/id/270/year/2026/sortby/1/block_name/-1,Đại học Quốc tế Hồng Bàng,TP. Hồ Chí Minh,2026,15.0,confirmed_2_sources,4,,,,missing,Thiết kế - Nghệ thuật - Sáng tạo số,train
HIU:7220201,HIU,7220201,Ngôn ngữ Anh,7220201,ngon_ngu,standard,,A01;C00;C04;D01;D14;D15;X02,A01,,https://diemthi.vnexpress.net/tra-cuu-dai-hoc/loadbenchmark/id/270/year/2026/sortby/1/block_name/-1,Đại học Quốc tế Hồng Bàng,TP. Hồ Chí Minh,2026,15.0,confirmed_2_sources,4,,,,missing,Ngôn ngữ - Văn hóa - Quốc tế học,train
HIU:7220204,HIU,7220204,Ngôn ngữ Trung Quốc,7220204,ngon_ngu,standard,,A01;C00;C04;D01;D06;D14;D15;D04,A01,,https://diemthi.vnexpress.net/tra-cuu-dai-hoc/loadbenchmark/id/270/year/2026/sortby/1/block_name/-1,Đại học Quốc tế Hồng Bàng,TP. Hồ Chí Minh,2026,15.0,confirmed_2_sources,4,,,,missing,Ngôn ngữ - Văn hóa - Quốc tế học,train
HIU:7220209,HIU,7220209,Ngôn ngữ Nhật,7220209,ngon_ngu,standard,,A01;C00;C04;D01;D06;D14;D15;D04,A01,,https://diemthi.vnexpress.net/tra-cuu-dai-hoc/loadbenchmark/id/270/year/2026/sortby/1/block_name/-1,Đại học Quốc tế Hồng Bàng,TP. Hồ Chí Minh,2026,15.0,confirmed_2_sources,4,,,,missing,Ngôn ngữ - Văn hóa - Quốc tế học,train
HIU:7220210,HIU,7220210,Ngôn ngữ Hàn Quốc,7220210,ngon_ngu,standard,,A01;C00;C04;D01;D14;D15;D04,A01,,https://diemthi.vnexpress.net/tra-cuu-dai-hoc/loadbenchmark/id/270/year/2026/sortby/1/block_name/-1,Đại học Quốc tế Hồng Bàng,TP. Hồ Chí Minh,2026,15.0,confirmed_2_sources,4,,,,missing,Ngôn ngữ - Văn hóa - Quốc tế học,train
HIU:7310206,HIU,7310206,Quan hệ quốc tế,7310206,xa_hoi,international,,A00;A01;C00;C03;C04;D01;D09;D10;D14;D15;X01;X71,A00,"Học bằng tiếng Anh (thường cần trình độ tiếng Anh tốt, có thể yêu cầu IELTS/chứng chỉ khi nhập học) | Chương trình liên kết/quốc tế: học phí cao hơn chương trình chuẩn",https://diemthi.vnexpress.net/tra-cuu-dai-hoc/loadbenchmark/id/270/year/2026/sortby/1/block_name/-1,Đại học Quốc tế Hồng Bàng,TP. Hồ Chí Minh,2026,15.0,confirmed_2_sources,4,,,,missing,Khoa học xã hội - Tâm lý - Nhân văn - Chính trị - Hành chính,train
HIU:7310401,HIU,7310401,Tâm lý học,7310401,xa_hoi,standard,,A00;A01;C00;C03;C04;D01;D09;D10;D14;D15;X01;X71;B00;B03,A00,,https://diemthi.vnexpress.net/tra-cuu-dai-hoc/loadbenchmark/id/270/year/2026/sortby/1/block_name/-1,Đại học Quốc tế Hồng Bàng,TP. Hồ Chí Minh,2026,15.0,confirmed_2_sources,4,,,,missing,Khoa học xã hội - Tâm lý - Nhân văn - Chính trị - Hành chính,train
HIU:7310403,HIU,7310403,Tâm lý học giáo dục,7310403,su_pham,standard,,A00;A01;C00;C03;C04;D01;D09;D10;D14;D15;X01;X71,A00,"Sư phạm: không nhận thí sinh bị dị hình, dị tật, nói ngọng, nói lắp; điểm sàn của Bộ",https://diemthi.vnexpress.net/tra-cuu-dai-hoc/loadbenchmark/id/270/year/2026/sortby/1/block_name/-1,Đại học Quốc tế Hồng Bàng,TP. Hồ Chí Minh,2026,15.0,confirmed_2_sources,1,,,,missing,Sư phạm - Giáo dục,train
HIU:7310630,HIU,7310630,Việt Nam học,7310630,ngon_ngu,standard,,A00;A01;C00;C03;C04;D01;D09;D10;D14;D15;X01;X71;A07,A00,,https://diemthi.vnexpress.net/tra-cuu-dai-hoc/loadbenchmark/id/270/year/2026/sortby/1/block_name/-1,Đại học Quốc tế Hồng Bàng,TP. Hồ Chí Minh,2026,15.0,confirmed_2_sources,3,,,,missing,Ngôn ngữ - Văn hóa - Quốc tế học,train
HIU:7320104,HIU,7320104,Truyền thông đa phương tiện,7320104,bao_chi,standard,,A01;C00;D01;D09;D10;D14;D15;X01;X71,A01,,https://diemthi.vnexpress.net/tra-cuu-dai-hoc/loadbenchmark/id/270/year/2026/sortby/1/block_name/-1,Đại học Quốc tế Hồng Bàng,TP. Hồ Chí Minh,2026,15.0,confirmed_2_sources,4,,,,missing,Báo chí - Truyền thông - Quan hệ công chúng,train
HIU:7320108,HIU,7320108,Quan hệ công chúng,7320108,bao_chi,standard,,A01;C00;D01;D09;D10;D14;D15;X01;X71;A00,A01,,https://diemthi.vnexpress.net/tra-cuu-dai-hoc/loadbenchmark/id/270/year/2026/sortby/1/block_name/-1,Đại học Quốc tế Hồng Bàng,TP. Hồ Chí Minh,2026,15.0,confirmed_2_sources,4,,,,missing,Báo chí - Truyền thông - Quan hệ công chúng,train
HIU:7340101,HIU,7340101,Quản trị Kinh doanh,7340101,kinh_te,standard,,A00;A01;C00;C03;C04;D01;D09;D10;D14;D15;X01;X26,A00,,https://diemthi.vnexpress.net/tra-cuu-dai-hoc/loadbenchmark/id/270/year/2026/sortby/1/block_name/-1,Đại học Quốc tế Hồng Bàng,TP. Hồ Chí Minh,2026,15.0,confirmed_2_sources,4,,,,missing,Kinh tế - Kinh doanh - Quản trị - Marketing - Thương mại,train
HIU:7340114,HIU,7340114,Marketing kỹ thuật số,7340114,kinh_te,standard,,A00;A01;C00;C03;C04;D01;D09;D10;D14;D15;X01;X26,A00,,https://diemthi.vnexpress.net/tra-cuu-dai-hoc/loadbenchmark/id/270/year/2026/sortby/1/block_name/-1,Đại học Quốc tế Hồng Bàng,TP. Hồ Chí Minh,2026,15.0,confirmed_2_sources,4,,,,missing,Kinh tế - Kinh doanh - Quản trị - Marketing - Thương mại,train
HIU:7340120,HIU,7340120,Ngành Kinh doanh quốc tế,7340120,kinh_te,international,,A00;A01;C00;C03;C04;D01;D09;D10;D14;D15;X01;X26,A00,"Học bằng tiếng Anh (thường cần trình độ tiếng Anh tốt, có thể yêu cầu IELTS/chứng chỉ khi nhập học) | Chương trình liên kết/quốc tế: học phí cao hơn chương trình chuẩn",https://diemthi.vnexpress.net/tra-cuu-dai-hoc/loadbenchmark/id/270/year/2026/sortby/1/block_name/-1,Đại học Quốc tế Hồng Bàng,TP. Hồ Chí Minh,2026,15.0,confirmed_2_sources,2,,,,missing,Kinh tế - Kinh doanh - Quản trị - Marketing - Thương mại,train
HIU:7340122,HIU,7340122,Thương mại điện tử,7340122,kinh_te,standard,,A00;A01;C00;C03;C04;D01;D09;D10;D14;D15;X01;X26,A00,,https://diemthi.vnexpress.net/tra-cuu-dai-hoc/loadbenchmark/id/270/year/2026/sortby/1/block_name/-1,Đại học Quốc tế Hồng Bàng,TP. Hồ Chí Minh,2026,15.0,confirmed_2_sources,4,,,,missing,Kinh tế - Kinh doanh - Quản trị - Marketing - Thương mại,train
HIU:7340201,HIU,7340201,Tài chính – Ngân hàng,7340201,tai_chinh,standard,,A00;A01;C00;C03;C04;D01;D09;D10;D14;D15;X01;X26;C01,A00,,https://diemthi.vnexpress.net/tra-cuu-dai-hoc/loadbenchmark/id/270/year/2026/sortby/1/block_name/-1,Đại học Quốc tế Hồng Bàng,TP. Hồ Chí Minh,2026,15.0,confirmed_2_sources,4,,,,missing,Tài chính - Ngân hàng - Kế toán - Kiểm toán - Bảo hiểm,train
HIU:7340205,HIU,7340205,Công nghệ tài chính,7340205,tai_chinh,standard,,A00;A01;C00;C03;C04;D01;D09;D10;D14;D15;X01;X26,A00,,https://diemthi.vnexpress.net/tra-cuu-dai-hoc/loadbenchmark/id/270/year/2026/sortby/1/block_name/-1,Đại học Quốc tế Hồng Bàng,TP. Hồ Chí Minh,2026,15.0,confirmed_2_sources,2,,,,missing,Tài chính - Ngân hàng - Kế toán - Kiểm toán - Bảo hiểm,train
HIU:7340301,HIU,7340301,Kế toán,7340301,tai_chinh,standard,,A00;A01;C00;C03;C04;D01;D09;D10;D14;D15;X01;X26;C01,A00,,https://diemthi.vnexpress.net/tra-cuu-dai-hoc/loadbenchmark/id/270/year/2026/sortby/1/block_name/-1,Đại học Quốc tế Hồng Bàng,TP. Hồ Chí Minh,2026,15.0,confirmed_2_sources,4,,,,missing,Tài chính - Ngân hàng - Kế toán - Kiểm toán - Bảo hiểm,train
HIU:7340412,HIU,7340412,Quản trị sự kiện,7340412,du_lich,standard,,A00;A01;C00;C03;C04;D01;D09;D10;D14;D15;X01;X26,A00,,https://diemthi.vnexpress.net/tra-cuu-dai-hoc/loadbenchmark/id/270/year/2026/sortby/1/block_name/-1,Đại học Quốc tế Hồng Bàng,TP. Hồ Chí Minh,2026,15.0,confirmed_2_sources,4,,,,missing,Du lịch - Khách sạn - Logistics - Hàng không - Dịch vụ,train
HIU:7380101,HIU,7380101,Ngành Luật,7380101,luat,standard,,A00;A01;C00;C03;C04;D01;D09;D10;D15,A00,,https://diemthi.vnexpress.net/tra-cuu-dai-hoc/loadbenchmark/id/270/year/2026/sortby/1/block_name/-1,Đại học Quốc tế Hồng Bàng,TP. Hồ Chí Minh,2026,20.0,confirmed_2_sources,4,,,,missing,Luật,train
HIU:7380107,HIU,7380107,Luật kinh tế,7380107,luat,standard,,A00;A01;C00;C03;C04;D01;D09;D10;D15,A00,,https://diemthi.vnexpress.net/tra-cuu-dai-hoc/loadbenchmark/id/270/year/2026/sortby/1/block_name/-1,Đại học Quốc tế Hồng Bàng,TP. Hồ Chí Minh,2026,20.0,confirmed_2_sources,4,,,,missing,Luật,train
HIU:7420201,HIU,7420201,Công nghệ sinh học,7420201,sinh_hoa,standard,,A00;A02;B00;C01;C02;C03;C04;D07;D08;X01;X14,A00,,https://diemthi.vnexpress.net/tra-cuu-dai-hoc/loadbenchmark/id/270/year/2026/sortby/1/block_name/-1,Đại học Quốc tế Hồng Bàng,TP. Hồ Chí Minh,2026,15.0,confirmed_2_sources,2,,,,missing,Sinh học - Hóa học - Công nghệ sinh học - Thực phẩm,train
HIU:7420207,HIU,7420207,Công nghệ thẩm mỹ,7420207,ky_thuat,standard,,A00;A01;B03;C01;C02;D01;X01;X02;X14,A00,,https://diemthi.vnexpress.net/tra-cuu-dai-hoc/loadbenchmark/id/270/year/2026/sortby/1/block_name/-1,Đại học Quốc tế Hồng Bàng,TP. Hồ Chí Minh,2026,15.0,confirmed_2_sources,1,,,,missing,"Kỹ thuật - Công nghệ (cơ khí, điện, điện tử, ô tô, tự động hóa, vật liệu)",train
HIU:7480201,HIU,7480201,Công nghệ thông tin,7480201,cntt,standard,,A00;A01;C01;C03;C04;D01;D07;D09;D10;X02;X06;X10;X26,A00,,https://diemthi.vnexpress.net/tra-cuu-dai-hoc/loadbenchmark/id/270/year/2026/sortby/1/block_name/-1,Đại học Quốc tế Hồng Bàng,TP. Hồ Chí Minh,2026,15.0,confirmed_2_sources,4,,,,missing,Công nghệ thông tin - Máy tính - Dữ liệu - AI,train
HIU:7510601,HIU,7510601,Quản lý công nghiệp,7510601,xa_hoi,standard,,A00;A01;C00;C02;C03;C04;D01;D09;X06;X26,A00,,https://diemthi.vnexpress.net/tra-cuu-dai-hoc/loadbenchmark/id/270/year/2026/sortby/1/block_name/-1,Đại học Quốc tế Hồng Bàng,TP. Hồ Chí Minh,2026,15.0,confirmed_2_sources,1,,,,missing,Khoa học xã hội - Tâm lý - Nhân văn - Chính trị - Hành chính,train
HIU:7510605,HIU,7510605,Logistics và Quản lý chuỗi cung ứng,7510605,du_lich,standard,,A00;A01;C00;C02;C03;C04;D01;D09;X06;X26,A00,,https://diemthi.vnexpress.net/tra-cuu-dai-hoc/loadbenchmark/id/270/year/2026/sortby/1/block_name/-1,Đại học Quốc tế Hồng Bàng,TP. Hồ Chí Minh,2026,15.0,confirmed_2_sources,4,,,,missing,Du lịch - Khách sạn - Logistics - Hàng không - Dịch vụ,train
HIU:7520114,HIU,7520114,Kỹ thuật cơ điện tử,7520114,ky_thuat,standard,,A00;A01;C01;C02;D01;D09;X06;X26,A00,,https://diemthi.vnexpress.net/tra-cuu-dai-hoc/loadbenchmark/id/270/year/2026/sortby/1/block_name/-1,Đại học Quốc tế Hồng Bàng,TP. Hồ Chí Minh,2026,15.0,confirmed_2_sources,2,,,,missing,"Kỹ thuật - Công nghệ (cơ khí, điện, điện tử, ô tô, tự động hóa, vật liệu)",train
HIU:7520212,HIU,7520212,Kỹ thuật y sinh,7520212,y_duoc,standard,,A00;A01;A02;A03;A04;B00;C01;D07;D08;X05;X06;X07;X10;X14,A00,Khối sức khỏe: có ngưỡng điểm sàn của Bộ,https://diemthi.vnexpress.net/tra-cuu-dai-hoc/loadbenchmark/id/270/year/2026/sortby/1/block_name/-1,Đại học Quốc tế Hồng Bàng,TP. Hồ Chí Minh,2026,15.0,confirmed_2_sources,2,,,,missing,Y - Dược - Điều dưỡng - Sức khỏe,train
HIU:7580101,HIU,7580101,Kiến trúc,7580101,xay_dung,standard,,A00;A01;C00;C03;C04;D01;D09;D10;X06;X10,A00,,https://diemthi.vnexpress.net/tra-cuu-dai-hoc/loadbenchmark/id/270/year/2026/sortby/1/block_name/-1,Đại học Quốc tế Hồng Bàng,TP. Hồ Chí Minh,2026,15.0,confirmed_2_sources,4,,,,missing,Kiến trúc - Xây dựng - Giao thông - Quy hoạch,train
HIU:7720101,HIU,7720101,Y khoa,7720101,y_duoc,standard,,A00;A02;B00;B08;D07;D08;X14,A00,Khối sức khỏe: có ngưỡng điểm sàn của Bộ,https://diemthi.vnexpress.net/tra-cuu-dai-hoc/loadbenchmark/id/270/year/2026/sortby/1/block_name/-1,Đại học Quốc tế Hồng Bàng,TP. Hồ Chí Minh,2026,22.0,confirmed_2_sources,4,,,,missing,Y - Dược - Điều dưỡng - Sức khỏe,train
HIU:7720115,HIU,7720115,Y học cổ truyền,7720115,y_duoc,standard,,A00;A01;A02;B00;B08;D01;D07;D08;X14,A00,Khối sức khỏe: có ngưỡng điểm sàn của Bộ,https://diemthi.vnexpress.net/tra-cuu-dai-hoc/loadbenchmark/id/270/year/2026/sortby/1/block_name/-1,Đại học Quốc tế Hồng Bàng,TP. Hồ Chí Minh,2026,20.0,confirmed_2_sources,4,,,,missing,Y - Dược - Điều dưỡng - Sức khỏe,train
HIU:7720201,HIU,7720201,Dược học,7720201,y_duoc,standard,,A00;A01;B00;D07;D08;X10;X14,A00,Khối sức khỏe: có ngưỡng điểm sàn của Bộ,https://diemthi.vnexpress.net/tra-cuu-dai-hoc/loadbenchmark/id/270/year/2026/sortby/1/block_name/-1,Đại học Quốc tế Hồng Bàng,TP. Hồ Chí Minh,2026,20.0,confirmed_2_sources,4,,,,missing,Y - Dược - Điều dưỡng - Sức khỏe,train
HIU:7720301,HIU,7720301,Điều dưỡng,7720301,y_duoc,standard,,A00;A01;A02;B00;B01;B03;C01;C02;C12;D01;D07;D08;X10;X14,A00,Khối sức khỏe: có ngưỡng điểm sàn của Bộ,https://diemthi.vnexpress.net/tra-cuu-dai-hoc/loadbenchmark/id/270/year/2026/sortby/1/block_name/-1,Đại học Quốc tế Hồng Bàng,TP. Hồ Chí Minh,2026,18.0,confirmed_2_sources,4,,,,missing,Y - Dược - Điều dưỡng - Sức khỏe,train
HIU:7720302,HIU,7720302,Hộ sinh,7720302,y_duoc,standard,,A00;A01;A02;B00;B01;B03;C01;C02;C12;D01;D07;D08;X10;X14,A00,Khối sức khỏe: có ngưỡng điểm sàn của Bộ,https://diemthi.vnexpress.net/tra-cuu-dai-hoc/loadbenchmark/id/270/year/2026/sortby/1/block_name/-1,Đại học Quốc tế Hồng Bàng,TP. Hồ Chí Minh,2026,18.0,confirmed_2_sources,4,,,,missing,Y - Dược - Điều dưỡng - Sức khỏe,train
HIU:7720401,HIU,7720401,Dinh dưỡng,7720401,y_duoc,standard,,A00;A01;A02;B00;B01;B03;C01;C02;C12;D01;D07;D08;X10;X14,A00,Khối sức khỏe: có ngưỡng điểm sàn của Bộ,https://diemthi.vnexpress.net/tra-cuu-dai-hoc/loadbenchmark/id/270/year/2026/sortby/1/block_name/-1,Đại học Quốc tế Hồng Bàng,TP. Hồ Chí Minh,2026,15.0,confirmed_2_sources,3,,,,missing,Y - Dược - Điều dưỡng - Sức khỏe,train
HIU:7720501,HIU,7720501,Răng- Hàm -Mặt,7720501,y_duoc,standard,,A00;A02;B00;B08;D07;D08;X14,A00,Khối sức khỏe: có ngưỡng điểm sàn của Bộ,https://diemthi.vnexpress.net/tra-cuu-dai-hoc/loadbenchmark/id/270/year/2026/sortby/1/block_name/-1,Đại học Quốc tế Hồng Bàng,TP. Hồ Chí Minh,2026,22.0,confirmed_2_sources,4,,,,missing,Y - Dược - Điều dưỡng - Sức khỏe,train
HIU:7720601,HIU,7720601,Kỹ thuật xét nghiệm y học,7720601,y_duoc,standard,,A00;A01;A02;B00;B01;B03;C01;C02;C12;D01;D07;D08;X10;X14,A00,Khối sức khỏe: có ngưỡng điểm sàn của Bộ,https://diemthi.vnexpress.net/tra-cuu-dai-hoc/loadbenchmark/id/270/year/2026/sortby/1/block_name/-1,Đại học Quốc tế Hồng Bàng,TP. Hồ Chí Minh,2026,18.0,confirmed_2_sources,4,,,,missing,Y - Dược - Điều dưỡng - Sức khỏe,train
HIU:7720602,HIU,7720602,Kỹ thuật hình ảnh y học,7720602,y_duoc,standard,,A00;A01;A02;B00;B01;B03;C01;C02;C12;D01;D07;D08;X10;X14,A00,Khối sức khỏe: có ngưỡng điểm sàn của Bộ,https://diemthi.vnexpress.net/tra-cuu-dai-hoc/loadbenchmark/id/270/year/2026/sortby/1/block_name/-1,Đại học Quốc tế Hồng Bàng,TP. Hồ Chí Minh,2026,18.0,confirmed_2_sources,2,,,,missing,Y - Dược - Điều dưỡng - Sức khỏe,train
HIU:7720603,HIU,7720603,Kỹ thuật phục hồi chức năng,7720603,y_duoc,standard,,A00;A01;A02;B00;B01;B03;C01;C02;C12;D01;D07;D08;X10;X14,A00,Khối sức khỏe: có ngưỡng điểm sàn của Bộ,https://diemthi.vnexpress.net/tra-cuu-dai-hoc/loadbenchmark/id/270/year/2026/sortby/1/block_name/-1,Đại học Quốc tế Hồng Bàng,TP. Hồ Chí Minh,2026,18.0,confirmed_2_sources,4,,,,missing,Y - Dược - Điều dưỡng - Sức khỏe,train
HIU:7720701,HIU,7720701,Y tế công cộng,7720701,y_duoc,standard,,A00;A01;A02;B00;B01;B03;C01;C02;C12;D01;D07;D08;X10;X14,A00,Khối sức khỏe: có ngưỡng điểm sàn của Bộ,https://diemthi.vnexpress.net/tra-cuu-dai-hoc/loadbenchmark/id/270/year/2026/sortby/1/block_name/-1,Đại học Quốc tế Hồng Bàng,TP. Hồ Chí Minh,2026,15.0,confirmed_2_sources,3,,,,missing,Y - Dược - Điều dưỡng - Sức khỏe,train
HIU:7810103,HIU,7810103,Quản trị dịch vụ du lịch và lữ hành,7810103,du_lich,standard,,A00;A01;C00;C03;C04;D01;D09;D10;D14;D15;X01;X26;X71,A00,,https://diemthi.vnexpress.net/tra-cuu-dai-hoc/loadbenchmark/id/270/year/2026/sortby/1/block_name/-1,Đại học Quốc tế Hồng Bàng,TP. Hồ Chí Minh,2026,15.0,confirmed_2_sources,4,,,,missing,Du lịch - Khách sạn - Logistics - Hàng không - Dịch vụ,train
HIU:7810201,HIU,7810201,Quản trị khách sạn,7810201,du_lich,standard,,A00;A01;C00;C03;C04;D01;D09;D10;D14;D15;X01;X26;X71,A00,,https://diemthi.vnexpress.net/tra-cuu-dai-hoc/loadbenchmark/id/270/year/2026/sortby/1/block_name/-1,Đại học Quốc tế Hồng Bàng,TP. Hồ Chí Minh,2026,15.0,confirmed_2_sources,4,,,,missing,Du lịch - Khách sạn - Logistics - Hàng không - Dịch vụ,train
HQT:HQT01,HQT,HQT01,Quan hệ quốc tế,,xa_hoi,international,,A00;A01;C00;D01;D03;D04;D06;D07;D09;D10;D14;D15,A00,"Học bằng tiếng Anh (thường cần trình độ tiếng Anh tốt, có thể yêu cầu IELTS/chứng chỉ khi nhập học) | Chương trình liên kết/quốc tế: học phí cao hơn chương trình chuẩn",https://diemthi.vnexpress.net/tra-cuu-dai-hoc/loadbenchmark/id/386/year/2026/sortby/1/block_name/-1,Học viện Ngoại giao,Hà Nội,2026,26.25,confirmed_2_sources,5,400.0,45000000.0,45000000.0,observed,Khoa học xã hội - Tâm lý - Nhân văn - Chính trị - Hành chính,train
HQT:HQT02,HQT,HQT02,Ngôn ngữ Anh,,ngon_ngu,standard,,A01;D01;D07;D09;D10;D14;D15,A01,,https://diemthi.vnexpress.net/tra-cuu-dai-hoc/loadbenchmark/id/386/year/2026/sortby/1/block_name/-1,Học viện Ngoại giao,Hà Nội,2026,25.25,confirmed_2_sources,2,200.0,45000000.0,45000000.0,observed,Ngôn ngữ - Văn hóa - Quốc tế học,train
HQT:HQT03,HQT,HQT03,Kinh tế quốc tế,,kinh_te,international,,A00;A01;D01;D03;D04;D06;D07;D09;D10,A00,"Học bằng tiếng Anh (thường cần trình độ tiếng Anh tốt, có thể yêu cầu IELTS/chứng chỉ khi nhập học) | Chương trình liên kết/quốc tế: học phí cao hơn chương trình chuẩn",https://diemthi.vnexpress.net/tra-cuu-dai-hoc/loadbenchmark/id/386/year/2026/sortby/1/block_name/-1,Học viện Ngoại giao,Hà Nội,2026,25.0,confirmed_2_sources,5,260.0,45000000.0,45000000.0,observed,Kinh tế - Kinh doanh - Quản trị - Marketing - Thương mại,train
HQT:HQT04,HQT,HQT04,Luật quốc tế,,luat,international,,A00;A01;C00;D01;D03;D04;D06;D07;D09;D10;D14;D15,A00,"Học bằng tiếng Anh (thường cần trình độ tiếng Anh tốt, có thể yêu cầu IELTS/chứng chỉ khi nhập học) | Chương trình liên kết/quốc tế: học phí cao hơn chương trình chuẩn",https://diemthi.vnexpress.net/tra-cuu-dai-hoc/loadbenchmark/id/386/year/2026/sortby/1/block_name/-1,Học viện Ngoại giao,Hà Nội,2026,25.07,confirmed_2_sources,5,200.0,45000000.0,45000000.0,observed,Luật,train
HQT:HQT05,HQT,HQT05,Truyền thông quốc tế,,bao_chi,international,,A00;A01;C00;D01;D03;D04;D06;D07;D09;D10;D14;D15,A00,"Học bằng tiếng Anh (thường cần trình độ tiếng Anh tốt, có thể yêu cầu IELTS/chứng chỉ khi nhập học) | Chương trình liên kết/quốc tế: học phí cao hơn chương trình chuẩn",https://diemthi.vnexpress.net/tra-cuu-dai-hoc/loadbenchmark/id/386/year/2026/sortby/1/block_name/-1,Học viện Ngoại giao,Hà Nội,2026,26.0,confirmed_2_sources,5,400.0,45000000.0,45000000.0,observed,Báo chí - Truyền thông - Quan hệ công chúng,train
HQT:HQT06,HQT,HQT06,Kinh doanh quốc tế,,kinh_te,international,,A00;A01;D01;D03;D04;D06;D07;D09;D10,A00,"Học bằng tiếng Anh (thường cần trình độ tiếng Anh tốt, có thể yêu cầu IELTS/chứng chỉ khi nhập học) | Chương trình liên kết/quốc tế: học phí cao hơn chương trình chuẩn",https://diemthi.vnexpress.net/tra-cuu-dai-hoc/loadbenchmark/id/386/year/2026/sortby/1/block_name/-1,Học viện Ngoại giao,Hà Nội,2026,25.42,confirmed_2_sources,5,260.0,45000000.0,45000000.0,observed,Kinh tế - Kinh doanh - Quản trị - Marketing - Thương mại,train
HQT:HQT07,HQT,HQT07,Luật thương mại quốc tế,,luat,international,,A00;A01;C00;D01;D03;D04;D06;D07;D09;D10;D14;D15,A00,"Học bằng tiếng Anh (thường cần trình độ tiếng Anh tốt, có thể yêu cầu IELTS/chứng chỉ khi nhập học) | Chương trình liên kết/quốc tế: học phí cao hơn chương trình chuẩn",https://diemthi.vnexpress.net/tra-cuu-dai-hoc/loadbenchmark/id/386/year/2026/sortby/1/block_name/-1,Học viện Ngoại giao,Hà Nội,2026,24.87,confirmed_2_sources,6,200.0,34000000.0,34000000.0,observed,Luật,train
HQT:HQT08-01,HQT,HQT08-01,Hàn Quốc học,,ngon_ngu,standard,,A00;A01;C00;D01;D07;D09;D10;D14;D15,A00,,https://diemthi.vnexpress.net/tra-cuu-dai-hoc/loadbenchmark/id/386/year/2026/sortby/1/block_name/-1,Học viện Ngoại giao,Hà Nội,2026,23.75,single_source,5,80.0,45000000.0,45000000.0,estimated,Ngôn ngữ - Văn hóa - Quốc tế học,train
HQT:HQT08-02,HQT,HQT08-02,Hoa Kỳ học,,ngon_ngu,standard,,A00;A01;C00;D01;D07;D09;D10;D14;D15,A00,,https://diemthi.vnexpress.net/tra-cuu-dai-hoc/loadbenchmark/id/386/year/2026/sortby/1/block_name/-1,Học viện Ngoại giao,Hà Nội,2026,24.5,single_source,5,40.0,45000000.0,45000000.0,estimated,Ngôn ngữ - Văn hóa - Quốc tế học,train
HQT:HQT08-03,HQT,HQT08-03,Nhật Bản học,,ngon_ngu,standard,,A00;A01;C00;D01;D06;D07;D09;D10;D14;D15,A00,,https://diemthi.vnexpress.net/tra-cuu-dai-hoc/loadbenchmark/id/386/year/2026/sortby/1/block_name/-1,Học viện Ngoại giao,Hà Nội,2026,23.75,single_source,5,40.0,45000000.0,45000000.0,estimated,Ngôn ngữ - Văn hóa - Quốc tế học,train
HQT:HQT08-04,HQT,HQT08-04,Trung Quốc học,,ngon_ngu,standard,,A00;A01;C00;D01;D04;D07;D09;D10;D14;D15,A00,,https://diemthi.vnexpress.net/tra-cuu-dai-hoc/loadbenchmark/id/386/year/2026/sortby/1/block_name/-1,Học viện Ngoại giao,Hà Nội,2026,24.5,single_source,5,120.0,45000000.0,45000000.0,estimated,Ngôn ngữ - Văn hóa - Quốc tế học,train
HSU:7210403,HSU,7210403,Thiết kế đồ họa,7210403,thiet_ke,standard,,A00;A01;B03;C00;C01;C02;C03;C04;D01;D09;X01;X02;X03;X04;D14;C10,A00,,https://diemthi.vnexpress.net/tra-cuu-dai-hoc/loadbenchmark/id/261/year/2026/sortby/1/block_name/-1,Trường Đại học Hoa Sen,TP. Hồ Chí Minh,2026,15.0,single_source,4,,,,missing,Thiết kế - Nghệ thuật - Sáng tạo số,train
HSU:7210404,HSU,7210404,Thiết kế thời trang,7210404,thiet_ke,standard,,A00;A01;B03;C00;C01;C02;C03;C04;D01;D09;X01;X02;X03;X04;D14;C10,A00,,https://diemthi.vnexpress.net/tra-cuu-dai-hoc/loadbenchmark/id/261/year/2026/sortby/1/block_name/-1,Trường Đại học Hoa Sen,TP. Hồ Chí Minh,2026,15.0,single_source,4,,,,missing,Thiết kế - Nghệ thuật - Sáng tạo số,train
HSU:7210408,HSU,7210408,Nghệ thuật số,7210408,thiet_ke,standard,,A00;A01;B03;C00;C01;C02;C03;C04;D01;D09;X01;X02;X03;X04;D14;C10,A00,,https://diemthi.vnexpress.net/tra-cuu-dai-hoc/loadbenchmark/id/261/year/2026/sortby/1/block_name/-1,Trường Đại học Hoa Sen,TP. Hồ Chí Minh,2026,15.0,single_source,4,,,,missing,Thiết kế - Nghệ thuật - Sáng tạo số,train
HSU:7220201,HSU,7220201,Ngôn ngữ Anh,7220201,ngon_ngu,standard,,A01;B03;C01;C02;C03;C04;D01;D14;X01;X02;X03;X04;D09;D15;X25;X79,A01,,https://diemthi.vnexpress.net/tra-cuu-dai-hoc/loadbenchmark/id/261/year/2026/sortby/1/block_name/-1,Trường Đại học Hoa Sen,TP. Hồ Chí Minh,2026,15.0,single_source,3,,,,missing,Ngôn ngữ - Văn hóa - Quốc tế học,train
HSU:7220204,HSU,7220204,Ngôn ngữ Trung Quốc,7220204,ngon_ngu,standard,,A01;B03;C01;C02;C03;C04;D01;D04;X01;X02;X03;X04;D09;D14;X25;X79,A01,,https://diemthi.vnexpress.net/tra-cuu-dai-hoc/loadbenchmark/id/261/year/2026/sortby/1/block_name/-1,Trường Đại học Hoa Sen,TP. Hồ Chí Minh,2026,15.0,single_source,3,,,,missing,Ngôn ngữ - Văn hóa - Quốc tế học,train
HSU:7220210,HSU,7220210,Ngôn ngữ Hàn Quốc,7220210,ngon_ngu,standard,,A01;B03;C01;C02;C03;C04;D01;X01;X02;X03;X04;D09;D14;X25;X79,A01,,https://diemthi.vnexpress.net/tra-cuu-dai-hoc/loadbenchmark/id/261/year/2026/sortby/1/block_name/-1,Trường Đại học Hoa Sen,TP. Hồ Chí Minh,2026,15.0,single_source,2,,,,missing,Ngôn ngữ - Văn hóa - Quốc tế học,train
HSU:7310113,HSU,7310113,Kinh tế thể thao,7310113,kinh_te,standard,,A00;B03;C00;C01;C02;C03;C04;D01;X01;A01;X02;X03;X04;D03;D09,A00,,https://diemthi.vnexpress.net/tra-cuu-dai-hoc/loadbenchmark/id/261/year/2026/sortby/1/block_name/-1,Trường Đại học Hoa Sen,TP. Hồ Chí Minh,2026,15.0,single_source,4,,,,missing,Kinh tế - Kinh doanh - Quản trị - Marketing - Thương mại,train
HSU:7310401,HSU,7310401,Tâm lý học,7310401,xa_hoi,standard,,A00;A01;B03;C00;C01;C02;C03;C04;D01;D09;X01;X02;X03;X04;D08,A00,,https://diemthi.vnexpress.net/tra-cuu-dai-hoc/loadbenchmark/id/261/year/2026/sortby/1/block_name/-1,Trường Đại học Hoa Sen,TP. Hồ Chí Minh,2026,15.0,single_source,4,,,,missing,Khoa học xã hội - Tâm lý - Nhân văn - Chính trị - Hành chính,train
HSU:7320104,HSU,7320104,Truyền thông đa phương tiện,7320104,bao_chi,standard,,A00;A01;B03;C00;C01;C02;C03;C04;D01;D09;X01;X02;X03;X04,A00,,https://diemthi.vnexpress.net/tra-cuu-dai-hoc/loadbenchmark/id/261/year/2026/sortby/1/block_name/-1,Trường Đại học Hoa Sen,TP. Hồ Chí Minh,2026,15.0,single_source,3,,,,missing,Báo chí - Truyền thông - Quan hệ công chúng,train
HSU:7320108,HSU,7320108,Quan hệ công chúng,7320108,bao_chi,standard,,A00;A01;B03;C00;C01;C02;C03;C04;D01;D09;X01;X02;X03;X04;D03,A00,,https://diemthi.vnexpress.net/tra-cuu-dai-hoc/loadbenchmark/id/261/year/2026/sortby/1/block_name/-1,Trường Đại học Hoa Sen,TP. Hồ Chí Minh,2026,15.0,single_source,4,,,,missing,Báo chí - Truyền thông - Quan hệ công chúng,train
HSU:7340101,HSU,7340101,Quản trị Kinh doanh,7340101,kinh_te,standard,,A00;B03;C00;C01;C02;C03;C04;D01;X01;A01;X02;X03;X04;D03;D09,A00,,https://diemthi.vnexpress.net/tra-cuu-dai-hoc/loadbenchmark/id/261/year/2026/sortby/1/block_name/-1,Trường Đại học Hoa Sen,TP. Hồ Chí Minh,2026,15.0,single_source,4,,,,missing,Kinh tế - Kinh doanh - Quản trị - Marketing - Thương mại,train
HSU:7340114,HSU,7340114,Marketing kỹ thuật số,7340114,kinh_te,standard,,A00;B03;C00;C01;C02;C03;C04;D01;X01;A01;X02;X03;X04;D03;D09,A00,,https://diemthi.vnexpress.net/tra-cuu-dai-hoc/loadbenchmark/id/261/year/2026/sortby/1/block_name/-1,Trường Đại học Hoa Sen,TP. Hồ Chí Minh,2026,15.0,single_source,4,,,,missing,Kinh tế - Kinh doanh - Quản trị - Marketing - Thương mại,train
HSU:7340115,HSU,7340115,Marketing,7340115,kinh_te,standard,,A00;B03;C00;C01;C02;C03;C04;D01;X01;A01;X02;X03;X04;D03;D09,A00,,https://diemthi.vnexpress.net/tra-cuu-dai-hoc/loadbenchmark/id/261/year/2026/sortby/1/block_name/-1,Trường Đại học Hoa Sen,TP. Hồ Chí Minh,2026,15.0,single_source,4,,,,missing,Kinh tế - Kinh doanh - Quản trị - Marketing - Thương mại,train
HSU:7340120,HSU,7340120,Ngành Kinh doanh quốc tế,7340120,kinh_te,international,,A00;B03;C00;C01;C02;C03;C04;D01;X01;A01;X02;X03;X04;D03;D09,A00,"Học bằng tiếng Anh (thường cần trình độ tiếng Anh tốt, có thể yêu cầu IELTS/chứng chỉ khi nhập học) | Chương trình liên kết/quốc tế: học phí cao hơn chương trình chuẩn",https://diemthi.vnexpress.net/tra-cuu-dai-hoc/loadbenchmark/id/261/year/2026/sortby/1/block_name/-1,Trường Đại học Hoa Sen,TP. Hồ Chí Minh,2026,15.0,single_source,4,,,,missing,Kinh tế - Kinh doanh - Quản trị - Marketing - Thương mại,train
HSU:7340122,HSU,7340122,Thương mại điện tử,7340122,kinh_te,standard,,A00;B03;C00;C01;C02;C03;C04;D01;X01;A01;X02;X03;X04;D03;D09,A00,,https://diemthi.vnexpress.net/tra-cuu-dai-hoc/loadbenchmark/id/261/year/2026/sortby/1/block_name/-1,Trường Đại học Hoa Sen,TP. Hồ Chí Minh,2026,15.0,single_source,4,,,,missing,Kinh tế - Kinh doanh - Quản trị - Marketing - Thương mại,train
HSU:7340201,HSU,7340201,Tài chính – Ngân hàng,7340201,tai_chinh,standard,,A00;B03;C00;C01;C02;C03;C04;D01;X01;A01;X02;X03;X04;D03;D09,A00,,https://diemthi.vnexpress.net/tra-cuu-dai-hoc/loadbenchmark/id/261/year/2026/sortby/1/block_name/-1,Trường Đại học Hoa Sen,TP. Hồ Chí Minh,2026,15.0,single_source,4,,,,missing,Tài chính - Ngân hàng - Kế toán - Kiểm toán - Bảo hiểm,train
HSU:7340205,HSU,7340205,Công nghệ tài chính,7340205,tai_chinh,standard,,A00;B03;C00;C01;C02;C03;C04;D01;X01;A01;X02;X03;X04;D03;D09,A00,,https://diemthi.vnexpress.net/tra-cuu-dai-hoc/loadbenchmark/id/261/year/2026/sortby/1/block_name/-1,Trường Đại học Hoa Sen,TP. Hồ Chí Minh,2026,15.0,single_source,4,,,,missing,Tài chính - Ngân hàng - Kế toán - Kiểm toán - Bảo hiểm,train
HSU:7340301,HSU,7340301,Kế toán,7340301,tai_chinh,standard,,A00;B03;C00;C01;C02;C03;C04;D01;X01;A01;X02;X03;X04;D03;D09,A00,,https://diemthi.vnexpress.net/tra-cuu-dai-hoc/loadbenchmark/id/261/year/2026/sortby/1/block_name/-1,Trường Đại học Hoa Sen,TP. Hồ Chí Minh,2026,15.0,single_source,4,,,,missing,Tài chính - Ngân hàng - Kế toán - Kiểm toán - Bảo hiểm,train
HSU:7340404,HSU,7340404,Quản trị nhân lực,7340404,kinh_te,standard,,A00;B03;C00;C01;C02;C03;C04;D01;X01;A01;X02;X03;X04;D03;D09,A00,,https://diemthi.vnexpress.net/tra-cuu-dai-hoc/loadbenchmark/id/261/year/2026/sortby/1/block_name/-1,Trường Đại học Hoa Sen,TP. Hồ Chí Minh,2026,15.0,single_source,4,,,,missing,Kinh tế - Kinh doanh - Quản trị - Marketing - Thương mại,train
HSU:7340410,HSU,7340410,Quản trị công nghệ truyền thông*,7340410,bao_chi,standard,,A00;B03;C00;C01;C02;C03;C04;D01;X01;A01;X02;X03;X04;D03;D09,A00,,https://diemthi.vnexpress.net/tra-cuu-dai-hoc/loadbenchmark/id/261/year/2026/sortby/1/block_name/-1,Trường Đại học Hoa Sen,TP. Hồ Chí Minh,2026,15.0,single_source,4,,,,missing,Báo chí - Truyền thông - Quan hệ công chúng,train
HSU:7340412,HSU,7340412,Quản trị sự kiện,7340412,du_lich,standard,,A00;B03;C00;C01;C02;C03;C04;D01;X01;A01;X02;X03;X04;D03;D09,A00,,https://diemthi.vnexpress.net/tra-cuu-dai-hoc/loadbenchmark/id/261/year/2026/sortby/1/block_name/-1,Trường Đại học Hoa Sen,TP. Hồ Chí Minh,2026,15.0,single_source,4,,,,missing,Du lịch - Khách sạn - Logistics - Hàng không - Dịch vụ,train
HSU:7380101,HSU,7380101,Ngành Luật,7380101,luat,standard,,A00;A01;B03;C00;C01;C02;C03;C04;D01;D09;X01;X02;X03;X04,A00,,https://diemthi.vnexpress.net/tra-cuu-dai-hoc/loadbenchmark/id/261/year/2026/sortby/1/block_name/-1,Trường Đại học Hoa Sen,TP. Hồ Chí Minh,2026,20.0,single_source,3,,,,missing,Luật,train
HSU:7380107,HSU,7380107,Luật kinh tế,7380107,luat,standard,,A00;A01;B03;C00;C01;C02;C03;C04;D01;D09;X01;X02;X03;X04;D03,A00,,https://diemthi.vnexpress.net/tra-cuu-dai-hoc/loadbenchmark/id/261/year/2026/sortby/1/block_name/-1,Trường Đại học Hoa Sen,TP. Hồ Chí Minh,2026,20.0,single_source,4,,,,missing,Luật,train
HSU:7380108,HSU,7380108,Luật quốc tế,7380108,luat,international,,A00;A01;B03;C00;C01;C02;C03;C04;D01;D09;X01;X02;X03;X04,A00,"Học bằng tiếng Anh (thường cần trình độ tiếng Anh tốt, có thể yêu cầu IELTS/chứng chỉ khi nhập học) | Chương trình liên kết/quốc tế: học phí cao hơn chương trình chuẩn",https://diemthi.vnexpress.net/tra-cuu-dai-hoc/loadbenchmark/id/261/year/2026/sortby/1/block_name/-1,Trường Đại học Hoa Sen,TP. Hồ Chí Minh,2026,20.0,single_source,1,,,,missing,Luật,train
HSU:7480103,HSU,7480103,Kỹ thuật phần mềm,7480103,cntt,standard,,A00;A01;B03;C01;C02;C03;C04;D01;X01;X02;X03;X04;D03;D07,A00,,https://diemthi.vnexpress.net/tra-cuu-dai-hoc/loadbenchmark/id/261/year/2026/sortby/1/block_name/-1,Trường Đại học Hoa Sen,TP. Hồ Chí Minh,2026,15.0,single_source,4,,,,missing,Công nghệ thông tin - Máy tính - Dữ liệu - AI,train
HSU:7480107,HSU,7480107,Trí tuệ nhân tạo,7480107,cntt,standard,,A00;A01;B03;C01;C02;C03;C04;D01;X01;X02;X03;X04;D07;D03,A00,,https://diemthi.vnexpress.net/tra-cuu-dai-hoc/loadbenchmark/id/261/year/2026/sortby/1/block_name/-1,Trường Đại học Hoa Sen,TP. Hồ Chí Minh,2026,15.0,single_source,3,,,,missing,Công nghệ thông tin - Máy tính - Dữ liệu - AI,train
HSU:7480201,HSU,7480201,Công nghệ thông tin,7480201,cntt,standard,,A00;A01;B03;C01;C02;C03;C04;D01;X01;X02;X03;X04;D03;D07,A00,,https://diemthi.vnexpress.net/tra-cuu-dai-hoc/loadbenchmark/id/261/year/2026/sortby/1/block_name/-1,Trường Đại học Hoa Sen,TP. Hồ Chí Minh,2026,15.0,single_source,4,,,,missing,Công nghệ thông tin - Máy tính - Dữ liệu - AI,train
HSU:7480208,HSU,7480208,An ninh mạng,7480208,cntt,standard,,A00;A01;B03;C01;C02;C03;C04;D01;X01;X02;X03;X04,A00,,https://diemthi.vnexpress.net/tra-cuu-dai-hoc/loadbenchmark/id/261/year/2026/sortby/1/block_name/-1,Trường Đại học Hoa Sen,TP. Hồ Chí Minh,2026,15.0,single_source,1,,,,missing,Công nghệ thông tin - Máy tính - Dữ liệu - AI,train
HSU:7510605,HSU,7510605,Logistics và Quản lý chuỗi cung ứng,7510605,du_lich,standard,,A00;A01;B03;C00;C01;C02;C03;C04;D01;D09;X01;X02;X03;X04;D03,A00,,https://diemthi.vnexpress.net/tra-cuu-dai-hoc/loadbenchmark/id/261/year/2026/sortby/1/block_name/-1,Trường Đại học Hoa Sen,TP. Hồ Chí Minh,2026,15.0,single_source,4,,,,missing,Du lịch - Khách sạn - Logistics - Hàng không - Dịch vụ,train
HSU:7580108,HSU,7580108,Thiết kế nội thất,7580108,xay_dung,standard,,A00;A01;B03;C00;C01;C02;C03;C04;D01;D09;X01;X02;X03;X04;D14,A00,,https://diemthi.vnexpress.net/tra-cuu-dai-hoc/loadbenchmark/id/261/year/2026/sortby/1/block_name/-1,Trường Đại học Hoa Sen,TP. Hồ Chí Minh,2026,15.0,single_source,4,,,,missing,Kiến trúc - Xây dựng - Giao thông - Quy hoạch,train
HSU:7810103,HSU,7810103,Quản trị dịch vụ du lịch và lữ hành,7810103,du_lich,standard,,A00;A01;B03;C00;C01;C02;C03;C04;D01;D09;X01;X02;X03;X04;D03,A00,,https://diemthi.vnexpress.net/tra-cuu-dai-hoc/loadbenchmark/id/261/year/2026/sortby/1/block_name/-1,Trường Đại học Hoa Sen,TP. Hồ Chí Minh,2026,15.0,single_source,4,,,,missing,Du lịch - Khách sạn - Logistics - Hàng không - Dịch vụ,train
HSU:7810201,HSU,7810201,Quản trị khách sạn,7810201,du_lich,standard,,A00;A01;B03;C00;C01;C02;C03;C04;D01;D09;X01;X02;X03;X04;D03,A00,,https://diemthi.vnexpress.net/tra-cuu-dai-hoc/loadbenchmark/id/261/year/2026/sortby/1/block_name/-1,Trường Đại học Hoa Sen,TP. Hồ Chí Minh,2026,15.0,single_source,4,,,,missing,Du lịch - Khách sạn - Logistics - Hàng không - Dịch vụ,train
HSU:7810202,HSU,7810202,Quản trị nhà hàng và dịch vụ ăn uống,7810202,du_lich,standard,,A00;A01;B03;C00;C01;C02;C03;C04;D01;D09;X01;X02;X03;X04;D03,A00,,https://diemthi.vnexpress.net/tra-cuu-dai-hoc/loadbenchmark/id/261/year/2026/sortby/1/block_name/-1,Trường Đại học Hoa Sen,TP. Hồ Chí Minh,2026,15.0,single_source,4,,,,missing,Du lịch - Khách sạn - Logistics - Hàng không - Dịch vụ,train
HTC:HC0101QT,HTC,HC0101QT,Thuế và Quản trị thuế (Theo định hướng ACCA),,tai_chinh,standard,,A01;D01;D07;X26,A01,,https://diemthi.vnexpress.net/tra-cuu-dai-hoc/loadbenchmark/id/387/year/2026/sortby/1/block_name/-1,Học viện Tài chính,Hà Nội,2026,22.96,confirmed_2_sources,1,80.0,,,missing,Tài chính - Ngân hàng - Kế toán - Kiểm toán - Bảo hiểm,train
HTC:HC0106QT,HTC,HC0106QT,Hải quan và Logistics (Theo định hướng FIATA),,du_lich,standard,,A01;D01;D07;X26,A01,,https://diemthi.vnexpress.net/tra-cuu-dai-hoc/loadbenchmark/id/387/year/2026/sortby/1/block_name/-1,Học viện Tài chính,Hà Nội,2026,24.44,confirmed_2_sources,1,510.0,,,missing,Du lịch - Khách sạn - Logistics - Hàng không - Dịch vụ,train
HTC:HC0108QT,HTC,HC0108QT,Tài chính quốc tế (Theo định hướng CMA) *,,tai_chinh,international,,A01;D01;D07;X26,A01,"Học bằng tiếng Anh (thường cần trình độ tiếng Anh tốt, có thể yêu cầu IELTS/chứng chỉ khi nhập học) | Chương trình liên kết/quốc tế: học phí cao hơn chương trình chuẩn",https://diemthi.vnexpress.net/tra-cuu-dai-hoc/loadbenchmark/id/387/year/2026/sortby/1/block_name/-1,Học viện Tài chính,Hà Nội,2026,23.22,confirmed_2_sources,1,50.0,,,missing,Tài chính - Ngân hàng - Kế toán - Kiểm toán - Bảo hiểm,train
HTC:HC0109QT,HTC,HC0109QT,Phân tích tài chính (Theo định hướng ICAEW CFAB),,tai_chinh,standard,,A01;D01;D07;X26,A01,,https://diemthi.vnexpress.net/tra-cuu-dai-hoc/loadbenchmark/id/387/year/2026/sortby/1/block_name/-1,Học viện Tài chính,Hà Nội,2026,22.75,confirmed_2_sources,1,200.0,,,missing,Tài chính - Ngân hàng - Kế toán - Kiểm toán - Bảo hiểm,train
HTC:HC0111QT,HTC,HC0111QT,Tài chính doanh nghiệp (Theo định hướng ACCA),,tai_chinh,standard,,A01;D01;D07;X26,A01,,https://diemthi.vnexpress.net/tra-cuu-dai-hoc/loadbenchmark/id/387/year/2026/sortby/1/block_name/-1,Học viện Tài chính,Hà Nội,2026,23.7,confirmed_2_sources,1,600.0,,,missing,Tài chính - Ngân hàng - Kế toán - Kiểm toán - Bảo hiểm,train
HTC:HC0115QT,HTC,HC0115QT,Ngân hàng (Theo định hướng ICAEW CFAB),,tai_chinh,standard,,A01;D01;D07;X26,A01,,https://diemthi.vnexpress.net/tra-cuu-dai-hoc/loadbenchmark/id/387/year/2026/sortby/1/block_name/-1,Học viện Tài chính,Hà Nội,2026,22.98,confirmed_2_sources,1,80.0,,,missing,Tài chính - Ngân hàng - Kế toán - Kiểm toán - Bảo hiểm,train
HTC:HC0119,HTC,HC0119,Tài chính - Ngân hàng (CTĐT Thuế; Hải quan và nghiệp vụ ngoại thương; Tài chính quốc tế; Phân tích tài chính; Tài chính doanh nghiệp; Ngân hàng; Đầu tư tải chính; Tài chính số *),,tai_chinh,international,,A00;A01;D01;D07;X06;X26,A00,"Học bằng tiếng Anh (thường cần trình độ tiếng Anh tốt, có thể yêu cầu IELTS/chứng chỉ khi nhập học) | Chương trình liên kết/quốc tế: học phí cao hơn chương trình chuẩn",https://diemthi.vnexpress.net/tra-cuu-dai-hoc/loadbenchmark/id/387/year/2026/sortby/1/block_name/-1,Học viện Tài chính,Hà Nội,2026,26.66,confirmed_2_sources,1,900.0,,,missing,Tài chính - Ngân hàng - Kế toán - Kiểm toán - Bảo hiểm,train
HTC:HC0119QT,HTC,HC0119QT,Đầu tư tài chính (Theo định hướng ICAEW CFAB),,tai_chinh,standard,,A01;D01;D07;X26,A01,,https://diemthi.vnexpress.net/tra-cuu-dai-hoc/loadbenchmark/id/387/year/2026/sortby/1/block_name/-1,Học viện Tài chính,Hà Nội,2026,23.0,confirmed_2_sources,1,80.0,,,missing,Tài chính - Ngân hàng - Kế toán - Kiểm toán - Bảo hiểm,train
HTC:HC0201QT,HTC,HC0201QT,Kế toán doanh nghiệp (Theo định hướng ACCA),,tai_chinh,standard,,A01;D01;D07;X26,A01,,https://diemthi.vnexpress.net/tra-cuu-dai-hoc/loadbenchmark/id/387/year/2026/sortby/1/block_name/-1,Học viện Tài chính,Hà Nội,2026,23.8,confirmed_2_sources,1,370.0,,,missing,Tài chính - Ngân hàng - Kế toán - Kiểm toán - Bảo hiểm,train
HTC:HC0202QT,HTC,HC0202QT,Kế toán quản trị và Kiểm soát quản lý (Theo định hướng CMA),,tai_chinh,standard,,A01;D01;D07;X26,A01,,https://diemthi.vnexpress.net/tra-cuu-dai-hoc/loadbenchmark/id/387/year/2026/sortby/1/block_name/-1,Học viện Tài chính,Hà Nội,2026,22.25,confirmed_2_sources,1,80.0,,,missing,Tài chính - Ngân hàng - Kế toán - Kiểm toán - Bảo hiểm,train
HTC:HC0203QT,HTC,HC0203QT,Kế toán công (Theo định hướng ACCA),,tai_chinh,standard,,A01;D01;D07;X26,A01,,https://diemthi.vnexpress.net/tra-cuu-dai-hoc/loadbenchmark/id/387/year/2026/sortby/1/block_name/-1,Học viện Tài chính,Hà Nội,2026,22.12,confirmed_2_sources,1,100.0,,,missing,Tài chính - Ngân hàng - Kế toán - Kiểm toán - Bảo hiểm,train
HTC:HC0214,HTC,HC0214,Kế toán (CTĐT Kế toán doanh nghiệp; Kế toán công; Kế toán và phân tích dữ liệu *),,tai_chinh,standard,,A00;A01;D01;D07;X06;X26,A00,,https://diemthi.vnexpress.net/tra-cuu-dai-hoc/loadbenchmark/id/387/year/2026/sortby/1/block_name/-1,Học viện Tài chính,Hà Nội,2026,26.7,confirmed_2_sources,1,511.0,,,missing,Tài chính - Ngân hàng - Kế toán - Kiểm toán - Bảo hiểm,train
HTC:HC0301QT,HTC,HC0301QT,Quản trị doanh nghiệp (Theo định hướng ICAEW CFAB),,kinh_te,standard,,A01;D01;D07;X26,A01,,https://diemthi.vnexpress.net/tra-cuu-dai-hoc/loadbenchmark/id/387/year/2026/sortby/1/block_name/-1,Học viện Tài chính,Hà Nội,2026,21.91,confirmed_2_sources,1,160.0,,,missing,Kinh tế - Kinh doanh - Quản trị - Marketing - Thương mại,train
HTC:HC0303QT,HTC,HC0303QT,Quản trị kinh doanh khách sạn (Theo định hướng AHLEI) *,,du_lich,standard,,A01;D01;D07;X26,A01,,https://diemthi.vnexpress.net/tra-cuu-dai-hoc/loadbenchmark/id/387/year/2026/sortby/1/block_name/-1,Học viện Tài chính,Hà Nội,2026,21.0,confirmed_2_sources,1,50.0,,,missing,Du lịch - Khách sạn - Logistics - Hàng không - Dịch vụ,train
HTC:HC0312,HTC,HC0312,Quản trị kinh doanh (CTĐT Quản trị doanh nghiệp; Quản trị kinh doanh du lịch),,du_lich,standard,,A00;A01;D01;D07;X06;X26,A00,,https://diemthi.vnexpress.net/tra-cuu-dai-hoc/loadbenchmark/id/387/year/2026/sortby/1/block_name/-1,Học viện Tài chính,Hà Nội,2026,25.72,confirmed_2_sources,1,160.0,,,missing,Du lịch - Khách sạn - Logistics - Hàng không - Dịch vụ,train
HTC:HC0401,HTC,HC0401,Tin học tài chính kế toán,,tai_chinh,standard,,A00;A01;D01;D07;X06;X26,A00,,https://diemthi.vnexpress.net/tra-cuu-dai-hoc/loadbenchmark/id/387/year/2026/sortby/1/block_name/-1,Học viện Tài chính,Hà Nội,2026,25.73,confirmed_2_sources,1,110.0,,,missing,Tài chính - Ngân hàng - Kế toán - Kiểm toán - Bảo hiểm,train
HTC:HC0512,HTC,HC0512,Ngôn ngữ Anh (CTĐT Tiếng Anh tài chính kế toán; Tiếng Anh và tiếng Trung tài chính kế toán *),,tai_chinh,standard,,A01;D01;D07;X26,A01,"Học bằng tiếng Anh (thường cần trình độ tiếng Anh tốt, có thể yêu cầu IELTS/chứng chỉ khi nhập học)",https://diemthi.vnexpress.net/tra-cuu-dai-hoc/loadbenchmark/id/387/year/2026/sortby/1/block_name/-1,Học viện Tài chính,Hà Nội,2026,25.37,confirmed_2_sources,1,170.0,,,missing,Tài chính - Ngân hàng - Kế toán - Kiểm toán - Bảo hiểm,train
HTC:HC0613,HTC,HC0613,Kinh tế (CTĐT Kinh tế và quản lý nguồn lực tài chính; Kinh tế số *),,tai_chinh,standard,,A00;A01;D01;D07;X06;X26,A00,,https://diemthi.vnexpress.net/tra-cuu-dai-hoc/loadbenchmark/id/387/year/2026/sortby/1/block_name/-1,Học viện Tài chính,Hà Nội,2026,26.0,confirmed_2_sources,1,104.0,,,missing,Tài chính - Ngân hàng - Kế toán - Kiểm toán - Bảo hiểm,train
HTC:HC0701,HTC,HC0701,Quản lý tài chính công,,tai_chinh,standard,,A00;A01;D01;D07;X06;X26,A00,,https://diemthi.vnexpress.net/tra-cuu-dai-hoc/loadbenchmark/id/387/year/2026/sortby/1/block_name/-1,Học viện Tài chính,Hà Nội,2026,25.22,confirmed_2_sources,1,180.0,,,missing,Tài chính - Ngân hàng - Kế toán - Kiểm toán - Bảo hiểm,train
HTC:HC0801,HTC,HC0801,Tài chính bảo hiểm,,tai_chinh,standard,,A00;A01;D01;D07;X06;X26,A00,,https://diemthi.vnexpress.net/tra-cuu-dai-hoc/loadbenchmark/id/387/year/2026/sortby/1/block_name/-1,Học viện Tài chính,Hà Nội,2026,25.52,confirmed_2_sources,1,80.0,,,missing,Tài chính - Ngân hàng - Kế toán - Kiểm toán - Bảo hiểm,train
HTC:HC0901,HTC,HC0901,Thẩm định giá và kinh doanh bất động sản,,tai_chinh,standard,,A00;A01;D01;D07;X06;X26,A00,,https://diemthi.vnexpress.net/tra-cuu-dai-hoc/loadbenchmark/id/387/year/2026/sortby/1/block_name/-1,Học viện Tài chính,Hà Nội,2026,24.89,confirmed_2_sources,1,80.0,,,missing,Tài chính - Ngân hàng - Kế toán - Kiểm toán - Bảo hiểm,train
HTC:HC0901QT,HTC,HC0901QT,Thẩm định giá và kinh doanh bất động sản (Theo định hướng ACCA),,tai_chinh,standard,,A01;D01;D07;X26,A01,,https://diemthi.vnexpress.net/tra-cuu-dai-hoc/loadbenchmark/id/387/year/2026/sortby/1/block_name/-1,Học viện Tài chính,Hà Nội,2026,21.5,confirmed_2_sources,1,80.0,,,missing,Tài chính - Ngân hàng - Kế toán - Kiểm toán - Bảo hiểm,train
HTC:HC1001,HTC,HC1001,Kiểm toán,,tai_chinh,standard,,A00;A01;D01;D07;X06;X26,A00,,https://diemthi.vnexpress.net/tra-cuu-dai-hoc/loadbenchmark/id/387/year/2026/sortby/1/block_name/-1,Học viện Tài chính,Hà Nội,2026,28.07,confirmed_2_sources,1,150.0,,,missing,Tài chính - Ngân hàng - Kế toán - Kiểm toán - Bảo hiểm,train
HTC:HC1001QT,HTC,HC1001QT,Kiểm toán (Theo định hướng ICAEW CFAB),,tai_chinh,standard,,A01;D01;D07;X26,A01,,https://diemthi.vnexpress.net/tra-cuu-dai-hoc/loadbenchmark/id/387/year/2026/sortby/1/block_name/-1,Học viện Tài chính,Hà Nội,2026,24.68,confirmed_2_sources,1,350.0,,,missing,Tài chính - Ngân hàng - Kế toán - Kiểm toán - Bảo hiểm,train
HTC:HC1101,HTC,HC1101,Marketing,,kinh_te,standard,,A00;A01;D01;D07;X06;X26,A00,,https://diemthi.vnexpress.net/tra-cuu-dai-hoc/loadbenchmark/id/387/year/2026/sortby/1/block_name/-1,Học viện Tài chính,Hà Nội,2026,26.29,confirmed_2_sources,1,160.0,,,missing,Kinh tế - Kinh doanh - Quản trị - Marketing - Thương mại,train
HTC:HC1102QT,HTC,HC1102QT,Digital Marketing (Theo định hướng ICDL),,kinh_te,standard,,A01;D01;D07;X26,A01,,https://diemthi.vnexpress.net/tra-cuu-dai-hoc/loadbenchmark/id/387/year/2026/sortby/1/block_name/-1,Học viện Tài chính,Hà Nội,2026,23.63,confirmed_2_sources,1,260.0,,,missing,Kinh tế - Kinh doanh - Quản trị - Marketing - Thương mại,train
HTC:HC1201,HTC,HC1201,Kinh tế đầu tư,,tai_chinh,standard,,A00;A01;D01;D07;X06;X26,A00,,https://diemthi.vnexpress.net/tra-cuu-dai-hoc/loadbenchmark/id/387/year/2026/sortby/1/block_name/-1,Học viện Tài chính,Hà Nội,2026,26.56,confirmed_2_sources,1,80.0,,,missing,Tài chính - Ngân hàng - Kế toán - Kiểm toán - Bảo hiểm,train
HTC:HC1201QT,HTC,HC1201QT,Kinh tế đầu tư (Theo định hướng ACCA),,tai_chinh,standard,,A01;D01;D07;X26,A01,,https://diemthi.vnexpress.net/tra-cuu-dai-hoc/loadbenchmark/id/387/year/2026/sortby/1/block_name/-1,Học viện Tài chính,Hà Nội,2026,24.2,confirmed_2_sources,1,120.0,,,missing,Tài chính - Ngân hàng - Kế toán - Kiểm toán - Bảo hiểm,train
HTC:HC1301,HTC,HC1301,Trí tuệ nhân tạo trong tài chính kế toán,,tai_chinh,standard,,A00;A01;D01;D07;X06;X26,A00,,https://diemthi.vnexpress.net/tra-cuu-dai-hoc/loadbenchmark/id/387/year/2026/sortby/1/block_name/-1,Học viện Tài chính,Hà Nội,2026,25.78,confirmed_2_sources,1,51.0,,,missing,Tài chính - Ngân hàng - Kế toán - Kiểm toán - Bảo hiểm,train
HTC:HC1412,HTC,HC1412,Khoa học dữ liệu (CTĐT Khoa học dữ liệu trong tài chính An ninh tài chính *),,tai_chinh,standard,,A00;A01;D01;D07;X06;X26,A00,,https://diemthi.vnexpress.net/tra-cuu-dai-hoc/loadbenchmark/id/387/year/2026/sortby/1/block_name/-1,Học viện Tài chính,Hà Nội,2026,25.92,confirmed_2_sources,1,52.0,,,missing,Tài chính - Ngân hàng - Kế toán - Kiểm toán - Bảo hiểm,train
HTC:HC1501QT,HTC,HC1501QT,Kinh doanh quốc tế (Theo định hướng ICAEW CFAB),,kinh_te,international,,A01;D01;D07;X26,A01,"Học bằng tiếng Anh (thường cần trình độ tiếng Anh tốt, có thể yêu cầu IELTS/chứng chỉ khi nhập học) | Chương trình liên kết/quốc tế: học phí cao hơn chương trình chuẩn",https://diemthi.vnexpress.net/tra-cuu-dai-hoc/loadbenchmark/id/387/year/2026/sortby/1/block_name/-1,Học viện Tài chính,Hà Nội,2026,25.37,confirmed_2_sources,1,160.0,,,missing,Kinh tế - Kinh doanh - Quản trị - Marketing - Thương mại,train
HTC:HC1601,HTC,HC1601,Kinh tế chính trị - Tài chính,,tai_chinh,standard,,A00;A01;D01;D07;X06;X26,A00,,https://diemthi.vnexpress.net/tra-cuu-dai-hoc/loadbenchmark/id/387/year/2026/sortby/1/block_name/-1,Học viện Tài chính,Hà Nội,2026,25.61,confirmed_2_sources,1,50.0,,,missing,Tài chính - Ngân hàng - Kế toán - Kiểm toán - Bảo hiểm,train
HTC:HC1701,HTC,HC1701,Luật kinh doanh,,luat,standard,,A00;A01;D01;D07;X06;X26,A00,,https://diemthi.vnexpress.net/tra-cuu-dai-hoc/loadbenchmark/id/387/year/2026/sortby/1/block_name/-1,Học viện Tài chính,Hà Nội,2026,25.57,confirmed_2_sources,1,52.0,,,missing,Luật,train
HTC:HC1812,HTC,HC1812,Toán kinh tế (CTĐT Toán tài chính; Thống kê ứng dụng trong tài chính *),,tai_chinh,standard,,A00;A01;D01;D07;X06;X26,A00,,https://diemthi.vnexpress.net/tra-cuu-dai-hoc/loadbenchmark/id/387/year/2026/sortby/1/block_name/-1,Học viện Tài chính,Hà Nội,2026,25.54,confirmed_2_sources,1,100.0,,,missing,Tài chính - Ngân hàng - Kế toán - Kiểm toán - Bảo hiểm,train
HVN:HVN01,HVN,HVN01,Thú y,,y_duoc,standard,,A00;A01;B00;B08;C03;C04;D01;D07;X01;X07,A00,Khối sức khỏe: có ngưỡng điểm sàn của Bộ,https://vietnamnet.vn/newsapi-edu/UniversityDetail/GetDetail?pageId=49ff289efde0446f9ae2f5c385595744&componentId=COMPONENT002302&keyword=HVN&year=2026&pageSize=25&pageIndex=0&typeOfTraining=0&subjectGroup=,Học viện Nông nghiệp Việt Nam,Hà Nội,2026,20.3,confirmed_2_sources,4,659.0,,,missing,Y - Dược - Điều dưỡng - Sức khỏe,test
HVN:HVN02,HVN,HVN02,Chăn nuôi thú y - Thuỷ sản,,y_duoc,standard,,A00;A01;B00;B08;C03;C04;D01;D07;X01;X07;X08,A00,Khối sức khỏe: có ngưỡng điểm sàn của Bộ,https://vietnamnet.vn/newsapi-edu/UniversityDetail/GetDetail?pageId=49ff289efde0446f9ae2f5c385595744&componentId=COMPONENT002302&keyword=HVN&year=2026&pageSize=25&pageIndex=1&typeOfTraining=0&subjectGroup=,Học viện Nông nghiệp Việt Nam,Hà Nội,2026,16.0,confirmed_2_sources,7,240.0,,,missing,Y - Dược - Điều dưỡng - Sức khỏe,test
HVN:HVN03,HVN,HVN03,Nông nghiệp và cảnh quan,,nong_lam_mt,standard,,A00;A01;B00;B08;C03;C04;D01;D07;X01;X07;X08,A00,,https://vietnamnet.vn/newsapi-edu/UniversityDetail/GetDetail?pageId=49ff289efde0446f9ae2f5c385595744&componentId=COMPONENT002302&keyword=HVN&year=2026&pageSize=25&pageIndex=1&typeOfTraining=0&subjectGroup=,Học viện Nông nghiệp Việt Nam,Hà Nội,2026,16.0,confirmed_2_sources,6,135.0,,,missing,Nông - Lâm - Thủy sản - Môi trường - Tài nguyên,test
HVN:HVN04,HVN,HVN04,Công nghệ kỹ thuật ô tô và Cơ điện tử,,ky_thuat,standard,,A00;A01;A03;B08;C01;C02;C03;D01;X02;X07;X08,A00,,https://vietnamnet.vn/newsapi-edu/UniversityDetail/GetDetail?pageId=49ff289efde0446f9ae2f5c385595744&componentId=COMPONENT002302&keyword=HVN&year=2026&pageSize=25&pageIndex=0&typeOfTraining=0&subjectGroup=,Học viện Nông nghiệp Việt Nam,Hà Nội,2026,20.3,confirmed_2_sources,7,540.0,,,missing,"Kỹ thuật - Công nghệ (cơ khí, điện, điện tử, ô tô, tự động hóa, vật liệu)",test
HVN:HVN05,HVN,HVN05,Kỹ thuật cơ khí,,ky_thuat,standard,,A00;A01;A03;B08;C01;C02;C03;D01;X02;X07;X08,A00,,https://vietnamnet.vn/newsapi-edu/UniversityDetail/GetDetail?pageId=49ff289efde0446f9ae2f5c385595744&componentId=COMPONENT002302&keyword=HVN&year=2026&pageSize=25&pageIndex=0&typeOfTraining=0&subjectGroup=,Học viện Nông nghiệp Việt Nam,Hà Nội,2026,21.5,confirmed_2_sources,4,130.0,,,missing,"Kỹ thuật - Công nghệ (cơ khí, điện, điện tử, ô tô, tự động hóa, vật liệu)",test
HVN:HVN06,HVN,HVN06,"Kỹ thuật điện, Điện tử và Tự động hoá",,ky_thuat,standard,,A00;A01;A03;B08;C01;C02;C03;D01;X02;X07;X08,A00,,https://vietnamnet.vn/newsapi-edu/UniversityDetail/GetDetail?pageId=49ff289efde0446f9ae2f5c385595744&componentId=COMPONENT002302&keyword=HVN&year=2026&pageSize=25&pageIndex=0&typeOfTraining=0&subjectGroup=,Học viện Nông nghiệp Việt Nam,Hà Nội,2026,22.0,confirmed_2_sources,4,280.0,,,missing,"Kỹ thuật - Công nghệ (cơ khí, điện, điện tử, ô tô, tự động hóa, vật liệu)",test
HVN:HVN07,HVN,HVN07,Logistics và Quản lý chuỗi cung ứng,,du_lich,standard,,A00;A01;A07;B08;C02;C03;C04;D01;X01;X03;X04,A00,,https://vietnamnet.vn/newsapi-edu/UniversityDetail/GetDetail?pageId=49ff289efde0446f9ae2f5c385595744&componentId=COMPONENT002302&keyword=HVN&year=2026&pageSize=25&pageIndex=0&typeOfTraining=0&subjectGroup=,Học viện Nông nghiệp Việt Nam,Hà Nội,2026,21.0,confirmed_2_sources,4,960.0,,,missing,Du lịch - Khách sạn - Logistics - Hàng không - Dịch vụ,test
HVN:HVN08,HVN,HVN08,"Kế toán, Quản trị kinh doanh và Thương mại",,tai_chinh,standard,,A00;A01;A07;B08;C02;C03;C04;D01;X01;X03;X04,A00,,https://vietnamnet.vn/newsapi-edu/UniversityDetail/GetDetail?pageId=49ff289efde0446f9ae2f5c385595744&componentId=COMPONENT002302&keyword=HVN&year=2026&pageSize=25&pageIndex=1&typeOfTraining=0&subjectGroup=,Học viện Nông nghiệp Việt Nam,Hà Nội,2026,17.0,confirmed_2_sources,4,2065.0,,,missing,Tài chính - Ngân hàng - Kế toán - Kiểm toán - Bảo hiểm,test
HVN:HVN09,HVN,HVN09,Công nghệ sinh học và Công nghệ dược liệu,,y_duoc,standard,,A00;A01;B00;B01;B03;B08;C02;D01;D07;X07;X08,A00,Khối sức khỏe: có ngưỡng điểm sàn của Bộ,https://vietnamnet.vn/newsapi-edu/UniversityDetail/GetDetail?pageId=49ff289efde0446f9ae2f5c385595744&componentId=COMPONENT002302&keyword=HVN&year=2026&pageSize=25&pageIndex=1&typeOfTraining=0&subjectGroup=,Học viện Nông nghiệp Việt Nam,Hà Nội,2026,19.0,confirmed_2_sources,7,120.0,,,missing,Y - Dược - Điều dưỡng - Sức khỏe,test
HVN:HVN10,HVN,HVN10,Công nghệ thực phẩm và Chế biến,,sinh_hoa,standard,,A00;A01;B00;B01;B03;B08;C03;D01;D07;X07;X08,A00,,https://vietnamnet.vn/newsapi-edu/UniversityDetail/GetDetail?pageId=49ff289efde0446f9ae2f5c385595744&componentId=COMPONENT002302&keyword=HVN&year=2026&pageSize=25&pageIndex=0&typeOfTraining=0&subjectGroup=,Học viện Nông nghiệp Việt Nam,Hà Nội,2026,20.3,confirmed_2_sources,7,415.0,,,missing,Sinh học - Hóa học - Công nghệ sinh học - Thực phẩm,test
HVN:HVN11,HVN,HVN11,Kinh tế và Quản lý,,kinh_te,standard,,A00;A01;A07;B08;C02;C03;C04;D01;X01;X03;X04;D07,A00,,https://vietnamnet.vn/newsapi-edu/UniversityDetail/GetDetail?pageId=49ff289efde0446f9ae2f5c385595744&componentId=COMPONENT002302&keyword=HVN&year=2026&pageSize=25&pageIndex=1&typeOfTraining=0&subjectGroup=,Học viện Nông nghiệp Việt Nam,Hà Nội,2026,16.5,confirmed_2_sources,4,565.0,,,missing,Kinh tế - Kinh doanh - Quản trị - Marketing - Thương mại,test
HVN:HVN12,HVN,HVN12,Xã hội học,,xa_hoi,standard,,A01;C00;C03;C04;D01;D14;D15;X03;X04;X70;X74,A01,,https://vietnamnet.vn/newsapi-edu/UniversityDetail/GetDetail?pageId=49ff289efde0446f9ae2f5c385595744&componentId=COMPONENT002302&keyword=HVN&year=2026&pageSize=25&pageIndex=1&typeOfTraining=0&subjectGroup=,Học viện Nông nghiệp Việt Nam,Hà Nội,2026,16.0,confirmed_2_sources,7,220.0,,,missing,Khoa học xã hội - Tâm lý - Nhân văn - Chính trị - Hành chính,test
HVN:HVN13,HVN,HVN13,Luật,,luat,standard,,A01;C00;C03;C04;D01;D14;D15;X03;X04;X70;X74,A01,,https://vietnamnet.vn/newsapi-edu/UniversityDetail/GetDetail?pageId=49ff289efde0446f9ae2f5c385595744&componentId=COMPONENT002302&keyword=HVN&year=2026&pageSize=25&pageIndex=0&typeOfTraining=0&subjectGroup=,Học viện Nông nghiệp Việt Nam,Hà Nội,2026,20.0,confirmed_2_sources,4,265.0,,,missing,Luật,test
HVN:HVN14,HVN,HVN14,Công nghệ thông tin và Kỹ thuật số,,cntt,standard,,A00;A01;A03;B08;C01;C02;C03;D01;X02;X07;X08;D07,A00,,https://vietnamnet.vn/newsapi-edu/UniversityDetail/GetDetail?pageId=49ff289efde0446f9ae2f5c385595744&componentId=COMPONENT002302&keyword=HVN&year=2026&pageSize=25&pageIndex=1&typeOfTraining=0&subjectGroup=,Học viện Nông nghiệp Việt Nam,Hà Nội,2026,17.0,confirmed_2_sources,4,500.0,,,missing,Công nghệ thông tin - Máy tính - Dữ liệu - AI,test
HVN:HVN15,HVN,HVN15,"Quản lý đất đai, Bất động sản và Môi trường",,nong_lam_mt,standard,,A00;A01;B00;B08;C01;C02;C03;C04;D01;X03;X04,A00,,https://vietnamnet.vn/newsapi-edu/UniversityDetail/GetDetail?pageId=49ff289efde0446f9ae2f5c385595744&componentId=COMPONENT002302&keyword=HVN&year=2026&pageSize=25&pageIndex=1&typeOfTraining=0&subjectGroup=,Học viện Nông nghiệp Việt Nam,Hà Nội,2026,16.0,confirmed_2_sources,7,265.0,,,missing,Nông - Lâm - Thủy sản - Môi trường - Tài nguyên,test
HVN:HVN16,HVN,HVN16,Khoa học môi trường,,nong_lam_mt,standard,,A00;A01;B00;B08;C01;C02;C03;C04;D01;X03;X04,A00,,https://vietnamnet.vn/newsapi-edu/UniversityDetail/GetDetail?pageId=49ff289efde0446f9ae2f5c385595744&componentId=COMPONENT002302&keyword=HVN&year=2026&pageSize=25&pageIndex=1&typeOfTraining=0&subjectGroup=,Học viện Nông nghiệp Việt Nam,Hà Nội,2026,16.0,confirmed_2_sources,5,20.0,,,missing,Nông - Lâm - Thủy sản - Môi trường - Tài nguyên,test
HVN:HVN17,HVN,HVN17,Ngôn ngữ Anh,,ngon_ngu,standard,,A01;D01;D09;D10;D11;D14;D15;X25;X27;X28;X78;D07,A01,,https://vietnamnet.vn/newsapi-edu/UniversityDetail/GetDetail?pageId=49ff289efde0446f9ae2f5c385595744&componentId=COMPONENT002302&keyword=HVN&year=2026&pageSize=25&pageIndex=1&typeOfTraining=0&subjectGroup=,Học viện Nông nghiệp Việt Nam,Hà Nội,2026,17.0,confirmed_2_sources,7,395.0,,,missing,Ngôn ngữ - Văn hóa - Quốc tế học,test
HVN:HVN18,HVN,HVN18,Ngôn ngữ Trung Quốc,,ngon_ngu,standard,,D01;D04;D11;D12;D13;D14;D15;D45;D55;D65;A00;A01;B00,D01,,https://vietnamnet.vn/newsapi-edu/UniversityDetail/GetDetail?pageId=49ff289efde0446f9ae2f5c385595744&componentId=COMPONENT002302&keyword=HVN&year=2026&pageSize=25&pageIndex=0&typeOfTraining=0&subjectGroup=,Học viện Nông nghiệp Việt Nam,Hà Nội,2026,22.6,confirmed_2_sources,3,50.0,,,missing,Ngôn ngữ - Văn hóa - Quốc tế học,test
HVN:HVN19,HVN,HVN19,Sư phạm công nghệ,,su_pham,standard,,A00;A01;B00;B08;C01;C02;C03;D01;X03;X04;X07;X08,A00,"Sư phạm: không nhận thí sinh bị dị hình, dị tật, nói ngọng, nói lắp; điểm sàn của Bộ",https://vietnamnet.vn/newsapi-edu/UniversityDetail/GetDetail?pageId=49ff289efde0446f9ae2f5c385595744&componentId=COMPONENT002302&keyword=HVN&year=2026&pageSize=25&pageIndex=0&typeOfTraining=0&subjectGroup=,Học viện Nông nghiệp Việt Nam,Hà Nội,2026,24.41,confirmed_2_sources,2,30.0,,,missing,Sư phạm - Giáo dục,test
HVN:HVN20,HVN,HVN20,Du lịch,,du_lich,standard,,A00;A01;A07;B08;C02;C03;C04;D01;X01;X03;X04,A00,,https://vietnamnet.vn/newsapi-edu/UniversityDetail/GetDetail?pageId=49ff289efde0446f9ae2f5c385595744&componentId=COMPONENT002302&keyword=HVN&year=2026&pageSize=25&pageIndex=0&typeOfTraining=0&subjectGroup=,Học viện Nông nghiệp Việt Nam,Hà Nội,2026,21.3,confirmed_2_sources,4,100.0,,,missing,Du lịch - Khách sạn - Logistics - Hàng không - Dịch vụ,test
HVN:HVN21,HVN,HVN21,Quản lý và phát triển du lịch,,du_lich,standard,,A00;A01;A07;B08;C02;C03;C04;D01;X01;X03;X04,A00,,https://vietnamnet.vn/newsapi-edu/UniversityDetail/GetDetail?pageId=49ff289efde0446f9ae2f5c385595744&componentId=COMPONENT002302&keyword=HVN&year=2026&pageSize=25&pageIndex=1&typeOfTraining=0&subjectGroup=,Học viện Nông nghiệp Việt Nam,Hà Nội,2026,17.0,confirmed_2_sources,4,150.0,,,missing,Du lịch - Khách sạn - Logistics - Hàng không - Dịch vụ,test
HVN:HVN22,HVN,HVN22,Quy hoạch vùng và Đô thị,,xay_dung,standard,,A00;A01;B00;B08;C01;C02;C03;C04;D01;X03;X04,A00,,https://vietnamnet.vn/newsapi-edu/UniversityDetail/GetDetail?pageId=49ff289efde0446f9ae2f5c385595744&componentId=COMPONENT002302&keyword=HVN&year=2026&pageSize=25&pageIndex=1&typeOfTraining=0&subjectGroup=,Học viện Nông nghiệp Việt Nam,Hà Nội,2026,16.0,confirmed_2_sources,1,50.0,,,missing,Kiến trúc - Xây dựng - Giao thông - Quy hoạch,test
HVN:HVN23,HVN,HVN23,Di sản học,,,standard,,A01;C00;C03;C04;D01;D14;D15;X03;X04;X70;X74,A01,,https://vietnamnet.vn/newsapi-edu/UniversityDetail/GetDetail?pageId=49ff289efde0446f9ae2f5c385595744&componentId=COMPONENT002302&keyword=HVN&year=2026&pageSize=25&pageIndex=1&typeOfTraining=0&subjectGroup=,Học viện Nông nghiệp Việt Nam,Hà Nội,2026,18.0,confirmed_2_sources,4,30.0,,,missing,,test
KHA:7220201,KHA,7220201,Ngôn ngữ Anh,7220201,ngon_ngu,standard,,A00;A01;D01;D07;D10;D09,A00,,https://diemthi.vnexpress.net/tra-cuu-dai-hoc/loadbenchmark/id/392/year/2026/sortby/1/block_name/-1,Trường Đại học Kinh tế Quốc dân,Hà Nội,2026,26.46,confirmed_2_sources,2,90.0,20000000.0,28000000.0,observed,Ngôn ngữ - Văn hóa - Quốc tế học,train
KHA:7310101P1,KHA,7310101P1,Kinh tế học,7310101,kinh_te,standard,,A00;A01;D01;D07,A00,,https://diemthi.vnexpress.net/tra-cuu-dai-hoc/loadbenchmark/id/392/year/2026/sortby/1/block_name/-1,Trường Đại học Kinh tế Quốc dân,Hà Nội,2026,26.64,confirmed_2_sources,1,50.0,20000000.0,28000000.0,observed,Kinh tế - Kinh doanh - Quản trị - Marketing - Thương mại,train
KHA:7310101P2,KHA,7310101P2,Kinh tế và quản lý đô thị,7310101,xay_dung,standard,,A00;A01;D01;D07,A00,,https://diemthi.vnexpress.net/tra-cuu-dai-hoc/loadbenchmark/id/392/year/2026/sortby/1/block_name/-1,Trường Đại học Kinh tế Quốc dân,Hà Nội,2026,25.9,confirmed_2_sources,1,50.0,41000000.0,68000000.0,observed,Kiến trúc - Xây dựng - Giao thông - Quy hoạch,train
KHA:7310101P3,KHA,7310101P3,Kinh tế và quản lý nguồn nhân lực,7310101,kinh_te,standard,,A00;A01;D01;D07,A00,,https://diemthi.vnexpress.net/tra-cuu-dai-hoc/loadbenchmark/id/392/year/2026/sortby/1/block_name/-1,Trường Đại học Kinh tế Quốc dân,Hà Nội,2026,27.07,confirmed_2_sources,1,50.0,41000000.0,68000000.0,observed,Kinh tế - Kinh doanh - Quản trị - Marketing - Thương mại,train
KHA:7310104,KHA,7310104,Kinh tế đầu tư,7310104,tai_chinh,standard,,A00;A01;D01;D07;B00,A00,,https://diemthi.vnexpress.net/tra-cuu-dai-hoc/loadbenchmark/id/392/year/2026/sortby/1/block_name/-1,Trường Đại học Kinh tế Quốc dân,Hà Nội,2026,27.56,confirmed_2_sources,9,100.0,20000000.0,28000000.0,observed,Tài chính - Ngân hàng - Kế toán - Kiểm toán - Bảo hiểm,train
KHA:7310105,KHA,7310105,Kinh tế phát triển,7310105,kinh_te,standard,,A00;A01;D01;D07,A00,,https://diemthi.vnexpress.net/tra-cuu-dai-hoc/loadbenchmark/id/392/year/2026/sortby/1/block_name/-1,Trường Đại học Kinh tế Quốc dân,Hà Nội,2026,26.79,confirmed_2_sources,9,80.0,20000000.0,28000000.0,observed,Kinh tế - Kinh doanh - Quản trị - Marketing - Thương mại,train
KHA:7310106,KHA,7310106,Kinh tế quốc tế,7310106,kinh_te,international,,A00;A01;D01;D07,A00,"Học bằng tiếng Anh (thường cần trình độ tiếng Anh tốt, có thể yêu cầu IELTS/chứng chỉ khi nhập học) | Chương trình liên kết/quốc tế: học phí cao hơn chương trình chuẩn",https://diemthi.vnexpress.net/tra-cuu-dai-hoc/loadbenchmark/id/392/year/2026/sortby/1/block_name/-1,Trường Đại học Kinh tế Quốc dân,Hà Nội,2026,28.3,confirmed_2_sources,9,50.0,20000000.0,28000000.0,observed,Kinh tế - Kinh doanh - Quản trị - Marketing - Thương mại,train
KHA:7310107,KHA,7310107,Thống kê kinh tế,7310107,kinh_te,standard,,A00;A01;D01;D07,A00,,https://diemthi.vnexpress.net/tra-cuu-dai-hoc/loadbenchmark/id/392/year/2026/sortby/1/block_name/-1,Trường Đại học Kinh tế Quốc dân,Hà Nội,2026,27.29,confirmed_2_sources,7,50.0,20000000.0,28000000.0,observed,Kinh tế - Kinh doanh - Quản trị - Marketing - Thương mại,train
KHA:7310108,KHA,7310108,Toán kinh tế,7310108,kinh_te,standard,,A00;A01;D01;D07,A00,,https://diemthi.vnexpress.net/tra-cuu-dai-hoc/loadbenchmark/id/392/year/2026/sortby/1/block_name/-1,Trường Đại học Kinh tế Quốc dân,Hà Nội,2026,27.22,confirmed_2_sources,7,50.0,20000000.0,28000000.0,observed,Kinh tế - Kinh doanh - Quản trị - Marketing - Thương mại,train
KHA:7320108,KHA,7320108,Quan hệ công chúng,7320108,bao_chi,standard,,A00;A01;D01;D07;C03;C04,A00,,https://diemthi.vnexpress.net/tra-cuu-dai-hoc/loadbenchmark/id/392/year/2026/sortby/1/block_name/-1,Trường Đại học Kinh tế Quốc dân,Hà Nội,2026,27.58,confirmed_2_sources,9,50.0,20000000.0,28000000.0,observed,Báo chí - Truyền thông - Quan hệ công chúng,train
KHA:7340101,KHA,7340101,Quản trị Kinh doanh,7340101,kinh_te,standard,,A00;A01;D01;D07,A00,,https://diemthi.vnexpress.net/tra-cuu-dai-hoc/loadbenchmark/id/392/year/2026/sortby/1/block_name/-1,Trường Đại học Kinh tế Quốc dân,Hà Nội,2026,26.85,confirmed_2_sources,9,180.0,20000000.0,28000000.0,observed,Kinh tế - Kinh doanh - Quản trị - Marketing - Thương mại,train
KHA:7340115,KHA,7340115,Marketing,7340115,kinh_te,standard,,A00;A01;D01;D07;D10,A00,,https://diemthi.vnexpress.net/tra-cuu-dai-hoc/loadbenchmark/id/392/year/2026/sortby/1/block_name/-1,Trường Đại học Kinh tế Quốc dân,Hà Nội,2026,27.99,confirmed_2_sources,9,100.0,20000000.0,28000000.0,observed,Kinh tế - Kinh doanh - Quản trị - Marketing - Thương mại,train
KHA:7340116,KHA,7340116,Bất động sản,7340116,kinh_te,standard,,A00;A01;D01;D07,A00,,https://diemthi.vnexpress.net/tra-cuu-dai-hoc/loadbenchmark/id/392/year/2026/sortby/1/block_name/-1,Trường Đại học Kinh tế Quốc dân,Hà Nội,2026,25.36,confirmed_2_sources,9,70.0,20000000.0,28000000.0,observed,Kinh tế - Kinh doanh - Quản trị - Marketing - Thương mại,train
KHA:7340120,KHA,7340120,Ngành Kinh doanh quốc tế,7340120,kinh_te,international,,A00;A01;D01;D07,A00,"Học bằng tiếng Anh (thường cần trình độ tiếng Anh tốt, có thể yêu cầu IELTS/chứng chỉ khi nhập học) | Chương trình liên kết/quốc tế: học phí cao hơn chương trình chuẩn",https://diemthi.vnexpress.net/tra-cuu-dai-hoc/loadbenchmark/id/392/year/2026/sortby/1/block_name/-1,Trường Đại học Kinh tế Quốc dân,Hà Nội,2026,28.5,confirmed_2_sources,9,100.0,20000000.0,28000000.0,observed,Kinh tế - Kinh doanh - Quản trị - Marketing - Thương mại,train
KHA:7340121,KHA,7340121,Kinh doanh thương mại,7340121,kinh_te,standard,,A00;A01;D01;D07,A00,,https://diemthi.vnexpress.net/tra-cuu-dai-hoc/loadbenchmark/id/392/year/2026/sortby/1/block_name/-1,Trường Đại học Kinh tế Quốc dân,Hà Nội,2026,27.94,confirmed_2_sources,9,100.0,20000000.0,28000000.0,observed,Kinh tế - Kinh doanh - Quản trị - Marketing - Thương mại,train
KHA:7340122,KHA,7340122,Thương mại điện tử,7340122,kinh_te,standard,,A00;A01;D01;D07,A00,,https://diemthi.vnexpress.net/tra-cuu-dai-hoc/loadbenchmark/id/392/year/2026/sortby/1/block_name/-1,Trường Đại học Kinh tế Quốc dân,Hà Nội,2026,28.62,confirmed_2_sources,9,50.0,20000000.0,28000000.0,observed,Kinh tế - Kinh doanh - Quản trị - Marketing - Thương mại,train
KHA:7340201,KHA,7340201,Tài chính – Ngân hàng,7340201,tai_chinh,standard,,A00;A01;D01;D07,A00,,https://diemthi.vnexpress.net/tra-cuu-dai-hoc/loadbenchmark/id/392/year/2026/sortby/1/block_name/-1,Trường Đại học Kinh tế Quốc dân,Hà Nội,2026,27.43,confirmed_2_sources,7,230.0,20000000.0,28000000.0,observed,Tài chính - Ngân hàng - Kế toán - Kiểm toán - Bảo hiểm,train
KHA:7340204,KHA,7340204,Bảo hiểm,7340204,tai_chinh,standard,,A00;A01;D01;D07,A00,,https://diemthi.vnexpress.net/tra-cuu-dai-hoc/loadbenchmark/id/392/year/2026/sortby/1/block_name/-1,Trường Đại học Kinh tế Quốc dân,Hà Nội,2026,25.35,confirmed_2_sources,9,80.0,20000000.0,28000000.0,observed,Tài chính - Ngân hàng - Kế toán - Kiểm toán - Bảo hiểm,train
KHA:7340205,KHA,7340205,Công nghệ tài chính,7340205,tai_chinh,standard,,A00;A01;D01;D07,A00,,https://diemthi.vnexpress.net/tra-cuu-dai-hoc/loadbenchmark/id/392/year/2026/sortby/1/block_name/-1,Trường Đại học Kinh tế Quốc dân,Hà Nội,2026,27.52,confirmed_2_sources,1,50.0,20000000.0,28000000.0,observed,Tài chính - Ngân hàng - Kế toán - Kiểm toán - Bảo hiểm,train
KHA:7340301,KHA,7340301,Kế toán,7340301,tai_chinh,standard,,A00;A01;D01;D07,A00,,https://diemthi.vnexpress.net/tra-cuu-dai-hoc/loadbenchmark/id/392/year/2026/sortby/1/block_name/-1,Trường Đại học Kinh tế Quốc dân,Hà Nội,2026,27.3,confirmed_2_sources,8,150.0,20000000.0,28000000.0,observed,Tài chính - Ngân hàng - Kế toán - Kiểm toán - Bảo hiểm,train
KHA:7340302,KHA,7340302,Kiểm toán,7340302,tai_chinh,standard,,A00;A01;D01;D07,A00,,https://diemthi.vnexpress.net/tra-cuu-dai-hoc/loadbenchmark/id/392/year/2026/sortby/1/block_name/-1,Trường Đại học Kinh tế Quốc dân,Hà Nội,2026,28.84,confirmed_2_sources,6,50.0,20000000.0,28000000.0,observed,Tài chính - Ngân hàng - Kế toán - Kiểm toán - Bảo hiểm,train
KHA:7340401,KHA,7340401,Khoa học quản lý,7340401,kinh_te,standard,,A00;A01;D01;D07,A00,,https://diemthi.vnexpress.net/tra-cuu-dai-hoc/loadbenchmark/id/392/year/2026/sortby/1/block_name/-1,Trường Đại học Kinh tế Quốc dân,Hà Nội,2026,26.3,confirmed_2_sources,9,90.0,20000000.0,28000000.0,observed,Kinh tế - Kinh doanh - Quản trị - Marketing - Thương mại,train
KHA:7340403,KHA,7340403,Quản lý công,7340403,xa_hoi,standard,,A00;A01;D01;D07,A00,,https://diemthi.vnexpress.net/tra-cuu-dai-hoc/loadbenchmark/id/392/year/2026/sortby/1/block_name/-1,Trường Đại học Kinh tế Quốc dân,Hà Nội,2026,25.37,confirmed_2_sources,9,50.0,20000000.0,28000000.0,observed,Khoa học xã hội - Tâm lý - Nhân văn - Chính trị - Hành chính,train
KHA:7340404,KHA,7340404,Quản trị nhân lực,7340404,kinh_te,standard,,A00;A01;D01;D07,A00,,https://diemthi.vnexpress.net/tra-cuu-dai-hoc/loadbenchmark/id/392/year/2026/sortby/1/block_name/-1,Trường Đại học Kinh tế Quốc dân,Hà Nội,2026,27.25,confirmed_2_sources,9,70.0,20000000.0,28000000.0,observed,Kinh tế - Kinh doanh - Quản trị - Marketing - Thương mại,train
KHA:7340405,KHA,7340405,Hệ thống thông tin,7340405,cntt,standard,,A00;A01;D01;D07,A00,,https://diemthi.vnexpress.net/tra-cuu-dai-hoc/loadbenchmark/id/392/year/2026/sortby/1/block_name/-1,Trường Đại học Kinh tế Quốc dân,Hà Nội,2026,28.01,confirmed_2_sources,7,100.0,20000000.0,28000000.0,observed,Công nghệ thông tin - Máy tính - Dữ liệu - AI,train
KHA:7340408,KHA,7340408,Quan hệ lao động (CN Quản lý Quan hệ lao động. CN Hành vi tổ chức),7340408,kinh_te,standard,,A00;A01;D01;D07,A00,,https://diemthi.vnexpress.net/tra-cuu-dai-hoc/loadbenchmark/id/392/year/2026/sortby/1/block_name/-1,Trường Đại học Kinh tế Quốc dân,Hà Nội,2026,25.52,confirmed_2_sources,2,40.0,20000000.0,28000000.0,observed,Kinh tế - Kinh doanh - Quản trị - Marketing - Thương mại,train
KHA:7340409,KHA,7340409,Quản lý dự án,7340409,kinh_te,standard,,A00;A01;D01;D07;B00,A00,,https://diemthi.vnexpress.net/tra-cuu-dai-hoc/loadbenchmark/id/392/year/2026/sortby/1/block_name/-1,Trường Đại học Kinh tế Quốc dân,Hà Nội,2026,26.67,confirmed_2_sources,9,50.0,20000000.0,28000000.0,observed,Kinh tế - Kinh doanh - Quản trị - Marketing - Thương mại,train
KHA:7380101,KHA,7380101,Ngành Luật,7380101,luat,standard,,A00;A01;D01;D07;D10,A00,,https://diemthi.vnexpress.net/tra-cuu-dai-hoc/loadbenchmark/id/392/year/2026/sortby/1/block_name/-1,Trường Đại học Kinh tế Quốc dân,Hà Nội,2026,25.52,confirmed_2_sources,8,50.0,20000000.0,28000000.0,observed,Luật,train
KHA:7380107,KHA,7380107,Luật kinh tế,7380107,luat,standard,,A00;A01;D01;D07;D10,A00,,https://diemthi.vnexpress.net/tra-cuu-dai-hoc/loadbenchmark/id/392/year/2026/sortby/1/block_name/-1,Trường Đại học Kinh tế Quốc dân,Hà Nội,2026,26.62,confirmed_2_sources,9,80.0,20000000.0,28000000.0,observed,Luật,train
KHA:7380109,KHA,7380109,Luật Thương mại Quốc tế,7380109,luat,international,,A00;A01;D01;D07,A00,"Học bằng tiếng Anh (thường cần trình độ tiếng Anh tốt, có thể yêu cầu IELTS/chứng chỉ khi nhập học) | Chương trình liên kết/quốc tế: học phí cao hơn chương trình chuẩn",https://diemthi.vnexpress.net/tra-cuu-dai-hoc/loadbenchmark/id/392/year/2026/sortby/1/block_name/-1,Trường Đại học Kinh tế Quốc dân,Hà Nội,2026,26.38,confirmed_2_sources,2,50.0,20000000.0,28000000.0,observed,Luật,train
KHA:7480101,KHA,7480101,Khoa học máy tính,7480101,cntt,standard,,A00;A01;D01;D07,A00,,https://diemthi.vnexpress.net/tra-cuu-dai-hoc/loadbenchmark/id/392/year/2026/sortby/1/block_name/-1,Trường Đại học Kinh tế Quốc dân,Hà Nội,2026,26.19,confirmed_2_sources,5,50.0,20000000.0,28000000.0,observed,Công nghệ thông tin - Máy tính - Dữ liệu - AI,train
KHA:7480104,KHA,7480104,Hệ thống thông tin,7480104,cntt,standard,,A00;A01;D01;D07,A00,,https://diemthi.vnexpress.net/tra-cuu-dai-hoc/loadbenchmark/id/392/year/2026/sortby/1/block_name/-1,Trường Đại học Kinh tế Quốc dân,Hà Nội,2026,27.09,confirmed_2_sources,2,50.0,20000000.0,28000000.0,observed,Công nghệ thông tin - Máy tính - Dữ liệu - AI,train
KHA:7480201,KHA,7480201,Công nghệ thông tin,7480201,cntt,standard,,A00;A01;D01;D07,A00,,https://diemthi.vnexpress.net/tra-cuu-dai-hoc/loadbenchmark/id/392/year/2026/sortby/1/block_name/-1,Trường Đại học Kinh tế Quốc dân,Hà Nội,2026,25.68,confirmed_2_sources,7,100.0,20000000.0,28000000.0,observed,Công nghệ thông tin - Máy tính - Dữ liệu - AI,train
KHA:7480202,KHA,7480202,An toàn thông tin,7480202,cntt,standard,,A00;A01;D01;D07,A00,,https://diemthi.vnexpress.net/tra-cuu-dai-hoc/loadbenchmark/id/392/year/2026/sortby/1/block_name/-1,Trường Đại học Kinh tế Quốc dân,Hà Nội,2026,26.0,confirmed_2_sources,2,50.0,20000000.0,28000000.0,observed,Công nghệ thông tin - Máy tính - Dữ liệu - AI,train
KHA:7510605,KHA,7510605,Logistics và Quản lý chuỗi cung ứng,7510605,du_lich,standard,,A00;A01;D01;D07,A00,,https://diemthi.vnexpress.net/tra-cuu-dai-hoc/loadbenchmark/id/392/year/2026/sortby/1/block_name/-1,Trường Đại học Kinh tế Quốc dân,Hà Nội,2026,28.53,confirmed_2_sources,9,100.0,20000000.0,28000000.0,observed,Du lịch - Khách sạn - Logistics - Hàng không - Dịch vụ,train
KHA:7620114,KHA,7620114,Kinh doanh nông nghiệp,7620114,nong_lam_mt,standard,,A00;A01;D01;D07;B00,A00,,https://diemthi.vnexpress.net/tra-cuu-dai-hoc/loadbenchmark/id/392/year/2026/sortby/1/block_name/-1,Trường Đại học Kinh tế Quốc dân,Hà Nội,2026,24.75,confirmed_2_sources,6,50.0,20000000.0,28000000.0,observed,Nông - Lâm - Thủy sản - Môi trường - Tài nguyên,train
KHA:7620115,KHA,7620115,Kinh tế nông nghiệp,7620115,nong_lam_mt,standard,,A00;A01;D01;D07,A00,,https://diemthi.vnexpress.net/tra-cuu-dai-hoc/loadbenchmark/id/392/year/2026/sortby/1/block_name/-1,Trường Đại học Kinh tế Quốc dân,Hà Nội,2026,24.59,confirmed_2_sources,8,50.0,20000000.0,28000000.0,observed,Nông - Lâm - Thủy sản - Môi trường - Tài nguyên,train
KHA:7810103,KHA,7810103,Quản trị dịch vụ du lịch và lữ hành,7810103,du_lich,standard,,A00;A01;D01;D07,A00,,https://diemthi.vnexpress.net/tra-cuu-dai-hoc/loadbenchmark/id/392/year/2026/sortby/1/block_name/-1,Trường Đại học Kinh tế Quốc dân,Hà Nội,2026,25.79,confirmed_2_sources,9,60.0,20000000.0,28000000.0,observed,Du lịch - Khách sạn - Logistics - Hàng không - Dịch vụ,train
KHA:7810201,KHA,7810201,Quản trị khách sạn,7810201,du_lich,standard,,A00;A01;D01;D07,A00,,https://diemthi.vnexpress.net/tra-cuu-dai-hoc/loadbenchmark/id/392/year/2026/sortby/1/block_name/-1,Trường Đại học Kinh tế Quốc dân,Hà Nội,2026,26.08,confirmed_2_sources,9,50.0,20000000.0,28000000.0,observed,Du lịch - Khách sạn - Logistics - Hàng không - Dịch vụ,train
KHA:7850101,KHA,7850101,Quản lý tài nguyên và môi trường,7850101,nong_lam_mt,standard,,A00;A01;D01;D07,A00,,https://diemthi.vnexpress.net/tra-cuu-dai-hoc/loadbenchmark/id/392/year/2026/sortby/1/block_name/-1,Trường Đại học Kinh tế Quốc dân,Hà Nội,2026,24.2,confirmed_2_sources,9,50.0,20000000.0,28000000.0,observed,Nông - Lâm - Thủy sản - Môi trường - Tài nguyên,train
KHA:7850102,KHA,7850102,Kinh tế tài nguyên thiên nhiên,7850102,nong_lam_mt,standard,,A00;A01;D01;D07,A00,,https://diemthi.vnexpress.net/tra-cuu-dai-hoc/loadbenchmark/id/392/year/2026/sortby/1/block_name/-1,Trường Đại học Kinh tế Quốc dân,Hà Nội,2026,24.38,confirmed_2_sources,9,50.0,20000000.0,28000000.0,observed,Nông - Lâm - Thủy sản - Môi trường - Tài nguyên,train
KHA:7850103,KHA,7850103,Quản lý đất đai,7850103,nong_lam_mt,standard,,A00;A01;D01;D07,A00,,https://diemthi.vnexpress.net/tra-cuu-dai-hoc/loadbenchmark/id/392/year/2026/sortby/1/block_name/-1,Trường Đại học Kinh tế Quốc dân,Hà Nội,2026,24.75,confirmed_2_sources,9,50.0,20000000.0,28000000.0,observed,Nông - Lâm - Thủy sản - Môi trường - Tài nguyên,train
KHA:C140201,KHA,C140201,Giáo dục Mầm non,,su_pham,standard,,A00;A01;D01;D07,A00,"Sư phạm: không nhận thí sinh bị dị hình, dị tật, nói ngọng, nói lắp; điểm sàn của Bộ",https://diemthi.vnexpress.net/tra-cuu-dai-hoc/loadbenchmark/id/392/year/2026/sortby/1/block_name/-1,Trường Đại học Kinh tế Quốc dân,Hà Nội,2026,24.1,single_source,1,,41000000.0,68000000.0,observed,Sư phạm - Giáo dục,train
KHA:CLC1,KHA,CLC1,"Chương trình CLC (Kinh tế phát triển, Ngân hàng, CNTT và chuyển đổi số, Bảo hiểm ANZIIF)",,tai_chinh,high_quality,,A00;A01;D01;D07,A00,,https://diemthi.vnexpress.net/tra-cuu-dai-hoc/loadbenchmark/id/392/year/2026/sortby/1/block_name/-1,Trường Đại học Kinh tế Quốc dân,Hà Nội,2026,25.28,confirmed_2_sources,2,55.0,41000000.0,68000000.0,observed,Tài chính - Ngân hàng - Kế toán - Kiểm toán - Bảo hiểm,train
KHA:CLC2,KHA,CLC2,"Chương trình CLC (Kinh tế đầu tư, Quản trị nhân lực, Quản trị kinh doanh, Quan hệ công chúng)",,bao_chi,high_quality,,A00;A01;D01;D07,A00,,https://diemthi.vnexpress.net/tra-cuu-dai-hoc/loadbenchmark/id/392/year/2026/sortby/1/block_name/-1,Trường Đại học Kinh tế Quốc dân,Hà Nội,2026,24.83,confirmed_2_sources,2,160.0,41000000.0,68000000.0,observed,Báo chí - Truyền thông - Quan hệ công chúng,train
KHA:CLC3,KHA,CLC3,"Chương trình CLC (Tài chính doanh nghiệp, Marketing số, Quản trị Marketing, Quản trị KDQT, Kinh tế quốc tế, Logistics và QL CCU, Thương mại điện tử, Kiểm toán ACCA)",,tai_chinh,international,,A00;A01;D01;D07,A00,"Học bằng tiếng Anh (thường cần trình độ tiếng Anh tốt, có thể yêu cầu IELTS/chứng chỉ khi nhập học) | Chương trình liên kết/quốc tế: học phí cao hơn chương trình chuẩn",https://diemthi.vnexpress.net/tra-cuu-dai-hoc/loadbenchmark/id/392/year/2026/sortby/1/block_name/-1,Trường Đại học Kinh tế Quốc dân,Hà Nội,2026,25.89,confirmed_2_sources,2,270.0,41000000.0,68000000.0,observed,Tài chính - Ngân hàng - Kế toán - Kiểm toán - Bảo hiểm,train
KHA:EBBA,KHA,EBBA,Quản trị kinh doanh học bằng tiếng Anh (EBBA),,ngon_ngu,standard,,A00;A01;D01;D07,A00,"Học bằng tiếng Anh (thường cần trình độ tiếng Anh tốt, có thể yêu cầu IELTS/chứng chỉ khi nhập học)",https://diemthi.vnexpress.net/tra-cuu-dai-hoc/loadbenchmark/id/392/year/2026/sortby/1/block_name/-1,Trường Đại học Kinh tế Quốc dân,Hà Nội,2026,25.74,confirmed_2_sources,8,110.0,41000000.0,68000000.0,observed,Ngôn ngữ - Văn hóa - Quốc tế học,train
KHA:EP01,KHA,EP01,Khởi nghiệp và phát triển kinh doanh (BBAE) học bằng tiếng Anh (tiếng Anh hệ số 2),,ngon_ngu,standard,,A00;A01;D01;D07;D09,A00,"Học bằng tiếng Anh (thường cần trình độ tiếng Anh tốt, có thể yêu cầu IELTS/chứng chỉ khi nhập học)",https://diemthi.vnexpress.net/tra-cuu-dai-hoc/loadbenchmark/id/392/year/2026/sortby/1/block_name/-1,Trường Đại học Kinh tế Quốc dân,Hà Nội,2026,25.22,confirmed_2_sources,2,90.0,41000000.0,68000000.0,observed,Ngôn ngữ - Văn hóa - Quốc tế học,train
KHA:EP02,KHA,EP02,Định phí Bảo hiểm và Quản trị rủi ro (Actuary) học bằng tiếng Anh,,tai_chinh,standard,,A00;A01;D01;D07,A00,"Học bằng tiếng Anh (thường cần trình độ tiếng Anh tốt, có thể yêu cầu IELTS/chứng chỉ khi nhập học)",https://diemthi.vnexpress.net/tra-cuu-dai-hoc/loadbenchmark/id/392/year/2026/sortby/1/block_name/-1,Trường Đại học Kinh tế Quốc dân,Hà Nội,2026,26.44,confirmed_2_sources,8,50.0,41000000.0,68000000.0,observed,Tài chính - Ngân hàng - Kế toán - Kiểm toán - Bảo hiểm,train
KHA:EP03,KHA,EP03,Khoa học dữ liệu trong Kinh tế và Kinh doanh (DSEB),,cntt,standard,,A00;A01;D01;D07,A00,,https://diemthi.vnexpress.net/tra-cuu-dai-hoc/loadbenchmark/id/392/year/2026/sortby/1/block_name/-1,Trường Đại học Kinh tế Quốc dân,Hà Nội,2026,27.24,confirmed_2_sources,8,90.0,41000000.0,68000000.0,observed,Công nghệ thông tin - Máy tính - Dữ liệu - AI,train
KHA:EP04,KHA,EP04,Kế toán tích hợp chứng chỉ quốc tế (ICAEW CFAB),,tai_chinh,international,,A00;A01;D01;D07,A00,"Học bằng tiếng Anh (thường cần trình độ tiếng Anh tốt, có thể yêu cầu IELTS/chứng chỉ khi nhập học) | Chương trình liên kết/quốc tế: học phí cao hơn chương trình chuẩn",https://diemthi.vnexpress.net/tra-cuu-dai-hoc/loadbenchmark/id/392/year/2026/sortby/1/block_name/-1,Trường Đại học Kinh tế Quốc dân,Hà Nội,2026,26.62,confirmed_2_sources,5,60.0,41000000.0,68000000.0,observed,Tài chính - Ngân hàng - Kế toán - Kiểm toán - Bảo hiểm,train
KHA:EP05,KHA,EP05,Kinh doanh số (E-BDB),,kinh_te,standard,,A00;A01;D01;D07,A00,,https://diemthi.vnexpress.net/tra-cuu-dai-hoc/loadbenchmark/id/392/year/2026/sortby/1/block_name/-1,Trường Đại học Kinh tế Quốc dân,Hà Nội,2026,26.84,confirmed_2_sources,8,60.0,41000000.0,68000000.0,observed,Kinh tế - Kinh doanh - Quản trị - Marketing - Thương mại,train
KHA:EP06,KHA,EP06,Phân tích kinh doanh (BA),,kinh_te,standard,,A00;A01;D01;D07;D10,A00,,https://diemthi.vnexpress.net/tra-cuu-dai-hoc/loadbenchmark/id/392/year/2026/sortby/1/block_name/-1,Trường Đại học Kinh tế Quốc dân,Hà Nội,2026,27.4,confirmed_2_sources,8,60.0,41000000.0,68000000.0,observed,Kinh tế - Kinh doanh - Quản trị - Marketing - Thương mại,train
KHA:EP07,KHA,EP07,Quản trị điều hành thông minh (E-SOM),,kinh_te,standard,,A00;A01;D01;D07;D10,A00,,https://diemthi.vnexpress.net/tra-cuu-dai-hoc/loadbenchmark/id/392/year/2026/sortby/1/block_name/-1,Trường Đại học Kinh tế Quốc dân,Hà Nội,2026,25.8,confirmed_2_sources,8,70.0,41000000.0,68000000.0,observed,Kinh tế - Kinh doanh - Quản trị - Marketing - Thương mại,train
KHA:EP08,KHA,EP08,Quản trị chất lượng và Đổi mới (E-MQI),,kinh_te,standard,,A00;A01;D01;D07;D10,A00,,https://diemthi.vnexpress.net/tra-cuu-dai-hoc/loadbenchmark/id/392/year/2026/sortby/1/block_name/-1,Trường Đại học Kinh tế Quốc dân,Hà Nội,2026,25.12,confirmed_2_sources,8,70.0,41000000.0,68000000.0,observed,Kinh tế - Kinh doanh - Quản trị - Marketing - Thương mại,train
KHA:EP09,KHA,EP09,Công nghệ tài chính (BFT),,tai_chinh,standard,,A00;A01;D01;D07;B00,A00,,https://diemthi.vnexpress.net/tra-cuu-dai-hoc/loadbenchmark/id/392/year/2026/sortby/1/block_name/-1,Trường Đại học Kinh tế Quốc dân,Hà Nội,2026,26.86,confirmed_2_sources,8,100.0,41000000.0,68000000.0,observed,Tài chính - Ngân hàng - Kế toán - Kiểm toán - Bảo hiểm,train
KHA:EP10,KHA,EP10,Đầu tư tài chính (BFI - tiếng Anh hệ số 2),,tai_chinh,standard,,A00;A01;D01;D07;D10,A00,"Học bằng tiếng Anh (thường cần trình độ tiếng Anh tốt, có thể yêu cầu IELTS/chứng chỉ khi nhập học)",https://diemthi.vnexpress.net/tra-cuu-dai-hoc/loadbenchmark/id/392/year/2026/sortby/1/block_name/-1,Trường Đại học Kinh tế Quốc dân,Hà Nội,2026,26.76,confirmed_2_sources,2,100.0,41000000.0,68000000.0,observed,Tài chính - Ngân hàng - Kế toán - Kiểm toán - Bảo hiểm,train
KHA:EP11,KHA,EP11,Quản trị khách sạn quốc tế (IHME - tiếng Anh hệ số 2),,du_lich,international,,A00;A01;D01;D07;D09;D10,A00,"Học bằng tiếng Anh (thường cần trình độ tiếng Anh tốt, có thể yêu cầu IELTS/chứng chỉ khi nhập học) | Chương trình liên kết/quốc tế: học phí cao hơn chương trình chuẩn",https://diemthi.vnexpress.net/tra-cuu-dai-hoc/loadbenchmark/id/392/year/2026/sortby/1/block_name/-1,Trường Đại học Kinh tế Quốc dân,Hà Nội,2026,24.93,confirmed_2_sources,2,50.0,41000000.0,68000000.0,observed,Du lịch - Khách sạn - Logistics - Hàng không - Dịch vụ,train
KHA:EP12,KHA,EP12,Kiểm toán tích hợp chứng chỉ quốc tế (AUD-ICAEW),,tai_chinh,international,,A00;A01;D01;D07,A00,"Học bằng tiếng Anh (thường cần trình độ tiếng Anh tốt, có thể yêu cầu IELTS/chứng chỉ khi nhập học) | Chương trình liên kết/quốc tế: học phí cao hơn chương trình chuẩn",https://diemthi.vnexpress.net/tra-cuu-dai-hoc/loadbenchmark/id/392/year/2026/sortby/1/block_name/-1,Trường Đại học Kinh tế Quốc dân,Hà Nội,2026,28.25,confirmed_2_sources,5,60.0,41000000.0,68000000.0,observed,Tài chính - Ngân hàng - Kế toán - Kiểm toán - Bảo hiểm,train
KHA:EP13,KHA,EP13,Kinh tế học tài chính (FE),,tai_chinh,standard,,A00;A01;D01;D07;B00,A00,,https://diemthi.vnexpress.net/tra-cuu-dai-hoc/loadbenchmark/id/392/year/2026/sortby/1/block_name/-1,Trường Đại học Kinh tế Quốc dân,Hà Nội,2026,25.89,confirmed_2_sources,6,90.0,41000000.0,68000000.0,observed,Tài chính - Ngân hàng - Kế toán - Kiểm toán - Bảo hiểm,train
KHA:EP14,KHA,EP14,Logistics và Quản lý chuỗi cung ứng tích hợp chứng chỉ quốc tế (LSIC),,du_lich,international,,A00;A01;D01;D07;D10,A00,"Học bằng tiếng Anh (thường cần trình độ tiếng Anh tốt, có thể yêu cầu IELTS/chứng chỉ khi nhập học) | Chương trình liên kết/quốc tế: học phí cao hơn chương trình chuẩn",https://diemthi.vnexpress.net/tra-cuu-dai-hoc/loadbenchmark/id/392/year/2026/sortby/1/block_name/-1,Trường Đại học Kinh tế Quốc dân,Hà Nội,2026,27.87,confirmed_2_sources,2,100.0,41000000.0,68000000.0,observed,Du lịch - Khách sạn - Logistics - Hàng không - Dịch vụ,train
KHA:EP15,KHA,EP15,Khoa học dữ liệu,,cntt,standard,,A00;A01;D01;D07,A00,,https://diemthi.vnexpress.net/tra-cuu-dai-hoc/loadbenchmark/id/392/year/2026/sortby/1/block_name/-1,Trường Đại học Kinh tế Quốc dân,Hà Nội,2026,26.52,confirmed_2_sources,2,70.0,41000000.0,68000000.0,observed,Công nghệ thông tin - Máy tính - Dữ liệu - AI,train
KHA:EP16,KHA,EP16,Trí tuệ nhân tạo,,cntt,standard,,A00;A01;D01;D07,A00,,https://diemthi.vnexpress.net/tra-cuu-dai-hoc/loadbenchmark/id/392/year/2026/sortby/1/block_name/-1,Trường Đại học Kinh tế Quốc dân,Hà Nội,2026,25.64,confirmed_2_sources,2,80.0,41000000.0,68000000.0,observed,Công nghệ thông tin - Máy tính - Dữ liệu - AI,train
KHA:EP17,KHA,EP17,Kỹ thuật phần mềm,,cntt,standard,,A00;A01;D01;D07,A00,,https://diemthi.vnexpress.net/tra-cuu-dai-hoc/loadbenchmark/id/392/year/2026/sortby/1/block_name/-1,Trường Đại học Kinh tế Quốc dân,Hà Nội,2026,25.0,confirmed_2_sources,2,50.0,41000000.0,68000000.0,observed,Công nghệ thông tin - Máy tính - Dữ liệu - AI,train
KHA:EP18,KHA,EP18,Quản trị giải trí và sự kiện,,du_lich,standard,,A00;A01;D01;D07;D09;D10,A00,,https://diemthi.vnexpress.net/tra-cuu-dai-hoc/loadbenchmark/id/392/year/2026/sortby/1/block_name/-1,Trường Đại học Kinh tế Quốc dân,Hà Nội,2026,25.89,confirmed_2_sources,2,50.0,41000000.0,68000000.0,observed,Du lịch - Khách sạn - Logistics - Hàng không - Dịch vụ,train
KHA:EP19,KHA,EP19,Công nghệ Marketing,,kinh_te,standard,,A00;A01;D01;D07,A00,,https://diemthi.vnexpress.net/tra-cuu-dai-hoc/loadbenchmark/id/392/year/2026/sortby/1/block_name/-1,Trường Đại học Kinh tế Quốc dân,Hà Nội,2026,26.68,confirmed_2_sources,1,50.0,41000000.0,68000000.0,observed,Kinh tế - Kinh doanh - Quản trị - Marketing - Thương mại,train
KHA:EP20,KHA,EP20,Công nghệ Logistics,,du_lich,standard,,A00;A01;D01;D07,A00,,https://diemthi.vnexpress.net/tra-cuu-dai-hoc/loadbenchmark/id/392/year/2026/sortby/1/block_name/-1,Trường Đại học Kinh tế Quốc dân,Hà Nội,2026,27.39,confirmed_2_sources,1,50.0,41000000.0,68000000.0,observed,Du lịch - Khách sạn - Logistics - Hàng không - Dịch vụ,train
KHA:EP21,KHA,EP21,Kiểm toán nội bộ,,tai_chinh,standard,,A00;A01;D01;D07,A00,,https://diemthi.vnexpress.net/tra-cuu-dai-hoc/loadbenchmark/id/392/year/2026/sortby/1/block_name/-1,Trường Đại học Kinh tế Quốc dân,Hà Nội,2026,26.39,confirmed_2_sources,1,50.0,41000000.0,68000000.0,observed,Tài chính - Ngân hàng - Kế toán - Kiểm toán - Bảo hiểm,train
KHA:EP22,KHA,EP22,Kinh tế quốc tế,,kinh_te,international,,A00;A01;D01;D07,A00,"Học bằng tiếng Anh (thường cần trình độ tiếng Anh tốt, có thể yêu cầu IELTS/chứng chỉ khi nhập học) | Chương trình liên kết/quốc tế: học phí cao hơn chương trình chuẩn",https://diemthi.vnexpress.net/tra-cuu-dai-hoc/loadbenchmark/id/392/year/2026/sortby/1/block_name/-1,Trường Đại học Kinh tế Quốc dân,Hà Nội,2026,27.2,confirmed_2_sources,1,50.0,41000000.0,68000000.0,observed,Kinh tế - Kinh doanh - Quản trị - Marketing - Thương mại,train
KHA:EP23,KHA,EP23,Kinh tế số,,kinh_te,standard,,A00;A01;D01;D07,A00,,https://diemthi.vnexpress.net/tra-cuu-dai-hoc/loadbenchmark/id/392/year/2026/sortby/1/block_name/-1,Trường Đại học Kinh tế Quốc dân,Hà Nội,2026,26.51,confirmed_2_sources,1,50.0,41000000.0,68000000.0,observed,Kinh tế - Kinh doanh - Quản trị - Marketing - Thương mại,train
KHA:EP24,KHA,EP24,Kinh tế Y tế,,kinh_te,standard,,A00;A01;D01;D07,A00,,https://diemthi.vnexpress.net/tra-cuu-dai-hoc/loadbenchmark/id/392/year/2026/sortby/1/block_name/-1,Trường Đại học Kinh tế Quốc dân,Hà Nội,2026,24.42,confirmed_2_sources,1,40.0,41000000.0,68000000.0,observed,Kinh tế - Kinh doanh - Quản trị - Marketing - Thương mại,train
KHA:EP25,KHA,EP25,Phát triển quốc tế,,xa_hoi,international,,A00;A01;D01;D07,A00,"Học bằng tiếng Anh (thường cần trình độ tiếng Anh tốt, có thể yêu cầu IELTS/chứng chỉ khi nhập học) | Chương trình liên kết/quốc tế: học phí cao hơn chương trình chuẩn",https://diemthi.vnexpress.net/tra-cuu-dai-hoc/loadbenchmark/id/392/year/2026/sortby/1/block_name/-1,Trường Đại học Kinh tế Quốc dân,Hà Nội,2026,24.68,confirmed_2_sources,1,40.0,41000000.0,68000000.0,observed,Khoa học xã hội - Tâm lý - Nhân văn - Chính trị - Hành chính,train
KHA:EP26,KHA,EP26,Công nghệ môi trường và phát triển bền vững,,nong_lam_mt,standard,,A00;A01;D01;D07,A00,,https://diemthi.vnexpress.net/tra-cuu-dai-hoc/loadbenchmark/id/392/year/2026/sortby/1/block_name/-1,Trường Đại học Kinh tế Quốc dân,Hà Nội,2026,23.48,confirmed_2_sources,1,50.0,41000000.0,68000000.0,observed,Nông - Lâm - Thủy sản - Môi trường - Tài nguyên,train
KHA:EP27,KHA,EP27,Quản trị công nghiệp sáng tạo,,kinh_te,standard,,A00;A01;D01;D07,A00,,https://diemthi.vnexpress.net/tra-cuu-dai-hoc/loadbenchmark/id/392/year/2026/sortby/1/block_name/-1,Trường Đại học Kinh tế Quốc dân,Hà Nội,2026,24.08,confirmed_2_sources,1,50.0,41000000.0,68000000.0,observed,Kinh tế - Kinh doanh - Quản trị - Marketing - Thương mại,train
KHA:EP28,KHA,EP28,Quản trị nhân lực quốc tế,,kinh_te,international,,A00;A01;D01;D07,A00,"Học bằng tiếng Anh (thường cần trình độ tiếng Anh tốt, có thể yêu cầu IELTS/chứng chỉ khi nhập học) | Chương trình liên kết/quốc tế: học phí cao hơn chương trình chuẩn",https://diemthi.vnexpress.net/tra-cuu-dai-hoc/loadbenchmark/id/392/year/2026/sortby/1/block_name/-1,Trường Đại học Kinh tế Quốc dân,Hà Nội,2026,25.75,confirmed_2_sources,1,40.0,41000000.0,68000000.0,observed,Kinh tế - Kinh doanh - Quản trị - Marketing - Thương mại,train
KHA:EP29,KHA,EP29,Quản trị rủi ro định lượng,,kinh_te,standard,,A00;A01;D01;D07,A00,,https://diemthi.vnexpress.net/tra-cuu-dai-hoc/loadbenchmark/id/392/year/2026/sortby/1/block_name/-1,Trường Đại học Kinh tế Quốc dân,Hà Nội,2026,26.15,confirmed_2_sources,1,50.0,41000000.0,68000000.0,observed,Kinh tế - Kinh doanh - Quản trị - Marketing - Thương mại,train
KHA:EP30,KHA,EP30,Toán ứng dụng,,khoa_hoc_tn,standard,,A00;A01;D01;D07,A00,,https://diemthi.vnexpress.net/tra-cuu-dai-hoc/loadbenchmark/id/392/year/2026/sortby/1/block_name/-1,Trường Đại học Kinh tế Quốc dân,Hà Nội,2026,25.6,confirmed_2_sources,1,50.0,41000000.0,68000000.0,observed,Khoa học tự nhiên - Toán - Vật lý - Thống kê,train
KHA:EP31,KHA,EP31,Thẩm định giá/Ngành TC-NH,,tai_chinh,standard,,A00;A01;D01;D07,A00,,https://vietnamnet.vn/newsapi-edu/UniversityDetail/GetDetail?pageId=49ff289efde0446f9ae2f5c385595744&componentId=COMPONENT002302&keyword=KHA&year=2026&pageSize=25&pageIndex=3&typeOfTraining=0&subjectGroup=,Trường Đại học Kinh tế Quốc dân,Hà Nội,2026,24.1,confirmed_2_sources,1,50.0,41000000.0,41000000.0,estimated,Tài chính - Ngân hàng - Kế toán - Kiểm toán - Bảo hiểm,train
KHA:EP32,KHA,EP32,Thống kê và Trí tuệ kinh doanh,,kinh_te,standard,,A00;A01;D01;D07,A00,,https://diemthi.vnexpress.net/tra-cuu-dai-hoc/loadbenchmark/id/392/year/2026/sortby/1/block_name/-1,Trường Đại học Kinh tế Quốc dân,Hà Nội,2026,25.54,confirmed_2_sources,1,50.0,41000000.0,68000000.0,observed,Kinh tế - Kinh doanh - Quản trị - Marketing - Thương mại,train
KHA:EPMP,KHA,EPMP,Quản lý công và chính sách học bằng tiếng Anh (EPMP),,ngon_ngu,standard,,A00;A01;D01;D07,A00,"Học bằng tiếng Anh (thường cần trình độ tiếng Anh tốt, có thể yêu cầu IELTS/chứng chỉ khi nhập học)",https://diemthi.vnexpress.net/tra-cuu-dai-hoc/loadbenchmark/id/392/year/2026/sortby/1/block_name/-1,Trường Đại học Kinh tế Quốc dân,Hà Nội,2026,24.05,confirmed_2_sources,8,70.0,41000000.0,68000000.0,observed,Ngôn ngữ - Văn hóa - Quốc tế học,train
KHA:POHE1,KHA,POHE1,Quản trị khách sạn,,du_lich,standard,,A00;A01;D01;D07;D09,A00,,https://diemthi.vnexpress.net/tra-cuu-dai-hoc/loadbenchmark/id/392/year/2026/sortby/1/block_name/-1,Trường Đại học Kinh tế Quốc dân,Hà Nội,2026,25.05,confirmed_2_sources,2,50.0,41000000.0,68000000.0,observed,Du lịch - Khách sạn - Logistics - Hàng không - Dịch vụ,train
KHA:POHE2,KHA,POHE2,Quản trị lữ hành,,du_lich,standard,,A00;A01;D01;D07;D09,A00,,https://diemthi.vnexpress.net/tra-cuu-dai-hoc/loadbenchmark/id/392/year/2026/sortby/1/block_name/-1,Trường Đại học Kinh tế Quốc dân,Hà Nội,2026,24.77,confirmed_2_sources,2,50.0,41000000.0,68000000.0,observed,Du lịch - Khách sạn - Logistics - Hàng không - Dịch vụ,train
KHA:POHE3,KHA,POHE3,Truyền thông Marketing,,bao_chi,standard,,A00;A01;D01;D07;D09,A00,,https://diemthi.vnexpress.net/tra-cuu-dai-hoc/loadbenchmark/id/392/year/2026/sortby/1/block_name/-1,Trường Đại học Kinh tế Quốc dân,Hà Nội,2026,27.39,confirmed_2_sources,2,60.0,41000000.0,68000000.0,observed,Báo chí - Truyền thông - Quan hệ công chúng,train
KHA:POHE4,KHA,POHE4,Luật kinh doanh,,luat,standard,,A00;A01;D01;D07;D09,A00,,https://diemthi.vnexpress.net/tra-cuu-dai-hoc/loadbenchmark/id/392/year/2026/sortby/1/block_name/-1,Trường Đại học Kinh tế Quốc dân,Hà Nội,2026,25.68,confirmed_2_sources,2,50.0,41000000.0,68000000.0,observed,Luật,train
KHA:POHE5,KHA,POHE5,Quản trị kinh doanh thương mại,,kinh_te,standard,,A00;A01;D01;D07;D09,A00,,https://diemthi.vnexpress.net/tra-cuu-dai-hoc/loadbenchmark/id/392/year/2026/sortby/1/block_name/-1,Trường Đại học Kinh tế Quốc dân,Hà Nội,2026,26.64,confirmed_2_sources,2,50.0,41000000.0,68000000.0,observed,Kinh tế - Kinh doanh - Quản trị - Marketing - Thương mại,train
KHA:POHE6,KHA,POHE6,Quản lí thị trường,,kinh_te,standard,,A00;A01;D01;D07;D09,A00,,https://diemthi.vnexpress.net/tra-cuu-dai-hoc/loadbenchmark/id/392/year/2026/sortby/1/block_name/-1,Trường Đại học Kinh tế Quốc dân,Hà Nội,2026,24.89,confirmed_2_sources,2,50.0,41000000.0,68000000.0,observed,Kinh tế - Kinh doanh - Quản trị - Marketing - Thương mại,train
KHA:POHE7,KHA,POHE7,Thẩm định giá,,tai_chinh,standard,,A00;A01;D01;D07;D09,A00,,https://diemthi.vnexpress.net/tra-cuu-dai-hoc/loadbenchmark/id/392/year/2026/sortby/1/block_name/-1,Trường Đại học Kinh tế Quốc dân,Hà Nội,2026,24.96,confirmed_2_sources,2,50.0,41000000.0,68000000.0,observed,Tài chính - Ngân hàng - Kế toán - Kiểm toán - Bảo hiểm,train
KHA:TT1,KHA,TT1,"Chương trình Tiên tiến (Kế toán, Kế hoạch tài chính, Quản trị kinh doanh)",,tai_chinh,advanced,,A00;A01;D01;D07,A00,"Học bằng tiếng Anh (thường cần trình độ tiếng Anh tốt, có thể yêu cầu IELTS/chứng chỉ khi nhập học)",https://diemthi.vnexpress.net/tra-cuu-dai-hoc/loadbenchmark/id/392/year/2026/sortby/1/block_name/-1,Trường Đại học Kinh tế Quốc dân,Hà Nội,2026,25.25,confirmed_2_sources,2,55.0,41000000.0,68000000.0,observed,Tài chính - Ngân hàng - Kế toán - Kiểm toán - Bảo hiểm,train
KHA:TT2,KHA,TT2,"Chương trình Tiên tiến (Tài chính, Kinh doanh quốc tế)",,tai_chinh,international,,A00;A01;D01;D07,A00,"Học bằng tiếng Anh (thường cần trình độ tiếng Anh tốt, có thể yêu cầu IELTS/chứng chỉ khi nhập học) | Chương trình liên kết/quốc tế: học phí cao hơn chương trình chuẩn",https://diemthi.vnexpress.net/tra-cuu-dai-hoc/loadbenchmark/id/392/year/2026/sortby/1/block_name/-1,Trường Đại học Kinh tế Quốc dân,Hà Nội,2026,26.0,confirmed_2_sources,2,110.0,41000000.0,68000000.0,observed,Tài chính - Ngân hàng - Kế toán - Kiểm toán - Bảo hiểm,train
KTS:7580201,KTS,7580201,Kỹ thuật xây dựng,7580201,xay_dung,standard,,A00;A01;C01;C02,A00,,https://diemthi.vnexpress.net/tra-cuu-dai-hoc/loadbenchmark/id/273/year/2026/sortby/1/block_name/-1,Trường Đại học Kiến trúc Thành phố Hồ Chí Minh,TP. Hồ Chí Minh,2026,20.5,confirmed_2_sources,9,,,,missing,Kiến trúc - Xây dựng - Giao thông - Quy hoạch,train
KTS:7580201QT,KTS,7580201QT,Xây dựng (Tongmyong - Hàn Quốc),7580201,xay_dung,standard,,A00;A01;C01,A00,,https://diemthi.vnexpress.net/tra-cuu-dai-hoc/loadbenchmark/id/273/year/2026/sortby/1/block_name/-1,Trường Đại học Kiến trúc Thành phố Hồ Chí Minh,TP. Hồ Chí Minh,2026,17.1,disputed,1,,,,missing,Kiến trúc - Xây dựng - Giao thông - Quy hoạch,train
KTS:7580210,KTS,7580210,Kỹ thuật cơ sở hạ tầng,7580210,xay_dung,standard,hạ tầng,A01;D01;D07;A00;C01,A01,Học tại hạ tầng,https://diemthi.vnexpress.net/tra-cuu-dai-hoc/loadbenchmark/id/273/year/2026/sortby/1/block_name/-1,Trường Đại học Kiến trúc Thành phố Hồ Chí Minh,TP. Hồ Chí Minh,2026,17.5,confirmed_2_sources,9,,,,missing,Kiến trúc - Xây dựng - Giao thông - Quy hoạch,train
KTS:7580210QT,KTS,7580210QT,Kỹ thuật cơ sở hạ tầng &lpar;Chương trình ĐH Quốc tế - TP.HCM&rpar;,7580210,xay_dung,international,hạ tầng &lpar,A01;D01;D07,A01,"Học bằng tiếng Anh (thường cần trình độ tiếng Anh tốt, có thể yêu cầu IELTS/chứng chỉ khi nhập học) | Chương trình liên kết/quốc tế: học phí cao hơn chương trình chuẩn | Học tại hạ tầng &lpar",https://diemthi.vnexpress.net/tra-cuu-dai-hoc/loadbenchmark/id/273/year/2026/sortby/1/block_name/-1,Trường Đại học Kiến trúc Thành phố Hồ Chí Minh,TP. Hồ Chí Minh,2026,16.0,confirmed_2_sources,1,,,,missing,Kiến trúc - Xây dựng - Giao thông - Quy hoạch,train
KTS:7580302,KTS,7580302,Quản lý xây dựng,7580302,xay_dung,standard,,A00;A01;C01;C02,A00,,https://diemthi.vnexpress.net/tra-cuu-dai-hoc/loadbenchmark/id/273/year/2026/sortby/1/block_name/-1,Trường Đại học Kiến trúc Thành phố Hồ Chí Minh,TP. Hồ Chí Minh,2026,21.35,confirmed_2_sources,9,,,,missing,Kiến trúc - Xây dựng - Giao thông - Quy hoạch,train
LPH:7220201,LPH,7220201,Ngôn ngữ Anh,7220201,ngon_ngu,standard,,A01;D01,A01,,https://diemthi.vnexpress.net/tra-cuu-dai-hoc/loadbenchmark/id/399/year/2026/sortby/1/block_name/-1,Trường Đại học Luật Hà Nội,Hà Nội,2026,23.09,confirmed_2_sources,8,200.0,29400000.0,29400000.0,observed,Ngôn ngữ - Văn hóa - Quốc tế học,val
LPH:7380101,LPH,7380101,Ngành Luật,7380101,luat,standard,,A00;A01;C00;D01;D02;D03;D04;D05;D06,A00,,https://diemthi.vnexpress.net/tra-cuu-dai-hoc/loadbenchmark/id/399/year/2026/sortby/1/block_name/-1,Trường Đại học Luật Hà Nội,Hà Nội,2026,24.12,confirmed_2_sources,9,1600.0,29400000.0,29400000.0,observed,Luật,val
LPH:7380101PH,LPH,7380101PH,Luật (dành cho Phân hiệu Đắk Lắk),7380101,luat,standard,Đắk Lắk,A00;A01;C00;D01;D02;D03;D04;D05;D06,A00,Học tại Đắk Lắk,https://diemthi.vnexpress.net/tra-cuu-dai-hoc/loadbenchmark/id/399/year/2026/sortby/1/block_name/-1,Trường Đại học Luật Hà Nội,Hà Nội,2026,20.0,confirmed_2_sources,7,300.0,29400000.0,29400000.0,observed,Luật,val
LPH:7380107,LPH,7380107,Luật kinh tế,7380107,luat,standard,,A00;A01;C00;D01;D02;D03;D04;D05;D06,A00,,https://diemthi.vnexpress.net/tra-cuu-dai-hoc/loadbenchmark/id/399/year/2026/sortby/1/block_name/-1,Trường Đại học Luật Hà Nội,Hà Nội,2026,25.95,confirmed_2_sources,9,550.0,29400000.0,29400000.0,observed,Luật,val
LPH:7380109,LPH,7380109,Luật Thương mại Quốc tế,7380109,luat,international,,A01;D01,A01,"Học bằng tiếng Anh (thường cần trình độ tiếng Anh tốt, có thể yêu cầu IELTS/chứng chỉ khi nhập học) | Chương trình liên kết/quốc tế: học phí cao hơn chương trình chuẩn",https://diemthi.vnexpress.net/tra-cuu-dai-hoc/loadbenchmark/id/399/year/2026/sortby/1/block_name/-1,Trường Đại học Luật Hà Nội,Hà Nội,2026,24.22,confirmed_2_sources,8,200.0,29400000.0,29400000.0,observed,Luật,val
LPS:7220201,LPS,7220201,Ngôn ngữ Anh,7220201,ngon_ngu,standard,,D01;D14;X78;D15;D09;X25;D10,D01,,https://diemthi.vnexpress.net/tra-cuu-dai-hoc/loadbenchmark/id/274/year/2026/sortby/1/block_name/-1,Trường Đại học Luật tp. Hồ Chí Minh,TP. Hồ Chí Minh,2026,19.5,confirmed_2_sources,9,,42250000.0,42250000.0,observed,Ngôn ngữ - Văn hóa - Quốc tế học,train
LPS:7220204,LPS,7220204,Ngôn ngữ Trung Quốc,7220204,ngon_ngu,standard,,D01;D04;D14;D65;X78;X90;D15;D45;D09;D40;X25;X37;D10;D20,D01,,https://vietnamnet.vn/newsapi-edu/UniversityDetail/GetDetail?pageId=49ff289efde0446f9ae2f5c385595744&componentId=COMPONENT002302&keyword=LPS&year=2026&pageSize=25&pageIndex=0&typeOfTraining=0&subjectGroup=,Trường Đại học Luật tp. Hồ Chí Minh,TP. Hồ Chí Minh,2026,20.3,confirmed_2_sources,1,,41000000.0,41000000.0,estimated,Ngôn ngữ - Văn hóa - Quốc tế học,train
LPS:7310109,LPS,7310109,Kinh tế số,7310109,kinh_te,standard,,A01;D07;D01;X25;X26;A00,A01,,https://vietnamnet.vn/newsapi-edu/UniversityDetail/GetDetail?pageId=49ff289efde0446f9ae2f5c385595744&componentId=COMPONENT002302&keyword=LPS&year=2026&pageSize=25&pageIndex=0&typeOfTraining=0&subjectGroup=,Trường Đại học Luật tp. Hồ Chí Minh,TP. Hồ Chí Minh,2026,16.25,confirmed_2_sources,1,,41000000.0,41000000.0,estimated,Kinh tế - Kinh doanh - Quản trị - Marketing - Thương mại,train
LPS:7340101,LPS,7340101,Quản trị Kinh doanh,7340101,kinh_te,standard,,A01;D07;D01;X25;X26;A00,A01,,https://diemthi.vnexpress.net/tra-cuu-dai-hoc/loadbenchmark/id/274/year/2026/sortby/1/block_name/-1,Trường Đại học Luật tp. Hồ Chí Minh,TP. Hồ Chí Minh,2026,17.0,confirmed_2_sources,9,,41000000.0,41000000.0,estimated,Kinh tế - Kinh doanh - Quản trị - Marketing - Thương mại,train
LPS:7340102,LPS,7340102,Quản trị - Luật,7340102,luat,standard,,A01;D07;D01;X25;X26;D11;D12;X78;X79;A00,A01,,https://diemthi.vnexpress.net/tra-cuu-dai-hoc/loadbenchmark/id/274/year/2026/sortby/1/block_name/-1,Trường Đại học Luật tp. Hồ Chí Minh,TP. Hồ Chí Minh,2026,20.0,confirmed_2_sources,9,,41000000.0,41000000.0,estimated,Luật,train
LPS:7340120,LPS,7340120,Ngành Kinh doanh quốc tế,7340120,kinh_te,international,,A01;D07;D01;X25;X26;A00,A01,"Học bằng tiếng Anh (thường cần trình độ tiếng Anh tốt, có thể yêu cầu IELTS/chứng chỉ khi nhập học) | Chương trình liên kết/quốc tế: học phí cao hơn chương trình chuẩn",https://diemthi.vnexpress.net/tra-cuu-dai-hoc/loadbenchmark/id/274/year/2026/sortby/1/block_name/-1,Trường Đại học Luật tp. Hồ Chí Minh,TP. Hồ Chí Minh,2026,19.75,confirmed_2_sources,2,,41000000.0,41000000.0,estimated,Kinh tế - Kinh doanh - Quản trị - Marketing - Thương mại,train
LPS:7340122,LPS,7340122,Thương mại điện tử,7340122,kinh_te,standard,,A01;D07;D01;X25;X26;A00,A01,,https://diemthi.vnexpress.net/tra-cuu-dai-hoc/loadbenchmark/id/274/year/2026/sortby/1/block_name/-1,Trường Đại học Luật tp. Hồ Chí Minh,TP. Hồ Chí Minh,2026,18.5,confirmed_2_sources,1,,41000000.0,41000000.0,estimated,Kinh tế - Kinh doanh - Quản trị - Marketing - Thương mại,train
LPS:7340201,LPS,7340201,Tài chính – Ngân hàng,7340201,tai_chinh,standard,,A01;D07;D01;X25;X26;A00,A01,,https://diemthi.vnexpress.net/tra-cuu-dai-hoc/loadbenchmark/id/274/year/2026/sortby/1/block_name/-1,Trường Đại học Luật tp. Hồ Chí Minh,TP. Hồ Chí Minh,2026,18.25,confirmed_2_sources,2,,41000000.0,41000000.0,estimated,Tài chính - Ngân hàng - Kế toán - Kiểm toán - Bảo hiểm,train
LPS:7340205,LPS,7340205,Công nghệ tài chính,7340205,tai_chinh,standard,,A01;D07;D01;X25;X26;A00,A01,,https://diemthi.vnexpress.net/tra-cuu-dai-hoc/loadbenchmark/id/274/year/2026/sortby/1/block_name/-1,Trường Đại học Luật tp. Hồ Chí Minh,TP. Hồ Chí Minh,2026,16.0,confirmed_2_sources,1,,41000000.0,41000000.0,estimated,Tài chính - Ngân hàng - Kế toán - Kiểm toán - Bảo hiểm,train
LPS:7380101,LPS,7380101,Ngành Luật,7380101,luat,standard,,D01;D03;D04;D06;X78;X86;X90;X98;D11;D53;D54;D55;D12;D48;D49;D50;D14;D63;D64;D65;D15;D43;D44;D45;X25;X33;X37;X45;A01;D28;D29;D30;D07;D23;D24;D25;D09;D38;D39;D40;D10;D18;D19;D20;A00,D01,,https://diemthi.vnexpress.net/tra-cuu-dai-hoc/loadbenchmark/id/274/year/2026/sortby/1/block_name/-1,Trường Đại học Luật tp. Hồ Chí Minh,TP. Hồ Chí Minh,2026,20.0,confirmed_2_sources,9,,41000000.0,41000000.0,estimated,Luật,train
LPS:7380109,LPS,7380109,Luật Thương mại Quốc tế,7380109,luat,international,,D11;D01;X78;D12;A01;X25;D07,D11,"Học bằng tiếng Anh (thường cần trình độ tiếng Anh tốt, có thể yêu cầu IELTS/chứng chỉ khi nhập học) | Chương trình liên kết/quốc tế: học phí cao hơn chương trình chuẩn",https://diemthi.vnexpress.net/tra-cuu-dai-hoc/loadbenchmark/id/274/year/2026/sortby/1/block_name/-1,Trường Đại học Luật tp. Hồ Chí Minh,TP. Hồ Chí Minh,2026,21.25,confirmed_2_sources,9,,39750000.0,39750000.0,observed,Luật,train
MBS:7140103,MBS,7140103,Công nghệ Giáo dục,7140103,su_pham,international,,D01;A01;D07;D08;D09;D10;X25;X26;X27;X28;D11;D12;D13;D14;D15;X78;X79;X80;X81,D01,"Học bằng tiếng Anh (thường cần trình độ tiếng Anh tốt, có thể yêu cầu IELTS/chứng chỉ khi nhập học) | Chương trình liên kết/quốc tế: học phí cao hơn chương trình chuẩn | Sư phạm: không nhận thí sinh bị dị hình, dị tật, nói ngọng, nói lắp; điểm sàn của Bộ",https://diemthi.vnexpress.net/tra-cuu-dai-hoc/loadbenchmark/id/275/year/2026/sortby/1/block_name/-1,Trường Đại học Mở tp. Hồ Chí Minh,TP. Hồ Chí Minh,2026,20.5,confirmed_2_sources,1,,27500000.0,27500000.0,estimated,Sư phạm - Giáo dục,train
MBS:7220201,MBS,7220201,Ngôn ngữ Anh,7220201,ngon_ngu,international,,D01;A01;D07;D08;D09;D10;X25;X26;D11;D12;D13;D14;D15;X78;X79,D01,"Học bằng tiếng Anh (thường cần trình độ tiếng Anh tốt, có thể yêu cầu IELTS/chứng chỉ khi nhập học) | Chương trình liên kết/quốc tế: học phí cao hơn chương trình chuẩn",https://diemthi.vnexpress.net/tra-cuu-dai-hoc/loadbenchmark/id/275/year/2026/sortby/1/block_name/-1,Trường Đại học Mở tp. Hồ Chí Minh,TP. Hồ Chí Minh,2026,25.5,confirmed_2_sources,7,,27500000.0,27500000.0,observed,Ngôn ngữ - Văn hóa - Quốc tế học,train
MBS:7220201C,MBS,7220201C,Ngôn ngữ Anh (CTCLC),7220201,ngon_ngu,international,,D01;A01;D07;D08;D09;D10;X25;X26;D11;D12;D13;D14;D15;X78;X79,D01,"Học bằng tiếng Anh (thường cần trình độ tiếng Anh tốt, có thể yêu cầu IELTS/chứng chỉ khi nhập học) | Chương trình liên kết/quốc tế: học phí cao hơn chương trình chuẩn",https://diemthi.vnexpress.net/tra-cuu-dai-hoc/loadbenchmark/id/275/year/2026/sortby/1/block_name/-1,Trường Đại học Mở tp. Hồ Chí Minh,TP. Hồ Chí Minh,2026,22.15,confirmed_2_sources,7,,46500000.0,46500000.0,observed,Ngôn ngữ - Văn hóa - Quốc tế học,train
MBS:7220201D,MBS,7220201D,Ngôn ngữ Anh (hệ Đại trà),7220201,ngon_ngu,international,,D01;A01;D07;D08;D09;D10;X25;X26;D11;D12;D13;D14;D15;X78;X79,D01,"Học bằng tiếng Anh (thường cần trình độ tiếng Anh tốt, có thể yêu cầu IELTS/chứng chỉ khi nhập học) | Chương trình liên kết/quốc tế: học phí cao hơn chương trình chuẩn",https://diemthi.vnexpress.net/tra-cuu-dai-hoc/loadbenchmark/id/275/year/2026/sortby/1/block_name/-1,Trường Đại học Mở tp. Hồ Chí Minh,TP. Hồ Chí Minh,2026,21.5,confirmed_2_sources,1,,27500000.0,27500000.0,estimated,Ngôn ngữ - Văn hóa - Quốc tế học,train
MBS:7220201FL,MBS,7220201FL,Ngôn ngữ Anh - CTLK ĐH Flinders,7220201,ngon_ngu,international,,A01;D01;D07;D14;D15;X78,A01,"Học bằng tiếng Anh (thường cần trình độ tiếng Anh tốt, có thể yêu cầu IELTS/chứng chỉ khi nhập học) | Chương trình liên kết/quốc tế: học phí cao hơn chương trình chuẩn",https://diemthi.vnexpress.net/tra-cuu-dai-hoc/loadbenchmark/id/275/year/2026/sortby/1/block_name/-1,Trường Đại học Mở tp. Hồ Chí Minh,TP. Hồ Chí Minh,2026,20.3,confirmed_2_sources,1,,27500000.0,27500000.0,estimated,Ngôn ngữ - Văn hóa - Quốc tế học,train
MBS:7220204,MBS,7220204,Ngôn ngữ Trung Quốc,7220204,ngon_ngu,international,,D01;D04;D11;D55;D12;D13;D60;D14;D15;D65;D45;X78;X90;X79;D06;D22;A01;D07,D01,"Học bằng tiếng Anh (thường cần trình độ tiếng Anh tốt, có thể yêu cầu IELTS/chứng chỉ khi nhập học) | Chương trình liên kết/quốc tế: học phí cao hơn chương trình chuẩn",https://diemthi.vnexpress.net/tra-cuu-dai-hoc/loadbenchmark/id/275/year/2026/sortby/1/block_name/-1,Trường Đại học Mở tp. Hồ Chí Minh,TP. Hồ Chí Minh,2026,24.3,confirmed_2_sources,7,,27500000.0,27500000.0,observed,Ngôn ngữ - Văn hóa - Quốc tế học,train
MBS:7220204C,MBS,7220204C,Ngôn ngữ Trung Quốc - CLC,7220204,ngon_ngu,international,,D01;D04;D11;D55;D12;D13;D60;D14;D15;D65;D45;X78;X90;X79;D06;D22;A01;D07,D01,"Học bằng tiếng Anh (thường cần trình độ tiếng Anh tốt, có thể yêu cầu IELTS/chứng chỉ khi nhập học) | Chương trình liên kết/quốc tế: học phí cao hơn chương trình chuẩn",https://diemthi.vnexpress.net/tra-cuu-dai-hoc/loadbenchmark/id/275/year/2026/sortby/1/block_name/-1,Trường Đại học Mở tp. Hồ Chí Minh,TP. Hồ Chí Minh,2026,21.5,confirmed_2_sources,6,,46500000.0,46500000.0,observed,Ngôn ngữ - Văn hóa - Quốc tế học,train
MBS:7220209,MBS,7220209,Ngôn ngữ Nhật,7220209,ngon_ngu,international,,D01;D06;D53;D11;D48;D12;D13;D14;D58;D63;D15;X78;X79;D43;X98;X99;D22;A01;D07,D01,"Học bằng tiếng Anh (thường cần trình độ tiếng Anh tốt, có thể yêu cầu IELTS/chứng chỉ khi nhập học) | Chương trình liên kết/quốc tế: học phí cao hơn chương trình chuẩn",https://diemthi.vnexpress.net/tra-cuu-dai-hoc/loadbenchmark/id/275/year/2026/sortby/1/block_name/-1,Trường Đại học Mở tp. Hồ Chí Minh,TP. Hồ Chí Minh,2026,20.9,confirmed_2_sources,7,,27500000.0,27500000.0,observed,Ngôn ngữ - Văn hóa - Quốc tế học,train
MBS:7220209C,MBS,7220209C,Ngôn ngữ Nhật - CLC,7220209,ngon_ngu,international,,D01;D06;D53;D11;D48;D12;D13;D14;D58;D63;D15;X78;X79;D43;X98;X99;D22;A01;D07,D01,"Học bằng tiếng Anh (thường cần trình độ tiếng Anh tốt, có thể yêu cầu IELTS/chứng chỉ khi nhập học) | Chương trình liên kết/quốc tế: học phí cao hơn chương trình chuẩn",https://diemthi.vnexpress.net/tra-cuu-dai-hoc/loadbenchmark/id/275/year/2026/sortby/1/block_name/-1,Trường Đại học Mở tp. Hồ Chí Minh,TP. Hồ Chí Minh,2026,20.0,confirmed_2_sources,6,,46500000.0,46500000.0,observed,Ngôn ngữ - Văn hóa - Quốc tế học,train
MBS:7220210,MBS,7220210,Ngôn ngữ Hàn Quốc,7220210,ngon_ngu,international,,D01;D11;D12;D13;D14;D15;X78;X79;Y04;Y03;D06;D22;A01;D07,D01,"Học bằng tiếng Anh (thường cần trình độ tiếng Anh tốt, có thể yêu cầu IELTS/chứng chỉ khi nhập học) | Chương trình liên kết/quốc tế: học phí cao hơn chương trình chuẩn",https://diemthi.vnexpress.net/tra-cuu-dai-hoc/loadbenchmark/id/275/year/2026/sortby/1/block_name/-1,Trường Đại học Mở tp. Hồ Chí Minh,TP. Hồ Chí Minh,2026,21.65,confirmed_2_sources,6,,27500000.0,27500000.0,observed,Ngôn ngữ - Văn hóa - Quốc tế học,train
MBS:7310101,MBS,7310101,Kinh tế,7310101,kinh_te,international,,A00;A01;X06;D07;D01;D10;X10;X26;X11;X07;D09,A00,"Học bằng tiếng Anh (thường cần trình độ tiếng Anh tốt, có thể yêu cầu IELTS/chứng chỉ khi nhập học) | Chương trình liên kết/quốc tế: học phí cao hơn chương trình chuẩn",https://diemthi.vnexpress.net/tra-cuu-dai-hoc/loadbenchmark/id/275/year/2026/sortby/1/block_name/-1,Trường Đại học Mở tp. Hồ Chí Minh,TP. Hồ Chí Minh,2026,21.3,confirmed_2_sources,7,,24000000.0,24000000.0,observed,Kinh tế - Kinh doanh - Quản trị - Marketing - Thương mại,train
MBS:7310101C,MBS,7310101C,Kinh tế CLC,7310101,kinh_te,international,,A01;D07;D01;X26;D09;D10;X27;A00;X06;X10;X02,A01,"Học bằng tiếng Anh (thường cần trình độ tiếng Anh tốt, có thể yêu cầu IELTS/chứng chỉ khi nhập học) | Chương trình liên kết/quốc tế: học phí cao hơn chương trình chuẩn",https://diemthi.vnexpress.net/tra-cuu-dai-hoc/loadbenchmark/id/275/year/2026/sortby/1/block_name/-1,Trường Đại học Mở tp. Hồ Chí Minh,TP. Hồ Chí Minh,2026,17.0,confirmed_2_sources,5,,46500000.0,46500000.0,observed,Kinh tế - Kinh doanh - Quản trị - Marketing - Thương mại,train
MBS:7310104,MBS,7310104,Kinh tế đầu tư,7310104,tai_chinh,international,,A00;A01;X06;D07;D01;D10;X10;X26;X11;X07,A00,"Học bằng tiếng Anh (thường cần trình độ tiếng Anh tốt, có thể yêu cầu IELTS/chứng chỉ khi nhập học) | Chương trình liên kết/quốc tế: học phí cao hơn chương trình chuẩn",https://diemthi.vnexpress.net/tra-cuu-dai-hoc/loadbenchmark/id/275/year/2026/sortby/1/block_name/-1,Trường Đại học Mở tp. Hồ Chí Minh,TP. Hồ Chí Minh,2026,20.1,confirmed_2_sources,1,,27500000.0,27500000.0,estimated,Tài chính - Ngân hàng - Kế toán - Kiểm toán - Bảo hiểm,train
MBS:7310301,MBS,7310301,Xã hội học,7310301,xa_hoi,international,,D01;C00;D14;D15;X01;X78;X70;X74;D02;D03;D04;D05;D06;D61;D62;D63;D64;D65;D41;D42;D43;D44;D45;X82;X86;X90;X94;X98;Y03;A01,D01,"Học bằng tiếng Anh (thường cần trình độ tiếng Anh tốt, có thể yêu cầu IELTS/chứng chỉ khi nhập học) | Chương trình liên kết/quốc tế: học phí cao hơn chương trình chuẩn",https://diemthi.vnexpress.net/tra-cuu-dai-hoc/loadbenchmark/id/275/year/2026/sortby/1/block_name/-1,Trường Đại học Mở tp. Hồ Chí Minh,TP. Hồ Chí Minh,2026,22.25,confirmed_2_sources,7,,24000000.0,24000000.0,observed,Khoa học xã hội - Tâm lý - Nhân văn - Chính trị - Hành chính,train
MBS:7310401,MBS,7310401,Tâm lý học,7310401,xa_hoi,international,,D01;C00;D14;D15;X01;X78;X70;X74;D02;D03;D04;D05;D06;D61;D62;D63;D64;D65;D41;D42;D43;D44;D45;X82;X86;X90;X94;X98;Y03;A01;D22,D01,"Học bằng tiếng Anh (thường cần trình độ tiếng Anh tốt, có thể yêu cầu IELTS/chứng chỉ khi nhập học) | Chương trình liên kết/quốc tế: học phí cao hơn chương trình chuẩn",https://diemthi.vnexpress.net/tra-cuu-dai-hoc/loadbenchmark/id/275/year/2026/sortby/1/block_name/-1,Trường Đại học Mở tp. Hồ Chí Minh,TP. Hồ Chí Minh,2026,23.9,confirmed_2_sources,3,,24000000.0,24000000.0,observed,Khoa học xã hội - Tâm lý - Nhân văn - Chính trị - Hành chính,train
MBS:7310620,MBS,7310620,Đông Nam Á học,7310620,ngon_ngu,international,,D01;C00;D14;D15;X01;X78;X70;X74;D02;D03;D04;D05;D06;D61;D62;D63;D64;D65;D41;D42;D43;D44;D45;X82;X86;X90;X94;X98;Y03;A01,D01,"Học bằng tiếng Anh (thường cần trình độ tiếng Anh tốt, có thể yêu cầu IELTS/chứng chỉ khi nhập học) | Chương trình liên kết/quốc tế: học phí cao hơn chương trình chuẩn",https://diemthi.vnexpress.net/tra-cuu-dai-hoc/loadbenchmark/id/275/year/2026/sortby/1/block_name/-1,Trường Đại học Mở tp. Hồ Chí Minh,TP. Hồ Chí Minh,2026,20.5,confirmed_2_sources,7,,24000000.0,24000000.0,observed,Ngôn ngữ - Văn hóa - Quốc tế học,train
MBS:7320104,MBS,7320104,Truyền thông đa phương tiện,7320104,bao_chi,international,,D01;C03;C04;C02;B03;C01;X02;X01;X03;X04,D01,"Học bằng tiếng Anh (thường cần trình độ tiếng Anh tốt, có thể yêu cầu IELTS/chứng chỉ khi nhập học) | Chương trình liên kết/quốc tế: học phí cao hơn chương trình chuẩn",https://diemthi.vnexpress.net/tra-cuu-dai-hoc/loadbenchmark/id/275/year/2026/sortby/1/block_name/-1,Trường Đại học Mở tp. Hồ Chí Minh,TP. Hồ Chí Minh,2026,26.2,confirmed_2_sources,1,,27500000.0,27500000.0,estimated,Báo chí - Truyền thông - Quan hệ công chúng,train
MBS:7340101,MBS,7340101,Quản trị Kinh doanh,7340101,kinh_te,international,,A00;A01;X06;D07;X10;D08;X26;C01;C02;B03;D01;X02;X79,A00,"Học bằng tiếng Anh (thường cần trình độ tiếng Anh tốt, có thể yêu cầu IELTS/chứng chỉ khi nhập học) | Chương trình liên kết/quốc tế: học phí cao hơn chương trình chuẩn",https://diemthi.vnexpress.net/tra-cuu-dai-hoc/loadbenchmark/id/275/year/2026/sortby/1/block_name/-1,Trường Đại học Mở tp. Hồ Chí Minh,TP. Hồ Chí Minh,2026,23.0,confirmed_2_sources,7,,27500000.0,27500000.0,observed,Kinh tế - Kinh doanh - Quản trị - Marketing - Thương mại,train
MBS:7340101C,MBS,7340101C,Quản trị kinh doanh,7340101,kinh_te,international,,A01;D07;D08;D09;D01;X27;X25;X26;X79;A00;X06;X10;X02,A01,"Học bằng tiếng Anh (thường cần trình độ tiếng Anh tốt, có thể yêu cầu IELTS/chứng chỉ khi nhập học) | Chương trình liên kết/quốc tế: học phí cao hơn chương trình chuẩn",https://diemthi.vnexpress.net/tra-cuu-dai-hoc/loadbenchmark/id/275/year/2026/sortby/1/block_name/-1,Trường Đại học Mở tp. Hồ Chí Minh,TP. Hồ Chí Minh,2026,18.5,confirmed_2_sources,7,,46500000.0,46500000.0,observed,Kinh tế - Kinh doanh - Quản trị - Marketing - Thương mại,train
MBS:7340101D,MBS,7340101D,Quản trị kinh doanh (Chuyên ngành Quản trị Nhà hàng - Khách sạn),7340101,du_lich,international,,A00;A01;D01;D07;X06;X10;X02;X26;B08;D08;C01;C02,A00,"Học bằng tiếng Anh (thường cần trình độ tiếng Anh tốt, có thể yêu cầu IELTS/chứng chỉ khi nhập học) | Chương trình liên kết/quốc tế: học phí cao hơn chương trình chuẩn",https://diemthi.vnexpress.net/tra-cuu-dai-hoc/loadbenchmark/id/275/year/2026/sortby/1/block_name/-1,Trường Đại học Mở tp. Hồ Chí Minh,TP. Hồ Chí Minh,2026,19.05,confirmed_2_sources,1,,27500000.0,27500000.0,estimated,Du lịch - Khách sạn - Logistics - Hàng không - Dịch vụ,train
MBS:7340101FL,MBS,7340101FL,Quản trị kinh doanh - CTLK ĐH Flinders,7340101,kinh_te,international,,A01;D01;D07;D09;D08;X27;X26;D10;X25,A01,"Học bằng tiếng Anh (thường cần trình độ tiếng Anh tốt, có thể yêu cầu IELTS/chứng chỉ khi nhập học) | Chương trình liên kết/quốc tế: học phí cao hơn chương trình chuẩn",https://diemthi.vnexpress.net/tra-cuu-dai-hoc/loadbenchmark/id/275/year/2026/sortby/1/block_name/-1,Trường Đại học Mở tp. Hồ Chí Minh,TP. Hồ Chí Minh,2026,15.75,confirmed_2_sources,1,,27500000.0,27500000.0,estimated,Kinh tế - Kinh doanh - Quản trị - Marketing - Thương mại,train
MBS:7340101SQ,MBS,7340101SQ,Quản trị kinh doanh - CTLK ĐH Southern Queensland,7340101,kinh_te,international,,A01;D01;D07;D09;D08;X27;X26;D10;X25,A01,"Học bằng tiếng Anh (thường cần trình độ tiếng Anh tốt, có thể yêu cầu IELTS/chứng chỉ khi nhập học) | Chương trình liên kết/quốc tế: học phí cao hơn chương trình chuẩn",https://diemthi.vnexpress.net/tra-cuu-dai-hoc/loadbenchmark/id/275/year/2026/sortby/1/block_name/-1,Trường Đại học Mở tp. Hồ Chí Minh,TP. Hồ Chí Minh,2026,15.75,confirmed_2_sources,1,,27500000.0,27500000.0,estimated,Kinh tế - Kinh doanh - Quản trị - Marketing - Thương mại,train
MBS:7340101SW,MBS,7340101SW,Quản trị kinh doanh - CTLK ĐH South Wales,7340101,kinh_te,international,,A01;D01;D07;D09;D08;X27;X26;D10;X25,A01,"Học bằng tiếng Anh (thường cần trình độ tiếng Anh tốt, có thể yêu cầu IELTS/chứng chỉ khi nhập học) | Chương trình liên kết/quốc tế: học phí cao hơn chương trình chuẩn",https://diemthi.vnexpress.net/tra-cuu-dai-hoc/loadbenchmark/id/275/year/2026/sortby/1/block_name/-1,Trường Đại học Mở tp. Hồ Chí Minh,TP. Hồ Chí Minh,2026,15.75,confirmed_2_sources,1,,27500000.0,27500000.0,estimated,Kinh tế - Kinh doanh - Quản trị - Marketing - Thương mại,train
MBS:7340115,MBS,7340115,Marketing,7340115,kinh_te,international,,A00;A01;X06;D07;X10;D08;X26;C01;C02;B03;D01;X02;X79,A00,"Học bằng tiếng Anh (thường cần trình độ tiếng Anh tốt, có thể yêu cầu IELTS/chứng chỉ khi nhập học) | Chương trình liên kết/quốc tế: học phí cao hơn chương trình chuẩn",https://diemthi.vnexpress.net/tra-cuu-dai-hoc/loadbenchmark/id/275/year/2026/sortby/1/block_name/-1,Trường Đại học Mở tp. Hồ Chí Minh,TP. Hồ Chí Minh,2026,25.0,confirmed_2_sources,7,,27500000.0,27500000.0,observed,Kinh tế - Kinh doanh - Quản trị - Marketing - Thương mại,train
MBS:7340115C,MBS,7340115C,Marketing,7340115,kinh_te,international,,A01;D07;D08;D09;D01;X27;X25;X26;X79;A00;X06;X10;X02,A01,"Học bằng tiếng Anh (thường cần trình độ tiếng Anh tốt, có thể yêu cầu IELTS/chứng chỉ khi nhập học) | Chương trình liên kết/quốc tế: học phí cao hơn chương trình chuẩn",https://diemthi.vnexpress.net/tra-cuu-dai-hoc/loadbenchmark/id/275/year/2026/sortby/1/block_name/-1,Trường Đại học Mở tp. Hồ Chí Minh,TP. Hồ Chí Minh,2026,21.5,confirmed_2_sources,1,,27500000.0,27500000.0,estimated,Kinh tế - Kinh doanh - Quản trị - Marketing - Thương mại,train
MBS:7340120,MBS,7340120,Ngành Kinh doanh quốc tế,7340120,kinh_te,international,,A00;A01;X06;D07;X10;D08;X26;C01;C02;B03;D01;X02;X79,A00,"Học bằng tiếng Anh (thường cần trình độ tiếng Anh tốt, có thể yêu cầu IELTS/chứng chỉ khi nhập học) | Chương trình liên kết/quốc tế: học phí cao hơn chương trình chuẩn",https://diemthi.vnexpress.net/tra-cuu-dai-hoc/loadbenchmark/id/275/year/2026/sortby/1/block_name/-1,Trường Đại học Mở tp. Hồ Chí Minh,TP. Hồ Chí Minh,2026,24.55,confirmed_2_sources,7,,27500000.0,27500000.0,observed,Kinh tế - Kinh doanh - Quản trị - Marketing - Thương mại,train
MBS:7340120C,MBS,7340120C,Kinh doanh quốc tế (Chương trình chất lượng cao),7340120,kinh_te,international,,A01;D07;D08;D09;D01;X27;X25;X26;X79;A00;X06;X10;X02,A01,"Học bằng tiếng Anh (thường cần trình độ tiếng Anh tốt, có thể yêu cầu IELTS/chứng chỉ khi nhập học) | Chương trình liên kết/quốc tế: học phí cao hơn chương trình chuẩn",https://diemthi.vnexpress.net/tra-cuu-dai-hoc/loadbenchmark/id/275/year/2026/sortby/1/block_name/-1,Trường Đại học Mở tp. Hồ Chí Minh,TP. Hồ Chí Minh,2026,21.25,confirmed_2_sources,1,,27500000.0,27500000.0,estimated,Kinh tế - Kinh doanh - Quản trị - Marketing - Thương mại,train
MBS:7340120RO,MBS,7340120RO,Kinh doanh quốc tế - CTLK ĐH Rouen,7340120,kinh_te,international,,A00;A01;C01;D07;C02;D01;C04;D10,A00,"Học bằng tiếng Anh (thường cần trình độ tiếng Anh tốt, có thể yêu cầu IELTS/chứng chỉ khi nhập học) | Chương trình liên kết/quốc tế: học phí cao hơn chương trình chuẩn",https://diemthi.vnexpress.net/tra-cuu-dai-hoc/loadbenchmark/id/275/year/2026/sortby/1/block_name/-1,Trường Đại học Mở tp. Hồ Chí Minh,TP. Hồ Chí Minh,2026,17.75,confirmed_2_sources,1,,27500000.0,27500000.0,estimated,Kinh tế - Kinh doanh - Quản trị - Marketing - Thương mại,train
MBS:7340201,MBS,7340201,Tài chính – Ngân hàng,7340201,tai_chinh,international,,A00;A01;X06;D07;X10;D08;X26;C01;C02;B03;D01;X02;X03;X04;X07;X08;X11;X12,A00,"Học bằng tiếng Anh (thường cần trình độ tiếng Anh tốt, có thể yêu cầu IELTS/chứng chỉ khi nhập học) | Chương trình liên kết/quốc tế: học phí cao hơn chương trình chuẩn",https://diemthi.vnexpress.net/tra-cuu-dai-hoc/loadbenchmark/id/275/year/2026/sortby/1/block_name/-1,Trường Đại học Mở tp. Hồ Chí Minh,TP. Hồ Chí Minh,2026,23.75,confirmed_2_sources,7,,27500000.0,27500000.0,observed,Tài chính - Ngân hàng - Kế toán - Kiểm toán - Bảo hiểm,train
MBS:7340201C,MBS,7340201C,Tài chính – Ngân hàng (Chương trình chất lượng cao),7340201,tai_chinh,international,,A01;D07;D08;D09;D01;X27;X25;X26;X79;A00;X06;X10;X02;D10;X28,A01,"Học bằng tiếng Anh (thường cần trình độ tiếng Anh tốt, có thể yêu cầu IELTS/chứng chỉ khi nhập học) | Chương trình liên kết/quốc tế: học phí cao hơn chương trình chuẩn",https://diemthi.vnexpress.net/tra-cuu-dai-hoc/loadbenchmark/id/275/year/2026/sortby/1/block_name/-1,Trường Đại học Mở tp. Hồ Chí Minh,TP. Hồ Chí Minh,2026,17.75,confirmed_2_sources,7,,46500000.0,46500000.0,observed,Tài chính - Ngân hàng - Kế toán - Kiểm toán - Bảo hiểm,train
MBS:7340201D,MBS,7340201D,Tài chính ngân hàng,7340201,tai_chinh,international,,A00;A01;D01;D07;X06;X10;X02;X26;B08;D08;C01;C02,A00,"Học bằng tiếng Anh (thường cần trình độ tiếng Anh tốt, có thể yêu cầu IELTS/chứng chỉ khi nhập học) | Chương trình liên kết/quốc tế: học phí cao hơn chương trình chuẩn",https://diemthi.vnexpress.net/tra-cuu-dai-hoc/loadbenchmark/id/275/year/2026/sortby/1/block_name/-1,Trường Đại học Mở tp. Hồ Chí Minh,TP. Hồ Chí Minh,2026,18.5,confirmed_2_sources,1,,27500000.0,27500000.0,estimated,Tài chính - Ngân hàng - Kế toán - Kiểm toán - Bảo hiểm,train
MBS:7340201FL,MBS,7340201FL,Tài chính ngân hàng - CTLK ĐH Flinders,7340201,tai_chinh,international,,A01;D01;D07;D09;D08;X27;X26;D10;X25,A01,"Học bằng tiếng Anh (thường cần trình độ tiếng Anh tốt, có thể yêu cầu IELTS/chứng chỉ khi nhập học) | Chương trình liên kết/quốc tế: học phí cao hơn chương trình chuẩn",https://diemthi.vnexpress.net/tra-cuu-dai-hoc/loadbenchmark/id/275/year/2026/sortby/1/block_name/-1,Trường Đại học Mở tp. Hồ Chí Minh,TP. Hồ Chí Minh,2026,15.75,confirmed_2_sources,1,,27500000.0,27500000.0,estimated,Tài chính - Ngân hàng - Kế toán - Kiểm toán - Bảo hiểm,train
MBS:7340204,MBS,7340204,Bảo hiểm,7340204,tai_chinh,international,,A00;A01;X06;D07;X10;D08;X26;C01;C02;B03;D01;X02;X03;X04;X07;X08;X11;X12,A00,"Học bằng tiếng Anh (thường cần trình độ tiếng Anh tốt, có thể yêu cầu IELTS/chứng chỉ khi nhập học) | Chương trình liên kết/quốc tế: học phí cao hơn chương trình chuẩn",https://diemthi.vnexpress.net/tra-cuu-dai-hoc/loadbenchmark/id/275/year/2026/sortby/1/block_name/-1,Trường Đại học Mở tp. Hồ Chí Minh,TP. Hồ Chí Minh,2026,20.5,confirmed_2_sources,3,,27500000.0,27500000.0,observed,Tài chính - Ngân hàng - Kế toán - Kiểm toán - Bảo hiểm,train
MBS:7340205,MBS,7340205,Công nghệ tài chính,7340205,tai_chinh,international,,A00;A01;X06;D07;X10;D08;X26;C01;C02;B03;D01;X02;X03;X04;X07;X08;X11;X12,A00,"Học bằng tiếng Anh (thường cần trình độ tiếng Anh tốt, có thể yêu cầu IELTS/chứng chỉ khi nhập học) | Chương trình liên kết/quốc tế: học phí cao hơn chương trình chuẩn",https://diemthi.vnexpress.net/tra-cuu-dai-hoc/loadbenchmark/id/275/year/2026/sortby/1/block_name/-1,Trường Đại học Mở tp. Hồ Chí Minh,TP. Hồ Chí Minh,2026,22.5,confirmed_2_sources,3,,27500000.0,27500000.0,observed,Tài chính - Ngân hàng - Kế toán - Kiểm toán - Bảo hiểm,train
MBS:7340301,MBS,7340301,Kế toán,7340301,tai_chinh,international,,A00;A01;X06;D07;X10;D08;X26;C01;C02;B03;D01;X02;X25;X79,A00,"Học bằng tiếng Anh (thường cần trình độ tiếng Anh tốt, có thể yêu cầu IELTS/chứng chỉ khi nhập học) | Chương trình liên kết/quốc tế: học phí cao hơn chương trình chuẩn",https://diemthi.vnexpress.net/tra-cuu-dai-hoc/loadbenchmark/id/275/year/2026/sortby/1/block_name/-1,Trường Đại học Mở tp. Hồ Chí Minh,TP. Hồ Chí Minh,2026,24.15,confirmed_2_sources,7,,27500000.0,27500000.0,observed,Tài chính - Ngân hàng - Kế toán - Kiểm toán - Bảo hiểm,train
MBS:7340301C,MBS,7340301C,Kế toán (CT chất lượng cao),7340301,tai_chinh,international,,A01;D07;D08;D09;D01;X27;X25;X26;X79;A00;X06;X10;X02;X78;X28,A01,"Học bằng tiếng Anh (thường cần trình độ tiếng Anh tốt, có thể yêu cầu IELTS/chứng chỉ khi nhập học) | Chương trình liên kết/quốc tế: học phí cao hơn chương trình chuẩn",https://diemthi.vnexpress.net/tra-cuu-dai-hoc/loadbenchmark/id/275/year/2026/sortby/1/block_name/-1,Trường Đại học Mở tp. Hồ Chí Minh,TP. Hồ Chí Minh,2026,16.75,confirmed_2_sources,7,,46500000.0,46500000.0,observed,Tài chính - Ngân hàng - Kế toán - Kiểm toán - Bảo hiểm,train
MBS:7340301D,MBS,7340301D,Kế toán (hệ Đại trà),7340301,tai_chinh,international,,A00;A01;D01;D07;X06;X10;X02;X26;B08;D08;C01;C02,A00,"Học bằng tiếng Anh (thường cần trình độ tiếng Anh tốt, có thể yêu cầu IELTS/chứng chỉ khi nhập học) | Chương trình liên kết/quốc tế: học phí cao hơn chương trình chuẩn",https://diemthi.vnexpress.net/tra-cuu-dai-hoc/loadbenchmark/id/275/year/2026/sortby/1/block_name/-1,Trường Đại học Mở tp. Hồ Chí Minh,TP. Hồ Chí Minh,2026,19.5,confirmed_2_sources,1,,27500000.0,27500000.0,estimated,Tài chính - Ngân hàng - Kế toán - Kiểm toán - Bảo hiểm,train
MBS:7340302,MBS,7340302,Kiểm toán,7340302,tai_chinh,international,,A00;A01;X06;D07;X10;D08;X26;C01;C02;B03;D01;X02;X25;X79,A00,"Học bằng tiếng Anh (thường cần trình độ tiếng Anh tốt, có thể yêu cầu IELTS/chứng chỉ khi nhập học) | Chương trình liên kết/quốc tế: học phí cao hơn chương trình chuẩn",https://diemthi.vnexpress.net/tra-cuu-dai-hoc/loadbenchmark/id/275/year/2026/sortby/1/block_name/-1,Trường Đại học Mở tp. Hồ Chí Minh,TP. Hồ Chí Minh,2026,23.8,confirmed_2_sources,6,,27500000.0,27500000.0,observed,Tài chính - Ngân hàng - Kế toán - Kiểm toán - Bảo hiểm,train
MBS:7340302C,MBS,7340302C,Kiểm toán,7340302,tai_chinh,international,,A01;D07;D08;D09;D01;X27;X25;X26;X79;A00;X06;X10;X02;X78;X28,A01,"Học bằng tiếng Anh (thường cần trình độ tiếng Anh tốt, có thể yêu cầu IELTS/chứng chỉ khi nhập học) | Chương trình liên kết/quốc tế: học phí cao hơn chương trình chuẩn",https://diemthi.vnexpress.net/tra-cuu-dai-hoc/loadbenchmark/id/275/year/2026/sortby/1/block_name/-1,Trường Đại học Mở tp. Hồ Chí Minh,TP. Hồ Chí Minh,2026,17.7,confirmed_2_sources,3,,46500000.0,46500000.0,observed,Tài chính - Ngân hàng - Kế toán - Kiểm toán - Bảo hiểm,train
MBS:7340403,MBS,7340403,Quản lý công,7340403,xa_hoi,international,,A00;A01;X06;D07;D01;D10;X10;X26;X11;X07;D09,A00,"Học bằng tiếng Anh (thường cần trình độ tiếng Anh tốt, có thể yêu cầu IELTS/chứng chỉ khi nhập học) | Chương trình liên kết/quốc tế: học phí cao hơn chương trình chuẩn",https://diemthi.vnexpress.net/tra-cuu-dai-hoc/loadbenchmark/id/275/year/2026/sortby/1/block_name/-1,Trường Đại học Mở tp. Hồ Chí Minh,TP. Hồ Chí Minh,2026,19.6,confirmed_2_sources,5,,24000000.0,24000000.0,observed,Khoa học xã hội - Tâm lý - Nhân văn - Chính trị - Hành chính,train
MBS:7340404,MBS,7340404,Quản trị nhân lực,7340404,kinh_te,international,,A00;A01;X06;D07;X10;D08;X26;C01;C02;B03;D01;X02;C03;D09;X27;X56;X79,A00,"Học bằng tiếng Anh (thường cần trình độ tiếng Anh tốt, có thể yêu cầu IELTS/chứng chỉ khi nhập học) | Chương trình liên kết/quốc tế: học phí cao hơn chương trình chuẩn",https://diemthi.vnexpress.net/tra-cuu-dai-hoc/loadbenchmark/id/275/year/2026/sortby/1/block_name/-1,Trường Đại học Mở tp. Hồ Chí Minh,TP. Hồ Chí Minh,2026,23.9,confirmed_2_sources,7,,27500000.0,27500000.0,observed,Kinh tế - Kinh doanh - Quản trị - Marketing - Thương mại,train
MBS:7340404C,MBS,7340404C,Quản trị nhân lực và văn phòng,7340404,kinh_te,international,,A01;D07;D08;D09;D01;X27;X25;X26;X79;A00;X06;X10;X02,A01,"Học bằng tiếng Anh (thường cần trình độ tiếng Anh tốt, có thể yêu cầu IELTS/chứng chỉ khi nhập học) | Chương trình liên kết/quốc tế: học phí cao hơn chương trình chuẩn",https://diemthi.vnexpress.net/tra-cuu-dai-hoc/loadbenchmark/id/275/year/2026/sortby/1/block_name/-1,Trường Đại học Mở tp. Hồ Chí Minh,TP. Hồ Chí Minh,2026,19.7,confirmed_2_sources,1,,27500000.0,27500000.0,estimated,Kinh tế - Kinh doanh - Quản trị - Marketing - Thương mại,train
MBS:7340405,MBS,7340405,Hệ thống thông tin,7340405,cntt,international,,A00;A01;X06;D07;X10;B00;X26;D10;X22;X27;X28;X56;X57;D01;X02;B03;D08;X14;C01;C02,A00,"Học bằng tiếng Anh (thường cần trình độ tiếng Anh tốt, có thể yêu cầu IELTS/chứng chỉ khi nhập học) | Chương trình liên kết/quốc tế: học phí cao hơn chương trình chuẩn",https://diemthi.vnexpress.net/tra-cuu-dai-hoc/loadbenchmark/id/275/year/2026/sortby/1/block_name/-1,Trường Đại học Mở tp. Hồ Chí Minh,TP. Hồ Chí Minh,2026,21.4,confirmed_2_sources,7,,28500000.0,28500000.0,observed,Công nghệ thông tin - Máy tính - Dữ liệu - AI,train
MBS:7340405C,MBS,7340405C,Hệ thống thông tin quản lý Chương trình Tiên tiến,7340405,cntt,international,,A00;A01;X06;D07;X10;B00;X26;D10;X22;X27;X28;X56;X57;D01;X02;B03;D08;X14,A00,"Học bằng tiếng Anh (thường cần trình độ tiếng Anh tốt, có thể yêu cầu IELTS/chứng chỉ khi nhập học) | Chương trình liên kết/quốc tế: học phí cao hơn chương trình chuẩn",https://diemthi.vnexpress.net/tra-cuu-dai-hoc/loadbenchmark/id/275/year/2026/sortby/1/block_name/-1,Trường Đại học Mở tp. Hồ Chí Minh,TP. Hồ Chí Minh,2026,17.0,confirmed_2_sources,1,,27500000.0,27500000.0,estimated,Công nghệ thông tin - Máy tính - Dữ liệu - AI,train
MBS:7380101,MBS,7380101,Ngành Luật,7380101,luat,international,,D01;C03;X01;X70;D14;X78;C00;X02;X79;X87;X95;X99;A00;A01;D03;D05;D06,D01,"Học bằng tiếng Anh (thường cần trình độ tiếng Anh tốt, có thể yêu cầu IELTS/chứng chỉ khi nhập học) | Chương trình liên kết/quốc tế: học phí cao hơn chương trình chuẩn",https://diemthi.vnexpress.net/tra-cuu-dai-hoc/loadbenchmark/id/275/year/2026/sortby/1/block_name/-1,Trường Đại học Mở tp. Hồ Chí Minh,TP. Hồ Chí Minh,2026,23.85,confirmed_2_sources,7,,27500000.0,27500000.0,observed,Luật,train
MBS:7380107,MBS,7380107,Luật kinh tế,7380107,luat,international,,D01;C03;X01;X70;D14;X78;C00;X02;X79;X87;X95;X99;A00;A01;D03;D05;D06,D01,"Học bằng tiếng Anh (thường cần trình độ tiếng Anh tốt, có thể yêu cầu IELTS/chứng chỉ khi nhập học) | Chương trình liên kết/quốc tế: học phí cao hơn chương trình chuẩn",https://diemthi.vnexpress.net/tra-cuu-dai-hoc/loadbenchmark/id/275/year/2026/sortby/1/block_name/-1,Trường Đại học Mở tp. Hồ Chí Minh,TP. Hồ Chí Minh,2026,23.6,confirmed_2_sources,7,,27500000.0,27500000.0,observed,Luật,train
MBS:7380107C,MBS,7380107C,Luật kinh tế (CT chất lượng cao),7380107,luat,international,,D01;D14;X78;D15;D11;X79;X80;D12;C01;C00;X70;A01;D07;A00;C03;X01,D01,"Học bằng tiếng Anh (thường cần trình độ tiếng Anh tốt, có thể yêu cầu IELTS/chứng chỉ khi nhập học) | Chương trình liên kết/quốc tế: học phí cao hơn chương trình chuẩn",https://diemthi.vnexpress.net/tra-cuu-dai-hoc/loadbenchmark/id/275/year/2026/sortby/1/block_name/-1,Trường Đại học Mở tp. Hồ Chí Minh,TP. Hồ Chí Minh,2026,20.0,confirmed_2_sources,7,,27500000.0,27500000.0,observed,Luật,train
MBS:7420201,MBS,7420201,Công nghệ sinh học,7420201,sinh_hoa,international,,A00;B00;X11;X12;X10;C02;A02;X07;X08;C01;B08;B03;X14;X15;X16;X27;X28;D07;D08;X56;X57,A00,"Học bằng tiếng Anh (thường cần trình độ tiếng Anh tốt, có thể yêu cầu IELTS/chứng chỉ khi nhập học) | Chương trình liên kết/quốc tế: học phí cao hơn chương trình chuẩn",https://diemthi.vnexpress.net/tra-cuu-dai-hoc/loadbenchmark/id/275/year/2026/sortby/1/block_name/-1,Trường Đại học Mở tp. Hồ Chí Minh,TP. Hồ Chí Minh,2026,20.35,confirmed_2_sources,7,,28500000.0,28500000.0,observed,Sinh học - Hóa học - Công nghệ sinh học - Thực phẩm,train
MBS:7420201C,MBS,7420201C,Công nghệ sinh học,7420201,sinh_hoa,international,,A00;B00;D07;X11;X12;X10;C02;A02;X07;X08;C01;D08;B03;X14;X15;X16;X27;A01;B08;X28;X56,A00,"Học bằng tiếng Anh (thường cần trình độ tiếng Anh tốt, có thể yêu cầu IELTS/chứng chỉ khi nhập học) | Chương trình liên kết/quốc tế: học phí cao hơn chương trình chuẩn",https://diemthi.vnexpress.net/tra-cuu-dai-hoc/loadbenchmark/id/275/year/2026/sortby/1/block_name/-1,Trường Đại học Mở tp. Hồ Chí Minh,TP. Hồ Chí Minh,2026,16.5,confirmed_2_sources,7,,46500000.0,46500000.0,observed,Sinh học - Hóa học - Công nghệ sinh học - Thực phẩm,train
MBS:7420203,MBS,7420203,Sinh học ứng dụng,7420203,sinh_hoa,international,,A00;B00;D07;X11;X12;X10;C02;A02;X07;X08;C01;D08;B03;X14;X15;X16;X27,A00,"Học bằng tiếng Anh (thường cần trình độ tiếng Anh tốt, có thể yêu cầu IELTS/chứng chỉ khi nhập học) | Chương trình liên kết/quốc tế: học phí cao hơn chương trình chuẩn",https://diemthi.vnexpress.net/tra-cuu-dai-hoc/loadbenchmark/id/275/year/2026/sortby/1/block_name/-1,Trường Đại học Mở tp. Hồ Chí Minh,TP. Hồ Chí Minh,2026,15.5,confirmed_2_sources,1,,27500000.0,27500000.0,estimated,Sinh học - Hóa học - Công nghệ sinh học - Thực phẩm,train
MBS:7460108,MBS,7460108,Khoa học dữ liệu (Data Science),7460108,cntt,international,,C01;C02;B03;X02;D01;A00;A01;D07;X06;X10;X26,C01,"Học bằng tiếng Anh (thường cần trình độ tiếng Anh tốt, có thể yêu cầu IELTS/chứng chỉ khi nhập học) | Chương trình liên kết/quốc tế: học phí cao hơn chương trình chuẩn",https://diemthi.vnexpress.net/tra-cuu-dai-hoc/loadbenchmark/id/275/year/2026/sortby/1/block_name/-1,Trường Đại học Mở tp. Hồ Chí Minh,TP. Hồ Chí Minh,2026,21.25,confirmed_2_sources,4,,28500000.0,28500000.0,observed,Công nghệ thông tin - Máy tính - Dữ liệu - AI,train
MBS:7460112,MBS,7460112,ĐH Toán ứng dụng,7460112,khoa_hoc_tn,international,,C01;C02;B03;X02;D01,C01,"Học bằng tiếng Anh (thường cần trình độ tiếng Anh tốt, có thể yêu cầu IELTS/chứng chỉ khi nhập học) | Chương trình liên kết/quốc tế: học phí cao hơn chương trình chuẩn",https://diemthi.vnexpress.net/tra-cuu-dai-hoc/loadbenchmark/id/275/year/2026/sortby/1/block_name/-1,Trường Đại học Mở tp. Hồ Chí Minh,TP. Hồ Chí Minh,2026,22.5,confirmed_2_sources,1,,27500000.0,27500000.0,estimated,Khoa học tự nhiên - Toán - Vật lý - Thống kê,train
MBS:7480101,MBS,7480101,Khoa học máy tính,7480101,cntt,international,,A00;A01;X06;D07;X10;B00;X26;D10;X22;X27;X28;X56;X57;D01;X02;B03;D08;X14;C01;C02,A00,"Học bằng tiếng Anh (thường cần trình độ tiếng Anh tốt, có thể yêu cầu IELTS/chứng chỉ khi nhập học) | Chương trình liên kết/quốc tế: học phí cao hơn chương trình chuẩn",https://diemthi.vnexpress.net/tra-cuu-dai-hoc/loadbenchmark/id/275/year/2026/sortby/1/block_name/-1,Trường Đại học Mở tp. Hồ Chí Minh,TP. Hồ Chí Minh,2026,20.5,confirmed_2_sources,6,,28500000.0,28500000.0,observed,Công nghệ thông tin - Máy tính - Dữ liệu - AI,train
MBS:7480101C,MBS,7480101C,Quản trị kinh doanh - CLC,7480101,kinh_te,international,,A00;A01;X06;D07;X10;B00;X26;D10;X22;X27;X28;X56;X57;D01;X02;B03;D08;X14;C01;C02,A00,"Học bằng tiếng Anh (thường cần trình độ tiếng Anh tốt, có thể yêu cầu IELTS/chứng chỉ khi nhập học) | Chương trình liên kết/quốc tế: học phí cao hơn chương trình chuẩn",https://diemthi.vnexpress.net/tra-cuu-dai-hoc/loadbenchmark/id/275/year/2026/sortby/1/block_name/-1,Trường Đại học Mở tp. Hồ Chí Minh,TP. Hồ Chí Minh,2026,17.0,confirmed_2_sources,3,,27500000.0,27500000.0,estimated,Kinh tế - Kinh doanh - Quản trị - Marketing - Thương mại,train
MBS:7480103,MBS,7480103,Kỹ thuật phần mềm,7480103,cntt,international,,A00;A01;X06;D07;X10;B00;X26;D10;X22;X27;X28;X56;X57;D01;X02;B03;D08;X14;C01;C02,A00,"Học bằng tiếng Anh (thường cần trình độ tiếng Anh tốt, có thể yêu cầu IELTS/chứng chỉ khi nhập học) | Chương trình liên kết/quốc tế: học phí cao hơn chương trình chuẩn",https://diemthi.vnexpress.net/tra-cuu-dai-hoc/loadbenchmark/id/275/year/2026/sortby/1/block_name/-1,Trường Đại học Mở tp. Hồ Chí Minh,TP. Hồ Chí Minh,2026,21.7,confirmed_2_sources,2,,28500000.0,28500000.0,observed,Công nghệ thông tin - Máy tính - Dữ liệu - AI,train
MBS:7480107,MBS,7480107,Trí tuệ nhân tạo,7480107,cntt,international,,A00;A01;X06;D07;X10;B00;X26;D10;X22;X27;X28;X56;X57;D01;X02;B03;D08;X14;C01;C02,A00,"Học bằng tiếng Anh (thường cần trình độ tiếng Anh tốt, có thể yêu cầu IELTS/chứng chỉ khi nhập học) | Chương trình liên kết/quốc tế: học phí cao hơn chương trình chuẩn",https://diemthi.vnexpress.net/tra-cuu-dai-hoc/loadbenchmark/id/275/year/2026/sortby/1/block_name/-1,Trường Đại học Mở tp. Hồ Chí Minh,TP. Hồ Chí Minh,2026,22.5,confirmed_2_sources,3,,28500000.0,28500000.0,observed,Công nghệ thông tin - Máy tính - Dữ liệu - AI,train
MBS:7480201,MBS,7480201,Công nghệ thông tin,7480201,cntt,international,,A00;A01;X06;D07;X10;B00;X26;D10;X22;X27;X28;X56;X57;D01;X02;B03;D08;X14;C01;C02,A00,"Học bằng tiếng Anh (thường cần trình độ tiếng Anh tốt, có thể yêu cầu IELTS/chứng chỉ khi nhập học) | Chương trình liên kết/quốc tế: học phí cao hơn chương trình chuẩn",https://diemthi.vnexpress.net/tra-cuu-dai-hoc/loadbenchmark/id/275/year/2026/sortby/1/block_name/-1,Trường Đại học Mở tp. Hồ Chí Minh,TP. Hồ Chí Minh,2026,21.5,confirmed_2_sources,7,,28500000.0,28500000.0,observed,Công nghệ thông tin - Máy tính - Dữ liệu - AI,train
MBS:7480201C,MBS,7480201C,Công nghệ thông tin (CTCLC),7480201,cntt,international,,A00;A01;X06;D07;X10;B00;X26;D10;X22;X27;X28;X56;X57;D01;X02;B03;D08;X14;B08,A00,"Học bằng tiếng Anh (thường cần trình độ tiếng Anh tốt, có thể yêu cầu IELTS/chứng chỉ khi nhập học) | Chương trình liên kết/quốc tế: học phí cao hơn chương trình chuẩn",https://diemthi.vnexpress.net/tra-cuu-dai-hoc/loadbenchmark/id/275/year/2026/sortby/1/block_name/-1,Trường Đại học Mở tp. Hồ Chí Minh,TP. Hồ Chí Minh,2026,17.75,confirmed_2_sources,2,,49500000.0,49500000.0,observed,Công nghệ thông tin - Máy tính - Dữ liệu - AI,train
MBS:7480202,MBS,7480202,An toàn thông tin,7480202,cntt,international,,A00;A01;X06;D07;X10;B00;X26;D10;X22;X27;X28;X56;X57;D01;X02;B03;D08;X14,A00,"Học bằng tiếng Anh (thường cần trình độ tiếng Anh tốt, có thể yêu cầu IELTS/chứng chỉ khi nhập học) | Chương trình liên kết/quốc tế: học phí cao hơn chương trình chuẩn",https://diemthi.vnexpress.net/tra-cuu-dai-hoc/loadbenchmark/id/275/year/2026/sortby/1/block_name/-1,Trường Đại học Mở tp. Hồ Chí Minh,TP. Hồ Chí Minh,2026,21.25,confirmed_2_sources,1,,27500000.0,27500000.0,estimated,Công nghệ thông tin - Máy tính - Dữ liệu - AI,train
MBS:7510102,MBS,7510102,Công nghệ kỹ thuật xây dựng dân dụng và công nghiệp,7510102,xay_dung,international,,A00;A01;D01;D07;X06;X10;X02;X26;X07;X11;X27;X56,A00,"Học bằng tiếng Anh (thường cần trình độ tiếng Anh tốt, có thể yêu cầu IELTS/chứng chỉ khi nhập học) | Chương trình liên kết/quốc tế: học phí cao hơn chương trình chuẩn",https://diemthi.vnexpress.net/tra-cuu-dai-hoc/loadbenchmark/id/275/year/2026/sortby/1/block_name/-1,Trường Đại học Mở tp. Hồ Chí Minh,TP. Hồ Chí Minh,2026,17.0,confirmed_2_sources,7,,28500000.0,28500000.0,observed,Kiến trúc - Xây dựng - Giao thông - Quy hoạch,train
MBS:7510102C,MBS,7510102C,CNKT công trình xây dựng CLC,7510102,xay_dung,international,,A00;A01;D01;D07;X06;X10;X02;X26;X07;X11;X27;X56,A00,"Học bằng tiếng Anh (thường cần trình độ tiếng Anh tốt, có thể yêu cầu IELTS/chứng chỉ khi nhập học) | Chương trình liên kết/quốc tế: học phí cao hơn chương trình chuẩn",https://diemthi.vnexpress.net/tra-cuu-dai-hoc/loadbenchmark/id/275/year/2026/sortby/1/block_name/-1,Trường Đại học Mở tp. Hồ Chí Minh,TP. Hồ Chí Minh,2026,15.0,confirmed_2_sources,7,,49500000.0,49500000.0,observed,Kiến trúc - Xây dựng - Giao thông - Quy hoạch,train
MBS:7510605,MBS,7510605,Logistics và Quản lý chuỗi cung ứng,7510605,du_lich,international,,A00;A01;X06;D07;X10;X26;D10;X22;X27;X56;D01;X02;X79,A00,"Học bằng tiếng Anh (thường cần trình độ tiếng Anh tốt, có thể yêu cầu IELTS/chứng chỉ khi nhập học) | Chương trình liên kết/quốc tế: học phí cao hơn chương trình chuẩn",https://diemthi.vnexpress.net/tra-cuu-dai-hoc/loadbenchmark/id/275/year/2026/sortby/1/block_name/-1,Trường Đại học Mở tp. Hồ Chí Minh,TP. Hồ Chí Minh,2026,24.9,confirmed_2_sources,6,,27500000.0,27500000.0,observed,Du lịch - Khách sạn - Logistics - Hàng không - Dịch vụ,train
MBS:7540101,MBS,7540101,Công nghệ thực phẩm,7540101,sinh_hoa,international,,A00;B00;D07;X11;X12;X10;C02;A02;D08;A01,A00,"Học bằng tiếng Anh (thường cần trình độ tiếng Anh tốt, có thể yêu cầu IELTS/chứng chỉ khi nhập học) | Chương trình liên kết/quốc tế: học phí cao hơn chương trình chuẩn",https://diemthi.vnexpress.net/tra-cuu-dai-hoc/loadbenchmark/id/275/year/2026/sortby/1/block_name/-1,Trường Đại học Mở tp. Hồ Chí Minh,TP. Hồ Chí Minh,2026,21.0,confirmed_2_sources,6,,28500000.0,28500000.0,observed,Sinh học - Hóa học - Công nghệ sinh học - Thực phẩm,train
MBS:7580201,MBS,7580201,Kỹ thuật xây dựng,7580201,xay_dung,international,,A00;A01;D01;D07;X06;X10;X02;X26,A00,"Học bằng tiếng Anh (thường cần trình độ tiếng Anh tốt, có thể yêu cầu IELTS/chứng chỉ khi nhập học) | Chương trình liên kết/quốc tế: học phí cao hơn chương trình chuẩn",https://diemthi.vnexpress.net/tra-cuu-dai-hoc/loadbenchmark/id/275/year/2026/sortby/1/block_name/-1,Trường Đại học Mở tp. Hồ Chí Minh,TP. Hồ Chí Minh,2026,18.5,confirmed_2_sources,1,,27500000.0,27500000.0,estimated,Kiến trúc - Xây dựng - Giao thông - Quy hoạch,train
MBS:7580302,MBS,7580302,Quản lý xây dựng,7580302,xay_dung,international,,A00;A01;D01;D07;X06;X10;X02;X26;X07;X11;X27;X56,A00,"Học bằng tiếng Anh (thường cần trình độ tiếng Anh tốt, có thể yêu cầu IELTS/chứng chỉ khi nhập học) | Chương trình liên kết/quốc tế: học phí cao hơn chương trình chuẩn",https://diemthi.vnexpress.net/tra-cuu-dai-hoc/loadbenchmark/id/275/year/2026/sortby/1/block_name/-1,Trường Đại học Mở tp. Hồ Chí Minh,TP. Hồ Chí Minh,2026,17.25,confirmed_2_sources,7,,28500000.0,28500000.0,observed,Kiến trúc - Xây dựng - Giao thông - Quy hoạch,train
MBS:7760101,MBS,7760101,Công tác xã hội,7760101,xa_hoi,international,,D01;C00;D14;D15;X01;X78;X70;X74;D02;D03;D04;D05;D06;D61;D62;D63;D64;D65;D41;D42;D43;D44;D45;X82;X86;X90;X94;X98;Y03;A01;D22,D01,"Học bằng tiếng Anh (thường cần trình độ tiếng Anh tốt, có thể yêu cầu IELTS/chứng chỉ khi nhập học) | Chương trình liên kết/quốc tế: học phí cao hơn chương trình chuẩn",https://diemthi.vnexpress.net/tra-cuu-dai-hoc/loadbenchmark/id/275/year/2026/sortby/1/block_name/-1,Trường Đại học Mở tp. Hồ Chí Minh,TP. Hồ Chí Minh,2026,22.5,confirmed_2_sources,7,,24000000.0,24000000.0,observed,Khoa học xã hội - Tâm lý - Nhân văn - Chính trị - Hành chính,train
MBS:7810101,MBS,7810101,Du lịch,7810101,du_lich,international,,A00;A01;X06;D01;C03;D09;C04;D10;X27;X56;X26;D14;D15,A00,"Học bằng tiếng Anh (thường cần trình độ tiếng Anh tốt, có thể yêu cầu IELTS/chứng chỉ khi nhập học) | Chương trình liên kết/quốc tế: học phí cao hơn chương trình chuẩn",https://diemthi.vnexpress.net/tra-cuu-dai-hoc/loadbenchmark/id/275/year/2026/sortby/1/block_name/-1,Trường Đại học Mở tp. Hồ Chí Minh,TP. Hồ Chí Minh,2026,24.0,confirmed_2_sources,6,,27500000.0,27500000.0,observed,Du lịch - Khách sạn - Logistics - Hàng không - Dịch vụ,train
MDA:7220201,MDA,7220201,Ngôn ngữ Anh,7220201,ngon_ngu,standard,,D01;D09;D10;A01;D07;B08;X27;D14;D15,D01,,https://diemthi.vnexpress.net/tra-cuu-dai-hoc/loadbenchmark/id/400/year/2026/sortby/1/block_name/-1,Trường Đại học Mỏ - Địa chất,Hà Nội,2026,23.0,confirmed_2_sources,2,,,,missing,Ngôn ngữ - Văn hóa - Quốc tế học,val
MDA:7220204,MDA,7220204,Ngôn ngữ Trung Quốc,7220204,ngon_ngu,standard,,D01;D04;C01;C03;C04;B03;C02;C00;D09;D14,D01,,https://vietnamnet.vn/newsapi-edu/UniversityDetail/GetDetail?pageId=49ff289efde0446f9ae2f5c385595744&componentId=COMPONENT002302&keyword=MDA&year=2026&pageSize=25&pageIndex=4&typeOfTraining=0&subjectGroup=,Trường Đại học Mỏ - Địa chất,Hà Nội,2026,24.6,confirmed_2_sources,2,,,,missing,Ngôn ngữ - Văn hóa - Quốc tế học,val
MDA:7340101,MDA,7340101,Quản trị Kinh doanh,7340101,kinh_te,standard,,D01;C01;C04;X01;X02;C03;D04;C02;A00;A01;D07;D09;D10,D01,,https://diemthi.vnexpress.net/tra-cuu-dai-hoc/loadbenchmark/id/400/year/2026/sortby/1/block_name/-1,Trường Đại học Mỏ - Địa chất,Hà Nội,2026,22.6,confirmed_2_sources,6,,,,missing,Kinh tế - Kinh doanh - Quản trị - Marketing - Thương mại,val
MDA:7340201,MDA,7340201,Tài chính – Ngân hàng,7340201,tai_chinh,standard,,D01;C01;C04;X01;X02;C03;D04;C02;A00;A01;D07;D09;D10,D01,,https://diemthi.vnexpress.net/tra-cuu-dai-hoc/loadbenchmark/id/400/year/2026/sortby/1/block_name/-1,Trường Đại học Mỏ - Địa chất,Hà Nội,2026,23.15,confirmed_2_sources,8,,,,missing,Tài chính - Ngân hàng - Kế toán - Kiểm toán - Bảo hiểm,val
MDA:7340301,MDA,7340301,Kế toán,7340301,tai_chinh,standard,,D01;C01;C04;X01;X02;C03;D04;C02;A00;A01;D07;D09;D10,D01,,https://diemthi.vnexpress.net/tra-cuu-dai-hoc/loadbenchmark/id/400/year/2026/sortby/1/block_name/-1,Trường Đại học Mỏ - Địa chất,Hà Nội,2026,23.25,confirmed_2_sources,9,,,,missing,Tài chính - Ngân hàng - Kế toán - Kiểm toán - Bảo hiểm,val
MDA:7440201,MDA,7440201,Địa chất học,7440201,nong_lam_mt,standard,,C01;C02;C03;C04;D01;X02;X01;A00;D07;A04;A06;D10,C01,,https://diemthi.vnexpress.net/tra-cuu-dai-hoc/loadbenchmark/id/400/year/2026/sortby/1/block_name/-1,Trường Đại học Mỏ - Địa chất,Hà Nội,2026,18.0,confirmed_2_sources,8,,,,missing,Nông - Lâm - Thủy sản - Môi trường - Tài nguyên,val
MDA:7440229,MDA,7440229,Quản lý và phân tích dữ liệu khoa học trái đất,7440229,cntt,standard,,A00;A01;A02;A03;A04;C01;X06;D07;A06;B00;B02;B08,A00,,https://diemthi.vnexpress.net/tra-cuu-dai-hoc/loadbenchmark/id/400/year/2026/sortby/1/block_name/-1,Trường Đại học Mỏ - Địa chất,Hà Nội,2026,18.0,confirmed_2_sources,5,,,,missing,Công nghệ thông tin - Máy tính - Dữ liệu - AI,val
MDA:7460108,MDA,7460108,Khoa học dữ liệu (Data Science),7460108,cntt,standard,,A01;D01;B08;X25;X26;D10;D07;D09;A00,A01,,https://diemthi.vnexpress.net/tra-cuu-dai-hoc/loadbenchmark/id/400/year/2026/sortby/1/block_name/-1,Trường Đại học Mỏ - Địa chất,Hà Nội,2026,20.5,confirmed_2_sources,5,,,,missing,Công nghệ thông tin - Máy tính - Dữ liệu - AI,val
MDA:7480201,MDA,7480201,Công nghệ thông tin,7480201,cntt,standard,,A01;D01;B08;X25;X26;D10;D07;D09;A00,A01,,https://diemthi.vnexpress.net/tra-cuu-dai-hoc/loadbenchmark/id/400/year/2026/sortby/1/block_name/-1,Trường Đại học Mỏ - Địa chất,Hà Nội,2026,21.0,confirmed_2_sources,8,,,,missing,Công nghệ thông tin - Máy tính - Dữ liệu - AI,val
MDA:7480201TL,MDA,7480201TL,Trí tuệ nhân tạo ứng dụng và bản sao số trái đất,7480201,cntt,standard,,A00;C01;A01;A02;A03;A04;X06,A00,,https://diemthi.vnexpress.net/tra-cuu-dai-hoc/loadbenchmark/id/400/year/2026/sortby/1/block_name/-1,Trường Đại học Mỏ - Địa chất,Hà Nội,2026,21.35,confirmed_2_sources,1,,,,missing,Công nghệ thông tin - Máy tính - Dữ liệu - AI,val
MDA:7480206,MDA,7480206,Địa tin học,7480206,cntt,standard,,A00;A01;A02;A03;A04;X06;C01;C04;D01;D10;C02;C03,A00,,https://diemthi.vnexpress.net/tra-cuu-dai-hoc/loadbenchmark/id/400/year/2026/sortby/1/block_name/-1,Trường Đại học Mỏ - Địa chất,Hà Nội,2026,15.5,confirmed_2_sources,7,,,,missing,Công nghệ thông tin - Máy tính - Dữ liệu - AI,val
MDA:7510301,MDA,7510301,"Công nghệ kỹ thuật điện, điện tử",7510301,ky_thuat,standard,,A00;C01;A01;A02;A03;A04;X06;D01,A00,,https://diemthi.vnexpress.net/tra-cuu-dai-hoc/loadbenchmark/id/400/year/2026/sortby/1/block_name/-1,Trường Đại học Mỏ - Địa chất,Hà Nội,2026,23.75,confirmed_2_sources,5,,,,missing,"Kỹ thuật - Công nghệ (cơ khí, điện, điện tử, ô tô, tự động hóa, vật liệu)",val
MDA:7510401,MDA,7510401,Công nghệ kỹ thuật hoá học,7510401,sinh_hoa,standard,,A00;A01;A02;A03;A04;C01;X06;A06;B00;D07;A05;C02;X10,A00,,https://diemthi.vnexpress.net/tra-cuu-dai-hoc/loadbenchmark/id/400/year/2026/sortby/1/block_name/-1,Trường Đại học Mỏ - Địa chất,Hà Nội,2026,22.0,confirmed_2_sources,9,,,,missing,Sinh học - Hóa học - Công nghệ sinh học - Thực phẩm,val
MDA:7510402,MDA,7510402,Công nghệ vật liệu,7510402,ky_thuat,standard,,A00;A01;A02;A03;A04;X05;C01;X06,A00,,https://diemthi.vnexpress.net/tra-cuu-dai-hoc/loadbenchmark/id/400/year/2026/sortby/1/block_name/-1,Trường Đại học Mỏ - Địa chất,Hà Nội,2026,17.5,confirmed_2_sources,1,,,,missing,"Kỹ thuật - Công nghệ (cơ khí, điện, điện tử, ô tô, tự động hóa, vật liệu)",val
MDA:7510601,MDA,7510601,Quản lý công nghiệp,7510601,xa_hoi,standard,,D01;C01;C04;C02;X01;C03;D04;X02;A00;A01;D07;D09;D10,D01,,https://diemthi.vnexpress.net/tra-cuu-dai-hoc/loadbenchmark/id/400/year/2026/sortby/1/block_name/-1,Trường Đại học Mỏ - Địa chất,Hà Nội,2026,22.8,confirmed_2_sources,6,,,,missing,Khoa học xã hội - Tâm lý - Nhân văn - Chính trị - Hành chính,val
MDA:7520103,MDA,7520103,Kỹ thuật cơ khí,7520103,ky_thuat,standard,,A00;C01;A01;A02;A03;A04;X06;D01,A00,,https://diemthi.vnexpress.net/tra-cuu-dai-hoc/loadbenchmark/id/400/year/2026/sortby/1/block_name/-1,Trường Đại học Mỏ - Địa chất,Hà Nội,2026,23.5,confirmed_2_sources,8,,,,missing,"Kỹ thuật - Công nghệ (cơ khí, điện, điện tử, ô tô, tự động hóa, vật liệu)",val
MDA:7520107,MDA,7520107,Kỹ thuật Robot,7520107,cntt,standard,,A00;C01;A01;A02;A03;A04;X06;D01,A00,,https://diemthi.vnexpress.net/tra-cuu-dai-hoc/loadbenchmark/id/400/year/2026/sortby/1/block_name/-1,Trường Đại học Mỏ - Địa chất,Hà Nội,2026,21.75,confirmed_2_sources,2,,,,missing,Công nghệ thông tin - Máy tính - Dữ liệu - AI,val
MDA:7520114,MDA,7520114,Kỹ thuật cơ điện tử,7520114,ky_thuat,standard,,A00;C01;A01;A02;A03;A04;X06;D01,A00,,https://diemthi.vnexpress.net/tra-cuu-dai-hoc/loadbenchmark/id/400/year/2026/sortby/1/block_name/-1,Trường Đại học Mỏ - Địa chất,Hà Nội,2026,23.0,confirmed_2_sources,5,,,,missing,"Kỹ thuật - Công nghệ (cơ khí, điện, điện tử, ô tô, tự động hóa, vật liệu)",val
MDA:7520116,MDA,7520116,Kỹ thuật cơ khí động lực,7520116,ky_thuat,standard,,A00;C01;A01;A02;A03;A04;X06;D01,A00,,https://diemthi.vnexpress.net/tra-cuu-dai-hoc/loadbenchmark/id/400/year/2026/sortby/1/block_name/-1,Trường Đại học Mỏ - Địa chất,Hà Nội,2026,22.5,confirmed_2_sources,5,,,,missing,"Kỹ thuật - Công nghệ (cơ khí, điện, điện tử, ô tô, tự động hóa, vật liệu)",val
MDA:7520121,MDA,7520121,Kỹ thuật không gian,7520121,ky_thuat,standard,,D01;C04;C01;C02;C03;B03;A01;A04;B02;D10,D01,,https://diemthi.vnexpress.net/tra-cuu-dai-hoc/loadbenchmark/id/400/year/2026/sortby/1/block_name/-1,Trường Đại học Mỏ - Địa chất,Hà Nội,2026,20.0,confirmed_2_sources,2,,,,missing,"Kỹ thuật - Công nghệ (cơ khí, điện, điện tử, ô tô, tự động hóa, vật liệu)",val
MDA:7520130,MDA,7520130,Kỹ thuật ô tô,7520130,ky_thuat,standard,,A00;C01;A01;A02;A03;A04;X06;D01,A00,,https://diemthi.vnexpress.net/tra-cuu-dai-hoc/loadbenchmark/id/400/year/2026/sortby/1/block_name/-1,Trường Đại học Mỏ - Địa chất,Hà Nội,2026,21.0,confirmed_2_sources,5,,,,missing,"Kỹ thuật - Công nghệ (cơ khí, điện, điện tử, ô tô, tự động hóa, vật liệu)",val
MDA:7520201,MDA,7520201,Kỹ thuật điện,7520201,ky_thuat,standard,,A00;C01;A01;A02;A03;A04;X06;D01,A00,,https://diemthi.vnexpress.net/tra-cuu-dai-hoc/loadbenchmark/id/400/year/2026/sortby/1/block_name/-1,Trường Đại học Mỏ - Địa chất,Hà Nội,2026,24.0,confirmed_2_sources,8,,,,missing,"Kỹ thuật - Công nghệ (cơ khí, điện, điện tử, ô tô, tự động hóa, vật liệu)",val
MDA:7520216,MDA,7520216,Ngành Kỹ thuật điều khiển và Tự động hóa,7520216,ky_thuat,standard,,A00;C01;A01;A02;A03;A04;X06;D01,A00,,https://diemthi.vnexpress.net/tra-cuu-dai-hoc/loadbenchmark/id/400/year/2026/sortby/1/block_name/-1,Trường Đại học Mỏ - Địa chất,Hà Nội,2026,24.75,confirmed_2_sources,8,,,,missing,"Kỹ thuật - Công nghệ (cơ khí, điện, điện tử, ô tô, tự động hóa, vật liệu)",val
MDA:7520216TL,MDA,7520216TL,Kỹ thuật điều khiển và tự động hóa phục vụ công nghiệp khai khoáng và năng lượng,7520216,ky_thuat,standard,,A00;C01;A01;A02;A03;A04;X06,A00,,https://diemthi.vnexpress.net/tra-cuu-dai-hoc/loadbenchmark/id/400/year/2026/sortby/1/block_name/-1,Trường Đại học Mỏ - Địa chất,Hà Nội,2026,21.75,confirmed_2_sources,1,,,,missing,"Kỹ thuật - Công nghệ (cơ khí, điện, điện tử, ô tô, tự động hóa, vật liệu)",val
MDA:7520301,MDA,7520301,Kỹ thuật hóa học,7520301,sinh_hoa,standard,,A00;C02;A06;A05;D07;B00;X10;A01;A02,A00,,https://diemthi.vnexpress.net/tra-cuu-dai-hoc/loadbenchmark/id/400/year/2026/sortby/1/block_name/-1,Trường Đại học Mỏ - Địa chất,Hà Nội,2026,22.0,confirmed_2_sources,7,,,,missing,Sinh học - Hóa học - Công nghệ sinh học - Thực phẩm,val
MDA:7520309,MDA,7520309,Kỹ thuật vật liệu,7520309,ky_thuat,standard,,A00;A01;X06;X07;A02;C01;A04;A03;D01,A00,,https://diemthi.vnexpress.net/tra-cuu-dai-hoc/loadbenchmark/id/400/year/2026/sortby/1/block_name/-1,Trường Đại học Mỏ - Địa chất,Hà Nội,2026,21.0,confirmed_2_sources,2,,,,missing,"Kỹ thuật - Công nghệ (cơ khí, điện, điện tử, ô tô, tự động hóa, vật liệu)",val
MDA:7520320,MDA,7520320,Ngành Kỹ thuật môi trường,7520320,nong_lam_mt,standard,,C01;C02;B03;C03;C04;D01;X02;X03;A00;B00;A01;A04,C01,,https://diemthi.vnexpress.net/tra-cuu-dai-hoc/loadbenchmark/id/400/year/2026/sortby/1/block_name/-1,Trường Đại học Mỏ - Địa chất,Hà Nội,2026,16.5,confirmed_2_sources,8,,,,missing,Nông - Lâm - Thủy sản - Môi trường - Tài nguyên,val
MDA:7520501,MDA,7520501,Kỹ thuật địa chất,7520501,nong_lam_mt,standard,,C04;C01;D01;C02;C03;X02;X01;A00;A01;D07;D10,C04,,https://diemthi.vnexpress.net/tra-cuu-dai-hoc/loadbenchmark/id/400/year/2026/sortby/1/block_name/-1,Trường Đại học Mỏ - Địa chất,Hà Nội,2026,16.5,confirmed_2_sources,8,,,,missing,Nông - Lâm - Thủy sản - Môi trường - Tài nguyên,val
MDA:7520501TL,MDA,7520501TL,Kỹ thuật địa chất phục vụ công nghiệp đất hiếm và khoáng sản chiến lược,7520501,nong_lam_mt,standard,,A00;C01;A01;A02;A03;A04;X06,A00,,https://diemthi.vnexpress.net/tra-cuu-dai-hoc/loadbenchmark/id/400/year/2026/sortby/1/block_name/-1,Trường Đại học Mỏ - Địa chất,Hà Nội,2026,21.0,confirmed_2_sources,1,,,,missing,Nông - Lâm - Thủy sản - Môi trường - Tài nguyên,val
MDA:7520502,MDA,7520502,Kỹ thuật địa vật lý,7520502,khoa_hoc_tn,standard,,A00;A01;A02;A03;A04;C01;X06;D07;A06;B00;B02;B08,A00,,https://diemthi.vnexpress.net/tra-cuu-dai-hoc/loadbenchmark/id/400/year/2026/sortby/1/block_name/-1,Trường Đại học Mỏ - Địa chất,Hà Nội,2026,16.0,confirmed_2_sources,9,,,,missing,Khoa học tự nhiên - Toán - Vật lý - Thống kê,val
MDA:7520503,MDA,7520503,Kỹ thuật trắc địa – bản đồ,7520503,ky_thuat,standard,,A00;A01;A02;A04;A03;C01;C04;D01;D10,A00,,https://diemthi.vnexpress.net/tra-cuu-dai-hoc/loadbenchmark/id/400/year/2026/sortby/1/block_name/-1,Trường Đại học Mỏ - Địa chất,Hà Nội,2026,17.0,confirmed_2_sources,9,,,,missing,"Kỹ thuật - Công nghệ (cơ khí, điện, điện tử, ô tô, tự động hóa, vật liệu)",val
MDA:7520505,MDA,7520505,Đá quý Đá mỹ nghệ,7520505,ky_thuat,standard,,C01;C02;C03;C04;X01;D01;X02;X03;A00;D10;A04;D15,C01,,https://diemthi.vnexpress.net/tra-cuu-dai-hoc/loadbenchmark/id/400/year/2026/sortby/1/block_name/-1,Trường Đại học Mỏ - Địa chất,Hà Nội,2026,16.0,confirmed_2_sources,5,,,,missing,"Kỹ thuật - Công nghệ (cơ khí, điện, điện tử, ô tô, tự động hóa, vật liệu)",val
MDA:7520601,MDA,7520601,Kỹ thuật mỏ,7520601,ky_thuat,standard,,A00;A01;A02;A03;A04;X05;C01;X06;D01;B03;C02;C03;C04;D10,A00,,https://diemthi.vnexpress.net/tra-cuu-dai-hoc/loadbenchmark/id/400/year/2026/sortby/1/block_name/-1,Trường Đại học Mỏ - Địa chất,Hà Nội,2026,19.0,confirmed_2_sources,8,,,,missing,"Kỹ thuật - Công nghệ (cơ khí, điện, điện tử, ô tô, tự động hóa, vật liệu)",val
MDA:7520601TL,MDA,7520601TL,Kỹ thuật mỏ thông minh,7520601,ky_thuat,standard,,A00;C01;A01;A02;A03;A04;X06,A00,,https://diemthi.vnexpress.net/tra-cuu-dai-hoc/loadbenchmark/id/400/year/2026/sortby/1/block_name/-1,Trường Đại học Mỏ - Địa chất,Hà Nội,2026,23.0,confirmed_2_sources,1,,,,missing,"Kỹ thuật - Công nghệ (cơ khí, điện, điện tử, ô tô, tự động hóa, vật liệu)",val
MDA:7520604,MDA,7520604,Kỹ thuật dầu khí,7520604,ky_thuat,standard,,A00;A01;A02;A03;A04;C01;X06;D01;D07;B00;B02;B08;C02,A00,,https://diemthi.vnexpress.net/tra-cuu-dai-hoc/loadbenchmark/id/400/year/2026/sortby/1/block_name/-1,Trường Đại học Mỏ - Địa chất,Hà Nội,2026,20.5,confirmed_2_sources,9,,,,missing,"Kỹ thuật - Công nghệ (cơ khí, điện, điện tử, ô tô, tự động hóa, vật liệu)",val
MDA:7520605,MDA,7520605,Kỹ thuật khí thiên nhiên,7520605,ky_thuat,standard,,A00;A01;A02;A03;A04;C01;X06;D01;D07;B00;B02;B08;C02,A00,,https://diemthi.vnexpress.net/tra-cuu-dai-hoc/loadbenchmark/id/400/year/2026/sortby/1/block_name/-1,Trường Đại học Mỏ - Địa chất,Hà Nội,2026,16.0,confirmed_2_sources,5,,,,missing,"Kỹ thuật - Công nghệ (cơ khí, điện, điện tử, ô tô, tự động hóa, vật liệu)",val
MDA:7520606,MDA,7520606,Công nghệ số trong thăm dò và khai thác tài nguyên thiên nhiên,7520606,nong_lam_mt,standard,,A00;A01;A02;A03;A04;C01;X06;D01;D07;A06;B00;B02;B08,A00,,https://diemthi.vnexpress.net/tra-cuu-dai-hoc/loadbenchmark/id/400/year/2026/sortby/1/block_name/-1,Trường Đại học Mỏ - Địa chất,Hà Nội,2026,16.0,confirmed_2_sources,5,,,,missing,Nông - Lâm - Thủy sản - Môi trường - Tài nguyên,val
MDA:7520607,MDA,7520607,Kỹ thuật tuyển khoáng,7520607,ky_thuat,standard,,A00;A01;A02;A03;A04;X05;C01;X06;A06;B00;D07;B03;C02;C03;C04;D01;D10,A00,,https://diemthi.vnexpress.net/tra-cuu-dai-hoc/loadbenchmark/id/400/year/2026/sortby/1/block_name/-1,Trường Đại học Mỏ - Địa chất,Hà Nội,2026,17.5,confirmed_2_sources,8,,,,missing,"Kỹ thuật - Công nghệ (cơ khí, điện, điện tử, ô tô, tự động hóa, vật liệu)",val
MDA:7580106,MDA,7580106,Quản lý đô thị và công trình,7580106,xay_dung,standard,,C01;C04;D01;C02;X02;X01;C03;A00;A07;D07;D10,C01,,https://diemthi.vnexpress.net/tra-cuu-dai-hoc/loadbenchmark/id/400/year/2026/sortby/1/block_name/-1,Trường Đại học Mỏ - Địa chất,Hà Nội,2026,19.0,confirmed_2_sources,2,,,,missing,Kiến trúc - Xây dựng - Giao thông - Quy hoạch,val
MDA:7580109,MDA,7580109,Quản lý phát triển đô thị và bất động sản,7580109,xay_dung,standard,,D01;C04;C01;C02;C03;B03;A00;D10;A01,D01,,https://diemthi.vnexpress.net/tra-cuu-dai-hoc/loadbenchmark/id/400/year/2026/sortby/1/block_name/-1,Trường Đại học Mỏ - Địa chất,Hà Nội,2026,21.0,confirmed_2_sources,5,,,,missing,Kiến trúc - Xây dựng - Giao thông - Quy hoạch,val
MDA:7580201,MDA,7580201,Kỹ thuật xây dựng,7580201,xay_dung,standard,,A00;A01;A02;A03;A04;X05;C01;X06;C04;D01;C02,A00,,https://diemthi.vnexpress.net/tra-cuu-dai-hoc/loadbenchmark/id/400/year/2026/sortby/1/block_name/-1,Trường Đại học Mỏ - Địa chất,Hà Nội,2026,17.0,confirmed_2_sources,8,,,,missing,Kiến trúc - Xây dựng - Giao thông - Quy hoạch,val
MDA:7580201TL,MDA,7580201TL,Kỹ thuật xây dựng công trình ngầm,7580201,xay_dung,standard,,A00;C01;A01;A02;A03;A04;X06,A00,,https://diemthi.vnexpress.net/tra-cuu-dai-hoc/loadbenchmark/id/400/year/2026/sortby/1/block_name/-1,Trường Đại học Mỏ - Địa chất,Hà Nội,2026,21.0,confirmed_2_sources,1,,,,missing,Kiến trúc - Xây dựng - Giao thông - Quy hoạch,val
MDA:7580204,MDA,7580204,Xây dựng công trình ngầm thành phố và Hệ thống tàu điện ngầm,7580204,xay_dung,standard,,A00;A01;A02;A03;A04;X05;C01;X06;C04;D01;C02,A00,,https://diemthi.vnexpress.net/tra-cuu-dai-hoc/loadbenchmark/id/400/year/2026/sortby/1/block_name/-1,Trường Đại học Mỏ - Địa chất,Hà Nội,2026,16.0,confirmed_2_sources,5,,,,missing,Kiến trúc - Xây dựng - Giao thông - Quy hoạch,val
MDA:7580205,MDA,7580205,Kỹ thuật xây dựng công trình giao thông,7580205,xay_dung,standard,,A00;A01;A02;A03;A04;X05;C01;X06;C04;D01,A00,,https://diemthi.vnexpress.net/tra-cuu-dai-hoc/loadbenchmark/id/400/year/2026/sortby/1/block_name/-1,Trường Đại học Mỏ - Địa chất,Hà Nội,2026,16.0,confirmed_2_sources,5,,,,missing,Kiến trúc - Xây dựng - Giao thông - Quy hoạch,val
MDA:7580211,MDA,7580211,Kỹ thuật cơ sở hạ tầng,7580211,xay_dung,standard,hạ tầng,C04;C02;D01;C01;X02;X01;A00;A01;A02;D07;D10,C04,Học tại hạ tầng,https://diemthi.vnexpress.net/tra-cuu-dai-hoc/loadbenchmark/id/400/year/2026/sortby/1/block_name/-1,Trường Đại học Mỏ - Địa chất,Hà Nội,2026,18.0,confirmed_2_sources,7,,,,missing,Kiến trúc - Xây dựng - Giao thông - Quy hoạch,val
MDA:7580212,MDA,7580212,Kỹ thuật tài nguyên nước,7580212,nong_lam_mt,standard,,C04;C01;C02;D01;C03;X02;A00;A01;A04;D07,C04,,https://diemthi.vnexpress.net/tra-cuu-dai-hoc/loadbenchmark/id/400/year/2026/sortby/1/block_name/-1,Trường Đại học Mỏ - Địa chất,Hà Nội,2026,16.0,confirmed_2_sources,5,,,,missing,Nông - Lâm - Thủy sản - Môi trường - Tài nguyên,val
MDA:7580302,MDA,7580302,Quản lý xây dựng,7580302,xay_dung,standard,,A00;A01;A02;A03;A04;X05;C01;X06;C04;D01;C02,A00,,https://diemthi.vnexpress.net/tra-cuu-dai-hoc/loadbenchmark/id/400/year/2026/sortby/1/block_name/-1,Trường Đại học Mỏ - Địa chất,Hà Nội,2026,16.5,confirmed_2_sources,5,,,,missing,Kiến trúc - Xây dựng - Giao thông - Quy hoạch,val
MDA:7720203,MDA,7720203,Hoá dược,7720203,y_duoc,standard,,A00;D07;X10;X11;B00;C02;A06;A01;D01,A00,Khối sức khỏe: có ngưỡng điểm sàn của Bộ,https://diemthi.vnexpress.net/tra-cuu-dai-hoc/loadbenchmark/id/400/year/2026/sortby/1/block_name/-1,Trường Đại học Mỏ - Địa chất,Hà Nội,2026,21.5,confirmed_2_sources,5,,,,missing,Y - Dược - Điều dưỡng - Sức khỏe,val
MDA:7810105,MDA,7810105,Du lịch địa chất,7810105,du_lich,standard,,C01;C02;C03;C04;D01;X02;X01;D07;D10;A04;A06;A07,C01,,https://diemthi.vnexpress.net/tra-cuu-dai-hoc/loadbenchmark/id/400/year/2026/sortby/1/block_name/-1,Trường Đại học Mỏ - Địa chất,Hà Nội,2026,21.5,confirmed_2_sources,6,,,,missing,Du lịch - Khách sạn - Logistics - Hàng không - Dịch vụ,val
MDA:7850101,MDA,7850101,Quản lý tài nguyên và môi trường,7850101,nong_lam_mt,standard,,C01;C02;B03;C03;C04;D01;X01;X02;A00;B00;A07;D10,C01,,https://diemthi.vnexpress.net/tra-cuu-dai-hoc/loadbenchmark/id/400/year/2026/sortby/1/block_name/-1,Trường Đại học Mỏ - Địa chất,Hà Nội,2026,19.5,confirmed_2_sources,5,,,,missing,Nông - Lâm - Thủy sản - Môi trường - Tài nguyên,val
MDA:7850103,MDA,7850103,Quản lý đất đai,7850103,nong_lam_mt,standard,,D01;C04;C01;X01;C03;B03;C02;X02;A00;D10;A01,D01,,https://diemthi.vnexpress.net/tra-cuu-dai-hoc/loadbenchmark/id/400/year/2026/sortby/1/block_name/-1,Trường Đại học Mỏ - Địa chất,Hà Nội,2026,20.0,confirmed_2_sources,9,,,,missing,Nông - Lâm - Thủy sản - Môi trường - Tài nguyên,val
MDA:7850196,MDA,7850196,Quản lý tài nguyên khoáng sản,7850196,nong_lam_mt,standard,,C04;D01;C02;X02;X01;C03;A00;A01;A04;A06;B00;D10,C04,,https://diemthi.vnexpress.net/tra-cuu-dai-hoc/loadbenchmark/id/400/year/2026/sortby/1/block_name/-1,Trường Đại học Mỏ - Địa chất,Hà Nội,2026,15.5,confirmed_2_sources,2,,,,missing,Nông - Lâm - Thủy sản - Môi trường - Tài nguyên,val
MDA:7850202,MDA,7850202,"An toàn, Vệ sinh lao động",7850202,khoa_hoc_tn,standard,,A00;A01;A02;A03;A04;X05;C01;X06;B00;D01;B03;C02;C03;C04;D10,A00,,https://diemthi.vnexpress.net/tra-cuu-dai-hoc/loadbenchmark/id/400/year/2026/sortby/1/block_name/-1,Trường Đại học Mỏ - Địa chất,Hà Nội,2026,18.5,confirmed_2_sources,5,,,,missing,Khoa học tự nhiên - Toán - Vật lý - Thống kê,val
MHN:7220201,MHN,7220201,Ngôn ngữ Anh,7220201,ngon_ngu,standard,,D01,D01,,https://diemthi.vnexpress.net/tra-cuu-dai-hoc/loadbenchmark/id/401/year/2026/sortby/1/block_name/-1,Trường Đại học Mở Hà Nội,Hà Nội,2026,20.75,confirmed_2_sources,2,290.0,22990000.0,22990000.0,observed,Ngôn ngữ - Văn hóa - Quốc tế học,train
MHN:7220204,MHN,7220204,Ngôn ngữ Trung Quốc,7220204,ngon_ngu,standard,,D01;D04,D01,,https://diemthi.vnexpress.net/tra-cuu-dai-hoc/loadbenchmark/id/401/year/2026/sortby/1/block_name/-1,Trường Đại học Mở Hà Nội,Hà Nội,2026,24.26,confirmed_2_sources,2,280.0,22990000.0,22990000.0,observed,Ngôn ngữ - Văn hóa - Quốc tế học,train
MHN:7340101,MHN,7340101,Quản trị Kinh doanh,7340101,kinh_te,standard,,A00;A01;D01;X26,A00,,https://diemthi.vnexpress.net/tra-cuu-dai-hoc/loadbenchmark/id/401/year/2026/sortby/1/block_name/-1,Trường Đại học Mở Hà Nội,Hà Nội,2026,19.5,confirmed_2_sources,8,290.0,21683000.0,21683000.0,observed,Kinh tế - Kinh doanh - Quản trị - Marketing - Thương mại,train
MHN:7340122,MHN,7340122,Thương mại điện tử,7340122,kinh_te,standard,,A00;A01;D01;X26,A00,,https://diemthi.vnexpress.net/tra-cuu-dai-hoc/loadbenchmark/id/401/year/2026/sortby/1/block_name/-1,Trường Đại học Mở Hà Nội,Hà Nội,2026,21.75,confirmed_2_sources,8,130.0,21683000.0,21683000.0,observed,Kinh tế - Kinh doanh - Quản trị - Marketing - Thương mại,train
MHN:7340201,MHN,7340201,Tài chính – Ngân hàng,7340201,tai_chinh,standard,,A00;A01;D01,A00,,https://diemthi.vnexpress.net/tra-cuu-dai-hoc/loadbenchmark/id/401/year/2026/sortby/1/block_name/-1,Trường Đại học Mở Hà Nội,Hà Nội,2026,19.0,confirmed_2_sources,9,375.0,21683000.0,21683000.0,observed,Tài chính - Ngân hàng - Kế toán - Kiểm toán - Bảo hiểm,train
MHN:7340204,MHN,7340204,Bảo hiểm,7340204,tai_chinh,standard,,A00;A01;D01,A00,,https://diemthi.vnexpress.net/tra-cuu-dai-hoc/loadbenchmark/id/401/year/2026/sortby/1/block_name/-1,Trường Đại học Mở Hà Nội,Hà Nội,2026,18.5,confirmed_2_sources,3,45.0,21683000.0,21683000.0,observed,Tài chính - Ngân hàng - Kế toán - Kiểm toán - Bảo hiểm,train
MHN:7340301,MHN,7340301,Kế toán,7340301,tai_chinh,standard,,A00;A01;D01;X26,A00,,https://diemthi.vnexpress.net/tra-cuu-dai-hoc/loadbenchmark/id/401/year/2026/sortby/1/block_name/-1,Trường Đại học Mở Hà Nội,Hà Nội,2026,19.75,confirmed_2_sources,9,260.0,21683000.0,21683000.0,observed,Tài chính - Ngân hàng - Kế toán - Kiểm toán - Bảo hiểm,train
MHN:7380101,MHN,7380101,Ngành Luật,7380101,luat,standard,,D01;C01;C00;X01;A00;A01;C03,D01,,https://diemthi.vnexpress.net/tra-cuu-dai-hoc/loadbenchmark/id/401/year/2026/sortby/1/block_name/-1,Trường Đại học Mở Hà Nội,Hà Nội,2026,21.5,confirmed_2_sources,9,230.0,22433000.0,22433000.0,estimated,Luật,train
MHN:7380107,MHN,7380107,Luật kinh tế,7380107,luat,standard,,D01;C01;C00;X01;A00;A01;C03,D01,,https://diemthi.vnexpress.net/tra-cuu-dai-hoc/loadbenchmark/id/401/year/2026/sortby/1/block_name/-1,Trường Đại học Mở Hà Nội,Hà Nội,2026,20.0,disputed,9,230.0,22433000.0,22433000.0,estimated,Luật,train
MHN:7380108,MHN,7380108,Luật quốc tế,7380108,luat,international,,D01;C01;C00;X01;A00;C03,D01,"Học bằng tiếng Anh (thường cần trình độ tiếng Anh tốt, có thể yêu cầu IELTS/chứng chỉ khi nhập học) | Chương trình liên kết/quốc tế: học phí cao hơn chương trình chuẩn",https://diemthi.vnexpress.net/tra-cuu-dai-hoc/loadbenchmark/id/401/year/2026/sortby/1/block_name/-1,Trường Đại học Mở Hà Nội,Hà Nội,2026,22.0,disputed,9,100.0,22433000.0,22433000.0,estimated,Luật,train
MHN:7420201,MHN,7420201,Công nghệ sinh học,7420201,sinh_hoa,standard,,B00;A00;D07;A01,B00,,https://diemthi.vnexpress.net/tra-cuu-dai-hoc/loadbenchmark/id/401/year/2026/sortby/1/block_name/-1,Trường Đại học Mở Hà Nội,Hà Nội,2026,17.52,confirmed_2_sources,9,120.0,22433000.0,22433000.0,observed,Sinh học - Hóa học - Công nghệ sinh học - Thực phẩm,train
MHN:7480106,MHN,7480106,Kỹ thuật máy tính,7480106,cntt,standard,,A00;A01;D01;X26,A00,,https://diemthi.vnexpress.net/tra-cuu-dai-hoc/loadbenchmark/id/401/year/2026/sortby/1/block_name/-1,Trường Đại học Mở Hà Nội,Hà Nội,2026,18.5,confirmed_2_sources,1,75.0,22433000.0,22433000.0,estimated,Công nghệ thông tin - Máy tính - Dữ liệu - AI,train
MHN:7480201,MHN,7480201,Công nghệ thông tin,7480201,cntt,standard,,A00;A01;D01;X26,A00,,https://diemthi.vnexpress.net/tra-cuu-dai-hoc/loadbenchmark/id/401/year/2026/sortby/1/block_name/-1,Trường Đại học Mở Hà Nội,Hà Nội,2026,19.0,confirmed_2_sources,9,385.0,22433000.0,22433000.0,observed,Công nghệ thông tin - Máy tính - Dữ liệu - AI,train
MHN:7510302,MHN,7510302,Điện tử - viễn thông,7510302,ky_thuat,standard,,A00;A01;D01;X26;C01,A00,,https://diemthi.vnexpress.net/tra-cuu-dai-hoc/loadbenchmark/id/401/year/2026/sortby/1/block_name/-1,Trường Đại học Mở Hà Nội,Hà Nội,2026,18.75,confirmed_2_sources,9,200.0,22433000.0,22433000.0,observed,"Kỹ thuật - Công nghệ (cơ khí, điện, điện tử, ô tô, tự động hóa, vật liệu)",train
MHN:7540101,MHN,7540101,Công nghệ thực phẩm,7540101,sinh_hoa,standard,,B00;A00;D07;A01,B00,,https://diemthi.vnexpress.net/tra-cuu-dai-hoc/loadbenchmark/id/401/year/2026/sortby/1/block_name/-1,Trường Đại học Mở Hà Nội,Hà Nội,2026,17.8,confirmed_2_sources,9,180.0,22433000.0,22433000.0,observed,Sinh học - Hóa học - Công nghệ sinh học - Thực phẩm,train
MHN:7810103,MHN,7810103,Quản trị dịch vụ du lịch và lữ hành,7810103,du_lich,standard,,D01;D09;D10,D01,,https://diemthi.vnexpress.net/tra-cuu-dai-hoc/loadbenchmark/id/401/year/2026/sortby/1/block_name/-1,Trường Đại học Mở Hà Nội,Hà Nội,2026,19.25,confirmed_2_sources,3,225.0,22990000.0,22990000.0,observed,Du lịch - Khách sạn - Logistics - Hàng không - Dịch vụ,train
MHN:7810201,MHN,7810201,Quản trị khách sạn,7810201,du_lich,standard,,D01;D09;D10,D01,,https://diemthi.vnexpress.net/tra-cuu-dai-hoc/loadbenchmark/id/401/year/2026/sortby/1/block_name/-1,Trường Đại học Mở Hà Nội,Hà Nội,2026,18.75,confirmed_2_sources,3,150.0,22990000.0,22990000.0,observed,Du lịch - Khách sạn - Logistics - Hàng không - Dịch vụ,train
NHF:7220202,NHF,7220202,Ngôn ngữ Nga,7220202,ngon_ngu,standard,,D01;D02;D03;D10,D01,,https://diemthi.vnexpress.net/tra-cuu-dai-hoc/loadbenchmark/id/404/year/2026/sortby/1/block_name/-1,Trường Đại học Hà Nội,Hà Nội,2026,23.73,confirmed_2_sources,2,150.0,29250000.0,29250000.0,observed,Ngôn ngữ - Văn hóa - Quốc tế học,train
NHF:7220203,NHF,7220203,Ngôn ngữ Pháp,7220203,ngon_ngu,standard,,D01;D03;D10,D01,,https://diemthi.vnexpress.net/tra-cuu-dai-hoc/loadbenchmark/id/404/year/2026/sortby/1/block_name/-1,Trường Đại học Hà Nội,Hà Nội,2026,25.67,confirmed_2_sources,2,135.0,29250000.0,29250000.0,observed,Ngôn ngữ - Văn hóa - Quốc tế học,train
NHF:7220205,NHF,7220205,Ngôn ngữ Đức,7220205,ngon_ngu,standard,,D01;D05,D01,,https://diemthi.vnexpress.net/tra-cuu-dai-hoc/loadbenchmark/id/404/year/2026/sortby/1/block_name/-1,Trường Đại học Hà Nội,Hà Nội,2026,27.33,confirmed_2_sources,2,150.0,29250000.0,29250000.0,observed,Ngôn ngữ - Văn hóa - Quốc tế học,train
NHF:7220206,NHF,7220206,Ngôn ngữ Tây Ban Nha,7220206,ngon_ngu,standard,,D01;D10,D01,,https://diemthi.vnexpress.net/tra-cuu-dai-hoc/loadbenchmark/id/404/year/2026/sortby/1/block_name/-1,Trường Đại học Hà Nội,Hà Nội,2026,24.6,confirmed_2_sources,2,100.0,29250000.0,29250000.0,observed,Ngôn ngữ - Văn hóa - Quốc tế học,train
NHF:7220207,NHF,7220207,Ngôn ngữ Bồ Đào Nha,7220207,ngon_ngu,standard,,D01;D04;D10,D01,,https://diemthi.vnexpress.net/tra-cuu-dai-hoc/loadbenchmark/id/404/year/2026/sortby/1/block_name/-1,Trường Đại học Hà Nội,Hà Nội,2026,23.13,confirmed_2_sources,2,75.0,29250000.0,29250000.0,observed,Ngôn ngữ - Văn hóa - Quốc tế học,train
NHF:7220208,NHF,7220208,Ngôn ngữ Italia,7220208,ngon_ngu,standard,,D01;D10,D01,,https://diemthi.vnexpress.net/tra-cuu-dai-hoc/loadbenchmark/id/404/year/2026/sortby/1/block_name/-1,Trường Đại học Hà Nội,Hà Nội,2026,23.2,confirmed_2_sources,2,75.0,29250000.0,29250000.0,observed,Ngôn ngữ - Văn hóa - Quốc tế học,train
NHF:7220208 TT,NHF,7220208 TT,Ngôn ngữ Italia - CTTT,,ngon_ngu,standard,,D01;D10,D01,,https://diemthi.vnexpress.net/tra-cuu-dai-hoc/loadbenchmark/id/404/year/2026/sortby/1/block_name/-1,Trường Đại học Hà Nội,Hà Nội,2026,22.2,confirmed_2_sources,2,75.0,34197500.0,34197500.0,observed,Ngôn ngữ - Văn hóa - Quốc tế học,train
NHF:7220209,NHF,7220209,Ngôn ngữ Nhật,7220209,ngon_ngu,standard,,D01;D06,D01,,https://diemthi.vnexpress.net/tra-cuu-dai-hoc/loadbenchmark/id/404/year/2026/sortby/1/block_name/-1,Trường Đại học Hà Nội,Hà Nội,2026,29.07,confirmed_2_sources,2,200.0,29250000.0,29250000.0,observed,Ngôn ngữ - Văn hóa - Quốc tế học,train
NHF:7220210 TT,NHF,7220210 TT,Ngôn ngữ Hàn Quốc - CTTT,,ngon_ngu,standard,,D01;D04;D06,D01,,https://diemthi.vnexpress.net/tra-cuu-dai-hoc/loadbenchmark/id/404/year/2026/sortby/1/block_name/-1,Trường Đại học Hà Nội,Hà Nội,2026,29.46,confirmed_2_sources,1,120.0,30810000.0,30810000.0,estimated,Ngôn ngữ - Văn hóa - Quốc tế học,train
NHF:7310111,NHF,7310111,Nghiên cứu phát triển,7310111,xa_hoi,standard,,D01;D14;D15,D01,,https://diemthi.vnexpress.net/tra-cuu-dai-hoc/loadbenchmark/id/404/year/2026/sortby/1/block_name/-1,Trường Đại học Hà Nội,Hà Nội,2026,26.73,confirmed_2_sources,2,60.0,29250000.0,29250000.0,observed,Khoa học xã hội - Tâm lý - Nhân văn - Chính trị - Hành chính,train
NHF:7310601,NHF,7310601,Quốc tế học,7310601,ngon_ngu,international,,D01;D14;D15,D01,"Học bằng tiếng Anh (thường cần trình độ tiếng Anh tốt, có thể yêu cầu IELTS/chứng chỉ khi nhập học) | Chương trình liên kết/quốc tế: học phí cao hơn chương trình chuẩn",https://diemthi.vnexpress.net/tra-cuu-dai-hoc/loadbenchmark/id/404/year/2026/sortby/1/block_name/-1,Trường Đại học Hà Nội,Hà Nội,2026,28.73,confirmed_2_sources,2,125.0,31157500.0,31157500.0,observed,Ngôn ngữ - Văn hóa - Quốc tế học,train
NHF:7320104,NHF,7320104,Truyền thông đa phương tiện,7320104,bao_chi,standard,,D01,D01,,https://diemthi.vnexpress.net/tra-cuu-dai-hoc/loadbenchmark/id/404/year/2026/sortby/1/block_name/-1,Trường Đại học Hà Nội,Hà Nội,2026,29.6,confirmed_2_sources,2,120.0,30810000.0,30810000.0,estimated,Báo chí - Truyền thông - Quan hệ công chúng,train
NHF:7320109,NHF,7320109,Truyền thông doanh nghiệp,7320109,bao_chi,standard,,D01;D03;D10,D01,,https://diemthi.vnexpress.net/tra-cuu-dai-hoc/loadbenchmark/id/404/year/2026/sortby/1/block_name/-1,Trường Đại học Hà Nội,Hà Nội,2026,22.4,confirmed_2_sources,2,75.0,32747500.0,32747500.0,observed,Báo chí - Truyền thông - Quan hệ công chúng,train
NHF:7340101,NHF,7340101,Quản trị Kinh doanh,7340101,kinh_te,standard,,D01,D01,,https://diemthi.vnexpress.net/tra-cuu-dai-hoc/loadbenchmark/id/404/year/2026/sortby/1/block_name/-1,Trường Đại học Hà Nội,Hà Nội,2026,22.4,disputed,2,100.0,31522500.0,31522500.0,observed,Kinh tế - Kinh doanh - Quản trị - Marketing - Thương mại,train
NHF:7340115,NHF,7340115,Marketing,7340115,kinh_te,standard,,D01,D01,,https://diemthi.vnexpress.net/tra-cuu-dai-hoc/loadbenchmark/id/404/year/2026/sortby/1/block_name/-1,Trường Đại học Hà Nội,Hà Nội,2026,29.13,confirmed_2_sources,1,75.0,30810000.0,30810000.0,estimated,Kinh tế - Kinh doanh - Quản trị - Marketing - Thương mại,train
NHF:7340201,NHF,7340201,Tài chính – Ngân hàng,7340201,tai_chinh,standard,,D01,D01,,https://diemthi.vnexpress.net/tra-cuu-dai-hoc/loadbenchmark/id/404/year/2026/sortby/1/block_name/-1,Trường Đại học Hà Nội,Hà Nội,2026,25.73,confirmed_2_sources,2,100.0,30810000.0,30810000.0,observed,Tài chính - Ngân hàng - Kế toán - Kiểm toán - Bảo hiểm,train
NHF:7340205,NHF,7340205,Công nghệ tài chính,7340205,tai_chinh,standard,,A01;D01,A01,,https://diemthi.vnexpress.net/tra-cuu-dai-hoc/loadbenchmark/id/404/year/2026/sortby/1/block_name/-1,Trường Đại học Hà Nội,Hà Nội,2026,24.53,confirmed_2_sources,3,75.0,49260000.0,49260000.0,observed,Tài chính - Ngân hàng - Kế toán - Kiểm toán - Bảo hiểm,train
NHF:7340301,NHF,7340301,Kế toán,7340301,tai_chinh,standard,,D01,D01,,https://diemthi.vnexpress.net/tra-cuu-dai-hoc/loadbenchmark/id/404/year/2026/sortby/1/block_name/-1,Trường Đại học Hà Nội,Hà Nội,2026,23.53,confirmed_2_sources,2,100.0,30810000.0,30810000.0,observed,Tài chính - Ngân hàng - Kế toán - Kiểm toán - Bảo hiểm,train
NHF:7480201,NHF,7480201,Công nghệ thông tin,7480201,cntt,standard,,A01;D01;X26,A01,,https://diemthi.vnexpress.net/tra-cuu-dai-hoc/loadbenchmark/id/404/year/2026/sortby/1/block_name/-1,Trường Đại học Hà Nội,Hà Nội,2026,22.0,confirmed_2_sources,8,180.0,32362500.0,32362500.0,observed,Công nghệ thông tin - Máy tính - Dữ liệu - AI,train
NHF:7480201 TT,NHF,7480201 TT,Công nghệ thông tin - CTTT,,cntt,standard,,A01;D01;X26,A01,,https://diemthi.vnexpress.net/tra-cuu-dai-hoc/loadbenchmark/id/404/year/2026/sortby/1/block_name/-1,Trường Đại học Hà Nội,Hà Nội,2026,22.0,confirmed_2_sources,3,120.0,49525000.0,49525000.0,observed,Công nghệ thông tin - Máy tính - Dữ liệu - AI,train
NHF:7810103,NHF,7810103,Quản trị dịch vụ du lịch và lữ hành,7810103,du_lich,standard,,D01;D10,D01,,https://diemthi.vnexpress.net/tra-cuu-dai-hoc/loadbenchmark/id/404/year/2026/sortby/1/block_name/-1,Trường Đại học Hà Nội,Hà Nội,2026,27.47,confirmed_2_sources,2,75.0,31395000.0,31395000.0,observed,Du lịch - Khách sạn - Logistics - Hàng không - Dịch vụ,train
NHF:7810103 TT,NHF,7810103 TT,Quản trị dịch vụ du lịch và lữ hành - CTTT,,du_lich,standard,,D01;D10,D01,,https://diemthi.vnexpress.net/tra-cuu-dai-hoc/loadbenchmark/id/404/year/2026/sortby/1/block_name/-1,Trường Đại học Hà Nội,Hà Nội,2026,24.47,confirmed_2_sources,2,75.0,45457500.0,45457500.0,observed,Du lịch - Khách sạn - Logistics - Hàng không - Dịch vụ,train
NHH:ACT01,NHH,ACT01,CLC Kế toán,,tai_chinh,high_quality,,A01;D01;D07;D09;A00,A01,,https://diemthi.vnexpress.net/tra-cuu-dai-hoc/loadbenchmark/id/405/year/2026/sortby/1/block_name/-1,Học viện Ngân hàng (Cơ sở Hà Nội),Hà Nội,2026,24.1,confirmed_2_sources,2,180.0,45000000.0,45000000.0,observed,Tài chính - Ngân hàng - Kế toán - Kiểm toán - Bảo hiểm,train
NHH:ACT02,NHH,ACT02,Kế toán,,tai_chinh,standard,,A00;A01;D01;D07,A00,,https://diemthi.vnexpress.net/tra-cuu-dai-hoc/loadbenchmark/id/405/year/2026/sortby/1/block_name/-1,Học viện Ngân hàng (Cơ sở Hà Nội),Hà Nội,2026,25.83,confirmed_2_sources,4,70.0,27800000.0,27800000.0,observed,Tài chính - Ngân hàng - Kế toán - Kiểm toán - Bảo hiểm,train
NHH:ACT03,NHH,ACT03,Kế toán,,tai_chinh,standard,,A00;A01;D01;D07;D08,A00,,https://diemthi.vnexpress.net/tra-cuu-dai-hoc/loadbenchmark/id/405/year/2026/sortby/1/block_name/-1,Học viện Ngân hàng (Cơ sở Hà Nội),Hà Nội,2026,21.0,confirmed_2_sources,4,100.0,50000000.0,50000000.0,observed,Tài chính - Ngân hàng - Kế toán - Kiểm toán - Bảo hiểm,train
NHH:ACT04,NHH,ACT04,Kiểm toán,,tai_chinh,standard,,A00;A01;D01;D07,A00,,https://diemthi.vnexpress.net/tra-cuu-dai-hoc/loadbenchmark/id/405/year/2026/sortby/1/block_name/-1,Học viện Ngân hàng (Cơ sở Hà Nội),Hà Nội,2026,26.06,confirmed_2_sources,3,120.0,27800000.0,27800000.0,observed,Tài chính - Ngân hàng - Kế toán - Kiểm toán - Bảo hiểm,train
NHH:ACT05,NHH,ACT05,Chất lượng cao Kiểm toán,,tai_chinh,high_quality,,A01;D01;D07;D09,A01,,https://diemthi.vnexpress.net/tra-cuu-dai-hoc/loadbenchmark/id/405/year/2026/sortby/1/block_name/-1,Học viện Ngân hàng (Cơ sở Hà Nội),Hà Nội,2026,24.5,confirmed_2_sources,1,120.0,45000000.0,45000000.0,observed,Tài chính - Ngân hàng - Kế toán - Kiểm toán - Bảo hiểm,train
NHH:ACT06,NHH,ACT06,Kế toán (Định hướng Nhật bản). Học viện Ngân hàng cấp bằng,,tai_chinh,standard,,A00;A01;D01;D07,A00,,https://diemthi.vnexpress.net/tra-cuu-dai-hoc/loadbenchmark/id/405/year/2026/sortby/1/block_name/-1,Học viện Ngân hàng (Cơ sở Hà Nội),Hà Nội,2026,21.58,confirmed_2_sources,1,50.0,50000000.0,50000000.0,observed,Tài chính - Ngân hàng - Kế toán - Kiểm toán - Bảo hiểm,train
NHH:BANK01,NHH,BANK01,CLC Ngân hàng,,tai_chinh,high_quality,,A01;D01;D07;D09;A00,A01,,https://diemthi.vnexpress.net/tra-cuu-dai-hoc/loadbenchmark/id/405/year/2026/sortby/1/block_name/-1,Học viện Ngân hàng (Cơ sở Hà Nội),Hà Nội,2026,24.08,confirmed_2_sources,2,210.0,45000000.0,45000000.0,observed,Tài chính - Ngân hàng - Kế toán - Kiểm toán - Bảo hiểm,train
NHH:BANK02,NHH,BANK02,Ngân hàng,,tai_chinh,standard,,A00;A01;D01;D07,A00,,https://diemthi.vnexpress.net/tra-cuu-dai-hoc/loadbenchmark/id/405/year/2026/sortby/1/block_name/-1,Học viện Ngân hàng (Cơ sở Hà Nội),Hà Nội,2026,25.62,confirmed_2_sources,4,140.0,27800000.0,27800000.0,observed,Tài chính - Ngân hàng - Kế toán - Kiểm toán - Bảo hiểm,train
NHH:BANK03,NHH,BANK03,Ngân hàng số,,tai_chinh,standard,,A00;A01;D01;D07,A00,,https://diemthi.vnexpress.net/tra-cuu-dai-hoc/loadbenchmark/id/405/year/2026/sortby/1/block_name/-1,Học viện Ngân hàng (Cơ sở Hà Nội),Hà Nội,2026,25.42,confirmed_2_sources,4,140.0,27800000.0,27800000.0,observed,Tài chính - Ngân hàng - Kế toán - Kiểm toán - Bảo hiểm,train
NHH:BANK04,NHH,BANK04,"Tài chính - Ngân hàng liên kết Sunderland, song bằng",,tai_chinh,international,,A00;A01;D01;D07;D09,A00,"Học bằng tiếng Anh (thường cần trình độ tiếng Anh tốt, có thể yêu cầu IELTS/chứng chỉ khi nhập học) | Chương trình liên kết/quốc tế: học phí cao hơn chương trình chuẩn",https://diemthi.vnexpress.net/tra-cuu-dai-hoc/loadbenchmark/id/405/year/2026/sortby/1/block_name/-1,Học viện Ngân hàng (Cơ sở Hà Nội),Hà Nội,2026,22.6,confirmed_2_sources,4,100.0,50000000.0,50000000.0,observed,Tài chính - Ngân hàng - Kế toán - Kiểm toán - Bảo hiểm,train
NHH:BANK06,NHH,BANK06,Ngân hàng và Tài chính quốc tế CLC,,tai_chinh,international,,A01;D01;D07;D09;A00,A01,"Học bằng tiếng Anh (thường cần trình độ tiếng Anh tốt, có thể yêu cầu IELTS/chứng chỉ khi nhập học) | Chương trình liên kết/quốc tế: học phí cao hơn chương trình chuẩn",https://diemthi.vnexpress.net/tra-cuu-dai-hoc/loadbenchmark/id/405/year/2026/sortby/1/block_name/-1,Học viện Ngân hàng (Cơ sở Hà Nội),Hà Nội,2026,24.35,confirmed_2_sources,2,120.0,45000000.0,45000000.0,observed,Tài chính - Ngân hàng - Kế toán - Kiểm toán - Bảo hiểm,train
NHH:BANK07,NHH,BANK07,Ngân hàng trung ương và Chính sách công CLC,,tai_chinh,high_quality,,A01;D01;D07;D09,A01,,https://diemthi.vnexpress.net/tra-cuu-dai-hoc/loadbenchmark/id/405/year/2026/sortby/1/block_name/-1,Học viện Ngân hàng (Cơ sở Hà Nội),Hà Nội,2026,23.65,confirmed_2_sources,2,60.0,45000000.0,45000000.0,observed,Tài chính - Ngân hàng - Kế toán - Kiểm toán - Bảo hiểm,train
NHH:BANK08,NHH,BANK08,"Ngân hàng Tài chính - Đại học West of England (UWE), Anh (Cấp song bằng)",,tai_chinh,international,,A00;A01;D01;D07,A00,"Học bằng tiếng Anh (thường cần trình độ tiếng Anh tốt, có thể yêu cầu IELTS/chứng chỉ khi nhập học) | Chương trình liên kết/quốc tế: học phí cao hơn chương trình chuẩn",https://diemthi.vnexpress.net/tra-cuu-dai-hoc/loadbenchmark/id/405/year/2026/sortby/1/block_name/-1,Học viện Ngân hàng (Cơ sở Hà Nội),Hà Nội,2026,20.2,confirmed_2_sources,1,80.0,50000000.0,50000000.0,observed,Tài chính - Ngân hàng - Kế toán - Kiểm toán - Bảo hiểm,train
NHH:BUS01,NHH,BUS01,CLC Quản trị kinh doanh,,kinh_te,high_quality,,A01;D01;D07;D09;A00,A01,,https://diemthi.vnexpress.net/tra-cuu-dai-hoc/loadbenchmark/id/405/year/2026/sortby/1/block_name/-1,Học viện Ngân hàng (Cơ sở Hà Nội),Hà Nội,2026,23.9,confirmed_2_sources,2,120.0,45000000.0,45000000.0,observed,Kinh tế - Kinh doanh - Quản trị - Marketing - Thương mại,train
NHH:BUS02,NHH,BUS02,Quản trị kinh doanh,,kinh_te,standard,,A00;A01;D01;D07,A00,,https://diemthi.vnexpress.net/tra-cuu-dai-hoc/loadbenchmark/id/405/year/2026/sortby/1/block_name/-1,Học viện Ngân hàng (Cơ sở Hà Nội),Hà Nội,2026,25.4,confirmed_2_sources,4,70.0,27800000.0,27800000.0,observed,Kinh tế - Kinh doanh - Quản trị - Marketing - Thương mại,train
NHH:BUS03,NHH,BUS03,Quản trị du lịch,,du_lich,standard,,A01;D01;D07;D09,A01,,https://diemthi.vnexpress.net/tra-cuu-dai-hoc/loadbenchmark/id/405/year/2026/sortby/1/block_name/-1,Học viện Ngân hàng (Cơ sở Hà Nội),Hà Nội,2026,24.23,confirmed_2_sources,4,70.0,27800000.0,27800000.0,observed,Du lịch - Khách sạn - Logistics - Hàng không - Dịch vụ,train
NHH:BUS04,NHH,BUS04,"Quản trị kinh doanh Liên kết City U, song bằng",,kinh_te,international,,A00;A01;D01;D07,A00,"Học bằng tiếng Anh (thường cần trình độ tiếng Anh tốt, có thể yêu cầu IELTS/chứng chỉ khi nhập học) | Chương trình liên kết/quốc tế: học phí cao hơn chương trình chuẩn",https://diemthi.vnexpress.net/tra-cuu-dai-hoc/loadbenchmark/id/405/year/2026/sortby/1/block_name/-1,Học viện Ngân hàng (Cơ sở Hà Nội),Hà Nội,2026,20.2,confirmed_2_sources,4,80.0,50000000.0,50000000.0,observed,Kinh tế - Kinh doanh - Quản trị - Marketing - Thương mại,train
NHH:BUS06,NHH,BUS06,Marketing số CLC,,kinh_te,high_quality,,A01;D01;D07;D09;A00,A01,,https://diemthi.vnexpress.net/tra-cuu-dai-hoc/loadbenchmark/id/405/year/2026/sortby/1/block_name/-1,Học viện Ngân hàng (Cơ sở Hà Nội),Hà Nội,2026,24.27,confirmed_2_sources,2,120.0,45000000.0,45000000.0,observed,Kinh tế - Kinh doanh - Quản trị - Marketing - Thương mại,train
NHH:BUS07,NHH,BUS07,Marketing,,kinh_te,standard,,A00;A01;D01;D07,A00,,https://diemthi.vnexpress.net/tra-cuu-dai-hoc/loadbenchmark/id/405/year/2026/sortby/1/block_name/-1,Học viện Ngân hàng (Cơ sở Hà Nội),Hà Nội,2026,25.56,confirmed_2_sources,2,70.0,27800000.0,27800000.0,observed,Kinh tế - Kinh doanh - Quản trị - Marketing - Thương mại,train
NHH:BUS08,NHH,BUS08,Chất lượng cao Quản trị nhân lực,,kinh_te,high_quality,,A01;D01;D07;D09,A01,,https://diemthi.vnexpress.net/tra-cuu-dai-hoc/loadbenchmark/id/405/year/2026/sortby/1/block_name/-1,Học viện Ngân hàng (Cơ sở Hà Nội),Hà Nội,2026,23.81,confirmed_2_sources,1,60.0,45000000.0,45000000.0,observed,Kinh tế - Kinh doanh - Quản trị - Marketing - Thương mại,train
NHH:BUS09,NHH,BUS09,Chất lượng cao Kinh doanh số,,kinh_te,high_quality,,A01;D01;D07;D09,A01,,https://diemthi.vnexpress.net/tra-cuu-dai-hoc/loadbenchmark/id/405/year/2026/sortby/1/block_name/-1,Học viện Ngân hàng (Cơ sở Hà Nội),Hà Nội,2026,23.75,confirmed_2_sources,1,60.0,45000000.0,45000000.0,observed,Kinh tế - Kinh doanh - Quản trị - Marketing - Thương mại,train
NHH:BUS10,NHH,BUS10,"Quản trị kinh doanh, Hàng hải và Logistics - Đại học Genoa, CH Ý (Cấp song bằng)",,du_lich,international,,A00;A01;D01;D07,A00,"Học bằng tiếng Anh (thường cần trình độ tiếng Anh tốt, có thể yêu cầu IELTS/chứng chỉ khi nhập học) | Chương trình liên kết/quốc tế: học phí cao hơn chương trình chuẩn",https://diemthi.vnexpress.net/tra-cuu-dai-hoc/loadbenchmark/id/405/year/2026/sortby/1/block_name/-1,Học viện Ngân hàng (Cơ sở Hà Nội),Hà Nội,2026,20.2,confirmed_2_sources,1,50.0,50000000.0,50000000.0,observed,Du lịch - Khách sạn - Logistics - Hàng không - Dịch vụ,train
NHH:BUS11,NHH,BUS11,"Marketing - Đại học West of England (UWE), Anh (Cấp song bằng)",,kinh_te,international,,A00;A01;D01;D07,A00,"Học bằng tiếng Anh (thường cần trình độ tiếng Anh tốt, có thể yêu cầu IELTS/chứng chỉ khi nhập học) | Chương trình liên kết/quốc tế: học phí cao hơn chương trình chuẩn",https://diemthi.vnexpress.net/tra-cuu-dai-hoc/loadbenchmark/id/405/year/2026/sortby/1/block_name/-1,Học viện Ngân hàng (Cơ sở Hà Nội),Hà Nội,2026,20.2,confirmed_2_sources,1,80.0,50000000.0,50000000.0,observed,Kinh tế - Kinh doanh - Quản trị - Marketing - Thương mại,train
NHH:DS01,NHH,DS01,Khoa học dữ liệu trong kinh tế và kinh doanh,,cntt,standard,,A00;A01;D01;D07,A00,,https://diemthi.vnexpress.net/tra-cuu-dai-hoc/loadbenchmark/id/405/year/2026/sortby/1/block_name/-1,Học viện Ngân hàng (Cơ sở Hà Nội),Hà Nội,2026,25.0,confirmed_2_sources,2,140.0,29400000.0,29400000.0,observed,Công nghệ thông tin - Máy tính - Dữ liệu - AI,train
NHH:ECON01,NHH,ECON01,Kinh tế,,kinh_te,standard,,A01;D01;D07;D09,A01,,https://diemthi.vnexpress.net/tra-cuu-dai-hoc/loadbenchmark/id/405/year/2026/sortby/1/block_name/-1,Học viện Ngân hàng (Cơ sở Hà Nội),Hà Nội,2026,25.35,confirmed_2_sources,4,70.0,28350000.0,28350000.0,observed,Kinh tế - Kinh doanh - Quản trị - Marketing - Thương mại,train
NHH:ECON02,NHH,ECON02,Kinh tế đầu tư CLC,,tai_chinh,high_quality,,A01;D01;D07;D09,A01,,https://diemthi.vnexpress.net/tra-cuu-dai-hoc/loadbenchmark/id/405/year/2026/sortby/1/block_name/-1,Học viện Ngân hàng (Cơ sở Hà Nội),Hà Nội,2026,23.96,confirmed_2_sources,2,120.0,45000000.0,45000000.0,observed,Tài chính - Ngân hàng - Kế toán - Kiểm toán - Bảo hiểm,train
NHH:ECON03,NHH,ECON03,Kinh tế quốc tế,,kinh_te,international,,A01;D01;D07;D09,A01,"Học bằng tiếng Anh (thường cần trình độ tiếng Anh tốt, có thể yêu cầu IELTS/chứng chỉ khi nhập học) | Chương trình liên kết/quốc tế: học phí cao hơn chương trình chuẩn",https://diemthi.vnexpress.net/tra-cuu-dai-hoc/loadbenchmark/id/405/year/2026/sortby/1/block_name/-1,Học viện Ngân hàng (Cơ sở Hà Nội),Hà Nội,2026,25.32,confirmed_2_sources,1,70.0,28350000.0,28350000.0,observed,Kinh tế - Kinh doanh - Quản trị - Marketing - Thương mại,train
NHH:FIN01,NHH,FIN01,CLC Tài chính,,tai_chinh,high_quality,,A01;D01;D07;D09;A00,A01,,https://diemthi.vnexpress.net/tra-cuu-dai-hoc/loadbenchmark/id/405/year/2026/sortby/1/block_name/-1,Học viện Ngân hàng (Cơ sở Hà Nội),Hà Nội,2026,24.15,confirmed_2_sources,2,350.0,45000000.0,45000000.0,observed,Tài chính - Ngân hàng - Kế toán - Kiểm toán - Bảo hiểm,train
NHH:FIN02,NHH,FIN02,Tài chính,,tai_chinh,standard,,A00;A01;D01;D07,A00,,https://diemthi.vnexpress.net/tra-cuu-dai-hoc/loadbenchmark/id/405/year/2026/sortby/1/block_name/-1,Học viện Ngân hàng (Cơ sở Hà Nội),Hà Nội,2026,26.08,confirmed_2_sources,4,140.0,27800000.0,27800000.0,observed,Tài chính - Ngân hàng - Kế toán - Kiểm toán - Bảo hiểm,train
NHH:FIN04,NHH,FIN04,Hoạch định và Tư vấn tài chính CLC,,tai_chinh,high_quality,,A01;D01;D07;D09,A01,,https://diemthi.vnexpress.net/tra-cuu-dai-hoc/loadbenchmark/id/405/year/2026/sortby/1/block_name/-1,Học viện Ngân hàng (Cơ sở Hà Nội),Hà Nội,2026,23.63,confirmed_2_sources,2,60.0,45000000.0,45000000.0,observed,Tài chính - Ngân hàng - Kế toán - Kiểm toán - Bảo hiểm,train
NHH:FIN05,NHH,FIN05,Công nghệ tài chính,,tai_chinh,standard,,A00;A01;D01;D07,A00,,https://diemthi.vnexpress.net/tra-cuu-dai-hoc/loadbenchmark/id/405/year/2026/sortby/1/block_name/-1,Học viện Ngân hàng (Cơ sở Hà Nội),Hà Nội,2026,25.48,confirmed_2_sources,1,140.0,27800000.0,27800000.0,observed,Tài chính - Ngân hàng - Kế toán - Kiểm toán - Bảo hiểm,train
NHH:FL01,NHH,FL01,Ngôn ngữ Anh,,ngon_ngu,standard,,A01;D01;D07;D09,A01,,https://diemthi.vnexpress.net/tra-cuu-dai-hoc/loadbenchmark/id/405/year/2026/sortby/1/block_name/-1,Học viện Ngân hàng (Cơ sở Hà Nội),Hà Nội,2026,25.05,confirmed_2_sources,4,70.0,28350000.0,28350000.0,observed,Ngôn ngữ - Văn hóa - Quốc tế học,train
NHH:FL02,NHH,FL02,Ngôn ngữ Anh Tài chính - Ngân hàng CLC,,tai_chinh,high_quality,,A01;D01;D07;D09,A01,,https://diemthi.vnexpress.net/tra-cuu-dai-hoc/loadbenchmark/id/405/year/2026/sortby/1/block_name/-1,Học viện Ngân hàng (Cơ sở Hà Nội),Hà Nội,2026,23.56,confirmed_2_sources,2,120.0,45000000.0,45000000.0,observed,Tài chính - Ngân hàng - Kế toán - Kiểm toán - Bảo hiểm,train
NHH:IB01,NHH,IB01,Kinh doanh quốc tế,,kinh_te,international,,A01;D01;D07;D09,A01,"Học bằng tiếng Anh (thường cần trình độ tiếng Anh tốt, có thể yêu cầu IELTS/chứng chỉ khi nhập học) | Chương trình liên kết/quốc tế: học phí cao hơn chương trình chuẩn",https://diemthi.vnexpress.net/tra-cuu-dai-hoc/loadbenchmark/id/405/year/2026/sortby/1/block_name/-1,Học viện Ngân hàng (Cơ sở Hà Nội),Hà Nội,2026,26.61,confirmed_2_sources,4,70.0,27800000.0,27800000.0,observed,Kinh tế - Kinh doanh - Quản trị - Marketing - Thương mại,train
NHH:IB02,NHH,IB02,Logistics và Quản lý chuỗi cung ứng,,du_lich,standard,,A01;D01;D07;D09,A01,,https://diemthi.vnexpress.net/tra-cuu-dai-hoc/loadbenchmark/id/405/year/2026/sortby/1/block_name/-1,Học viện Ngân hàng (Cơ sở Hà Nội),Hà Nội,2026,26.28,confirmed_2_sources,4,70.0,27800000.0,27800000.0,observed,Du lịch - Khách sạn - Logistics - Hàng không - Dịch vụ,train
NHH:IB04,NHH,IB04,Kinh doanh quốc tế CLC,,kinh_te,international,,A01;D01;D07;D09,A01,"Học bằng tiếng Anh (thường cần trình độ tiếng Anh tốt, có thể yêu cầu IELTS/chứng chỉ khi nhập học) | Chương trình liên kết/quốc tế: học phí cao hơn chương trình chuẩn",https://diemthi.vnexpress.net/tra-cuu-dai-hoc/loadbenchmark/id/405/year/2026/sortby/1/block_name/-1,Học viện Ngân hàng (Cơ sở Hà Nội),Hà Nội,2026,24.57,confirmed_2_sources,2,180.0,45000000.0,45000000.0,observed,Kinh tế - Kinh doanh - Quản trị - Marketing - Thương mại,train
NHH:IB05,NHH,IB05,Thương mại điện tử CLC,,kinh_te,high_quality,,A01;D01;D07;D09,A01,,https://diemthi.vnexpress.net/tra-cuu-dai-hoc/loadbenchmark/id/405/year/2026/sortby/1/block_name/-1,Học viện Ngân hàng (Cơ sở Hà Nội),Hà Nội,2026,24.71,confirmed_2_sources,2,60.0,45000000.0,45000000.0,observed,Kinh tế - Kinh doanh - Quản trị - Marketing - Thương mại,train
NHH:IB06,NHH,IB06,Chất lượng cao Logistics và Quản lý chuỗi cung ứng,,du_lich,high_quality,,A01;D01;D07;D09,A01,,https://diemthi.vnexpress.net/tra-cuu-dai-hoc/loadbenchmark/id/405/year/2026/sortby/1/block_name/-1,Học viện Ngân hàng (Cơ sở Hà Nội),Hà Nội,2026,24.82,confirmed_2_sources,1,60.0,45000000.0,45000000.0,observed,Du lịch - Khách sạn - Logistics - Hàng không - Dịch vụ,train
NHH:IB07,NHH,IB07,"Quản trị kinh doanh quốc tế - Đại học West of England (UWE), Anh (Cấp song bằng)",,kinh_te,international,,A00;A01;D01;D07,A00,"Học bằng tiếng Anh (thường cần trình độ tiếng Anh tốt, có thể yêu cầu IELTS/chứng chỉ khi nhập học) | Chương trình liên kết/quốc tế: học phí cao hơn chương trình chuẩn",https://diemthi.vnexpress.net/tra-cuu-dai-hoc/loadbenchmark/id/405/year/2026/sortby/1/block_name/-1,Học viện Ngân hàng (Cơ sở Hà Nội),Hà Nội,2026,20.2,confirmed_2_sources,1,80.0,50000000.0,50000000.0,observed,Kinh tế - Kinh doanh - Quản trị - Marketing - Thương mại,train
NHH:IT01,NHH,IT01,Công nghệ thông tin,,cntt,standard,,A00;A01;D01;D07,A00,,https://diemthi.vnexpress.net/tra-cuu-dai-hoc/loadbenchmark/id/405/year/2026/sortby/1/block_name/-1,Học viện Ngân hàng (Cơ sở Hà Nội),Hà Nội,2026,24.2,confirmed_2_sources,4,120.0,29400000.0,29400000.0,observed,Công nghệ thông tin - Máy tính - Dữ liệu - AI,train
NHH:LAW01,NHH,LAW01,Luật kinh tế,,luat,standard,,C00;C03;D01;D14;A01;D07;A00,C00,,https://diemthi.vnexpress.net/tra-cuu-dai-hoc/loadbenchmark/id/405/year/2026/sortby/1/block_name/-1,Học viện Ngân hàng (Cơ sở Hà Nội),Hà Nội,2026,25.75,confirmed_2_sources,4,180.0,27800000.0,27800000.0,observed,Luật,train
NHH:LAW03,NHH,LAW03,Chất lượng cao Luật Kinh tế,,luat,high_quality,,C00;C03;D01;D14,C00,,https://diemthi.vnexpress.net/tra-cuu-dai-hoc/loadbenchmark/id/405/year/2026/sortby/1/block_name/-1,Học viện Ngân hàng (Cơ sở Hà Nội),Hà Nội,2026,24.3,confirmed_2_sources,1,120.0,45000000.0,45000000.0,observed,Luật,train
NHH:LAW04,NHH,LAW04,Luật học,,luat,standard,,C00;C03;D01;D14,C00,,https://diemthi.vnexpress.net/tra-cuu-dai-hoc/loadbenchmark/id/405/year/2026/sortby/1/block_name/-1,Học viện Ngân hàng (Cơ sở Hà Nội),Hà Nội,2026,24.75,confirmed_2_sources,1,70.0,27800000.0,27800000.0,observed,Luật,train
NHH:MIS01,NHH,MIS01,Hệ thống thông tin quản lý,,cntt,standard,,A00;A01;D01;D07,A00,,https://diemthi.vnexpress.net/tra-cuu-dai-hoc/loadbenchmark/id/405/year/2026/sortby/1/block_name/-1,Học viện Ngân hàng (Cơ sở Hà Nội),Hà Nội,2026,25.74,confirmed_2_sources,4,70.0,27800000.0,27800000.0,observed,Công nghệ thông tin - Máy tính - Dữ liệu - AI,train
NHH:MIS02,NHH,MIS02,Hệ thống thông tin quản lý CLC,,cntt,high_quality,,A01;D01;D07;D09,A01,,https://diemthi.vnexpress.net/tra-cuu-dai-hoc/loadbenchmark/id/405/year/2026/sortby/1/block_name/-1,Học viện Ngân hàng (Cơ sở Hà Nội),Hà Nội,2026,24.33,confirmed_2_sources,2,60.0,45000000.0,45000000.0,observed,Công nghệ thông tin - Máy tính - Dữ liệu - AI,train
NHS:7220201,NHS,7220201,Ngôn ngữ Anh,7220201,ngon_ngu,standard,,A01;D01;D07;D09;D10;D14;D15,A01,,https://diemthi.vnexpress.net/tra-cuu-dai-hoc/loadbenchmark/id/277/year/2026/sortby/1/block_name/-1,Trường Đại học Ngân hàng tp. Hồ Chí Minh,TP. Hồ Chí Minh,2026,21.83,confirmed_2_sources,6,150.0,23210000.0,23210000.0,observed,Ngôn ngữ - Văn hóa - Quốc tế học,train
NHS:7220201DB,NHS,7220201DB,Ngôn ngữ Anh ĐB,7220201,ngon_ngu,standard,,A01;D01;D07;D09;D10,A01,,https://diemthi.vnexpress.net/tra-cuu-dai-hoc/loadbenchmark/id/277/year/2026/sortby/1/block_name/-1,Trường Đại học Ngân hàng tp. Hồ Chí Minh,TP. Hồ Chí Minh,2026,18.55,confirmed_2_sources,1,120.0,23210000.0,23210000.0,estimated,Ngôn ngữ - Văn hóa - Quốc tế học,train
NHS:7220204,NHS,7220204,Ngôn ngữ Trung Quốc,7220204,ngon_ngu,standard,,A01;D01;D07;D09;D10,A01,,https://diemthi.vnexpress.net/tra-cuu-dai-hoc/loadbenchmark/id/277/year/2026/sortby/1/block_name/-1,Trường Đại học Ngân hàng tp. Hồ Chí Minh,TP. Hồ Chí Minh,2026,19.0,confirmed_2_sources,1,80.0,23210000.0,23210000.0,estimated,Ngôn ngữ - Văn hóa - Quốc tế học,train
NHS:7310106,NHS,7310106,Kinh tế quốc tế,7310106,kinh_te,international,,A00;A01;C01;C02;D01;D07;X02;X26,A00,"Học bằng tiếng Anh (thường cần trình độ tiếng Anh tốt, có thể yêu cầu IELTS/chứng chỉ khi nhập học) | Chương trình liên kết/quốc tế: học phí cao hơn chương trình chuẩn",https://diemthi.vnexpress.net/tra-cuu-dai-hoc/loadbenchmark/id/277/year/2026/sortby/1/block_name/-1,Trường Đại học Ngân hàng tp. Hồ Chí Minh,TP. Hồ Chí Minh,2026,22.99,confirmed_2_sources,7,120.0,23210000.0,23210000.0,observed,Kinh tế - Kinh doanh - Quản trị - Marketing - Thương mại,train
NHS:7310106TA,NHS,7310106TA,Kinh tế quốc tế TABP,7310106,kinh_te,international,,A00;A01;C01;C02;D01;D07;X02;X26,A00,"Học bằng tiếng Anh (thường cần trình độ tiếng Anh tốt, có thể yêu cầu IELTS/chứng chỉ khi nhập học) | Chương trình liên kết/quốc tế: học phí cao hơn chương trình chuẩn",https://diemthi.vnexpress.net/tra-cuu-dai-hoc/loadbenchmark/id/277/year/2026/sortby/1/block_name/-1,Trường Đại học Ngân hàng tp. Hồ Chí Minh,TP. Hồ Chí Minh,2026,21.0,confirmed_2_sources,1,80.0,23210000.0,23210000.0,estimated,Kinh tế - Kinh doanh - Quản trị - Marketing - Thương mại,train
NHS:7340101,NHS,7340101,Quản trị Kinh doanh,7340101,kinh_te,standard,,A00;A01;C01;C02;D01;D07;X02;X26,A00,,https://diemthi.vnexpress.net/tra-cuu-dai-hoc/loadbenchmark/id/277/year/2026/sortby/1/block_name/-1,Trường Đại học Ngân hàng tp. Hồ Chí Minh,TP. Hồ Chí Minh,2026,22.77,confirmed_2_sources,7,60.0,23210000.0,23210000.0,observed,Kinh tế - Kinh doanh - Quản trị - Marketing - Thương mại,train
NHS:7340101QT,NHS,7340101QT,Quản trị kinh doanh (liên kết quốc tế do Đại học Troy - Hoa Kỳ cấp bằng),7340101,kinh_te,international,,A00;A01;A03;A04;A06;A07;C01;C02;D01;D07;D09;D10;X02;X26;A05,A00,"Học bằng tiếng Anh (thường cần trình độ tiếng Anh tốt, có thể yêu cầu IELTS/chứng chỉ khi nhập học) | Chương trình liên kết/quốc tế: học phí cao hơn chương trình chuẩn",https://diemthi.vnexpress.net/tra-cuu-dai-hoc/loadbenchmark/id/277/year/2026/sortby/1/block_name/-1,Trường Đại học Ngân hàng tp. Hồ Chí Minh,TP. Hồ Chí Minh,2026,16.0,confirmed_2_sources,1,150.0,23210000.0,23210000.0,estimated,Kinh tế - Kinh doanh - Quản trị - Marketing - Thương mại,train
NHS:7340101SB,NHS,7340101SB,Quản trị kinh doanh (Quốc tế song bằng),7340101,kinh_te,international,,A00;A01;C01;C02;D01;D07;X02;X26,A00,"Học bằng tiếng Anh (thường cần trình độ tiếng Anh tốt, có thể yêu cầu IELTS/chứng chỉ khi nhập học) | Chương trình liên kết/quốc tế: học phí cao hơn chương trình chuẩn",https://diemthi.vnexpress.net/tra-cuu-dai-hoc/loadbenchmark/id/277/year/2026/sortby/1/block_name/-1,Trường Đại học Ngân hàng tp. Hồ Chí Minh,TP. Hồ Chí Minh,2026,19.6,confirmed_2_sources,1,40.0,23210000.0,23210000.0,estimated,Kinh tế - Kinh doanh - Quản trị - Marketing - Thương mại,train
NHS:7340101TA,NHS,7340101TA,Quản trị kinh doanh (Đào tạo bằng tiếng Anh),7340101,ngon_ngu,standard,,A00;A01;C01;C02;D01;D07;X02;X26,A00,"Học bằng tiếng Anh (thường cần trình độ tiếng Anh tốt, có thể yêu cầu IELTS/chứng chỉ khi nhập học)",https://diemthi.vnexpress.net/tra-cuu-dai-hoc/loadbenchmark/id/277/year/2026/sortby/1/block_name/-1,Trường Đại học Ngân hàng tp. Hồ Chí Minh,TP. Hồ Chí Minh,2026,18.35,confirmed_2_sources,1,400.0,23210000.0,23210000.0,estimated,Ngôn ngữ - Văn hóa - Quốc tế học,train
NHS:7340115,NHS,7340115,Marketing,7340115,kinh_te,standard,,A00;A01;C01;C02;D01;D07;X02;X26,A00,,https://diemthi.vnexpress.net/tra-cuu-dai-hoc/loadbenchmark/id/277/year/2026/sortby/1/block_name/-1,Trường Đại học Ngân hàng tp. Hồ Chí Minh,TP. Hồ Chí Minh,2026,23.47,confirmed_2_sources,3,120.0,23210000.0,23210000.0,observed,Kinh tế - Kinh doanh - Quản trị - Marketing - Thương mại,train
NHS:7340120,NHS,7340120,Ngành Kinh doanh quốc tế,7340120,kinh_te,international,,A00;A01;C01;C02;D01;D07;X02;X26,A00,"Học bằng tiếng Anh (thường cần trình độ tiếng Anh tốt, có thể yêu cầu IELTS/chứng chỉ khi nhập học) | Chương trình liên kết/quốc tế: học phí cao hơn chương trình chuẩn",https://diemthi.vnexpress.net/tra-cuu-dai-hoc/loadbenchmark/id/277/year/2026/sortby/1/block_name/-1,Trường Đại học Ngân hàng tp. Hồ Chí Minh,TP. Hồ Chí Minh,2026,24.53,confirmed_2_sources,3,70.0,23210000.0,23210000.0,observed,Kinh tế - Kinh doanh - Quản trị - Marketing - Thương mại,train
NHS:7340120TA,NHS,7340120TA,Kinh doanh quốc tế TABP,7340120,kinh_te,international,,A00;A01;C01;C02;D01;D07;X02;X26,A00,"Học bằng tiếng Anh (thường cần trình độ tiếng Anh tốt, có thể yêu cầu IELTS/chứng chỉ khi nhập học) | Chương trình liên kết/quốc tế: học phí cao hơn chương trình chuẩn",https://diemthi.vnexpress.net/tra-cuu-dai-hoc/loadbenchmark/id/277/year/2026/sortby/1/block_name/-1,Trường Đại học Ngân hàng tp. Hồ Chí Minh,TP. Hồ Chí Minh,2026,23.23,confirmed_2_sources,1,80.0,23210000.0,23210000.0,estimated,Kinh tế - Kinh doanh - Quản trị - Marketing - Thương mại,train
NHS:7340122,NHS,7340122,Thương mại điện tử,7340122,kinh_te,standard,,A00;A01;C01;C02;D01;D07;X02;X26,A00,,https://diemthi.vnexpress.net/tra-cuu-dai-hoc/loadbenchmark/id/277/year/2026/sortby/1/block_name/-1,Trường Đại học Ngân hàng tp. Hồ Chí Minh,TP. Hồ Chí Minh,2026,23.96,confirmed_2_sources,2,60.0,23210000.0,23210000.0,observed,Kinh tế - Kinh doanh - Quản trị - Marketing - Thương mại,train
NHS:7340122TA,NHS,7340122TA,Thương mại điện tử TABP,7340122,kinh_te,standard,,A00;A01;C01;C02;D01;D07;X02;X26,A00,,https://diemthi.vnexpress.net/tra-cuu-dai-hoc/loadbenchmark/id/277/year/2026/sortby/1/block_name/-1,Trường Đại học Ngân hàng tp. Hồ Chí Minh,TP. Hồ Chí Minh,2026,21.5,confirmed_2_sources,1,80.0,23210000.0,23210000.0,estimated,Kinh tế - Kinh doanh - Quản trị - Marketing - Thương mại,train
NHS:7340201,NHS,7340201,Tài chính – Ngân hàng,7340201,tai_chinh,standard,,A00;A01;C01;C02;D01;D07;X02;X26,A00,,https://diemthi.vnexpress.net/tra-cuu-dai-hoc/loadbenchmark/id/277/year/2026/sortby/1/block_name/-1,Trường Đại học Ngân hàng tp. Hồ Chí Minh,TP. Hồ Chí Minh,2026,23.48,confirmed_2_sources,7,350.0,23210000.0,23210000.0,observed,Tài chính - Ngân hàng - Kế toán - Kiểm toán - Bảo hiểm,train
NHS:7340201EL,NHS,7340201EL,Tài chính - Ngân hàng chương trình tinh hoa (Elite Class),7340201,tai_chinh,standard,,A00;A01;C01;C02;D01;D07;X02;X26,A00,,https://diemthi.vnexpress.net/tra-cuu-dai-hoc/loadbenchmark/id/277/year/2026/sortby/1/block_name/-1,Trường Đại học Ngân hàng tp. Hồ Chí Minh,TP. Hồ Chí Minh,2026,16.0,confirmed_2_sources,1,60.0,23210000.0,23210000.0,estimated,Tài chính - Ngân hàng - Kế toán - Kiểm toán - Bảo hiểm,train
NHS:7340201QT,NHS,7340201QT,ĐHCQ quốc tế Tài chính - Ngân hàng,7340201,tai_chinh,international,,A00;A01;A03;A04;A06;A07;C01;C02;D01;D07;D09;D10;X02;X26;A05,A00,"Học bằng tiếng Anh (thường cần trình độ tiếng Anh tốt, có thể yêu cầu IELTS/chứng chỉ khi nhập học) | Chương trình liên kết/quốc tế: học phí cao hơn chương trình chuẩn",https://diemthi.vnexpress.net/tra-cuu-dai-hoc/loadbenchmark/id/277/year/2026/sortby/1/block_name/-1,Trường Đại học Ngân hàng tp. Hồ Chí Minh,TP. Hồ Chí Minh,2026,16.0,confirmed_2_sources,1,60.0,23210000.0,23210000.0,estimated,Tài chính - Ngân hàng - Kế toán - Kiểm toán - Bảo hiểm,train
NHS:7340201SB,NHS,7340201SB,Tài chính - Ngân hàng (Quốc tế song bằng),7340201,tai_chinh,international,,A00;A01;C01;C02;D01;D07;X02;X26,A00,"Học bằng tiếng Anh (thường cần trình độ tiếng Anh tốt, có thể yêu cầu IELTS/chứng chỉ khi nhập học) | Chương trình liên kết/quốc tế: học phí cao hơn chương trình chuẩn",https://diemthi.vnexpress.net/tra-cuu-dai-hoc/loadbenchmark/id/277/year/2026/sortby/1/block_name/-1,Trường Đại học Ngân hàng tp. Hồ Chí Minh,TP. Hồ Chí Minh,2026,19.78,confirmed_2_sources,1,40.0,23210000.0,23210000.0,estimated,Tài chính - Ngân hàng - Kế toán - Kiểm toán - Bảo hiểm,train
NHS:7340201TA,NHS,7340201TA,Tài chính - Ngân hàng (CTĐT bằng Tiếng Anh),7340201,tai_chinh,standard,,A00;A01;C01;C02;D01;D07;X02;X26,A00,"Học bằng tiếng Anh (thường cần trình độ tiếng Anh tốt, có thể yêu cầu IELTS/chứng chỉ khi nhập học)",https://diemthi.vnexpress.net/tra-cuu-dai-hoc/loadbenchmark/id/277/year/2026/sortby/1/block_name/-1,Trường Đại học Ngân hàng tp. Hồ Chí Minh,TP. Hồ Chí Minh,2026,19.03,confirmed_2_sources,1,1200.0,23210000.0,23210000.0,estimated,Tài chính - Ngân hàng - Kế toán - Kiểm toán - Bảo hiểm,train
NHS:7340204,NHS,7340204,Bảo hiểm,7340204,tai_chinh,standard,,A00;A01;C01;C02;D01;D07;X02;X26,A00,,https://diemthi.vnexpress.net/tra-cuu-dai-hoc/loadbenchmark/id/277/year/2026/sortby/1/block_name/-1,Trường Đại học Ngân hàng tp. Hồ Chí Minh,TP. Hồ Chí Minh,2026,16.1,confirmed_2_sources,1,70.0,23210000.0,23210000.0,estimated,Tài chính - Ngân hàng - Kế toán - Kiểm toán - Bảo hiểm,train
NHS:7340205,NHS,7340205,Công nghệ tài chính,7340205,tai_chinh,standard,,A00;A01;C01;C02;D01;D07;X02;X26,A00,,https://diemthi.vnexpress.net/tra-cuu-dai-hoc/loadbenchmark/id/277/year/2026/sortby/1/block_name/-1,Trường Đại học Ngân hàng tp. Hồ Chí Minh,TP. Hồ Chí Minh,2026,22.82,confirmed_2_sources,3,120.0,23210000.0,23210000.0,observed,Tài chính - Ngân hàng - Kế toán - Kiểm toán - Bảo hiểm,train
NHS:7340301,NHS,7340301,Kế toán,7340301,tai_chinh,standard,,A00;A01;C01;C02;D01;D07;X02;X26,A00,,https://diemthi.vnexpress.net/tra-cuu-dai-hoc/loadbenchmark/id/277/year/2026/sortby/1/block_name/-1,Trường Đại học Ngân hàng tp. Hồ Chí Minh,TP. Hồ Chí Minh,2026,23.48,confirmed_2_sources,7,150.0,23210000.0,23210000.0,observed,Tài chính - Ngân hàng - Kế toán - Kiểm toán - Bảo hiểm,train
NHS:7340301TA,NHS,7340301TA,Kế toán đào tạo bằng tiếng Anh,7340301,tai_chinh,standard,,A00;A01;C01;C02;D01;D07;X02;X26,A00,"Học bằng tiếng Anh (thường cần trình độ tiếng Anh tốt, có thể yêu cầu IELTS/chứng chỉ khi nhập học)",https://diemthi.vnexpress.net/tra-cuu-dai-hoc/loadbenchmark/id/277/year/2026/sortby/1/block_name/-1,Trường Đại học Ngân hàng tp. Hồ Chí Minh,TP. Hồ Chí Minh,2026,19.76,confirmed_2_sources,1,290.0,23210000.0,23210000.0,estimated,Tài chính - Ngân hàng - Kế toán - Kiểm toán - Bảo hiểm,train
NHS:7340302,NHS,7340302,Kiểm toán,7340302,tai_chinh,standard,,A00;A01;C01;C02;D01;D07;X02;X26,A00,,https://diemthi.vnexpress.net/tra-cuu-dai-hoc/loadbenchmark/id/277/year/2026/sortby/1/block_name/-1,Trường Đại học Ngân hàng tp. Hồ Chí Minh,TP. Hồ Chí Minh,2026,24.48,confirmed_2_sources,2,60.0,23210000.0,23210000.0,observed,Tài chính - Ngân hàng - Kế toán - Kiểm toán - Bảo hiểm,train
NHS:7340405,NHS,7340405,Hệ thống thông tin,7340405,cntt,standard,,A00;A01;C01;C02;D01;D07;X02;X26,A00,,https://diemthi.vnexpress.net/tra-cuu-dai-hoc/loadbenchmark/id/277/year/2026/sortby/1/block_name/-1,Trường Đại học Ngân hàng tp. Hồ Chí Minh,TP. Hồ Chí Minh,2026,23.2,confirmed_2_sources,7,170.0,23210000.0,23210000.0,observed,Công nghệ thông tin - Máy tính - Dữ liệu - AI,train
NHS:7340405TA,NHS,7340405TA,Hệ thống thông tin quản lý TABP,7340405,cntt,standard,,A00;A01;C01;C02;D01;D07;X02;X26,A00,,https://diemthi.vnexpress.net/tra-cuu-dai-hoc/loadbenchmark/id/277/year/2026/sortby/1/block_name/-1,Trường Đại học Ngân hàng tp. Hồ Chí Minh,TP. Hồ Chí Minh,2026,20.5,confirmed_2_sources,1,120.0,23210000.0,23210000.0,estimated,Công nghệ thông tin - Máy tính - Dữ liệu - AI,train
NHS:7380101,NHS,7380101,Ngành Luật,7380101,luat,standard,,A01;A03;D07;D09;A00;C00;D01;D14;C01;C02,A01,,https://diemthi.vnexpress.net/tra-cuu-dai-hoc/loadbenchmark/id/277/year/2026/sortby/1/block_name/-1,Trường Đại học Ngân hàng tp. Hồ Chí Minh,TP. Hồ Chí Minh,2026,20.0,confirmed_2_sources,2,60.0,23210000.0,23210000.0,observed,Luật,train
NHS:7380107,NHS,7380107,Luật kinh tế,7380107,luat,standard,,A01;A03;D07;D09;A00;D01;C00;D14;C01;C02,A01,,https://diemthi.vnexpress.net/tra-cuu-dai-hoc/loadbenchmark/id/277/year/2026/sortby/1/block_name/-1,Trường Đại học Ngân hàng tp. Hồ Chí Minh,TP. Hồ Chí Minh,2026,21.9,confirmed_2_sources,7,122.0,23210000.0,23210000.0,observed,Luật,train
NHS:7380107TA,NHS,7380107TA,Luật kinh tế TABP,7380107,luat,standard,,A00;A01;C01;C02;D01;D07,A00,,https://diemthi.vnexpress.net/tra-cuu-dai-hoc/loadbenchmark/id/277/year/2026/sortby/1/block_name/-1,Trường Đại học Ngân hàng tp. Hồ Chí Minh,TP. Hồ Chí Minh,2026,20.0,confirmed_2_sources,1,80.0,23210000.0,23210000.0,estimated,Luật,train
NHS:7460108,NHS,7460108,Khoa học dữ liệu (Data Science),7460108,cntt,standard,,A00;A01;C01;C02;D01;D07;X02;X26,A00,,https://diemthi.vnexpress.net/tra-cuu-dai-hoc/loadbenchmark/id/277/year/2026/sortby/1/block_name/-1,Trường Đại học Ngân hàng tp. Hồ Chí Minh,TP. Hồ Chí Minh,2026,21.8,confirmed_2_sources,3,120.0,23210000.0,23210000.0,observed,Công nghệ thông tin - Máy tính - Dữ liệu - AI,train
NHS:7480107,NHS,7480107,Trí tuệ nhân tạo,7480107,cntt,standard,,A00;A01;C01;C02;D01;D07;X02;X26,A00,,https://diemthi.vnexpress.net/tra-cuu-dai-hoc/loadbenchmark/id/277/year/2026/sortby/1/block_name/-1,Trường Đại học Ngân hàng tp. Hồ Chí Minh,TP. Hồ Chí Minh,2026,20.1,confirmed_2_sources,2,110.0,23210000.0,23210000.0,observed,Công nghệ thông tin - Máy tính - Dữ liệu - AI,train
NHS:7480201,NHS,7480201,Công nghệ thông tin,7480201,cntt,standard,,A00;A01;C01;C02;D01;D07;X02;X26,A00,,https://diemthi.vnexpress.net/tra-cuu-dai-hoc/loadbenchmark/id/277/year/2026/sortby/1/block_name/-1,Trường Đại học Ngân hàng tp. Hồ Chí Minh,TP. Hồ Chí Minh,2026,19.3,confirmed_2_sources,1,60.0,23210000.0,23210000.0,estimated,Công nghệ thông tin - Máy tính - Dữ liệu - AI,train
NHS:7510605,NHS,7510605,Logistics và Quản lý chuỗi cung ứng,7510605,du_lich,standard,,A00;A01;C01;C02;D01;D07;X02;X26,A00,,https://diemthi.vnexpress.net/tra-cuu-dai-hoc/loadbenchmark/id/277/year/2026/sortby/1/block_name/-1,Trường Đại học Ngân hàng tp. Hồ Chí Minh,TP. Hồ Chí Minh,2026,23.56,confirmed_2_sources,3,120.0,23210000.0,23210000.0,observed,Du lịch - Khách sạn - Logistics - Hàng không - Dịch vụ,train
NHS:7810201,NHS,7810201,Quản trị khách sạn,7810201,du_lich,standard,,A00;A01;C01;C02;D01;D07;X02;X26,A00,,https://diemthi.vnexpress.net/tra-cuu-dai-hoc/loadbenchmark/id/277/year/2026/sortby/1/block_name/-1,Trường Đại học Ngân hàng tp. Hồ Chí Minh,TP. Hồ Chí Minh,2026,19.25,confirmed_2_sources,1,60.0,23210000.0,23210000.0,estimated,Du lịch - Khách sạn - Logistics - Hàng không - Dịch vụ,train
NLS:7140215,NLS,7140215,Sư phạm kỹ thuật nông nghiệp,7140215,su_pham,standard,,A01;B00;D08;X12;X16;X28;A00,A01,"Sư phạm: không nhận thí sinh bị dị hình, dị tật, nói ngọng, nói lắp; điểm sàn của Bộ",https://diemthi.vnexpress.net/tra-cuu-dai-hoc/loadbenchmark/id/278/year/2026/sortby/1/block_name/-1,Trường Đại học Nông lâm Tp. Hồ Chí Minh,TP. Hồ Chí Minh,2026,24.0,confirmed_2_sources,4,,,,missing,Sư phạm - Giáo dục,train
NLS:7220201,NLS,7220201,Ngôn ngữ Anh,7220201,ngon_ngu,standard,,A01;C00;C03;C04;D01;D14;D15;X03;X04;X70;X74,A01,,https://diemthi.vnexpress.net/tra-cuu-dai-hoc/loadbenchmark/id/278/year/2026/sortby/1/block_name/-1,Trường Đại học Nông lâm Tp. Hồ Chí Minh,TP. Hồ Chí Minh,2026,23.1,confirmed_2_sources,4,,,,missing,Ngôn ngữ - Văn hóa - Quốc tế học,train
NLS:7220201N,NLS,7220201N,Ngôn ngữ Anh (phân hiệu Ninh Thuận),7220201,ngon_ngu,standard,Ninh Thuận,A01;C00;C03;C04;D01;D14;D15;X03;X04;X70;X74,A01,Học tại Ninh Thuận,https://diemthi.vnexpress.net/tra-cuu-dai-hoc/loadbenchmark/id/278/year/2026/sortby/1/block_name/-1,Trường Đại học Nông lâm Tp. Hồ Chí Minh,TP. Hồ Chí Minh,2026,16.0,confirmed_2_sources,2,,,,missing,Ngôn ngữ - Văn hóa - Quốc tế học,train
NLS:7310101,NLS,7310101,Kinh tế,7310101,kinh_te,standard,,A00;A01;D01;X01;X02;X25,A00,,https://diemthi.vnexpress.net/tra-cuu-dai-hoc/loadbenchmark/id/278/year/2026/sortby/1/block_name/-1,Trường Đại học Nông lâm Tp. Hồ Chí Minh,TP. Hồ Chí Minh,2026,22.0,confirmed_2_sources,5,,,,missing,Kinh tế - Kinh doanh - Quản trị - Marketing - Thương mại,train
NLS:7310101C,NLS,7310101C,Kinh tế CLC,7310101,kinh_te,high_quality,,A00;A01;D01;X01;X02;X25,A00,,https://diemthi.vnexpress.net/tra-cuu-dai-hoc/loadbenchmark/id/278/year/2026/sortby/1/block_name/-1,Trường Đại học Nông lâm Tp. Hồ Chí Minh,TP. Hồ Chí Minh,2026,22.0,confirmed_2_sources,2,,,,missing,Kinh tế - Kinh doanh - Quản trị - Marketing - Thương mại,train
NLS:7340101,NLS,7340101,Quản trị Kinh doanh,7340101,kinh_te,standard,,A00;A01;D01;X01;X02;X25,A00,,https://diemthi.vnexpress.net/tra-cuu-dai-hoc/loadbenchmark/id/278/year/2026/sortby/1/block_name/-1,Trường Đại học Nông lâm Tp. Hồ Chí Minh,TP. Hồ Chí Minh,2026,21.3,confirmed_2_sources,5,,,,missing,Kinh tế - Kinh doanh - Quản trị - Marketing - Thương mại,train
NLS:7340101N,NLS,7340101N,Quản trị kinh doanh (Chuyên ngành Quản trị Nhà hàng - Khách sạn),7340101,du_lich,standard,,A00;A01;D01;X01;X02;X25,A00,,https://diemthi.vnexpress.net/tra-cuu-dai-hoc/loadbenchmark/id/278/year/2026/sortby/1/block_name/-1,Trường Đại học Nông lâm Tp. Hồ Chí Minh,TP. Hồ Chí Minh,2026,16.0,confirmed_2_sources,4,,,,missing,Du lịch - Khách sạn - Logistics - Hàng không - Dịch vụ,train
NLS:7340116,NLS,7340116,Bất động sản,7340116,kinh_te,standard,,A00;A01;C01;C04;D01;X01;A04,A00,,https://diemthi.vnexpress.net/tra-cuu-dai-hoc/loadbenchmark/id/278/year/2026/sortby/1/block_name/-1,Trường Đại học Nông lâm Tp. Hồ Chí Minh,TP. Hồ Chí Minh,2026,19.5,confirmed_2_sources,4,,,,missing,Kinh tế - Kinh doanh - Quản trị - Marketing - Thương mại,train
NLS:7340301,NLS,7340301,Kế toán,7340301,tai_chinh,standard,,A00;A01;D01;X01;X02;X25,A00,,https://diemthi.vnexpress.net/tra-cuu-dai-hoc/loadbenchmark/id/278/year/2026/sortby/1/block_name/-1,Trường Đại học Nông lâm Tp. Hồ Chí Minh,TP. Hồ Chí Minh,2026,23.5,confirmed_2_sources,5,,,,missing,Tài chính - Ngân hàng - Kế toán - Kiểm toán - Bảo hiểm,train
NLS:7340301N,NLS,7340301N,Kế toán,7340301,tai_chinh,standard,,A00;A01;D01;X01;X02;X25,A00,,https://diemthi.vnexpress.net/tra-cuu-dai-hoc/loadbenchmark/id/278/year/2026/sortby/1/block_name/-1,Trường Đại học Nông lâm Tp. Hồ Chí Minh,TP. Hồ Chí Minh,2026,16.0,confirmed_2_sources,4,,,,missing,Tài chính - Ngân hàng - Kế toán - Kiểm toán - Bảo hiểm,train
NLS:7420201,NLS,7420201,Công nghệ sinh học,7420201,sinh_hoa,standard,,A02;B00;B03;D08;X14;A00,A02,,https://diemthi.vnexpress.net/tra-cuu-dai-hoc/loadbenchmark/id/278/year/2026/sortby/1/block_name/-1,Trường Đại học Nông lâm Tp. Hồ Chí Minh,TP. Hồ Chí Minh,2026,23.5,confirmed_2_sources,4,,,,missing,Sinh học - Hóa học - Công nghệ sinh học - Thực phẩm,train
NLS:7440301,NLS,7440301,Khoa học môi trường,7440301,nong_lam_mt,standard,,A00;A01;A02;B00;D07;D08,A00,,https://diemthi.vnexpress.net/tra-cuu-dai-hoc/loadbenchmark/id/278/year/2026/sortby/1/block_name/-1,Trường Đại học Nông lâm Tp. Hồ Chí Minh,TP. Hồ Chí Minh,2026,21.55,confirmed_2_sources,4,,,,missing,Nông - Lâm - Thủy sản - Môi trường - Tài nguyên,train
NLS:7480104,NLS,7480104,Hệ thống thông tin,7480104,cntt,standard,,A00;A01;A04;D01;D07;X26,A00,,https://diemthi.vnexpress.net/tra-cuu-dai-hoc/loadbenchmark/id/278/year/2026/sortby/1/block_name/-1,Trường Đại học Nông lâm Tp. Hồ Chí Minh,TP. Hồ Chí Minh,2026,21.5,confirmed_2_sources,4,,,,missing,Công nghệ thông tin - Máy tính - Dữ liệu - AI,train
NLS:7480201,NLS,7480201,Công nghệ thông tin,7480201,cntt,standard,,A00;A01;D07;X06;X07;X10,A00,,https://diemthi.vnexpress.net/tra-cuu-dai-hoc/loadbenchmark/id/278/year/2026/sortby/1/block_name/-1,Trường Đại học Nông lâm Tp. Hồ Chí Minh,TP. Hồ Chí Minh,2026,20.5,confirmed_2_sources,4,,,,missing,Công nghệ thông tin - Máy tính - Dữ liệu - AI,train
NLS:7480201C,NLS,7480201C,Công nghệ thông tin (CTCLC),7480201,cntt,standard,,A00;A01;D07;X06;X07;X10,A00,,https://diemthi.vnexpress.net/tra-cuu-dai-hoc/loadbenchmark/id/278/year/2026/sortby/1/block_name/-1,Trường Đại học Nông lâm Tp. Hồ Chí Minh,TP. Hồ Chí Minh,2026,20.5,confirmed_2_sources,2,,,,missing,Công nghệ thông tin - Máy tính - Dữ liệu - AI,train
NLS:7480201N,NLS,7480201N,Công nghệ thông tin,7480201,cntt,standard,,A00;A01;D07;X06;X07;X10,A00,,https://diemthi.vnexpress.net/tra-cuu-dai-hoc/loadbenchmark/id/278/year/2026/sortby/1/block_name/-1,Trường Đại học Nông lâm Tp. Hồ Chí Minh,TP. Hồ Chí Minh,2026,16.0,confirmed_2_sources,3,,,,missing,Công nghệ thông tin - Máy tính - Dữ liệu - AI,train
NLS:7510201,NLS,7510201,Công nghệ kỹ thuật cơ khí chuyên ngành Cơ khí chế tạo,7510201,ky_thuat,standard,,A00;A01;A02;C01;X06;X07;D07,A00,,https://diemthi.vnexpress.net/tra-cuu-dai-hoc/loadbenchmark/id/278/year/2026/sortby/1/block_name/-1,Trường Đại học Nông lâm Tp. Hồ Chí Minh,TP. Hồ Chí Minh,2026,23.65,confirmed_2_sources,4,,,,missing,"Kỹ thuật - Công nghệ (cơ khí, điện, điện tử, ô tô, tự động hóa, vật liệu)",train
NLS:7510201C,NLS,7510201C,Công nghệ kỹ thuật cơ khí,7510201,ky_thuat,standard,,A00;A01;A02;C01;X06;X07;D07,A00,,https://diemthi.vnexpress.net/tra-cuu-dai-hoc/loadbenchmark/id/278/year/2026/sortby/1/block_name/-1,Trường Đại học Nông lâm Tp. Hồ Chí Minh,TP. Hồ Chí Minh,2026,23.65,confirmed_2_sources,4,,,,missing,"Kỹ thuật - Công nghệ (cơ khí, điện, điện tử, ô tô, tự động hóa, vật liệu)",train
NLS:7510203,NLS,7510203,Công nghệ kỹ thuật cơ điện tử,7510203,ky_thuat,standard,,A00;A01;A02;C01;X06;X07;D07,A00,,https://diemthi.vnexpress.net/tra-cuu-dai-hoc/loadbenchmark/id/278/year/2026/sortby/1/block_name/-1,Trường Đại học Nông lâm Tp. Hồ Chí Minh,TP. Hồ Chí Minh,2026,24.15,confirmed_2_sources,4,,,,missing,"Kỹ thuật - Công nghệ (cơ khí, điện, điện tử, ô tô, tự động hóa, vật liệu)",train
NLS:7510205,NLS,7510205,Công nghệ kỹ thuật ô tô,7510205,ky_thuat,standard,,A00;A01;A02;C01;X06;X07;D07,A00,,https://diemthi.vnexpress.net/tra-cuu-dai-hoc/loadbenchmark/id/278/year/2026/sortby/1/block_name/-1,Trường Đại học Nông lâm Tp. Hồ Chí Minh,TP. Hồ Chí Minh,2026,22.8,confirmed_2_sources,4,,,,missing,"Kỹ thuật - Công nghệ (cơ khí, điện, điện tử, ô tô, tự động hóa, vật liệu)",train
NLS:7510206,NLS,7510206,Công nghệ kỹ thuật nhiệt,7510206,ky_thuat,standard,,A00;A01;A02;C01;X06;X07;D07,A00,,https://diemthi.vnexpress.net/tra-cuu-dai-hoc/loadbenchmark/id/278/year/2026/sortby/1/block_name/-1,Trường Đại học Nông lâm Tp. Hồ Chí Minh,TP. Hồ Chí Minh,2026,23.6,confirmed_2_sources,4,,,,missing,"Kỹ thuật - Công nghệ (cơ khí, điện, điện tử, ô tô, tự động hóa, vật liệu)",train
NLS:7510401,NLS,7510401,Công nghệ kỹ thuật hoá học,7510401,sinh_hoa,standard,,A00;A01;A02;B00;D08;D07,A00,,https://diemthi.vnexpress.net/tra-cuu-dai-hoc/loadbenchmark/id/278/year/2026/sortby/1/block_name/-1,Trường Đại học Nông lâm Tp. Hồ Chí Minh,TP. Hồ Chí Minh,2026,24.3,confirmed_2_sources,4,,,,missing,Sinh học - Hóa học - Công nghệ sinh học - Thực phẩm,train
NLS:7510401C,NLS,7510401C,Công nghệ kỹ thuật hoá học (Chương trình chất lượng cao),7510401,sinh_hoa,high_quality,,A00;A01;A02;B00;D08;D07,A00,,https://diemthi.vnexpress.net/tra-cuu-dai-hoc/loadbenchmark/id/278/year/2026/sortby/1/block_name/-1,Trường Đại học Nông lâm Tp. Hồ Chí Minh,TP. Hồ Chí Minh,2026,24.3,confirmed_2_sources,3,,,,missing,Sinh học - Hóa học - Công nghệ sinh học - Thực phẩm,train
NLS:7519007,NLS,7519007,Công nghệ kỹ thuật năng lượng tái tạo,7519007,ky_thuat,standard,,A00;A01;A02;C01;X06;X07;D07,A00,,https://diemthi.vnexpress.net/tra-cuu-dai-hoc/loadbenchmark/id/278/year/2026/sortby/1/block_name/-1,Trường Đại học Nông lâm Tp. Hồ Chí Minh,TP. Hồ Chí Minh,2026,22.5,confirmed_2_sources,4,,,,missing,"Kỹ thuật - Công nghệ (cơ khí, điện, điện tử, ô tô, tự động hóa, vật liệu)",train
NLS:7519007N,NLS,7519007N,Công nghệ kỹ thuật năng lượng tái tạo,7519007,ky_thuat,standard,,A00;A01;A02;C01;X06;X07,A00,,https://diemthi.vnexpress.net/tra-cuu-dai-hoc/loadbenchmark/id/278/year/2026/sortby/1/block_name/-1,Trường Đại học Nông lâm Tp. Hồ Chí Minh,TP. Hồ Chí Minh,2026,16.0,confirmed_2_sources,4,,,,missing,"Kỹ thuật - Công nghệ (cơ khí, điện, điện tử, ô tô, tự động hóa, vật liệu)",train
NLS:7520216,NLS,7520216,Ngành Kỹ thuật điều khiển và Tự động hóa,7520216,ky_thuat,standard,,A00;A01;A02;C01;X06;X07;D07,A00,,https://diemthi.vnexpress.net/tra-cuu-dai-hoc/loadbenchmark/id/278/year/2026/sortby/1/block_name/-1,Trường Đại học Nông lâm Tp. Hồ Chí Minh,TP. Hồ Chí Minh,2026,24.85,confirmed_2_sources,4,,,,missing,"Kỹ thuật - Công nghệ (cơ khí, điện, điện tử, ô tô, tự động hóa, vật liệu)",train
NLS:7520320,NLS,7520320,Ngành Kỹ thuật môi trường,7520320,nong_lam_mt,standard,,A00;A01;B00;D08;D07;X28,A00,,https://diemthi.vnexpress.net/tra-cuu-dai-hoc/loadbenchmark/id/278/year/2026/sortby/1/block_name/-1,Trường Đại học Nông lâm Tp. Hồ Chí Minh,TP. Hồ Chí Minh,2026,21.75,confirmed_2_sources,4,,,,missing,Nông - Lâm - Thủy sản - Môi trường - Tài nguyên,train
NLS:7540101,NLS,7540101,Công nghệ thực phẩm,7540101,sinh_hoa,standard,,A00;A01;A02;B00;D07;D08,A00,,https://diemthi.vnexpress.net/tra-cuu-dai-hoc/loadbenchmark/id/278/year/2026/sortby/1/block_name/-1,Trường Đại học Nông lâm Tp. Hồ Chí Minh,TP. Hồ Chí Minh,2026,23.7,confirmed_2_sources,5,,,,missing,Sinh học - Hóa học - Công nghệ sinh học - Thực phẩm,train
NLS:7540101T,NLS,7540101T,Công nghệ thực phẩm (CT tiên tiến),7540101,sinh_hoa,advanced,,A00;A01;A02;B00;D07;D08,A00,"Học bằng tiếng Anh (thường cần trình độ tiếng Anh tốt, có thể yêu cầu IELTS/chứng chỉ khi nhập học)",https://diemthi.vnexpress.net/tra-cuu-dai-hoc/loadbenchmark/id/278/year/2026/sortby/1/block_name/-1,Trường Đại học Nông lâm Tp. Hồ Chí Minh,TP. Hồ Chí Minh,2026,23.7,confirmed_2_sources,4,,,,missing,Sinh học - Hóa học - Công nghệ sinh học - Thực phẩm,train
NLS:7540105,NLS,7540105,Công nghệ chế biến thủy sản,7540105,nong_lam_mt,standard,,A00;A01;B00;D01;B03;X04;D07;D08,A00,,https://diemthi.vnexpress.net/tra-cuu-dai-hoc/loadbenchmark/id/278/year/2026/sortby/1/block_name/-1,Trường Đại học Nông lâm Tp. Hồ Chí Minh,TP. Hồ Chí Minh,2026,20.9,confirmed_2_sources,4,,,,missing,Nông - Lâm - Thủy sản - Môi trường - Tài nguyên,train
NLS:7540106,NLS,7540106,Đảm bảo chất lượng và an toàn thực phẩm,7540106,sinh_hoa,standard,,A00;A01;A02;B00;D07;D08,A00,,https://diemthi.vnexpress.net/tra-cuu-dai-hoc/loadbenchmark/id/278/year/2026/sortby/1/block_name/-1,Trường Đại học Nông lâm Tp. Hồ Chí Minh,TP. Hồ Chí Minh,2026,22.75,confirmed_2_sources,2,,,,missing,Sinh học - Hóa học - Công nghệ sinh học - Thực phẩm,train
NLS:7549001,NLS,7549001,Công nghệ chế biến lâm sản,7549001,ky_thuat,standard,,A00;A01;B00;C04;D01;X04,A00,,https://diemthi.vnexpress.net/tra-cuu-dai-hoc/loadbenchmark/id/278/year/2026/sortby/1/block_name/-1,Trường Đại học Nông lâm Tp. Hồ Chí Minh,TP. Hồ Chí Minh,2026,19.2,confirmed_2_sources,4,,,,missing,"Kỹ thuật - Công nghệ (cơ khí, điện, điện tử, ô tô, tự động hóa, vật liệu)",train
NLS:7620105,NLS,7620105,Chăn nuôi,7620105,nong_lam_mt,standard,,A00;B00;B03;C02;D07;D08,A00,,https://diemthi.vnexpress.net/tra-cuu-dai-hoc/loadbenchmark/id/278/year/2026/sortby/1/block_name/-1,Trường Đại học Nông lâm Tp. Hồ Chí Minh,TP. Hồ Chí Minh,2026,20.8,confirmed_2_sources,4,,,,missing,Nông - Lâm - Thủy sản - Môi trường - Tài nguyên,train
NLS:7620105C,NLS,7620105C,Chăn nuôi chương trình nâng cao,7620105,nong_lam_mt,standard,,A00;B00;B03;C02;D07;D08,A00,,https://diemthi.vnexpress.net/tra-cuu-dai-hoc/loadbenchmark/id/278/year/2026/sortby/1/block_name/-1,Trường Đại học Nông lâm Tp. Hồ Chí Minh,TP. Hồ Chí Minh,2026,20.8,confirmed_2_sources,3,,,,missing,Nông - Lâm - Thủy sản - Môi trường - Tài nguyên,train
NLS:7620109,NLS,7620109,Nông học,7620109,nong_lam_mt,standard,,A00;B00;B03;A02;D07;D08,A00,,https://diemthi.vnexpress.net/tra-cuu-dai-hoc/loadbenchmark/id/278/year/2026/sortby/1/block_name/-1,Trường Đại học Nông lâm Tp. Hồ Chí Minh,TP. Hồ Chí Minh,2026,20.5,confirmed_2_sources,5,,,,missing,Nông - Lâm - Thủy sản - Môi trường - Tài nguyên,train
NLS:7620112,NLS,7620112,Bảo vệ thực vật,7620112,nong_lam_mt,standard,,A00;B00;B03;A02;D07;D08,A00,,https://diemthi.vnexpress.net/tra-cuu-dai-hoc/loadbenchmark/id/278/year/2026/sortby/1/block_name/-1,Trường Đại học Nông lâm Tp. Hồ Chí Minh,TP. Hồ Chí Minh,2026,21.2,confirmed_2_sources,4,,,,missing,Nông - Lâm - Thủy sản - Môi trường - Tài nguyên,train
NLS:7620114,NLS,7620114,Kinh doanh nông nghiệp,7620114,nong_lam_mt,standard,,A00;A01;D01;X01;X02;X25,A00,,https://diemthi.vnexpress.net/tra-cuu-dai-hoc/loadbenchmark/id/278/year/2026/sortby/1/block_name/-1,Trường Đại học Nông lâm Tp. Hồ Chí Minh,TP. Hồ Chí Minh,2026,21.6,confirmed_2_sources,4,,,,missing,Nông - Lâm - Thủy sản - Môi trường - Tài nguyên,train
NLS:7620116,NLS,7620116,Phát triển nông thôn,7620116,nong_lam_mt,standard,,A00;A01;D01;X01;X02;X25,A00,,https://diemthi.vnexpress.net/tra-cuu-dai-hoc/loadbenchmark/id/278/year/2026/sortby/1/block_name/-1,Trường Đại học Nông lâm Tp. Hồ Chí Minh,TP. Hồ Chí Minh,2026,20.0,confirmed_2_sources,4,,,,missing,Nông - Lâm - Thủy sản - Môi trường - Tài nguyên,train
NLS:7620201,NLS,7620201,Lâm học,7620201,nong_lam_mt,standard,,A00;B00;C04;X01;D01;D05;D08,A00,,https://diemthi.vnexpress.net/tra-cuu-dai-hoc/loadbenchmark/id/278/year/2026/sortby/1/block_name/-1,Trường Đại học Nông lâm Tp. Hồ Chí Minh,TP. Hồ Chí Minh,2026,19.7,confirmed_2_sources,4,,,,missing,Nông - Lâm - Thủy sản - Môi trường - Tài nguyên,train
NLS:7620202,NLS,7620202,Lâm nghiệp đô thị,7620202,xay_dung,standard,,A00;B00;C04;X01;D01;D05;D08,A00,,https://diemthi.vnexpress.net/tra-cuu-dai-hoc/loadbenchmark/id/278/year/2026/sortby/1/block_name/-1,Trường Đại học Nông lâm Tp. Hồ Chí Minh,TP. Hồ Chí Minh,2026,19.0,confirmed_2_sources,4,,,,missing,Kiến trúc - Xây dựng - Giao thông - Quy hoạch,train
NLS:7620211,NLS,7620211,Quản lý tài nguyên rừng,7620211,nong_lam_mt,standard,,A00;B00;C04;X01;D01;D05;D08,A00,,https://diemthi.vnexpress.net/tra-cuu-dai-hoc/loadbenchmark/id/278/year/2026/sortby/1/block_name/-1,Trường Đại học Nông lâm Tp. Hồ Chí Minh,TP. Hồ Chí Minh,2026,19.7,confirmed_2_sources,4,,,,missing,Nông - Lâm - Thủy sản - Môi trường - Tài nguyên,train
NLS:7620301,NLS,7620301,ĐH Nuôi trồng thủy sản,7620301,nong_lam_mt,standard,,B00;D07;D08;D01;B03;X04;A00,B00,,https://diemthi.vnexpress.net/tra-cuu-dai-hoc/loadbenchmark/id/278/year/2026/sortby/1/block_name/-1,Trường Đại học Nông lâm Tp. Hồ Chí Minh,TP. Hồ Chí Minh,2026,20.0,confirmed_2_sources,5,,,,missing,Nông - Lâm - Thủy sản - Môi trường - Tài nguyên,train
NLS:7640101,NLS,7640101,Thú y,7640101,y_duoc,standard,,A00;B00;B03;C02;D07;D08,A00,Khối sức khỏe: có ngưỡng điểm sàn của Bộ,https://diemthi.vnexpress.net/tra-cuu-dai-hoc/loadbenchmark/id/278/year/2026/sortby/1/block_name/-1,Trường Đại học Nông lâm Tp. Hồ Chí Minh,TP. Hồ Chí Minh,2026,24.6,confirmed_2_sources,5,,,,missing,Y - Dược - Điều dưỡng - Sức khỏe,train
NLS:7640101N,NLS,7640101N,Thú y,7640101,y_duoc,standard,,A00;B00;B03;C02;D07;D08,A00,Khối sức khỏe: có ngưỡng điểm sàn của Bộ,https://diemthi.vnexpress.net/tra-cuu-dai-hoc/loadbenchmark/id/278/year/2026/sortby/1/block_name/-1,Trường Đại học Nông lâm Tp. Hồ Chí Minh,TP. Hồ Chí Minh,2026,18.0,confirmed_2_sources,4,,,,missing,Y - Dược - Điều dưỡng - Sức khỏe,train
NLS:7640101T,NLS,7640101T,Thú y (CT tiên tiến),7640101,y_duoc,advanced,,A00;B00;B03;C02;D07;D08,A00,"Học bằng tiếng Anh (thường cần trình độ tiếng Anh tốt, có thể yêu cầu IELTS/chứng chỉ khi nhập học) | Khối sức khỏe: có ngưỡng điểm sàn của Bộ",https://diemthi.vnexpress.net/tra-cuu-dai-hoc/loadbenchmark/id/278/year/2026/sortby/1/block_name/-1,Trường Đại học Nông lâm Tp. Hồ Chí Minh,TP. Hồ Chí Minh,2026,24.6,confirmed_2_sources,4,,,,missing,Y - Dược - Điều dưỡng - Sức khỏe,train
NLS:7850101,NLS,7850101,Quản lý tài nguyên và môi trường,7850101,nong_lam_mt,standard,,A00;A01;B00;D01;D07;D08,A00,,https://diemthi.vnexpress.net/tra-cuu-dai-hoc/loadbenchmark/id/278/year/2026/sortby/1/block_name/-1,Trường Đại học Nông lâm Tp. Hồ Chí Minh,TP. Hồ Chí Minh,2026,21.5,confirmed_2_sources,4,,,,missing,Nông - Lâm - Thủy sản - Môi trường - Tài nguyên,train
NLS:7850103,NLS,7850103,Quản lý đất đai,7850103,nong_lam_mt,standard,,A00;A01;C01;C04;D01;X01;A04,A00,,https://diemthi.vnexpress.net/tra-cuu-dai-hoc/loadbenchmark/id/278/year/2026/sortby/1/block_name/-1,Trường Đại học Nông lâm Tp. Hồ Chí Minh,TP. Hồ Chí Minh,2026,21.2,confirmed_2_sources,4,,,,missing,Nông - Lâm - Thủy sản - Môi trường - Tài nguyên,train
NLS:7850103C,NLS,7850103C,Quản lý đất đai (chương trình nâng cao),7850103,nong_lam_mt,standard,,A00;A01;C01;C04;D01;X01,A00,,https://diemthi.vnexpress.net/tra-cuu-dai-hoc/loadbenchmark/id/278/year/2026/sortby/1/block_name/-1,Trường Đại học Nông lâm Tp. Hồ Chí Minh,TP. Hồ Chí Minh,2026,21.2,confirmed_2_sources,2,,,,missing,Nông - Lâm - Thủy sản - Môi trường - Tài nguyên,train
NLS:7859002,NLS,7859002,Tài nguyên và du lịch sinh thái,7859002,du_lich,standard,,A00;B00;B02;D01;D07;D08,A00,,https://diemthi.vnexpress.net/tra-cuu-dai-hoc/loadbenchmark/id/278/year/2026/sortby/1/block_name/-1,Trường Đại học Nông lâm Tp. Hồ Chí Minh,TP. Hồ Chí Minh,2026,20.5,confirmed_2_sources,4,,,,missing,Du lịch - Khách sạn - Logistics - Hàng không - Dịch vụ,train
NLS:7859007,NLS,7859007,Cảnh quan và kỹ thuật hoa viên,7859007,sinh_hoa,standard,,A00;B00;B02;D01;D07;D08,A00,,https://diemthi.vnexpress.net/tra-cuu-dai-hoc/loadbenchmark/id/278/year/2026/sortby/1/block_name/-1,Trường Đại học Nông lâm Tp. Hồ Chí Minh,TP. Hồ Chí Minh,2026,19.0,confirmed_2_sources,4,,,,missing,Sinh học - Hóa học - Công nghệ sinh học - Thực phẩm,train
NTH:NTHKD05,NTH,NTHKD05,"CT TT i-Hons Kinh doanh quốc tế và Phân tích dữ liệu kinh doanh (hợp tác với University of Queensland, Australia)",,cntt,international,,A00,A00,"Học bằng tiếng Anh (thường cần trình độ tiếng Anh tốt, có thể yêu cầu IELTS/chứng chỉ khi nhập học) | Chương trình liên kết/quốc tế: học phí cao hơn chương trình chuẩn",https://vietnamnet.vn/newsapi-edu/UniversityDetail/GetDetail?pageId=49ff289efde0446f9ae2f5c385595744&componentId=COMPONENT002302&keyword=NTH&year=2026&pageSize=25&pageIndex=0&typeOfTraining=0&subjectGroup=,Trường Đại học Ngoại thương,Hà Nội,2026,29.5,single_source,1,70.0,50000000.0,50000000.0,estimated,Công nghệ thông tin - Máy tính - Dữ liệu - AI,val
NTH:NTHKD06,NTH,NTHKD06,CT CLC Kinh doanh quốc tế,,kinh_te,international,,A00,A00,"Học bằng tiếng Anh (thường cần trình độ tiếng Anh tốt, có thể yêu cầu IELTS/chứng chỉ khi nhập học) | Chương trình liên kết/quốc tế: học phí cao hơn chương trình chuẩn",https://vietnamnet.vn/newsapi-edu/UniversityDetail/GetDetail?pageId=49ff289efde0446f9ae2f5c385595744&componentId=COMPONENT002302&keyword=NTH&year=2026&pageSize=25&pageIndex=0&typeOfTraining=0&subjectGroup=,Trường Đại học Ngoại thương,Hà Nội,2026,28.75,disputed,1,80.0,50000000.0,50000000.0,estimated,Kinh tế - Kinh doanh - Quản trị - Marketing - Thương mại,val
NTH:NTHKD07,NTH,NTHKD07,CT ĐHNNQT Kinh doanh quốc tế theo mô hình tiên tiến Nhật Bản,,kinh_te,international,,A00;A01;D01;D06;D07,A00,"Học bằng tiếng Anh (thường cần trình độ tiếng Anh tốt, có thể yêu cầu IELTS/chứng chỉ khi nhập học) | Chương trình liên kết/quốc tế: học phí cao hơn chương trình chuẩn",https://vietnamnet.vn/newsapi-edu/UniversityDetail/GetDetail?pageId=49ff289efde0446f9ae2f5c385595744&componentId=COMPONENT002302&keyword=NTH&year=2026&pageSize=25&pageIndex=0&typeOfTraining=0&subjectGroup=,Trường Đại học Ngoại thương,Hà Nội,2026,27.9,disputed,1,70.0,50000000.0,50000000.0,estimated,Kinh tế - Kinh doanh - Quản trị - Marketing - Thương mại,val
NTH:NTHKD08,NTH,NTHKD08,CT ĐHNNQT Kinh doanh sáng tạo và Công nghiệp văn hóa,,ngon_ngu,standard,,A00;A01;D01;D07,A00,,https://vietnamnet.vn/newsapi-edu/UniversityDetail/GetDetail?pageId=49ff289efde0446f9ae2f5c385595744&componentId=COMPONENT002302&keyword=NTH&year=2026&pageSize=25&pageIndex=1&typeOfTraining=0&subjectGroup=,Trường Đại học Ngoại thương,Hà Nội,2026,25.0,disputed,1,50.0,50000000.0,50000000.0,estimated,Ngôn ngữ - Văn hóa - Quốc tế học,val
NTH:NTHKE16,NTH,NTHKE16,CT TC Kế toán - Kiểm toán,,tai_chinh,standard,,A00;A01;D01;D07,A00,,https://vietnamnet.vn/newsapi-edu/UniversityDetail/GetDetail?pageId=49ff289efde0446f9ae2f5c385595744&componentId=COMPONENT002302&keyword=NTH&year=2026&pageSize=25&pageIndex=1&typeOfTraining=0&subjectGroup=,Trường Đại học Ngoại thương,Hà Nội,2026,27.1,disputed,1,70.0,50000000.0,50000000.0,estimated,Tài chính - Ngân hàng - Kế toán - Kiểm toán - Bảo hiểm,val
NTH:NTHKT01,NTH,NTHKT01,CT TT Kinh tế đối ngoại,,kinh_te,standard,,A00,A00,,https://vietnamnet.vn/newsapi-edu/UniversityDetail/GetDetail?pageId=49ff289efde0446f9ae2f5c385595744&componentId=COMPONENT002302&keyword=NTH&year=2026&pageSize=25&pageIndex=0&typeOfTraining=0&subjectGroup=,Trường Đại học Ngoại thương,Hà Nội,2026,29.7,single_source,1,80.0,50000000.0,50000000.0,estimated,Kinh tế - Kinh doanh - Quản trị - Marketing - Thương mại,val
NTH:NTHKT02,NTH,NTHKT02,CT CLC Kinh tế đối ngoại,,kinh_te,high_quality,,A00,A00,,https://vietnamnet.vn/newsapi-edu/UniversityDetail/GetDetail?pageId=49ff289efde0446f9ae2f5c385595744&componentId=COMPONENT002302&keyword=NTH&year=2026&pageSize=25&pageIndex=0&typeOfTraining=0&subjectGroup=,Trường Đại học Ngoại thương,Hà Nội,2026,28.75,disputed,1,220.0,50000000.0,50000000.0,estimated,Kinh tế - Kinh doanh - Quản trị - Marketing - Thương mại,val
NTH:NTHKT03,NTH,NTHKT03,CT ĐHNNQT Logistics toàn cầu và đổi mới chuỗi cung ứng,,du_lich,standard,,A00;A01;D01;D07,A00,,https://vietnamnet.vn/newsapi-edu/UniversityDetail/GetDetail?pageId=49ff289efde0446f9ae2f5c385595744&componentId=COMPONENT002302&keyword=NTH&year=2026&pageSize=25&pageIndex=0&typeOfTraining=0&subjectGroup=,Trường Đại học Ngoại thương,Hà Nội,2026,28.7,disputed,1,70.0,50000000.0,50000000.0,estimated,Du lịch - Khách sạn - Logistics - Hàng không - Dịch vụ,val
NTH:NTHKT04,NTH,NTHKT04,CT CLC Kinh tế quốc tế,,kinh_te,international,,A00,A00,"Học bằng tiếng Anh (thường cần trình độ tiếng Anh tốt, có thể yêu cầu IELTS/chứng chỉ khi nhập học) | Chương trình liên kết/quốc tế: học phí cao hơn chương trình chuẩn",https://vietnamnet.vn/newsapi-edu/UniversityDetail/GetDetail?pageId=49ff289efde0446f9ae2f5c385595744&componentId=COMPONENT002302&keyword=NTH&year=2026&pageSize=25&pageIndex=0&typeOfTraining=0&subjectGroup=,Trường Đại học Ngoại thương,Hà Nội,2026,28.0,disputed,1,120.0,50000000.0,50000000.0,estimated,Kinh tế - Kinh doanh - Quản trị - Marketing - Thương mại,val
NTH:NTHLS17,NTH,NTHLS17,CT TC Luật thương mại quốc tế,,luat,international,,A00;A01;D01;D07,A00,"Học bằng tiếng Anh (thường cần trình độ tiếng Anh tốt, có thể yêu cầu IELTS/chứng chỉ khi nhập học) | Chương trình liên kết/quốc tế: học phí cao hơn chương trình chuẩn",https://vietnamnet.vn/newsapi-edu/UniversityDetail/GetDetail?pageId=49ff289efde0446f9ae2f5c385595744&componentId=COMPONENT002302&keyword=NTH&year=2026&pageSize=25&pageIndex=1&typeOfTraining=0&subjectGroup=,Trường Đại học Ngoại thương,Hà Nội,2026,25.0,disputed,1,60.0,50000000.0,50000000.0,estimated,Luật,val
NTH:NTHQK12,NTH,NTHQK12,CT DHPTQT Kinh tế chính trị quốc tế,,xa_hoi,international,,A00;A01;D01;D07,A00,"Học bằng tiếng Anh (thường cần trình độ tiếng Anh tốt, có thể yêu cầu IELTS/chứng chỉ khi nhập học) | Chương trình liên kết/quốc tế: học phí cao hơn chương trình chuẩn",https://vietnamnet.vn/newsapi-edu/UniversityDetail/GetDetail?pageId=49ff289efde0446f9ae2f5c385595744&componentId=COMPONENT002302&keyword=NTH&year=2026&pageSize=25&pageIndex=1&typeOfTraining=0&subjectGroup=,Trường Đại học Ngoại thương,Hà Nội,2026,25.0,disputed,1,50.0,50000000.0,50000000.0,estimated,Khoa học xã hội - Tâm lý - Nhân văn - Chính trị - Hành chính,val
NTH:NTHQT09,NTH,NTHQT09,CT TT Quản trị kinh doanh,,kinh_te,standard,,A00,A00,,https://vietnamnet.vn/newsapi-edu/UniversityDetail/GetDetail?pageId=49ff289efde0446f9ae2f5c385595744&componentId=COMPONENT002302&keyword=NTH&year=2026&pageSize=25&pageIndex=1&typeOfTraining=0&subjectGroup=,Trường Đại học Ngoại thương,Hà Nội,2026,26.75,single_source,1,80.0,50000000.0,50000000.0,estimated,Kinh tế - Kinh doanh - Quản trị - Marketing - Thương mại,val
NTH:NTHQT10,NTH,NTHQT10,CT CLC Quản trị kinh doanh,,kinh_te,high_quality,,A00,A00,,https://vietnamnet.vn/newsapi-edu/UniversityDetail/GetDetail?pageId=49ff289efde0446f9ae2f5c385595744&componentId=COMPONENT002302&keyword=NTH&year=2026&pageSize=25&pageIndex=1&typeOfTraining=0&subjectGroup=,Trường Đại học Ngoại thương,Hà Nội,2026,26.6,disputed,1,100.0,50000000.0,50000000.0,estimated,Kinh tế - Kinh doanh - Quản trị - Marketing - Thương mại,val
NTH:NTHTC14,NTH,NTHTC14,CT TT Tài chính - Ngân hàng,,tai_chinh,standard,,A00,A00,,https://vietnamnet.vn/newsapi-edu/UniversityDetail/GetDetail?pageId=49ff289efde0446f9ae2f5c385595744&componentId=COMPONENT002302&keyword=NTH&year=2026&pageSize=25&pageIndex=0&typeOfTraining=0&subjectGroup=,Trường Đại học Ngoại thương,Hà Nội,2026,28.7,single_source,1,40.0,50000000.0,50000000.0,estimated,Tài chính - Ngân hàng - Kế toán - Kiểm toán - Bảo hiểm,val
NTH:NTHTC15,NTH,NTHTC15,CT CLC Tài chính - Ngân hàng,,tai_chinh,high_quality,,A00,A00,,https://vietnamnet.vn/newsapi-edu/UniversityDetail/GetDetail?pageId=49ff289efde0446f9ae2f5c385595744&componentId=COMPONENT002302&keyword=NTH&year=2026&pageSize=25&pageIndex=1&typeOfTraining=0&subjectGroup=,Trường Đại học Ngoại thương,Hà Nội,2026,27.0,disputed,1,120.0,50000000.0,50000000.0,estimated,Tài chính - Ngân hàng - Kế toán - Kiểm toán - Bảo hiểm,val
NTH:NTHTM11,NTH,NTHTM11,CT ĐHNNQT Marketing số,,kinh_te,standard,,A00;A01;D01;D07,A00,,https://vietnamnet.vn/newsapi-edu/UniversityDetail/GetDetail?pageId=49ff289efde0446f9ae2f5c385595744&componentId=COMPONENT002302&keyword=NTH&year=2026&pageSize=25&pageIndex=1&typeOfTraining=0&subjectGroup=,Trường Đại học Ngoại thương,Hà Nội,2026,27.2,disputed,1,50.0,50000000.0,50000000.0,estimated,Kinh tế - Kinh doanh - Quản trị - Marketing - Thương mại,val
NTH:NTKDH05,NTH,NTKDH05,Kinh doanh quốc tế và Phân tích dữ liệu kinh doanh CTTT i-Hons,,cntt,international,,A01;D01;D02;D03;D04;D06;D07,A01,"Học bằng tiếng Anh (thường cần trình độ tiếng Anh tốt, có thể yêu cầu IELTS/chứng chỉ khi nhập học) | Chương trình liên kết/quốc tế: học phí cao hơn chương trình chuẩn",https://diemthi.vnexpress.net/tra-cuu-dai-hoc/loadbenchmark/id/338/year/2026/sortby/1/block_name/-1,Trường Đại học Ngoại thương,Hà Nội,2026,28.5,single_source,1,,88000000.0,88000000.0,observed,Công nghệ thông tin - Máy tính - Dữ liệu - AI,val
NTH:NTKDH06,NTH,NTKDH06,Kinh doanh quốc tế,,kinh_te,international,,A01;D01;D02;D03;D04;D06;D07,A01,"Học bằng tiếng Anh (thường cần trình độ tiếng Anh tốt, có thể yêu cầu IELTS/chứng chỉ khi nhập học) | Chương trình liên kết/quốc tế: học phí cao hơn chương trình chuẩn",https://diemthi.vnexpress.net/tra-cuu-dai-hoc/loadbenchmark/id/338/year/2026/sortby/1/block_name/-1,Trường Đại học Ngoại thương,Hà Nội,2026,27.75,single_source,1,,50000000.0,54000000.0,observed,Kinh tế - Kinh doanh - Quản trị - Marketing - Thương mại,val
NTH:NTKDH07,NTH,NTKDH07,Kinh doanh số toàn cầu CT ĐHNNQT,,kinh_te,standard,,A01;D01;D02;D03;D04;D06;D07,A01,,https://diemthi.vnexpress.net/tra-cuu-dai-hoc/loadbenchmark/id/338/year/2026/sortby/1/block_name/-1,Trường Đại học Ngoại thương,Hà Nội,2026,26.9,single_source,1,,65000000.0,70000000.0,observed,Kinh tế - Kinh doanh - Quản trị - Marketing - Thương mại,val
NTH:NTKDH08,NTH,NTKDH08,Kinh doanh sáng tạo và Công nghiệp văn hóa CT ĐHNNQT,,ngon_ngu,standard,,A01;D01;D02;D03;D04;D06;D07,A01,,https://diemthi.vnexpress.net/tra-cuu-dai-hoc/loadbenchmark/id/338/year/2026/sortby/1/block_name/-1,Trường Đại học Ngoại thương,Hà Nội,2026,24.0,single_source,1,,50000000.0,54000000.0,observed,Ngôn ngữ - Văn hóa - Quốc tế học,val
NTH:NTKEH16,NTH,NTKEH16,Kế toán - Kiểm toán,,tai_chinh,standard,,A01;D01;D02;D03;D04;D06;D07,A01,,https://diemthi.vnexpress.net/tra-cuu-dai-hoc/loadbenchmark/id/338/year/2026/sortby/1/block_name/-1,Trường Đại học Ngoại thương,Hà Nội,2026,26.1,single_source,1,,28000000.0,32000000.0,observed,Tài chính - Ngân hàng - Kế toán - Kiểm toán - Bảo hiểm,val
NTH:NTKTH01,NTH,NTKTH01,Kinh tế đối ngoại CTTT,,kinh_te,standard,,A01;D01;D02;D03;D04;D06;D07,A01,,https://diemthi.vnexpress.net/tra-cuu-dai-hoc/loadbenchmark/id/338/year/2026/sortby/1/block_name/-1,Trường Đại học Ngoại thương,Hà Nội,2026,28.7,single_source,1,,77000000.0,80000000.0,observed,Kinh tế - Kinh doanh - Quản trị - Marketing - Thương mại,val
NTH:NTKTH02,NTH,NTKTH02,Kinh tế đối ngoại,,kinh_te,standard,,A01;D01;D02;D03;D04;D06;D07,A01,,https://diemthi.vnexpress.net/tra-cuu-dai-hoc/loadbenchmark/id/338/year/2026/sortby/1/block_name/-1,Trường Đại học Ngoại thương,Hà Nội,2026,27.75,single_source,1,,50000000.0,54000000.0,observed,Kinh tế - Kinh doanh - Quản trị - Marketing - Thương mại,val
NTH:NTKTH03,NTH,NTKTH03,Logistics toàn cầu và đổi mới chuỗi cung ứng CT ĐHNNQT,,du_lich,standard,,A01;D01;D02;D03;D04;D06;D07,A01,,https://diemthi.vnexpress.net/tra-cuu-dai-hoc/loadbenchmark/id/338/year/2026/sortby/1/block_name/-1,Trường Đại học Ngoại thương,Hà Nội,2026,27.7,single_source,1,,50000000.0,54000000.0,observed,Du lịch - Khách sạn - Logistics - Hàng không - Dịch vụ,val
NTH:NTKTH04,NTH,NTKTH04,Kinh tế quốc tế,,kinh_te,international,,A01;D01;D02;D03;D04;D06;D07,A01,"Học bằng tiếng Anh (thường cần trình độ tiếng Anh tốt, có thể yêu cầu IELTS/chứng chỉ khi nhập học) | Chương trình liên kết/quốc tế: học phí cao hơn chương trình chuẩn",https://diemthi.vnexpress.net/tra-cuu-dai-hoc/loadbenchmark/id/338/year/2026/sortby/1/block_name/-1,Trường Đại học Ngoại thương,Hà Nội,2026,27.0,single_source,1,,50000000.0,54000000.0,observed,Kinh tế - Kinh doanh - Quản trị - Marketing - Thương mại,val
NTH:NTLSH17,NTH,NTLSH17,Luật thương mại quốc tế,,luat,international,,A01;D01;D02;D03;D04;D06;D07,A01,"Học bằng tiếng Anh (thường cần trình độ tiếng Anh tốt, có thể yêu cầu IELTS/chứng chỉ khi nhập học) | Chương trình liên kết/quốc tế: học phí cao hơn chương trình chuẩn",https://diemthi.vnexpress.net/tra-cuu-dai-hoc/loadbenchmark/id/338/year/2026/sortby/1/block_name/-1,Trường Đại học Ngoại thương,Hà Nội,2026,24.0,single_source,1,,28000000.0,32000000.0,observed,Luật,val
NTH:NTQKH12,NTH,NTQKH12,Kinh tế chính trị quốc tế CT ĐHPTQT,,xa_hoi,international,,A01;D01;D02;D03;D04;D06;D07,A01,"Học bằng tiếng Anh (thường cần trình độ tiếng Anh tốt, có thể yêu cầu IELTS/chứng chỉ khi nhập học) | Chương trình liên kết/quốc tế: học phí cao hơn chương trình chuẩn",https://diemthi.vnexpress.net/tra-cuu-dai-hoc/loadbenchmark/id/338/year/2026/sortby/1/block_name/-1,Trường Đại học Ngoại thương,Hà Nội,2026,24.0,single_source,1,,65000000.0,70000000.0,observed,Khoa học xã hội - Tâm lý - Nhân văn - Chính trị - Hành chính,val
NTH:NTQTH09,NTH,NTQTH09,Quản trị Kinh doanh CTTT,,kinh_te,standard,,A01;D01;D02;D03;D04;D06;D07,A01,,https://diemthi.vnexpress.net/tra-cuu-dai-hoc/loadbenchmark/id/338/year/2026/sortby/1/block_name/-1,Trường Đại học Ngoại thương,Hà Nội,2026,25.75,single_source,1,,77000000.0,80000000.0,observed,Kinh tế - Kinh doanh - Quản trị - Marketing - Thương mại,val
NTH:NTQTH10,NTH,NTQTH10,Quản trị Kinh doanh,,kinh_te,standard,,A01;D01;D02;D03;D04;D06;D07,A01,,https://diemthi.vnexpress.net/tra-cuu-dai-hoc/loadbenchmark/id/338/year/2026/sortby/1/block_name/-1,Trường Đại học Ngoại thương,Hà Nội,2026,25.6,single_source,1,,50000000.0,54000000.0,observed,Kinh tế - Kinh doanh - Quản trị - Marketing - Thương mại,val
NTH:NTSKE06,NTH,NTSKE06,CT TC Kế toán - Kiểm toán,,tai_chinh,standard,,A00;A01;D01;D07,A00,,https://vietnamnet.vn/newsapi-edu/UniversityDetail/GetDetail?pageId=49ff289efde0446f9ae2f5c385595744&componentId=COMPONENT002302&keyword=NTH&year=2026&pageSize=25&pageIndex=1&typeOfTraining=0&subjectGroup=,Trường Đại học Ngoại thương,Hà Nội,2026,26.85,disputed,1,70.0,50000000.0,50000000.0,estimated,Tài chính - Ngân hàng - Kế toán - Kiểm toán - Bảo hiểm,val
NTH:NTSKT01,NTH,NTSKT01,CT CLC Kinh tế đối ngoại,,kinh_te,high_quality,,A00,A00,,https://vietnamnet.vn/newsapi-edu/UniversityDetail/GetDetail?pageId=49ff289efde0446f9ae2f5c385595744&componentId=COMPONENT002302&keyword=NTH&year=2026&pageSize=25&pageIndex=0&typeOfTraining=0&subjectGroup=,Trường Đại học Ngoại thương,Hà Nội,2026,27.9,disputed,1,220.0,50000000.0,50000000.0,estimated,Kinh tế - Kinh doanh - Quản trị - Marketing - Thương mại,val
NTH:NTSKT02,NTH,NTSKT02,CT ĐHNNQT Logistics toàn cầu và đổi mới chuỗi cung ứng,,du_lich,standard,,A00;A01;D01;D07,A00,,https://vietnamnet.vn/newsapi-edu/UniversityDetail/GetDetail?pageId=49ff289efde0446f9ae2f5c385595744&componentId=COMPONENT002302&keyword=NTH&year=2026&pageSize=25&pageIndex=0&typeOfTraining=0&subjectGroup=,Trường Đại học Ngoại thương,Hà Nội,2026,28.5,disputed,1,50.0,50000000.0,50000000.0,estimated,Du lịch - Khách sạn - Logistics - Hàng không - Dịch vụ,val
NTH:NTSMT04,NTH,NTSMT04,CT ĐHNNQT Truyền thông Marketing tích hợp,,bao_chi,standard,,A00;A01;D01;D07,A00,,https://vietnamnet.vn/newsapi-edu/UniversityDetail/GetDetail?pageId=49ff289efde0446f9ae2f5c385595744&componentId=COMPONENT002302&keyword=NTH&year=2026&pageSize=25&pageIndex=0&typeOfTraining=0&subjectGroup=,Trường Đại học Ngoại thương,Hà Nội,2026,27.65,disputed,1,50.0,50000000.0,50000000.0,estimated,Báo chí - Truyền thông - Quan hệ công chúng,val
NTH:NTSQT03,NTH,NTSQT03,CT CLC Quản trị kinh doanh,,kinh_te,high_quality,,A00,A00,,https://vietnamnet.vn/newsapi-edu/UniversityDetail/GetDetail?pageId=49ff289efde0446f9ae2f5c385595744&componentId=COMPONENT002302&keyword=NTH&year=2026&pageSize=25&pageIndex=1&typeOfTraining=0&subjectGroup=,Trường Đại học Ngoại thương,Hà Nội,2026,26.8,disputed,1,80.0,50000000.0,50000000.0,estimated,Kinh tế - Kinh doanh - Quản trị - Marketing - Thương mại,val
NTH:NTSTC05,NTH,NTSTC05,CT CLC Tài chính - Ngân hàng,,tai_chinh,high_quality,,A00,A00,,https://vietnamnet.vn/newsapi-edu/UniversityDetail/GetDetail?pageId=49ff289efde0446f9ae2f5c385595744&componentId=COMPONENT002302&keyword=NTH&year=2026&pageSize=25&pageIndex=0&typeOfTraining=0&subjectGroup=,Trường Đại học Ngoại thương,Hà Nội,2026,27.45,disputed,1,70.0,50000000.0,50000000.0,estimated,Tài chính - Ngân hàng - Kế toán - Kiểm toán - Bảo hiểm,val
NTH:NTTCH14,NTH,NTTCH14,Tài chính - Ngân hàng CTTT,,tai_chinh,standard,,A01;D01;D02;D03;D04;D06;D07,A01,,https://diemthi.vnexpress.net/tra-cuu-dai-hoc/loadbenchmark/id/338/year/2026/sortby/1/block_name/-1,Trường Đại học Ngoại thương,Hà Nội,2026,27.7,single_source,1,,77000000.0,80000000.0,observed,Tài chính - Ngân hàng - Kế toán - Kiểm toán - Bảo hiểm,val
NTH:NTTCH15,NTH,NTTCH15,Tài chính - Ngân hàng,,tai_chinh,standard,,A01;D01;D02;D03;D04;D06;D07,A01,,https://diemthi.vnexpress.net/tra-cuu-dai-hoc/loadbenchmark/id/338/year/2026/sortby/1/block_name/-1,Trường Đại học Ngoại thương,Hà Nội,2026,26.0,single_source,1,,50000000.0,54000000.0,observed,Tài chính - Ngân hàng - Kế toán - Kiểm toán - Bảo hiểm,val
NTH:NTTMH11,NTH,NTTMH11,Marketing số CT ĐHNNQT,,kinh_te,standard,,A01;D01;D02;D03;D04;D06;D07,A01,,https://diemthi.vnexpress.net/tra-cuu-dai-hoc/loadbenchmark/id/338/year/2026/sortby/1/block_name/-1,Trường Đại học Ngoại thương,Hà Nội,2026,26.2,single_source,1,,50000000.0,54000000.0,observed,Kinh tế - Kinh doanh - Quản trị - Marketing - Thương mại,val
NTS:NTKES28,NTS,NTKES28,Kế toán - Kiểm toán,,tai_chinh,standard,,A01;D01;D02;D03;D04;D06;D07,A01,,https://diemthi.vnexpress.net/tra-cuu-dai-hoc/loadbenchmark/id/279/year/2026/sortby/1/block_name/-1,Trường Đại học Ngoại thương - Cơ sở phía Nam,TP. Hồ Chí Minh,2026,25.85,single_source,1,,28000000.0,32000000.0,observed,Tài chính - Ngân hàng - Kế toán - Kiểm toán - Bảo hiểm,train
NTS:NTKTS23,NTS,NTKTS23,Kinh tế đối ngoại,,kinh_te,standard,,A01;D01;D02;D03;D04;D06;D07,A01,,https://diemthi.vnexpress.net/tra-cuu-dai-hoc/loadbenchmark/id/279/year/2026/sortby/1/block_name/-1,Trường Đại học Ngoại thương - Cơ sở phía Nam,TP. Hồ Chí Minh,2026,26.9,single_source,1,,50000000.0,54000000.0,observed,Kinh tế - Kinh doanh - Quản trị - Marketing - Thương mại,train
NTS:NTKTS24,NTS,NTKTS24,Logistics toàn cầu và đổi mới chuỗi cung ứng CT ĐHNNQT,,du_lich,standard,,A01;D01;D02;D03;D04;D06;D07,A01,,https://diemthi.vnexpress.net/tra-cuu-dai-hoc/loadbenchmark/id/279/year/2026/sortby/1/block_name/-1,Trường Đại học Ngoại thương - Cơ sở phía Nam,TP. Hồ Chí Minh,2026,27.5,single_source,1,,50000000.0,54000000.0,observed,Du lịch - Khách sạn - Logistics - Hàng không - Dịch vụ,train
NTS:NTMTS26,NTS,NTMTS26,Truyền thông Marketing tích hợp CT ĐHNNQT,,bao_chi,standard,,A01;D01;D02;D03;D04;D06;D07,A01,,https://diemthi.vnexpress.net/tra-cuu-dai-hoc/loadbenchmark/id/279/year/2026/sortby/1/block_name/-1,Trường Đại học Ngoại thương - Cơ sở phía Nam,TP. Hồ Chí Minh,2026,26.65,single_source,1,,65000000.0,70000000.0,observed,Báo chí - Truyền thông - Quan hệ công chúng,train
NTS:NTQTS25,NTS,NTQTS25,Quản trị kinh doanh,,kinh_te,standard,,A01;D01;D02;D03;D04;D06;D07,A01,,https://diemthi.vnexpress.net/tra-cuu-dai-hoc/loadbenchmark/id/279/year/2026/sortby/1/block_name/-1,Trường Đại học Ngoại thương - Cơ sở phía Nam,TP. Hồ Chí Minh,2026,25.8,single_source,1,,50000000.0,54000000.0,observed,Kinh tế - Kinh doanh - Quản trị - Marketing - Thương mại,train
NTS:NTTCS27,NTS,NTTCS27,Tài chính - Ngân hàng,,tai_chinh,standard,,A01;D01;D02;D03;D04;D06;D07,A01,,https://diemthi.vnexpress.net/tra-cuu-dai-hoc/loadbenchmark/id/279/year/2026/sortby/1/block_name/-1,Trường Đại học Ngoại thương - Cơ sở phía Nam,TP. Hồ Chí Minh,2026,26.45,single_source,1,,50000000.0,54000000.0,observed,Tài chính - Ngân hàng - Kế toán - Kiểm toán - Bảo hiểm,train
QHE:7310101,QHE,7310101,Kinh tế,7310101,kinh_te,standard,,D01;A01;D09;D10;C01;C03;C04;X01;D08,D01,,https://diemthi.vnexpress.net/tra-cuu-dai-hoc/loadbenchmark/id/413/year/2026/sortby/1/block_name/-1,Trường Đại học Kinh tế - Đại học Quốc gia Hà Nội,Hà Nội,2026,24.44,confirmed_2_sources,2,5.0,48000000.0,48000000.0,observed,Kinh tế - Kinh doanh - Quản trị - Marketing - Thương mại,val
QHE:7310105,QHE,7310105,Kinh tế phát triển,7310105,kinh_te,standard,,D01;A01;D09;D10;C01;C03;C04;X01;D08,D01,,https://diemthi.vnexpress.net/tra-cuu-dai-hoc/loadbenchmark/id/413/year/2026/sortby/1/block_name/-1,Trường Đại học Kinh tế - Đại học Quốc gia Hà Nội,Hà Nội,2026,24.2,confirmed_2_sources,2,5.0,48000000.0,48000000.0,observed,Kinh tế - Kinh doanh - Quản trị - Marketing - Thương mại,val
QHE:7310106,QHE,7310106,Kinh tế quốc tế,7310106,kinh_te,international,,D01;A01;D09;D10;C01;C03;C04;X01;D08,D01,"Học bằng tiếng Anh (thường cần trình độ tiếng Anh tốt, có thể yêu cầu IELTS/chứng chỉ khi nhập học) | Chương trình liên kết/quốc tế: học phí cao hơn chương trình chuẩn",https://diemthi.vnexpress.net/tra-cuu-dai-hoc/loadbenchmark/id/413/year/2026/sortby/1/block_name/-1,Trường Đại học Kinh tế - Đại học Quốc gia Hà Nội,Hà Nội,2026,25.17,confirmed_2_sources,2,5.0,48000000.0,48000000.0,observed,Kinh tế - Kinh doanh - Quản trị - Marketing - Thương mại,val
QHE:734010101,QHE,734010101,Quản trị kinh doanh,,kinh_te,standard,,A01;C01;C03;C04;D01;D08;D09;D10;X01,A01,,https://diemthi.vnexpress.net/tra-cuu-dai-hoc/loadbenchmark/id/413/year/2026/sortby/1/block_name/-1,Trường Đại học Kinh tế - Đại học Quốc gia Hà Nội,Hà Nội,2026,24.4,single_source,2,,48000000.0,48000000.0,observed,Kinh tế - Kinh doanh - Quản trị - Marketing - Thương mại,val
QHE:7340201,QHE,7340201,Tài chính – Ngân hàng,7340201,tai_chinh,standard,,D01;A01;D09;D10;C01;C03;C04;X01;D08,D01,,https://diemthi.vnexpress.net/tra-cuu-dai-hoc/loadbenchmark/id/413/year/2026/sortby/1/block_name/-1,Trường Đại học Kinh tế - Đại học Quốc gia Hà Nội,Hà Nội,2026,24.4,confirmed_2_sources,2,5.0,48000000.0,48000000.0,observed,Tài chính - Ngân hàng - Kế toán - Kiểm toán - Bảo hiểm,val
QHE:7340301,QHE,7340301,Kế toán,7340301,tai_chinh,standard,,D01;A01;D09;D10;C01;C03;C04;X01;D08,D01,,https://diemthi.vnexpress.net/tra-cuu-dai-hoc/loadbenchmark/id/413/year/2026/sortby/1/block_name/-1,Trường Đại học Kinh tế - Đại học Quốc gia Hà Nội,Hà Nội,2026,24.54,confirmed_2_sources,2,5.0,48000000.0,48000000.0,observed,Tài chính - Ngân hàng - Kế toán - Kiểm toán - Bảo hiểm,val
QHF:7140231,QHF,7140231,Sư phạm Tiếng Anh,7140231,su_pham,standard,,A01;D01;D07;D08;D14;D15,A01,"Học bằng tiếng Anh (thường cần trình độ tiếng Anh tốt, có thể yêu cầu IELTS/chứng chỉ khi nhập học) | Sư phạm: không nhận thí sinh bị dị hình, dị tật, nói ngọng, nói lắp; điểm sàn của Bộ",https://diemthi.vnexpress.net/tra-cuu-dai-hoc/loadbenchmark/id/414/year/2026/sortby/1/block_name/-1,Trường Đại học Ngoại ngữ - Đại học Quốc gia Hà Nội,Hà Nội,2026,28.12,confirmed_2_sources,2,150.0,38000000.0,38000000.0,estimated,Sư phạm - Giáo dục,val
QHF:7140234,QHF,7140234,Sư phạm Tiếng Trung Quốc,7140234,su_pham,standard,,A01;D01;D07;D08;D14;D15;D04;D45;D65;D25;D30;D35,A01,"Sư phạm: không nhận thí sinh bị dị hình, dị tật, nói ngọng, nói lắp; điểm sàn của Bộ",https://diemthi.vnexpress.net/tra-cuu-dai-hoc/loadbenchmark/id/414/year/2026/sortby/1/block_name/-1,Trường Đại học Ngoại ngữ - Đại học Quốc gia Hà Nội,Hà Nội,2026,28.11,confirmed_2_sources,2,25.0,38000000.0,38000000.0,estimated,Sư phạm - Giáo dục,val
QHF:7140235,QHF,7140235,Sư phạm Tiếng Đức,7140235,su_pham,standard,,A01;D01;D07;D08;D14;D15;D05;D41;D61,A01,"Sư phạm: không nhận thí sinh bị dị hình, dị tật, nói ngọng, nói lắp; điểm sàn của Bộ",https://diemthi.vnexpress.net/tra-cuu-dai-hoc/loadbenchmark/id/414/year/2026/sortby/1/block_name/-1,Trường Đại học Ngoại ngữ - Đại học Quốc gia Hà Nội,Hà Nội,2026,26.1,confirmed_2_sources,1,25.0,38000000.0,38000000.0,estimated,Sư phạm - Giáo dục,val
QHF:7140236,QHF,7140236,Sư phạm tiếng Nhật,7140236,su_pham,standard,,A01;D01;D07;D08;D14;D15;D06;D43;D63;D23;D28;D33,A01,"Sư phạm: không nhận thí sinh bị dị hình, dị tật, nói ngọng, nói lắp; điểm sàn của Bộ",https://diemthi.vnexpress.net/tra-cuu-dai-hoc/loadbenchmark/id/414/year/2026/sortby/1/block_name/-1,Trường Đại học Ngoại ngữ - Đại học Quốc gia Hà Nội,Hà Nội,2026,27.1,confirmed_2_sources,2,25.0,38000000.0,38000000.0,estimated,Sư phạm - Giáo dục,val
QHF:7140237,QHF,7140237,Sư phạm tiếng Hàn Quốc,7140237,su_pham,standard,,A01;D01;D07;D08;D14;D15;D06,A01,"Sư phạm: không nhận thí sinh bị dị hình, dị tật, nói ngọng, nói lắp; điểm sàn của Bộ",https://diemthi.vnexpress.net/tra-cuu-dai-hoc/loadbenchmark/id/414/year/2026/sortby/1/block_name/-1,Trường Đại học Ngoại ngữ - Đại học Quốc gia Hà Nội,Hà Nội,2026,27.6,confirmed_2_sources,2,25.0,38000000.0,38000000.0,estimated,Sư phạm - Giáo dục,val
QHF:7220101,QHF,7220101,Tiếng Việt và Văn hóa Việt Nam,7220101,ngon_ngu,standard,,A01;D01;D07;D08;D14;D15,A01,,https://diemthi.vnexpress.net/tra-cuu-dai-hoc/loadbenchmark/id/414/year/2026/sortby/1/block_name/-1,Trường Đại học Ngoại ngữ - Đại học Quốc gia Hà Nội,Hà Nội,2026,22.26,confirmed_2_sources,2,50.0,38000000.0,38000000.0,estimated,Ngôn ngữ - Văn hóa - Quốc tế học,val
QHF:7220201,QHF,7220201,Ngôn ngữ Anh,7220201,ngon_ngu,standard,,A01;D01;D07;D08;D14;D15,A01,,https://diemthi.vnexpress.net/tra-cuu-dai-hoc/loadbenchmark/id/414/year/2026/sortby/1/block_name/-1,Trường Đại học Ngoại ngữ - Đại học Quốc gia Hà Nội,Hà Nội,2026,25.92,confirmed_2_sources,2,770.0,38000000.0,38000000.0,observed,Ngôn ngữ - Văn hóa - Quốc tế học,val
QHF:7220202,QHF,7220202,Ngôn ngữ Nga,7220202,ngon_ngu,standard,,A01;D01;D07;D08;D14;D15;D02;D42;D62;D22;D27;D32,A01,,https://diemthi.vnexpress.net/tra-cuu-dai-hoc/loadbenchmark/id/414/year/2026/sortby/1/block_name/-1,Trường Đại học Ngoại ngữ - Đại học Quốc gia Hà Nội,Hà Nội,2026,22.15,confirmed_2_sources,3,70.0,21000000.0,21000000.0,observed,Ngôn ngữ - Văn hóa - Quốc tế học,val
QHF:7220203,QHF,7220203,Ngôn ngữ Pháp,7220203,ngon_ngu,standard,,A01;D01;D07;D08;D14;D15;D03;D44;D64;D24;D29;D34,A01,,https://diemthi.vnexpress.net/tra-cuu-dai-hoc/loadbenchmark/id/414/year/2026/sortby/1/block_name/-1,Trường Đại học Ngoại ngữ - Đại học Quốc gia Hà Nội,Hà Nội,2026,21.45,confirmed_2_sources,2,150.0,38000000.0,38000000.0,observed,Ngôn ngữ - Văn hóa - Quốc tế học,val
QHF:7220204,QHF,7220204,Ngôn ngữ Trung Quốc,7220204,ngon_ngu,standard,,A01;D01;D07;D08;D14;D15;D04;D45;D65;D25;D30;D35,A01,,https://diemthi.vnexpress.net/tra-cuu-dai-hoc/loadbenchmark/id/414/year/2026/sortby/1/block_name/-1,Trường Đại học Ngoại ngữ - Đại học Quốc gia Hà Nội,Hà Nội,2026,25.65,confirmed_2_sources,2,300.0,38000000.0,38000000.0,observed,Ngôn ngữ - Văn hóa - Quốc tế học,val
QHF:7220205,QHF,7220205,Ngôn ngữ Đức,7220205,ngon_ngu,standard,,A01;D01;D07;D08;D14;D15;D05;D41;D61;D21;D26;D31,A01,,https://diemthi.vnexpress.net/tra-cuu-dai-hoc/loadbenchmark/id/414/year/2026/sortby/1/block_name/-1,Trường Đại học Ngoại ngữ - Đại học Quốc gia Hà Nội,Hà Nội,2026,22.8,confirmed_2_sources,2,120.0,38000000.0,38000000.0,observed,Ngôn ngữ - Văn hóa - Quốc tế học,val
QHF:7220209,QHF,7220209,Ngôn ngữ Nhật,7220209,ngon_ngu,standard,,A01;D01;D07;D08;D14;D15;D06;D43;D63;D23;D28;D33,A01,,https://diemthi.vnexpress.net/tra-cuu-dai-hoc/loadbenchmark/id/414/year/2026/sortby/1/block_name/-1,Trường Đại học Ngoại ngữ - Đại học Quốc gia Hà Nội,Hà Nội,2026,23.0,confirmed_2_sources,2,300.0,38000000.0,38000000.0,observed,Ngôn ngữ - Văn hóa - Quốc tế học,val
QHF:7220210,QHF,7220210,Ngôn ngữ Hàn Quốc,7220210,ngon_ngu,standard,,A01;D01;D07;D08;D14;D15,A01,,https://diemthi.vnexpress.net/tra-cuu-dai-hoc/loadbenchmark/id/414/year/2026/sortby/1/block_name/-1,Trường Đại học Ngoại ngữ - Đại học Quốc gia Hà Nội,Hà Nội,2026,24.3,confirmed_2_sources,2,280.0,38000000.0,38000000.0,observed,Ngôn ngữ - Văn hóa - Quốc tế học,val
QHF:7220211,QHF,7220211,Ngôn ngữ Ả Rập,7220211,ngon_ngu,standard,,A01;D01;D07;D08;D14;D15,A01,,https://diemthi.vnexpress.net/tra-cuu-dai-hoc/loadbenchmark/id/414/year/2026/sortby/1/block_name/-1,Trường Đại học Ngoại ngữ - Đại học Quốc gia Hà Nội,Hà Nội,2026,21.05,confirmed_2_sources,2,60.0,21000000.0,21000000.0,observed,Ngôn ngữ - Văn hóa - Quốc tế học,val
QHF:7310403,QHF,7310403,Tâm lý học giáo dục,7310403,su_pham,standard,,D15;D14;D07;D01;D08;A01;D09;D10;D11;D12;D13,D15,"Sư phạm: không nhận thí sinh bị dị hình, dị tật, nói ngọng, nói lắp; điểm sàn của Bộ",https://diemthi.vnexpress.net/tra-cuu-dai-hoc/loadbenchmark/id/414/year/2026/sortby/1/block_name/-1,Trường Đại học Ngoại ngữ - Đại học Quốc gia Hà Nội,Hà Nội,2026,22.05,confirmed_2_sources,1,50.0,38000000.0,38000000.0,estimated,Sư phạm - Giáo dục,val
QHF:7320107,QHF,7320107,Truyền thông quốc tế,7320107,bao_chi,international,,A01;D01;D07;D08;D14;D15,A01,"Học bằng tiếng Anh (thường cần trình độ tiếng Anh tốt, có thể yêu cầu IELTS/chứng chỉ khi nhập học) | Chương trình liên kết/quốc tế: học phí cao hơn chương trình chuẩn",https://diemthi.vnexpress.net/tra-cuu-dai-hoc/loadbenchmark/id/414/year/2026/sortby/1/block_name/-1,Trường Đại học Ngoại ngữ - Đại học Quốc gia Hà Nội,Hà Nội,2026,24.49,confirmed_2_sources,1,50.0,38000000.0,38000000.0,estimated,Báo chí - Truyền thông - Quan hệ công chúng,val
QHI:CN1,QHI,CN1,Công nghệ Thông tin,,cntt,standard,,A00;A01;X06;D01;X26,A00,,https://diemthi.vnexpress.net/tra-cuu-dai-hoc/loadbenchmark/id/415/year/2026/sortby/1/block_name/-1,Trường Đại học Công nghệ - Đại học Quốc gia Hà Nội,Hà Nội,2026,25.0,confirmed_2_sources,9,460.0,44000000.0,44000000.0,observed,Công nghệ thông tin - Máy tính - Dữ liệu - AI,test
QHI:CN10,QHI,CN10,Công nghệ nông nghiệp*,,nong_lam_mt,standard,,A00;A01;A02;X06;B00;D01;X26,A00,,https://diemthi.vnexpress.net/tra-cuu-dai-hoc/loadbenchmark/id/415/year/2026/sortby/1/block_name/-1,Trường Đại học Công nghệ - Đại học Quốc gia Hà Nội,Hà Nội,2026,22.0,confirmed_2_sources,8,60.0,44000000.0,44000000.0,observed,Nông - Lâm - Thủy sản - Môi trường - Tài nguyên,test
QHI:CN11,QHI,CN11,Kỹ thuật điều khiển và tự động hóa,,ky_thuat,standard,,A00;A01;X06;D01;X26,A00,,https://diemthi.vnexpress.net/tra-cuu-dai-hoc/loadbenchmark/id/415/year/2026/sortby/1/block_name/-1,Trường Đại học Công nghệ - Đại học Quốc gia Hà Nội,Hà Nội,2026,27.78,confirmed_2_sources,8,140.0,44000000.0,44000000.0,observed,"Kỹ thuật - Công nghệ (cơ khí, điện, điện tử, ô tô, tự động hóa, vật liệu)",test
QHI:CN12,QHI,CN12,Trí tuệ nhân tạo,,cntt,standard,,A00;A01;X06;D01;X26,A00,,https://diemthi.vnexpress.net/tra-cuu-dai-hoc/loadbenchmark/id/415/year/2026/sortby/1/block_name/-1,Trường Đại học Công nghệ - Đại học Quốc gia Hà Nội,Hà Nội,2026,26.26,confirmed_2_sources,5,320.0,38000000.0,38000000.0,observed,Công nghệ thông tin - Máy tính - Dữ liệu - AI,test
QHI:CN13,QHI,CN13,Kỹ thuật năng lượng,,ky_thuat,standard,,A00;A01;X06;D01;X26,A00,,https://diemthi.vnexpress.net/tra-cuu-dai-hoc/loadbenchmark/id/415/year/2026/sortby/1/block_name/-1,Trường Đại học Công nghệ - Đại học Quốc gia Hà Nội,Hà Nội,2026,25.25,confirmed_2_sources,4,60.0,44000000.0,44000000.0,observed,"Kỹ thuật - Công nghệ (cơ khí, điện, điện tử, ô tô, tự động hóa, vật liệu)",test
QHI:CN14,QHI,CN14,Hệ thống thông tin,,cntt,standard,,A00;A01;X06;D01;X26,A00,,https://diemthi.vnexpress.net/tra-cuu-dai-hoc/loadbenchmark/id/415/year/2026/sortby/1/block_name/-1,Trường Đại học Công nghệ - Đại học Quốc gia Hà Nội,Hà Nội,2026,25.85,confirmed_2_sources,4,240.0,44000000.0,44000000.0,observed,Công nghệ thông tin - Máy tính - Dữ liệu - AI,test
QHI:CN15,QHI,CN15,Mạng máy tính và truyền thông dữ liệu,,bao_chi,standard,,A00;A01;X06;D01;X26,A00,,https://diemthi.vnexpress.net/tra-cuu-dai-hoc/loadbenchmark/id/415/year/2026/sortby/1/block_name/-1,Trường Đại học Công nghệ - Đại học Quốc gia Hà Nội,Hà Nội,2026,26.0,confirmed_2_sources,5,120.0,44000000.0,44000000.0,observed,Báo chí - Truyền thông - Quan hệ công chúng,test
QHI:CN17,QHI,CN17,Kỹ thuật Robot,,cntt,standard,,A00;A01;X06;D01;X26,A00,,https://diemthi.vnexpress.net/tra-cuu-dai-hoc/loadbenchmark/id/415/year/2026/sortby/1/block_name/-1,Trường Đại học Công nghệ - Đại học Quốc gia Hà Nội,Hà Nội,2026,26.05,confirmed_2_sources,4,140.0,44000000.0,44000000.0,observed,Công nghệ thông tin - Máy tính - Dữ liệu - AI,test
QHI:CN18,QHI,CN18,Thiết kế công nghiệp và đồ họa,,thiet_ke,standard,,A00;A01;X06;D01;X26,A00,,https://diemthi.vnexpress.net/tra-cuu-dai-hoc/loadbenchmark/id/415/year/2026/sortby/1/block_name/-1,Trường Đại học Công nghệ - Đại học Quốc gia Hà Nội,Hà Nội,2026,23.0,confirmed_2_sources,3,240.0,38000000.0,38000000.0,observed,Thiết kế - Nghệ thuật - Sáng tạo số,test
QHI:CN19,QHI,CN19,Công nghệ vật liệu và vi điện tử,,ky_thuat,standard,,A00;A01;X06;D01;X26,A00,,https://diemthi.vnexpress.net/tra-cuu-dai-hoc/loadbenchmark/id/415/year/2026/sortby/1/block_name/-1,Trường Đại học Công nghệ - Đại học Quốc gia Hà Nội,Hà Nội,2026,25.67,confirmed_2_sources,2,120.0,38000000.0,38000000.0,observed,"Kỹ thuật - Công nghệ (cơ khí, điện, điện tử, ô tô, tự động hóa, vật liệu)",test
QHI:CN2,QHI,CN2,Máy tính và Robot,,cntt,standard,,A00;A01;X06;D01;X26,A00,,https://diemthi.vnexpress.net/tra-cuu-dai-hoc/loadbenchmark/id/415/year/2026/sortby/1/block_name/-1,Trường Đại học Công nghệ - Đại học Quốc gia Hà Nội,Hà Nội,2026,26.63,confirmed_2_sources,9,400.0,44000000.0,44000000.0,observed,Công nghệ thông tin - Máy tính - Dữ liệu - AI,test
QHI:CN20,QHI,CN20,Khoa học và kỹ thuật dữ liệu,,cntt,standard,,A00;A01;X06;D01;X26,A00,,https://diemthi.vnexpress.net/tra-cuu-dai-hoc/loadbenchmark/id/415/year/2026/sortby/1/block_name/-1,Trường Đại học Công nghệ - Đại học Quốc gia Hà Nội,Hà Nội,2026,26.85,confirmed_2_sources,2,120.0,38000000.0,38000000.0,observed,Công nghệ thông tin - Máy tính - Dữ liệu - AI,test
QHI:CN21,QHI,CN21,Công nghệ kỹ thuật sinh học,,sinh_hoa,standard,,A00;A01;A02;X06;B00;D01;X26,A00,,https://diemthi.vnexpress.net/tra-cuu-dai-hoc/loadbenchmark/id/415/year/2026/sortby/1/block_name/-1,Trường Đại học Công nghệ - Đại học Quốc gia Hà Nội,Hà Nội,2026,22.48,confirmed_2_sources,2,60.0,38000000.0,38000000.0,observed,Sinh học - Hóa học - Công nghệ sinh học - Thực phẩm,test
QHI:CN3,QHI,CN3,Vật lý kỹ thuật,,khoa_hoc_tn,standard,,A00;A01;X06;D01;X26,A00,,https://diemthi.vnexpress.net/tra-cuu-dai-hoc/loadbenchmark/id/415/year/2026/sortby/1/block_name/-1,Trường Đại học Công nghệ - Đại học Quốc gia Hà Nội,Hà Nội,2026,25.41,disputed,5,160.0,44000000.0,44000000.0,observed,Khoa học tự nhiên - Toán - Vật lý - Thống kê,test
QHI:CN4,QHI,CN4,Cơ kỹ thuật,,ky_thuat,standard,,A00;A01;X06;D01;X26,A00,,https://diemthi.vnexpress.net/tra-cuu-dai-hoc/loadbenchmark/id/415/year/2026/sortby/1/block_name/-1,Trường Đại học Công nghệ - Đại học Quốc gia Hà Nội,Hà Nội,2026,26.13,disputed,9,60.0,44000000.0,44000000.0,observed,"Kỹ thuật - Công nghệ (cơ khí, điện, điện tử, ô tô, tự động hóa, vật liệu)",test
QHI:CN5,QHI,CN5,Công nghệ kỹ thuật xây dựng,,xay_dung,standard,,A00;A01;X06;D01;X26,A00,,https://diemthi.vnexpress.net/tra-cuu-dai-hoc/loadbenchmark/id/415/year/2026/sortby/1/block_name/-1,Trường Đại học Công nghệ - Đại học Quốc gia Hà Nội,Hà Nội,2026,22.51,confirmed_2_sources,9,160.0,44000000.0,44000000.0,observed,Kiến trúc - Xây dựng - Giao thông - Quy hoạch,test
QHI:CN6,QHI,CN6,Công nghệ kỹ thuật cơ điện tử,,ky_thuat,standard,,A00;A01;X06;D01;X26,A00,,https://diemthi.vnexpress.net/tra-cuu-dai-hoc/loadbenchmark/id/415/year/2026/sortby/1/block_name/-1,Trường Đại học Công nghệ - Đại học Quốc gia Hà Nội,Hà Nội,2026,26.86,confirmed_2_sources,9,160.0,44000000.0,44000000.0,observed,"Kỹ thuật - Công nghệ (cơ khí, điện, điện tử, ô tô, tự động hóa, vật liệu)",test
QHI:CN7,QHI,CN7,Công nghệ Hàng không vũ trụ,,du_lich,standard,,A00;A01;X06;D01;X26,A00,,https://diemthi.vnexpress.net/tra-cuu-dai-hoc/loadbenchmark/id/415/year/2026/sortby/1/block_name/-1,Trường Đại học Công nghệ - Đại học Quốc gia Hà Nội,Hà Nội,2026,24.49,confirmed_2_sources,9,120.0,44000000.0,44000000.0,observed,Du lịch - Khách sạn - Logistics - Hàng không - Dịch vụ,test
QHI:CN8,QHI,CN8,Khoa học máy tính,,cntt,standard,,A00;A01;X06;D01;X26,A00,,https://diemthi.vnexpress.net/tra-cuu-dai-hoc/loadbenchmark/id/415/year/2026/sortby/1/block_name/-1,Trường Đại học Công nghệ - Đại học Quốc gia Hà Nội,Hà Nội,2026,26.86,confirmed_2_sources,8,400.0,44000000.0,44000000.0,observed,Công nghệ thông tin - Máy tính - Dữ liệu - AI,test
QHI:CN9,QHI,CN9,Công nghệ kỹ thuật điện tử - viễn thông,,ky_thuat,standard,,A00;A01;X06;D01;X26,A00,,https://diemthi.vnexpress.net/tra-cuu-dai-hoc/loadbenchmark/id/415/year/2026/sortby/1/block_name/-1,Trường Đại học Công nghệ - Đại học Quốc gia Hà Nội,Hà Nội,2026,25.67,disputed,9,480.0,44000000.0,44000000.0,observed,"Kỹ thuật - Công nghệ (cơ khí, điện, điện tử, ô tô, tự động hóa, vật liệu)",test
QHS:QHS01,QHS,QHS01,Sư phạm Toán học,,su_pham,standard,,A00;A01;B00;B03;C01;C02;D01,A00,"Sư phạm: không nhận thí sinh bị dị hình, dị tật, nói ngọng, nói lắp; điểm sàn của Bộ",https://diemthi.vnexpress.net/tra-cuu-dai-hoc/loadbenchmark/id/418/year/2026/sortby/1/block_name/-1,Trường Đại học Giáo dục - Đại học Quốc gia Hà Nội,Hà Nội,2026,27.55,confirmed_2_sources,2,120.0,14100000.0,14100000.0,observed,Sư phạm - Giáo dục,train
QHS:QHS02,QHS,QHS02,Sư phạm Vật lí,,su_pham,standard,,A00;A01;A02;C01,A00,"Sư phạm: không nhận thí sinh bị dị hình, dị tật, nói ngọng, nói lắp; điểm sàn của Bộ",https://diemthi.vnexpress.net/tra-cuu-dai-hoc/loadbenchmark/id/418/year/2026/sortby/1/block_name/-1,Trường Đại học Giáo dục - Đại học Quốc gia Hà Nội,Hà Nội,2026,26.72,confirmed_2_sources,2,32.0,14100000.0,14100000.0,observed,Sư phạm - Giáo dục,train
QHS:QHS03,QHS,QHS03,Sư phạm Hoá học,,su_pham,standard,,A00;B00;C02;D07,A00,"Sư phạm: không nhận thí sinh bị dị hình, dị tật, nói ngọng, nói lắp; điểm sàn của Bộ",https://diemthi.vnexpress.net/tra-cuu-dai-hoc/loadbenchmark/id/418/year/2026/sortby/1/block_name/-1,Trường Đại học Giáo dục - Đại học Quốc gia Hà Nội,Hà Nội,2026,27.16,confirmed_2_sources,2,36.0,14100000.0,14100000.0,observed,Sư phạm - Giáo dục,train
QHS:QHS04,QHS,QHS04,Sư phạm Sinh học,,su_pham,standard,,A02;B00;B03;B08,A02,"Sư phạm: không nhận thí sinh bị dị hình, dị tật, nói ngọng, nói lắp; điểm sàn của Bộ",https://diemthi.vnexpress.net/tra-cuu-dai-hoc/loadbenchmark/id/418/year/2026/sortby/1/block_name/-1,Trường Đại học Giáo dục - Đại học Quốc gia Hà Nội,Hà Nội,2026,25.55,confirmed_2_sources,2,50.0,14100000.0,14100000.0,observed,Sư phạm - Giáo dục,train
QHS:QHS05,QHS,QHS05,Sư phạm Khoa học Tự nhiên,,su_pham,standard,,A00;A02;B00,A00,"Sư phạm: không nhận thí sinh bị dị hình, dị tật, nói ngọng, nói lắp; điểm sàn của Bộ",https://diemthi.vnexpress.net/tra-cuu-dai-hoc/loadbenchmark/id/418/year/2026/sortby/1/block_name/-1,Trường Đại học Giáo dục - Đại học Quốc gia Hà Nội,Hà Nội,2026,25.55,confirmed_2_sources,2,100.0,14100000.0,14100000.0,observed,Sư phạm - Giáo dục,train
QHS:QHS06,QHS,QHS06,Sư phạm Ngữ văn,,su_pham,standard,,C00;C03;C04;D01;D14;D15,C00,"Sư phạm: không nhận thí sinh bị dị hình, dị tật, nói ngọng, nói lắp; điểm sàn của Bộ",https://diemthi.vnexpress.net/tra-cuu-dai-hoc/loadbenchmark/id/418/year/2026/sortby/1/block_name/-1,Trường Đại học Giáo dục - Đại học Quốc gia Hà Nội,Hà Nội,2026,27.19,confirmed_2_sources,2,150.0,14100000.0,14100000.0,observed,Sư phạm - Giáo dục,train
QHS:QHS07,QHS,QHS07,Sư phạm Lịch sử,,su_pham,standard,,A07;C00;C03;D09;D14,A07,"Sư phạm: không nhận thí sinh bị dị hình, dị tật, nói ngọng, nói lắp; điểm sàn của Bộ",https://diemthi.vnexpress.net/tra-cuu-dai-hoc/loadbenchmark/id/418/year/2026/sortby/1/block_name/-1,Trường Đại học Giáo dục - Đại học Quốc gia Hà Nội,Hà Nội,2026,27.18,confirmed_2_sources,2,45.0,14100000.0,14100000.0,observed,Sư phạm - Giáo dục,train
QHS:QHS08,QHS,QHS08,Sư phạm Lịch sử - Địa lý,,su_pham,standard,,A07;C00,A07,"Sư phạm: không nhận thí sinh bị dị hình, dị tật, nói ngọng, nói lắp; điểm sàn của Bộ",https://diemthi.vnexpress.net/tra-cuu-dai-hoc/loadbenchmark/id/418/year/2026/sortby/1/block_name/-1,Trường Đại học Giáo dục - Đại học Quốc gia Hà Nội,Hà Nội,2026,25.28,confirmed_2_sources,2,85.0,14100000.0,14100000.0,observed,Sư phạm - Giáo dục,train
QHS:QHS09,QHS,QHS09,Giáo dục Mầm non,,su_pham,standard,,A00;B00;C00;C01;C02;C03;C04;D01;D04,A00,"Sư phạm: không nhận thí sinh bị dị hình, dị tật, nói ngọng, nói lắp; điểm sàn của Bộ",https://diemthi.vnexpress.net/tra-cuu-dai-hoc/loadbenchmark/id/418/year/2026/sortby/1/block_name/-1,Trường Đại học Giáo dục - Đại học Quốc gia Hà Nội,Hà Nội,2026,25.85,confirmed_2_sources,2,150.0,14100000.0,14100000.0,observed,Sư phạm - Giáo dục,train
QHS:QHS10,QHS,QHS10,Giáo dục Tiểu học,,su_pham,standard,,A00;B00;C00;C01;C02;C03;C04;D01;D04,A00,"Sư phạm: không nhận thí sinh bị dị hình, dị tật, nói ngọng, nói lắp; điểm sàn của Bộ",https://diemthi.vnexpress.net/tra-cuu-dai-hoc/loadbenchmark/id/418/year/2026/sortby/1/block_name/-1,Trường Đại học Giáo dục - Đại học Quốc gia Hà Nội,Hà Nội,2026,27.18,confirmed_2_sources,2,150.0,14100000.0,14100000.0,observed,Sư phạm - Giáo dục,train
QHS:QHS11,QHS,QHS11,Khoa học giáo dục,,su_pham,standard,,A00;A01;B00;C00;C01;C02;C03;C04;D01;D04,A00,"Sư phạm: không nhận thí sinh bị dị hình, dị tật, nói ngọng, nói lắp; điểm sàn của Bộ",https://diemthi.vnexpress.net/tra-cuu-dai-hoc/loadbenchmark/id/418/year/2026/sortby/1/block_name/-1,Trường Đại học Giáo dục - Đại học Quốc gia Hà Nội,Hà Nội,2026,18.5,disputed,2,550.0,14100000.0,14100000.0,observed,Sư phạm - Giáo dục,train
QHS:QHS12,QHS,QHS12,"Tâm lý học, Tâm lý học giáo dục",,su_pham,standard,,A00;A01;B00;C00;C01;C02;C03;C04;D01;D04,A00,"Sư phạm: không nhận thí sinh bị dị hình, dị tật, nói ngọng, nói lắp; điểm sàn của Bộ",https://diemthi.vnexpress.net/tra-cuu-dai-hoc/loadbenchmark/id/418/year/2026/sortby/1/block_name/-1,Trường Đại học Giáo dục - Đại học Quốc gia Hà Nội,Hà Nội,2026,22.25,confirmed_2_sources,1,400.0,14100000.0,14100000.0,estimated,Sư phạm - Giáo dục,train
QHT:QHT01,QHT,QHT01,Toán học,,khoa_hoc_tn,standard,,A00;A01;C01;D07;D08;X26,A00,,https://diemthi.vnexpress.net/tra-cuu-dai-hoc/loadbenchmark/id/419/year/2026/sortby/1/block_name/-1,Trường Đại học Khoa học Tự nhiên - Đại học Quốc gia Hà Nội,Hà Nội,2026,26.35,confirmed_2_sources,7,60.0,20900000.0,20900000.0,observed,Khoa học tự nhiên - Toán - Vật lý - Thống kê,train
QHT:QHT02,QHT,QHT02,Toán tin,,khoa_hoc_tn,standard,,A00;A01;C01;D07;D08;X26,A00,,https://diemthi.vnexpress.net/tra-cuu-dai-hoc/loadbenchmark/id/419/year/2026/sortby/1/block_name/-1,Trường Đại học Khoa học Tự nhiên - Đại học Quốc gia Hà Nội,Hà Nội,2026,25.69,confirmed_2_sources,5,60.0,30000000.0,30000000.0,observed,Khoa học tự nhiên - Toán - Vật lý - Thống kê,train
QHT:QHT03,QHT,QHT03,Vật lí học,,khoa_hoc_tn,standard,,A00;A01;A02;B00;C01;C02;D07;X06;X02;X26,A00,,https://diemthi.vnexpress.net/tra-cuu-dai-hoc/loadbenchmark/id/419/year/2026/sortby/1/block_name/-1,Trường Đại học Khoa học Tự nhiên - Đại học Quốc gia Hà Nội,Hà Nội,2026,24.74,confirmed_2_sources,9,130.0,30000000.0,30000000.0,observed,Khoa học tự nhiên - Toán - Vật lý - Thống kê,train
QHT:QHT04,QHT,QHT04,Khoa học vật liệu,,khoa_hoc_tn,standard,,A00;A01;A02;B00;C01;C02;D07;X06;X02;X26,A00,,https://diemthi.vnexpress.net/tra-cuu-dai-hoc/loadbenchmark/id/419/year/2026/sortby/1/block_name/-1,Trường Đại học Khoa học Tự nhiên - Đại học Quốc gia Hà Nội,Hà Nội,2026,24.8,confirmed_2_sources,9,100.0,30000000.0,30000000.0,observed,Khoa học tự nhiên - Toán - Vật lý - Thống kê,train
QHT:QHT05,QHT,QHT05,Công nghệ kỹ thuật hạt nhân,,ky_thuat,standard,,A00;A01;A02;B00;C01;C02;D07;X06;X02;X26,A00,,https://diemthi.vnexpress.net/tra-cuu-dai-hoc/loadbenchmark/id/419/year/2026/sortby/1/block_name/-1,Trường Đại học Khoa học Tự nhiên - Đại học Quốc gia Hà Nội,Hà Nội,2026,24.4,confirmed_2_sources,9,75.0,30000000.0,30000000.0,observed,"Kỹ thuật - Công nghệ (cơ khí, điện, điện tử, ô tô, tự động hóa, vật liệu)",train
QHT:QHT06,QHT,QHT06,Hoá học,,sinh_hoa,standard,,A00;A05;A06;B00;C02;D07;X09;X10;X11;X12,A00,,https://diemthi.vnexpress.net/tra-cuu-dai-hoc/loadbenchmark/id/419/year/2026/sortby/1/block_name/-1,Trường Đại học Khoa học Tự nhiên - Đại học Quốc gia Hà Nội,Hà Nội,2026,24.73,confirmed_2_sources,9,160.0,40000000.0,40000000.0,observed,Sinh học - Hóa học - Công nghệ sinh học - Thực phẩm,train
QHT:QHT07,QHT,QHT07,Công nghệ kỹ thuật hoá học,,sinh_hoa,standard,,A00;A05;A06;B00;C02;D07;X09;X10;X11;X12,A00,,https://diemthi.vnexpress.net/tra-cuu-dai-hoc/loadbenchmark/id/419/year/2026/sortby/1/block_name/-1,Trường Đại học Khoa học Tự nhiên - Đại học Quốc gia Hà Nội,Hà Nội,2026,24.48,confirmed_2_sources,7,125.0,40000000.0,40000000.0,observed,Sinh học - Hóa học - Công nghệ sinh học - Thực phẩm,train
QHT:QHT08,QHT,QHT08,Sinh học,,sinh_hoa,standard,,A00;A02;B00;B03;B08;D07;B01;B02;D08;X13;X14;X15;X16,A00,,https://diemthi.vnexpress.net/tra-cuu-dai-hoc/loadbenchmark/id/419/year/2026/sortby/1/block_name/-1,Trường Đại học Khoa học Tự nhiên - Đại học Quốc gia Hà Nội,Hà Nội,2026,22.0,confirmed_2_sources,9,120.0,40000000.0,40000000.0,observed,Sinh học - Hóa học - Công nghệ sinh học - Thực phẩm,train
QHT:QHT09,QHT,QHT09,Công nghệ sinh học,,sinh_hoa,standard,,A00;A02;B00;B03;B08;D07;B01;B02;D08;X13;X14;X15;X16,A00,,https://diemthi.vnexpress.net/tra-cuu-dai-hoc/loadbenchmark/id/419/year/2026/sortby/1/block_name/-1,Trường Đại học Khoa học Tự nhiên - Đại học Quốc gia Hà Nội,Hà Nội,2026,23.2,confirmed_2_sources,7,190.0,40000000.0,40000000.0,observed,Sinh học - Hóa học - Công nghệ sinh học - Thực phẩm,train
QHT:QHT10,QHT,QHT10,Địa lí tự nhiên,,xa_hoi,standard,,A00;A01;A04;A06;A07;B00;B02;C04;D01;D10;D20;X01;X21;X25,A00,,https://diemthi.vnexpress.net/tra-cuu-dai-hoc/loadbenchmark/id/419/year/2026/sortby/1/block_name/-1,Trường Đại học Khoa học Tự nhiên - Đại học Quốc gia Hà Nội,Hà Nội,2026,24.2,confirmed_2_sources,9,30.0,19300000.0,19300000.0,observed,Khoa học xã hội - Tâm lý - Nhân văn - Chính trị - Hành chính,train
QHT:QHT12,QHT,QHT12,Quản lý đất đai,,nong_lam_mt,standard,,A00;A01;A04;A06;A07;B00;B02;C04;D01;D10;D20;X01;X21;X25,A00,,https://diemthi.vnexpress.net/tra-cuu-dai-hoc/loadbenchmark/id/419/year/2026/sortby/1/block_name/-1,Trường Đại học Khoa học Tự nhiên - Đại học Quốc gia Hà Nội,Hà Nội,2026,22.25,confirmed_2_sources,9,90.0,30000000.0,30000000.0,observed,Nông - Lâm - Thủy sản - Môi trường - Tài nguyên,train
QHT:QHT13,QHT,QHT13,Khoa học môi trường,,nong_lam_mt,standard,,A00;A01;A02;B00;B03;C01;C02;C03;C04;D01;D07;D08;X01;X02;X09;X10;X11;X12;X13;X14;X15;X16,A00,,https://diemthi.vnexpress.net/tra-cuu-dai-hoc/loadbenchmark/id/419/year/2026/sortby/1/block_name/-1,Trường Đại học Khoa học Tự nhiên - Đại học Quốc gia Hà Nội,Hà Nội,2026,22.23,confirmed_2_sources,9,90.0,30000000.0,30000000.0,observed,Nông - Lâm - Thủy sản - Môi trường - Tài nguyên,train
QHT:QHT15,QHT,QHT15,Công nghệ kỹ thuật môi trường,,nong_lam_mt,standard,,A00;A01;A02;B00;B03;C01;C02;C03;C04;D01;D07;D08;X01;X02;X09;X10;X11;X12;X13;X14;X15;X16,A00,,https://diemthi.vnexpress.net/tra-cuu-dai-hoc/loadbenchmark/id/419/year/2026/sortby/1/block_name/-1,Trường Đại học Khoa học Tự nhiên - Đại học Quốc gia Hà Nội,Hà Nội,2026,22.64,confirmed_2_sources,7,80.0,35000000.0,35000000.0,observed,Nông - Lâm - Thủy sản - Môi trường - Tài nguyên,train
QHT:QHT16,QHT,QHT16,Khí tượng và khí hậu học,,nong_lam_mt,standard,,A00;A01;A02;B00;B03;C01;C02;C04;D01;D07;X02;X26;A04;A06;B02;B08;D10,A00,,https://diemthi.vnexpress.net/tra-cuu-dai-hoc/loadbenchmark/id/419/year/2026/sortby/1/block_name/-1,Trường Đại học Khoa học Tự nhiên - Đại học Quốc gia Hà Nội,Hà Nội,2026,23.22,confirmed_2_sources,9,40.0,19300000.0,19300000.0,observed,Nông - Lâm - Thủy sản - Môi trường - Tài nguyên,train
QHT:QHT17,QHT,QHT17,Hải dương học,,khoa_hoc_tn,standard,,A00;A01;A02;B00;B03;C01;C02;C04;D01;D07;X02;X26;A04;A06;B02;D10,A00,,https://diemthi.vnexpress.net/tra-cuu-dai-hoc/loadbenchmark/id/419/year/2026/sortby/1/block_name/-1,Trường Đại học Khoa học Tự nhiên - Đại học Quốc gia Hà Nội,Hà Nội,2026,22.4,confirmed_2_sources,9,25.0,19300000.0,19300000.0,observed,Khoa học tự nhiên - Toán - Vật lý - Thống kê,train
QHT:QHT18,QHT,QHT18,Địa chất học,,nong_lam_mt,standard,,A00;A01;A04;A07;B03;C01;C02;C03;C04;D01;D10;X01;X21;X25;B00;D07;A06;D08;D09;X05;X09,A00,,https://diemthi.vnexpress.net/tra-cuu-dai-hoc/loadbenchmark/id/419/year/2026/sortby/1/block_name/-1,Trường Đại học Khoa học Tự nhiên - Đại học Quốc gia Hà Nội,Hà Nội,2026,23.23,confirmed_2_sources,9,30.0,19300000.0,19300000.0,observed,Nông - Lâm - Thủy sản - Môi trường - Tài nguyên,train
QHT:QHT20,QHT,QHT20,Quản lý tài nguyên và môi trường,,nong_lam_mt,standard,,A00;A01;A04;A07;B03;C01;C02;C03;C04;D01;D10;X01;X21;X25;B00;D07;A06;D08;D09;X05;X09,A00,,https://diemthi.vnexpress.net/tra-cuu-dai-hoc/loadbenchmark/id/419/year/2026/sortby/1/block_name/-1,Trường Đại học Khoa học Tự nhiên - Đại học Quốc gia Hà Nội,Hà Nội,2026,22.75,confirmed_2_sources,9,130.0,30000000.0,30000000.0,observed,Nông - Lâm - Thủy sản - Môi trường - Tài nguyên,train
QHT:QHT43,QHT,QHT43,Hoá dược**,,y_duoc,standard,,A00;A05;A06;B00;C02;D07;X09;X10;X11;X12,A00,Khối sức khỏe: có ngưỡng điểm sàn của Bộ,https://diemthi.vnexpress.net/tra-cuu-dai-hoc/loadbenchmark/id/419/year/2026/sortby/1/block_name/-1,Trường Đại học Khoa học Tự nhiên - Đại học Quốc gia Hà Nội,Hà Nội,2026,23.85,confirmed_2_sources,9,125.0,40000000.0,40000000.0,observed,Y - Dược - Điều dưỡng - Sức khỏe,train
QHT:QHT81,QHT,QHT81,Sinh dược học,,y_duoc,standard,,A00;A02;B00;B03;B08;D07;B01;B02;D08;X13;X14;X15;X16,A00,Khối sức khỏe: có ngưỡng điểm sàn của Bộ,https://diemthi.vnexpress.net/tra-cuu-dai-hoc/loadbenchmark/id/419/year/2026/sortby/1/block_name/-1,Trường Đại học Khoa học Tự nhiên - Đại học Quốc gia Hà Nội,Hà Nội,2026,22.24,confirmed_2_sources,4,60.0,19300000.0,19300000.0,observed,Y - Dược - Điều dưỡng - Sức khỏe,train
QHT:QHT82,QHT,QHT82,"Môi trường, Sức khỏe và An toàn*",,y_duoc,standard,,A00;A01;A02;B00;B03;C01;C02;C03;C04;D01;D07;D08;X01;X02;X09;X10;X11;X12;X13;X14;X15;X16,A00,Khối sức khỏe: có ngưỡng điểm sàn của Bộ,https://diemthi.vnexpress.net/tra-cuu-dai-hoc/loadbenchmark/id/419/year/2026/sortby/1/block_name/-1,Trường Đại học Khoa học Tự nhiên - Đại học Quốc gia Hà Nội,Hà Nội,2026,22.52,confirmed_2_sources,4,50.0,19100000.0,19100000.0,observed,Y - Dược - Điều dưỡng - Sức khỏe,train
QHT:QHT91,QHT,QHT91,Khoa học thông tin địa không gian*,,cntt,standard,,A00;A01;A04;A06;A07;B00;B02;C04;D01;D10;D20;X01;X21;X25,A00,,https://diemthi.vnexpress.net/tra-cuu-dai-hoc/loadbenchmark/id/419/year/2026/sortby/1/block_name/-1,Trường Đại học Khoa học Tự nhiên - Đại học Quốc gia Hà Nội,Hà Nội,2026,24.38,confirmed_2_sources,9,30.0,19300000.0,19300000.0,observed,Công nghệ thông tin - Máy tính - Dữ liệu - AI,train
QHT:QHT92,QHT,QHT92,Tài nguyên và môi trường nước*,,nong_lam_mt,standard,,A00;A01;A02;B00;B03;C01;C02;C04;D01;D07;X02;X26;A04;A06;B02;B08;D10,A00,,https://diemthi.vnexpress.net/tra-cuu-dai-hoc/loadbenchmark/id/419/year/2026/sortby/1/block_name/-1,Trường Đại học Khoa học Tự nhiên - Đại học Quốc gia Hà Nội,Hà Nội,2026,22.0,confirmed_2_sources,8,25.0,19300000.0,19300000.0,observed,Nông - Lâm - Thủy sản - Môi trường - Tài nguyên,train
QHT:QHT93,QHT,QHT93,Khoa học dữ liệu,,cntt,standard,,A00;A01;C01;D07;D08;X26,A00,,https://diemthi.vnexpress.net/tra-cuu-dai-hoc/loadbenchmark/id/419/year/2026/sortby/1/block_name/-1,Trường Đại học Khoa học Tự nhiên - Đại học Quốc gia Hà Nội,Hà Nội,2026,26.06,confirmed_2_sources,5,70.0,40000000.0,40000000.0,observed,Công nghệ thông tin - Máy tính - Dữ liệu - AI,train
QHT:QHT94,QHT,QHT94,Kỹ thuật điện tử và tin học,,ky_thuat,standard,,A00;A01;A02;B00;C01;C02;D07;X06;X02;X26,A00,,https://diemthi.vnexpress.net/tra-cuu-dai-hoc/loadbenchmark/id/419/year/2026/sortby/1/block_name/-1,Trường Đại học Khoa học Tự nhiên - Đại học Quốc gia Hà Nội,Hà Nội,2026,24.95,confirmed_2_sources,7,130.0,40000000.0,40000000.0,observed,"Kỹ thuật - Công nghệ (cơ khí, điện, điện tử, ô tô, tự động hóa, vật liệu)",train
QHT:QHT95,QHT,QHT95,Quản lý phát triển đô thị và bất động sản,,xay_dung,standard,,A00;A01;A04;A06;A07;B00;B02;C04;D01;D10;D20;X01;X21;X25,A00,,https://diemthi.vnexpress.net/tra-cuu-dai-hoc/loadbenchmark/id/419/year/2026/sortby/1/block_name/-1,Trường Đại học Khoa học Tự nhiên - Đại học Quốc gia Hà Nội,Hà Nội,2026,22.64,confirmed_2_sources,7,90.0,30000000.0,30000000.0,observed,Kiến trúc - Xây dựng - Giao thông - Quy hoạch,train
QHT:QHT96,QHT,QHT96,Khoa học và công nghệ thực phẩm,,sinh_hoa,standard,,A00;A01;A02;B00;B03;C01;C02;C03;C04;D01;D07;D08;X01;X02;X09;X10;X11;X12;X13;X14;X15;X16,A00,,https://diemthi.vnexpress.net/tra-cuu-dai-hoc/loadbenchmark/id/419/year/2026/sortby/1/block_name/-1,Trường Đại học Khoa học Tự nhiên - Đại học Quốc gia Hà Nội,Hà Nội,2026,23.58,confirmed_2_sources,7,130.0,40000000.0,40000000.0,observed,Sinh học - Hóa học - Công nghệ sinh học - Thực phẩm,train
QHT:QHT98,QHT,QHT98,Khoa học máy tính và thông tin*,,cntt,standard,,A00;A01;C01;D07;D08;X26,A00,,https://diemthi.vnexpress.net/tra-cuu-dai-hoc/loadbenchmark/id/419/year/2026/sortby/1/block_name/-1,Trường Đại học Khoa học Tự nhiên - Đại học Quốc gia Hà Nội,Hà Nội,2026,25.28,confirmed_2_sources,3,125.0,40000000.0,40000000.0,observed,Công nghệ thông tin - Máy tính - Dữ liệu - AI,train
QHT:QHT99,QHT,QHT99,Công nghệ bán dẫn huộc ngành Khoa học vật liệu,,cntt,standard,,A00;A01;A02;B00;C01;C02;D07;X06;X02;X26,A00,,https://diemthi.vnexpress.net/tra-cuu-dai-hoc/loadbenchmark/id/419/year/2026/sortby/1/block_name/-1,Trường Đại học Khoa học Tự nhiên - Đại học Quốc gia Hà Nội,Hà Nội,2026,25.43,confirmed_2_sources,2,140.0,40000000.0,40000000.0,observed,Công nghệ thông tin - Máy tính - Dữ liệu - AI,train
QHX:QHX01,QHX,QHX01,Báo chí,,bao_chi,standard,,D01;D09;D10;D11;D14;D15;A01,D01,,https://diemthi.vnexpress.net/tra-cuu-dai-hoc/loadbenchmark/id/420/year/2026/sortby/1/block_name/-1,Trường Đại học Khoa học Xã hội và Nhân văn - Đại học Quốc gia Hà Nội,Hà Nội,2026,22.0,confirmed_2_sources,9,160.0,16900000.0,16900000.0,observed,Báo chí - Truyền thông - Quan hệ công chúng,train
QHX:QHX02,QHX,QHX02,Chính trị hoc,,xa_hoi,standard,,D01;D09;D10;D11;D14;D15;C00;A01;C03;C04;D55,D01,,https://diemthi.vnexpress.net/tra-cuu-dai-hoc/loadbenchmark/id/420/year/2026/sortby/1/block_name/-1,Trường Đại học Khoa học Xã hội và Nhân văn - Đại học Quốc gia Hà Nội,Hà Nội,2026,22.7,confirmed_2_sources,9,60.0,29500000.0,29500000.0,observed,Khoa học xã hội - Tâm lý - Nhân văn - Chính trị - Hành chính,train
QHX:QHX03,QHX,QHX03,Công tác xã hội,,xa_hoi,standard,,D01;D09;D10;D11;D14;D15;C00;A01;C03;C04;D55,D01,,https://diemthi.vnexpress.net/tra-cuu-dai-hoc/loadbenchmark/id/420/year/2026/sortby/1/block_name/-1,Trường Đại học Khoa học Xã hội và Nhân văn - Đại học Quốc gia Hà Nội,Hà Nội,2026,23.67,confirmed_2_sources,8,55.0,19100000.0,19100000.0,observed,Khoa học xã hội - Tâm lý - Nhân văn - Chính trị - Hành chính,train
QHX:QHX04,QHX,QHX04,Đông Nam Á học,,ngon_ngu,standard,,D01;D09;D10;D11;D14;D15;C00;A01,D01,,https://diemthi.vnexpress.net/tra-cuu-dai-hoc/loadbenchmark/id/420/year/2026/sortby/1/block_name/-1,Trường Đại học Khoa học Xã hội và Nhân văn - Đại học Quốc gia Hà Nội,Hà Nội,2026,23.18,confirmed_2_sources,8,50.0,19100000.0,19100000.0,observed,Ngôn ngữ - Văn hóa - Quốc tế học,train
QHX:QHX05,QHX,QHX05,Đông phương học,,ngon_ngu,standard,,D01;D09;D10;D11;D14;D15;D04,D01,,https://diemthi.vnexpress.net/tra-cuu-dai-hoc/loadbenchmark/id/420/year/2026/sortby/1/block_name/-1,Trường Đại học Khoa học Xã hội và Nhân văn - Đại học Quốc gia Hà Nội,Hà Nội,2026,21.5,confirmed_2_sources,8,50.0,29500000.0,29500000.0,observed,Ngôn ngữ - Văn hóa - Quốc tế học,train
QHX:QHX06,QHX,QHX06,Hán Nôm,,ngon_ngu,standard,,D01;D09;D10;D11;D14;D15;D04;C03;C04,D01,,https://diemthi.vnexpress.net/tra-cuu-dai-hoc/loadbenchmark/id/420/year/2026/sortby/1/block_name/-1,Trường Đại học Khoa học Xã hội và Nhân văn - Đại học Quốc gia Hà Nội,Hà Nội,2026,23.23,confirmed_2_sources,9,100.0,29500000.0,29500000.0,observed,Ngôn ngữ - Văn hóa - Quốc tế học,train
QHX:QHX07,QHX,QHX07,Khoa học quản lý,,kinh_te,standard,,D01;D09;D10;D11;D14;D15;D04;C00;A01,D01,,https://diemthi.vnexpress.net/tra-cuu-dai-hoc/loadbenchmark/id/420/year/2026/sortby/1/block_name/-1,Trường Đại học Khoa học Xã hội và Nhân văn - Đại học Quốc gia Hà Nội,Hà Nội,2026,22.43,confirmed_2_sources,8,30.0,29500000.0,29500000.0,observed,Kinh tế - Kinh doanh - Quản trị - Marketing - Thương mại,train
QHX:QHX08,QHX,QHX08,Lich sử,,xa_hoi,standard,,D01;D09;D10;D11;D14;D15;D04,D01,,https://diemthi.vnexpress.net/tra-cuu-dai-hoc/loadbenchmark/id/420/year/2026/sortby/1/block_name/-1,Trường Đại học Khoa học Xã hội và Nhân văn - Đại học Quốc gia Hà Nội,Hà Nội,2026,22.73,confirmed_2_sources,9,60.0,35000000.0,35000000.0,observed,Khoa học xã hội - Tâm lý - Nhân văn - Chính trị - Hành chính,train
QHX:QHX09,QHX,QHX09,Lưu trữ học,,xa_hoi,standard,,D01;D09;D10;D11;D14;D15;A01,D01,,https://diemthi.vnexpress.net/tra-cuu-dai-hoc/loadbenchmark/id/420/year/2026/sortby/1/block_name/-1,Trường Đại học Khoa học Xã hội và Nhân văn - Đại học Quốc gia Hà Nội,Hà Nội,2026,19.0,confirmed_2_sources,9,120.0,29500000.0,29500000.0,observed,Khoa học xã hội - Tâm lý - Nhân văn - Chính trị - Hành chính,train
QHX:QHX10,QHX,QHX10,Ngôn ngữ học,,ngon_ngu,standard,,D01;D09;D10;D11;D14;D15;C00;D04,D01,,https://diemthi.vnexpress.net/tra-cuu-dai-hoc/loadbenchmark/id/420/year/2026/sortby/1/block_name/-1,Trường Đại học Khoa học Xã hội và Nhân văn - Đại học Quốc gia Hà Nội,Hà Nội,2026,24.0,confirmed_2_sources,8,80.0,29500000.0,29500000.0,observed,Ngôn ngữ - Văn hóa - Quốc tế học,train
QHX:QHX11,QHX,QHX11,Nhân học,,xa_hoi,standard,,D01;D09;D10;D11;D14;D15;C00;A01,D01,,https://diemthi.vnexpress.net/tra-cuu-dai-hoc/loadbenchmark/id/420/year/2026/sortby/1/block_name/-1,Trường Đại học Khoa học Xã hội và Nhân văn - Đại học Quốc gia Hà Nội,Hà Nội,2026,22.07,confirmed_2_sources,9,50.0,29500000.0,29500000.0,observed,Khoa học xã hội - Tâm lý - Nhân văn - Chính trị - Hành chính,train
QHX:QHX12,QHX,QHX12,Nhật Bản học,,ngon_ngu,standard,,D01;D09;D10;D11;D14;D15;C00;A01;D06;D04,D01,,https://diemthi.vnexpress.net/tra-cuu-dai-hoc/loadbenchmark/id/420/year/2026/sortby/1/block_name/-1,Trường Đại học Khoa học Xã hội và Nhân văn - Đại học Quốc gia Hà Nội,Hà Nội,2026,21.85,confirmed_2_sources,2,80.0,29500000.0,29500000.0,observed,Ngôn ngữ - Văn hóa - Quốc tế học,train
QHX:QHX13,QHX,QHX13,Quan hệ công chúng,,bao_chi,standard,,D01;D09;D10;D11;D14;D15;C00;D04;D06,D01,,https://diemthi.vnexpress.net/tra-cuu-dai-hoc/loadbenchmark/id/420/year/2026/sortby/1/block_name/-1,Trường Đại học Khoa học Xã hội và Nhân văn - Đại học Quốc gia Hà Nội,Hà Nội,2026,20.58,confirmed_2_sources,8,50.0,19100000.0,19100000.0,observed,Báo chí - Truyền thông - Quan hệ công chúng,train
QHX:QHX14,QHX,QHX14,Quản lý thông tin,,kinh_te,standard,,D01;D09;D10;D11;D14;D15;D06;A01,D01,,https://diemthi.vnexpress.net/tra-cuu-dai-hoc/loadbenchmark/id/420/year/2026/sortby/1/block_name/-1,Trường Đại học Khoa học Xã hội và Nhân văn - Đại học Quốc gia Hà Nội,Hà Nội,2026,21.6,confirmed_2_sources,8,50.0,35000000.0,35000000.0,observed,Kinh tế - Kinh doanh - Quản trị - Marketing - Thương mại,train
QHX:QHX15,QHX,QHX15,Quản trị dịch vụ du lịch và lữ hành,,du_lich,standard,,D01;D09;D10;D11;D14;D15;A01,D01,,https://diemthi.vnexpress.net/tra-cuu-dai-hoc/loadbenchmark/id/420/year/2026/sortby/1/block_name/-1,Trường Đại học Khoa học Xã hội và Nhân văn - Đại học Quốc gia Hà Nội,Hà Nội,2026,24.2,confirmed_2_sources,6,200.0,35000000.0,35000000.0,observed,Du lịch - Khách sạn - Logistics - Hàng không - Dịch vụ,train
QHX:QHX16,QHX,QHX16,Quản trị khách sạn,,du_lich,standard,,D01;D09;D10;D11;D14;D15;A01,D01,,https://diemthi.vnexpress.net/tra-cuu-dai-hoc/loadbenchmark/id/420/year/2026/sortby/1/block_name/-1,Trường Đại học Khoa học Xã hội và Nhân văn - Đại học Quốc gia Hà Nội,Hà Nội,2026,19.27,confirmed_2_sources,8,110.0,29500000.0,29500000.0,observed,Du lịch - Khách sạn - Logistics - Hàng không - Dịch vụ,train
QHX:QHX17,QHX,QHX17,Quản tri văn phòng,,kinh_te,standard,,D01;D09;D10;D11;D14;D15;A01,D01,,https://diemthi.vnexpress.net/tra-cuu-dai-hoc/loadbenchmark/id/420/year/2026/sortby/1/block_name/-1,Trường Đại học Khoa học Xã hội và Nhân văn - Đại học Quốc gia Hà Nội,Hà Nội,2026,22.5,confirmed_2_sources,8,200.0,35000000.0,35000000.0,observed,Kinh tế - Kinh doanh - Quản trị - Marketing - Thương mại,train
QHX:QHX18,QHX,QHX18,Quốc tế học,,ngon_ngu,international,,D01;D09;D10;D11;D14;D15;A01,D01,"Học bằng tiếng Anh (thường cần trình độ tiếng Anh tốt, có thể yêu cầu IELTS/chứng chỉ khi nhập học) | Chương trình liên kết/quốc tế: học phí cao hơn chương trình chuẩn",https://diemthi.vnexpress.net/tra-cuu-dai-hoc/loadbenchmark/id/420/year/2026/sortby/1/block_name/-1,Trường Đại học Khoa học Xã hội và Nhân văn - Đại học Quốc gia Hà Nội,Hà Nội,2026,21.24,confirmed_2_sources,8,150.0,35000000.0,35000000.0,observed,Ngôn ngữ - Văn hóa - Quốc tế học,train
QHX:QHX19,QHX,QHX19,Tâm lý học,,xa_hoi,standard,,D01;D09;D10;D11;D14;D15;A01;D04,D01,,https://diemthi.vnexpress.net/tra-cuu-dai-hoc/loadbenchmark/id/420/year/2026/sortby/1/block_name/-1,Trường Đại học Khoa học Xã hội và Nhân văn - Đại học Quốc gia Hà Nội,Hà Nội,2026,19.5,confirmed_2_sources,9,110.0,29500000.0,29500000.0,observed,Khoa học xã hội - Tâm lý - Nhân văn - Chính trị - Hành chính,train
QHX:QHX20,QHX,QHX20,Thông tin - thư viện,,xa_hoi,standard,,D01;D09;D10;D11;D14;D15;A01,D01,,https://diemthi.vnexpress.net/tra-cuu-dai-hoc/loadbenchmark/id/420/year/2026/sortby/1/block_name/-1,Trường Đại học Khoa học Xã hội và Nhân văn - Đại học Quốc gia Hà Nội,Hà Nội,2026,22.0,confirmed_2_sources,8,180.0,35000000.0,35000000.0,observed,Khoa học xã hội - Tâm lý - Nhân văn - Chính trị - Hành chính,train
QHX:QHX21,QHX,QHX21,Tôn giáo học,,xa_hoi,standard,,D01;D09;D10;D11;D14;D15;A01,D01,,https://diemthi.vnexpress.net/tra-cuu-dai-hoc/loadbenchmark/id/420/year/2026/sortby/1/block_name/-1,Trường Đại học Khoa học Xã hội và Nhân văn - Đại học Quốc gia Hà Nội,Hà Nội,2026,25.0,confirmed_2_sources,9,200.0,35000000.0,35000000.0,observed,Khoa học xã hội - Tâm lý - Nhân văn - Chính trị - Hành chính,train
QHX:QHX22,QHX,QHX22,Triết học,,xa_hoi,standard,,D01;D09;D10;D11;D14;D15;C00;A01,D01,,https://diemthi.vnexpress.net/tra-cuu-dai-hoc/loadbenchmark/id/420/year/2026/sortby/1/block_name/-1,Trường Đại học Khoa học Xã hội và Nhân văn - Đại học Quốc gia Hà Nội,Hà Nội,2026,21.5,confirmed_2_sources,9,50.0,29500000.0,29500000.0,observed,Khoa học xã hội - Tâm lý - Nhân văn - Chính trị - Hành chính,train
QHX:QHX23,QHX,QHX23,Văn học,,xa_hoi,standard,,D01;D09;D10;D11;D14;D15;C00;D04,D01,,https://diemthi.vnexpress.net/tra-cuu-dai-hoc/loadbenchmark/id/420/year/2026/sortby/1/block_name/-1,Trường Đại học Khoa học Xã hội và Nhân văn - Đại học Quốc gia Hà Nội,Hà Nội,2026,19.0,confirmed_2_sources,9,50.0,19100000.0,19100000.0,observed,Khoa học xã hội - Tâm lý - Nhân văn - Chính trị - Hành chính,train
QHX:QHX24,QHX,QHX24,Việt Nam học,,ngon_ngu,standard,,D01;D09;D10;D11;D14;D15;C00;D04,D01,,https://diemthi.vnexpress.net/tra-cuu-dai-hoc/loadbenchmark/id/420/year/2026/sortby/1/block_name/-1,Trường Đại học Khoa học Xã hội và Nhân văn - Đại học Quốc gia Hà Nội,Hà Nội,2026,21.25,confirmed_2_sources,9,50.0,19100000.0,19100000.0,observed,Ngôn ngữ - Văn hóa - Quốc tế học,train
QHX:QHX25,QHX,QHX25,Xã hội học,,xa_hoi,standard,,D01;D09;D10;D11;D14;D15;C00;A01,D01,,https://diemthi.vnexpress.net/tra-cuu-dai-hoc/loadbenchmark/id/420/year/2026/sortby/1/block_name/-1,Trường Đại học Khoa học Xã hội và Nhân văn - Đại học Quốc gia Hà Nội,Hà Nội,2026,21.98,confirmed_2_sources,9,55.0,29500000.0,29500000.0,observed,Khoa học xã hội - Tâm lý - Nhân văn - Chính trị - Hành chính,train
QHX:QHX26,QHX,QHX26,Hàn Quốc học,,ngon_ngu,standard,,D01;D09;D10;D11;D14;D15;C00;D04,D01,,https://diemthi.vnexpress.net/tra-cuu-dai-hoc/loadbenchmark/id/420/year/2026/sortby/1/block_name/-1,Trường Đại học Khoa học Xã hội và Nhân văn - Đại học Quốc gia Hà Nội,Hà Nội,2026,23.91,confirmed_2_sources,6,120.0,29500000.0,29500000.0,observed,Ngôn ngữ - Văn hóa - Quốc tế học,train
QHX:QHX27,QHX,QHX27,Văn hóa học,,ngon_ngu,standard,,D01;D09;D10;D11;D14;D15;C00;A01;D04,D01,,https://diemthi.vnexpress.net/tra-cuu-dai-hoc/loadbenchmark/id/420/year/2026/sortby/1/block_name/-1,Trường Đại học Khoa học Xã hội và Nhân văn - Đại học Quốc gia Hà Nội,Hà Nội,2026,21.5,confirmed_2_sources,6,60.0,29500000.0,29500000.0,observed,Ngôn ngữ - Văn hóa - Quốc tế học,train
QHX:QHX28,QHX,QHX28,Điện ảnh và Nghệ thuật đại chúng,,thiet_ke,standard,,D01;D09;D10;D11;D14;D15;C00;A01,D01,,https://diemthi.vnexpress.net/tra-cuu-dai-hoc/loadbenchmark/id/420/year/2026/sortby/1/block_name/-1,Trường Đại học Khoa học Xã hội và Nhân văn - Đại học Quốc gia Hà Nội,Hà Nội,2026,22.43,confirmed_2_sources,3,70.0,29500000.0,29500000.0,observed,Thiết kế - Nghệ thuật - Sáng tạo số,train
QHX:QHX29,QHX,QHX29,Truyền thông đa phương tiện,,bao_chi,standard,,D01;D09;D10;D11;D14;D15;A01;D04,D01,,https://diemthi.vnexpress.net/tra-cuu-dai-hoc/loadbenchmark/id/420/year/2026/sortby/1/block_name/-1,Trường Đại học Khoa học Xã hội và Nhân văn - Đại học Quốc gia Hà Nội,Hà Nội,2026,25.5,confirmed_2_sources,2,50.0,29500000.0,29500000.0,observed,Báo chí - Truyền thông - Quan hệ công chúng,train
QSC:7320104,QSC,7320104,Truyền thông đa phương tiện,7320104,bao_chi,standard,,A01;D01;D09;D10;X02;X26;A00;D07;X06,A01,,https://diemthi.vnexpress.net/tra-cuu-dai-hoc/loadbenchmark/id/284/year/2026/sortby/1/block_name/-1,Trường Đại học Công nghệ Thông tin - Đại học Quốc gia TP.HCM,TP. Hồ Chí Minh,2026,24.66,confirmed_2_sources,2,60.0,41800000.0,41800000.0,observed,Báo chí - Truyền thông - Quan hệ công chúng,train
QSC:7340122,QSC,7340122,Thương mại điện tử,7340122,kinh_te,standard,,A00;A01;D01;D07;X06;X26,A00,,https://diemthi.vnexpress.net/tra-cuu-dai-hoc/loadbenchmark/id/284/year/2026/sortby/1/block_name/-1,Trường Đại học Công nghệ Thông tin - Đại học Quốc gia TP.HCM,TP. Hồ Chí Minh,2026,23.7,confirmed_2_sources,8,140.0,41800000.0,41800000.0,observed,Kinh tế - Kinh doanh - Quản trị - Marketing - Thương mại,train
QSC:7460108,QSC,7460108,Khoa học dữ liệu (Data Science),7460108,cntt,standard,,A00;A01;D01;D07;A02;X06;X26,A00,,https://diemthi.vnexpress.net/tra-cuu-dai-hoc/loadbenchmark/id/284/year/2026/sortby/1/block_name/-1,Trường Đại học Công nghệ Thông tin - Đại học Quốc gia TP.HCM,TP. Hồ Chí Minh,2026,27.51,confirmed_2_sources,3,55.0,41800000.0,41800000.0,observed,Công nghệ thông tin - Máy tính - Dữ liệu - AI,train
QSC:7460108TA,QSC,7460108TA,Khoa học dữ liệu (Chương trình đào tạo bằng Tiếng Anh),7460108,cntt,standard,,A00;A01;A02;D01;D07;X06;X26,A00,"Học bằng tiếng Anh (thường cần trình độ tiếng Anh tốt, có thể yêu cầu IELTS/chứng chỉ khi nhập học)",https://diemthi.vnexpress.net/tra-cuu-dai-hoc/loadbenchmark/id/284/year/2026/sortby/1/block_name/-1,Trường Đại học Công nghệ Thông tin - Đại học Quốc gia TP.HCM,TP. Hồ Chí Minh,2026,25.65,confirmed_2_sources,1,30.0,80000000.0,80000000.0,observed,Công nghệ thông tin - Máy tính - Dữ liệu - AI,train
QSC:7480101,QSC,7480101,Khoa học máy tính,7480101,cntt,standard,,A00;A01;D01;D07;X06;X26,A00,,https://diemthi.vnexpress.net/tra-cuu-dai-hoc/loadbenchmark/id/284/year/2026/sortby/1/block_name/-1,Trường Đại học Công nghệ Thông tin - Đại học Quốc gia TP.HCM,TP. Hồ Chí Minh,2026,26.55,confirmed_2_sources,7,280.0,41800000.0,41800000.0,observed,Công nghệ thông tin - Máy tính - Dữ liệu - AI,train
QSC:7480101TA,QSC,7480101TA,Khoa học máy tính (CTĐT bằng Tiếng Anh),7480101,cntt,standard,,A00;A01;D01;D07;X06;X26,A00,"Học bằng tiếng Anh (thường cần trình độ tiếng Anh tốt, có thể yêu cầu IELTS/chứng chỉ khi nhập học)",https://diemthi.vnexpress.net/tra-cuu-dai-hoc/loadbenchmark/id/284/year/2026/sortby/1/block_name/-1,Trường Đại học Công nghệ Thông tin - Đại học Quốc gia TP.HCM,TP. Hồ Chí Minh,2026,25.5,confirmed_2_sources,1,50.0,80000000.0,80000000.0,observed,Công nghệ thông tin - Máy tính - Dữ liệu - AI,train
QSC:7480102,QSC,7480102,Mạng máy tính và truyền thông dữ liệu,7480102,bao_chi,standard,,A00;A01;D01;D07;X06;X14;X26,A00,,https://diemthi.vnexpress.net/tra-cuu-dai-hoc/loadbenchmark/id/284/year/2026/sortby/1/block_name/-1,Trường Đại học Công nghệ Thông tin - Đại học Quốc gia TP.HCM,TP. Hồ Chí Minh,2026,23.49,confirmed_2_sources,8,200.0,41800000.0,41800000.0,observed,Báo chí - Truyền thông - Quan hệ công chúng,train
QSC:7480103,QSC,7480103,Kỹ thuật phần mềm,7480103,cntt,standard,,A00;A01;D01;D07;X06;X26;X14,A00,,https://diemthi.vnexpress.net/tra-cuu-dai-hoc/loadbenchmark/id/284/year/2026/sortby/1/block_name/-1,Trường Đại học Công nghệ Thông tin - Đại học Quốc gia TP.HCM,TP. Hồ Chí Minh,2026,24.3,confirmed_2_sources,8,240.0,41800000.0,41800000.0,observed,Công nghệ thông tin - Máy tính - Dữ liệu - AI,train
QSC:7480103TA,QSC,7480103TA,Kỹ thuật phần mềm (Chương trình đào tạo bằng Tiếng Anh),7480103,cntt,standard,,A00;A01;D01;D07;X06;X14;X26,A00,"Học bằng tiếng Anh (thường cần trình độ tiếng Anh tốt, có thể yêu cầu IELTS/chứng chỉ khi nhập học)",https://diemthi.vnexpress.net/tra-cuu-dai-hoc/loadbenchmark/id/284/year/2026/sortby/1/block_name/-1,Trường Đại học Công nghệ Thông tin - Đại học Quốc gia TP.HCM,TP. Hồ Chí Minh,2026,22.8,confirmed_2_sources,1,50.0,80000000.0,80000000.0,observed,Công nghệ thông tin - Máy tính - Dữ liệu - AI,train
QSC:7480104,QSC,7480104,Hệ thống thông tin,7480104,cntt,standard,,A00;A01;D01;D07;D08;X06;X26,A00,,https://diemthi.vnexpress.net/tra-cuu-dai-hoc/loadbenchmark/id/284/year/2026/sortby/1/block_name/-1,Trường Đại học Công nghệ Thông tin - Đại học Quốc gia TP.HCM,TP. Hồ Chí Minh,2026,24.24,confirmed_2_sources,8,180.0,41800000.0,41800000.0,observed,Công nghệ thông tin - Máy tính - Dữ liệu - AI,train
QSC:7480104TT,QSC,7480104TT,Hệ thống thông tin (Tiên tiến),7480104,cntt,advanced,,A00;A01;D01;D07;D08;X06;X26,A00,"Học bằng tiếng Anh (thường cần trình độ tiếng Anh tốt, có thể yêu cầu IELTS/chứng chỉ khi nhập học)",https://diemthi.vnexpress.net/tra-cuu-dai-hoc/loadbenchmark/id/284/year/2026/sortby/1/block_name/-1,Trường Đại học Công nghệ Thông tin - Đại học Quốc gia TP.HCM,TP. Hồ Chí Minh,2026,23.4,confirmed_2_sources,1,80.0,60000000.0,60000000.0,observed,Công nghệ thông tin - Máy tính - Dữ liệu - AI,train
QSC:7480106,QSC,7480106,Kỹ thuật máy tính,7480106,cntt,standard,,A00;A01;X06;X26,A00,,https://diemthi.vnexpress.net/tra-cuu-dai-hoc/loadbenchmark/id/284/year/2026/sortby/1/block_name/-1,Trường Đại học Công nghệ Thông tin - Đại học Quốc gia TP.HCM,TP. Hồ Chí Minh,2026,25.2,confirmed_2_sources,8,220.0,41800000.0,41800000.0,observed,Công nghệ thông tin - Máy tính - Dữ liệu - AI,train
QSC:7480107,QSC,7480107,Trí tuệ nhân tạo,7480107,cntt,standard,,A00;A01;D01;D07;X06;X26,A00,,https://diemthi.vnexpress.net/tra-cuu-dai-hoc/loadbenchmark/id/284/year/2026/sortby/1/block_name/-1,Trường Đại học Công nghệ Thông tin - Đại học Quốc gia TP.HCM,TP. Hồ Chí Minh,2026,30.0,confirmed_2_sources,4,40.0,41800000.0,41800000.0,observed,Công nghệ thông tin - Máy tính - Dữ liệu - AI,train
QSC:7480201,QSC,7480201,Công nghệ thông tin,7480201,cntt,standard,,A00;A01;D01;D07;X06;X26,A00,,https://diemthi.vnexpress.net/tra-cuu-dai-hoc/loadbenchmark/id/284/year/2026/sortby/1/block_name/-1,Trường Đại học Công nghệ Thông tin - Đại học Quốc gia TP.HCM,TP. Hồ Chí Minh,2026,25.26,confirmed_2_sources,8,120.0,41800000.0,41800000.0,observed,Công nghệ thông tin - Máy tính - Dữ liệu - AI,train
QSC:7480201VN,QSC,7480201VN,Công nghệ Thông tin (Việt Nhật),7480201,cntt,standard,,A00;A01;D01;D06;D07;X06;X26,A00,,https://diemthi.vnexpress.net/tra-cuu-dai-hoc/loadbenchmark/id/284/year/2026/sortby/1/block_name/-1,Trường Đại học Công nghệ Thông tin - Đại học Quốc gia TP.HCM,TP. Hồ Chí Minh,2026,24.0,confirmed_2_sources,1,130.0,41800000.0,41800000.0,observed,Công nghệ thông tin - Máy tính - Dữ liệu - AI,train
QSC:7480202,QSC,7480202,An toàn thông tin,7480202,cntt,standard,,A00;A01;D01;D07;X06;X26,A00,,https://diemthi.vnexpress.net/tra-cuu-dai-hoc/loadbenchmark/id/284/year/2026/sortby/1/block_name/-1,Trường Đại học Công nghệ Thông tin - Đại học Quốc gia TP.HCM,TP. Hồ Chí Minh,2026,26.61,confirmed_2_sources,8,170.0,41800000.0,41800000.0,observed,Công nghệ thông tin - Máy tính - Dữ liệu - AI,train
QSC:7480202TA,QSC,7480202TA,An toàn thông tin (Chương trình đào tạo bằng Tiếng Anh),7480202,cntt,standard,,A00;A01;D01;D07;X06;X26,A00,"Học bằng tiếng Anh (thường cần trình độ tiếng Anh tốt, có thể yêu cầu IELTS/chứng chỉ khi nhập học)",https://diemthi.vnexpress.net/tra-cuu-dai-hoc/loadbenchmark/id/284/year/2026/sortby/1/block_name/-1,Trường Đại học Công nghệ Thông tin - Đại học Quốc gia TP.HCM,TP. Hồ Chí Minh,2026,23.25,confirmed_2_sources,1,50.0,80000000.0,80000000.0,observed,Công nghệ thông tin - Máy tính - Dữ liệu - AI,train
QSC:75202a1,QSC,75202a1,Thiết kế vi mạch,,cntt,standard,,A00;A01;X06;X26,A00,,https://diemthi.vnexpress.net/tra-cuu-dai-hoc/loadbenchmark/id/284/year/2026/sortby/1/block_name/-1,Trường Đại học Công nghệ Thông tin - Đại học Quốc gia TP.HCM,TP. Hồ Chí Minh,2026,27.15,single_source,3,70.0,52000000.0,52000000.0,observed,Công nghệ thông tin - Máy tính - Dữ liệu - AI,train
QSC:75202a1TA,QSC,75202a1TA,Thiết kế vi mạch (Chương trình đào tạo bằng Tiếng Anh),,cntt,standard,,A00;A01;X06;X26,A00,"Học bằng tiếng Anh (thường cần trình độ tiếng Anh tốt, có thể yêu cầu IELTS/chứng chỉ khi nhập học)",https://diemthi.vnexpress.net/tra-cuu-dai-hoc/loadbenchmark/id/284/year/2026/sortby/1/block_name/-1,Trường Đại học Công nghệ Thông tin - Đại học Quốc gia TP.HCM,TP. Hồ Chí Minh,2026,24.0,single_source,1,40.0,85000000.0,85000000.0,observed,Công nghệ thông tin - Máy tính - Dữ liệu - AI,train
QST:7140103,QST,7140103,Công nghệ Giáo dục,7140103,su_pham,standard,,D01;D07;A00;A01;B00;C01,D01,"Sư phạm: không nhận thí sinh bị dị hình, dị tật, nói ngọng, nói lắp; điểm sàn của Bộ",https://diemthi.vnexpress.net/tra-cuu-dai-hoc/loadbenchmark/id/287/year/2026/sortby/1/block_name/-1,Trường Đại học Khoa học Tự nhiên - Đại học Quốc gia TP.HCM,TP. Hồ Chí Minh,2026,23.89,confirmed_2_sources,2,100.0,31800000.0,31800000.0,observed,Sư phạm - Giáo dục,train
QST:7420101,QST,7420101,Sinh hoc,7420101,sinh_hoa,standard,,A00;A01;B00;D07;A02;B08;D01;B03;X15;X16,A00,,https://diemthi.vnexpress.net/tra-cuu-dai-hoc/loadbenchmark/id/287/year/2026/sortby/1/block_name/-1,Trường Đại học Khoa học Tự nhiên - Đại học Quốc gia TP.HCM,TP. Hồ Chí Minh,2026,23.5,confirmed_2_sources,9,215.0,34200000.0,34200000.0,observed,Sinh học - Hóa học - Công nghệ sinh học - Thực phẩm,train
QST:7420101KD,QST,7420101KD,Sinh học (CT TCTA),,sinh_hoa,standard,,A02;B00;B03;B08;X15;X16,A02,,https://diemthi.vnexpress.net/tra-cuu-dai-hoc/loadbenchmark/id/287/year/2026/sortby/1/block_name/-1,Trường Đại học Khoa học Tự nhiên - Đại học Quốc gia TP.HCM,TP. Hồ Chí Minh,2026,22.6,confirmed_2_sources,1,,33200000.0,33200000.0,estimated,Sinh học - Hóa học - Công nghệ sinh học - Thực phẩm,train
QST:7420201,QST,7420201,Công nghệ sinh học,7420201,sinh_hoa,standard,,A02;B00;B08;D01;B03;X15;X16,A02,,https://diemthi.vnexpress.net/tra-cuu-dai-hoc/loadbenchmark/id/287/year/2026/sortby/1/block_name/-1,Trường Đại học Khoa học Tự nhiên - Đại học Quốc gia TP.HCM,TP. Hồ Chí Minh,2026,24.75,confirmed_2_sources,9,200.0,34200000.0,34200000.0,observed,Sinh học - Hóa học - Công nghệ sinh học - Thực phẩm,train
QST:7420201KD,QST,7420201KD,Công nghệ Sinh học (CT TCTA),,sinh_hoa,standard,,A02;B00;B03;B08;X15;X16,A02,,https://diemthi.vnexpress.net/tra-cuu-dai-hoc/loadbenchmark/id/287/year/2026/sortby/1/block_name/-1,Trường Đại học Khoa học Tự nhiên - Đại học Quốc gia TP.HCM,TP. Hồ Chí Minh,2026,24.1,confirmed_2_sources,1,,33200000.0,33200000.0,estimated,Sinh học - Hóa học - Công nghệ sinh học - Thực phẩm,train
QST:7440102KD,QST,7440102KD,Vật lý học (CT TCTA),,khoa_hoc_tn,standard,,A00;A01;A02;A03;C01;X06,A00,,https://diemthi.vnexpress.net/tra-cuu-dai-hoc/loadbenchmark/id/287/year/2026/sortby/1/block_name/-1,Trường Đại học Khoa học Tự nhiên - Đại học Quốc gia TP.HCM,TP. Hồ Chí Minh,2026,24.3,confirmed_2_sources,1,,33200000.0,33200000.0,estimated,Khoa học tự nhiên - Toán - Vật lý - Thống kê,train
QST:7440102NN,QST,7440102NN,"Nhóm ngành Vật lý học, Công nghệ Vật lý điện tử và tin học",,khoa_hoc_tn,standard,,A00;A01;A02;A03;C01;X06,A00,,https://diemthi.vnexpress.net/tra-cuu-dai-hoc/loadbenchmark/id/287/year/2026/sortby/1/block_name/-1,Trường Đại học Khoa học Tự nhiên - Đại học Quốc gia TP.HCM,TP. Hồ Chí Minh,2026,25.88,confirmed_2_sources,1,,33200000.0,33200000.0,estimated,Khoa học tự nhiên - Toán - Vật lý - Thống kê,train
QST:7440107KD,QST,7440107KD,Công nghệ Vật lý điện tử và tin học (CT TCTA),,khoa_hoc_tn,standard,,A00;A01;A02;A03;C01;X06,A00,,https://diemthi.vnexpress.net/tra-cuu-dai-hoc/loadbenchmark/id/287/year/2026/sortby/1/block_name/-1,Trường Đại học Khoa học Tự nhiên - Đại học Quốc gia TP.HCM,TP. Hồ Chí Minh,2026,24.86,confirmed_2_sources,1,,33200000.0,33200000.0,estimated,Khoa học tự nhiên - Toán - Vật lý - Thống kê,train
QST:7440112,QST,7440112,Hóa học,7440112,sinh_hoa,standard,,B00;D07;A00;C02;X11;X12,B00,,https://diemthi.vnexpress.net/tra-cuu-dai-hoc/loadbenchmark/id/287/year/2026/sortby/1/block_name/-1,Trường Đại học Khoa học Tự nhiên - Đại học Quốc gia TP.HCM,TP. Hồ Chí Minh,2026,26.15,confirmed_2_sources,9,230.0,34200000.0,34200000.0,observed,Sinh học - Hóa học - Công nghệ sinh học - Thực phẩm,train
QST:7440112KD,QST,7440112KD,Hoá học (CT TCTA),,sinh_hoa,standard,,A00;B00;C02;D07;X11;X12,A00,,https://diemthi.vnexpress.net/tra-cuu-dai-hoc/loadbenchmark/id/287/year/2026/sortby/1/block_name/-1,Trường Đại học Khoa học Tự nhiên - Đại học Quốc gia TP.HCM,TP. Hồ Chí Minh,2026,24.89,confirmed_2_sources,1,,33200000.0,33200000.0,estimated,Sinh học - Hóa học - Công nghệ sinh học - Thực phẩm,train
QST:7440122,QST,7440122,Khoa học vật liệu,7440122,khoa_hoc_tn,standard,,B00;D07;A00;A01;C01;C02,B00,,https://diemthi.vnexpress.net/tra-cuu-dai-hoc/loadbenchmark/id/287/year/2026/sortby/1/block_name/-1,Trường Đại học Khoa học Tự nhiên - Đại học Quốc gia TP.HCM,TP. Hồ Chí Minh,2026,25.3,confirmed_2_sources,9,150.0,34200000.0,34200000.0,observed,Khoa học tự nhiên - Toán - Vật lý - Thống kê,train
QST:7440122KD,QST,7440122KD,Khoa học Vật liệu (CT TCTA),,khoa_hoc_tn,standard,,A00;A01;B00;C01;C02;D07,A00,,https://diemthi.vnexpress.net/tra-cuu-dai-hoc/loadbenchmark/id/287/year/2026/sortby/1/block_name/-1,Trường Đại học Khoa học Tự nhiên - Đại học Quốc gia TP.HCM,TP. Hồ Chí Minh,2026,24.25,confirmed_2_sources,1,,33200000.0,33200000.0,estimated,Khoa học tự nhiên - Toán - Vật lý - Thống kê,train
QST:74401a1,QST,74401a1,Công nghệ bán dẫn,,cntt,standard,,A00;A01;A02;A03;C01;X06,A00,,https://diemthi.vnexpress.net/tra-cuu-dai-hoc/loadbenchmark/id/287/year/2026/sortby/1/block_name/-1,Trường Đại học Khoa học Tự nhiên - Đại học Quốc gia TP.HCM,TP. Hồ Chí Minh,2026,27.34,confirmed_2_sources,1,70.0,33200000.0,33200000.0,estimated,Công nghệ thông tin - Máy tính - Dữ liệu - AI,train
QST:7440201NN,QST,7440201NN,"Nhóm ngành Địa chất học, Kinh tế đất đai",,nong_lam_mt,standard,,A00;A07;C01;C04;D01;D10,A00,,https://diemthi.vnexpress.net/tra-cuu-dai-hoc/loadbenchmark/id/287/year/2026/sortby/1/block_name/-1,Trường Đại học Khoa học Tự nhiên - Đại học Quốc gia TP.HCM,TP. Hồ Chí Minh,2026,22.6,confirmed_2_sources,1,,33200000.0,33200000.0,estimated,Nông - Lâm - Thủy sản - Môi trường - Tài nguyên,train
QST:7440228,QST,7440228,Hải dương học,7440228,khoa_hoc_tn,standard,,B00;D07;A00;A01;A02;A04;C01;X06,B00,,https://diemthi.vnexpress.net/tra-cuu-dai-hoc/loadbenchmark/id/287/year/2026/sortby/1/block_name/-1,Trường Đại học Khoa học Tự nhiên - Đại học Quốc gia TP.HCM,TP. Hồ Chí Minh,2026,23.92,confirmed_2_sources,9,50.0,28400000.0,28400000.0,observed,Khoa học tự nhiên - Toán - Vật lý - Thống kê,train
QST:7440228KD,QST,7440228KD,Hải dương học (CT TCTA),,khoa_hoc_tn,standard,,A00;A01;A02;A04;C01;X06,A00,,https://diemthi.vnexpress.net/tra-cuu-dai-hoc/loadbenchmark/id/287/year/2026/sortby/1/block_name/-1,Trường Đại học Khoa học Tự nhiên - Đại học Quốc gia TP.HCM,TP. Hồ Chí Minh,2026,21.69,confirmed_2_sources,1,,33200000.0,33200000.0,estimated,Khoa học tự nhiên - Toán - Vật lý - Thống kê,train
QST:7440301,QST,7440301,Khoa học môi trường,7440301,nong_lam_mt,standard,,B00;D07;D24;A00;B08;X10;X14,B00,,https://diemthi.vnexpress.net/tra-cuu-dai-hoc/loadbenchmark/id/287/year/2026/sortby/1/block_name/-1,Trường Đại học Khoa học Tự nhiên - Đại học Quốc gia TP.HCM,TP. Hồ Chí Minh,2026,23.1,confirmed_2_sources,9,125.0,28400000.0,28400000.0,observed,Nông - Lâm - Thủy sản - Môi trường - Tài nguyên,train
QST:7440301KD,QST,7440301KD,Khoa học Môi trường (CT TCTA),,nong_lam_mt,standard,,A00;B00;B08;D07;X10;X14,A00,,https://diemthi.vnexpress.net/tra-cuu-dai-hoc/loadbenchmark/id/287/year/2026/sortby/1/block_name/-1,Trường Đại học Khoa học Tự nhiên - Đại học Quốc gia TP.HCM,TP. Hồ Chí Minh,2026,21.5,confirmed_2_sources,1,,33200000.0,33200000.0,estimated,Nông - Lâm - Thủy sản - Môi trường - Tài nguyên,train
QST:7460101NN,QST,7460101NN,"Nhóm ngành Toán học (Toán học, Toán ứng dụng, Toán tin)",7460101,khoa_hoc_tn,standard,,A00;A01;B00;B08;D01;X06,A00,,https://diemthi.vnexpress.net/tra-cuu-dai-hoc/loadbenchmark/id/287/year/2026/sortby/1/block_name/-1,Trường Đại học Khoa học Tự nhiên - Đại học Quốc gia TP.HCM,TP. Hồ Chí Minh,2026,26.28,confirmed_2_sources,1,180.0,33200000.0,33200000.0,estimated,Khoa học tự nhiên - Toán - Vật lý - Thống kê,train
QST:7460108KD,QST,7460108KD,Khoa học dữ liệu (CT TCTA),,cntt,standard,,A00;A01;B00;B08;D01;X06,A00,,https://diemthi.vnexpress.net/tra-cuu-dai-hoc/loadbenchmark/id/287/year/2026/sortby/1/block_name/-1,Trường Đại học Khoa học Tự nhiên - Đại học Quốc gia TP.HCM,TP. Hồ Chí Minh,2026,27.48,confirmed_2_sources,1,,33200000.0,33200000.0,estimated,Công nghệ thông tin - Máy tính - Dữ liệu - AI,train
QST:7460108NN,QST,7460108NN,"Nhóm ngành Khoa học dữ liệu, Thống kê",,cntt,standard,,A00;A01;B00;B08;D01;X06,A00,,https://diemthi.vnexpress.net/tra-cuu-dai-hoc/loadbenchmark/id/287/year/2026/sortby/1/block_name/-1,Trường Đại học Khoa học Tự nhiên - Đại học Quốc gia TP.HCM,TP. Hồ Chí Minh,2026,27.63,confirmed_2_sources,1,,33200000.0,33200000.0,estimated,Công nghệ thông tin - Máy tính - Dữ liệu - AI,train
QST:7460112KD,QST,7460112KD,Toán ứng dụng (CT TCTA),,khoa_hoc_tn,standard,,A00;A01;B00;B08;D01;X06,A00,,https://diemthi.vnexpress.net/tra-cuu-dai-hoc/loadbenchmark/id/287/year/2026/sortby/1/block_name/-1,Trường Đại học Khoa học Tự nhiên - Đại học Quốc gia TP.HCM,TP. Hồ Chí Minh,2026,25.7,confirmed_2_sources,1,,33200000.0,33200000.0,estimated,Khoa học tự nhiên - Toán - Vật lý - Thống kê,train
QST:7460117KD,QST,7460117KD,Toán tin (CT TCTA),,khoa_hoc_tn,standard,,A00;A01;B00;B08;D01;X06,A00,,https://diemthi.vnexpress.net/tra-cuu-dai-hoc/loadbenchmark/id/287/year/2026/sortby/1/block_name/-1,Trường Đại học Khoa học Tự nhiên - Đại học Quốc gia TP.HCM,TP. Hồ Chí Minh,2026,25.52,confirmed_2_sources,1,,33200000.0,33200000.0,estimated,Khoa học tự nhiên - Toán - Vật lý - Thống kê,train
QST:7480101TT,QST,7480101TT,Khoa học máy tính (CT Tiên tiến),,cntt,advanced,,A00;A01;B08;D07;X06;X26,A00,"Học bằng tiếng Anh (thường cần trình độ tiếng Anh tốt, có thể yêu cầu IELTS/chứng chỉ khi nhập học)",https://diemthi.vnexpress.net/tra-cuu-dai-hoc/loadbenchmark/id/287/year/2026/sortby/1/block_name/-1,Trường Đại học Khoa học Tự nhiên - Đại học Quốc gia TP.HCM,TP. Hồ Chí Minh,2026,29.32,confirmed_2_sources,1,,33200000.0,33200000.0,estimated,Công nghệ thông tin - Máy tính - Dữ liệu - AI,train
QST:7480107,QST,7480107,Trí tuệ nhân tạo,7480107,cntt,standard,,A00;A01;A02;B08;D07;X06;X26,A00,,https://diemthi.vnexpress.net/tra-cuu-dai-hoc/loadbenchmark/id/287/year/2026/sortby/1/block_name/-1,Trường Đại học Khoa học Tự nhiên - Đại học Quốc gia TP.HCM,TP. Hồ Chí Minh,2026,28.68,confirmed_2_sources,4,90.0,35500000.0,35500000.0,observed,Công nghệ thông tin - Máy tính - Dữ liệu - AI,train
QST:7480201KD,QST,7480201KD,Công nghệ thông tin (CT TCTA),,cntt,standard,,A00;A01;B08;D07;X06;X26,A00,,https://diemthi.vnexpress.net/tra-cuu-dai-hoc/loadbenchmark/id/287/year/2026/sortby/1/block_name/-1,Trường Đại học Khoa học Tự nhiên - Đại học Quốc gia TP.HCM,TP. Hồ Chí Minh,2026,24.7,confirmed_2_sources,1,,33200000.0,33200000.0,estimated,Công nghệ thông tin - Máy tính - Dữ liệu - AI,train
QST:7480201NN,QST,7480201NN,Nhóm ngành máy tính và Công nghệ thông tin (Công nghệ thông tin; Kỹ thuật phần mềm; Hệ thống thông tin; Khoa học máy tính),,cntt,standard,,A00;A01;B08;D07;X06;X26,A00,,https://diemthi.vnexpress.net/tra-cuu-dai-hoc/loadbenchmark/id/287/year/2026/sortby/1/block_name/-1,Trường Đại học Khoa học Tự nhiên - Đại học Quốc gia TP.HCM,TP. Hồ Chí Minh,2026,26.3,confirmed_2_sources,1,,33200000.0,33200000.0,estimated,Công nghệ thông tin - Máy tính - Dữ liệu - AI,train
QST:7510401KD,QST,7510401KD,Công nghệ kỹ thuật Hóa học (CT TCTA),,sinh_hoa,standard,,A00;B00;C02;D07;X11;X12,A00,,https://diemthi.vnexpress.net/tra-cuu-dai-hoc/loadbenchmark/id/287/year/2026/sortby/1/block_name/-1,Trường Đại học Khoa học Tự nhiên - Đại học Quốc gia TP.HCM,TP. Hồ Chí Minh,2026,24.9,confirmed_2_sources,1,,33200000.0,33200000.0,estimated,Sinh học - Hóa học - Công nghệ sinh học - Thực phẩm,train
QST:7510402,QST,7510402,Công nghệ vật liệu,7510402,ky_thuat,standard,,A00;B00;B08;D07;A01;C01;C02,A00,,https://diemthi.vnexpress.net/tra-cuu-dai-hoc/loadbenchmark/id/287/year/2026/sortby/1/block_name/-1,Trường Đại học Khoa học Tự nhiên - Đại học Quốc gia TP.HCM,TP. Hồ Chí Minh,2026,25.58,confirmed_2_sources,7,180.0,35500000.0,35500000.0,observed,"Kỹ thuật - Công nghệ (cơ khí, điện, điện tử, ô tô, tự động hóa, vật liệu)",train
QST:7510402KD,QST,7510402KD,Công nghệ Vật liệu (CT TCTA),,ky_thuat,standard,,A00;A01;B00;C01;C02;D07,A00,,https://diemthi.vnexpress.net/tra-cuu-dai-hoc/loadbenchmark/id/287/year/2026/sortby/1/block_name/-1,Trường Đại học Khoa học Tự nhiên - Đại học Quốc gia TP.HCM,TP. Hồ Chí Minh,2026,24.5,confirmed_2_sources,1,,33200000.0,33200000.0,estimated,"Kỹ thuật - Công nghệ (cơ khí, điện, điện tử, ô tô, tự động hóa, vật liệu)",train
QST:7510406,QST,7510406,Công nghệ kỹ thuật Môi trường,7510406,nong_lam_mt,standard,,A00;B00;B08;D07;X10;X14,A00,,https://diemthi.vnexpress.net/tra-cuu-dai-hoc/loadbenchmark/id/287/year/2026/sortby/1/block_name/-1,Trường Đại học Khoa học Tự nhiên - Đại học Quốc gia TP.HCM,TP. Hồ Chí Minh,2026,23.1,confirmed_2_sources,9,125.0,28400000.0,28400000.0,observed,Nông - Lâm - Thủy sản - Môi trường - Tài nguyên,train
QST:7520207,QST,7520207,Ngành Kỹ thuật điện tử truyền thông,7520207,bao_chi,standard,,A00;A01;B00;D07;B08;X06;X26,A00,,https://diemthi.vnexpress.net/tra-cuu-dai-hoc/loadbenchmark/id/287/year/2026/sortby/1/block_name/-1,Trường Đại học Khoa học Tự nhiên - Đại học Quốc gia TP.HCM,TP. Hồ Chí Minh,2026,26.55,confirmed_2_sources,8,150.0,35500000.0,35500000.0,observed,Báo chí - Truyền thông - Quan hệ công chúng,train
QST:7520207KD,QST,7520207KD,Kỹ thuật điện tử - viễn thông (CT TCTA),,ky_thuat,standard,,A00;A01;B08;D07;X06;X26,A00,,https://diemthi.vnexpress.net/tra-cuu-dai-hoc/loadbenchmark/id/287/year/2026/sortby/1/block_name/-1,Trường Đại học Khoa học Tự nhiên - Đại học Quốc gia TP.HCM,TP. Hồ Chí Minh,2026,25.6,confirmed_2_sources,1,,33200000.0,33200000.0,estimated,"Kỹ thuật - Công nghệ (cơ khí, điện, điện tử, ô tô, tự động hóa, vật liệu)",train
QST:75202a1,QST,75202a1,Thiết kế vi mạch,,cntt,standard,,D07;A00;A01;B08;X06;X26,D07,,https://diemthi.vnexpress.net/tra-cuu-dai-hoc/loadbenchmark/id/287/year/2026/sortby/1/block_name/-1,Trường Đại học Khoa học Tự nhiên - Đại học Quốc gia TP.HCM,TP. Hồ Chí Minh,2026,27.93,confirmed_2_sources,2,80.0,35500000.0,35500000.0,observed,Công nghệ thông tin - Máy tính - Dữ liệu - AI,train
QST:7520402,QST,7520402,Kỹ thuật hạt nhân,7520402,ky_thuat,standard,,A00;A01;B00;D07;A02;A03;C01;X06,A00,,https://diemthi.vnexpress.net/tra-cuu-dai-hoc/loadbenchmark/id/287/year/2026/sortby/1/block_name/-1,Trường Đại học Khoa học Tự nhiên - Đại học Quốc gia TP.HCM,TP. Hồ Chí Minh,2026,26.21,confirmed_2_sources,9,60.0,28400000.0,28400000.0,observed,"Kỹ thuật - Công nghệ (cơ khí, điện, điện tử, ô tô, tự động hóa, vật liệu)",train
QST:7520403,QST,7520403,Vật lý Y khoa,7520403,y_duoc,standard,,A00;A01;B00;D07;A02;A03;C01;X06,A00,Khối sức khỏe: có ngưỡng điểm sàn của Bộ,https://diemthi.vnexpress.net/tra-cuu-dai-hoc/loadbenchmark/id/287/year/2026/sortby/1/block_name/-1,Trường Đại học Khoa học Tự nhiên - Đại học Quốc gia TP.HCM,TP. Hồ Chí Minh,2026,26.0,confirmed_2_sources,7,40.0,32200000.0,32200000.0,observed,Y - Dược - Điều dưỡng - Sức khỏe,train
QST:7520403KD,QST,7520403KD,Vật lý y khoa (CT TCTA),,y_duoc,standard,,A00;A01;A02;A03;C01;X06,A00,Khối sức khỏe: có ngưỡng điểm sàn của Bộ,https://diemthi.vnexpress.net/tra-cuu-dai-hoc/loadbenchmark/id/287/year/2026/sortby/1/block_name/-1,Trường Đại học Khoa học Tự nhiên - Đại học Quốc gia TP.HCM,TP. Hồ Chí Minh,2026,24.8,confirmed_2_sources,1,,33200000.0,33200000.0,estimated,Y - Dược - Điều dưỡng - Sức khỏe,train
QST:7520501,QST,7520501,Kỹ thuật địa chất,7520501,nong_lam_mt,standard,,A00;A01;B00;D07;C01;C02;C04;D01;D10,A00,,https://diemthi.vnexpress.net/tra-cuu-dai-hoc/loadbenchmark/id/287/year/2026/sortby/1/block_name/-1,Trường Đại học Khoa học Tự nhiên - Đại học Quốc gia TP.HCM,TP. Hồ Chí Minh,2026,23.85,confirmed_2_sources,4,35.0,28400000.0,28400000.0,observed,Nông - Lâm - Thủy sản - Môi trường - Tài nguyên,train
QST:7850101,QST,7850101,Quản lý tài nguyên và môi trường,7850101,nong_lam_mt,standard,,A00;A01;B00;D07;B08;X10;X14,A00,,https://diemthi.vnexpress.net/tra-cuu-dai-hoc/loadbenchmark/id/287/year/2026/sortby/1/block_name/-1,Trường Đại học Khoa học Tự nhiên - Đại học Quốc gia TP.HCM,TP. Hồ Chí Minh,2026,22.3,confirmed_2_sources,5,110.0,28400000.0,28400000.0,observed,Nông - Lâm - Thủy sản - Môi trường - Tài nguyên,train
SGD:7140114,SGD,7140114,Quản lý giáo dục,7140114,su_pham,standard,,B03;C01;C02;C03;C04;D01;X01;X02;X03;X04,B03,"Sư phạm: không nhận thí sinh bị dị hình, dị tật, nói ngọng, nói lắp; điểm sàn của Bộ",https://diemthi.vnexpress.net/tra-cuu-dai-hoc/loadbenchmark/id/289/year/2026/sortby/1/block_name/-1,Trường Đại học Sài Gòn,TP. Hồ Chí Minh,2026,24.34,confirmed_2_sources,8,40.0,23205000.0,23205000.0,observed,Sư phạm - Giáo dục,train
SGD:7140202,SGD,7140202,Giáo dục Tiểu học,7140202,su_pham,standard,,B03;C01;C02;C03;C04;D01;X01;X02;X03;X04,B03,"Sư phạm: không nhận thí sinh bị dị hình, dị tật, nói ngọng, nói lắp; điểm sàn của Bộ",https://diemthi.vnexpress.net/tra-cuu-dai-hoc/loadbenchmark/id/289/year/2026/sortby/1/block_name/-1,Trường Đại học Sài Gòn,TP. Hồ Chí Minh,2026,25.97,disputed,8,200.0,18448000.0,18448000.0,observed,Sư phạm - Giáo dục,train
SGD:7140205,SGD,7140205,Giáo dục Chính trị,7140205,su_pham,standard,,B03;C01;C02;C03;C04;D01;X01;X02;X03;X04;X58;X62;X66;X70;X74;X78;Y07;Y08;Y09;C00,B03,"Sư phạm: không nhận thí sinh bị dị hình, dị tật, nói ngọng, nói lắp; điểm sàn của Bộ",https://diemthi.vnexpress.net/tra-cuu-dai-hoc/loadbenchmark/id/289/year/2026/sortby/1/block_name/-1,Trường Đại học Sài Gòn,TP. Hồ Chí Minh,2026,25.25,disputed,8,15.0,18448000.0,18448000.0,observed,Sư phạm - Giáo dục,train
SGD:7140209,SGD,7140209,Sư phạm Toán học,7140209,su_pham,standard,,A00;A01;A02;A03;A04;A05;A06;A07;B00;B01;B02;B03;B08;C01;C02;C03;C04;D01;D07;D09;D10;X01;X02;X03;X04;X05;X06;X07;X08;X09;X10;X11;X12;X13;X14;X15;X16;X17;X18;X19;X20;X21;X22;X23;X24;X25;X26;X27;X28;X53;X54;X55;X56;X57,A00,"Sư phạm: không nhận thí sinh bị dị hình, dị tật, nói ngọng, nói lắp; điểm sàn của Bộ",https://diemthi.vnexpress.net/tra-cuu-dai-hoc/loadbenchmark/id/289/year/2026/sortby/1/block_name/-1,Trường Đại học Sài Gòn,TP. Hồ Chí Minh,2026,28.89,disputed,8,70.0,18448000.0,18448000.0,observed,Sư phạm - Giáo dục,train
SGD:7140211,SGD,7140211,Sư phạm Vật lý,7140211,su_pham,standard,,A00;A01;A02;A03;A04;C01;X05;X06;X07;X08,A00,"Sư phạm: không nhận thí sinh bị dị hình, dị tật, nói ngọng, nói lắp; điểm sàn của Bộ",https://diemthi.vnexpress.net/tra-cuu-dai-hoc/loadbenchmark/id/289/year/2026/sortby/1/block_name/-1,Trường Đại học Sài Gòn,TP. Hồ Chí Minh,2026,27.54,disputed,8,30.0,18448000.0,18448000.0,observed,Sư phạm - Giáo dục,train
SGD:7140212,SGD,7140212,Sư phạm Hóa học,7140212,su_pham,standard,,A00;C02;D07;B00;A05;A06;X09;X10;X11;X12,A00,"Sư phạm: không nhận thí sinh bị dị hình, dị tật, nói ngọng, nói lắp; điểm sàn của Bộ",https://diemthi.vnexpress.net/tra-cuu-dai-hoc/loadbenchmark/id/289/year/2026/sortby/1/block_name/-1,Trường Đại học Sài Gòn,TP. Hồ Chí Minh,2026,27.43,disputed,8,30.0,18448000.0,18448000.0,observed,Sư phạm - Giáo dục,train
SGD:7140213,SGD,7140213,Sư phạm Sinh học,7140213,su_pham,standard,,B00;A02;B01;B08;D08;B03;X13;X14;X15;X16;B02,B00,"Sư phạm: không nhận thí sinh bị dị hình, dị tật, nói ngọng, nói lắp; điểm sàn của Bộ",https://diemthi.vnexpress.net/tra-cuu-dai-hoc/loadbenchmark/id/289/year/2026/sortby/1/block_name/-1,Trường Đại học Sài Gòn,TP. Hồ Chí Minh,2026,26.08,confirmed_2_sources,8,24.0,18448000.0,18448000.0,observed,Sư phạm - Giáo dục,train
SGD:7140217,SGD,7140217,Sư phạm Ngữ văn,7140217,su_pham,standard,,C01;C00;B03;C02;C03;C04;D01;X01;X02;X03;X04,C01,"Sư phạm: không nhận thí sinh bị dị hình, dị tật, nói ngọng, nói lắp; điểm sàn của Bộ",https://diemthi.vnexpress.net/tra-cuu-dai-hoc/loadbenchmark/id/289/year/2026/sortby/1/block_name/-1,Trường Đại học Sài Gòn,TP. Hồ Chí Minh,2026,28.07,disputed,8,57.0,18448000.0,18448000.0,observed,Sư phạm - Giáo dục,train
SGD:7140218,SGD,7140218,Sư phạm Lịch sử,7140218,su_pham,standard,,C00;C03;C07;C10;C12;D14;X70;X71;X72;X73,C00,"Sư phạm: không nhận thí sinh bị dị hình, dị tật, nói ngọng, nói lắp; điểm sàn của Bộ",https://diemthi.vnexpress.net/tra-cuu-dai-hoc/loadbenchmark/id/289/year/2026/sortby/1/block_name/-1,Trường Đại học Sài Gòn,TP. Hồ Chí Minh,2026,26.8,confirmed_2_sources,8,23.0,18448000.0,18448000.0,observed,Sư phạm - Giáo dục,train
SGD:7140219,SGD,7140219,Sư phạm Địa lý,7140219,su_pham,standard,,C00;C04;D10;X21;A07;A04;A06;B02;X22;X23;X24;D15;X74;C13;X75;C11;X76;X77;C09,C00,"Sư phạm: không nhận thí sinh bị dị hình, dị tật, nói ngọng, nói lắp; điểm sàn của Bộ",https://diemthi.vnexpress.net/tra-cuu-dai-hoc/loadbenchmark/id/289/year/2026/sortby/1/block_name/-1,Trường Đại học Sài Gòn,TP. Hồ Chí Minh,2026,26.08,confirmed_2_sources,8,20.0,18448000.0,18448000.0,observed,Sư phạm - Giáo dục,train
SGD:7140231,SGD,7140231,Sư phạm Tiếng Anh,7140231,su_pham,standard,,D01;D11;D12;D13;D14;D15;X78;X79;X80;X81;A01;B08;D07;D09;D10;X25;X26;X27;X28,D01,"Học bằng tiếng Anh (thường cần trình độ tiếng Anh tốt, có thể yêu cầu IELTS/chứng chỉ khi nhập học) | Sư phạm: không nhận thí sinh bị dị hình, dị tật, nói ngọng, nói lắp; điểm sàn của Bộ",https://diemthi.vnexpress.net/tra-cuu-dai-hoc/loadbenchmark/id/289/year/2026/sortby/1/block_name/-1,Trường Đại học Sài Gòn,TP. Hồ Chí Minh,2026,27.5,confirmed_2_sources,8,150.0,18448000.0,18448000.0,observed,Sư phạm - Giáo dục,train
SGD:7140247,SGD,7140247,Sư phạm khoa học tự nhiên,7140247,su_pham,standard,,A00;A02;B00;B08;X13;B02;B01;X14;X15;X16;C01;A01;A04;X05;A03;X06;X08;X07;D07;C02;A05;A06;X09;X11;X12;X10;B03,A00,"Sư phạm: không nhận thí sinh bị dị hình, dị tật, nói ngọng, nói lắp; điểm sàn của Bộ",https://diemthi.vnexpress.net/tra-cuu-dai-hoc/loadbenchmark/id/289/year/2026/sortby/1/block_name/-1,Trường Đại học Sài Gòn,TP. Hồ Chí Minh,2026,26.71,disputed,7,44.0,18448000.0,18448000.0,observed,Sư phạm - Giáo dục,train
SGD:7140249,SGD,7140249,Sư phạm Lịch sử - Địa lý,7140249,su_pham,standard,,C00;C03;D14;X70;C07;C10;C12;X71;X72;X73;C04;D15;X74;C13;C09;C11;X75;X76;X77,C00,"Sư phạm: không nhận thí sinh bị dị hình, dị tật, nói ngọng, nói lắp; điểm sàn của Bộ",https://diemthi.vnexpress.net/tra-cuu-dai-hoc/loadbenchmark/id/289/year/2026/sortby/1/block_name/-1,Trường Đại học Sài Gòn,TP. Hồ Chí Minh,2026,25.59,confirmed_2_sources,7,60.0,18448000.0,18448000.0,observed,Sư phạm - Giáo dục,train
SGD:7220201,SGD,7220201,Ngôn ngữ Anh,7220201,ngon_ngu,standard,,D01;D11;D12;D13;D14;D15;X78;X79;X80;X81;A01;B08;D07;D09;D10;X25;X26;X27;X28,D01,,https://diemthi.vnexpress.net/tra-cuu-dai-hoc/loadbenchmark/id/289/year/2026/sortby/1/block_name/-1,Trường Đại học Sài Gòn,TP. Hồ Chí Minh,2026,25.38,confirmed_2_sources,8,260.0,32487000.0,32487000.0,observed,Ngôn ngữ - Văn hóa - Quốc tế học,train
SGD:7220201CLC,SGD,7220201CLC,Ngôn ngữ Anh (Chất lượng cao),,ngon_ngu,high_quality,,D01;A01;B08;D07;D09;D10;D11;D12;D13;D14;D15;X25;X26;X27;X28;X78;X79;X80;X81,D01,,https://diemthi.vnexpress.net/tra-cuu-dai-hoc/loadbenchmark/id/289/year/2026/sortby/1/block_name/-1,Trường Đại học Sài Gòn,TP. Hồ Chí Minh,2026,25.05,single_source,3,,38288000.0,38288000.0,observed,Ngôn ngữ - Văn hóa - Quốc tế học,train
SGD:7229010,SGD,7229010,Lịch sử,7229010,xa_hoi,standard,,C00;C03;C07;C10;C12;D14;X70;X71;X72;X73,C00,,https://diemthi.vnexpress.net/tra-cuu-dai-hoc/loadbenchmark/id/289/year/2026/sortby/1/block_name/-1,Trường Đại học Sài Gòn,TP. Hồ Chí Minh,2026,25.48,confirmed_2_sources,2,30.0,30166000.0,30166000.0,estimated,Khoa học xã hội - Tâm lý - Nhân văn - Chính trị - Hành chính,train
SGD:7310401,SGD,7310401,Tâm lý học,7310401,xa_hoi,standard,,B03;C01;C02;C03;C04;D01;X01;X02;X03;X04,B03,,https://diemthi.vnexpress.net/tra-cuu-dai-hoc/loadbenchmark/id/289/year/2026/sortby/1/block_name/-1,Trường Đại học Sài Gòn,TP. Hồ Chí Minh,2026,24.15,confirmed_2_sources,8,100.0,29006000.0,29006000.0,observed,Khoa học xã hội - Tâm lý - Nhân văn - Chính trị - Hành chính,train
SGD:7310501,SGD,7310501,Địa lý học,7310501,xa_hoi,standard,,C00;C04;D10;X21;A07;A04;A06;B02;X22;X23;X24;D15;X74;C13;X75;C11;X76;X77;C09,C00,,https://diemthi.vnexpress.net/tra-cuu-dai-hoc/loadbenchmark/id/289/year/2026/sortby/1/block_name/-1,Trường Đại học Sài Gòn,TP. Hồ Chí Minh,2026,24.9,confirmed_2_sources,2,30.0,30166000.0,30166000.0,estimated,Khoa học xã hội - Tâm lý - Nhân văn - Chính trị - Hành chính,train
SGD:7310601,SGD,7310601,Quốc tế học,7310601,ngon_ngu,international,,D01;B03;C01;C02;C03;C04;X01;X02;X03;X04,D01,"Học bằng tiếng Anh (thường cần trình độ tiếng Anh tốt, có thể yêu cầu IELTS/chứng chỉ khi nhập học) | Chương trình liên kết/quốc tế: học phí cao hơn chương trình chuẩn",https://diemthi.vnexpress.net/tra-cuu-dai-hoc/loadbenchmark/id/289/year/2026/sortby/1/block_name/-1,Trường Đại học Sài Gòn,TP. Hồ Chí Minh,2026,23.06,disputed,8,80.0,29006000.0,29006000.0,observed,Ngôn ngữ - Văn hóa - Quốc tế học,train
SGD:7310630,SGD,7310630,Việt Nam học,7310630,ngon_ngu,standard,,D01;C00;B03;C01;C02;C03;C04;X01;X02;X03;X04,D01,,https://diemthi.vnexpress.net/tra-cuu-dai-hoc/loadbenchmark/id/289/year/2026/sortby/1/block_name/-1,Trường Đại học Sài Gòn,TP. Hồ Chí Minh,2026,23.39,disputed,8,140.0,29006000.0,29006000.0,observed,Ngôn ngữ - Văn hóa - Quốc tế học,train
SGD:7320201,SGD,7320201,Thông tin - thư viện,7320201,xa_hoi,standard,,C00;C04;D01;B03;C01;C02;C03;C05;C06;C07;C08;C09;C10;C11;C12;C13;D11;D12;D13;D14;D15;X01;X02;X03;X04;X58;X59;X60;X61;X62;X63;X64;X65;X66;X67;X68;X69;X70;X71;X72;X73;X74;X75;X76;X77;X78;X79;X80;X81;Y07;Y08;Y09;Y10;Y11,C00,,https://diemthi.vnexpress.net/tra-cuu-dai-hoc/loadbenchmark/id/289/year/2026/sortby/1/block_name/-1,Trường Đại học Sài Gòn,TP. Hồ Chí Minh,2026,22.06,confirmed_2_sources,8,30.0,27846000.0,27846000.0,observed,Khoa học xã hội - Tâm lý - Nhân văn - Chính trị - Hành chính,train
SGD:7340101,SGD,7340101,Quản trị Kinh doanh,7340101,kinh_te,standard,,D01;A00;A01;A02;A03;A04;A05;A06;A07;B00;B01;B02;B03;B08;C01;C02;C03;C04;D07;D09;D10;X01;X02;X03;X04;X05;X06;X07;X08;X09;X10;X11;X12;X13;X14;X15;X16;X17;X18;X19;X20;X21;X22;X23;X24;X25;X26;X27;X28;X53;X54;X55;X56;X57,D01,,https://diemthi.vnexpress.net/tra-cuu-dai-hoc/loadbenchmark/id/289/year/2026/sortby/1/block_name/-1,Trường Đại học Sài Gòn,TP. Hồ Chí Minh,2026,22.06,disputed,8,350.0,30166000.0,30166000.0,observed,Kinh tế - Kinh doanh - Quản trị - Marketing - Thương mại,train
SGD:7340101CLC,SGD,7340101CLC,Quản trị kinh doanh CLC (TT23),,kinh_te,high_quality,,D01;A00;A01;A02;A03;A04;A05;A06;A07;B00;B01;B02;B03;B08;C01;C02;C03;C04;D07;D09;D10;X01;X02;X03;X04;X05;X06;X07;X08;X09;X10;X11;X12;X13;X14;X15;X16;X17;X18;X19;X20;X21;X22;X23;X24;X25;X26;X27;X28;X53;X54;X55;X56;X57,D01,,https://diemthi.vnexpress.net/tra-cuu-dai-hoc/loadbenchmark/id/289/year/2026/sortby/1/block_name/-1,Trường Đại học Sài Gòn,TP. Hồ Chí Minh,2026,20.63,single_source,3,,35968000.0,35968000.0,observed,Kinh tế - Kinh doanh - Quản trị - Marketing - Thương mại,train
SGD:7340120,SGD,7340120,Ngành Kinh doanh quốc tế,7340120,kinh_te,international,,D01;A01;A00;A02;A03;A04;A05;A06;A07;B00;B01;B02;B03;B08;C01;C02;C03;C04;D07;D09;D10;X01;X02;X03;X04;X05;X06;X07;X08;X09;X10;X11;X12;X13;X14;X15;X16;X17;X18;X19;X20;X21;X22;X23;X24;X25;X26;X27;X28;X53;X54;X55;X56;X57,D01,"Học bằng tiếng Anh (thường cần trình độ tiếng Anh tốt, có thể yêu cầu IELTS/chứng chỉ khi nhập học) | Chương trình liên kết/quốc tế: học phí cao hơn chương trình chuẩn",https://diemthi.vnexpress.net/tra-cuu-dai-hoc/loadbenchmark/id/289/year/2026/sortby/1/block_name/-1,Trường Đại học Sài Gòn,TP. Hồ Chí Minh,2026,23.14,disputed,8,200.0,30166000.0,30166000.0,observed,Kinh tế - Kinh doanh - Quản trị - Marketing - Thương mại,train
SGD:7340201,SGD,7340201,Tài chính – Ngân hàng,7340201,tai_chinh,standard,,D01;A00;A01;A02;A03;A04;A05;A06;A07;B00;B01;B02;B03;B08;C01;C02;C03;C04;D07;D09;D10;X01;X02;X03;X04;X05;X06;X07;X08;X09;X10;X11;X12;X13;X14;X15;X16;X17;X18;X19;X20;X21;X22;X23;X24;X25;X26;X27;X28;X53;X54;X55;X56;X57,D01,,https://diemthi.vnexpress.net/tra-cuu-dai-hoc/loadbenchmark/id/289/year/2026/sortby/1/block_name/-1,Trường Đại học Sài Gòn,TP. Hồ Chí Minh,2026,22.13,disputed,8,500.0,30166000.0,30166000.0,observed,Tài chính - Ngân hàng - Kế toán - Kiểm toán - Bảo hiểm,train
SGD:7340301,SGD,7340301,Kế toán,7340301,tai_chinh,standard,,D01;C01;A00;A01;A02;A03;A04;A05;A06;A07;B00;B01;B02;B03;B08;C02;C03;C04;D07;D09;D10;X01;X02;X03;X04;X05;X06;X07;X08;X09;X10;X11;X12;X13;X14;X15;X16;X17;X18;X19;X20;X21;X22;X23;X24;X25;X26;X27;X28;X53;X54;X55;X56;X57,D01,,https://diemthi.vnexpress.net/tra-cuu-dai-hoc/loadbenchmark/id/289/year/2026/sortby/1/block_name/-1,Trường Đại học Sài Gòn,TP. Hồ Chí Minh,2026,22.69,disputed,8,310.0,30166000.0,30166000.0,observed,Tài chính - Ngân hàng - Kế toán - Kiểm toán - Bảo hiểm,train
SGD:7340301CLC,SGD,7340301CLC,Kế toán CLC,,tai_chinh,high_quality,,D01;A00;A01;A02;A03;A04;A05;A06;A07;B00;B01;B02;B03;B08;C01;C02;C03;C04;D07;D09;D10;X01;X02;X03;X04;X05;X06;X07;X08;X09;X10;X11;X12;X13;X14;X15;X16;X17;X18;X19;X20;X21;X22;X23;X24;X25;X26;X27;X28;X53;X54;X55;X56;X57,D01,,https://diemthi.vnexpress.net/tra-cuu-dai-hoc/loadbenchmark/id/289/year/2026/sortby/1/block_name/-1,Trường Đại học Sài Gòn,TP. Hồ Chí Minh,2026,20.92,single_source,3,,35968000.0,35968000.0,observed,Tài chính - Ngân hàng - Kế toán - Kiểm toán - Bảo hiểm,train
SGD:7340302,SGD,7340302,Kiểm toán,7340302,tai_chinh,standard,,D01;A00;A01;A02;A03;A04;A05;A06;A07;B00;B01;B02;B03;B08;C01;C02;C03;C04;D07;D09;D10;X01;X02;X03;X04;X05;X06;X07;X08;X09;X10;X11;X12;X13;X14;X15;X16;X17;X18;X19;X20;X21;X22;X23;X24;X25;X26;X27;X28;X53;X54;X55;X56;X57,D01,,https://diemthi.vnexpress.net/tra-cuu-dai-hoc/loadbenchmark/id/289/year/2026/sortby/1/block_name/-1,Trường Đại học Sài Gòn,TP. Hồ Chí Minh,2026,23.7,disputed,3,80.0,30166000.0,30166000.0,observed,Tài chính - Ngân hàng - Kế toán - Kiểm toán - Bảo hiểm,train
SGD:7340406,SGD,7340406,Quản trị văn phòng,7340406,kinh_te,standard,,B03;C01;C02;C03;C04;D01;X01;X02;X03;X04,B03,,https://diemthi.vnexpress.net/tra-cuu-dai-hoc/loadbenchmark/id/289/year/2026/sortby/1/block_name/-1,Trường Đại học Sài Gòn,TP. Hồ Chí Minh,2026,23.0,confirmed_2_sources,8,70.0,30166000.0,30166000.0,observed,Kinh tế - Kinh doanh - Quản trị - Marketing - Thương mại,train
SGD:7380101,SGD,7380101,Ngành Luật,7380101,luat,standard,,D01;B03;C01;C02;C03;C04;X01;X02;X03;X04,D01,,https://diemthi.vnexpress.net/tra-cuu-dai-hoc/loadbenchmark/id/289/year/2026/sortby/1/block_name/-1,Trường Đại học Sài Gòn,TP. Hồ Chí Minh,2026,23.84,disputed,8,210.0,30166000.0,30166000.0,observed,Luật,train
SGD:7440301,SGD,7440301,Khoa học môi trường,7440301,nong_lam_mt,standard,,B00;A00;A01;A02;A03;A04;A05;A06;A07;B01;B02;B03;B08;C01;C02;C03;C04;D01;D07;D09;D10;X01;X02;X03;X04;X05;X06;X07;X08;X09;X10;X11;X12;X13;X14;X15;X16;X17;X18;X19;X20;X21;X22;X23;X24;X25;X26;X27;X28;X53;X54;X55;X56;X57,B00,,https://diemthi.vnexpress.net/tra-cuu-dai-hoc/loadbenchmark/id/289/year/2026/sortby/1/block_name/-1,Trường Đại học Sài Gòn,TP. Hồ Chí Minh,2026,22.44,disputed,8,30.0,32487000.0,32487000.0,observed,Nông - Lâm - Thủy sản - Môi trường - Tài nguyên,train
SGD:7460108,SGD,7460108,Khoa học dữ liệu (Data Science),7460108,cntt,standard,,A00;A01;A02;A03;A04;A05;A06;A07;B00;B01;B02;B03;B08;C01;C02;C03;C04;D01;D07;D09;D10;X01;X02;X03;X04;X05;X06;X07;X08;X09;X10;X11;X12;X13;X14;X15;X16;X17;X18;X19;X20;X21;X22;X23;X24;X25;X26;X27;X28;X53;X54;X55;X56;X57,A00,,https://diemthi.vnexpress.net/tra-cuu-dai-hoc/loadbenchmark/id/289/year/2026/sortby/1/block_name/-1,Trường Đại học Sài Gòn,TP. Hồ Chí Minh,2026,23.44,disputed,4,80.0,32487000.0,32487000.0,observed,Công nghệ thông tin - Máy tính - Dữ liệu - AI,train
SGD:7460112,SGD,7460112,ĐH Toán ứng dụng,7460112,khoa_hoc_tn,standard,,A00;A01;A02;A03;A04;A05;A06;A07;B00;B01;B02;B03;B08;C01;C02;C03;C04;D01;D07;D09;D10;X01;X02;X03;X04;X05;X06;X07;X08;X09;X10;X11;X12;X13;X14;X15;X16;X17;X18;X19;X20;X21;X22;X23;X24;X25;X26;X27;X28;X53;X54;X55;X56;X57,A00,,https://diemthi.vnexpress.net/tra-cuu-dai-hoc/loadbenchmark/id/289/year/2026/sortby/1/block_name/-1,Trường Đại học Sài Gòn,TP. Hồ Chí Minh,2026,25.89,disputed,8,90.0,29006000.0,29006000.0,observed,Khoa học tự nhiên - Toán - Vật lý - Thống kê,train
SGD:7480103,SGD,7480103,Kỹ thuật phần mềm,7480103,cntt,standard,,D01;A00;A01;A02;A03;A04;A05;A06;A07;B00;B01;B02;B03;B08;C01;C02;C03;C04;D07;D09;D10;X01;X02;X03;X04;X05;X06;X07;X08;X09;X10;X11;X12;X13;X14;X15;X16;X17;X18;X19;X20;X21;X22;X23;X24;X25;X26;X27;X28;X53;X54;X55;X56;X57,D01,,https://diemthi.vnexpress.net/tra-cuu-dai-hoc/loadbenchmark/id/289/year/2026/sortby/1/block_name/-1,Trường Đại học Sài Gòn,TP. Hồ Chí Minh,2026,22.06,disputed,8,110.0,37611000.0,37611000.0,observed,Công nghệ thông tin - Máy tính - Dữ liệu - AI,train
SGD:7480107,SGD,7480107,Trí tuệ nhân tạo,7480107,cntt,standard,,D01;A00;A01;A02;A03;A04;A05;A06;A07;B00;B01;B02;B03;B08;C01;C02;C03;C04;D07;D09;D10;X01;X02;X03;X04;X05;X06;X07;X08;X09;X10;X11;X12;X13;X14;X15;X16;X17;X18;X19;X20;X21;X22;X23;X24;X25;X26;X27;X28;X53;X54;X55;X56;X57,D01,,https://diemthi.vnexpress.net/tra-cuu-dai-hoc/loadbenchmark/id/289/year/2026/sortby/1/block_name/-1,Trường Đại học Sài Gòn,TP. Hồ Chí Minh,2026,23.11,disputed,3,80.0,32487000.0,32487000.0,observed,Công nghệ thông tin - Máy tính - Dữ liệu - AI,train
SGD:7480201,SGD,7480201,Công nghệ thông tin,7480201,cntt,standard,,D01;A00;A01;A02;A03;A04;A05;A06;A07;B00;B01;B02;B03;B08;C01;C02;C03;C04;D07;D09;D10;X01;X02;X03;X04;X05;X06;X07;X08;X09;X10;X11;X12;X13;X14;X15;X16;X17;X18;X19;X20;X21;X22;X23;X24;X25;X26;X27;X28;X53;X54;X55;X56;X57,D01,,https://diemthi.vnexpress.net/tra-cuu-dai-hoc/loadbenchmark/id/289/year/2026/sortby/1/block_name/-1,Trường Đại học Sài Gòn,TP. Hồ Chí Minh,2026,20.69,disputed,7,400.0,37611000.0,37611000.0,observed,Công nghệ thông tin - Máy tính - Dữ liệu - AI,train
SGD:7480201CLC,SGD,7480201CLC,Công nghệ thông tin (chương trình chất lượng cao),,cntt,high_quality,,A00;A01;A02;A03;A04;A05;A06;A07;B00;B01;B02;B03;B08;C01;C02;C03;C04;D01;D07;D09;D10;X01;X02;X03;X04;X05;X06;X07;X08;X09;X10;X11;X12;X13;X14;X15;X16;X17;X18;X19;X20;X21;X22;X23;X24;X25;X26;X27;X28;X53;X54;X55;X56;X57,A00,,https://diemthi.vnexpress.net/tra-cuu-dai-hoc/loadbenchmark/id/289/year/2026/sortby/1/block_name/-1,Trường Đại học Sài Gòn,TP. Hồ Chí Minh,2026,17.06,single_source,8,,41769000.0,41769000.0,observed,Công nghệ thông tin - Máy tính - Dữ liệu - AI,train
SGD:7510301,SGD,7510301,"Công nghệ kỹ thuật điện, điện tử",7510301,ky_thuat,standard,,A01;A00;A02;A03;A04;A05;A06;A07;B00;B01;B02;B03;B08;C01;C02;C03;C04;D01;D07;D09;D10;X01;X02;X03;X04;X05;X06;X07;X08;X09;X10;X11;X12;X13;X14;X15;X16;X17;X18;X19;X20;X21;X22;X23;X24;X25;X26;X27;X28;X53;X54;X55;X56;X57,A01,,https://diemthi.vnexpress.net/tra-cuu-dai-hoc/loadbenchmark/id/289/year/2026/sortby/1/block_name/-1,Trường Đại học Sài Gòn,TP. Hồ Chí Minh,2026,23.48,disputed,8,45.0,37611000.0,37611000.0,observed,"Kỹ thuật - Công nghệ (cơ khí, điện, điện tử, ô tô, tự động hóa, vật liệu)",train
SGD:7510302,SGD,7510302,Điện tử - viễn thông,7510302,ky_thuat,standard,,A01;A00;A02;A03;A04;A05;A06;A07;B00;B01;B02;B03;B08;C01;C02;C03;C04;D01;D07;D09;D10;X01;X02;X03;X04;X05;X06;X07;X08;X09;X10;X11;X12;X13;X14;X15;X16;X17;X18;X19;X20;X21;X22;X23;X24;X25;X26;X27;X28;X53;X54;X55;X56;X57,A01,,https://diemthi.vnexpress.net/tra-cuu-dai-hoc/loadbenchmark/id/289/year/2026/sortby/1/block_name/-1,Trường Đại học Sài Gòn,TP. Hồ Chí Minh,2026,22.63,confirmed_2_sources,8,45.0,37611000.0,37611000.0,observed,"Kỹ thuật - Công nghệ (cơ khí, điện, điện tử, ô tô, tự động hóa, vật liệu)",train
SGD:7510406,SGD,7510406,Công nghệ kỹ thuật Môi trường,7510406,nong_lam_mt,standard,,B00;A00;A01;A02;A03;A04;A05;A06;A07;B01;B02;B03;B08;C01;C02;C03;C04;D01;D07;D09;D10;X01;X02;X03;X04;X05;X06;X07;X08;X09;X10;X11;X12;X13;X14;X15;X16;X17;X18;X19;X20;X21;X22;X23;X24;X25;X26;X27;X28;X53;X54;X55;X56;X57,B00,,https://diemthi.vnexpress.net/tra-cuu-dai-hoc/loadbenchmark/id/289/year/2026/sortby/1/block_name/-1,Trường Đại học Sài Gòn,TP. Hồ Chí Minh,2026,22.09,disputed,8,30.0,37611000.0,37611000.0,observed,Nông - Lâm - Thủy sản - Môi trường - Tài nguyên,train
SGD:7520201,SGD,7520201,Kỹ thuật điện,7520201,ky_thuat,standard,,A01;A00;A02;A03;A04;A05;A06;A07;B00;B01;B02;B03;B08;C01;C02;C03;C04;D01;D07;D09;D10;X01;X02;X03;X04;X05;X06;X07;X08;X09;X10;X11;X12;X13;X14;X15;X16;X17;X18;X19;X20;X21;X22;X23;X24;X25;X26;X27;X28;X53;X54;X55;X56;X57,A01,,https://diemthi.vnexpress.net/tra-cuu-dai-hoc/loadbenchmark/id/289/year/2026/sortby/1/block_name/-1,Trường Đại học Sài Gòn,TP. Hồ Chí Minh,2026,23.06,confirmed_2_sources,8,30.0,37611000.0,37611000.0,observed,"Kỹ thuật - Công nghệ (cơ khí, điện, điện tử, ô tô, tự động hóa, vật liệu)",train
SGD:7520207,SGD,7520207,Ngành Kỹ thuật điện tử truyền thông,7520207,bao_chi,standard,,A01;A00;A02;A03;A04;A05;A06;A07;B00;B01;B02;B03;B08;C01;C02;C03;C04;D01;D07;D09;D10;X01;X02;X03;X04;X05;X06;X07;X08;X09;X10;X11;X12;X13;X14;X15;X16;X17;X18;X19;X20;X21;X22;X23;X24;X25;X26;X27;X28;X53;X54;X55;X56;X57,A01,,https://diemthi.vnexpress.net/tra-cuu-dai-hoc/loadbenchmark/id/289/year/2026/sortby/1/block_name/-1,Trường Đại học Sài Gòn,TP. Hồ Chí Minh,2026,21.75,confirmed_2_sources,8,90.0,37611000.0,37611000.0,observed,Báo chí - Truyền thông - Quan hệ công chúng,train
SGD:7810101,SGD,7810101,Du lịch,7810101,du_lich,standard,,D01;C00;B03;C01;C02;C03;C04;X01;X02;X03;X04,D01,,https://diemthi.vnexpress.net/tra-cuu-dai-hoc/loadbenchmark/id/289/year/2026/sortby/1/block_name/-1,Trường Đại học Sài Gòn,TP. Hồ Chí Minh,2026,24.58,disputed,5,120.0,30166000.0,30166000.0,observed,Du lịch - Khách sạn - Logistics - Hàng không - Dịch vụ,train
SGD:7810202,SGD,7810202,Quản trị nhà hàng và dịch vụ ăn uống,7810202,du_lich,standard,,D01;C00;A00;A01;A02;A03;A04;A05;A06;A07;B00;B01;B02;B03;B08;C01;C02;C03;C04;D07;D09;D10;X01;X02;X03;X04;X05;X06;X07;X08;X09;X10;X11;X12;X13;X14;X15;X16;X17;X18;X19;X20;X21;X22;X23;X24;X25;X26;X27;X28;X53;X54;X55;X56;X57,D01,,https://diemthi.vnexpress.net/tra-cuu-dai-hoc/loadbenchmark/id/289/year/2026/sortby/1/block_name/-1,Trường Đại học Sài Gòn,TP. Hồ Chí Minh,2026,22.69,disputed,4,60.0,30166000.0,30166000.0,observed,Du lịch - Khách sạn - Logistics - Hàng không - Dịch vụ,train
SIU:7140103,SIU,7140103,Công nghệ giáo dục,7140103,su_pham,standard,,A00;A01;X06;X02;X10;D07;D01,A00,"Sư phạm: không nhận thí sinh bị dị hình, dị tật, nói ngọng, nói lắp; điểm sàn của Bộ",https://vietnamnet.vn/newsapi-edu/UniversityDetail/GetDetail?pageId=49ff289efde0446f9ae2f5c385595744&componentId=COMPONENT002302&keyword=SIU&year=2026&pageSize=25&pageIndex=1&typeOfTraining=0&subjectGroup=,Trường Đại học Quốc tế Sài Gòn,TP. Hồ Chí Minh,2026,15.0,single_source,3,,,,missing,Sư phạm - Giáo dục,test
SIU:7220201,SIU,7220201,Ngôn ngữ Anh,7220201,ngon_ngu,standard,,A01;D01;D09;D14;D15;X78;D11;D12;A00;A07;X01;X02,A01,,https://diemthi.vnexpress.net/tra-cuu-dai-hoc/loadbenchmark/id/293/year/2026/sortby/1/block_name/-1,Trường Đại học Quốc tế Sài Gòn,TP. Hồ Chí Minh,2026,15.0,confirmed_2_sources,3,,,,missing,Ngôn ngữ - Văn hóa - Quốc tế học,test
SIU:7310401,SIU,7310401,Tâm lý học,7310401,xa_hoi,standard,,B00;C00;A07;D01;X01;X78;D14;D15;A00;A01;C01,B00,,https://diemthi.vnexpress.net/tra-cuu-dai-hoc/loadbenchmark/id/293/year/2026/sortby/1/block_name/-1,Trường Đại học Quốc tế Sài Gòn,TP. Hồ Chí Minh,2026,15.0,confirmed_2_sources,3,,,,missing,Khoa học xã hội - Tâm lý - Nhân văn - Chính trị - Hành chính,test
SIU:7310608,SIU,7310608,Đông phương học,7310608,ngon_ngu,standard,,C00;D01;D14;D15;X17;A01;D63;D65;A00;A07;X21,C00,,https://diemthi.vnexpress.net/tra-cuu-dai-hoc/loadbenchmark/id/293/year/2026/sortby/1/block_name/-1,Trường Đại học Quốc tế Sài Gòn,TP. Hồ Chí Minh,2026,15.0,confirmed_2_sources,3,,,,missing,Ngôn ngữ - Văn hóa - Quốc tế học,test
SIU:7320104,SIU,7320104,Truyền thông đa phương tiện,7320104,bao_chi,standard,,A01;C00;C03;D01;D09;D10;A00,A01,,https://vietnamnet.vn/newsapi-edu/UniversityDetail/GetDetail?pageId=49ff289efde0446f9ae2f5c385595744&componentId=COMPONENT002302&keyword=SIU&year=2026&pageSize=25&pageIndex=1&typeOfTraining=0&subjectGroup=,Trường Đại học Quốc tế Sài Gòn,TP. Hồ Chí Minh,2026,15.0,single_source,3,,,,missing,Báo chí - Truyền thông - Quan hệ công chúng,test
SIU:7320108,SIU,7320108,Quan hệ công chúng,7320108,bao_chi,standard,,A01;C00;C03;D01;D09;D10;A00,A01,,https://vietnamnet.vn/newsapi-edu/UniversityDetail/GetDetail?pageId=49ff289efde0446f9ae2f5c385595744&componentId=COMPONENT002302&keyword=SIU&year=2026&pageSize=25&pageIndex=1&typeOfTraining=0&subjectGroup=,Trường Đại học Quốc tế Sài Gòn,TP. Hồ Chí Minh,2026,15.0,single_source,3,,,,missing,Báo chí - Truyền thông - Quan hệ công chúng,test
SIU:7340101,SIU,7340101,Quản trị Kinh doanh,7340101,kinh_te,standard,,A00;A01;A07;D01;X01;X02;D07;X06,A00,,https://diemthi.vnexpress.net/tra-cuu-dai-hoc/loadbenchmark/id/293/year/2026/sortby/1/block_name/-1,Trường Đại học Quốc tế Sài Gòn,TP. Hồ Chí Minh,2026,15.0,confirmed_2_sources,3,,,,missing,Kinh tế - Kinh doanh - Quản trị - Marketing - Thương mại,test
SIU:7340122,SIU,7340122,Thương mại điện tử,7340122,kinh_te,standard,,A00;A01;A07;X02;D01;X01;D07;X06;X10,A00,,https://diemthi.vnexpress.net/tra-cuu-dai-hoc/loadbenchmark/id/293/year/2026/sortby/1/block_name/-1,Trường Đại học Quốc tế Sài Gòn,TP. Hồ Chí Minh,2026,15.0,confirmed_2_sources,3,,,,missing,Kinh tế - Kinh doanh - Quản trị - Marketing - Thương mại,test
SIU:7340301,SIU,7340301,Kế toán,7340301,tai_chinh,standard,,A00;A01;C01;D01;X01;D07;X02;X06;X10,A00,,https://diemthi.vnexpress.net/tra-cuu-dai-hoc/loadbenchmark/id/293/year/2026/sortby/1/block_name/-1,Trường Đại học Quốc tế Sài Gòn,TP. Hồ Chí Minh,2026,15.0,confirmed_2_sources,3,,,,missing,Tài chính - Ngân hàng - Kế toán - Kiểm toán - Bảo hiểm,test
SIU:7380107,SIU,7380107,Luật kinh tế,7380107,luat,standard,,A00;A01;C00;D01;X74;X78;C03;D09;D10,A00,,https://diemthi.vnexpress.net/tra-cuu-dai-hoc/loadbenchmark/id/293/year/2026/sortby/1/block_name/-1,Trường Đại học Quốc tế Sài Gòn,TP. Hồ Chí Minh,2026,15.0,disputed,3,,,,missing,Luật,test
SIU:7480101,SIU,7480101,Khoa học máy tính,7480101,cntt,standard,,A00;A01;X06;X02;X10;D07;D01;C00;C03;D09;D10,A00,,https://diemthi.vnexpress.net/tra-cuu-dai-hoc/loadbenchmark/id/293/year/2026/sortby/1/block_name/-1,Trường Đại học Quốc tế Sài Gòn,TP. Hồ Chí Minh,2026,15.0,confirmed_2_sources,3,,,,missing,Công nghệ thông tin - Máy tính - Dữ liệu - AI,test
SIU:7480201,SIU,7480201,Công nghệ thông tin,7480201,cntt,standard,,A00;A01;X06;X02;D01;D07,A00,,https://vietnamnet.vn/newsapi-edu/UniversityDetail/GetDetail?pageId=49ff289efde0446f9ae2f5c385595744&componentId=COMPONENT002302&keyword=SIU&year=2026&pageSize=25&pageIndex=1&typeOfTraining=0&subjectGroup=,Trường Đại học Quốc tế Sài Gòn,TP. Hồ Chí Minh,2026,15.0,single_source,3,,,,missing,Công nghệ thông tin - Máy tính - Dữ liệu - AI,test
SIU:7510605,SIU,7510605,Logistics và Quản lý chuỗi cung ứng,7510605,du_lich,standard,,A00;A01;A07;D01;X01;X78;D09;D14;D15,A00,,https://diemthi.vnexpress.net/tra-cuu-dai-hoc/loadbenchmark/id/293/year/2026/sortby/1/block_name/-1,Trường Đại học Quốc tế Sài Gòn,TP. Hồ Chí Minh,2026,15.0,confirmed_2_sources,3,,,,missing,Du lịch - Khách sạn - Logistics - Hàng không - Dịch vụ,test
SIU:7810201,SIU,7810201,Quản trị khách sạn,7810201,du_lich,standard,,A00;A01;A07;C00;D01;X21;X01;X02,A00,,https://diemthi.vnexpress.net/tra-cuu-dai-hoc/loadbenchmark/id/293/year/2026/sortby/1/block_name/-1,Trường Đại học Quốc tế Sài Gòn,TP. Hồ Chí Minh,2026,15.0,confirmed_2_sources,3,,,,missing,Du lịch - Khách sạn - Logistics - Hàng không - Dịch vụ,test
SPH:7140101,SPH,7140101,Giáo dục học,7140101,su_pham,standard,,C00;D01,C00,"Sư phạm: không nhận thí sinh bị dị hình, dị tật, nói ngọng, nói lắp; điểm sàn của Bộ",https://diemthi.vnexpress.net/tra-cuu-dai-hoc/loadbenchmark/id/423/year/2026/sortby/1/block_name/-1,Trường Đại học Sư phạm Hà Nội,Hà Nội,2026,24.89,confirmed_2_sources,1,80.0,,,missing,Sư phạm - Giáo dục,train
SPH:7140114,SPH,7140114,Quản lý giáo dục,7140114,su_pham,standard,,C03;D01;X01,C03,"Sư phạm: không nhận thí sinh bị dị hình, dị tật, nói ngọng, nói lắp; điểm sàn của Bộ",https://diemthi.vnexpress.net/tra-cuu-dai-hoc/loadbenchmark/id/423/year/2026/sortby/1/block_name/-1,Trường Đại học Sư phạm Hà Nội,Hà Nội,2026,25.65,confirmed_2_sources,2,90.0,,,missing,Sư phạm - Giáo dục,train
SPH:7140202,SPH,7140202,Giáo dục Tiểu học,7140202,su_pham,standard,,D01,D01,"Sư phạm: không nhận thí sinh bị dị hình, dị tật, nói ngọng, nói lắp; điểm sàn của Bộ",https://diemthi.vnexpress.net/tra-cuu-dai-hoc/loadbenchmark/id/423/year/2026/sortby/1/block_name/-1,Trường Đại học Sư phạm Hà Nội,Hà Nội,2026,28.15,confirmed_2_sources,2,215.0,,,missing,Sư phạm - Giáo dục,train
SPH:7140202K,SPH,7140202K,Giáo dục Tiểu học - Sư phạm tiếng Anh,7140202,su_pham,standard,,D01,D01,"Học bằng tiếng Anh (thường cần trình độ tiếng Anh tốt, có thể yêu cầu IELTS/chứng chỉ khi nhập học) | Sư phạm: không nhận thí sinh bị dị hình, dị tật, nói ngọng, nói lắp; điểm sàn của Bộ",https://diemthi.vnexpress.net/tra-cuu-dai-hoc/loadbenchmark/id/423/year/2026/sortby/1/block_name/-1,Trường Đại học Sư phạm Hà Nội,Hà Nội,2026,28.42,confirmed_2_sources,2,100.0,,,missing,Sư phạm - Giáo dục,train
SPH:7140203,SPH,7140203,Giáo dục Đặc biệt,7140203,su_pham,standard,,C00;D01,C00,"Sư phạm: không nhận thí sinh bị dị hình, dị tật, nói ngọng, nói lắp; điểm sàn của Bộ",https://diemthi.vnexpress.net/tra-cuu-dai-hoc/loadbenchmark/id/423/year/2026/sortby/1/block_name/-1,Trường Đại học Sư phạm Hà Nội,Hà Nội,2026,26.53,confirmed_2_sources,2,80.0,,,missing,Sư phạm - Giáo dục,train
SPH:7140204,SPH,7140204,Giáo dục Công dân,7140204,su_pham,standard,,X70;X74;X78,X70,"Sư phạm: không nhận thí sinh bị dị hình, dị tật, nói ngọng, nói lắp; điểm sàn của Bộ",https://diemthi.vnexpress.net/tra-cuu-dai-hoc/loadbenchmark/id/423/year/2026/sortby/1/block_name/-1,Trường Đại học Sư phạm Hà Nội,Hà Nội,2026,26.18,confirmed_2_sources,2,110.0,,,missing,Sư phạm - Giáo dục,train
SPH:7140205,SPH,7140205,Giáo dục Chính trị,7140205,su_pham,standard,,X70;X74;X78,X70,"Sư phạm: không nhận thí sinh bị dị hình, dị tật, nói ngọng, nói lắp; điểm sàn của Bộ",https://diemthi.vnexpress.net/tra-cuu-dai-hoc/loadbenchmark/id/423/year/2026/sortby/1/block_name/-1,Trường Đại học Sư phạm Hà Nội,Hà Nội,2026,26.83,confirmed_2_sources,2,25.0,,,missing,Sư phạm - Giáo dục,train
SPH:7140208,SPH,7140208,Giáo dục Quốc phòng - An ninh,7140208,su_pham,standard,,C03;C04;C00;D01,C03,"Sư phạm: không nhận thí sinh bị dị hình, dị tật, nói ngọng, nói lắp; điểm sàn của Bộ",https://diemthi.vnexpress.net/tra-cuu-dai-hoc/loadbenchmark/id/423/year/2026/sortby/1/block_name/-1,Trường Đại học Sư phạm Hà Nội,Hà Nội,2026,25.41,confirmed_2_sources,3,60.0,,,missing,Sư phạm - Giáo dục,train
SPH:7140209,SPH,7140209,Sư phạm Toán học,7140209,su_pham,standard,,A00;A01,A00,"Sư phạm: không nhận thí sinh bị dị hình, dị tật, nói ngọng, nói lắp; điểm sàn của Bộ",https://diemthi.vnexpress.net/tra-cuu-dai-hoc/loadbenchmark/id/423/year/2026/sortby/1/block_name/-1,Trường Đại học Sư phạm Hà Nội,Hà Nội,2026,28.95,confirmed_2_sources,2,300.0,,,missing,Sư phạm - Giáo dục,train
SPH:7140209K,SPH,7140209K,Sư phạm Toán học (học bằng tiếng Anh),7140209,su_pham,standard,,A01;D01,A01,"Học bằng tiếng Anh (thường cần trình độ tiếng Anh tốt, có thể yêu cầu IELTS/chứng chỉ khi nhập học) | Sư phạm: không nhận thí sinh bị dị hình, dị tật, nói ngọng, nói lắp; điểm sàn của Bộ",https://diemthi.vnexpress.net/tra-cuu-dai-hoc/loadbenchmark/id/423/year/2026/sortby/1/block_name/-1,Trường Đại học Sư phạm Hà Nội,Hà Nội,2026,29.0,confirmed_2_sources,2,60.0,,,missing,Sư phạm - Giáo dục,train
SPH:7140210,SPH,7140210,Sư phạm Tin học (Chuyên ngành Tin học – Công nghệ Tiểu học),7140210,su_pham,standard,,A01;X06;A00,A01,"Sư phạm: không nhận thí sinh bị dị hình, dị tật, nói ngọng, nói lắp; điểm sàn của Bộ",https://diemthi.vnexpress.net/tra-cuu-dai-hoc/loadbenchmark/id/423/year/2026/sortby/1/block_name/-1,Trường Đại học Sư phạm Hà Nội,Hà Nội,2026,23.96,confirmed_2_sources,3,100.0,,,missing,Sư phạm - Giáo dục,train
SPH:7140210K,SPH,7140210K,Sư phạm Tin học (dạy bằng Tiếng Anh),7140210,su_pham,standard,,A01;X06,A01,"Học bằng tiếng Anh (thường cần trình độ tiếng Anh tốt, có thể yêu cầu IELTS/chứng chỉ khi nhập học) | Sư phạm: không nhận thí sinh bị dị hình, dị tật, nói ngọng, nói lắp; điểm sàn của Bộ",https://diemthi.vnexpress.net/tra-cuu-dai-hoc/loadbenchmark/id/423/year/2026/sortby/1/block_name/-1,Trường Đại học Sư phạm Hà Nội,Hà Nội,2026,23.75,confirmed_2_sources,1,20.0,,,missing,Sư phạm - Giáo dục,train
SPH:7140211,SPH,7140211,Sư phạm Vật lý,7140211,su_pham,standard,,A00;A01,A00,"Sư phạm: không nhận thí sinh bị dị hình, dị tật, nói ngọng, nói lắp; điểm sàn của Bộ",https://diemthi.vnexpress.net/tra-cuu-dai-hoc/loadbenchmark/id/423/year/2026/sortby/1/block_name/-1,Trường Đại học Sư phạm Hà Nội,Hà Nội,2026,28.77,confirmed_2_sources,2,50.0,,,missing,Sư phạm - Giáo dục,train
SPH:7140211K,SPH,7140211K,Sư phạm Vật lí (học bằng tiếng Anh),7140211,su_pham,standard,,A00;A01,A00,"Học bằng tiếng Anh (thường cần trình độ tiếng Anh tốt, có thể yêu cầu IELTS/chứng chỉ khi nhập học) | Sư phạm: không nhận thí sinh bị dị hình, dị tật, nói ngọng, nói lắp; điểm sàn của Bộ",https://diemthi.vnexpress.net/tra-cuu-dai-hoc/loadbenchmark/id/423/year/2026/sortby/1/block_name/-1,Trường Đại học Sư phạm Hà Nội,Hà Nội,2026,28.35,confirmed_2_sources,2,20.0,,,missing,Sư phạm - Giáo dục,train
SPH:7140212,SPH,7140212,Sư phạm Hóa học,7140212,su_pham,standard,,A00;B00,A00,"Sư phạm: không nhận thí sinh bị dị hình, dị tật, nói ngọng, nói lắp; điểm sàn của Bộ",https://diemthi.vnexpress.net/tra-cuu-dai-hoc/loadbenchmark/id/423/year/2026/sortby/1/block_name/-1,Trường Đại học Sư phạm Hà Nội,Hà Nội,2026,28.99,confirmed_2_sources,2,50.0,,,missing,Sư phạm - Giáo dục,train
SPH:7140212K,SPH,7140212K,Sư phạm Hóa học (học bằng tiếng Anh),7140212,su_pham,standard,,D07,D07,"Học bằng tiếng Anh (thường cần trình độ tiếng Anh tốt, có thể yêu cầu IELTS/chứng chỉ khi nhập học) | Sư phạm: không nhận thí sinh bị dị hình, dị tật, nói ngọng, nói lắp; điểm sàn của Bộ",https://diemthi.vnexpress.net/tra-cuu-dai-hoc/loadbenchmark/id/423/year/2026/sortby/1/block_name/-1,Trường Đại học Sư phạm Hà Nội,Hà Nội,2026,28.22,confirmed_2_sources,2,20.0,,,missing,Sư phạm - Giáo dục,train
SPH:7140213,SPH,7140213,Sư phạm Sinh học,7140213,su_pham,standard,,B00;D08;B08,B00,"Sư phạm: không nhận thí sinh bị dị hình, dị tật, nói ngọng, nói lắp; điểm sàn của Bộ",https://diemthi.vnexpress.net/tra-cuu-dai-hoc/loadbenchmark/id/423/year/2026/sortby/1/block_name/-1,Trường Đại học Sư phạm Hà Nội,Hà Nội,2026,28.28,confirmed_2_sources,2,70.0,,,missing,Sư phạm - Giáo dục,train
SPH:7140217,SPH,7140217,Sư phạm Ngữ văn,7140217,su_pham,standard,,C00;D01,C00,"Sư phạm: không nhận thí sinh bị dị hình, dị tật, nói ngọng, nói lắp; điểm sàn của Bộ",https://diemthi.vnexpress.net/tra-cuu-dai-hoc/loadbenchmark/id/423/year/2026/sortby/1/block_name/-1,Trường Đại học Sư phạm Hà Nội,Hà Nội,2026,28.71,confirmed_2_sources,2,450.0,,,missing,Sư phạm - Giáo dục,train
SPH:7140218,SPH,7140218,Sư phạm Lịch sử,7140218,su_pham,standard,,C00;D14,C00,"Sư phạm: không nhận thí sinh bị dị hình, dị tật, nói ngọng, nói lắp; điểm sàn của Bộ",https://diemthi.vnexpress.net/tra-cuu-dai-hoc/loadbenchmark/id/423/year/2026/sortby/1/block_name/-1,Trường Đại học Sư phạm Hà Nội,Hà Nội,2026,28.61,confirmed_2_sources,2,85.0,,,missing,Sư phạm - Giáo dục,train
SPH:7140219,SPH,7140219,Sư phạm Địa lý,7140219,su_pham,standard,,C00;C04,C00,"Sư phạm: không nhận thí sinh bị dị hình, dị tật, nói ngọng, nói lắp; điểm sàn của Bộ",https://diemthi.vnexpress.net/tra-cuu-dai-hoc/loadbenchmark/id/423/year/2026/sortby/1/block_name/-1,Trường Đại học Sư phạm Hà Nội,Hà Nội,2026,28.22,confirmed_2_sources,2,100.0,,,missing,Sư phạm - Giáo dục,train
SPH:7140231,SPH,7140231,Sư phạm Tiếng Anh,7140231,su_pham,standard,,D01,D01,"Học bằng tiếng Anh (thường cần trình độ tiếng Anh tốt, có thể yêu cầu IELTS/chứng chỉ khi nhập học) | Sư phạm: không nhận thí sinh bị dị hình, dị tật, nói ngọng, nói lắp; điểm sàn của Bộ",https://diemthi.vnexpress.net/tra-cuu-dai-hoc/loadbenchmark/id/423/year/2026/sortby/1/block_name/-1,Trường Đại học Sư phạm Hà Nội,Hà Nội,2026,27.69,confirmed_2_sources,6,160.0,,,missing,Sư phạm - Giáo dục,train
SPH:7140233,SPH,7140233,Sư phạm Tiếng Pháp,7140233,su_pham,standard,,D01;D03,D01,"Sư phạm: không nhận thí sinh bị dị hình, dị tật, nói ngọng, nói lắp; điểm sàn của Bộ",https://diemthi.vnexpress.net/tra-cuu-dai-hoc/loadbenchmark/id/423/year/2026/sortby/1/block_name/-1,Trường Đại học Sư phạm Hà Nội,Hà Nội,2026,20.6,confirmed_2_sources,2,20.0,,,missing,Sư phạm - Giáo dục,train
SPH:7140246,SPH,7140246,Sư phạm công nghệ,7140246,su_pham,standard,,A00;A01;X07;X08,A00,"Sư phạm: không nhận thí sinh bị dị hình, dị tật, nói ngọng, nói lắp; điểm sàn của Bộ",https://diemthi.vnexpress.net/tra-cuu-dai-hoc/loadbenchmark/id/423/year/2026/sortby/1/block_name/-1,Trường Đại học Sư phạm Hà Nội,Hà Nội,2026,23.29,confirmed_2_sources,2,150.0,,,missing,Sư phạm - Giáo dục,train
SPH:7140247,SPH,7140247,Sư phạm khoa học tự nhiên,7140247,su_pham,standard,,A00;B00,A00,"Sư phạm: không nhận thí sinh bị dị hình, dị tật, nói ngọng, nói lắp; điểm sàn của Bộ",https://diemthi.vnexpress.net/tra-cuu-dai-hoc/loadbenchmark/id/423/year/2026/sortby/1/block_name/-1,Trường Đại học Sư phạm Hà Nội,Hà Nội,2026,27.47,confirmed_2_sources,2,70.0,,,missing,Sư phạm - Giáo dục,train
SPH:7140249,SPH,7140249,Sư phạm Lịch sử - Địa lý,7140249,su_pham,standard,,C00,C00,"Sư phạm: không nhận thí sinh bị dị hình, dị tật, nói ngọng, nói lắp; điểm sàn của Bộ",https://diemthi.vnexpress.net/tra-cuu-dai-hoc/loadbenchmark/id/423/year/2026/sortby/1/block_name/-1,Trường Đại học Sư phạm Hà Nội,Hà Nội,2026,27.78,confirmed_2_sources,2,100.0,,,missing,Sư phạm - Giáo dục,train
SPH:7220101,SPH,7220101,Tiếng Việt và Văn hóa Việt Nam,7220101,ngon_ngu,standard,,C00;D14,C00,,https://diemthi.vnexpress.net/tra-cuu-dai-hoc/loadbenchmark/id/423/year/2026/sortby/1/block_name/-1,Trường Đại học Sư phạm Hà Nội,Hà Nội,2026,24.53,confirmed_2_sources,2,70.0,,,missing,Ngôn ngữ - Văn hóa - Quốc tế học,train
SPH:7220201,SPH,7220201,Ngôn ngữ Anh,7220201,ngon_ngu,standard,,D01,D01,,https://diemthi.vnexpress.net/tra-cuu-dai-hoc/loadbenchmark/id/423/year/2026/sortby/1/block_name/-1,Trường Đại học Sư phạm Hà Nội,Hà Nội,2026,25.57,confirmed_2_sources,9,60.0,,,missing,Ngôn ngữ - Văn hóa - Quốc tế học,train
SPH:7220203,SPH,7220203,Ngôn ngữ Pháp,7220203,ngon_ngu,standard,,D01;D03,D01,,https://diemthi.vnexpress.net/tra-cuu-dai-hoc/loadbenchmark/id/423/year/2026/sortby/1/block_name/-1,Trường Đại học Sư phạm Hà Nội,Hà Nội,2026,22.25,confirmed_2_sources,1,60.0,,,missing,Ngôn ngữ - Văn hóa - Quốc tế học,train
SPH:7220204,SPH,7220204,Ngôn ngữ Trung Quốc,7220204,ngon_ngu,standard,,D01;D04,D01,,https://diemthi.vnexpress.net/tra-cuu-dai-hoc/loadbenchmark/id/423/year/2026/sortby/1/block_name/-1,Trường Đại học Sư phạm Hà Nội,Hà Nội,2026,24.93,confirmed_2_sources,2,45.0,,,missing,Ngôn ngữ - Văn hóa - Quốc tế học,train
SPH:7229001,SPH,7229001,Triết học,7229001,xa_hoi,standard,,C00;D14;X70,C00,,https://diemthi.vnexpress.net/tra-cuu-dai-hoc/loadbenchmark/id/423/year/2026/sortby/1/block_name/-1,Trường Đại học Sư phạm Hà Nội,Hà Nội,2026,24.52,confirmed_2_sources,2,195.0,,,missing,Khoa học xã hội - Tâm lý - Nhân văn - Chính trị - Hành chính,train
SPH:7229010,SPH,7229010,Lịch sử,7229010,xa_hoi,standard,,C00;C03;D14,C00,,https://diemthi.vnexpress.net/tra-cuu-dai-hoc/loadbenchmark/id/423/year/2026/sortby/1/block_name/-1,Trường Đại học Sư phạm Hà Nội,Hà Nội,2026,27.2,confirmed_2_sources,2,60.0,,,missing,Khoa học xã hội - Tâm lý - Nhân văn - Chính trị - Hành chính,train
SPH:7229030,SPH,7229030,Văn học,7229030,xa_hoi,standard,,C00;D01,C00,,https://diemthi.vnexpress.net/tra-cuu-dai-hoc/loadbenchmark/id/423/year/2026/sortby/1/block_name/-1,Trường Đại học Sư phạm Hà Nội,Hà Nội,2026,26.43,confirmed_2_sources,2,100.0,,,missing,Khoa học xã hội - Tâm lý - Nhân văn - Chính trị - Hành chính,train
SPH:7310201,SPH,7310201,Chính trị học,7310201,xa_hoi,standard,,X70;X74;X78,X70,,https://diemthi.vnexpress.net/tra-cuu-dai-hoc/loadbenchmark/id/423/year/2026/sortby/1/block_name/-1,Trường Đại học Sư phạm Hà Nội,Hà Nội,2026,23.56,confirmed_2_sources,2,100.0,,,missing,Khoa học xã hội - Tâm lý - Nhân văn - Chính trị - Hành chính,train
SPH:7310301,SPH,7310301,Xã hội học,7310301,xa_hoi,standard,,C00;D14;X70,C00,,https://diemthi.vnexpress.net/tra-cuu-dai-hoc/loadbenchmark/id/423/year/2026/sortby/1/block_name/-1,Trường Đại học Sư phạm Hà Nội,Hà Nội,2026,23.75,confirmed_2_sources,2,80.0,,,missing,Khoa học xã hội - Tâm lý - Nhân văn - Chính trị - Hành chính,train
SPH:7310401,SPH,7310401,Tâm lý học,7310401,xa_hoi,standard,,C00;D01;D14;D15,C00,,https://diemthi.vnexpress.net/tra-cuu-dai-hoc/loadbenchmark/id/423/year/2026/sortby/1/block_name/-1,Trường Đại học Sư phạm Hà Nội,Hà Nội,2026,24.25,confirmed_2_sources,2,200.0,,,missing,Khoa học xã hội - Tâm lý - Nhân văn - Chính trị - Hành chính,train
SPH:7310403,SPH,7310403,Tâm lý học giáo dục,7310403,su_pham,standard,,C00;D01;D14;D15,C00,"Sư phạm: không nhận thí sinh bị dị hình, dị tật, nói ngọng, nói lắp; điểm sàn của Bộ",https://diemthi.vnexpress.net/tra-cuu-dai-hoc/loadbenchmark/id/423/year/2026/sortby/1/block_name/-1,Trường Đại học Sư phạm Hà Nội,Hà Nội,2026,25.62,confirmed_2_sources,2,90.0,,,missing,Sư phạm - Giáo dục,train
SPH:7310501,SPH,7310501,Địa lý học,7310501,xa_hoi,standard,,C04;C00;X74,C04,,https://diemthi.vnexpress.net/tra-cuu-dai-hoc/loadbenchmark/id/423/year/2026/sortby/1/block_name/-1,Trường Đại học Sư phạm Hà Nội,Hà Nội,2026,25.44,confirmed_2_sources,1,70.0,,,missing,Khoa học xã hội - Tâm lý - Nhân văn - Chính trị - Hành chính,train
SPH:7310601,SPH,7310601,Quốc tế học,7310601,ngon_ngu,international,,D14;C00;C03,D14,"Học bằng tiếng Anh (thường cần trình độ tiếng Anh tốt, có thể yêu cầu IELTS/chứng chỉ khi nhập học) | Chương trình liên kết/quốc tế: học phí cao hơn chương trình chuẩn",https://diemthi.vnexpress.net/tra-cuu-dai-hoc/loadbenchmark/id/423/year/2026/sortby/1/block_name/-1,Trường Đại học Sư phạm Hà Nội,Hà Nội,2026,25.03,confirmed_2_sources,1,60.0,,,missing,Ngôn ngữ - Văn hóa - Quốc tế học,train
SPH:7310630,SPH,7310630,Việt Nam học,7310630,ngon_ngu,standard,,D14;C00;X70;D01,D14,,https://diemthi.vnexpress.net/tra-cuu-dai-hoc/loadbenchmark/id/423/year/2026/sortby/1/block_name/-1,Trường Đại học Sư phạm Hà Nội,Hà Nội,2026,23.0,confirmed_2_sources,2,210.0,,,missing,Ngôn ngữ - Văn hóa - Quốc tế học,train
SPH:7420101,SPH,7420101,Sinh hoc,7420101,sinh_hoa,standard,,B02;B00;B08;X16,B00,,https://diemthi.vnexpress.net/tra-cuu-dai-hoc/loadbenchmark/id/423/year/2026/sortby/1/block_name/-1,Trường Đại học Sư phạm Hà Nội,Hà Nội,2026,19.0,confirmed_2_sources,2,120.0,,,missing,Sinh học - Hóa học - Công nghệ sinh học - Thực phẩm,train
SPH:7420201,SPH,7420201,Công nghệ sinh học,7420201,sinh_hoa,standard,,A02;B00;B08;X16,A02,,https://diemthi.vnexpress.net/tra-cuu-dai-hoc/loadbenchmark/id/423/year/2026/sortby/1/block_name/-1,Trường Đại học Sư phạm Hà Nội,Hà Nội,2026,19.6,confirmed_2_sources,2,80.0,,,missing,Sinh học - Hóa học - Công nghệ sinh học - Thực phẩm,train
SPH:7440102,SPH,7440102,Vật lý học,7440102,khoa_hoc_tn,standard,,A00;A01;X06,A00,,https://diemthi.vnexpress.net/tra-cuu-dai-hoc/loadbenchmark/id/423/year/2026/sortby/1/block_name/-1,Trường Đại học Sư phạm Hà Nội,Hà Nội,2026,23.72,confirmed_2_sources,2,120.0,,,missing,Khoa học tự nhiên - Toán - Vật lý - Thống kê,train
SPH:7440112,SPH,7440112,Hóa học,7440112,sinh_hoa,standard,,A00;B00;D07,A00,,https://diemthi.vnexpress.net/tra-cuu-dai-hoc/loadbenchmark/id/423/year/2026/sortby/1/block_name/-1,Trường Đại học Sư phạm Hà Nội,Hà Nội,2026,24.49,confirmed_2_sources,3,120.0,,,missing,Sinh học - Hóa học - Công nghệ sinh học - Thực phẩm,train
SPH:7440112D,SPH,7440112D,Hóa học (Hóa dược),7440112,y_duoc,standard,,A00;B00;D07,A00,Khối sức khỏe: có ngưỡng điểm sàn của Bộ,https://diemthi.vnexpress.net/tra-cuu-dai-hoc/loadbenchmark/id/423/year/2026/sortby/1/block_name/-1,Trường Đại học Sư phạm Hà Nội,Hà Nội,2026,22.35,confirmed_2_sources,1,120.0,,,missing,Y - Dược - Điều dưỡng - Sức khỏe,train
SPH:7460101,SPH,7460101,Toán học,7460101,khoa_hoc_tn,standard,,A00;A01,A00,,https://diemthi.vnexpress.net/tra-cuu-dai-hoc/loadbenchmark/id/423/year/2026/sortby/1/block_name/-1,Trường Đại học Sư phạm Hà Nội,Hà Nội,2026,26.38,confirmed_2_sources,2,100.0,,,missing,Khoa học tự nhiên - Toán - Vật lý - Thống kê,train
SPH:7460108,SPH,7460108,Khoa học dữ liệu (Data Science),7460108,cntt,standard,,X06;A01,X06,,https://diemthi.vnexpress.net/tra-cuu-dai-hoc/loadbenchmark/id/423/year/2026/sortby/1/block_name/-1,Trường Đại học Sư phạm Hà Nội,Hà Nội,2026,20.88,confirmed_2_sources,1,60.0,,,missing,Công nghệ thông tin - Máy tính - Dữ liệu - AI,train
SPH:7480107,SPH,7480107,Trí tuệ nhân tạo,7480107,cntt,standard,,X06;A01,X06,,https://diemthi.vnexpress.net/tra-cuu-dai-hoc/loadbenchmark/id/423/year/2026/sortby/1/block_name/-1,Trường Đại học Sư phạm Hà Nội,Hà Nội,2026,20.35,confirmed_2_sources,1,60.0,,,missing,Công nghệ thông tin - Máy tính - Dữ liệu - AI,train
SPH:7480201,SPH,7480201,Công nghệ thông tin,7480201,cntt,standard,,A01;X06;A00,A01,,https://diemthi.vnexpress.net/tra-cuu-dai-hoc/loadbenchmark/id/423/year/2026/sortby/1/block_name/-1,Trường Đại học Sư phạm Hà Nội,Hà Nội,2026,20.25,confirmed_2_sources,2,140.0,,,missing,Công nghệ thông tin - Máy tính - Dữ liệu - AI,train
SPH:7760101,SPH,7760101,Công tác xã hội,7760101,xa_hoi,standard,,C00;D14;X70,C00,,https://diemthi.vnexpress.net/tra-cuu-dai-hoc/loadbenchmark/id/423/year/2026/sortby/1/block_name/-1,Trường Đại học Sư phạm Hà Nội,Hà Nội,2026,22.95,confirmed_2_sources,2,220.0,,,missing,Khoa học xã hội - Tâm lý - Nhân văn - Chính trị - Hành chính,train
SPH:7760103,SPH,7760103,Hỗ trợ giáo dục người khuyết tật,7760103,su_pham,standard,,C00;D01,C00,"Sư phạm: không nhận thí sinh bị dị hình, dị tật, nói ngọng, nói lắp; điểm sàn của Bộ",https://diemthi.vnexpress.net/tra-cuu-dai-hoc/loadbenchmark/id/423/year/2026/sortby/1/block_name/-1,Trường Đại học Sư phạm Hà Nội,Hà Nội,2026,22.85,confirmed_2_sources,2,160.0,,,missing,Sư phạm - Giáo dục,train
SPH:7810103,SPH,7810103,Quản trị dịch vụ du lịch và lữ hành,7810103,du_lich,standard,,D14;C00;X70;D01,D14,,https://diemthi.vnexpress.net/tra-cuu-dai-hoc/loadbenchmark/id/423/year/2026/sortby/1/block_name/-1,Trường Đại học Sư phạm Hà Nội,Hà Nội,2026,23.77,confirmed_2_sources,2,150.0,,,missing,Du lịch - Khách sạn - Logistics - Hàng không - Dịch vụ,train
SPK:7140231V,SPK,7140231V,Sư phạm Tiếng Anh,7140231,su_pham,standard,,D01;D09;D10;X26,D01,"Học bằng tiếng Anh (thường cần trình độ tiếng Anh tốt, có thể yêu cầu IELTS/chứng chỉ khi nhập học) | Sư phạm: không nhận thí sinh bị dị hình, dị tật, nói ngọng, nói lắp; điểm sàn của Bộ",https://diemthi.vnexpress.net/tra-cuu-dai-hoc/loadbenchmark/id/290/year/2026/sortby/1/block_name/-1,Trường Đại học Sư phạm Kỹ thuật tp. Hồ Chí Minh,TP. Hồ Chí Minh,2026,26.42,confirmed_2_sources,3,,,,missing,Sư phạm - Giáo dục,train
SPK:7140246V,SPK,7140246V,Sư phạm Công nghệ,7140246,su_pham,standard,,A00;A01;C01;X07;X08;D01,A00,"Sư phạm: không nhận thí sinh bị dị hình, dị tật, nói ngọng, nói lắp; điểm sàn của Bộ",https://diemthi.vnexpress.net/tra-cuu-dai-hoc/loadbenchmark/id/290/year/2026/sortby/1/block_name/-1,Trường Đại học Sư phạm Kỹ thuật tp. Hồ Chí Minh,TP. Hồ Chí Minh,2026,23.59,confirmed_2_sources,3,,,,missing,Sư phạm - Giáo dục,train
SPK:7220201V,SPK,7220201V,Ngôn ngữ Anh,7220201,ngon_ngu,standard,,D01;D09;D10;X26,D01,,https://diemthi.vnexpress.net/tra-cuu-dai-hoc/loadbenchmark/id/290/year/2026/sortby/1/block_name/-1,Trường Đại học Sư phạm Kỹ thuật tp. Hồ Chí Minh,TP. Hồ Chí Minh,2026,21.05,confirmed_2_sources,3,,,,missing,Ngôn ngữ - Văn hóa - Quốc tế học,train
SPK:7310403BP,SPK,7310403BP,"Tâm lý học giáo dục (đào tạo bằng tiếng Việt, đào tạo nguồn nhân lực cho tỉnh Bình Phước cũ)",7310403,su_pham,standard,,C00;X70;D14;X74;D01;X78,C00,"Sư phạm: không nhận thí sinh bị dị hình, dị tật, nói ngọng, nói lắp; điểm sàn của Bộ",https://diemthi.vnexpress.net/tra-cuu-dai-hoc/loadbenchmark/id/290/year/2026/sortby/1/block_name/-1,Trường Đại học Sư phạm Kỹ thuật tp. Hồ Chí Minh,TP. Hồ Chí Minh,2026,19.1,confirmed_2_sources,1,,,,missing,Sư phạm - Giáo dục,train
SPK:7310403V,SPK,7310403V,Tâm lý học giáo dục,7310403,su_pham,standard,,C00;X70;D14;X74;D01;X78,C00,"Sư phạm: không nhận thí sinh bị dị hình, dị tật, nói ngọng, nói lắp; điểm sàn của Bộ",https://diemthi.vnexpress.net/tra-cuu-dai-hoc/loadbenchmark/id/290/year/2026/sortby/1/block_name/-1,Trường Đại học Sư phạm Kỹ thuật tp. Hồ Chí Minh,TP. Hồ Chí Minh,2026,19.4,confirmed_2_sources,3,,,,missing,Sư phạm - Giáo dục,train
SPK:7320106V,SPK,7320106V,Công nghệ truyền thông (Truyền thông số và Công nghệ đa phương tiện),7320106,bao_chi,standard,,C03;X02;D01;X26,C03,,https://diemthi.vnexpress.net/tra-cuu-dai-hoc/loadbenchmark/id/290/year/2026/sortby/1/block_name/-1,Trường Đại học Sư phạm Kỹ thuật tp. Hồ Chí Minh,TP. Hồ Chí Minh,2026,23.75,confirmed_2_sources,2,,,,missing,Báo chí - Truyền thông - Quan hệ công chúng,train
SPK:7340101V,SPK,7340101V,Quản trị kinh doanh,7340101,kinh_te,standard,,A00;A01;C01;D01,A00,,https://diemthi.vnexpress.net/tra-cuu-dai-hoc/loadbenchmark/id/290/year/2026/sortby/1/block_name/-1,Trường Đại học Sư phạm Kỹ thuật tp. Hồ Chí Minh,TP. Hồ Chí Minh,2026,19.9,confirmed_2_sources,2,,,,missing,Kinh tế - Kinh doanh - Quản trị - Marketing - Thương mại,train
SPK:7340120A,SPK,7340120A,Kinh doanh quốc tế,7340120,kinh_te,international,,A00;A01;C01;D01,A00,"Học bằng tiếng Anh (thường cần trình độ tiếng Anh tốt, có thể yêu cầu IELTS/chứng chỉ khi nhập học) | Chương trình liên kết/quốc tế: học phí cao hơn chương trình chuẩn",https://diemthi.vnexpress.net/tra-cuu-dai-hoc/loadbenchmark/id/290/year/2026/sortby/1/block_name/-1,Trường Đại học Sư phạm Kỹ thuật tp. Hồ Chí Minh,TP. Hồ Chí Minh,2026,18.0,confirmed_2_sources,1,,,,missing,Kinh tế - Kinh doanh - Quản trị - Marketing - Thương mại,train
SPK:7340120V,SPK,7340120V,Kinh doanh quốc tế,7340120,kinh_te,international,,A00;A01;C01;D01,A00,"Học bằng tiếng Anh (thường cần trình độ tiếng Anh tốt, có thể yêu cầu IELTS/chứng chỉ khi nhập học) | Chương trình liên kết/quốc tế: học phí cao hơn chương trình chuẩn",https://diemthi.vnexpress.net/tra-cuu-dai-hoc/loadbenchmark/id/290/year/2026/sortby/1/block_name/-1,Trường Đại học Sư phạm Kỹ thuật tp. Hồ Chí Minh,TP. Hồ Chí Minh,2026,22.0,confirmed_2_sources,3,,,,missing,Kinh tế - Kinh doanh - Quản trị - Marketing - Thương mại,train
SPK:7340122A,SPK,7340122A,Thương mại điện tử (đào tạo bằng tiếng Anh),7340122,ngon_ngu,standard,,A00;A01;C01;D01,A00,"Học bằng tiếng Anh (thường cần trình độ tiếng Anh tốt, có thể yêu cầu IELTS/chứng chỉ khi nhập học)",https://diemthi.vnexpress.net/tra-cuu-dai-hoc/loadbenchmark/id/290/year/2026/sortby/1/block_name/-1,Trường Đại học Sư phạm Kỹ thuật tp. Hồ Chí Minh,TP. Hồ Chí Minh,2026,18.0,confirmed_2_sources,1,,,,missing,Ngôn ngữ - Văn hóa - Quốc tế học,train
SPK:7340122V,SPK,7340122V,Thương mại điện tử,7340122,kinh_te,standard,,A00;A01;C01;D01,A00,,https://diemthi.vnexpress.net/tra-cuu-dai-hoc/loadbenchmark/id/290/year/2026/sortby/1/block_name/-1,Trường Đại học Sư phạm Kỹ thuật tp. Hồ Chí Minh,TP. Hồ Chí Minh,2026,23.5,confirmed_2_sources,3,,,,missing,Kinh tế - Kinh doanh - Quản trị - Marketing - Thương mại,train
SPK:7340205V,SPK,7340205V,Công nghệ tài chính,7340205,tai_chinh,standard,,A00;A01;C01;D01,A00,,https://diemthi.vnexpress.net/tra-cuu-dai-hoc/loadbenchmark/id/290/year/2026/sortby/1/block_name/-1,Trường Đại học Sư phạm Kỹ thuật tp. Hồ Chí Minh,TP. Hồ Chí Minh,2026,22.01,confirmed_2_sources,2,,,,missing,Tài chính - Ngân hàng - Kế toán - Kiểm toán - Bảo hiểm,train
SPK:7340301V,SPK,7340301V,Kế toán,7340301,tai_chinh,standard,,A00;A01;C01;D01,A00,,https://diemthi.vnexpress.net/tra-cuu-dai-hoc/loadbenchmark/id/290/year/2026/sortby/1/block_name/-1,Trường Đại học Sư phạm Kỹ thuật tp. Hồ Chí Minh,TP. Hồ Chí Minh,2026,20.5,confirmed_2_sources,3,,,,missing,Tài chính - Ngân hàng - Kế toán - Kiểm toán - Bảo hiểm,train
SPK:7380101V,SPK,7380101V,Luật,7380101,luat,standard,,C00;X70;D14;D01;X74;X78;A00;A01,C00,,https://diemthi.vnexpress.net/tra-cuu-dai-hoc/loadbenchmark/id/290/year/2026/sortby/1/block_name/-1,Trường Đại học Sư phạm Kỹ thuật tp. Hồ Chí Minh,TP. Hồ Chí Minh,2026,20.5,confirmed_2_sources,3,,,,missing,Luật,train
SPK:7480108A,SPK,7480108A,Công nghệ kỹ thuật máy tinh (hệ ('hất lượng cao ticng Anh),7480108,cntt,standard,,A00;A01;C01;D01,A00,,https://diemthi.vnexpress.net/tra-cuu-dai-hoc/loadbenchmark/id/290/year/2026/sortby/1/block_name/-1,Trường Đại học Sư phạm Kỹ thuật tp. Hồ Chí Minh,TP. Hồ Chí Minh,2026,24.3,confirmed_2_sources,8,,,,missing,Công nghệ thông tin - Máy tính - Dữ liệu - AI,train
SPK:7480108V,SPK,7480108V,Công nghệ kỹ thuật máy tính,7480108,cntt,standard,,A00;A01;C01;D01,A00,,https://diemthi.vnexpress.net/tra-cuu-dai-hoc/loadbenchmark/id/290/year/2026/sortby/1/block_name/-1,Trường Đại học Sư phạm Kỹ thuật tp. Hồ Chí Minh,TP. Hồ Chí Minh,2026,24.97,confirmed_2_sources,3,,,,missing,Công nghệ thông tin - Máy tính - Dữ liệu - AI,train
SPK:7480118V,SPK,7480118V,Hệ thống những và IoT,7480118,cntt,standard,,A00;A01;C01;D01,A00,,https://diemthi.vnexpress.net/tra-cuu-dai-hoc/loadbenchmark/id/290/year/2026/sortby/1/block_name/-1,Trường Đại học Sư phạm Kỹ thuật tp. Hồ Chí Minh,TP. Hồ Chí Minh,2026,25.2,confirmed_2_sources,3,,,,missing,Công nghệ thông tin - Máy tính - Dữ liệu - AI,train
SPK:7480201A,SPK,7480201A,Công nghệ thông tin,7480201,cntt,standard,,A00;A01;C01;D01;X06,A00,,https://diemthi.vnexpress.net/tra-cuu-dai-hoc/loadbenchmark/id/290/year/2026/sortby/1/block_name/-1,Trường Đại học Sư phạm Kỹ thuật tp. Hồ Chí Minh,TP. Hồ Chí Minh,2026,21.3,confirmed_2_sources,9,,,,missing,Công nghệ thông tin - Máy tính - Dữ liệu - AI,train
SPK:7480201N,SPK,7480201N,Công nghệ thông tin,7480201,cntt,standard,,A00;A01;C01;D01;X06,A00,,https://diemthi.vnexpress.net/tra-cuu-dai-hoc/loadbenchmark/id/290/year/2026/sortby/1/block_name/-1,Trường Đại học Sư phạm Kỹ thuật tp. Hồ Chí Minh,TP. Hồ Chí Minh,2026,22.0,confirmed_2_sources,3,,,,missing,Công nghệ thông tin - Máy tính - Dữ liệu - AI,train
SPK:7480201V,SPK,7480201V,Công nghệ thông tin,7480201,cntt,standard,,A00;A01;C01;D01;X06,A00,,https://diemthi.vnexpress.net/tra-cuu-dai-hoc/loadbenchmark/id/290/year/2026/sortby/1/block_name/-1,Trường Đại học Sư phạm Kỹ thuật tp. Hồ Chí Minh,TP. Hồ Chí Minh,2026,24.01,confirmed_2_sources,3,,,,missing,Công nghệ thông tin - Máy tính - Dữ liệu - AI,train
SPK:7480202V,SPK,7480202V,An toàn thông tin,7480202,cntt,standard,,A00;A01;C01;D01;X06,A00,,https://diemthi.vnexpress.net/tra-cuu-dai-hoc/loadbenchmark/id/290/year/2026/sortby/1/block_name/-1,Trường Đại học Sư phạm Kỹ thuật tp. Hồ Chí Minh,TP. Hồ Chí Minh,2026,24.2,confirmed_2_sources,3,,,,missing,Công nghệ thông tin - Máy tính - Dữ liệu - AI,train
SPK:7480203A,SPK,7480203A,Kỹ thuật dữ liệu (đào tạo bằng tiếng Anh),7480203,cntt,standard,,A00;A01;C01;D01;X06,A00,"Học bằng tiếng Anh (thường cần trình độ tiếng Anh tốt, có thể yêu cầu IELTS/chứng chỉ khi nhập học)",https://diemthi.vnexpress.net/tra-cuu-dai-hoc/loadbenchmark/id/290/year/2026/sortby/1/block_name/-1,Trường Đại học Sư phạm Kỹ thuật tp. Hồ Chí Minh,TP. Hồ Chí Minh,2026,20.25,confirmed_2_sources,1,,,,missing,Công nghệ thông tin - Máy tính - Dữ liệu - AI,train
SPK:7480203V,SPK,7480203V,Kỹ thuật dữ liệu,7480203,cntt,standard,,A00;A01;C01;D01;X06,A00,,https://diemthi.vnexpress.net/tra-cuu-dai-hoc/loadbenchmark/id/290/year/2026/sortby/1/block_name/-1,Trường Đại học Sư phạm Kỹ thuật tp. Hồ Chí Minh,TP. Hồ Chí Minh,2026,24.75,confirmed_2_sources,3,,,,missing,Công nghệ thông tin - Máy tính - Dữ liệu - AI,train
SPK:7510102A,SPK,7510102A,Cóng nghệ kỹ thuật công trình xây dựng (hệ Chất lượng cao tiếng Anh),7510102,ngon_ngu,high_quality,,A00;A01;C01;D01,A00,"Học bằng tiếng Anh (thường cần trình độ tiếng Anh tốt, có thể yêu cầu IELTS/chứng chỉ khi nhập học)",https://diemthi.vnexpress.net/tra-cuu-dai-hoc/loadbenchmark/id/290/year/2026/sortby/1/block_name/-1,Trường Đại học Sư phạm Kỹ thuật tp. Hồ Chí Minh,TP. Hồ Chí Minh,2026,20.93,confirmed_2_sources,8,,,,missing,Ngôn ngữ - Văn hóa - Quốc tế học,train
SPK:7510102V,SPK,7510102V,Công nghệ kỹ thuật công trình xây dựng,7510102,xay_dung,standard,,A00;A01;C01;D01,A00,,https://diemthi.vnexpress.net/tra-cuu-dai-hoc/loadbenchmark/id/290/year/2026/sortby/1/block_name/-1,Trường Đại học Sư phạm Kỹ thuật tp. Hồ Chí Minh,TP. Hồ Chí Minh,2026,23.32,confirmed_2_sources,3,,,,missing,Kiến trúc - Xây dựng - Giao thông - Quy hoạch,train
SPK:7510106V,SPK,7510106V,Hệ thống kỹ thuật công trình xây dựng,7510106,xay_dung,standard,,A00;A01;C01;D01,A00,,https://diemthi.vnexpress.net/tra-cuu-dai-hoc/loadbenchmark/id/290/year/2026/sortby/1/block_name/-1,Trường Đại học Sư phạm Kỹ thuật tp. Hồ Chí Minh,TP. Hồ Chí Minh,2026,22.57,confirmed_2_sources,3,,,,missing,Kiến trúc - Xây dựng - Giao thông - Quy hoạch,train
SPK:7510201A,SPK,7510201A,Công nghệ kỳ thuật cơ khi (hệ Chát lượng cao tiếng Anh),7510201,ngon_ngu,high_quality,,A00;A01;C01;D01,A00,"Học bằng tiếng Anh (thường cần trình độ tiếng Anh tốt, có thể yêu cầu IELTS/chứng chỉ khi nhập học)",https://diemthi.vnexpress.net/tra-cuu-dai-hoc/loadbenchmark/id/290/year/2026/sortby/1/block_name/-1,Trường Đại học Sư phạm Kỹ thuật tp. Hồ Chí Minh,TP. Hồ Chí Minh,2026,23.95,confirmed_2_sources,9,,,,missing,Ngôn ngữ - Văn hóa - Quốc tế học,train
SPK:7510201TA,SPK,7510201TA,Công nghệ kỹ thuật cơ khí (CTĐT bằng Tiếng Anh),7510201,ngon_ngu,standard,,A00;A01;C01;D01,A00,"Học bằng tiếng Anh (thường cần trình độ tiếng Anh tốt, có thể yêu cầu IELTS/chứng chỉ khi nhập học)",https://diemthi.vnexpress.net/tra-cuu-dai-hoc/loadbenchmark/id/290/year/2026/sortby/1/block_name/-1,Trường Đại học Sư phạm Kỹ thuật tp. Hồ Chí Minh,TP. Hồ Chí Minh,2026,24.75,confirmed_2_sources,1,,,,missing,Ngôn ngữ - Văn hóa - Quốc tế học,train
SPK:7510201V,SPK,7510201V,Công nghệ kỹ thuật cơ khí,7510201,ky_thuat,standard,,A00;A01;C01;D01,A00,,https://diemthi.vnexpress.net/tra-cuu-dai-hoc/loadbenchmark/id/290/year/2026/sortby/1/block_name/-1,Trường Đại học Sư phạm Kỹ thuật tp. Hồ Chí Minh,TP. Hồ Chí Minh,2026,25.78,confirmed_2_sources,3,,,,missing,"Kỹ thuật - Công nghệ (cơ khí, điện, điện tử, ô tô, tự động hóa, vật liệu)",train
SPK:7510202A,SPK,7510202A,Công nghệ chc tạo máy (hệ Chắt lượng cao tiếng Anh),7510202,ngon_ngu,high_quality,,A00;A01;C01;D01,A00,"Học bằng tiếng Anh (thường cần trình độ tiếng Anh tốt, có thể yêu cầu IELTS/chứng chỉ khi nhập học)",https://diemthi.vnexpress.net/tra-cuu-dai-hoc/loadbenchmark/id/290/year/2026/sortby/1/block_name/-1,Trường Đại học Sư phạm Kỹ thuật tp. Hồ Chí Minh,TP. Hồ Chí Minh,2026,22.88,confirmed_2_sources,9,,,,missing,Ngôn ngữ - Văn hóa - Quốc tế học,train
SPK:7510202N,SPK,7510202N,Công nghệ chế tạo máy (Việt - Nhật),7510202,ky_thuat,standard,,A00;A01;C01;D01,A00,,https://diemthi.vnexpress.net/tra-cuu-dai-hoc/loadbenchmark/id/290/year/2026/sortby/1/block_name/-1,Trường Đại học Sư phạm Kỹ thuật tp. Hồ Chí Minh,TP. Hồ Chí Minh,2026,23.35,confirmed_2_sources,8,,,,missing,"Kỹ thuật - Công nghệ (cơ khí, điện, điện tử, ô tô, tự động hóa, vật liệu)",train
SPK:7510202V,SPK,7510202V,Công nghệ chế tạo máy,7510202,ky_thuat,standard,,A00;A01;C01;D01,A00,,https://diemthi.vnexpress.net/tra-cuu-dai-hoc/loadbenchmark/id/290/year/2026/sortby/1/block_name/-1,Trường Đại học Sư phạm Kỹ thuật tp. Hồ Chí Minh,TP. Hồ Chí Minh,2026,24.75,confirmed_2_sources,3,,,,missing,"Kỹ thuật - Công nghệ (cơ khí, điện, điện tử, ô tô, tự động hóa, vật liệu)",train
SPK:7510203A,SPK,7510203A,Công nghệ kỹ thuật cơ điện tử (hệ chất lượng cao tiếng Anh),7510203,ngon_ngu,high_quality,,A00;A01;C01;D01,A00,"Học bằng tiếng Anh (thường cần trình độ tiếng Anh tốt, có thể yêu cầu IELTS/chứng chỉ khi nhập học)",https://diemthi.vnexpress.net/tra-cuu-dai-hoc/loadbenchmark/id/290/year/2026/sortby/1/block_name/-1,Trường Đại học Sư phạm Kỹ thuật tp. Hồ Chí Minh,TP. Hồ Chí Minh,2026,24.9,disputed,8,,,,missing,Ngôn ngữ - Văn hóa - Quốc tế học,train
SPK:7510203V,SPK,7510203V,Công nghệ kỹ thuật cơ điện tử,7510203,ky_thuat,standard,,A00;A01;C01;D01,A00,,https://diemthi.vnexpress.net/tra-cuu-dai-hoc/loadbenchmark/id/290/year/2026/sortby/1/block_name/-1,Trường Đại học Sư phạm Kỹ thuật tp. Hồ Chí Minh,TP. Hồ Chí Minh,2026,26.09,confirmed_2_sources,3,,,,missing,"Kỹ thuật - Công nghệ (cơ khí, điện, điện tử, ô tô, tự động hóa, vật liệu)",train
SPK:7510205A,SPK,7510205A,Công nghệ kỳ thuật ỏ tô (hệ Chat lượng cao ticng Anh),7510205,ky_thuat,high_quality,,A00;A01;C01;D01,A00,,https://diemthi.vnexpress.net/tra-cuu-dai-hoc/loadbenchmark/id/290/year/2026/sortby/1/block_name/-1,Trường Đại học Sư phạm Kỹ thuật tp. Hồ Chí Minh,TP. Hồ Chí Minh,2026,23.0,confirmed_2_sources,9,,,,missing,"Kỹ thuật - Công nghệ (cơ khí, điện, điện tử, ô tô, tự động hóa, vật liệu)",train
SPK:7510205N,SPK,7510205N,Công nghệ kỹ thuật ô tô,7510205,ky_thuat,standard,,A00;A01;C01;D01,A00,,https://diemthi.vnexpress.net/tra-cuu-dai-hoc/loadbenchmark/id/290/year/2026/sortby/1/block_name/-1,Trường Đại học Sư phạm Kỹ thuật tp. Hồ Chí Minh,TP. Hồ Chí Minh,2026,23.4,confirmed_2_sources,3,,,,missing,"Kỹ thuật - Công nghệ (cơ khí, điện, điện tử, ô tô, tự động hóa, vật liệu)",train
SPK:7510205V,SPK,7510205V,Công nghệ kỹ thuật ô tô,7510205,ky_thuat,standard,,A00;A01;C01;D01,A00,,https://diemthi.vnexpress.net/tra-cuu-dai-hoc/loadbenchmark/id/290/year/2026/sortby/1/block_name/-1,Trường Đại học Sư phạm Kỹ thuật tp. Hồ Chí Minh,TP. Hồ Chí Minh,2026,24.57,confirmed_2_sources,3,,,,missing,"Kỹ thuật - Công nghệ (cơ khí, điện, điện tử, ô tô, tự động hóa, vật liệu)",train
SPK:7510206A,SPK,7510206A,Công nghệ kỹ thuật nhiệt (hệ Chắt lượng cao tiếng Anh),7510206,ngon_ngu,high_quality,,A00;A01;C01;D01,A00,"Học bằng tiếng Anh (thường cần trình độ tiếng Anh tốt, có thể yêu cầu IELTS/chứng chỉ khi nhập học)",https://diemthi.vnexpress.net/tra-cuu-dai-hoc/loadbenchmark/id/290/year/2026/sortby/1/block_name/-1,Trường Đại học Sư phạm Kỹ thuật tp. Hồ Chí Minh,TP. Hồ Chí Minh,2026,23.55,confirmed_2_sources,4,,,,missing,Ngôn ngữ - Văn hóa - Quốc tế học,train
SPK:7510206V,SPK,7510206V,Công nghệ kỹ thuật nhiệt,7510206,ky_thuat,standard,,A00;A01;C01;D01,A00,,https://diemthi.vnexpress.net/tra-cuu-dai-hoc/loadbenchmark/id/290/year/2026/sortby/1/block_name/-1,Trường Đại học Sư phạm Kỹ thuật tp. Hồ Chí Minh,TP. Hồ Chí Minh,2026,25.1,confirmed_2_sources,3,,,,missing,"Kỹ thuật - Công nghệ (cơ khí, điện, điện tử, ô tô, tự động hóa, vật liệu)",train
SPK:7510208V,SPK,7510208V,Năng lượng tái tạo,7510208,ky_thuat,standard,,A00;A01;C01;D01,A00,,https://diemthi.vnexpress.net/tra-cuu-dai-hoc/loadbenchmark/id/290/year/2026/sortby/1/block_name/-1,Trường Đại học Sư phạm Kỹ thuật tp. Hồ Chí Minh,TP. Hồ Chí Minh,2026,24.21,confirmed_2_sources,3,,,,missing,"Kỹ thuật - Công nghệ (cơ khí, điện, điện tử, ô tô, tự động hóa, vật liệu)",train
SPK:7510209V,SPK,7510209V,Robot và trí tuệ nhân tạo,7510209,cntt,standard,,A00;A01;C01;D01,A00,,https://diemthi.vnexpress.net/tra-cuu-dai-hoc/loadbenchmark/id/290/year/2026/sortby/1/block_name/-1,Trường Đại học Sư phạm Kỹ thuật tp. Hồ Chí Minh,TP. Hồ Chí Minh,2026,25.33,confirmed_2_sources,3,,,,missing,Công nghệ thông tin - Máy tính - Dữ liệu - AI,train
SPK:7510301A,SPK,7510301A,Công nghệ kỹ thuật điện - Điện tử (hệ Chất lượng cao tiếng Anh),7510301,ngon_ngu,high_quality,,A00;A01;C01;D01,A00,"Học bằng tiếng Anh (thường cần trình độ tiếng Anh tốt, có thể yêu cầu IELTS/chứng chỉ khi nhập học)",https://diemthi.vnexpress.net/tra-cuu-dai-hoc/loadbenchmark/id/290/year/2026/sortby/1/block_name/-1,Trường Đại học Sư phạm Kỹ thuật tp. Hồ Chí Minh,TP. Hồ Chí Minh,2026,24.55,confirmed_2_sources,8,,,,missing,Ngôn ngữ - Văn hóa - Quốc tế học,train
SPK:7510301V,SPK,7510301V,"Công nghệ kỹ thuật điện, điện tử",7510301,ky_thuat,standard,,A00;A01;C01;D01,A00,,https://diemthi.vnexpress.net/tra-cuu-dai-hoc/loadbenchmark/id/290/year/2026/sortby/1/block_name/-1,Trường Đại học Sư phạm Kỹ thuật tp. Hồ Chí Minh,TP. Hồ Chí Minh,2026,25.93,confirmed_2_sources,3,,,,missing,"Kỹ thuật - Công nghệ (cơ khí, điện, điện tử, ô tô, tự động hóa, vật liệu)",train
SPK:7510302A,SPK,7510302A,Công nghệ kỷ thuật Diện từ - Viễn thông (hệ Chất lưựng cao tiếng Anh),7510302,ngon_ngu,standard,,A00;A01;C01;D01,A00,"Học bằng tiếng Anh (thường cần trình độ tiếng Anh tốt, có thể yêu cầu IELTS/chứng chỉ khi nhập học)",https://diemthi.vnexpress.net/tra-cuu-dai-hoc/loadbenchmark/id/290/year/2026/sortby/1/block_name/-1,Trường Đại học Sư phạm Kỹ thuật tp. Hồ Chí Minh,TP. Hồ Chí Minh,2026,24.0,confirmed_2_sources,8,,,,missing,Ngôn ngữ - Văn hóa - Quốc tế học,train
SPK:7510302N,SPK,7510302N,"Công nghệ kỹ thuật điện tử, viễn thông (Việt - Nhật)",7510302,ky_thuat,standard,,A00;A01;C01;D01,A00,,https://diemthi.vnexpress.net/tra-cuu-dai-hoc/loadbenchmark/id/290/year/2026/sortby/1/block_name/-1,Trường Đại học Sư phạm Kỹ thuật tp. Hồ Chí Minh,TP. Hồ Chí Minh,2026,23.55,confirmed_2_sources,8,,,,missing,"Kỹ thuật - Công nghệ (cơ khí, điện, điện tử, ô tô, tự động hóa, vật liệu)",train
SPK:7510302V,SPK,7510302V,Công nghệ điện tử - viễn thông,7510302,ky_thuat,standard,,A00;A01;C01;D01,A00,,https://diemthi.vnexpress.net/tra-cuu-dai-hoc/loadbenchmark/id/290/year/2026/sortby/1/block_name/-1,Trường Đại học Sư phạm Kỹ thuật tp. Hồ Chí Minh,TP. Hồ Chí Minh,2026,25.53,confirmed_2_sources,3,,,,missing,"Kỹ thuật - Công nghệ (cơ khí, điện, điện tử, ô tô, tự động hóa, vật liệu)",train
SPK:7510302VM,SPK,7510302VM,Kỹ thuật thiết kế vi mạch (thuộc ngành CNKT Điện tử - viễn thông),7510302,cntt,standard,,A00;A01;C01,A00,,https://diemthi.vnexpress.net/tra-cuu-dai-hoc/loadbenchmark/id/290/year/2026/sortby/1/block_name/-1,Trường Đại học Sư phạm Kỹ thuật tp. Hồ Chí Minh,TP. Hồ Chí Minh,2026,26.12,confirmed_2_sources,1,,,,missing,Công nghệ thông tin - Máy tính - Dữ liệu - AI,train
SPK:7510303A,SPK,7510303A,Công nghệ kỹ thuật điều khiển và tự động hoá (hệ chất lượng cao tiếng Anh),7510303,ngon_ngu,high_quality,,A00;A01;C01;D01,A00,"Học bằng tiếng Anh (thường cần trình độ tiếng Anh tốt, có thể yêu cầu IELTS/chứng chỉ khi nhập học)",https://diemthi.vnexpress.net/tra-cuu-dai-hoc/loadbenchmark/id/290/year/2026/sortby/1/block_name/-1,Trường Đại học Sư phạm Kỹ thuật tp. Hồ Chí Minh,TP. Hồ Chí Minh,2026,25.6,confirmed_2_sources,8,,,,missing,Ngôn ngữ - Văn hóa - Quốc tế học,train
SPK:7510303V,SPK,7510303V,Công nghệ kỹ thuật điều khiển và tự động hóa,7510303,ky_thuat,standard,,A00;A01;C01;D01,A00,,https://diemthi.vnexpress.net/tra-cuu-dai-hoc/loadbenchmark/id/290/year/2026/sortby/1/block_name/-1,Trường Đại học Sư phạm Kỹ thuật tp. Hồ Chí Minh,TP. Hồ Chí Minh,2026,26.83,confirmed_2_sources,3,,,,missing,"Kỹ thuật - Công nghệ (cơ khí, điện, điện tử, ô tô, tự động hóa, vật liệu)",train
SPK:7510401A,SPK,7510401A,Công nghệ Kỹ thuật hóa học (hệ chất lượng cao tiếng Anh),7510401,ngon_ngu,high_quality,,A00;D07;B00;C02,A00,"Học bằng tiếng Anh (thường cần trình độ tiếng Anh tốt, có thể yêu cầu IELTS/chứng chỉ khi nhập học)",https://diemthi.vnexpress.net/tra-cuu-dai-hoc/loadbenchmark/id/290/year/2026/sortby/1/block_name/-1,Trường Đại học Sư phạm Kỹ thuật tp. Hồ Chí Minh,TP. Hồ Chí Minh,2026,23.46,confirmed_2_sources,2,,,,missing,Ngôn ngữ - Văn hóa - Quốc tế học,train
SPK:7510401V,SPK,7510401V,Công nghệ kỹ thuật hóa học,7510401,sinh_hoa,standard,,A00;B00;C02;D07,A00,,https://diemthi.vnexpress.net/tra-cuu-dai-hoc/loadbenchmark/id/290/year/2026/sortby/1/block_name/-1,Trường Đại học Sư phạm Kỹ thuật tp. Hồ Chí Minh,TP. Hồ Chí Minh,2026,25.25,confirmed_2_sources,3,,,,missing,Sinh học - Hóa học - Công nghệ sinh học - Thực phẩm,train
SPK:7510402A,SPK,7510402A,Công nghệ vật liệu (hệ chất lượng cao tiếng Anh),7510402,ngon_ngu,high_quality,,A00;B00;A02;A01;D07,A00,"Học bằng tiếng Anh (thường cần trình độ tiếng Anh tốt, có thể yêu cầu IELTS/chứng chỉ khi nhập học)",https://diemthi.vnexpress.net/tra-cuu-dai-hoc/loadbenchmark/id/290/year/2026/sortby/1/block_name/-1,Trường Đại học Sư phạm Kỹ thuật tp. Hồ Chí Minh,TP. Hồ Chí Minh,2026,21.3,confirmed_2_sources,2,,,,missing,Ngôn ngữ - Văn hóa - Quốc tế học,train
SPK:7510402V,SPK,7510402V,Công nghệ vật liệu,7510402,ky_thuat,standard,,A00;B00;A01;A02;D07,A00,,https://diemthi.vnexpress.net/tra-cuu-dai-hoc/loadbenchmark/id/290/year/2026/sortby/1/block_name/-1,Trường Đại học Sư phạm Kỹ thuật tp. Hồ Chí Minh,TP. Hồ Chí Minh,2026,24.84,confirmed_2_sources,3,,,,missing,"Kỹ thuật - Công nghệ (cơ khí, điện, điện tử, ô tô, tự động hóa, vật liệu)",train
SPK:7510406A,SPK,7510406A,Công nghệ kĩ thuật môi trường,7510406,nong_lam_mt,standard,,A00;D07;B00;C02,A00,,https://diemthi.vnexpress.net/tra-cuu-dai-hoc/loadbenchmark/id/290/year/2026/sortby/1/block_name/-1,Trường Đại học Sư phạm Kỹ thuật tp. Hồ Chí Minh,TP. Hồ Chí Minh,2026,21.6,confirmed_2_sources,1,,,,missing,Nông - Lâm - Thủy sản - Môi trường - Tài nguyên,train
SPK:7510406V,SPK,7510406V,Công nghệ kỹ thuật môi trường,7510406,nong_lam_mt,standard,,A00;B00;C02;D07,A00,,https://diemthi.vnexpress.net/tra-cuu-dai-hoc/loadbenchmark/id/290/year/2026/sortby/1/block_name/-1,Trường Đại học Sư phạm Kỹ thuật tp. Hồ Chí Minh,TP. Hồ Chí Minh,2026,21.6,confirmed_2_sources,3,,,,missing,Nông - Lâm - Thủy sản - Môi trường - Tài nguyên,train
SPK:7510601A,SPK,7510601A,Quản lý Công nghiệp (hệ Chất lượng cao tiếng Anh),7510601,ngon_ngu,high_quality,,A00;A01;C01;D01,A00,"Học bằng tiếng Anh (thường cần trình độ tiếng Anh tốt, có thể yêu cầu IELTS/chứng chỉ khi nhập học)",https://diemthi.vnexpress.net/tra-cuu-dai-hoc/loadbenchmark/id/290/year/2026/sortby/1/block_name/-1,Trường Đại học Sư phạm Kỹ thuật tp. Hồ Chí Minh,TP. Hồ Chí Minh,2026,21.8,confirmed_2_sources,9,,,,missing,Ngôn ngữ - Văn hóa - Quốc tế học,train
SPK:7510601BP,SPK,7510601BP,Quản lý công nghiệp (phân hiệu Bình Phước),7510601,xa_hoi,standard,Bình Phước,A00;A01;C01;D01,A00,Học tại Bình Phước,https://diemthi.vnexpress.net/tra-cuu-dai-hoc/loadbenchmark/id/290/year/2026/sortby/1/block_name/-1,Trường Đại học Sư phạm Kỹ thuật tp. Hồ Chí Minh,TP. Hồ Chí Minh,2026,24.1,confirmed_2_sources,2,,,,missing,Khoa học xã hội - Tâm lý - Nhân văn - Chính trị - Hành chính,train
SPK:7510601V,SPK,7510601V,Quản lý công nghiệp,7510601,xa_hoi,standard,,A00;A01;C01;D01,A00,,https://diemthi.vnexpress.net/tra-cuu-dai-hoc/loadbenchmark/id/290/year/2026/sortby/1/block_name/-1,Trường Đại học Sư phạm Kỹ thuật tp. Hồ Chí Minh,TP. Hồ Chí Minh,2026,24.57,confirmed_2_sources,3,,,,missing,Khoa học xã hội - Tâm lý - Nhân văn - Chính trị - Hành chính,train
SPK:7510605BP,SPK,7510605BP,Logistics và quản lý chuỗi cung ứng (phân hiệu Bình Phước),7510605,du_lich,standard,Bình Phước,A00;A01;C01;D01,A00,Học tại Bình Phước,https://diemthi.vnexpress.net/tra-cuu-dai-hoc/loadbenchmark/id/290/year/2026/sortby/1/block_name/-1,Trường Đại học Sư phạm Kỹ thuật tp. Hồ Chí Minh,TP. Hồ Chí Minh,2026,23.75,confirmed_2_sources,2,,,,missing,Du lịch - Khách sạn - Logistics - Hàng không - Dịch vụ,train
SPK:7510605V,SPK,7510605V,Logistics và quản lý chuỗi cung ứng,7510605,du_lich,standard,,A00;A01;C01;D01,A00,,https://diemthi.vnexpress.net/tra-cuu-dai-hoc/loadbenchmark/id/290/year/2026/sortby/1/block_name/-1,Trường Đại học Sư phạm Kỹ thuật tp. Hồ Chí Minh,TP. Hồ Chí Minh,2026,23.9,confirmed_2_sources,3,,,,missing,Du lịch - Khách sạn - Logistics - Hàng không - Dịch vụ,train
SPK:7510801V,SPK,7510801V,Công nghệ kỹ thuật in,7510801,ky_thuat,standard,,A00;A01;C01;D07;D01,A00,,https://diemthi.vnexpress.net/tra-cuu-dai-hoc/loadbenchmark/id/290/year/2026/sortby/1/block_name/-1,Trường Đại học Sư phạm Kỹ thuật tp. Hồ Chí Minh,TP. Hồ Chí Minh,2026,20.76,confirmed_2_sources,3,,,,missing,"Kỹ thuật - Công nghệ (cơ khí, điện, điện tử, ô tô, tự động hóa, vật liệu)",train
SPK:7520117V,SPK,7520117V,Kỹ thuật công nghiệp,7520117,ky_thuat,standard,,A00;A01;C01;D01,A00,,https://diemthi.vnexpress.net/tra-cuu-dai-hoc/loadbenchmark/id/290/year/2026/sortby/1/block_name/-1,Trường Đại học Sư phạm Kỹ thuật tp. Hồ Chí Minh,TP. Hồ Chí Minh,2026,24.32,confirmed_2_sources,3,,,,missing,"Kỹ thuật - Công nghệ (cơ khí, điện, điện tử, ô tô, tự động hóa, vật liệu)",train
SPK:7520212A,SPK,7520212A,Kỹ thuật Y sinh (hệ chất lượng cao tiếng Anh),7520212,y_duoc,high_quality,,A00;A01;C01;D01,A00,"Học bằng tiếng Anh (thường cần trình độ tiếng Anh tốt, có thể yêu cầu IELTS/chứng chỉ khi nhập học) | Khối sức khỏe: có ngưỡng điểm sàn của Bộ",https://diemthi.vnexpress.net/tra-cuu-dai-hoc/loadbenchmark/id/290/year/2026/sortby/1/block_name/-1,Trường Đại học Sư phạm Kỹ thuật tp. Hồ Chí Minh,TP. Hồ Chí Minh,2026,22.65,confirmed_2_sources,2,,,,missing,Y - Dược - Điều dưỡng - Sức khỏe,train
SPK:7520212V,SPK,7520212V,Kỹ thuật y sinh,7520212,y_duoc,standard,,A00;A01;C01;D01,A00,Khối sức khỏe: có ngưỡng điểm sàn của Bộ,https://diemthi.vnexpress.net/tra-cuu-dai-hoc/loadbenchmark/id/290/year/2026/sortby/1/block_name/-1,Trường Đại học Sư phạm Kỹ thuật tp. Hồ Chí Minh,TP. Hồ Chí Minh,2026,24.88,confirmed_2_sources,3,,,,missing,Y - Dược - Điều dưỡng - Sức khỏe,train
SPK:7520401V,SPK,7520401V,"Vật lý kỹ thuật (định hướng công nghệ bán dẫn và cảm biến, đo lường)",7520401,cntt,standard,,A00;A01;A02;X06,A00,,https://diemthi.vnexpress.net/tra-cuu-dai-hoc/loadbenchmark/id/290/year/2026/sortby/1/block_name/-1,Trường Đại học Sư phạm Kỹ thuật tp. Hồ Chí Minh,TP. Hồ Chí Minh,2026,23.7,confirmed_2_sources,2,,,,missing,Công nghệ thông tin - Máy tính - Dữ liệu - AI,train
SPK:7540101A,SPK,7540101A,Công nghệ Thực phẩm (hệ Chất lượng cao tiếng Anh),7540101,ngon_ngu,high_quality,,A00;D07;B00;C02,A00,"Học bằng tiếng Anh (thường cần trình độ tiếng Anh tốt, có thể yêu cầu IELTS/chứng chỉ khi nhập học)",https://diemthi.vnexpress.net/tra-cuu-dai-hoc/loadbenchmark/id/290/year/2026/sortby/1/block_name/-1,Trường Đại học Sư phạm Kỹ thuật tp. Hồ Chí Minh,TP. Hồ Chí Minh,2026,18.2,confirmed_2_sources,9,,,,missing,Ngôn ngữ - Văn hóa - Quốc tế học,train
SPK:7540101DD,SPK,7540101DD,Khoa học thực phẩm và Dinh dưỡng,7540101,y_duoc,standard,,A00;B00;C02;D07,A00,Khối sức khỏe: có ngưỡng điểm sàn của Bộ,https://diemthi.vnexpress.net/tra-cuu-dai-hoc/loadbenchmark/id/290/year/2026/sortby/1/block_name/-1,Trường Đại học Sư phạm Kỹ thuật tp. Hồ Chí Minh,TP. Hồ Chí Minh,2026,20.5,confirmed_2_sources,2,,,,missing,Y - Dược - Điều dưỡng - Sức khỏe,train
SPK:7540101V,SPK,7540101V,Công nghệ thực phẩm,7540101,sinh_hoa,standard,,A00;B00;C02;D07,A00,,https://diemthi.vnexpress.net/tra-cuu-dai-hoc/loadbenchmark/id/290/year/2026/sortby/1/block_name/-1,Trường Đại học Sư phạm Kỹ thuật tp. Hồ Chí Minh,TP. Hồ Chí Minh,2026,23.3,confirmed_2_sources,3,,,,missing,Sinh học - Hóa học - Công nghệ sinh học - Thực phẩm,train
SPK:7540209V,SPK,7540209V,Công nghệ may,7540209,ky_thuat,standard,,A00;A01;C01;D01,A00,,https://diemthi.vnexpress.net/tra-cuu-dai-hoc/loadbenchmark/id/290/year/2026/sortby/1/block_name/-1,Trường Đại học Sư phạm Kỹ thuật tp. Hồ Chí Minh,TP. Hồ Chí Minh,2026,20.73,confirmed_2_sources,3,,,,missing,"Kỹ thuật - Công nghệ (cơ khí, điện, điện tử, ô tô, tự động hóa, vật liệu)",train
SPK:7549002V,SPK,7549002V,Kỹ thuật gỗ và nội thất,7549002,xay_dung,standard,,A00;A01;C01;D01,A00,,https://diemthi.vnexpress.net/tra-cuu-dai-hoc/loadbenchmark/id/290/year/2026/sortby/1/block_name/-1,Trường Đại học Sư phạm Kỹ thuật tp. Hồ Chí Minh,TP. Hồ Chí Minh,2026,20.0,confirmed_2_sources,3,,,,missing,Kiến trúc - Xây dựng - Giao thông - Quy hoạch,train
SPK:7580205V,SPK,7580205V,Kỹ thuật xây dựng công trình giao thông,7580205,xay_dung,standard,,A00;A01;C01;D01,A00,,https://diemthi.vnexpress.net/tra-cuu-dai-hoc/loadbenchmark/id/290/year/2026/sortby/1/block_name/-1,Trường Đại học Sư phạm Kỹ thuật tp. Hồ Chí Minh,TP. Hồ Chí Minh,2026,22.22,confirmed_2_sources,3,,,,missing,Kiến trúc - Xây dựng - Giao thông - Quy hoạch,train
SPK:7580302A,SPK,7580302A,Quản lý xây dựng CTTT,7580302,xay_dung,standard,,A00;A01;C01;D01,A00,,https://diemthi.vnexpress.net/tra-cuu-dai-hoc/loadbenchmark/id/290/year/2026/sortby/1/block_name/-1,Trường Đại học Sư phạm Kỹ thuật tp. Hồ Chí Minh,TP. Hồ Chí Minh,2026,18.08,confirmed_2_sources,1,,,,missing,Kiến trúc - Xây dựng - Giao thông - Quy hoạch,train
SPK:7580302V,SPK,7580302V,Quản lý xây dựng,7580302,xay_dung,standard,,A00;A01;C01;D01,A00,,https://diemthi.vnexpress.net/tra-cuu-dai-hoc/loadbenchmark/id/290/year/2026/sortby/1/block_name/-1,Trường Đại học Sư phạm Kỹ thuật tp. Hồ Chí Minh,TP. Hồ Chí Minh,2026,22.35,confirmed_2_sources,3,,,,missing,Kiến trúc - Xây dựng - Giao thông - Quy hoạch,train
SPK:7810202V,SPK,7810202V,Quản trị nhà hàng và dịch vụ ăn uống,7810202,du_lich,standard,,A00;A01;C02;D01;D07,A00,,https://diemthi.vnexpress.net/tra-cuu-dai-hoc/loadbenchmark/id/290/year/2026/sortby/1/block_name/-1,Trường Đại học Sư phạm Kỹ thuật tp. Hồ Chí Minh,TP. Hồ Chí Minh,2026,18.0,confirmed_2_sources,3,,,,missing,Du lịch - Khách sạn - Logistics - Hàng không - Dịch vụ,train
SPK:7840110V,SPK,7840110V,Quản lý và vận hành hạ tầng,7840110,xay_dung,standard,,A00;A01;C01;D01,A00,,https://diemthi.vnexpress.net/tra-cuu-dai-hoc/loadbenchmark/id/290/year/2026/sortby/1/block_name/-1,Trường Đại học Sư phạm Kỹ thuật tp. Hồ Chí Minh,TP. Hồ Chí Minh,2026,19.0,confirmed_2_sources,3,,,,missing,Kiến trúc - Xây dựng - Giao thông - Quy hoạch,train
SPK:7850101V,SPK,7850101V,Môi trường và Phát triển bền vững,7850101,nong_lam_mt,standard,,D01;D07;B08;A01;X25,D01,,https://diemthi.vnexpress.net/tra-cuu-dai-hoc/loadbenchmark/id/290/year/2026/sortby/1/block_name/-1,Trường Đại học Sư phạm Kỹ thuật tp. Hồ Chí Minh,TP. Hồ Chí Minh,2026,18.0,confirmed_2_sources,2,,,,missing,Nông - Lâm - Thủy sản - Môi trường - Tài nguyên,train
TLA:TLA101,TLA,TLA101,Kỹ thuật xây dựng công trình thủy,,xay_dung,standard,,A00;A01;D01;D07;C01;C02;X02;X06,A00,,https://diemthi.vnexpress.net/tra-cuu-dai-hoc/loadbenchmark/id/425/year/2026/sortby/1/block_name/-1,Trường Đại học Thuỷ lợi,Hà Nội,2026,19.75,confirmed_2_sources,8,140.0,,,missing,Kiến trúc - Xây dựng - Giao thông - Quy hoạch,train
TLA:TLA102,TLA,TLA102,Kỹ thuật tài nguyên nước,,nong_lam_mt,standard,,A00;A01;D01;D07;C01;C02;X02;X06,A00,,https://diemthi.vnexpress.net/tra-cuu-dai-hoc/loadbenchmark/id/425/year/2026/sortby/1/block_name/-1,Trường Đại học Thuỷ lợi,Hà Nội,2026,19.42,confirmed_2_sources,7,100.0,,,missing,Nông - Lâm - Thủy sản - Môi trường - Tài nguyên,train
TLA:TLA103,TLA,TLA103,Thủy văn học,,xa_hoi,standard,,A00;A01;D01;D07;C01;C02;X02;X06,A00,,https://diemthi.vnexpress.net/tra-cuu-dai-hoc/loadbenchmark/id/425/year/2026/sortby/1/block_name/-1,Trường Đại học Thuỷ lợi,Hà Nội,2026,19.23,confirmed_2_sources,8,120.0,,,missing,Khoa học xã hội - Tâm lý - Nhân văn - Chính trị - Hành chính,train
TLA:TLA104,TLA,TLA104,Kỹ thuật xây dựng,,xay_dung,standard,,A00;A01;D01;D07;C01;C02;X02;X06,A00,,https://diemthi.vnexpress.net/tra-cuu-dai-hoc/loadbenchmark/id/425/year/2026/sortby/1/block_name/-1,Trường Đại học Thuỷ lợi,Hà Nội,2026,20.76,confirmed_2_sources,8,210.0,,,missing,Kiến trúc - Xây dựng - Giao thông - Quy hoạch,train
TLA:TLA105,TLA,TLA105,Kỹ thuật cơ khí,,ky_thuat,standard,,A00;A01;D01;D07;C01;X02;X06;X26,A00,,https://diemthi.vnexpress.net/tra-cuu-dai-hoc/loadbenchmark/id/425/year/2026/sortby/1/block_name/-1,Trường Đại học Thuỷ lợi,Hà Nội,2026,23.49,confirmed_2_sources,8,120.0,,,missing,"Kỹ thuật - Công nghệ (cơ khí, điện, điện tử, ô tô, tự động hóa, vật liệu)",train
TLA:TLA106,TLA,TLA106,Công nghệ thông tin,,cntt,standard,,A00;A01;D01;D07;C01;X02;X06;X26,A00,,https://diemthi.vnexpress.net/tra-cuu-dai-hoc/loadbenchmark/id/425/year/2026/sortby/1/block_name/-1,Trường Đại học Thuỷ lợi,Hà Nội,2026,23.01,confirmed_2_sources,8,120.0,,,missing,Công nghệ thông tin - Máy tính - Dữ liệu - AI,train
TLA:TLA107,TLA,TLA107,Kỷ thuật cắp thoát nước,,ky_thuat,standard,,A00;A01;D01;D07;C01;C02;X02;X06,A00,,https://diemthi.vnexpress.net/tra-cuu-dai-hoc/loadbenchmark/id/425/year/2026/sortby/1/block_name/-1,Trường Đại học Thuỷ lợi,Hà Nội,2026,19.25,confirmed_2_sources,8,100.0,,,missing,"Kỹ thuật - Công nghệ (cơ khí, điện, điện tử, ô tô, tự động hóa, vật liệu)",train
TLA:TLA109,TLA,TLA109,Kỹ thuật môi trường,,nong_lam_mt,standard,,A00;A01;D01;D07;C01;C02;X02;X10,A00,,https://diemthi.vnexpress.net/tra-cuu-dai-hoc/loadbenchmark/id/425/year/2026/sortby/1/block_name/-1,Trường Đại học Thuỷ lợi,Hà Nội,2026,19.75,confirmed_2_sources,8,120.0,,,missing,Nông - Lâm - Thủy sản - Môi trường - Tài nguyên,train
TLA:TLA110,TLA,TLA110,Kỹ thuật cơ sở hạ tầng,,xay_dung,standard,hạ tầng,A00;A01;D01;D07;C01;C02;X02;X06,A00,Học tại hạ tầng,https://diemthi.vnexpress.net/tra-cuu-dai-hoc/loadbenchmark/id/425/year/2026/sortby/1/block_name/-1,Trường Đại học Thuỷ lợi,Hà Nội,2026,20.3,confirmed_2_sources,7,120.0,,,missing,Kiến trúc - Xây dựng - Giao thông - Quy hoạch,train
TLA:TLA111,TLA,TLA111,Công nghệ kỹ thuật xây dựng,,xay_dung,standard,,A00;A01;D01;D07;C01;C02;X02;X06,A00,,https://diemthi.vnexpress.net/tra-cuu-dai-hoc/loadbenchmark/id/425/year/2026/sortby/1/block_name/-1,Trường Đại học Thuỷ lợi,Hà Nội,2026,20.96,confirmed_2_sources,8,150.0,,,missing,Kiến trúc - Xây dựng - Giao thông - Quy hoạch,train
TLA:TLA112,TLA,TLA112,"Kỹ thuật điện (Chuyên ngành: Hệ thống điện, Điện công nghiệp và dân dụng.)",,ky_thuat,standard,,A00;A01;D01;D07;C01;X02;X06;X26,A00,,https://diemthi.vnexpress.net/tra-cuu-dai-hoc/loadbenchmark/id/425/year/2026/sortby/1/block_name/-1,Trường Đại học Thuỷ lợi,Hà Nội,2026,23.26,confirmed_2_sources,8,180.0,,,missing,"Kỹ thuật - Công nghệ (cơ khí, điện, điện tử, ô tô, tự động hóa, vật liệu)",train
TLA:TLA113,TLA,TLA113,Kỹ thuật xây dựng công trình giao thông,,xay_dung,standard,,A00;A01;D01;D07;C01;C02;X02;X06,A00,,https://diemthi.vnexpress.net/tra-cuu-dai-hoc/loadbenchmark/id/425/year/2026/sortby/1/block_name/-1,Trường Đại học Thuỷ lợi,Hà Nội,2026,20.17,confirmed_2_sources,8,180.0,,,missing,Kiến trúc - Xây dựng - Giao thông - Quy hoạch,train
TLA:TLA114,TLA,TLA114,Quản lý xây dựng,,xay_dung,standard,,A00;A01;D01;D07;C01;C02;X02;X06,A00,,https://diemthi.vnexpress.net/tra-cuu-dai-hoc/loadbenchmark/id/425/year/2026/sortby/1/block_name/-1,Trường Đại học Thuỷ lợi,Hà Nội,2026,20.76,confirmed_2_sources,8,210.0,,,missing,Kiến trúc - Xây dựng - Giao thông - Quy hoạch,train
TLA:TLA116,TLA,TLA116,Hệ thống thông tin,,cntt,standard,,A00;A01;D01;D07;C01;X02;X06;X26,A00,,https://diemthi.vnexpress.net/tra-cuu-dai-hoc/loadbenchmark/id/425/year/2026/sortby/1/block_name/-1,Trường Đại học Thuỷ lợi,Hà Nội,2026,22.51,confirmed_2_sources,7,80.0,,,missing,Công nghệ thông tin - Máy tính - Dữ liệu - AI,train
TLA:TLA117,TLA,TLA117,Kỹ thuật phần mềm,,cntt,standard,,A00;A01;D01;D07;C01;X02;X06;X26,A00,,https://diemthi.vnexpress.net/tra-cuu-dai-hoc/loadbenchmark/id/425/year/2026/sortby/1/block_name/-1,Trường Đại học Thuỷ lợi,Hà Nội,2026,22.26,confirmed_2_sources,7,80.0,,,missing,Công nghệ thông tin - Máy tính - Dữ liệu - AI,train
TLA:TLA118,TLA,TLA118,Kỹ thuật hóa học,,sinh_hoa,standard,,A00;D07;C02;C05;B00;X09;X10;A01;D01,A00,,https://diemthi.vnexpress.net/tra-cuu-dai-hoc/loadbenchmark/id/425/year/2026/sortby/1/block_name/-1,Trường Đại học Thuỷ lợi,Hà Nội,2026,22.01,confirmed_2_sources,8,90.0,,,missing,Sinh học - Hóa học - Công nghệ sinh học - Thực phẩm,train
TLA:TLA119,TLA,TLA119,Công nghệ sinh học,,sinh_hoa,standard,,A00;A02;B00;D08;B01;B02;B03;X14;A01;D01;D07;X13,A00,,https://diemthi.vnexpress.net/tra-cuu-dai-hoc/loadbenchmark/id/425/year/2026/sortby/1/block_name/-1,Trường Đại học Thuỷ lợi,Hà Nội,2026,20.0,confirmed_2_sources,8,70.0,,,missing,Sinh học - Hóa học - Công nghệ sinh học - Thực phẩm,train
TLA:TLA120,TLA,TLA120,Kỹ thuật cơ điện tử,,ky_thuat,standard,,A00;A01;D01;D07;C01;X02;X06;X26,A00,,https://diemthi.vnexpress.net/tra-cuu-dai-hoc/loadbenchmark/id/425/year/2026/sortby/1/block_name/-1,Trường Đại học Thuỷ lợi,Hà Nội,2026,24.18,confirmed_2_sources,8,120.0,,,missing,"Kỹ thuật - Công nghệ (cơ khí, điện, điện tử, ô tô, tự động hóa, vật liệu)",train
TLA:TLA121,TLA,TLA121,Kỹ thuật điều khiển và tự động hóa,,ky_thuat,standard,,A00;A01;D01;D07;C01;X02;X06;X26,A00,,https://diemthi.vnexpress.net/tra-cuu-dai-hoc/loadbenchmark/id/425/year/2026/sortby/1/block_name/-1,Trường Đại học Thuỷ lợi,Hà Nội,2026,24.64,confirmed_2_sources,8,140.0,,,missing,"Kỹ thuật - Công nghệ (cơ khí, điện, điện tử, ô tô, tự động hóa, vật liệu)",train
TLA:TLA122,TLA,TLA122,Công nghệ chế tạo máy,,ky_thuat,standard,,A00;A01;D01;D07;C01;X02;X06;X26,A00,,https://diemthi.vnexpress.net/tra-cuu-dai-hoc/loadbenchmark/id/425/year/2026/sortby/1/block_name/-1,Trường Đại học Thuỷ lợi,Hà Nội,2026,22.26,confirmed_2_sources,4,120.0,,,missing,"Kỹ thuật - Công nghệ (cơ khí, điện, điện tử, ô tô, tự động hóa, vật liệu)",train
TLA:TLA123,TLA,TLA123,Kỹ thuật Ô tô (Chuyên ngành: Kỹ thuật ô tô; Công nghệ ô tô định hướng việc làm tại Nhật Bản),,ky_thuat,standard,,A00;A01;D01;D07;C01;X02;X06;X26,A00,,https://diemthi.vnexpress.net/tra-cuu-dai-hoc/loadbenchmark/id/425/year/2026/sortby/1/block_name/-1,Trường Đại học Thuỷ lợi,Hà Nội,2026,22.76,confirmed_2_sources,7,140.0,,,missing,"Kỹ thuật - Công nghệ (cơ khí, điện, điện tử, ô tô, tự động hóa, vật liệu)",train
TLA:TLA124,TLA,TLA124,Kỹ thuật điện tử - viễn thông,,ky_thuat,standard,,A00;A01;D01;D07;C01;X02;X06;X26,A00,,https://diemthi.vnexpress.net/tra-cuu-dai-hoc/loadbenchmark/id/425/year/2026/sortby/1/block_name/-1,Trường Đại học Thuỷ lợi,Hà Nội,2026,23.5,confirmed_2_sources,6,70.0,,,missing,"Kỹ thuật - Công nghệ (cơ khí, điện, điện tử, ô tô, tự động hóa, vật liệu)",train
TLA:TLA126,TLA,TLA126,Trí tuệ nhân tạo và khoa học,,cntt,standard,,A00;A01;D01;D07;C01;X02;X06;X26,A00,,https://diemthi.vnexpress.net/tra-cuu-dai-hoc/loadbenchmark/id/425/year/2026/sortby/1/block_name/-1,Trường Đại học Thuỷ lợi,Hà Nội,2026,22.76,confirmed_2_sources,6,80.0,,,missing,Công nghệ thông tin - Máy tính - Dữ liệu - AI,train
TLA:TLA127,TLA,TLA127,An ninh mạng,,cntt,standard,,A00;A01;D01;D07;C01;X02;X06;X26,A00,,https://diemthi.vnexpress.net/tra-cuu-dai-hoc/loadbenchmark/id/425/year/2026/sortby/1/block_name/-1,Trường Đại học Thuỷ lợi,Hà Nội,2026,22.76,confirmed_2_sources,5,80.0,,,missing,Công nghệ thông tin - Máy tính - Dữ liệu - AI,train
TLA:TLA128,TLA,TLA128,Kĩ thuật Robot và Điều khiển thông minh,,cntt,standard,,A00;A01;D01;D07;C01;X02;X06;X26,A00,,https://diemthi.vnexpress.net/tra-cuu-dai-hoc/loadbenchmark/id/425/year/2026/sortby/1/block_name/-1,Trường Đại học Thuỷ lợi,Hà Nội,2026,22.21,confirmed_2_sources,5,120.0,,,missing,Công nghệ thông tin - Máy tính - Dữ liệu - AI,train
TLA:TLA130,TLA,TLA130,Chương trình Kỹ thuật xe năng lượng mới thông minh,,ky_thuat,standard,,A00;A01;D01;D07;C01;X02;X06;X26,A00,,https://diemthi.vnexpress.net/tra-cuu-dai-hoc/loadbenchmark/id/425/year/2026/sortby/1/block_name/-1,Trường Đại học Thuỷ lợi,Hà Nội,2026,19.75,confirmed_2_sources,1,70.0,,,missing,"Kỹ thuật - Công nghệ (cơ khí, điện, điện tử, ô tô, tự động hóa, vật liệu)",train
TLA:TLA201,TLA,TLA201,"Chương trình tiên tiến ngành Kỹ thuật xây dựng (Hợp tác với Đại học Arkansas, Hoa Kỳ)",,xay_dung,advanced,,A00;A01;D01;D07;C01;C02;X02;X06,A00,"Học bằng tiếng Anh (thường cần trình độ tiếng Anh tốt, có thể yêu cầu IELTS/chứng chỉ khi nhập học)",https://diemthi.vnexpress.net/tra-cuu-dai-hoc/loadbenchmark/id/425/year/2026/sortby/1/block_name/-1,Trường Đại học Thuỷ lợi,Hà Nội,2026,19.0,confirmed_2_sources,7,30.0,,,missing,Kiến trúc - Xây dựng - Giao thông - Quy hoạch,train
TLA:TLA202,TLA,TLA202,"Chương trình tiên tiến ngành Kỹ thuật tải nguyên nước (Hợp tác với Đợi học bang Colorado, Hoa Kỳ)",,nong_lam_mt,advanced,,A00;A01;D01;D07;C01;C02;X02;X06,A00,"Học bằng tiếng Anh (thường cần trình độ tiếng Anh tốt, có thể yêu cầu IELTS/chứng chỉ khi nhập học)",https://diemthi.vnexpress.net/tra-cuu-dai-hoc/loadbenchmark/id/425/year/2026/sortby/1/block_name/-1,Trường Đại học Thuỷ lợi,Hà Nội,2026,19.0,confirmed_2_sources,4,30.0,,,missing,Nông - Lâm - Thủy sản - Môi trường - Tài nguyên,train
TLA:TLA203,TLA,TLA203,Ngôn ngữ Anh,,ngon_ngu,standard,,A01;D01;D07;D08;D09;D10;D14;D15,A01,,https://diemthi.vnexpress.net/tra-cuu-dai-hoc/loadbenchmark/id/425/year/2026/sortby/1/block_name/-1,Trường Đại học Thuỷ lợi,Hà Nội,2026,21.34,confirmed_2_sources,6,140.0,,,missing,Ngôn ngữ - Văn hóa - Quốc tế học,train
TLA:TLA204,TLA,TLA204,Ngôn ngữ Trung Quốc,,ngon_ngu,standard,,D01;D04;D45;D55;D65;X78;A01;D07;D63;X37,D01,,https://diemthi.vnexpress.net/tra-cuu-dai-hoc/loadbenchmark/id/425/year/2026/sortby/1/block_name/-1,Trường Đại học Thuỷ lợi,Hà Nội,2026,23.98,confirmed_2_sources,4,100.0,,,missing,Ngôn ngữ - Văn hóa - Quốc tế học,train
TLA:TLA301,TLA,TLA301,Luật,,luat,standard,,C00;C03;C04;D01;D14;D15;X01;A00;A01,C00,,https://diemthi.vnexpress.net/tra-cuu-dai-hoc/loadbenchmark/id/425/year/2026/sortby/1/block_name/-1,Trường Đại học Thuỷ lợi,Hà Nội,2026,22.25,confirmed_2_sources,5,120.0,,,missing,Luật,train
TLA:TLA302,TLA,TLA302,Luật kinh tế,,luat,standard,,C00;C03;C04;D01;D14;D15;X01;A00;A01,C00,,https://diemthi.vnexpress.net/tra-cuu-dai-hoc/loadbenchmark/id/425/year/2026/sortby/1/block_name/-1,Trường Đại học Thuỷ lợi,Hà Nội,2026,23.24,confirmed_2_sources,4,120.0,,,missing,Luật,train
TLA:TLA401,TLA,TLA401,Kinh tế,,kinh_te,standard,,A00;A01;D01;D07;X02;X26,A00,,https://diemthi.vnexpress.net/tra-cuu-dai-hoc/loadbenchmark/id/425/year/2026/sortby/1/block_name/-1,Trường Đại học Thuỷ lợi,Hà Nội,2026,21.38,confirmed_2_sources,8,130.0,,,missing,Kinh tế - Kinh doanh - Quản trị - Marketing - Thương mại,train
TLA:TLA402,TLA,TLA402,Quản trị kinh doanh,,kinh_te,standard,,A00;A01;D01;D07;X02;X26,A00,,https://diemthi.vnexpress.net/tra-cuu-dai-hoc/loadbenchmark/id/425/year/2026/sortby/1/block_name/-1,Trường Đại học Thuỷ lợi,Hà Nội,2026,21.29,confirmed_2_sources,8,140.0,,,missing,Kinh tế - Kinh doanh - Quản trị - Marketing - Thương mại,train
TLA:TLA403,TLA,TLA403,Kế toán,,tai_chinh,standard,,A00;A01;D01;D07;X02;X26,A00,,https://diemthi.vnexpress.net/tra-cuu-dai-hoc/loadbenchmark/id/425/year/2026/sortby/1/block_name/-1,Trường Đại học Thuỷ lợi,Hà Nội,2026,22.12,confirmed_2_sources,8,120.0,,,missing,Tài chính - Ngân hàng - Kế toán - Kiểm toán - Bảo hiểm,train
TLA:TLA404,TLA,TLA404,Kinh tế xây dựng,,xay_dung,standard,,A00;A01;D01;D07;X02;X26,A00,,https://diemthi.vnexpress.net/tra-cuu-dai-hoc/loadbenchmark/id/425/year/2026/sortby/1/block_name/-1,Trường Đại học Thuỷ lợi,Hà Nội,2026,21.12,confirmed_2_sources,6,140.0,,,missing,Kiến trúc - Xây dựng - Giao thông - Quy hoạch,train
TLA:TLA405,TLA,TLA405,Thương mại điện tử,,kinh_te,standard,,A00;A01;D01;D07;X02;X26,A00,,https://diemthi.vnexpress.net/tra-cuu-dai-hoc/loadbenchmark/id/425/year/2026/sortby/1/block_name/-1,Trường Đại học Thuỷ lợi,Hà Nội,2026,22.76,confirmed_2_sources,6,120.0,,,missing,Kinh tế - Kinh doanh - Quản trị - Marketing - Thương mại,train
TLA:TLA406,TLA,TLA406,Quản trị dịch vụ du lịch và lữ hành,,du_lich,standard,,A00;A01;D01;D07;X02;X26;D09;D10,A00,,https://diemthi.vnexpress.net/tra-cuu-dai-hoc/loadbenchmark/id/425/year/2026/sortby/1/block_name/-1,Trường Đại học Thuỷ lợi,Hà Nội,2026,21.14,confirmed_2_sources,6,70.0,,,missing,Du lịch - Khách sạn - Logistics - Hàng không - Dịch vụ,train
TLA:TLA407,TLA,TLA407,Logistics và quản lý chuỗi cung ứng,,du_lich,standard,,A00;A01;D01;D07;X02;X26,A00,,https://diemthi.vnexpress.net/tra-cuu-dai-hoc/loadbenchmark/id/425/year/2026/sortby/1/block_name/-1,Trường Đại học Thuỷ lợi,Hà Nội,2026,23.73,confirmed_2_sources,6,70.0,,,missing,Du lịch - Khách sạn - Logistics - Hàng không - Dịch vụ,train
TLA:TLA408,TLA,TLA408,Tài chính - Ngân hàng,,tai_chinh,standard,,A00;A01;D01;D07;X02;X26,A00,,https://diemthi.vnexpress.net/tra-cuu-dai-hoc/loadbenchmark/id/425/year/2026/sortby/1/block_name/-1,Trường Đại học Thuỷ lợi,Hà Nội,2026,22.26,confirmed_2_sources,5,70.0,,,missing,Tài chính - Ngân hàng - Kế toán - Kiểm toán - Bảo hiểm,train
TLA:TLA409,TLA,TLA409,Kiểm toán,,tai_chinh,standard,,A00;A01;D01;D07;X02;X26,A00,,https://diemthi.vnexpress.net/tra-cuu-dai-hoc/loadbenchmark/id/425/year/2026/sortby/1/block_name/-1,Trường Đại học Thuỷ lợi,Hà Nội,2026,21.57,confirmed_2_sources,5,120.0,,,missing,Tài chính - Ngân hàng - Kế toán - Kiểm toán - Bảo hiểm,train
TLA:TLA410,TLA,TLA410,Kinh tế số,,kinh_te,standard,,A00;A01;D01;D07;X02;X26,A00,,https://diemthi.vnexpress.net/tra-cuu-dai-hoc/loadbenchmark/id/425/year/2026/sortby/1/block_name/-1,Trường Đại học Thuỷ lợi,Hà Nội,2026,22.11,confirmed_2_sources,5,70.0,,,missing,Kinh tế - Kinh doanh - Quản trị - Marketing - Thương mại,train
TLA:TLA411,TLA,TLA411,Chương trình Kế toán tích hợp chứng chỉ quốc tế,,tai_chinh,international,,A00;A01;D01;D07;X02;X26,A00,"Học bằng tiếng Anh (thường cần trình độ tiếng Anh tốt, có thể yêu cầu IELTS/chứng chỉ khi nhập học) | Chương trình liên kết/quốc tế: học phí cao hơn chương trình chuẩn",https://diemthi.vnexpress.net/tra-cuu-dai-hoc/loadbenchmark/id/425/year/2026/sortby/1/block_name/-1,Trường Đại học Thuỷ lợi,Hà Nội,2026,20.08,confirmed_2_sources,2,70.0,,,missing,Tài chính - Ngân hàng - Kế toán - Kiểm toán - Bảo hiểm,train
TLA:TLA412,TLA,TLA412,Chương trình Công nghệ tài chính,,tai_chinh,standard,,A00;A01;D01;D07;X02;X26,A00,,https://diemthi.vnexpress.net/tra-cuu-dai-hoc/loadbenchmark/id/425/year/2026/sortby/1/block_name/-1,Trường Đại học Thuỷ lợi,Hà Nội,2026,20.91,confirmed_2_sources,2,70.0,,,missing,Tài chính - Ngân hàng - Kế toán - Kiểm toán - Bảo hiểm,train
TLA:TLA413,TLA,TLA413,Kinh doanh thương mại,,kinh_te,standard,,A00;A01;D01;D07;X02;X26,A00,,https://diemthi.vnexpress.net/tra-cuu-dai-hoc/loadbenchmark/id/425/year/2026/sortby/1/block_name/-1,Trường Đại học Thuỷ lợi,Hà Nội,2026,21.4,confirmed_2_sources,1,70.0,,,missing,Kinh tế - Kinh doanh - Quản trị - Marketing - Thương mại,train
TLA:TLA414,TLA,TLA414,Marketing,,kinh_te,standard,,A00;A01;D01;D07;X02;X26,A00,,https://diemthi.vnexpress.net/tra-cuu-dai-hoc/loadbenchmark/id/425/year/2026/sortby/1/block_name/-1,Trường Đại học Thuỷ lợi,Hà Nội,2026,21.9,confirmed_2_sources,1,50.0,,,missing,Kinh tế - Kinh doanh - Quản trị - Marketing - Thương mại,train
UEF:7210403,UEF,7210403,Thiết kế đồ họa,7210403,thiet_ke,standard,,C01;C03;C04;D01;X01;X02;A00;A01;D09;D10;D11;D14;D15,C01,,https://diemthi.vnexpress.net/tra-cuu-dai-hoc/loadbenchmark/id/294/year/2026/sortby/1/block_name/-1,Trường Đại học Kinh tế - Tài chính tp. Hồ Chí Minh,TP. Hồ Chí Minh,2026,15.0,confirmed_2_sources,4,,80000000.0,80000000.0,observed,Thiết kế - Nghệ thuật - Sáng tạo số,train
UEF:7220201,UEF,7220201,Ngôn ngữ Anh,7220201,ngon_ngu,standard,,D01;D11;D14;D15;X78;X79;A01;C01;C03;C04;D09;D10,D01,,https://diemthi.vnexpress.net/tra-cuu-dai-hoc/loadbenchmark/id/294/year/2026/sortby/1/block_name/-1,Trường Đại học Kinh tế - Tài chính tp. Hồ Chí Minh,TP. Hồ Chí Minh,2026,15.0,confirmed_2_sources,4,,80000000.0,80000000.0,observed,Ngôn ngữ - Văn hóa - Quốc tế học,train
UEF:7220204,UEF,7220204,Ngôn ngữ Trung Quốc,7220204,ngon_ngu,standard,,D01;D11;D14;D15;X78;X79;A01;C01;C03;C04;D09;D10,D01,,https://diemthi.vnexpress.net/tra-cuu-dai-hoc/loadbenchmark/id/294/year/2026/sortby/1/block_name/-1,Trường Đại học Kinh tế - Tài chính tp. Hồ Chí Minh,TP. Hồ Chí Minh,2026,15.0,confirmed_2_sources,4,,80000000.0,80000000.0,observed,Ngôn ngữ - Văn hóa - Quốc tế học,train
UEF:7220209,UEF,7220209,Ngôn ngữ Nhật,7220209,ngon_ngu,standard,,D01;D11;D14;D15;X78;X79;A01;C01;C03;C04;D09;D10,D01,,https://diemthi.vnexpress.net/tra-cuu-dai-hoc/loadbenchmark/id/294/year/2026/sortby/1/block_name/-1,Trường Đại học Kinh tế - Tài chính tp. Hồ Chí Minh,TP. Hồ Chí Minh,2026,15.0,confirmed_2_sources,4,,80000000.0,80000000.0,observed,Ngôn ngữ - Văn hóa - Quốc tế học,train
UEF:7220210,UEF,7220210,Ngôn ngữ Hàn Quốc,7220210,ngon_ngu,standard,,D01;D11;D14;D15;X78;X79;A01;C01;C03;C04;D09;D10,D01,,https://diemthi.vnexpress.net/tra-cuu-dai-hoc/loadbenchmark/id/294/year/2026/sortby/1/block_name/-1,Trường Đại học Kinh tế - Tài chính tp. Hồ Chí Minh,TP. Hồ Chí Minh,2026,15.0,confirmed_2_sources,4,,80000000.0,80000000.0,observed,Ngôn ngữ - Văn hóa - Quốc tế học,train
UEF:7310106,UEF,7310106,Kinh tế quốc tế,7310106,kinh_te,international,,C01;C03;C04;D01;X01;X02;A00;A01;C00;D09;D10;D11;D14;D15,C01,"Học bằng tiếng Anh (thường cần trình độ tiếng Anh tốt, có thể yêu cầu IELTS/chứng chỉ khi nhập học) | Chương trình liên kết/quốc tế: học phí cao hơn chương trình chuẩn",https://diemthi.vnexpress.net/tra-cuu-dai-hoc/loadbenchmark/id/294/year/2026/sortby/1/block_name/-1,Trường Đại học Kinh tế - Tài chính tp. Hồ Chí Minh,TP. Hồ Chí Minh,2026,15.0,confirmed_2_sources,4,,80000000.0,80000000.0,observed,Kinh tế - Kinh doanh - Quản trị - Marketing - Thương mại,train
UEF:7310109,UEF,7310109,Kinh tế số,7310109,kinh_te,standard,,C01;C03;C04;D01;X01;X02;A00;A01;D09;D10;D11;D14;D15,C01,,https://diemthi.vnexpress.net/tra-cuu-dai-hoc/loadbenchmark/id/294/year/2026/sortby/1/block_name/-1,Trường Đại học Kinh tế - Tài chính tp. Hồ Chí Minh,TP. Hồ Chí Minh,2026,15.0,confirmed_2_sources,3,,80000000.0,80000000.0,observed,Kinh tế - Kinh doanh - Quản trị - Marketing - Thương mại,train
UEF:7310206,UEF,7310206,Quan hệ quốc tế,7310206,xa_hoi,international,,D01;D11;D14;D15;X78;X79;A01;C01;C03;C04;D09;D10,D01,"Học bằng tiếng Anh (thường cần trình độ tiếng Anh tốt, có thể yêu cầu IELTS/chứng chỉ khi nhập học) | Chương trình liên kết/quốc tế: học phí cao hơn chương trình chuẩn",https://diemthi.vnexpress.net/tra-cuu-dai-hoc/loadbenchmark/id/294/year/2026/sortby/1/block_name/-1,Trường Đại học Kinh tế - Tài chính tp. Hồ Chí Minh,TP. Hồ Chí Minh,2026,15.0,confirmed_2_sources,4,,80000000.0,80000000.0,observed,Khoa học xã hội - Tâm lý - Nhân văn - Chính trị - Hành chính,train
UEF:7310401,UEF,7310401,Tâm lý học,7310401,xa_hoi,standard,,C01;C03;C04;D01;X01;X02;C00;D14;D15;A01;D09;D10;D11,C01,,https://diemthi.vnexpress.net/tra-cuu-dai-hoc/loadbenchmark/id/294/year/2026/sortby/1/block_name/-1,Trường Đại học Kinh tế - Tài chính tp. Hồ Chí Minh,TP. Hồ Chí Minh,2026,15.0,confirmed_2_sources,4,,80000000.0,80000000.0,observed,Khoa học xã hội - Tâm lý - Nhân văn - Chính trị - Hành chính,train
UEF:7320104,UEF,7320104,Truyền thông đa phương tiện,7320104,bao_chi,standard,,C01;C03;C04;D01;X01;X02;A00;A01;C00;D09;D10;D11;D14;D15,C01,,https://diemthi.vnexpress.net/tra-cuu-dai-hoc/loadbenchmark/id/294/year/2026/sortby/1/block_name/-1,Trường Đại học Kinh tế - Tài chính tp. Hồ Chí Minh,TP. Hồ Chí Minh,2026,15.0,confirmed_2_sources,4,,80000000.0,80000000.0,observed,Báo chí - Truyền thông - Quan hệ công chúng,train
UEF:7320106,UEF,7320106,Công nghệ truyền thông,7320106,bao_chi,standard,,C01;C03;C04;D01;X01;X02;A00;A01;C00;D09;D10;D11;D14;D15,C01,,https://diemthi.vnexpress.net/tra-cuu-dai-hoc/loadbenchmark/id/294/year/2026/sortby/1/block_name/-1,Trường Đại học Kinh tế - Tài chính tp. Hồ Chí Minh,TP. Hồ Chí Minh,2026,15.0,confirmed_2_sources,4,,80000000.0,80000000.0,observed,Báo chí - Truyền thông - Quan hệ công chúng,train
UEF:7320108,UEF,7320108,Quan hệ công chúng,7320108,bao_chi,standard,,C01;C03;C04;D01;X01;X02;A00;A01;C00;D09;D10;D11;D14;D15,C01,,https://diemthi.vnexpress.net/tra-cuu-dai-hoc/loadbenchmark/id/294/year/2026/sortby/1/block_name/-1,Trường Đại học Kinh tế - Tài chính tp. Hồ Chí Minh,TP. Hồ Chí Minh,2026,15.0,confirmed_2_sources,4,,80000000.0,80000000.0,observed,Báo chí - Truyền thông - Quan hệ công chúng,train
UEF:7340101,UEF,7340101,Quản trị Kinh doanh,7340101,kinh_te,standard,,C01;C03;C04;D01;X01;X02;A00;A01;C00;D09;D10;D11;D14;D15,C01,,https://diemthi.vnexpress.net/tra-cuu-dai-hoc/loadbenchmark/id/294/year/2026/sortby/1/block_name/-1,Trường Đại học Kinh tế - Tài chính tp. Hồ Chí Minh,TP. Hồ Chí Minh,2026,15.0,confirmed_2_sources,4,,80000000.0,80000000.0,observed,Kinh tế - Kinh doanh - Quản trị - Marketing - Thương mại,train
UEF:7340101E,UEF,7340101E,Quản trị kinh doanh - Tiếng Anh,7340101,ngon_ngu,standard,,C01;C03;C04;D01;X01;X02;A01;D09;D10;D11;D14;D15,C01,"Học bằng tiếng Anh (thường cần trình độ tiếng Anh tốt, có thể yêu cầu IELTS/chứng chỉ khi nhập học)",https://diemthi.vnexpress.net/tra-cuu-dai-hoc/loadbenchmark/id/294/year/2026/sortby/1/block_name/-1,Trường Đại học Kinh tế - Tài chính tp. Hồ Chí Minh,TP. Hồ Chí Minh,2026,15.0,confirmed_2_sources,2,,80000000.0,80000000.0,observed,Ngôn ngữ - Văn hóa - Quốc tế học,train
UEF:7340114,UEF,7340114,Marketing kỹ thuật số,7340114,kinh_te,standard,,C01;C03;C04;D01;X01;X02;A00;A01;C00;D09;D10;D11;D14;D15,C01,,https://diemthi.vnexpress.net/tra-cuu-dai-hoc/loadbenchmark/id/294/year/2026/sortby/1/block_name/-1,Trường Đại học Kinh tế - Tài chính tp. Hồ Chí Minh,TP. Hồ Chí Minh,2026,15.0,confirmed_2_sources,4,,80000000.0,80000000.0,observed,Kinh tế - Kinh doanh - Quản trị - Marketing - Thương mại,train
UEF:7340115,UEF,7340115,Marketing,7340115,kinh_te,standard,,C01;C03;C04;D01;X01;X02;A00;A01;C00;D09;D10;D11;D14;D15,C01,,https://diemthi.vnexpress.net/tra-cuu-dai-hoc/loadbenchmark/id/294/year/2026/sortby/1/block_name/-1,Trường Đại học Kinh tế - Tài chính tp. Hồ Chí Minh,TP. Hồ Chí Minh,2026,15.0,confirmed_2_sources,4,,80000000.0,80000000.0,observed,Kinh tế - Kinh doanh - Quản trị - Marketing - Thương mại,train
UEF:7340115E,UEF,7340115E,Marketing - Chương trình Marketing số E - Toàn phần tiếng Anh,7340115,ngon_ngu,standard,,C01;C03;C04;D01;X01;X02;A01;D09;D10;D11;D14;D15,C01,"Học bằng tiếng Anh (thường cần trình độ tiếng Anh tốt, có thể yêu cầu IELTS/chứng chỉ khi nhập học)",https://diemthi.vnexpress.net/tra-cuu-dai-hoc/loadbenchmark/id/294/year/2026/sortby/1/block_name/-1,Trường Đại học Kinh tế - Tài chính tp. Hồ Chí Minh,TP. Hồ Chí Minh,2026,15.0,confirmed_2_sources,2,,80000000.0,80000000.0,observed,Ngôn ngữ - Văn hóa - Quốc tế học,train
UEF:7340116,UEF,7340116,Bất động sản,7340116,kinh_te,standard,,C01;C03;C04;D01;X01;X02;A00;A01;C00;D09;D10;D11;D14;D15,C01,,https://diemthi.vnexpress.net/tra-cuu-dai-hoc/loadbenchmark/id/294/year/2026/sortby/1/block_name/-1,Trường Đại học Kinh tế - Tài chính tp. Hồ Chí Minh,TP. Hồ Chí Minh,2026,15.0,confirmed_2_sources,4,,80000000.0,80000000.0,observed,Kinh tế - Kinh doanh - Quản trị - Marketing - Thương mại,train
UEF:7340120,UEF,7340120,Ngành Kinh doanh quốc tế,7340120,kinh_te,international,,C01;C03;C04;D01;X01;X02;A00;A01;C00;D09;D10;D11;D14;D15,C01,"Học bằng tiếng Anh (thường cần trình độ tiếng Anh tốt, có thể yêu cầu IELTS/chứng chỉ khi nhập học) | Chương trình liên kết/quốc tế: học phí cao hơn chương trình chuẩn",https://diemthi.vnexpress.net/tra-cuu-dai-hoc/loadbenchmark/id/294/year/2026/sortby/1/block_name/-1,Trường Đại học Kinh tế - Tài chính tp. Hồ Chí Minh,TP. Hồ Chí Minh,2026,15.0,confirmed_2_sources,4,,80000000.0,80000000.0,observed,Kinh tế - Kinh doanh - Quản trị - Marketing - Thương mại,train
UEF:7340120E,UEF,7340120E,Kinh doanh quốc tế - Chương trình Ngoại thương E - tiếng Anh toàn phần,7340120,ngon_ngu,international,,C01;C03;C04;D01;X01;X02;A01;D09;D10;D11;D14;D15,C01,"Học bằng tiếng Anh (thường cần trình độ tiếng Anh tốt, có thể yêu cầu IELTS/chứng chỉ khi nhập học) | Chương trình liên kết/quốc tế: học phí cao hơn chương trình chuẩn",https://diemthi.vnexpress.net/tra-cuu-dai-hoc/loadbenchmark/id/294/year/2026/sortby/1/block_name/-1,Trường Đại học Kinh tế - Tài chính tp. Hồ Chí Minh,TP. Hồ Chí Minh,2026,15.0,confirmed_2_sources,2,,80000000.0,80000000.0,observed,Ngôn ngữ - Văn hóa - Quốc tế học,train
UEF:7340121,UEF,7340121,Kinh doanh thương mại,7340121,kinh_te,standard,,C01;C03;C04;D01;X01;X02;A00;A01;C00;D09;D10;D11;D14;D15,C01,,https://diemthi.vnexpress.net/tra-cuu-dai-hoc/loadbenchmark/id/294/year/2026/sortby/1/block_name/-1,Trường Đại học Kinh tế - Tài chính tp. Hồ Chí Minh,TP. Hồ Chí Minh,2026,15.0,confirmed_2_sources,4,,80000000.0,80000000.0,observed,Kinh tế - Kinh doanh - Quản trị - Marketing - Thương mại,train
UEF:7340122,UEF,7340122,Thương mại điện tử,7340122,kinh_te,standard,,C01;C03;C04;D01;X01;X02;A00;A01;D09;D10;D11;D14;D15,C01,,https://diemthi.vnexpress.net/tra-cuu-dai-hoc/loadbenchmark/id/294/year/2026/sortby/1/block_name/-1,Trường Đại học Kinh tế - Tài chính tp. Hồ Chí Minh,TP. Hồ Chí Minh,2026,15.0,confirmed_2_sources,4,,80000000.0,80000000.0,observed,Kinh tế - Kinh doanh - Quản trị - Marketing - Thương mại,train
UEF:7340201,UEF,7340201,Tài chính – Ngân hàng,7340201,tai_chinh,standard,,C01;C03;C04;D01;X01;X02;A00;A01;D09;D10;D11;D14;D15,C01,,https://diemthi.vnexpress.net/tra-cuu-dai-hoc/loadbenchmark/id/294/year/2026/sortby/1/block_name/-1,Trường Đại học Kinh tế - Tài chính tp. Hồ Chí Minh,TP. Hồ Chí Minh,2026,15.0,confirmed_2_sources,4,,80000000.0,80000000.0,observed,Tài chính - Ngân hàng - Kế toán - Kiểm toán - Bảo hiểm,train
UEF:7340201E,UEF,7340201E,Tài chính - Ngân hàng Chương trình Tài năng UEF,7340201,tai_chinh,standard,,C01;C03;C04;D01;X01;X02;A01;D09;D10;D11;D14;D15,C01,,https://diemthi.vnexpress.net/tra-cuu-dai-hoc/loadbenchmark/id/294/year/2026/sortby/1/block_name/-1,Trường Đại học Kinh tế - Tài chính tp. Hồ Chí Minh,TP. Hồ Chí Minh,2026,15.0,confirmed_2_sources,2,,80000000.0,80000000.0,observed,Tài chính - Ngân hàng - Kế toán - Kiểm toán - Bảo hiểm,train
UEF:7340205,UEF,7340205,Công nghệ tài chính,7340205,tai_chinh,standard,,C01;C03;C04;D01;X01;X02;A00;A01;D09;D10;D11;D14;D15,C01,,https://diemthi.vnexpress.net/tra-cuu-dai-hoc/loadbenchmark/id/294/year/2026/sortby/1/block_name/-1,Trường Đại học Kinh tế - Tài chính tp. Hồ Chí Minh,TP. Hồ Chí Minh,2026,15.0,confirmed_2_sources,4,,80000000.0,80000000.0,observed,Tài chính - Ngân hàng - Kế toán - Kiểm toán - Bảo hiểm,train
UEF:7340206,UEF,7340206,Tài chính quốc tế,7340206,tai_chinh,international,,C01;C03;C04;D01;X01;X02;A00;A01;D09;D10;D11;D14;D15,C01,"Học bằng tiếng Anh (thường cần trình độ tiếng Anh tốt, có thể yêu cầu IELTS/chứng chỉ khi nhập học) | Chương trình liên kết/quốc tế: học phí cao hơn chương trình chuẩn",https://diemthi.vnexpress.net/tra-cuu-dai-hoc/loadbenchmark/id/294/year/2026/sortby/1/block_name/-1,Trường Đại học Kinh tế - Tài chính tp. Hồ Chí Minh,TP. Hồ Chí Minh,2026,15.0,confirmed_2_sources,4,,80000000.0,80000000.0,observed,Tài chính - Ngân hàng - Kế toán - Kiểm toán - Bảo hiểm,train
UEF:7340301,UEF,7340301,Kế toán,7340301,tai_chinh,standard,,C01;C03;C04;D01;X01;X02;A00;A01;D09;D10;D11;D14;D15,C01,,https://diemthi.vnexpress.net/tra-cuu-dai-hoc/loadbenchmark/id/294/year/2026/sortby/1/block_name/-1,Trường Đại học Kinh tế - Tài chính tp. Hồ Chí Minh,TP. Hồ Chí Minh,2026,15.0,confirmed_2_sources,4,,80000000.0,80000000.0,observed,Tài chính - Ngân hàng - Kế toán - Kiểm toán - Bảo hiểm,train
UEF:7340302,UEF,7340302,Kiểm toán,7340302,tai_chinh,standard,,C01;C03;C04;D01;X01;X02;A00;A01;D09;D10;D11;D14;D15,C01,,https://diemthi.vnexpress.net/tra-cuu-dai-hoc/loadbenchmark/id/294/year/2026/sortby/1/block_name/-1,Trường Đại học Kinh tế - Tài chính tp. Hồ Chí Minh,TP. Hồ Chí Minh,2026,15.0,confirmed_2_sources,4,,80000000.0,80000000.0,observed,Tài chính - Ngân hàng - Kế toán - Kiểm toán - Bảo hiểm,train
UEF:7340404,UEF,7340404,Quản trị nhân lực,7340404,kinh_te,standard,,C01;C03;C04;D01;X01;X02;A00;A01;C00;D09;D10;D11;D14;D15,C01,,https://diemthi.vnexpress.net/tra-cuu-dai-hoc/loadbenchmark/id/294/year/2026/sortby/1/block_name/-1,Trường Đại học Kinh tế - Tài chính tp. Hồ Chí Minh,TP. Hồ Chí Minh,2026,15.0,confirmed_2_sources,4,,80000000.0,80000000.0,observed,Kinh tế - Kinh doanh - Quản trị - Marketing - Thương mại,train
UEF:7340412,UEF,7340412,Quản trị sự kiện,7340412,du_lich,standard,,C01;C03;C04;D01;X01;X02;A00;A01;C00;D09;D10;D11;D14;D15,C01,,https://diemthi.vnexpress.net/tra-cuu-dai-hoc/loadbenchmark/id/294/year/2026/sortby/1/block_name/-1,Trường Đại học Kinh tế - Tài chính tp. Hồ Chí Minh,TP. Hồ Chí Minh,2026,15.0,confirmed_2_sources,4,,80000000.0,80000000.0,observed,Du lịch - Khách sạn - Logistics - Hàng không - Dịch vụ,train
UEF:7380101,UEF,7380101,Ngành Luật,7380101,luat,standard,,C01;C03;C04;D01;X01;X02;A00;A01;C00;D09;D10;D11;D14;D15,C01,,https://diemthi.vnexpress.net/tra-cuu-dai-hoc/loadbenchmark/id/294/year/2026/sortby/1/block_name/-1,Trường Đại học Kinh tế - Tài chính tp. Hồ Chí Minh,TP. Hồ Chí Minh,2026,20.0,confirmed_2_sources,4,,80000000.0,80000000.0,observed,Luật,train
UEF:7380107,UEF,7380107,Luật kinh tế,7380107,luat,standard,,C01;C03;C04;D01;X01;X02;A00;A01;C00;D09;D10;D11;D14;D15,C01,,https://diemthi.vnexpress.net/tra-cuu-dai-hoc/loadbenchmark/id/294/year/2026/sortby/1/block_name/-1,Trường Đại học Kinh tế - Tài chính tp. Hồ Chí Minh,TP. Hồ Chí Minh,2026,20.0,confirmed_2_sources,4,,80000000.0,80000000.0,observed,Luật,train
UEF:7380108,UEF,7380108,Luật quốc tế,7380108,luat,international,,C01;C03;C04;D01;X01;X02;A00;A01;C00;D09;D10;D11;D14;D15,C01,"Học bằng tiếng Anh (thường cần trình độ tiếng Anh tốt, có thể yêu cầu IELTS/chứng chỉ khi nhập học) | Chương trình liên kết/quốc tế: học phí cao hơn chương trình chuẩn",https://diemthi.vnexpress.net/tra-cuu-dai-hoc/loadbenchmark/id/294/year/2026/sortby/1/block_name/-1,Trường Đại học Kinh tế - Tài chính tp. Hồ Chí Minh,TP. Hồ Chí Minh,2026,20.0,confirmed_2_sources,4,,80000000.0,80000000.0,observed,Luật,train
UEF:7380109,UEF,7380109,Luật Thương mại Quốc tế,7380109,luat,international,,C01;C03;C04;D01;X01;X02;A01;D09;D10;D11;D14;D15,C01,"Học bằng tiếng Anh (thường cần trình độ tiếng Anh tốt, có thể yêu cầu IELTS/chứng chỉ khi nhập học) | Chương trình liên kết/quốc tế: học phí cao hơn chương trình chuẩn",https://diemthi.vnexpress.net/tra-cuu-dai-hoc/loadbenchmark/id/294/year/2026/sortby/1/block_name/-1,Trường Đại học Kinh tế - Tài chính tp. Hồ Chí Minh,TP. Hồ Chí Minh,2026,20.0,confirmed_2_sources,2,,80000000.0,80000000.0,observed,Luật,train
UEF:7460108,UEF,7460108,Khoa học dữ liệu (Data Science),7460108,cntt,standard,,C01;C03;C04;D01;X01;X02;A00;A01;D09;D10;D11;D14;D15,C01,,https://diemthi.vnexpress.net/tra-cuu-dai-hoc/loadbenchmark/id/294/year/2026/sortby/1/block_name/-1,Trường Đại học Kinh tế - Tài chính tp. Hồ Chí Minh,TP. Hồ Chí Minh,2026,15.0,confirmed_2_sources,4,,80000000.0,80000000.0,observed,Công nghệ thông tin - Máy tính - Dữ liệu - AI,train
UEF:7480103,UEF,7480103,Kỹ thuật phần mềm,7480103,cntt,standard,,C01;C03;C04;D01;X01;X02;A00;A01;D09;D10;D11;D14;D15,C01,,https://diemthi.vnexpress.net/tra-cuu-dai-hoc/loadbenchmark/id/294/year/2026/sortby/1/block_name/-1,Trường Đại học Kinh tế - Tài chính tp. Hồ Chí Minh,TP. Hồ Chí Minh,2026,15.0,confirmed_2_sources,3,,80000000.0,80000000.0,observed,Công nghệ thông tin - Máy tính - Dữ liệu - AI,train
UEF:7480201,UEF,7480201,Công nghệ thông tin,7480201,cntt,standard,,C01;C03;C04;D01;X01;X02;A00;A01;D09;D10;D11;D14;D15,C01,,https://diemthi.vnexpress.net/tra-cuu-dai-hoc/loadbenchmark/id/294/year/2026/sortby/1/block_name/-1,Trường Đại học Kinh tế - Tài chính tp. Hồ Chí Minh,TP. Hồ Chí Minh,2026,15.0,confirmed_2_sources,4,,80000000.0,80000000.0,observed,Công nghệ thông tin - Máy tính - Dữ liệu - AI,train
UEF:7480208,UEF,7480208,An ninh mạng,7480208,cntt,standard,,C01;C03;C04;D01;X01;X02;A01;D09;D10;D11;D14;D15,C01,,https://diemthi.vnexpress.net/tra-cuu-dai-hoc/loadbenchmark/id/294/year/2026/sortby/1/block_name/-1,Trường Đại học Kinh tế - Tài chính tp. Hồ Chí Minh,TP. Hồ Chí Minh,2026,15.0,confirmed_2_sources,1,,80000000.0,80000000.0,estimated,Công nghệ thông tin - Máy tính - Dữ liệu - AI,train
UEF:7510605,UEF,7510605,Logistics và Quản lý chuỗi cung ứng,7510605,du_lich,standard,,C01;C03;C04;D01;X01;X02;A00;A01;C00;D09;D10;D11;D14;D15,C01,,https://diemthi.vnexpress.net/tra-cuu-dai-hoc/loadbenchmark/id/294/year/2026/sortby/1/block_name/-1,Trường Đại học Kinh tế - Tài chính tp. Hồ Chí Minh,TP. Hồ Chí Minh,2026,15.0,confirmed_2_sources,4,,80000000.0,80000000.0,observed,Du lịch - Khách sạn - Logistics - Hàng không - Dịch vụ,train
UEF:7810103,UEF,7810103,Quản trị dịch vụ du lịch và lữ hành,7810103,du_lich,standard,,C01;C03;C04;D01;X01;X02;A00;A01;C00;D09;D10;D11;D14;D15,C01,,https://diemthi.vnexpress.net/tra-cuu-dai-hoc/loadbenchmark/id/294/year/2026/sortby/1/block_name/-1,Trường Đại học Kinh tế - Tài chính tp. Hồ Chí Minh,TP. Hồ Chí Minh,2026,15.0,confirmed_2_sources,4,,80000000.0,80000000.0,observed,Du lịch - Khách sạn - Logistics - Hàng không - Dịch vụ,train
UEF:7810201,UEF,7810201,Quản trị khách sạn,7810201,du_lich,standard,,C01;C03;C04;D01;X01;X02;A00;A01;C00;D09;D10;D11;D14;D15,C01,,https://diemthi.vnexpress.net/tra-cuu-dai-hoc/loadbenchmark/id/294/year/2026/sortby/1/block_name/-1,Trường Đại học Kinh tế - Tài chính tp. Hồ Chí Minh,TP. Hồ Chí Minh,2026,15.0,confirmed_2_sources,4,,80000000.0,80000000.0,observed,Du lịch - Khách sạn - Logistics - Hàng không - Dịch vụ,train
UEF:7810202,UEF,7810202,Quản trị nhà hàng và dịch vụ ăn uống,7810202,du_lich,standard,,C01;C03;C04;D01;X01;X02;A00;A01;C00;D09;D10;D11;D14;D15,C01,,https://diemthi.vnexpress.net/tra-cuu-dai-hoc/loadbenchmark/id/294/year/2026/sortby/1/block_name/-1,Trường Đại học Kinh tế - Tài chính tp. Hồ Chí Minh,TP. Hồ Chí Minh,2026,15.0,confirmed_2_sources,4,,80000000.0,80000000.0,observed,Du lịch - Khách sạn - Logistics - Hàng không - Dịch vụ,train
XDA:XDA07,XDA,XDA07,Kỹ thuật xây dựng,,xay_dung,standard,,A00;A01;C01;D01;D07;X06,A00,,https://diemthi.vnexpress.net/tra-cuu-dai-hoc/loadbenchmark/id/429/year/2026/sortby/1/block_name/-1,Trường Đại học Xây dựng,Hà Nội,2026,24.45,confirmed_2_sources,1,300.0,,,missing,Kiến trúc - Xây dựng - Giao thông - Quy hoạch,train
XDA:XDA08,XDA,XDA08,Xây dựng dân dụng và công nghiệp,,xay_dung,standard,,A00;A01;C01;D07;D24;D29;X06,A00,,https://diemthi.vnexpress.net/tra-cuu-dai-hoc/loadbenchmark/id/429/year/2026/sortby/1/block_name/-1,Trường Đại học Xây dựng,Hà Nội,2026,18.75,disputed,1,400.0,,,missing,Kiến trúc - Xây dựng - Giao thông - Quy hoạch,train
XDA:XDA09,XDA,XDA09,Hệ thống kỹ thuật trong công trình,,xay_dung,standard,,A00;A01;C01;D07;X06,A00,,https://diemthi.vnexpress.net/tra-cuu-dai-hoc/loadbenchmark/id/429/year/2026/sortby/1/block_name/-1,Trường Đại học Xây dựng,Hà Nội,2026,23.94,confirmed_2_sources,1,100.0,,,missing,Kiến trúc - Xây dựng - Giao thông - Quy hoạch,train
XDA:XDA10,XDA,XDA10,Tin học xây dựng,,xay_dung,standard,,A00;A01;C01;D01;X06,A00,,https://diemthi.vnexpress.net/tra-cuu-dai-hoc/loadbenchmark/id/429/year/2026/sortby/1/block_name/-1,Trường Đại học Xây dựng,Hà Nội,2026,23.96,confirmed_2_sources,1,150.0,,,missing,Kiến trúc - Xây dựng - Giao thông - Quy hoạch,train
XDA:XDA11,XDA,XDA11,Kỹ thuật công trình biển,,xay_dung,standard,,A00;A01;C01;D01;D07;X06,A00,,https://diemthi.vnexpress.net/tra-cuu-dai-hoc/loadbenchmark/id/429/year/2026/sortby/1/block_name/-1,Trường Đại học Xây dựng,Hà Nội,2026,23.37,confirmed_2_sources,1,50.0,,,missing,Kiến trúc - Xây dựng - Giao thông - Quy hoạch,train
XDA:XDA12,XDA,XDA12,Kỹ thuật xây dựng công trình thủy,,xay_dung,standard,,A00;A01;C01;D01;D07;X06,A00,,https://diemthi.vnexpress.net/tra-cuu-dai-hoc/loadbenchmark/id/429/year/2026/sortby/1/block_name/-1,Trường Đại học Xây dựng,Hà Nội,2026,23.02,confirmed_2_sources,1,50.0,,,missing,Kiến trúc - Xây dựng - Giao thông - Quy hoạch,train
XDA:XDA13,XDA,XDA13,Xây dựng cầu đường,,xay_dung,standard,,A00;A01;C01;D01;D07;X06,A00,,https://diemthi.vnexpress.net/tra-cuu-dai-hoc/loadbenchmark/id/429/year/2026/sortby/1/block_name/-1,Trường Đại học Xây dựng,Hà Nội,2026,16.0,disputed,1,150.0,,,missing,Kiến trúc - Xây dựng - Giao thông - Quy hoạch,train
XDA:XDA14,XDA,XDA14,Đường sắt tốc độ cao và đường sắt đô thị,,xay_dung,standard,,A00;A01;C01;D01;D07;X06,A00,,https://diemthi.vnexpress.net/tra-cuu-dai-hoc/loadbenchmark/id/429/year/2026/sortby/1/block_name/-1,Trường Đại học Xây dựng,Hà Nội,2026,24.26,confirmed_2_sources,1,50.0,,,missing,Kiến trúc - Xây dựng - Giao thông - Quy hoạch,train
XDA:XDA15,XDA,XDA15,Kỹ thuật Cấp thoát nước/Kỹ thuật nước - Môi trường nước,,nong_lam_mt,standard,,A00;A01;A02;B00;C01;C02;D07;X06;X14,A00,,https://diemthi.vnexpress.net/tra-cuu-dai-hoc/loadbenchmark/id/429/year/2026/sortby/1/block_name/-1,Trường Đại học Xây dựng,Hà Nội,2026,16.0,disputed,1,100.0,,,missing,Nông - Lâm - Thủy sản - Môi trường - Tài nguyên,train
XDA:XDA16,XDA,XDA16,Kinh tế xây dựng,,xay_dung,standard,,A00;A01;C01;D01;D07;X05;X06;X26,A00,,https://diemthi.vnexpress.net/tra-cuu-dai-hoc/loadbenchmark/id/429/year/2026/sortby/1/block_name/-1,Trường Đại học Xây dựng,Hà Nội,2026,17.0,disputed,1,450.0,,,missing,Kiến trúc - Xây dựng - Giao thông - Quy hoạch,train
XDA:XDA17,XDA,XDA17,Quản lý xây dựng/ Kinh tế và quản lý đô thị,,xay_dung,standard,,A00;A01;C01;D01;D07;X05;X06;X26,A00,,https://diemthi.vnexpress.net/tra-cuu-dai-hoc/loadbenchmark/id/429/year/2026/sortby/1/block_name/-1,Trường Đại học Xây dựng,Hà Nội,2026,24.1,confirmed_2_sources,2,100.0,,,missing,Kiến trúc - Xây dựng - Giao thông - Quy hoạch,train
XDA:XDA18,XDA,XDA18,Quản lý xây dựng/ Kinh tê và quản lý bất động sản,,xay_dung,standard,,A00;A01;C01;D01;D07;X05;X06;X26,A00,,https://diemthi.vnexpress.net/tra-cuu-dai-hoc/loadbenchmark/id/429/year/2026/sortby/1/block_name/-1,Trường Đại học Xây dựng,Hà Nội,2026,23.5,confirmed_2_sources,2,100.0,,,missing,Kiến trúc - Xây dựng - Giao thông - Quy hoạch,train
XDA:XDA19,XDA,XDA19,"Quản lý xây dựng/ Quả lý hạ tầng, đất đai đô thị (*)",,xay_dung,standard,,A00;A01;C01;D01;D07;X05;X06;X26,A00,,https://diemthi.vnexpress.net/tra-cuu-dai-hoc/loadbenchmark/id/429/year/2026/sortby/1/block_name/-1,Trường Đại học Xây dựng,Hà Nội,2026,23.47,confirmed_2_sources,1,100.0,,,missing,Kiến trúc - Xây dựng - Giao thông - Quy hoạch,train
XDA:XDA20,XDA,XDA20,Quản lý xây dựng/ Kiểm toán đầu tư xây dựng (*),,tai_chinh,standard,,A00;A01;C01;D01;D07;X05;X06;X26,A00,,https://diemthi.vnexpress.net/tra-cuu-dai-hoc/loadbenchmark/id/429/year/2026/sortby/1/block_name/-1,Trường Đại học Xây dựng,Hà Nội,2026,24.3,confirmed_2_sources,1,50.0,,,missing,Tài chính - Ngân hàng - Kế toán - Kiểm toán - Bảo hiểm,train
XDA:XDA21,XDA,XDA21,Công nghệ kỹ thuật xây dựng,,xay_dung,standard,,A00;A01;C01;D07;X06;X26,A00,,https://diemthi.vnexpress.net/tra-cuu-dai-hoc/loadbenchmark/id/429/year/2026/sortby/1/block_name/-1,Trường Đại học Xây dựng,Hà Nội,2026,24.42,confirmed_2_sources,1,50.0,,,missing,Kiến trúc - Xây dựng - Giao thông - Quy hoạch,train
XDA:XDA22,XDA,XDA22,Công nghệ kỹ thuật vật liệu xây dựng,,xay_dung,standard,,A00;A01;A02;B00;C01;C02;D07;X06,A00,,https://diemthi.vnexpress.net/tra-cuu-dai-hoc/loadbenchmark/id/429/year/2026/sortby/1/block_name/-1,Trường Đại học Xây dựng,Hà Nội,2026,23.72,confirmed_2_sources,2,100.0,,,missing,Kiến trúc - Xây dựng - Giao thông - Quy hoạch,train
XDA:XDA23,XDA,XDA23,Logistics và Quản lý chuỗi cung ứng (*),,du_lich,standard,,A00;A01;C01;D01;D07;X05;X06;X26,A00,,https://diemthi.vnexpress.net/tra-cuu-dai-hoc/loadbenchmark/id/429/year/2026/sortby/1/block_name/-1,Trường Đại học Xây dựng,Hà Nội,2026,17.0,disputed,1,200.0,,,missing,Du lịch - Khách sạn - Logistics - Hàng không - Dịch vụ,train
XDA:XDA24,XDA,XDA24,Logistics và Quản lý chuỗi cung ứng/ Logistics đô thị (*),,du_lich,standard,,A00;A01;C01;D01;D07;X05;X06;X26,A00,,https://diemthi.vnexpress.net/tra-cuu-dai-hoc/loadbenchmark/id/429/year/2026/sortby/1/block_name/-1,Trường Đại học Xây dựng,Hà Nội,2026,24.75,confirmed_2_sources,2,50.0,,,missing,Du lịch - Khách sạn - Logistics - Hàng không - Dịch vụ,train
XDA:XDA25,XDA,XDA25,Logistics và Quản lý chuỗi cung ứng/ Logistics công nghiệp (*),,du_lich,standard,,A00;A01;C01;D01;D07;X05;X06;X26,A00,,https://diemthi.vnexpress.net/tra-cuu-dai-hoc/loadbenchmark/id/429/year/2026/sortby/1/block_name/-1,Trường Đại học Xây dựng,Hà Nội,2026,24.97,confirmed_2_sources,2,50.0,,,missing,Du lịch - Khách sạn - Logistics - Hàng không - Dịch vụ,train
XDA:XDA26,XDA,XDA26,Công nghệ thông tin,,cntt,standard,,A00;A01;C01;D01;X06;X26,A00,,https://diemthi.vnexpress.net/tra-cuu-dai-hoc/loadbenchmark/id/429/year/2026/sortby/1/block_name/-1,Trường Đại học Xây dựng,Hà Nội,2026,23.76,confirmed_2_sources,2,250.0,,,missing,Công nghệ thông tin - Máy tính - Dữ liệu - AI,train
XDA:XDA27,XDA,XDA27,Công nghệ thông tin/Công nghệ đa phương tiện (*),,cntt,standard,,A00;A01;C01;D01;X06;X26,A00,,https://diemthi.vnexpress.net/tra-cuu-dai-hoc/loadbenchmark/id/429/year/2026/sortby/1/block_name/-1,Trường Đại học Xây dựng,Hà Nội,2026,23.17,confirmed_2_sources,1,100.0,,,missing,Công nghệ thông tin - Máy tính - Dữ liệu - AI,train
XDA:XDA28,XDA,XDA28,Công nghệ thông tin/ An toàn thông tin,,cntt,standard,,A00;A01;C01;D01;X06;X26,A00,,https://diemthi.vnexpress.net/tra-cuu-dai-hoc/loadbenchmark/id/429/year/2026/sortby/1/block_name/-1,Trường Đại học Xây dựng,Hà Nội,2026,24.86,confirmed_2_sources,2,50.0,,,missing,Công nghệ thông tin - Máy tính - Dữ liệu - AI,train
XDA:XDA29,XDA,XDA29,Khoa học máy tính,,cntt,standard,,A00;A01;C01;D01;X06;X26,A00,,https://diemthi.vnexpress.net/tra-cuu-dai-hoc/loadbenchmark/id/429/year/2026/sortby/1/block_name/-1,Trường Đại học Xây dựng,Hà Nội,2026,24.63,confirmed_2_sources,1,100.0,,,missing,Công nghệ thông tin - Máy tính - Dữ liệu - AI,train
XDA:XDA30,XDA,XDA30,Khoa học dữ liệu (*),,cntt,standard,,A00;A01;C01;D01;X06;X26,A00,,https://diemthi.vnexpress.net/tra-cuu-dai-hoc/loadbenchmark/id/429/year/2026/sortby/1/block_name/-1,Trường Đại học Xây dựng,Hà Nội,2026,24.67,confirmed_2_sources,1,50.0,,,missing,Công nghệ thông tin - Máy tính - Dữ liệu - AI,train
XDA:XDA31,XDA,XDA31,Kỹ thuật cơ khí,,ky_thuat,standard,,A00;A01;C01;X06,A00,,https://diemthi.vnexpress.net/tra-cuu-dai-hoc/loadbenchmark/id/429/year/2026/sortby/1/block_name/-1,Trường Đại học Xây dựng,Hà Nội,2026,26.14,confirmed_2_sources,1,100.0,,,missing,"Kỹ thuật - Công nghệ (cơ khí, điện, điện tử, ô tô, tự động hóa, vật liệu)",train
XDA:XDA32,XDA,XDA32,Kỹ thuật cơ khí/ Máy xây dựng,,xay_dung,standard,,A00;A01;C01;X06,A00,,https://diemthi.vnexpress.net/tra-cuu-dai-hoc/loadbenchmark/id/429/year/2026/sortby/1/block_name/-1,Trường Đại học Xây dựng,Hà Nội,2026,23.92,confirmed_2_sources,1,100.0,,,missing,Kiến trúc - Xây dựng - Giao thông - Quy hoạch,train
XDA:XDA33,XDA,XDA33,Kỹ thuật cơ khí/ Kỹ thuật cơ điện,,ky_thuat,standard,,A00;A01;C01;X06,A00,,https://diemthi.vnexpress.net/tra-cuu-dai-hoc/loadbenchmark/id/429/year/2026/sortby/1/block_name/-1,Trường Đại học Xây dựng,Hà Nội,2026,25.7,confirmed_2_sources,1,100.0,,,missing,"Kỹ thuật - Công nghệ (cơ khí, điện, điện tử, ô tô, tự động hóa, vật liệu)",train
XDA:XDA34,XDA,XDA34,Kỹ thuật cơ khí/ Kỹ thuật ô tô,,ky_thuat,standard,,A00;A01;C01;X06,A00,,https://diemthi.vnexpress.net/tra-cuu-dai-hoc/loadbenchmark/id/429/year/2026/sortby/1/block_name/-1,Trường Đại học Xây dựng,Hà Nội,2026,24.89,confirmed_2_sources,1,100.0,,,missing,"Kỹ thuật - Công nghệ (cơ khí, điện, điện tử, ô tô, tự động hóa, vật liệu)",train
XDA:XDA35,XDA,XDA35,Kỹ thuật cơ điện tử,,ky_thuat,standard,,A00;A01;C01;X06,A00,,https://diemthi.vnexpress.net/tra-cuu-dai-hoc/loadbenchmark/id/429/year/2026/sortby/1/block_name/-1,Trường Đại học Xây dựng,Hà Nội,2026,26.67,confirmed_2_sources,1,50.0,,,missing,"Kỹ thuật - Công nghệ (cơ khí, điện, điện tử, ô tô, tự động hóa, vật liệu)",train
XDA:XDA36,XDA,XDA36,Kỹ thuật điện,,ky_thuat,standard,,A00;A01;C01;X06,A00,,https://diemthi.vnexpress.net/tra-cuu-dai-hoc/loadbenchmark/id/429/year/2026/sortby/1/block_name/-1,Trường Đại học Xây dựng,Hà Nội,2026,26.62,confirmed_2_sources,1,50.0,,,missing,"Kỹ thuật - Công nghệ (cơ khí, điện, điện tử, ô tô, tự động hóa, vật liệu)",train
XDA:XDA37,XDA,XDA37,Kỹ thuật điều khiển và tự động hóa,,ky_thuat,standard,,A00;A01;C01;X06,A00,,https://diemthi.vnexpress.net/tra-cuu-dai-hoc/loadbenchmark/id/429/year/2026/sortby/1/block_name/-1,Trường Đại học Xây dựng,Hà Nội,2026,28.0,confirmed_2_sources,1,50.0,,,missing,"Kỹ thuật - Công nghệ (cơ khí, điện, điện tử, ô tô, tự động hóa, vật liệu)",train
XDA:XDA38,XDA,XDA38,Kỹ thuật vật liệu,,ky_thuat,standard,,A00;A01;A02;B00;C01;C02;D07;X06,A00,,https://diemthi.vnexpress.net/tra-cuu-dai-hoc/loadbenchmark/id/429/year/2026/sortby/1/block_name/-1,Trường Đại học Xây dựng,Hà Nội,2026,25.3,confirmed_2_sources,1,50.0,,,missing,"Kỹ thuật - Công nghệ (cơ khí, điện, điện tử, ô tô, tự động hóa, vật liệu)",train
XDA:XDA39,XDA,XDA39,Kỹ thuật Môi trường,,nong_lam_mt,standard,,A00;A01;A02;B00;C01;C02;D07;X06;X14,A00,,https://diemthi.vnexpress.net/tra-cuu-dai-hoc/loadbenchmark/id/429/year/2026/sortby/1/block_name/-1,Trường Đại học Xây dựng,Hà Nội,2026,22.82,confirmed_2_sources,1,50.0,,,missing,Nông - Lâm - Thủy sản - Môi trường - Tài nguyên,train
XDA:XDA40,XDA,XDA40,Quản lý dự án (*),,kinh_te,standard,,A00;A01;C01;D01;D07;X05;X06;X26,A00,,https://diemthi.vnexpress.net/tra-cuu-dai-hoc/loadbenchmark/id/429/year/2026/sortby/1/block_name/-1,Trường Đại học Xây dựng,Hà Nội,2026,24.5,confirmed_2_sources,1,100.0,,,missing,Kinh tế - Kinh doanh - Quản trị - Marketing - Thương mại,train
XDA:XDA42,XDA,XDA42,Kỹ thuật xây dựng (Chương trình đào tạo Kỹ sư chất lượng cao -PFIEV),,xay_dung,high_quality,,A00;A01;C01;D07;D24;D29;X06,A00,,https://diemthi.vnexpress.net/tra-cuu-dai-hoc/loadbenchmark/id/429/year/2026/sortby/1/block_name/-1,Trường Đại học Xây dựng,Hà Nội,2026,23.0,confirmed_2_sources,1,100.0,,,missing,Kiến trúc - Xây dựng - Giao thông - Quy hoạch,train
XDA:XDA43,XDA,XDA43,Kỹ thuật xây dựng,,xay_dung,standard,,A00;A01;C01;D01;D07;X06,A00,,https://diemthi.vnexpress.net/tra-cuu-dai-hoc/loadbenchmark/id/429/year/2026/sortby/1/block_name/-1,Trường Đại học Xây dựng,Hà Nội,2026,22.4,confirmed_2_sources,1,30.0,,,missing,Kiến trúc - Xây dựng - Giao thông - Quy hoạch,train
XDA:XDA44,XDA,XDA44,Khoa học Máy tính,,cntt,standard,,A00;A01;C01;D01;X06;X26,A00,,https://diemthi.vnexpress.net/tra-cuu-dai-hoc/loadbenchmark/id/429/year/2026/sortby/1/block_name/-1,Trường Đại học Xây dựng,Hà Nội,2026,22.6,confirmed_2_sources,1,30.0,,,missing,Công nghệ thông tin - Máy tính - Dữ liệu - AI,train
YDS:7310401,YDS,7310401,Tâm lý học,7310401,xa_hoi,standard,,A00;B00;D01,A00,,https://diemthi.vnexpress.net/tra-cuu-dai-hoc/loadbenchmark/id/298/year/2026/sortby/1/block_name/-1,Trường Đại học Y dược TP.HCM,TP. Hồ Chí Minh,2026,23.48,confirmed_2_sources,1,60.0,30000000.0,30000000.0,observed,Khoa học xã hội - Tâm lý - Nhân văn - Chính trị - Hành chính,train
YDS:7720101,YDS,7720101,Y khoa,7720101,y_duoc,standard,,B00,B00,Khối sức khỏe: có ngưỡng điểm sàn của Bộ,https://diemthi.vnexpress.net/tra-cuu-dai-hoc/loadbenchmark/id/298/year/2026/sortby/1/block_name/-1,Trường Đại học Y dược TP.HCM,TP. Hồ Chí Minh,2026,27.95,confirmed_2_sources,9,420.0,88000000.0,88000000.0,observed,Y - Dược - Điều dưỡng - Sức khỏe,train
YDS:7720110,YDS,7720110,Y học dự phòng,7720110,y_duoc,standard,,A00;B00;B08,A00,Khối sức khỏe: có ngưỡng điểm sàn của Bộ,https://diemthi.vnexpress.net/tra-cuu-dai-hoc/loadbenchmark/id/298/year/2026/sortby/1/block_name/-1,Trường Đại học Y dược TP.HCM,TP. Hồ Chí Minh,2026,20.0,confirmed_2_sources,9,120.0,55000000.0,55000000.0,observed,Y - Dược - Điều dưỡng - Sức khỏe,train
YDS:7720115,YDS,7720115,Y học cổ truyền,7720115,y_duoc,standard,,B00;B08;D07,B00,Khối sức khỏe: có ngưỡng điểm sàn của Bộ,https://vietnamnet.vn/newsapi-edu/UniversityDetail/GetDetail?pageId=49ff289efde0446f9ae2f5c385595744&componentId=COMPONENT002302&keyword=YDS&year=2026&pageSize=25&pageIndex=1&typeOfTraining=0&subjectGroup=,Trường Đại học Y dược TP.HCM,TP. Hồ Chí Minh,2026,22.25,confirmed_2_sources,9,231.0,55000000.0,55000000.0,observed,Y - Dược - Điều dưỡng - Sức khỏe,train
YDS:7720201,YDS,7720201,Dược học,7720201,y_duoc,standard,,A00;B00;D07,A00,Khối sức khỏe: có ngưỡng điểm sàn của Bộ,https://diemthi.vnexpress.net/tra-cuu-dai-hoc/loadbenchmark/id/298/year/2026/sortby/1/block_name/-1,Trường Đại học Y dược TP.HCM,TP. Hồ Chí Minh,2026,22.5,confirmed_2_sources,9,530.0,63500000.0,63500000.0,observed,Y - Dược - Điều dưỡng - Sức khỏe,train
YDS:7720202,YDS,7720202,Công nghệ dược phẩm,7720202,y_duoc,standard,,A00;B00;D07,A00,Khối sức khỏe: có ngưỡng điểm sàn của Bộ,https://diemthi.vnexpress.net/tra-cuu-dai-hoc/loadbenchmark/id/298/year/2026/sortby/1/block_name/-1,Trường Đại học Y dược TP.HCM,TP. Hồ Chí Minh,2026,21.75,confirmed_2_sources,1,60.0,53500000.0,53500000.0,observed,Y - Dược - Điều dưỡng - Sức khỏe,train
YDS:7720203,YDS,7720203,Hoá dược,7720203,y_duoc,standard,,A00;B00;D07,A00,Khối sức khỏe: có ngưỡng điểm sàn của Bộ,https://diemthi.vnexpress.net/tra-cuu-dai-hoc/loadbenchmark/id/298/year/2026/sortby/1/block_name/-1,Trường Đại học Y dược TP.HCM,TP. Hồ Chí Minh,2026,23.5,confirmed_2_sources,3,60.0,52500000.0,52500000.0,observed,Y - Dược - Điều dưỡng - Sức khỏe,train
YDS:7720301,YDS,7720301,Điều dưỡng,7720301,y_duoc,standard,,A00;B00;D07,A00,Khối sức khỏe: có ngưỡng điểm sàn của Bộ,https://diemthi.vnexpress.net/tra-cuu-dai-hoc/loadbenchmark/id/298/year/2026/sortby/1/block_name/-1,Trường Đại học Y dược TP.HCM,TP. Hồ Chí Minh,2026,21.0,confirmed_2_sources,9,250.0,48000000.0,48000000.0,observed,Y - Dược - Điều dưỡng - Sức khỏe,train
YDS:7720301_03,YDS,7720301_03,Điều dưỡng chuyên ngành Gây mê hồi sức,7720301,y_duoc,standard,,A00;B00;D07,A00,Khối sức khỏe: có ngưỡng điểm sàn của Bộ,https://diemthi.vnexpress.net/tra-cuu-dai-hoc/loadbenchmark/id/298/year/2026/sortby/1/block_name/-1,Trường Đại học Y dược TP.HCM,TP. Hồ Chí Minh,2026,21.75,single_source,9,120.0,48000000.0,48000000.0,observed,Y - Dược - Điều dưỡng - Sức khỏe,train
YDS:7720302,YDS,7720302,Hộ sinh,7720302,y_duoc,standard,,A00;B00;D07,A00,Khối sức khỏe: có ngưỡng điểm sàn của Bộ,https://diemthi.vnexpress.net/tra-cuu-dai-hoc/loadbenchmark/id/298/year/2026/sortby/1/block_name/-1,Trường Đại học Y dược TP.HCM,TP. Hồ Chí Minh,2026,19.25,confirmed_2_sources,5,120.0,48000000.0,48000000.0,observed,Y - Dược - Điều dưỡng - Sức khỏe,train
YDS:7720401,YDS,7720401,Dinh dưỡng,7720401,y_duoc,standard,,A00;B00;D07,A00,Khối sức khỏe: có ngưỡng điểm sàn của Bộ,https://diemthi.vnexpress.net/tra-cuu-dai-hoc/loadbenchmark/id/298/year/2026/sortby/1/block_name/-1,Trường Đại học Y dược TP.HCM,TP. Hồ Chí Minh,2026,20.25,confirmed_2_sources,9,80.0,48000000.0,48000000.0,observed,Y - Dược - Điều dưỡng - Sức khỏe,train
YDS:7720501,YDS,7720501,Răng- Hàm -Mặt,7720501,y_duoc,standard,,B00,B00,Khối sức khỏe: có ngưỡng điểm sàn của Bộ,https://diemthi.vnexpress.net/tra-cuu-dai-hoc/loadbenchmark/id/298/year/2026/sortby/1/block_name/-1,Trường Đại học Y dược TP.HCM,TP. Hồ Chí Minh,2026,27.11,confirmed_2_sources,9,135.0,90000000.0,90000000.0,observed,Y - Dược - Điều dưỡng - Sức khỏe,train
YDS:7720502,YDS,7720502,Kỹ thuật phục hình răng,7720502,y_duoc,standard,,A00;B00,A00,Khối sức khỏe: có ngưỡng điểm sàn của Bộ,https://diemthi.vnexpress.net/tra-cuu-dai-hoc/loadbenchmark/id/298/year/2026/sortby/1/block_name/-1,Trường Đại học Y dược TP.HCM,TP. Hồ Chí Minh,2026,22.75,confirmed_2_sources,9,40.0,50000000.0,50000000.0,observed,Y - Dược - Điều dưỡng - Sức khỏe,train
YDS:7720601,YDS,7720601,Kỹ thuật xét nghiệm y học,7720601,y_duoc,standard,,A00;B00;D07,A00,Khối sức khỏe: có ngưỡng điểm sàn của Bộ,https://diemthi.vnexpress.net/tra-cuu-dai-hoc/loadbenchmark/id/298/year/2026/sortby/1/block_name/-1,Trường Đại học Y dược TP.HCM,TP. Hồ Chí Minh,2026,21.85,confirmed_2_sources,9,170.0,48000000.0,48000000.0,observed,Y - Dược - Điều dưỡng - Sức khỏe,train
YDS:7720602,YDS,7720602,Kỹ thuật hình ảnh y học,7720602,y_duoc,standard,,A00;B00;D07,A00,Khối sức khỏe: có ngưỡng điểm sàn của Bộ,https://diemthi.vnexpress.net/tra-cuu-dai-hoc/loadbenchmark/id/298/year/2026/sortby/1/block_name/-1,Trường Đại học Y dược TP.HCM,TP. Hồ Chí Minh,2026,21.25,confirmed_2_sources,9,100.0,48000000.0,48000000.0,observed,Y - Dược - Điều dưỡng - Sức khỏe,train
YDS:7720603,YDS,7720603,Kỹ thuật phục hồi chức năng,7720603,y_duoc,standard,,A00;B00;D07,A00,Khối sức khỏe: có ngưỡng điểm sàn của Bộ,https://diemthi.vnexpress.net/tra-cuu-dai-hoc/loadbenchmark/id/298/year/2026/sortby/1/block_name/-1,Trường Đại học Y dược TP.HCM,TP. Hồ Chí Minh,2026,21.6,confirmed_2_sources,9,100.0,48000000.0,48000000.0,observed,Y - Dược - Điều dưỡng - Sức khỏe,train
YDS:7720701,YDS,7720701,Y tế công cộng,7720701,y_duoc,standard,,A00;B00;B08,A00,Khối sức khỏe: có ngưỡng điểm sàn của Bộ,https://diemthi.vnexpress.net/tra-cuu-dai-hoc/loadbenchmark/id/298/year/2026/sortby/1/block_name/-1,Trường Đại học Y dược TP.HCM,TP. Hồ Chí Minh,2026,18.85,confirmed_2_sources,9,90.0,46000000.0,46000000.0,observed,Y - Dược - Điều dưỡng - Sức khỏe,train
YDS:7760101,YDS,7760101,Công tác xã hội,7760101,xa_hoi,standard,,A00;B00;D01;B03;B08;A01,A00,,https://diemthi.vnexpress.net/tra-cuu-dai-hoc/loadbenchmark/id/298/year/2026/sortby/1/block_name/-1,Trường Đại học Y dược TP.HCM,TP. Hồ Chí Minh,2026,18.25,confirmed_2_sources,2,60.0,30000000.0,30000000.0,observed,Khoa học xã hội - Tâm lý - Nhân văn - Chính trị - Hành chính,train
YHB:7310401,YHB,7310401,Tâm lý học,7310401,xa_hoi,standard,,A01;D01;D07;D10;B00,A01,,https://diemthi.vnexpress.net/tra-cuu-dai-hoc/loadbenchmark/id/432/year/2026/sortby/1/block_name/-1,Trường Đại học Y Hà Nội,Hà Nội,2026,25.3,confirmed_2_sources,3,88.0,19100000.0,19100000.0,observed,Khoa học xã hội - Tâm lý - Nhân văn - Chính trị - Hành chính,val
YHB:7720101,YHB,7720101,Y khoa,7720101,y_duoc,standard,,B00,B00,Khối sức khỏe: có ngưỡng điểm sàn của Bộ,https://diemthi.vnexpress.net/tra-cuu-dai-hoc/loadbenchmark/id/432/year/2026/sortby/1/block_name/-1,Trường Đại học Y Hà Nội,Hà Nội,2026,28.5,confirmed_2_sources,8,440.0,70000000.0,70000000.0,observed,Y - Dược - Điều dưỡng - Sức khỏe,val
YHB:7720101YHT,YHB,7720101YHT,Y khoa phân hiệu Thanh Hóa,7720101,y_duoc,standard,Thanh Hóa,B00,B00,Khối sức khỏe: có ngưỡng điểm sàn của Bộ | Học tại Thanh Hóa,https://diemthi.vnexpress.net/tra-cuu-dai-hoc/loadbenchmark/id/432/year/2026/sortby/1/block_name/-1,Trường Đại học Y Hà Nội,Hà Nội,2026,26.25,single_source,4,150.0,70000000.0,70000000.0,observed,Y - Dược - Điều dưỡng - Sức khỏe,val
YHB:7720110,YHB,7720110,Y học dự phòng,7720110,y_duoc,standard,,A00;B00;D07,A00,Khối sức khỏe: có ngưỡng điểm sàn của Bộ,https://diemthi.vnexpress.net/tra-cuu-dai-hoc/loadbenchmark/id/432/year/2026/sortby/1/block_name/-1,Trường Đại học Y Hà Nội,Hà Nội,2026,20.25,confirmed_2_sources,8,100.0,35000000.0,35000000.0,observed,Y - Dược - Điều dưỡng - Sức khỏe,val
YHB:7720115,YHB,7720115,Y học cổ truyền,7720115,y_duoc,standard,,A00;B00,A00,Khối sức khỏe: có ngưỡng điểm sàn của Bộ,https://diemthi.vnexpress.net/tra-cuu-dai-hoc/loadbenchmark/id/432/year/2026/sortby/1/block_name/-1,Trường Đại học Y Hà Nội,Hà Nội,2026,24.7,confirmed_2_sources,8,80.0,70000000.0,70000000.0,observed,Y - Dược - Điều dưỡng - Sức khỏe,val
YHB:7720301,YHB,7720301,Điều dưỡng,7720301,y_duoc,standard,,A00;B00;D07,A00,Khối sức khỏe: có ngưỡng điểm sàn của Bộ,https://diemthi.vnexpress.net/tra-cuu-dai-hoc/loadbenchmark/id/432/year/2026/sortby/1/block_name/-1,Trường Đại học Y Hà Nội,Hà Nội,2026,22.99,confirmed_2_sources,8,130.0,53200000.0,53200000.0,observed,Y - Dược - Điều dưỡng - Sức khỏe,val
YHB:7720301YHT,YHB,7720301YHT,Điều dưỡng phân hiệu Thanh Hóa,7720301,y_duoc,standard,Thanh Hóa,A00;B00;D07,A00,Khối sức khỏe: có ngưỡng điểm sàn của Bộ | Học tại Thanh Hóa,https://diemthi.vnexpress.net/tra-cuu-dai-hoc/loadbenchmark/id/432/year/2026/sortby/1/block_name/-1,Trường Đại học Y Hà Nội,Hà Nội,2026,19.2,single_source,4,100.0,53200000.0,53200000.0,observed,Y - Dược - Điều dưỡng - Sức khỏe,val
YHB:7720302,YHB,7720302,Hộ sinh,7720302,y_duoc,standard,,A00;B00;D07,A00,Khối sức khỏe: có ngưỡng điểm sàn của Bộ,https://diemthi.vnexpress.net/tra-cuu-dai-hoc/loadbenchmark/id/432/year/2026/sortby/1/block_name/-1,Trường Đại học Y Hà Nội,Hà Nội,2026,21.8,confirmed_2_sources,3,70.0,53200000.0,53200000.0,observed,Y - Dược - Điều dưỡng - Sức khỏe,val
YHB:7720401,YHB,7720401,Dinh dưỡng,7720401,y_duoc,standard,,A00;B00;D07,A00,Khối sức khỏe: có ngưỡng điểm sàn của Bộ,https://diemthi.vnexpress.net/tra-cuu-dai-hoc/loadbenchmark/id/432/year/2026/sortby/1/block_name/-1,Trường Đại học Y Hà Nội,Hà Nội,2026,20.5,confirmed_2_sources,7,110.0,26600000.0,26600000.0,observed,Y - Dược - Điều dưỡng - Sức khỏe,val
YHB:7720501,YHB,7720501,Răng- Hàm -Mặt,7720501,y_duoc,standard,,B00,B00,Khối sức khỏe: có ngưỡng điểm sàn của Bộ,https://diemthi.vnexpress.net/tra-cuu-dai-hoc/loadbenchmark/id/432/year/2026/sortby/1/block_name/-1,Trường Đại học Y Hà Nội,Hà Nội,2026,27.57,confirmed_2_sources,8,120.0,80000000.0,80000000.0,observed,Y - Dược - Điều dưỡng - Sức khỏe,val
YHB:7720502,YHB,7720502,Kỹ thuật phục hình răng,7720502,y_duoc,standard,,A00;B00,A00,Khối sức khỏe: có ngưỡng điểm sàn của Bộ,https://diemthi.vnexpress.net/tra-cuu-dai-hoc/loadbenchmark/id/432/year/2026/sortby/1/block_name/-1,Trường Đại học Y Hà Nội,Hà Nội,2026,22.85,confirmed_2_sources,3,50.0,53200000.0,53200000.0,observed,Y - Dược - Điều dưỡng - Sức khỏe,val
YHB:7720601,YHB,7720601,Kỹ thuật xét nghiệm y học,7720601,y_duoc,standard,,A00;B00,A00,Khối sức khỏe: có ngưỡng điểm sàn của Bộ,https://diemthi.vnexpress.net/tra-cuu-dai-hoc/loadbenchmark/id/432/year/2026/sortby/1/block_name/-1,Trường Đại học Y Hà Nội,Hà Nội,2026,24.17,confirmed_2_sources,8,80.0,53200000.0,53200000.0,observed,Y - Dược - Điều dưỡng - Sức khỏe,val
YHB:7720601YHT,YHB,7720601YHT,Kỹ thuật Xét nghiệm y học Phân hiệu Thanh Hóa,,y_duoc,standard,Thanh Hóa,B00;A00,B00,Khối sức khỏe: có ngưỡng điểm sàn của Bộ | Học tại Thanh Hóa,https://diemthi.vnexpress.net/tra-cuu-dai-hoc/loadbenchmark/id/432/year/2026/sortby/1/block_name/-1,Trường Đại học Y Hà Nội,Hà Nội,2026,19.35,single_source,3,,53200000.0,53200000.0,observed,Y - Dược - Điều dưỡng - Sức khỏe,val
YHB:7720602,YHB,7720602,Kỹ thuật hình ảnh y học,7720602,y_duoc,standard,,A00;B00,A00,Khối sức khỏe: có ngưỡng điểm sàn của Bộ,https://diemthi.vnexpress.net/tra-cuu-dai-hoc/loadbenchmark/id/432/year/2026/sortby/1/block_name/-1,Trường Đại học Y Hà Nội,Hà Nội,2026,23.75,confirmed_2_sources,2,100.0,53200000.0,53200000.0,observed,Y - Dược - Điều dưỡng - Sức khỏe,val
YHB:7720602YHT,YHB,7720602YHT,Kỹ thuật hình ảnh y học (Phân hiệu Thanh Hóa),,y_duoc,standard,Thanh Hóa,A00;B00,A00,Khối sức khỏe: có ngưỡng điểm sàn của Bộ | Học tại Thanh Hóa,https://diemthi.vnexpress.net/tra-cuu-dai-hoc/loadbenchmark/id/432/year/2026/sortby/1/block_name/-1,Trường Đại học Y Hà Nội,Hà Nội,2026,19.2,single_source,1,,53200000.0,53200000.0,observed,Y - Dược - Điều dưỡng - Sức khỏe,val
YHB:7720603,YHB,7720603,Kỹ thuật phục hồi chức năng,7720603,y_duoc,standard,,A00;B00,A00,Khối sức khỏe: có ngưỡng điểm sàn của Bộ,https://diemthi.vnexpress.net/tra-cuu-dai-hoc/loadbenchmark/id/432/year/2026/sortby/1/block_name/-1,Trường Đại học Y Hà Nội,Hà Nội,2026,23.7,confirmed_2_sources,4,70.0,53200000.0,53200000.0,observed,Y - Dược - Điều dưỡng - Sức khỏe,val
YHB:7720603YHT,YHB,7720603YHT,Kỹ thuật phục hồi chức năng Phân hiệu Thanh Hóa,,y_duoc,standard,Thanh Hóa,B00;A00,B00,Khối sức khỏe: có ngưỡng điểm sàn của Bộ | Học tại Thanh Hóa,https://diemthi.vnexpress.net/tra-cuu-dai-hoc/loadbenchmark/id/432/year/2026/sortby/1/block_name/-1,Trường Đại học Y Hà Nội,Hà Nội,2026,19.95,single_source,3,,53200000.0,53200000.0,observed,Y - Dược - Điều dưỡng - Sức khỏe,val
YHB:7720609,YHB,7720609,Khúc xạ nhãn khoa,7720609,y_duoc,standard,,A00;B00,A00,Khối sức khỏe: có ngưỡng điểm sàn của Bộ,https://diemthi.vnexpress.net/tra-cuu-dai-hoc/loadbenchmark/id/432/year/2026/sortby/1/block_name/-1,Trường Đại học Y Hà Nội,Hà Nội,2026,23.1,confirmed_2_sources,1,80.0,53200000.0,53200000.0,observed,Y - Dược - Điều dưỡng - Sức khỏe,val
YHB:7720701,YHB,7720701,Y tế công cộng,7720701,y_duoc,standard,,A01;D01;D07;D10;B00;B08,A01,Khối sức khỏe: có ngưỡng điểm sàn của Bộ,https://diemthi.vnexpress.net/tra-cuu-dai-hoc/loadbenchmark/id/432/year/2026/sortby/1/block_name/-1,Trường Đại học Y Hà Nội,Hà Nội,2026,20.8,confirmed_2_sources,8,80.0,26600000.0,26600000.0,observed,Y - Dược - Điều dưỡng - Sức khỏe,val
YHB:7760101,YHB,7760101,Công tác xã hội,7760101,xa_hoi,standard,,A01;D01;D07;D10;A00;B00;B08,A01,,https://diemthi.vnexpress.net/tra-cuu-dai-hoc/loadbenchmark/id/432/year/2026/sortby/1/block_name/-1,Trường Đại học Y Hà Nội,Hà Nội,2026,17.75,confirmed_2_sources,2,60.0,19100000.0,19100000.0,observed,Khoa học xã hội - Tâm lý - Nhân văn - Chính trị - Hành chính,val
