id,school_code,year,program_code,name_vi,major_code,program_kind,program_group,quota,status,chosen_fact_id
ANH:7480201@2026,ANH,2026,7480201,Ngành Công nghệ thông tin (Thí sinh Nam),7480201,,,5,unconfirmed,9170
ANH:7860100@2026,ANH,2026,7860100,"Ngành Nghiệp vụ an ninh (Thí sinh Nam, miền Bắc)",7860100,,,11,unconfirmed,9176
ANH:7860100~2@2026,ANH,2026,7860100,"Ngành Nghiệp vụ an ninh (Thí sinh Nữ, miền Bắc)",7860100,,,1,unconfirmed,9182
ANH:7860114@2026,ANH,2026,7860114,"Ngành An ninh mạng và phòng chống tội phạm công nghệ cao (Thí sinh Nam, miền Bắc)",7860114,,,3,unconfirmed,9188
ANH:7860114~2@2026,ANH,2026,7860114,"Ngành An ninh mạng và phòng chống tội phạm công nghệ cao (Thí sinh Nam, miền Nam)",7860114,,,3,unconfirmed,9194
ANH:7860114~3@2026,ANH,2026,7860114,"Ngành An ninh mạng và phòng chống tội phạm công nghệ cao (Thí sinh Nữ, miền Bắc)",7860114,,,1,unconfirmed,9200
ANH:7860114~4@2026,ANH,2026,7860114,"Ngành An ninh mạng và phòng chống tội phạm công nghệ cao (Thí sinh Nữ, miền Nam)",7860114,,,1,unconfirmed,9206
ANH:7480201~2@2026,ANH,2026,7480201,Công nghệ thông tin,7480201,,,50,unconfirmed,9212
ANH:7480202@2026,ANH,2026,7480202,An toàn thông tin,7480202,,,50,unconfirmed,9218
ANS:7860100@2026,ANS,2026,7860100,Nghiệp vụ An ninh (Thí sinh Nam),7860100,,,198,unconfirmed,9229
ANS:7860100~2@2026,ANS,2026,7860100,Nghiệp vụ An ninh (Thí sinh Nữ),7860100,,,22,unconfirmed,9235
BKA:BF1@2026,BKA,2026,BF1,Kỹ thuật Sinh học,,standard,I. Chương trình chuẩn,160,unconfirmed,9247
BKA:BF2@2026,BKA,2026,BF2,Kỹ thuật Thực phẩm,,standard,I. Chương trình chuẩn,360,unconfirmed,9254
BKA:CH1@2026,BKA,2026,CH1,Kỹ thuật Hóa học,,standard,I. Chương trình chuẩn,680,unconfirmed,9261
BKA:CH2@2026,BKA,2026,CH2,Hóa học,,standard,I. Chương trình chuẩn,160,unconfirmed,9268
BKA:ED2@2026,BKA,2026,ED2,Công nghệ Giáo dục,,standard,I. Chương trình chuẩn,120,unconfirmed,9275
BKA:ED3@2026,BKA,2026,ED3,Quản lý Giáo dục,,standard,I. Chương trình chuẩn,60,unconfirmed,9282
BKA:ED5@2026,BKA,2026,ED5,Tâm lý học công nghiệp và tổ chức (mới),,standard,I. Chương trình chuẩn,40,unconfirmed,9289
BKA:EE1@2026,BKA,2026,EE1,Kỹ thuật điện,,standard,I. Chương trình chuẩn,240,unconfirmed,9296
BKA:EE2@2026,BKA,2026,EE2,Kỹ thuật điều khiển & Tự động hóa,,standard,I. Chương trình chuẩn,500,unconfirmed,9303
BKA:EM1@2026,BKA,2026,EM1,Quản lý Năng lượng,,standard,I. Chương trình chuẩn,80,unconfirmed,9310
BKA:EM2@2026,BKA,2026,EM2,Quản lý Công nghiệp,,standard,I. Chương trình chuẩn,100,unconfirmed,9317
BKA:EM3@2026,BKA,2026,EM3,Quản trị Kinh doanh,,standard,I. Chương trình chuẩn,120,unconfirmed,9324
BKA:EM5@2026,BKA,2026,EM5,Tài chính-Ngân hàng,,standard,I. Chương trình chuẩn,100,unconfirmed,9331
BKA:ET1@2026,BKA,2026,ET1,Kỹ thuật Điện tử-Viễn thông,,standard,I. Chương trình chuẩn,480,unconfirmed,9338
BKA:ET2@2026,BKA,2026,ET2,Kỹ thuật Y sinh,,standard,I. Chương trình chuẩn,100,unconfirmed,9345
BKA:EV1@2026,BKA,2026,EV1,Kỹ thuật Môi trường,,standard,I. Chương trình chuẩn,160,unconfirmed,9352
BKA:EV2@2026,BKA,2026,EV2,Quản lý Tài nguyên và Môi trường,,standard,I. Chương trình chuẩn,120,unconfirmed,9359
BKA:FL1@2026,BKA,2026,FL1,Tiếng Anh KHKT và Công nghệ,,standard,I. Chương trình chuẩn,210,unconfirmed,9366
BKA:FL3@2026,BKA,2026,FL3,Tiếng Trung KH&CN,,standard,I. Chương trình chuẩn,80,unconfirmed,9373
BKA:FL4@2026,BKA,2026,FL4,Tiếng Hàn KH&CN (mới),,standard,I. Chương trình chuẩn,40,unconfirmed,9380
BKA:HE1@2026,BKA,2026,HE1,Kỹ thuật Nhiệt,,standard,I. Chương trình chuẩn,250,unconfirmed,9387
BKA:IT1@2026,BKA,2026,IT1,CNTT: Khoa học Máy tính,,standard,I. Chương trình chuẩn,300,unconfirmed,9394
BKA:IT2@2026,BKA,2026,IT2,CNTT: Kỹ thuật Máy tính,,standard,I. Chương trình chuẩn,200,unconfirmed,9401
BKA:ME1@2026,BKA,2026,ME1,Kỹ thuật Cơ điện tử,,standard,I. Chương trình chuẩn,300,unconfirmed,9408
BKA:ME2@2026,BKA,2026,ME2,Kỹ thuật Cơ khí,,standard,I. Chương trình chuẩn,560,unconfirmed,9415
BKA:MI1@2026,BKA,2026,MI1,Toán-Tin,,standard,I. Chương trình chuẩn,160,unconfirmed,9422
BKA:MI2@2026,BKA,2026,MI2,Hệ thống Thông tin quản lý,,standard,I. Chương trình chuẩn,80,unconfirmed,9429
BKA:MS1@2026,BKA,2026,MS1,Kỹ thuật Vật liệu,,standard,I. Chương trình chuẩn,280,unconfirmed,9436
BKA:MS2@2026,BKA,2026,MS2,Kỹ thuật Vi điện tử và Công nghệ nano,,standard,I. Chương trình chuẩn,180,unconfirmed,9443
BKA:MS3@2026,BKA,2026,MS3,Công nghệ vật liệu Polyme và Compozit,,standard,I. Chương trình chuẩn,80,unconfirmed,9450
BKA:MS5@2026,BKA,2026,MS5,Kỹ thuật In,,standard,I. Chương trình chuẩn,60,unconfirmed,9457
BKA:PH1@2026,BKA,2026,PH1,Vật lý Kỹ thuật,,standard,I. Chương trình chuẩn,200,unconfirmed,9464
BKA:PH2@2026,BKA,2026,PH2,Kỹ thuật Hạt nhân,,standard,I. Chương trình chuẩn,40,unconfirmed,9471
BKA:PH3@2026,BKA,2026,PH3,Vật lý Y khoa,,standard,I. Chương trình chuẩn,60,unconfirmed,9478
BKA:TE1@2026,BKA,2026,TE1,Kỹ thuật Ô tô,,standard,I. Chương trình chuẩn,200,unconfirmed,9485
BKA:TE2@2026,BKA,2026,TE2,Kỹ thuật Cơ khí động lực,,standard,I. Chương trình chuẩn,120,unconfirmed,9492
BKA:TE3@2026,BKA,2026,TE3,Kỹ thuật Hàng không,,standard,I. Chương trình chuẩn,80,unconfirmed,9499
BKA:TX1@2026,BKA,2026,TX1,Công nghệ Dệt May,,standard,I. Chương trình chuẩn,240,unconfirmed,9506
BKA:BF-E12@2026,BKA,2026,BF-E12,Kỹ thuật Thực phẩm (CT tiên tiến),,high_quality,II. Chương trình Chất lượng cao,60,unconfirmed,9513
BKA:BF-E19@2026,BKA,2026,BF-E19,Kỹ thuật sinh học (CT tiên tiến),,high_quality,II. Chương trình Chất lượng cao,60,unconfirmed,9520
BKA:CH-E11@2026,BKA,2026,CH-E11,Kỹ thuật Hóa dược (CT tiên tiến),,high_quality,II. Chương trình Chất lượng cao,100,unconfirmed,9527
BKA:CH-E20@2026,BKA,2026,CH-E20,Hóa học Mỹ phẩm (mới) (CT tiên tiến),,high_quality,II. Chương trình Chất lượng cao,40,unconfirmed,9534
BKA:EE-E18@2026,BKA,2026,EE-E18,Hệ thống điện và năng lượng tái tạo (CT tiên tiến),,high_quality,II. Chương trình Chất lượng cao,60,unconfirmed,9541
BKA:EE-E8@2026,BKA,2026,EE-E8,Kỹ thuật điều khiển-Tự động hóa (CT tiên tiến),,high_quality,II. Chương trình Chất lượng cao,140,unconfirmed,9548
BKA:EM-E13@2026,BKA,2026,EM-E13,Phân tích Kinh doanh (CT tiên tiến),,high_quality,II. Chương trình Chất lượng cao,140,unconfirmed,9555
BKA:EM-E14@2026,BKA,2026,EM-E14,Logistics và Quản lý chuỗi cung ứng (CT tiên tiến),,high_quality,II. Chương trình Chất lượng cao,140,unconfirmed,9562
BKA:EM-E17@2026,BKA,2026,EM-E17,Kế toán (mới) (CT tiên tiến),,high_quality,II. Chương trình Chất lượng cao,80,unconfirmed,9569
BKA:ET-E16@2026,BKA,2026,ET-E16,Truyền thông số và Kỹ thuật đa phương tiện (CT tiên tiến),,high_quality,II. Chương trình Chất lượng cao,60,unconfirmed,9576
BKA:ET-E4@2026,BKA,2026,ET-E4,Kỹ thuật Điện tử - Viễn thông (CT tiên tiến),,high_quality,II. Chương trình Chất lượng cao,120,unconfirmed,9583
BKA:ET-E5@2026,BKA,2026,ET-E5,Kỹ thuật Y sinh (CT tiên tiến),,high_quality,II. Chương trình Chất lượng cao,40,unconfirmed,9590
BKA:ET-E9@2026,BKA,2026,ET-E9,Hệ thống nhúng thông minh và IoT (tăng cường tiếng Nhật),,high_quality,II. Chương trình Chất lượng cao,80,unconfirmed,9597
BKA:ET-LUH@2026,BKA,2026,ET-LUH,Điện tử - Viễn thông - ĐH Leibniz Hannover (CHLB Đức),,high_quality,II. Chương trình Chất lượng cao,40,unconfirmed,9604
BKA:IT-E10@2026,BKA,2026,IT-E10,Khoa học Dữ liệu và Trí tuệ nhân tạo (CT tiên tiến),,high_quality,II. Chương trình Chất lượng cao,160,unconfirmed,9611
BKA:IT-E15@2026,BKA,2026,IT-E15,An toàn không gian số - Cyber Security (CT tiên tiến),,high_quality,II. Chương trình Chất lượng cao,40,unconfirmed,9618
BKA:IT-E6@2026,BKA,2026,IT-E6,Công nghệ Thông tin Việt - Nhật (tăng cường tiếng Nhật),,high_quality,II. Chương trình Chất lượng cao,160,unconfirmed,9625
BKA:IT-E7@2026,BKA,2026,IT-E7,Công nghệ Thông tin Global ICT (CT tiên tiến),,high_quality,II. Chương trình Chất lượng cao,160,unconfirmed,9632
BKA:IT-EP@2026,BKA,2026,IT-EP,Công nghệ Thông tin Việt - Pháp (tăng cường tiếng Pháp),,high_quality,II. Chương trình Chất lượng cao,40,unconfirmed,9639
BKA:ME-E1@2026,BKA,2026,ME-E1,Kỹ thuật Cơ điện tử (CT tiên tiến),,high_quality,II. Chương trình Chất lượng cao,180,unconfirmed,9646
BKA:ME-GU@2026,BKA,2026,ME-GU,Cơ khí Chế tạo máy - hợp tác với trường ĐH Griffith (Úc),,high_quality,II. Chương trình Chất lượng cao,40,unconfirmed,9653
BKA:ME-LUH@2026,BKA,2026,ME-LUH,Cơ điện tử - hợp tác với ĐH Leibniz Hannover (CHLB Đức),,high_quality,II. Chương trình Chất lượng cao,50,unconfirmed,9660
BKA:ME-NUT@2026,BKA,2026,ME-NUT,Cơ điện tử - hợp tác với ĐHCN Nagaoka (Nhật Bản),,high_quality,II. Chương trình Chất lượng cao,100,unconfirmed,9667
BKA:MI-E22@2026,BKA,2026,MI-E22,Khoa học tính toán cho các hệ thống thông minh (mới) (CT tiên tiến),,high_quality,II. Chương trình Chất lượng cao,40,unconfirmed,9674
BKA:MS-E3@2026,BKA,2026,MS-E3,Khoa học và Kỹ thuật Vật liệu (CT tiên tiến),,high_quality,II. Chương trình Chất lượng cao,60,unconfirmed,9681
BKA:TE-E2@2026,BKA,2026,TE-E2,Kỹ thuật Ô tô (CT tiên tiến),,high_quality,II. Chương trình Chất lượng cao,100,unconfirmed,9688
BKA:EE-EP@2026,BKA,2026,EE-EP,Tin học công nghiệp và Tự động hóa (CT Việt - Pháp PFIEV),,international,III. Chương trình Việt - Pháp (PFIEV),40,unconfirmed,9695
BKA:TE-EP@2026,BKA,2026,TE-EP,Cơ khí Hàng không (CT Việt - Pháp PFIEV),,international,III. Chương trình Việt - Pháp (PFIEV),40,unconfirmed,9702
BKA:FL2@2026,BKA,2026,FL2,Tiếng Anh chuyên nghiệp quốc tế (do ĐHBK Hà Nội và ĐH Plymouth Marjon - Vương quốc Anh cấp bằng),,international,IV. Chương trình liên kết đào tạo Quốc tế,90,unconfirmed,9709
BKA:TROY-IT@2026,BKA,2026,TROY-IT,Khoa học Máy tính - ĐH Troy (Hoa Kỳ) (do ĐH Troy cấp bằng),,international,IV. Chương trình liên kết đào tạo Quốc tế,120,unconfirmed,9716
BMU:7720101@2026,BMU,2026,7720101,Y khoa,7720101,,,400,unconfirmed,9729
BMU:7720110@2026,BMU,2026,7720110,Y học dự phòng,7720110,,,50,unconfirmed,9735
BMU:7720115@2026,BMU,2026,7720115,Y học cổ truyền,7720115,,,50,unconfirmed,9741
BMU:7720201@2026,BMU,2026,7720201,Dược học,7720201,,,160,unconfirmed,9747
BMU:7720301@2026,BMU,2026,7720301,Điều dưỡng,7720301,,,180,unconfirmed,9753
BMU:7720601@2026,BMU,2026,7720601,Kỹ thuật xét nghiệm y học,7720601,,,50,unconfirmed,9759
BMU:7720701@2026,BMU,2026,7720701,Y tế công cộng,7720701,,,25,unconfirmed,9765
BPH:7860214@2026,BPH,2026,7860214,Biên phòng (Thí sinh miền Bắc),7860214,,,,unconfirmed,9777
BPH:7860214~2@2026,BPH,2026,7860214,Biên phòng (Thí sinh miền Bắc),7860214,,,,unconfirmed,9783
BPH:7860214~3@2026,BPH,2026,7860214,Biên phòng (Thí sinh miền Bắc),7860214,,,,unconfirmed,9789
BPH:7860214~4@2026,BPH,2026,7860214,Biên phòng (Thí sinh miền Bắc),7860214,,,,unconfirmed,9795
BPH:7860214~5@2026,BPH,2026,7860214,Biên phòng (Quân khu 4),7860214,,,,unconfirmed,9801
BPH:7860214~6@2026,BPH,2026,7860214,Biên phòng (Quân khu 5),7860214,,,,unconfirmed,9807
BPH:7860214~7@2026,BPH,2026,7860214,Biên phòng (Quân khu 7),7860214,,,,unconfirmed,9813
BPH:7860214~8@2026,BPH,2026,7860214,Biên phòng (Quân khu 9),7860214,,,,unconfirmed,9819
BPH:7860214~9@2026,BPH,2026,7860214,Biên phòng (Quân khu 4),7860214,,,,unconfirmed,9825
BPH:7860214~10@2026,BPH,2026,7860214,Biên phòng (Quân khu 5),7860214,,,,unconfirmed,9831
BPH:7860214~11@2026,BPH,2026,7860214,Biên phòng (Quân khu 7),7860214,,,,unconfirmed,9837
BPH:7860214~12@2026,BPH,2026,7860214,Biên phòng (Quân khu 9),7860214,,,,unconfirmed,9843
BPH:7860214~13@2026,BPH,2026,7860214,Biên phòng (Quân khu 4),7860214,,,,unconfirmed,9849
BPH:7860214~14@2026,BPH,2026,7860214,Biên phòng (Quân khu 5),7860214,,,,unconfirmed,9855
BPH:7860214~15@2026,BPH,2026,7860214,Biên phòng (Quân khu 7),7860214,,,,unconfirmed,9861
BPH:7860214~16@2026,BPH,2026,7860214,Biên phòng (Quân khu 9),7860214,,,,unconfirmed,9867
BPH:7860214~17@2026,BPH,2026,7860214,Biên phòng (Quân khu 4),7860214,,,,unconfirmed,9873
BPH:7860214~18@2026,BPH,2026,7860214,Biên phòng (Quân khu 5),7860214,,,,unconfirmed,9879
BPH:7860214~19@2026,BPH,2026,7860214,Biên phòng (Quân khu 7),7860214,,,,unconfirmed,9885
BPH:7860214~20@2026,BPH,2026,7860214,Biên phòng (Quân khu 9),7860214,,,,unconfirmed,9891
BVH:7320101@2026,BVH,2026,7320101,Báo chí,7320101,,,,unconfirmed,9909
BVH:7320104@2026,BVH,2026,7320104,Truyền thông đa phương tiện,7320104,,,,unconfirmed,9915
BVH:7320104CL@2026,BVH,2026,7320104CL,Truyền thông đa phương tiện (Chất lượng cao),7320104,,,,unconfirmed,9921
BVH:7320104LK@2026,BVH,2026,7320104LK,"Truyền thông Đa phương tiện (Liên kết với đại học Công nghệ Queensland, Úc",7320104,,,,unconfirmed,9927
BVH:7329001@2026,BVH,2026,7329001,Công nghệ đa phương tiện,7329001,,,,unconfirmed,9933
BVH:7329001GA@2026,BVH,2026,7329001GA,Thiết kế đồ họa game,7329001,,,,unconfirmed,9939
BVH:7329001GM@2026,BVH,2026,7329001GM,Thiết kế và phát triển Game (Chất lượng cao),7329001,,,,unconfirmed,9945
BVH:7329001LK@2026,BVH,2026,7329001LK,"Công nghệ Đa phương tiện (Liên kết với đại học Canberra, Australia)",7329001,,,,unconfirmed,9951
BVH:7329001VH@2026,BVH,2026,7329001VH,Công nghệ công nghiệp văn hóa số (định hướng điện ảnh),7329001,,,,unconfirmed,9957
BVH:7340101@2026,BVH,2026,7340101,Quản trị kinh doanh,7340101,,,,unconfirmed,9963
BVH:7340101DM@2026,BVH,2026,7340101DM,Quản trị Đổi mới sáng tạo và khởi nghiệp,7340101,,,,unconfirmed,9969
BVH:7340101KT@2026,BVH,2026,7340101KT,Logistics trong kinh tế tầm thấp,7340101,,,,unconfirmed,9975
BVH:7340101LG@2026,BVH,2026,7340101LG,Logistics và quản trị chuỗi cung ứng,7340101,,,,unconfirmed,9981
BVH:7340115@2026,BVH,2026,7340115,Marketing,7340115,,,,unconfirmed,9987
BVH:7340115CL@2026,BVH,2026,7340115CL,Marketing (Chất lượng cao),7340115,,,,unconfirmed,9993
BVH:7340115QH@2026,BVH,2026,7340115QH,Quan hệ công chúng,7340115,,,,unconfirmed,9999
BVH:7340122@2026,BVH,2026,7340122,Thương mại điện tử,7340122,,,,unconfirmed,10005
BVH:7340201DL@2026,BVH,2026,7340201DL,"Phân tích dữ liệu trong tài chính, kinh doanh",7340201,,,,unconfirmed,10011
BVH:7340205@2026,BVH,2026,7340205,Công nghệ tài chính (Fintech),7340205,,,,unconfirmed,10017
BVH:7340205LK@2026,BVH,2026,7340205LK,"Công nghệ tài chính (Liên kết đại học Huddersfield, Vương Quốc Anh)",7340205,,,,unconfirmed,10023
BVH:7340301@2026,BVH,2026,7340301,Kế toán,7340301,,,,unconfirmed,10029
BVH:7340301CL@2026,BVH,2026,7340301CL,Kế toán (chuẩn quốc tế ACCA),7340301,,,,unconfirmed,10035
BVH:7480101@2026,BVH,2026,7480101,Khoa học dữ liệu,7480101,,,,unconfirmed,10041
BVH:7480102@2026,BVH,2026,7480102,Kỹ thuật dữ liệu,7480102,,,,unconfirmed,10047
BVH:7480107@2026,BVH,2026,7480107,Trí tuệ nhân tạo,7480107,,,,unconfirmed,10053
BVH:7480201@2026,BVH,2026,7480201,Công nghệ thông tin,7480201,,,,unconfirmed,10059
BVH:7480201CL@2026,BVH,2026,7480201CL,Công nghệ thông tin (Chất lượng cao),7480201,,,,unconfirmed,10065
BVH:7480201LK@2026,BVH,2026,7480201LK,"Công nghệ thông tin Liên kết với Đại học Macquarie, Australia)",7480201,,,,unconfirmed,10071
BVH:7480201UD@2026,BVH,2026,7480201UD,Công nghệ thông tin (định hướng ứng dụng),7480201,,,,unconfirmed,10077
BVH:7480201VJ@2026,BVH,2026,7480201VJ,Công nghệ thông tin Việt - Nhật,7480201,,,,unconfirmed,10083
BVH:7480202@2026,BVH,2026,7480202,An toàn thông tin,7480202,,,,unconfirmed,10089
BVH:7480202CL@2026,BVH,2026,7480202CL,An toàn thông tin (Chất lượng cao),7480202,,,,unconfirmed,10095
BVH:7510301@2026,BVH,2026,7510301,"Công nghệ Kỹ thuật Điện, điện tử",7510301,,,,unconfirmed,10101
BVH:7510301VM@2026,BVH,2026,7510301VM,Công nghệ vi mạch bán dẫn,7510301,,,,unconfirmed,10107
BVH:7520207@2026,BVH,2026,7520207,Kỹ thuật Điện tử viễn thông,7520207,,,,unconfirmed,10113
BVH:7520207AT@2026,BVH,2026,7520207AT,Trí tuệ nhân tạo vạn vật (AIoT),7520207,,,,unconfirmed,10119
BVH:7520207HK@2026,BVH,2026,7520207HK,Kỹ thuật Truyền thông Hàng không vũ trụ,7520207,,,,unconfirmed,10125
BVH:7520216@2026,BVH,2026,7520216,Kỹ thuật Điều khiển và tự động hóa,7520216,,,,unconfirmed,10131
BVH:7520216UR@2026,BVH,2026,7520216UR,UAV và Robot di động tự hành,7520216,,,,unconfirmed,10137
BVS:7320104@2026,BVS,2026,7320104,Truyền thông đa phương tiện,7320104,,,90,unconfirmed,10149
BVS:7329001@2026,BVS,2026,7329001,Công nghệ đa phương tiện,7329001,,,155,unconfirmed,10155
BVS:7340101@2026,BVS,2026,7340101,Quản trị kinh doanh,7340101,,,130,unconfirmed,10161
BVS:7340115@2026,BVS,2026,7340115,Marketing,7340115,,,115,unconfirmed,10167
BVS:7340115CL@2026,BVS,2026,7340115CL,Marketing (Chất lượng cao),7340115,,,80,unconfirmed,10173
BVS:7340205@2026,BVS,2026,7340205,Công nghệ tài chính(Fintech),7340205,,,115,unconfirmed,10179
BVS:7340301@2026,BVS,2026,7340301,Kế toán,7340301,,,60,unconfirmed,10185
BVS:7480102@2026,BVS,2026,7480102,Kỹ thuật dữ liệu,7480102,,,110,unconfirmed,10191
BVS:7480107@2026,BVS,2026,7480107,Trí tuệ nhân tạo,7480107,,,115,unconfirmed,10197
BVS:7480201@2026,BVS,2026,7480201,Công nghệ thông tin,7480201,,,280,unconfirmed,10203
BVS:7480201CL@2026,BVS,2026,7480201CL,Công nghệ thông tin (Chất lượng cao),7480201,,,120,unconfirmed,10209
BVS:7480202@2026,BVS,2026,7480202,An toàn thông tin,7480202,,,80,unconfirmed,10215
BVS:7480202CL@2026,BVS,2026,7480202CL,An toàn thông tin (Chất lượng cao),7480202,,,40,unconfirmed,10221
BVS:7510301@2026,BVS,2026,7510301,"Công nghệ Kỹ thuật Điện, điện tử",7510301,,,75,unconfirmed,10227
BVS:7510301VM@2026,BVS,2026,7510301VM,Công nghệ vi mạch bán dẫn,7510301,,,60,unconfirmed,10233
BVS:7520207@2026,BVS,2026,7520207,Kỹ thuật Điện tử viễn thông,7520207,,,160,unconfirmed,10239
BVS:7520208@2026,BVS,2026,7520208,Công nghệ Internet vạn vật (IoT),7520208,,,110,unconfirmed,10245
BVS:7520216@2026,BVS,2026,7520216,Kỹ thuật Điều khiển và tự động hóa,7520216,,,135,unconfirmed,10251
BVU:7220201@2026,BVU,2026,7220201,Ngôn ngữ Anh,7220201,,,,unconfirmed,10263
BVU:7220201C2@2026,BVU,2026,7220201C2,Tiếng Anh du lịch - thương mại,7220201,,,,unconfirmed,10269
BVU:7220201C3@2026,BVU,2026,7220201C3,Phương pháp giảng dạy tiếng Anh,7220201,,,,unconfirmed,10275
BVU:7220204@2026,BVU,2026,7220204,Ngôn ngữ Trung Quốc,7220204,,,,unconfirmed,10281
BVU:7220209@2026,BVU,2026,7220209,Ngôn ngữ Nhật,7220209,,,,unconfirmed,10287
BVU:7310401@2026,BVU,2026,7310401,Tâm lý học,7310401,,,,unconfirmed,10293
BVU:7310608@2026,BVU,2026,7310608,Đông phương học,7310608,,,,unconfirmed,10299
BVU:7310608C1@2026,BVU,2026,7310608C1,Ngôn ngữ và văn hóa Hàn Quốc,7310608,,,,unconfirmed,10305
BVU:7320104@2026,BVU,2026,7320104,Truyền thông đa phương tiện,7320104,,,,unconfirmed,10311
BVU:7320108@2026,BVU,2026,7320108,Quan hệ công chúng,7320108,,,,unconfirmed,10317
BVU:7340101@2026,BVU,2026,7340101,Quản trị kinh doanh,7340101,,,,unconfirmed,10323
BVU:7340101C5@2026,BVU,2026,7340101C5,Quản trị nhân sự,7340101,,,,unconfirmed,10329
BVU:7340101C6@2026,BVU,2026,7340101C6,Phân tích dữ liệu kinh doanh,7340101,,,,unconfirmed,10335
BVU:7340101C7@2026,BVU,2026,7340101C7,Quản lý dự án,7340101,,,,unconfirmed,10341
BVU:7340115@2026,BVU,2026,7340115,Marketing,7340115,,,,unconfirmed,10347
BVU:7340115C1@2026,BVU,2026,7340115C1,Marketing và tổ chức sự kiện,7340115,,,,unconfirmed,10353
BVU:7340115C3@2026,BVU,2026,7340115C3,Digital marketing,7340115,,,,unconfirmed,10359
BVU:7340115C4@2026,BVU,2026,7340115C4,Marketing và truyền thông,7340115,,,,unconfirmed,10365
BVU:7340115C5@2026,BVU,2026,7340115C5,Marketing thương mại,7340115,,,,unconfirmed,10371
BVU:7340120@2026,BVU,2026,7340120,Kinh doanh quốc tế,7340120,,,,unconfirmed,10377
BVU:7340122@2026,BVU,2026,7340122,Thương mại điện tử,7340122,,,,unconfirmed,10383
BVU:7340201@2026,BVU,2026,7340201,Tài chính - Ngân hàng,7340201,,,,unconfirmed,10389
BVU:7340301@2026,BVU,2026,7340301,Kế toán,7340301,,,,unconfirmed,10395
BVU:7340301C1@2026,BVU,2026,7340301C1,Kế toán tài chính,7340301,,,,unconfirmed,10401
BVU:7340301C2@2026,BVU,2026,7340301C2,Kế toán kiểm toán,7340301,,,,unconfirmed,10407
BVU:7340405@2026,BVU,2026,7340405,Hệ thống thông tin quản lý,7340405,,,,unconfirmed,10413
BVU:7380101@2026,BVU,2026,7380101,Luật,7380101,,,,unconfirmed,10419
BVU:7380101C2@2026,BVU,2026,7380101C2,Luật kinh tế,7380101,,,,unconfirmed,10425
BVU:7380101C3@2026,BVU,2026,7380101C3,Luật dân sự,7380101,,,,unconfirmed,10431
BVU:7480107@2026,BVU,2026,7480107,Trí tuệ nhân tạo,7480107,,,,unconfirmed,10437
BVU:7480201@2026,BVU,2026,7480201,Công nghệ thông tin,7480201,,,,unconfirmed,10443
BVU:7480201C1@2026,BVU,2026,7480201C1,Kỹ thuật phần mềm,7480201,,,,unconfirmed,10449
BVU:7480201C4@2026,BVU,2026,7480201C4,Thiết kế đồ họa,7480201,,,,unconfirmed,10455
BVU:7510102@2026,BVU,2026,7510102,Công nghệ kỹ thuật công trình xây dựng,7510102,,,,unconfirmed,10461
BVU:7510102C1@2026,BVU,2026,7510102C1,Kỹ thuật xây dựng công trình giao thông,7510102,,,,unconfirmed,10467
BVU:7510102C2@2026,BVU,2026,7510102C2,Xây dựng dân dụng và công nghiệp,7510102,,,,unconfirmed,10473
BVU:7510102C3@2026,BVU,2026,7510102C3,"Quản lý, phát triển cảng và công trình biển",7510102,,,,unconfirmed,10479
BVU:7510102C4@2026,BVU,2026,7510102C4,Quản lý dự án xây dựng,7510102,,,,unconfirmed,10485
BVU:7510201@2026,BVU,2026,7510201,Công nghệ kỹ thuật cơ khí,7510201,,,,unconfirmed,10491
BVU:7510205@2026,BVU,2026,7510205,Công nghệ kỹ thuật ô tô,7510205,,,,unconfirmed,10497
BVU:7510205C1@2026,BVU,2026,7510205C1,Công nghệ kỹ thuật ô tô điện,7510205,,,,unconfirmed,10503
BVU:7510301@2026,BVU,2026,7510301,"Công nghệ kỹ thuật điện, điện tử",7510301,,,,unconfirmed,10509
BVU:7510301C2@2026,BVU,2026,7510301C2,Điều khiển và tự động hóa,7510301,,,,unconfirmed,10515
BVU:7510301C3@2026,BVU,2026,7510301C3,Điện công nghiệp và dân dụng,7510301,,,,unconfirmed,10521
BVU:7510605@2026,BVU,2026,7510605,Logistics và Quản lý chuỗi cung ứng,7510605,,,,unconfirmed,10527
BVU:7510605C1@2026,BVU,2026,7510605C1,Logistics Cảng biển - XNK - Giao nhận vận tải quốc tế,7510605,,,,unconfirmed,10533
BVU:7510605C3@2026,BVU,2026,7510605C3,Logistics Cảng hàng không,7510605,,,,unconfirmed,10539
BVU:7510605TN@2026,BVU,2026,7510605TN,Logistics và Quản lý chuỗi cung ứng (Tài năng),7510605,,,,unconfirmed,10545
BVU:7720201@2026,BVU,2026,7720201,Dược học,7720201,,,,unconfirmed,10551
BVU:7720301@2026,BVU,2026,7720301,Điều dưỡng,7720301,,,,unconfirmed,10557
BVU:7810103@2026,BVU,2026,7810103,Quản trị dịch vụ du lịch và lữ hành,7810103,,,,unconfirmed,10563
BVU:7810103C1@2026,BVU,2026,7810103C1,Quản trị Du lịch – Nhà hàng – Khách sạn,7810103,,,,unconfirmed,10569
BVU:7810201@2026,BVU,2026,7810201,Quản trị khách sạn,7810201,,,,unconfirmed,10575
BVU:7810201C1@2026,BVU,2026,7810201C1,Quản trị nhà hàng – khách sạn và dịch vụ ăn uống,7810201,,,,unconfirmed,10581
BVU:7810201C3@2026,BVU,2026,7810201C3,Quản trị khách sạn và chuỗi cung ứng dịch vụ,7810201,,,,unconfirmed,10587
BVU:7840101@2026,BVU,2026,7840101,Khai thác vận tải,7840101,,,,unconfirmed,10593
BVU:7840101C1@2026,BVU,2026,7840101C1,Quản trị Logistics và vận tải đa phương thức,7840101,,,,unconfirmed,10599
BVU:7840101C3@2026,BVU,2026,7840101C3,Quản lý và khai thác Metro - Đường sắt tốc độ cao,7840101,,,,unconfirmed,10605
BVU:7840104@2026,BVU,2026,7840104,Kinh tế vận tải,7840104,,,,unconfirmed,10611
BVU:7840104C1@2026,BVU,2026,7840104C1,Kinh tế vận tải biển,7840104,,,,unconfirmed,10617
CCM:7210403@2026,CCM,2026,7210403,Thiết kế đồ hoạ,7210403,,,90,unconfirmed,10629
CCM:7210404@2026,CCM,2026,7210404,Thiết kế thời trang,7210404,,,100,unconfirmed,10635
CCM:7340101@2026,CCM,2026,7340101,Quản trị kinh doanh,7340101,,,160,unconfirmed,10641
CCM:7340115@2026,CCM,2026,7340115,Marketing,7340115,,,240,unconfirmed,10647
CCM:7340122@2026,CCM,2026,7340122,Thương mại điện tử,7340122,,,140,unconfirmed,10653
CCM:7340301@2026,CCM,2026,7340301,Kế toán,7340301,,,120,unconfirmed,10659
CCM:7510201@2026,CCM,2026,7510201,Công nghệ kỹ thuật cơ khí,7510201,,,90,unconfirmed,10665
CCM:7510301@2026,CCM,2026,7510301,"Công nghệ kỹ thuật điện, điện tử",7510301,,,120,unconfirmed,10671
CCM:7510601@2026,CCM,2026,7510601,Quản lý công nghiệp,7510601,,,120,unconfirmed,10677
CCM:7540202@2026,CCM,2026,7540202,"Công nghệ sợi, dệt",7540202,,,20,unconfirmed,10683
CCM:7540209@2026,CCM,2026,7540209,Công nghệ may,7540209,,,440,unconfirmed,10689
CEA:7140201@2026,CEA,2026,7140201,Giáo dục Mầm non (ĐH),7140201,,,,unconfirmed,10701
CEA:7140202@2026,CEA,2026,7140202,Sư phạm Tiểu học,7140202,,,,unconfirmed,10707
CEA:7140247@2026,CEA,2026,7140247,Sư phạm Khoa học tự nhiên,7140247,,,,unconfirmed,10713
CEA:7220201@2026,CEA,2026,7220201,Ngôn ngữ Anh,7220201,,,,unconfirmed,10719
CEA:7220204@2026,CEA,2026,7220204,Ngôn ngữ Trung,7220204,,,,unconfirmed,10725
CEA:7310101@2026,CEA,2026,7310101,Kinh tế,7310101,,,,unconfirmed,10731
CEA:7310205@2026,CEA,2026,7310205,Văn học,7310205,,,,unconfirmed,10737
CEA:7340101@2026,CEA,2026,7340101,Quản trị kinh doanh,7340101,,,,unconfirmed,10743
CEA:7340101TA@2026,CEA,2026,7340101TA,Quản trị kinh doanh (CT đào tạo một phần bằng tiếng Anh),7340101,,,,unconfirmed,10749
CEA:7340101TPA@2026,CEA,2026,7340101TPA,Quản trị kinh doanh (CT đào tạo toàn phần bằng tiếng Anh),7340101,,,,unconfirmed,10755
CEA:7340115@2026,CEA,2026,7340115,Marketing,7340115,,,,unconfirmed,10761
CEA:7340120@2026,CEA,2026,7340120,Chính trị học,7340120,,,,unconfirmed,10767
CEA:7340121@2026,CEA,2026,7340121,Toán học,7340121,,,,unconfirmed,10773
CEA:7340122@2026,CEA,2026,7340122,Thương mại điện tử,7340122,,,,unconfirmed,10779
CEA:7340201@2026,CEA,2026,7340201,Tài chính ngân hàng,7340201,,,,unconfirmed,10785
CEA:7340201TA@2026,CEA,2026,7340201TA,Tài chính ngân hàng (CT đào tạo một phần bằng tiếng Anh),7340201,,,,unconfirmed,10791
CEA:7340301@2026,CEA,2026,7340301,Kế toán,7340301,,,,unconfirmed,10797
CEA:7480201@2026,CEA,2026,7480201,Công nghệ thông tin,7480201,,,,unconfirmed,10803
CEA:7510605@2026,CEA,2026,7510605,Logistic và chuỗi cung ứng,7510605,,,,unconfirmed,10809
CEA:7620101@2026,CEA,2026,7620101,Nông nghiệp CNC,7620101,,,,unconfirmed,10815
CEA:7640101@2026,CEA,2026,7640101,Thú y,7640101,,,,unconfirmed,10821
CEA:7850103@2026,CEA,2026,7850103,Quản lý đất đai,7850103,,,,unconfirmed,10827
CMC:AI@2026,CMC,2026,AI,Trí tuệ Nhân tạo,,,,80,unconfirmed,10838
CMC:BA@2026,CMC,2026,BA,Quản trị Kinh doanh,,,,160,unconfirmed,10843
CMC:CB@2026,CMC,2026,CB,Tiếng Trung Thương mại *,,,,40,unconfirmed,10848
CMC:CL@2026,CMC,2026,CL,Ngôn ngữ Trung Quốc,,,,160,unconfirmed,10853
CMC:CS@2026,CMC,2026,CS,Khoa học Máy tính,,,,80,unconfirmed,10858
CMC:DA@2026,CMC,2026,DA,Thiết kế Mỹ thuật số *,,,,40,unconfirmed,10863
CMC:EC@2026,CMC,2026,EC,Công nghệ Kỹ thuật Điện tử - Viễn thông (Thiết kế vi mạch bán dẫn),,,,80,unconfirmed,10868
CMC:EM@2026,CMC,2026,EM,Thương mại Điện tử,,,,80,unconfirmed,10873
CMC:GA@2026,CMC,2026,GA,Đồ họa Game,,,,80,unconfirmed,10878
CMC:GD@2026,CMC,2026,GD,Thiết kế Đồ họa,,,,160,unconfirmed,10883
CMC:IB@2026,CMC,2026,IB,Kinh doanh Quốc tế *,,,,40,unconfirmed,10888
CMC:IT@2026,CMC,2026,IT,Công nghệ Thông tin,,,,240,unconfirmed,10893
CMC:KL@2026,CMC,2026,KL,Ngôn ngữ Hàn Quốc,,,,80,unconfirmed,10898
CMC:LS@2026,CMC,2026,LS,Logistics và Quản lý chuỗi cung ứng,,,,80,unconfirmed,10903
CMC:MC@2026,CMC,2026,MC,Truyền thông Đa phương tiện *,,,,80,unconfirmed,10908
CMC:MK@2026,CMC,2026,MK,Digital Marketing,,,,160,unconfirmed,10913
CMC:NS@2026,CMC,2026,NS,An ninh Mạng *,,,,40,unconfirmed,10918
CMC:PR@2026,CMC,2026,PR,Quan hệ Công chúng *,,,,40,unconfirmed,10923
CMC:SE@2026,CMC,2026,SE,Kỹ thuật Phần mềm,,,,80,unconfirmed,10928
CSH:7860100@2026,CSH,2026,7860100,Nhóm ngành nghiệp vụ Cảnh sát (Thí sinh Nam),7860100,,,18,unconfirmed,10939
CSH:7860100~2@2026,CSH,2026,7860100,Nhóm ngành nghiệp vụ Cảnh sát (Thí sinh Nữ),7860100,,,2,unconfirmed,10945
CSS:7860100@2026,CSS,2026,7860100,Nhóm ngành nghiệp vụ Cảnh sát (Thí sinh Nam),7860100,,,,unconfirmed,10957
CSS:7860100~2@2026,CSS,2026,7860100,Nhóm ngành nghiệp vụ Cảnh sát (Thí sinh Nữ),7860100,,,,unconfirmed,10963
DAD:101@2026,DAD,2026,101,Ngôn ngữ Trung Quốc,,,,,unconfirmed,10975
DAD:101DL@2026,DAD,2026,101DL,Ngôn ngữ Trung Quốc (CS Đắk Lắk),,,,,unconfirmed,10980
DAD:102@2026,DAD,2026,102,Ngôn ngữ Anh,,,,,unconfirmed,10985
DAD:102DL@2026,DAD,2026,102DL,Ngôn ngữ Anh (CS Đắk Lắk),,,,,unconfirmed,10990
DAD:103@2026,DAD,2026,103,Ngôn ngữ Hàn Quốc,,,,,unconfirmed,10995
DAD:104@2026,DAD,2026,104,Ngôn ngữ Nhật,,,,,unconfirmed,11000
DAD:105@2026,DAD,2026,105,Quản trị kinh doanh,,,,,unconfirmed,11005
DAD:1051@2026,DAD,2026,1051,Kinh doanh thương mại (*),,,,,unconfirmed,11010
DAD:1051DL@2026,DAD,2026,1051DL,Kinh doanh thương mại (*) (CS Đắk Lắk),,,,,unconfirmed,11015
DAD:1052@2026,DAD,2026,1052,Kinh doanh số (*),,,,,unconfirmed,11020
DAD:1052DL@2026,DAD,2026,1052DL,Kinh doanh số (*) (CS Đắk Lắk),,,,,unconfirmed,11025
DAD:105DL@2026,DAD,2026,105DL,Quản trị kinh doanh (CS Đắk Lắk),,,,,unconfirmed,11030
DAD:106@2026,DAD,2026,106,Marketing,,,,,unconfirmed,11035
DAD:1061@2026,DAD,2026,1061,Digital Marketing (*),,,,,unconfirmed,11040
DAD:1061DL@2026,DAD,2026,1061DL,Digital Marketing (*) (CS Đắk Lắk),,,,,unconfirmed,11045
DAD:1062@2026,DAD,2026,1062,Quản trị thương hiệu và truyền thông (*),,,,,unconfirmed,11050
DAD:1062DL@2026,DAD,2026,1062DL,Quản trị thương hiệu và truyền thông (*) (CS Đắk Lắk),,,,,unconfirmed,11055
DAD:1063@2026,DAD,2026,1063,Marketing truyền thông (*),,,,,unconfirmed,11060
DAD:1063DL@2026,DAD,2026,1063DL,Marketing truyền thông (*) (CS Đắk Lắk),,,,,unconfirmed,11065
DAD:106DL@2026,DAD,2026,106DL,Marketing (CS Đắk Lắk),,,,,unconfirmed,11070
DAD:107@2026,DAD,2026,107,Logistics và quản lý chuỗi cung ứng,,,,,unconfirmed,11075
DAD:107DL@2026,DAD,2026,107DL,Logistics và quản lý chuỗi cung ứng (CS Đắk Lắk),,,,,unconfirmed,11080
DAD:108@2026,DAD,2026,108,Thương mại điện tử,,,,,unconfirmed,11085
DAD:109@2026,DAD,2026,109,Kế toán,,,,,unconfirmed,11090
DAD:109DL@2026,DAD,2026,109DL,Kế toán (CS Đắk Lắk),,,,,unconfirmed,11095
DAD:110@2026,DAD,2026,110,Tài chính - Ngân hàng,,,,,unconfirmed,11100
DAD:1101@2026,DAD,2026,1101,Công nghệ tài chính (Fintech) (*),,,,,unconfirmed,11105
DAD:1102@2026,DAD,2026,1102,Kiểm toán (*),,,,,unconfirmed,11110
DAD:111@2026,DAD,2026,111,Kinh doanh quốc tế,,,,,unconfirmed,11115
DAD:112@2026,DAD,2026,112,Truyền thông đa phương tiện,,,,,unconfirmed,11120
DAD:1121@2026,DAD,2026,1121,Truyền thông kỹ thuật số (*),,,,,unconfirmed,11125
DAD:1121DL@2026,DAD,2026,1121DL,Truyền thông kỹ thuật số (*) (CS Đắk Lắk),,,,,unconfirmed,11130
DAD:1122@2026,DAD,2026,1122,Quan hệ công chúng và quản trị sự kiện (*),,,,,unconfirmed,11135
DAD:1122DL@2026,DAD,2026,1122DL,Quan hệ công chúng và quản trị sự kiện (*) (CS Đắk Lắk),,,,,unconfirmed,11140
DAD:1123@2026,DAD,2026,1123,Truyền thông doanh nghiệp (*),,,,,unconfirmed,11145
DAD:1123DL@2026,DAD,2026,1123DL,Truyền thông doanh nghiệp (*) (CS Đắk Lắk),,,,,unconfirmed,11150
DAD:112DL@2026,DAD,2026,112DL,Truyền thông đa phương tiện (CS Đắk Lắk),,,,,unconfirmed,11155
DAD:113@2026,DAD,2026,113,Quản trị nhân lực,,,,,unconfirmed,11160
DAD:113DL@2026,DAD,2026,113DL,Quản trị nhân lực (CS Đắk Lắk),,,,,unconfirmed,11165
DAD:114@2026,DAD,2026,114,Quản trị văn phòng,,,,,unconfirmed,11170
DAD:114DL@2026,DAD,2026,114DL,Quản trị văn phòng (CS Đắk Lắk),,,,,unconfirmed,11175
DAD:115@2026,DAD,2026,115,Thiết kế thời trang,,,,,unconfirmed,11180
DAD:116@2026,DAD,2026,116,Quản trị dịch vụ du lịch và lữ hành,,,,,unconfirmed,11185
DAD:1161@2026,DAD,2026,1161,Hướng dẫn du lịch quốc tế (*),,,,,unconfirmed,11190
DAD:1161DL@2026,DAD,2026,1161DL,Hướng dẫn du lịch quốc tế (*) (CS Đắk Lắk),,,,,unconfirmed,11195
DAD:1162@2026,DAD,2026,1162,Quản trị sự kiện và giải trí (*),,,,,unconfirmed,11200
DAD:1162DL@2026,DAD,2026,1162DL,Quản trị sự kiện và giải trí (*) (CS Đắk Lắk),,,,,unconfirmed,11205
DAD:116DL@2026,DAD,2026,116DL,Quản trị dịch vụ du lịch và lữ hành (CS Đắk Lắk),,,,,unconfirmed,11210
DAD:117@2026,DAD,2026,117,Quản trị khách sạn,,,,,unconfirmed,11215
DAD:117DL@2026,DAD,2026,117DL,Quản trị khách sạn (CS Đắk Lắk),,,,,unconfirmed,11220
DAD:118@2026,DAD,2026,118,Quản trị nhà hàng và dịch vụ ăn uống,,,,,unconfirmed,11225
DAD:118DL@2026,DAD,2026,118DL,Quản trị nhà hàng và dịch vụ ăn uống (CS Đắk Lắk),,,,,unconfirmed,11230
DAD:119@2026,DAD,2026,119,Công nghệ kỹ thuật ô tô,,,,,unconfirmed,11235
DAD:119DL@2026,DAD,2026,119DL,Công nghệ kỹ thuật ô tô (CS Đắk Lắk),,,,,unconfirmed,11240
DAD:120@2026,DAD,2026,120,Công nghệ thông tin,,,,,unconfirmed,11245
DAD:1201@2026,DAD,2026,1201,Quản trị CNTT trong doanh nghiệp (*),,,,,unconfirmed,11250
DAD:1201DL@2026,DAD,2026,1201DL,Quản trị CNTT trong doanh nghiệp (*) (CS Đắk Lắk),,,,,unconfirmed,11255
DAD:120DL@2026,DAD,2026,120DL,Công nghệ thông tin (CS Đắk Lắk),,,,,unconfirmed,11260
DAD:121@2026,DAD,2026,121,Kỹ thuật máy tính,,,,,unconfirmed,11265
DAD:122@2026,DAD,2026,122,Trí tuệ nhân tạo,,,,,unconfirmed,11270
DAD:123@2026,DAD,2026,123,Đồ họa,,,,,unconfirmed,11275
DAD:1231@2026,DAD,2026,1231,Thiết kế nội thất (*),,,,,unconfirmed,11280
DAD:1231DL@2026,DAD,2026,1231DL,Thiết kế nội thất (*) (CS Đắk Lắk),,,,,unconfirmed,11285
DAD:1232@2026,DAD,2026,1232,Mỹ thuật số (*),,,,,unconfirmed,11290
DAD:1232DL@2026,DAD,2026,1232DL,Mỹ thuật số (*) (CS Đắk Lắk),,,,,unconfirmed,11295
DAD:123DL@2026,DAD,2026,123DL,Đồ họa (CS Đắk Lắk),,,,,unconfirmed,11300
DAD:124@2026,DAD,2026,124,Công nghệ kỹ thuật điều khiển và tự động hoá,,,,,unconfirmed,11305
DAD:124DL@2026,DAD,2026,124DL,Công nghệ kỹ thuật điều khiển và tự động hoá (CS Đắk Lắk),,,,,unconfirmed,11310
DAD:125@2026,DAD,2026,125,"Công nghệ kỹ thuật điện, điện tử",,,,,unconfirmed,11315
DAD:1251@2026,DAD,2026,1251,Thiết kế vi mạch bán dẫn (*),,,,,unconfirmed,11320
DAD:1252@2026,DAD,2026,1252,Quản lý năng lượng tái tạo (*),,,,,unconfirmed,11325
DAD:125DL@2026,DAD,2026,125DL,"Công nghệ kỹ thuật điện, điện tử (CS Đắk Lắk)",,,,,unconfirmed,11330
DAD:126@2026,DAD,2026,126,Công nghệ kỹ thuật xây dựng,,,,,unconfirmed,11335
DAD:1261@2026,DAD,2026,1261,Quản lý dự án xây dựng (*),,,,,unconfirmed,11340
DAD:1262@2026,DAD,2026,1262,Mô hình thông tin công trình (*),,,,,unconfirmed,11345
DAD:127@2026,DAD,2026,127,Kỹ thuật Cơ điện tử,,,,,unconfirmed,11350
DAD:127DL@2026,DAD,2026,127DL,Kỹ thuật Cơ điện tử (CS Đắk Lắk),,,,,unconfirmed,11355
DAD:128@2026,DAD,2026,128,Kiến trúc,,,,,unconfirmed,11360
DAD:129@2026,DAD,2026,129,Công nghệ thực phẩm,,,,,unconfirmed,11365
DAD:1291@2026,DAD,2026,1291,Công nghệ sinh học dược (*),,,,,unconfirmed,11370
DAD:130@2026,DAD,2026,130,Nông nghiệp,,,,,unconfirmed,11375
DAD:131@2026,DAD,2026,131,Thú y,,,,,unconfirmed,11380
DAD:131DL@2026,DAD,2026,131DL,Thú y (CS Đắk Lắk),,,,,unconfirmed,11385
DAD:132@2026,DAD,2026,132,Y khoa,,,,,unconfirmed,11390
DAD:133@2026,DAD,2026,133,Dược học,,,,,unconfirmed,11395
DAD:134@2026,DAD,2026,134,Điều dưỡng,,,,,unconfirmed,11400
DAD:134DL@2026,DAD,2026,134DL,Điều dưỡng (CS Đắk Lắk),,,,,unconfirmed,11405
DAD:135@2026,DAD,2026,135,Kỹ thuật Phục hồi Chức năng,,,,,unconfirmed,11410
DAD:135DL@2026,DAD,2026,135DL,Kỹ thuật Phục hồi Chức năng (CS Đắk Lắk),,,,,unconfirmed,11415
DAD:136@2026,DAD,2026,136,Hộ sinh,,,,,unconfirmed,11420
DAD:137@2026,DAD,2026,137,Dinh dưỡng,,,,,unconfirmed,11425
DAD:138@2026,DAD,2026,138,Luật,,,,,unconfirmed,11430
DAD:138DL@2026,DAD,2026,138DL,Luật (CS Đắk Lắk),,,,,unconfirmed,11435
DAD:139@2026,DAD,2026,139,Luật kinh tế,,,,,unconfirmed,11440
DAD:139DL@2026,DAD,2026,139DL,Luật kinh tế (CS Đắk Lắk),,,,,unconfirmed,11445
DAD:140@2026,DAD,2026,140,Giáo dục học (☆),,,,,unconfirmed,11450
DAD:1401@2026,DAD,2026,1401,Giáo dục học mầm non (*),,,,,unconfirmed,11455
DAD:1402@2026,DAD,2026,1402,Giáo dục học tiểu học (*),,,,,unconfirmed,11460
DAD:1403@2026,DAD,2026,1403,Công nghệ giáo dục (*),,,,,unconfirmed,11465
DAD:141@2026,DAD,2026,141,Tâm lý học,,,,,unconfirmed,11470
DAD:142@2026,DAD,2026,142,Quản lý văn hoá,,,,,unconfirmed,11475
DAD:1421@2026,DAD,2026,1421,Quản lý văn hoá nghệ thuật (*),,,,,unconfirmed,11480
DAD:1422@2026,DAD,2026,1422,Quản trị sự kiện và giải trí (*),,,,,unconfirmed,11485
DAD:1423@2026,DAD,2026,1423,"Quản trị truyền thông, quảng cáo (*)",,,,,unconfirmed,11490
DAD:1424@2026,DAD,2026,1424,Văn hoá tổ chức (*),,,,,unconfirmed,11495
DAD:1425@2026,DAD,2026,1425,"Marketing, truyền thông trong lĩnh vực văn hoá nghệ thuật (*)",,,,,unconfirmed,11500
DAD:143@2026,DAD,2026,143,Văn học (Ứng dụng),,,,,unconfirmed,11505
DAD:144@2026,DAD,2026,144,Giáo dục Mầm non,,,,,unconfirmed,11510
DAD:145@2026,DAD,2026,145,Giáo dục Tiểu học,,,,,unconfirmed,11515
DBD:7220201@2026,DBD,2026,7220201,Ngôn ngữ Anh,7220201,,,,unconfirmed,11526
DBD:7310301@2026,DBD,2026,7310301,Xã hội học,7310301,,,,unconfirmed,11532
DBD:7310613@2026,DBD,2026,7310613,Nhật Bản học,7310613,,,,unconfirmed,11538
DBD:7310614@2026,DBD,2026,7310614,Hàn Quốc học,7310614,,,,unconfirmed,11544
DBD:7340101@2026,DBD,2026,7340101,Quản trị Kinh doanh,7340101,,,,unconfirmed,11550
DBD:7340201@2026,DBD,2026,7340201,Tài chính - Ngân hàng,7340201,,,,unconfirmed,11556
DBD:7340301@2026,DBD,2026,7340301,Kế toán,7340301,,,,unconfirmed,11562
DBD:7380101@2026,DBD,2026,7380101,Luật,7380101,,,,unconfirmed,11568
DBD:7380107@2026,DBD,2026,7380107,Luật Kinh tế,7380107,,,,unconfirmed,11574
DBD:7480201@2026,DBD,2026,7480201,Công nghệ Thông tin,7480201,,,,unconfirmed,11580
DBD:7510102@2026,DBD,2026,7510102,Công nghệ Kỹ thuật Công trình Xây dựng,7510102,,,,unconfirmed,11586
DBD:7510205@2026,DBD,2026,7510205,Công nghệ Kỹ thuật Ô tô,7510205,,,,unconfirmed,11592
DBD:7510301@2026,DBD,2026,7510301,"Công nghệ Kỹ thuật Điện, Điện tử",7510301,,,,unconfirmed,11598
DBD:7510605@2026,DBD,2026,7510605,Logistics và Quản lý Chuỗi Cung ứng,7510605,,,,unconfirmed,11604
DBD:7540101@2026,DBD,2026,7540101,Công nghệ Thực phẩm,7540101,,,,unconfirmed,11610
DBD:7580101@2026,DBD,2026,7580101,Kiến trúc,7580101,,,,unconfirmed,11616
DBD:7720201@2026,DBD,2026,7720201,Dược học,7720201,,,,unconfirmed,11622
DBD:7720203@2026,DBD,2026,7720203,Hoá dược,7720203,,,,unconfirmed,11628
DBG:7220201@2026,DBG,2026,7220201,Ngôn ngữ Anh,7220201,,,70,unconfirmed,11640
DBG:7220204@2026,DBG,2026,7220204,Ngôn ngữ Trung Quốc,7220204,,,320,unconfirmed,11646
DBG:7310101@2026,DBG,2026,7310101,Kinh tế,7310101,,,70,unconfirmed,11652
DBG:7310110@2026,DBG,2026,7310110,Quản lý kinh tế,7310110,,,50,unconfirmed,11658
DBG:7340101@2026,DBG,2026,7340101,Quản trị kinh doanh,7340101,,,100,unconfirmed,11664
DBG:7340122@2026,DBG,2026,7340122,Thương mại điện tử,7340122,,,70,unconfirmed,11670
DBG:7340301@2026,DBG,2026,7340301,Kế toán,7340301,,,100,unconfirmed,11676
DBG:7480201@2026,DBG,2026,7480201,Công nghệ thông tin,7480201,,,70,unconfirmed,11682
DBG:7510205@2026,DBG,2026,7510205,Công nghệ kỹ thuật ô tô,7510205,,,100,unconfirmed,11688
DBG:7520114@2026,DBG,2026,7520114,Kỹ thuật cơ điện tử,7520114,,,100,unconfirmed,11694
DBG:7520216@2026,DBG,2026,7520216,Kỹ thuật điều khiển và tự động hóa,7520216,,,150,unconfirmed,11700
DBG:7540101@2026,DBG,2026,7540101,Công nghệ thực phẩm,7540101,,,50,unconfirmed,11706
DBG:7620101@2026,DBG,2026,7620101,Nông nghiệp,7620101,,,50,unconfirmed,11712
DBG:7620105@2026,DBG,2026,7620105,Chăn nuôi,7620105,,,50,unconfirmed,11718
DBG:7620110@2026,DBG,2026,7620110,Khoa học cây trồng,7620110,,,30,unconfirmed,11724
DBG:7620112@2026,DBG,2026,7620112,Bảo vệ thực vật,7620112,,,30,unconfirmed,11730
DBG:7620211@2026,DBG,2026,7620211,Quản lý tài nguyên rừng (Kiểm lâm),7620211,,,20,unconfirmed,11736
DBG:7640101@2026,DBG,2026,7640101,Thú y (Bác sĩ Thú y),7640101,,,50,unconfirmed,11742
DBG:7850101@2026,DBG,2026,7850101,Quản lý tài nguyên và môi trường,7850101,,,70,unconfirmed,11748
DBG:7850103@2026,DBG,2026,7850103,Quản lý đất đai,7850103,,,50,unconfirmed,11754
DBH:7340101@2026,DBH,2026,7340101,Quản trị kinh doanh,7340101,,,,unconfirmed,11766
DBH:7340201@2026,DBH,2026,7340201,Tài chính ngân hàng,7340201,,,,unconfirmed,11772
DBH:7340301@2026,DBH,2026,7340301,Kế toán,7340301,,,,unconfirmed,11778
DBH:7480201@2026,DBH,2026,7480201,Công nghệ thông tin,7480201,,,,unconfirmed,11784
DBH:7520207@2026,DBH,2026,7520207,Kỹ thuật điện tử viễn thông,7520207,,,,unconfirmed,11790
DBH:7580201@2026,DBH,2026,7580201,Kỹ thuật xây dựng,7580201,,,,unconfirmed,11796
DBH:7580205@2026,DBH,2026,7580205,Kỹ thuật xây dựng công trình giao thông,7580205,,,,unconfirmed,11802
DBH:7580301@2026,DBH,2026,7580301,Kinh tế xây dựng,7580301,,,,unconfirmed,11808
DBL:7140202@2026,DBL,2026,7140202,Giáo dục Tiểu học,7140202,,,150,unconfirmed,11820
DBL:7140209@2026,DBL,2026,7140209,Sư phạm Toán học,7140209,,,30,unconfirmed,11826
DBL:7140212@2026,DBL,2026,7140212,Sư phạm Hóa học,7140212,,,30,unconfirmed,11832
DBL:7140213@2026,DBL,2026,7140213,Sư phạm Sinh học,7140213,,,30,unconfirmed,11838
DBL:7220101@2026,DBL,2026,7220101,Tiếng Việt và văn hóa Việt Nam,7220101,,,80,unconfirmed,11844
DBL:7220201@2026,DBL,2026,7220201,Ngôn ngữ Anh,7220201,,,100,unconfirmed,11850
DBL:7340101@2026,DBL,2026,7340101,Quản trị kinh doanh,7340101,,,90,unconfirmed,11856
DBL:7340201@2026,DBL,2026,7340201,Tài chính - Ngân hàng,7340201,,,90,unconfirmed,11862
DBL:7340301@2026,DBL,2026,7340301,Kế toán,7340301,,,130,unconfirmed,11868
DBL:7440301@2026,DBL,2026,7440301,Khoa học môi trường,7440301,,,25,unconfirmed,11874
DBL:7480201@2026,DBL,2026,7480201,Công nghệ thông tin,7480201,,,130,unconfirmed,11880
DBL:7620105@2026,DBL,2026,7620105,Chăn nuôi,7620105,,,25,unconfirmed,11886
DBL:7620112@2026,DBL,2026,7620112,Bảo vệ thực vật,7620112,,,25,unconfirmed,11892
DBL:7620301@2026,DBL,2026,7620301,Nuôi trồng thủy sản,7620301,,,110,unconfirmed,11898
DCA:7220201@2026,DCA,2026,7220201,Ngôn ngữ Anh,7220201,,,100,unconfirmed,11910
DCA:7220204@2026,DCA,2026,7220204,Ngôn ngữ Trung Quốc (*),7220204,,,200,unconfirmed,11916
DCA:7340101@2026,DCA,2026,7340101,Quản trị kinh doanh,7340101,,,200,unconfirmed,11922
DCA:7340201@2026,DCA,2026,7340201,Tài chính - Ngân hàng,7340201,,,50,unconfirmed,11928
DCA:7340301@2026,DCA,2026,7340301,Kế toán,7340301,,,100,unconfirmed,11934
DCA:7380107@2026,DCA,2026,7380107,Luật kinh tế,7380107,,,200,unconfirmed,11940
DCA:7480201@2026,DCA,2026,7480201,Công nghệ thông tin,7480201,,,100,unconfirmed,11946
DCA:7510201@2026,DCA,2026,7510201,Công nghệ kỹ thuật cơ khí (*),7510201,,,60,unconfirmed,11952
DCA:7520201@2026,DCA,2026,7520201,Kỹ thuật điện,7520201,,,50,unconfirmed,11958
DCA:7580101@2026,DCA,2026,7580101,Kiến trúc,7580101,,,50,unconfirmed,11964
DCA:7580201@2026,DCA,2026,7580201,Kỹ thuật xây dựng,7580201,,,50,unconfirmed,11970
DCA:7720101@2026,DCA,2026,7720101,Y khoa (*),7720101,,,200,unconfirmed,11976
DCA:7720301@2026,DCA,2026,7720301,Điều dưỡng (*),7720301,,,200,unconfirmed,11982
DCA:7810101@2026,DCA,2026,7810101,Du lịch (*),7810101,,,50,unconfirmed,11988
DCA:7810201@2026,DCA,2026,7810201,Quản trị khách sạn (*),7810201,,,50,unconfirmed,11994
DCD:7210403@2026,DCD,2026,7210403,Thiết kế đồ họa,7210403,,,120,unconfirmed,12006
DCD:7210408@2026,DCD,2026,7210408,Nghệ thuật số,7210408,,,35,unconfirmed,12012
DCD:7220201@2026,DCD,2026,7220201,Ngôn ngữ Anh,7220201,,,230,unconfirmed,12018
DCD:7220204@2026,DCD,2026,7220204,Ngôn ngữ Trung Quốc,7220204,,,120,unconfirmed,12024
DCD:7310608@2026,DCD,2026,7310608,Đông phương học,7310608,,,60,unconfirmed,12030
DCD:7320104@2026,DCD,2026,7320104,Truyền thông đa phương tiện,7320104,,,100,unconfirmed,12036
DCD:7340101@2026,DCD,2026,7340101,Quản trị kinh doanh,7340101,,,200,unconfirmed,12042
DCD:7340201@2026,DCD,2026,7340201,Tài chính - Ngân hàng,7340201,,,100,unconfirmed,12048
DCD:7340301@2026,DCD,2026,7340301,Kế toán,7340301,,,150,unconfirmed,12054
DCD:7480103@2026,DCD,2026,7480103,Kỹ thuật phần mềm,7480103,,,30,unconfirmed,12060
DCD:7480107@2026,DCD,2026,7480107,Trí tuệ nhân tạo,7480107,,,30,unconfirmed,12066
DCD:7480201@2026,DCD,2026,7480201,Công nghệ thông tin,7480201,,,125,unconfirmed,12072
DCD:7510202@2026,DCD,2026,7510202,Công nghệ chế tạo máy,7510202,,,80,unconfirmed,12078
DCD:7510205@2026,DCD,2026,7510205,Công nghệ kỹ thuật ô tô,7510205,,,150,unconfirmed,12084
DCD:7510301@2026,DCD,2026,7510301,"Công nghệ kỹ thuật điện, điện tử",7510301,,,120,unconfirmed,12090
DCD:7510406@2026,DCD,2026,7510406,Công nghệ kỹ thuật môi trường,7510406,,,40,unconfirmed,12096
DCD:7510605@2026,DCD,2026,7510605,Logistics và Quản lý chuỗi cung ứng,7510605,,,85,unconfirmed,12102
DCD:7540101@2026,DCD,2026,7540101,Công nghệ thực phẩm,7540101,,,65,unconfirmed,12108
DCD:7720301@2026,DCD,2026,7720301,Điều dưỡng,7720301,,,250,unconfirmed,12114
DCD:7720601@2026,DCD,2026,7720601,Kỹ thuật xét nghiệm y học,7720601,,,80,unconfirmed,12120
DCD:7810103@2026,DCD,2026,7810103,Quản trị dịch vụ du lịch và lữ hành,7810103,,,85,unconfirmed,12126
DCD:7810201@2026,DCD,2026,7810201,Quản trị khách sạn,7810201,,,60,unconfirmed,12132
DCH:7860207@2026,DCH,2026,7860207,Chỉ huy - Tham mưu đặc công (miền Nam),7860207,,,27,unconfirmed,12138
DCH:7860207~2@2026,DCH,2026,7860207,Chỉ huy - Tham mưu đặc công (miền Bắc),7860207,,,47,unconfirmed,12144
DCL:7210403@2026,DCL,2026,7210403,Thiết kế đồ họa,7210403,,,120,unconfirmed,12156
DCL:7220101@2026,DCL,2026,7220101,Tiếng Việt và văn hóa Việt Nam,7220101,,,150,unconfirmed,12162
DCL:7220201@2026,DCL,2026,7220201,Ngôn ngữ Anh,7220201,,,90,unconfirmed,12168
DCL:7310109@2026,DCL,2026,7310109,Kinh tế số,7310109,,,60,unconfirmed,12174
DCL:7310110@2026,DCL,2026,7310110,Quản lý kinh tế,7310110,,,60,unconfirmed,12180
DCL:7310603@2026,DCL,2026,7310603,Việt Nam học,7310603,,,60,unconfirmed,12186
DCL:7310608@2026,DCL,2026,7310608,Đông phương học,7310608,,,80,unconfirmed,12192
DCL:7320104@2026,DCL,2026,7320104,Truyền thông đa phương tiện,7320104,,,60,unconfirmed,12198
DCL:7320108@2026,DCL,2026,7320108,Quan hệ công chúng,7320108,,,60,unconfirmed,12204
DCL:7340101@2026,DCL,2026,7340101,Quản trị kinh doanh,7340101,,,100,unconfirmed,12210
DCL:7340115@2026,DCL,2026,7340115,Marketing,7340115,,,60,unconfirmed,12216
DCL:7340121@2026,DCL,2026,7340121,Kinh doanh thương mại,7340121,,,80,unconfirmed,12222
DCL:7340201@2026,DCL,2026,7340201,Tài chính – Ngân hàng,7340201,,,70,unconfirmed,12228
DCL:7340205@2026,DCL,2026,7340205,Công nghệ tài chính,7340205,,,60,unconfirmed,12234
DCL:7340301@2026,DCL,2026,7340301,Kế toán,7340301,,,90,unconfirmed,12240
DCL:7380101@2026,DCL,2026,7380101,Luật,7380101,,,150,unconfirmed,12246
DCL:7380107@2026,DCL,2026,7380107,Luật kinh tế,7380107,,,70,unconfirmed,12252
DCL:7480107@2026,DCL,2026,7480107,Trí tuệ nhân tạo,7480107,,,60,unconfirmed,12258
DCL:7480201@2026,DCL,2026,7480201,Công nghệ thông tin,7480201,,,200,unconfirmed,12264
DCL:7510102@2026,DCL,2026,7510102,Công nghệ kỹ thuật công trình xây dựng,7510102,,,30,unconfirmed,12270
DCL:7510201@2026,DCL,2026,7510201,Công nghệ kỹ thuật cơ khí,7510201,,,100,unconfirmed,12276
DCL:7510205@2026,DCL,2026,7510205,Công nghệ kỹ thuật ô tô,7510205,,,170,unconfirmed,12282
DCL:7510301@2026,DCL,2026,7510301,"Công nghệ kỹ thuật điện, điện tử",7510301,,,130,unconfirmed,12288
DCL:7520212@2026,DCL,2026,7520212,Kỹ thuật y sinh,7520212,,,60,unconfirmed,12294
DCL:7540101@2026,DCL,2026,7540101,Công nghệ thực phẩm,7540101,,,110,unconfirmed,12300
DCL:7580205@2026,DCL,2026,7580205,Kỹ thuật xây dựng công trình giao thông,7580205,,,20,unconfirmed,12306
DCL:7620109@2026,DCL,2026,7620109,Nông học,7620109,,,50,unconfirmed,12312
DCL:7620112@2026,DCL,2026,7620112,Bảo vệ thực vật,7620112,,,80,unconfirmed,12318
DCL:7620301@2026,DCL,2026,7620301,Nuôi trồng thủy sản,7620301,,,40,unconfirmed,12324
DCL:7640101@2026,DCL,2026,7640101,Thú y,7640101,,,150,unconfirmed,12330
DCL:7720101@2026,DCL,2026,7720101,Y khoa,7720101,,,360,unconfirmed,12336
DCL:7720115@2026,DCL,2026,7720115,Y học cổ truyền,7720115,,,160,unconfirmed,12342
DCL:7720201@2026,DCL,2026,7720201,Dược học,7720201,,,1500,unconfirmed,12348
DCL:7720301@2026,DCL,2026,7720301,Điều dưỡng,7720301,,,1600,unconfirmed,12354
DCL:7720302@2026,DCL,2026,7720302,Hộ sinh,7720302,,,190,unconfirmed,12360
DCL:7720501@2026,DCL,2026,7720501,Răng - Hàm - Mặt,7720501,,,80,unconfirmed,12366
DCL:7720601@2026,DCL,2026,7720601,Kỹ thuật xét nghiệm y học,7720601,,,400,unconfirmed,12372
DCL:7720602@2026,DCL,2026,7720602,Kỹ thuật hình ảnh y học,7720602,,,100,unconfirmed,12378
DCL:7720603@2026,DCL,2026,7720603,Kỹ thuật phục hồi chức năng,7720603,,,100,unconfirmed,12384
DCL:7760101@2026,DCL,2026,7760101,Công tác xã hội,7760101,,,50,unconfirmed,12390
DCL:7810103@2026,DCL,2026,7810103,Quản trị dịch vụ du lịch và lữ hành,7810103,,,200,unconfirmed,12396
DCN:7210404@2026,DCN,2026,7210404,Thiết kế thời trang,7210404,,,60,unconfirmed,12408
DCN:7220201@2026,DCN,2026,7220201,Ngôn ngữ Anh,7220201,,,200,unconfirmed,12414
DCN:7220204@2026,DCN,2026,7220204,Ngôn ngữ Trung Quốc,7220204,,,150,unconfirmed,12420
DCN:7220204LK@2026,DCN,2026,7220204LK,Ngôn ngữ Trung Quốc (Chương trình liên kết đào tạo 2+2 với ĐH Khoa học kỹ thuật Quảng Tây - Trung Quốc),7220204,,,30,unconfirmed,12426
DCN:7220209@2026,DCN,2026,7220209,Ngôn ngữ Nhật,7220209,,,70,unconfirmed,12432
DCN:7220210@2026,DCN,2026,7220210,Ngôn ngữ Hàn Quốc,7220210,,,70,unconfirmed,12438
DCN:7229020@2026,DCN,2026,7229020,Ngôn ngữ học,7229020,,,50,unconfirmed,12444
DCN:7310104@2026,DCN,2026,7310104,Kinh tế đầu tư,7310104,,,60,unconfirmed,12450
DCN:7310612@2026,DCN,2026,7310612,Trung Quốc học,7310612,,,50,unconfirmed,12456
DCN:7340101@2026,DCN,2026,7340101,Quản trị kinh doanh,7340101,,,260,unconfirmed,12462
DCN:73401012@2026,DCN,2026,73401012,Phân tích dữ liệu kinh doanh,7340101,,,120,unconfirmed,12468
DCN:7340101TA@2026,DCN,2026,7340101TA,Quản trị kinh doanh (CTĐT bằng Tiếng Anh),7340101,,,40,unconfirmed,12474
DCN:7340115@2026,DCN,2026,7340115,Marketing,7340115,,,120,unconfirmed,12480
DCN:7340115TA@2026,DCN,2026,7340115TA,Marketing (CTĐT bằng Tiếng Anh),7340115,,,40,unconfirmed,12486
DCN:7340201@2026,DCN,2026,7340201,Tài chính - Ngân hàng,7340201,,,180,unconfirmed,12492
DCN:7340201TA@2026,DCN,2026,7340201TA,Tài chính - Ngân hàng (CTĐT bằng Tiếng Anh),7340201,,,40,unconfirmed,12498
DCN:7340301@2026,DCN,2026,7340301,Kế toán,7340301,,,460,unconfirmed,12504
DCN:7340301TA@2026,DCN,2026,7340301TA,Kế toán (CTĐT bằng Tiếng Anh),7340301,,,40,unconfirmed,12510
DCN:7340302@2026,DCN,2026,7340302,Kiểm toán,7340302,,,120,unconfirmed,12516
DCN:7340404@2026,DCN,2026,7340404,Quản trị nhân lực,7340404,,,120,unconfirmed,12522
DCN:7340406@2026,DCN,2026,7340406,Quản trị văn phòng,7340406,,,120,unconfirmed,12528
DCN:7420201@2026,DCN,2026,7420201,Công nghệ sinh học,7420201,,,50,unconfirmed,12534
DCN:7480101@2026,DCN,2026,7480101,Khoa học máy tính,7480101,,,120,unconfirmed,12540
DCN:74801012@2026,DCN,2026,74801012,Trí tuệ nhân tạo,7480101,,,60,unconfirmed,12546
DCN:7480101TA@2026,DCN,2026,7480101TA,Khoa học máy tính (CTĐT bằng Tiếng Anh),7480101,,,40,unconfirmed,12552
DCN:7480102@2026,DCN,2026,7480102,Mạng máy tính và truyền thông dữ liệu,7480102,,,70,unconfirmed,12558
DCN:7480103@2026,DCN,2026,7480103,Kỹ thuật phần mềm,7480103,,,240,unconfirmed,12564
DCN:7480104@2026,DCN,2026,7480104,Hệ thống thông tin,7480104,,,120,unconfirmed,12570
DCN:7480108@2026,DCN,2026,7480108,Công nghệ kỹ thuật máy tính,7480108,,,120,unconfirmed,12576
DCN:74801081@2026,DCN,2026,74801081,Vi mạch bán dẫn,7480108,,,100,unconfirmed,12582
DCN:7480201@2026,DCN,2026,7480201,Công nghệ thông tin,7480201,,,300,unconfirmed,12588
DCN:74802012@2026,DCN,2026,74802012,Công nghệ đa phương tiện,7480201,,,60,unconfirmed,12594
DCN:7480201TA@2026,DCN,2026,7480201TA,Công nghệ thông tin (CTĐT bằng Tiếng Anh),7480201,,,40,unconfirmed,12600
DCN:7480202@2026,DCN,2026,7480202,An toàn thông tin,7480202,,,60,unconfirmed,12606
DCN:7510201@2026,DCN,2026,7510201,Công nghệ kỹ thuật cơ khí,7510201,,,360,unconfirmed,12612
DCN:75102012@2026,DCN,2026,75102012,Công nghệ kỹ thuật khuôn mẫu,7510201,,,60,unconfirmed,12618
DCN:75102013@2026,DCN,2026,75102013,Thiết kế cơ khí và kiểu dáng công nghiệp,7510201,,,60,unconfirmed,12624
DCN:7510201TA@2026,DCN,2026,7510201TA,Công nghệ kỹ thuật cơ khí (CTĐT bằng Tiếng Anh),7510201,,,40,unconfirmed,12630
DCN:7510203@2026,DCN,2026,7510203,Công nghệ kỹ thuật cơ điện tử,7510203,,,280,unconfirmed,12636
DCN:75102032@2026,DCN,2026,75102032,Robot và trí tuệ nhân tạo,7510203,,,60,unconfirmed,12642
DCN:75102033@2026,DCN,2026,75102033,Công nghệ kỹ thuật cơ điện tử ô tô,7510203,,,40,unconfirmed,12648
DCN:7510203TA@2026,DCN,2026,7510203TA,Công nghệ kỹ thuật cơ điện tử (CTĐT bằng Tiếng Anh),7510203,,,60,unconfirmed,12654
DCN:7510205@2026,DCN,2026,7510205,Công nghệ kỹ thuật ô tô,7510205,,,360,unconfirmed,12660
DCN:7510205TA@2026,DCN,2026,7510205TA,Công nghệ kỹ thuật ô tô (CTĐT bằng Tiếng Anh),7510205,,,40,unconfirmed,12666
DCN:7510206@2026,DCN,2026,7510206,Công nghệ kỹ thuật nhiệt,7510206,,,120,unconfirmed,12672
DCN:7510251@2026,DCN,2026,7510251,Kỹ thuật ô tô và năng lượng mới,7510251,,,40,unconfirmed,12678
DCN:7510301@2026,DCN,2026,7510301,Công nghệ kỹ thuật điện; điện tử,7510301,,,420,unconfirmed,12684
DCN:7510301TA@2026,DCN,2026,7510301TA,Công nghệ kỹ thuật điện; điện tử (CTĐT bằng Tiếng Anh),7510301,,,40,unconfirmed,12690
DCN:7510302@2026,DCN,2026,7510302,Công nghệ kỹ thuật điện tử - viễn thông,7510302,,,480,unconfirmed,12696
DCN:75103021@2026,DCN,2026,75103021,Công nghệ kỹ thuật điện tử y sinh,7510302,,,60,unconfirmed,12702
DCN:7510302TA@2026,DCN,2026,7510302TA,Công nghệ kỹ thuật điện tử - viễn thông (CTĐT bằng Tiếng Anh),7510302,,,40,unconfirmed,12708
DCN:7510303@2026,DCN,2026,7510303,Công nghệ kỹ thuật điều khiển và tự động hóa,7510303,,,300,unconfirmed,12714
DCN:75103031@2026,DCN,2026,75103031,Kỹ thuật sản xuất thông minh,7510303,,,60,unconfirmed,12720
DCN:7510401@2026,DCN,2026,7510401,Công nghệ kỹ thuật hoá học,7510401,,,180,unconfirmed,12726
DCN:7510402@2026,DCN,2026,7510402,Công nghệ vật liệu,7510402,,,40,unconfirmed,12732
DCN:7510406@2026,DCN,2026,7510406,Công nghệ kỹ thuật môi trường,7510406,,,50,unconfirmed,12738
DCN:7510605@2026,DCN,2026,7510605,Logistics và quản lý chuỗi cung ứng,7510605,,,120,unconfirmed,12744
DCN:75190071@2026,DCN,2026,75190071,Năng lượng tái tạo,7519007,,,60,unconfirmed,12750
DCN:7520116@2026,DCN,2026,7520116,Kỹ thuật cơ khí động lực,7520116,,,60,unconfirmed,12756
DCN:75201162@2026,DCN,2026,75201162,Kỹ thuật ô tô và năng lượng mới,7520116,,,40,unconfirmed,12762
DCN:7520118@2026,DCN,2026,7520118,Kỹ thuật hệ thống công nghiệp,7520118,,,60,unconfirmed,12768
DCN:7540101@2026,DCN,2026,7540101,Công nghệ thực phẩm,7540101,,,120,unconfirmed,12774
DCN:7540203@2026,DCN,2026,7540203,Công nghệ vật liệu dệt; may,7540203,,,50,unconfirmed,12780
DCN:7540204@2026,DCN,2026,7540204,Công nghệ dệt; may,7540204,,,180,unconfirmed,12786
DCN:7720203@2026,DCN,2026,7720203,Hóa dược,7720203,,,60,unconfirmed,12792
DCN:7810101@2026,DCN,2026,7810101,Du lịch,7810101,,,140,unconfirmed,12798
DCN:7810101TA@2026,DCN,2026,7810101TA,Du lịch (CTĐT bằng tiếng Anh),7810101,,,40,unconfirmed,12804
DCN:7810103@2026,DCN,2026,7810103,Quản trị dịch vụ du lịch và lữ hành,7810103,,,130,unconfirmed,12810
DCN:7810103TA@2026,DCN,2026,7810103TA,Quản trị dịch vụ du lịch và lữ hành (CTĐT bằng tiếng Anh),7810103,,,60,unconfirmed,12816
DCN:7810201@2026,DCN,2026,7810201,Quản trị khách sạn,7810201,,,130,unconfirmed,12822
DCN:7810201TA@2026,DCN,2026,7810201TA,Quản trị khách sạn (CTĐT bằng tiếng Anh),7810201,,,40,unconfirmed,12828
DCN:7810202@2026,DCN,2026,7810202,Quản trị nhà hàng và dịch vụ ăn uống,7810202,,,60,unconfirmed,12834
DCN:7810202TA@2026,DCN,2026,7810202TA,Quản trị nhà hàng và dịch vụ ăn uống (CTĐT bằng tiếng Anh),7810202,,,20,unconfirmed,12840
DCQ:7220201@2026,DCQ,2026,7220201,Ngôn ngữ Anh,7220201,,,,unconfirmed,12852
DCQ:7220204@2026,DCQ,2026,7220204,Ngôn ngữ Trung Quốc,7220204,,,,unconfirmed,12858
DCQ:7310106@2026,DCQ,2026,7310106,Kinh tế quốc tế,7310106,,,,unconfirmed,12864
DCQ:7310205@2026,DCQ,2026,7310205,Quản lý nhà nước,7310205,,,,unconfirmed,12870
DCQ:7340101@2026,DCQ,2026,7340101,Quản trị kinh doanh,7340101,,,,unconfirmed,12876
DCQ:7340115@2026,DCQ,2026,7340115,Marketing,7340115,,,,unconfirmed,12882
DCQ:7340116@2026,DCQ,2026,7340116,Bất động sản,7340116,,,,unconfirmed,12888
DCQ:7340201@2026,DCQ,2026,7340201,Tài chính - Ngân hàng,7340201,,,,unconfirmed,12894
DCQ:7340205@2026,DCQ,2026,7340205,Công nghệ tài chính,7340205,,,,unconfirmed,12900
DCQ:7340301@2026,DCQ,2026,7340301,Kế toán,7340301,,,,unconfirmed,12906
DCQ:7380101@2026,DCQ,2026,7380101,Luật,7380101,,,,unconfirmed,12912
DCQ:7380107@2026,DCQ,2026,7380107,Luật kinh tế,7380107,,,,unconfirmed,12918
DCQ:7480103@2026,DCQ,2026,7480103,Kỹ thuật phần mềm,7480103,,,,unconfirmed,12924
DCQ:7480201@2026,DCQ,2026,7480201,Công nghệ thông tin,7480201,,,,unconfirmed,12930
DCQ:7510205@2026,DCQ,2026,7510205,Công nghệ kỹ thuật ô tô,7510205,,,,unconfirmed,12936
DCQ:7510605@2026,DCQ,2026,7510605,Logistics và quản lý chuỗi cung ứng,7510605,,,,unconfirmed,12942
DCQ:7810103@2026,DCQ,2026,7810103,Quản trị dịch vụ du lịch và lữ hành,7810103,,,,unconfirmed,12948
DCT:7220201@2026,DCT,2026,7220201,Ngôn ngữ Anh,7220201,,,,unconfirmed,12960
DCT:7220204@2026,DCT,2026,7220204,Ngôn ngữ Trung Quốc,7220204,,,,unconfirmed,12966
DCT:7340101@2026,DCT,2026,7340101,Quản trị kinh doanh,7340101,,,,unconfirmed,12972
DCT:7340115@2026,DCT,2026,7340115,Marketing,7340115,,,,unconfirmed,12978
DCT:7340120@2026,DCT,2026,7340120,Kinh doanh quốc tế,7340120,,,,unconfirmed,12984
DCT:7340122@2026,DCT,2026,7340122,Thương mại điện tử,7340122,,,,unconfirmed,12990
DCT:7340123@2026,DCT,2026,7340123,Kinh doanh thời trang và dệt may,7340123,,,,unconfirmed,12996
DCT:7340129@2026,DCT,2026,7340129,Quản trị kinh doanh thực phẩm,7340129,,,,unconfirmed,13002
DCT:7340201@2026,DCT,2026,7340201,Tài chính ngân hàng,7340201,,,,unconfirmed,13008
DCT:7340205@2026,DCT,2026,7340205,Công nghệ tài chính,7340205,,,,unconfirmed,13014
DCT:7340301@2026,DCT,2026,7340301,Kế toán,7340301,,,,unconfirmed,13020
DCT:7380101@2026,DCT,2026,7380101,Luật,7380101,,,,unconfirmed,13026
DCT:7380107@2026,DCT,2026,7380107,Luật kinh tế,7380107,,,,unconfirmed,13032
DCT:7420201@2026,DCT,2026,7420201,Công nghệ sinh học,7420201,,,,unconfirmed,13038
DCT:7460108@2026,DCT,2026,7460108,Khoa học dữ liệu,7460108,,,,unconfirmed,13044
DCT:7480107@2026,DCT,2026,7480107,Trí tuệ nhân tạo,7480107,,,,unconfirmed,13050
DCT:7480201@2026,DCT,2026,7480201,Công nghệ thông tin,7480201,,,,unconfirmed,13056
DCT:7480202@2026,DCT,2026,7480202,An toàn thông tin,7480202,,,,unconfirmed,13062
DCT:7510202@2026,DCT,2026,7510202,Công nghệ chế tạo máy,7510202,,,,unconfirmed,13068
DCT:7510203@2026,DCT,2026,7510203,Công nghệ kỹ thuật cơ điện tử,7510203,,,,unconfirmed,13074
DCT:7510301@2026,DCT,2026,7510301,Công nghệ kỹ thuật điện - điện tử,7510301,,,,unconfirmed,13080
DCT:7510303@2026,DCT,2026,7510303,Công nghệ kỹ thuật điều khiển và TĐH,7510303,,,,unconfirmed,13086
DCT:7510401@2026,DCT,2026,7510401,Công nghệ kỹ thuật hóa học,7510401,,,,unconfirmed,13092
DCT:7510402@2026,DCT,2026,7510402,Công nghệ vật liệu,7510402,,,,unconfirmed,13098
DCT:7510406@2026,DCT,2026,7510406,Công nghệ kỹ thuật môi trường,7510406,,,,unconfirmed,13104
DCT:7510601@2026,DCT,2026,7510601,Quản lý Công nghiệp,7510601,,,,unconfirmed,13110
DCT:7510605@2026,DCT,2026,7510605,Logistics và quản lý chuỗi cung ứng,7510605,,,,unconfirmed,13116
DCT:7520115@2026,DCT,2026,7520115,Kỹ thuật nhiệt,7520115,,,,unconfirmed,13122
DCT:7540101@2026,DCT,2026,7540101,Công nghệ thực phẩm,7540101,,,,unconfirmed,13128
DCT:7540105@2026,DCT,2026,7540105,Công nghệ chế biến thủy sản,7540105,,,,unconfirmed,13134
DCT:7540106@2026,DCT,2026,7540106,Đảm bảo chất lượng và an toàn thực phẩm,7540106,,,,unconfirmed,13140
DCT:7540204@2026,DCT,2026,7540204,Công nghệ dệt; may,7540204,,,,unconfirmed,13146
DCT:7810101@2026,DCT,2026,7810101,Du lịch,7810101,,,,unconfirmed,13152
DCT:7810103@2026,DCT,2026,7810103,Quản trị dịch vụ du lịch và lữ hành,7810103,,,,unconfirmed,13158
DCT:7810201@2026,DCT,2026,7810201,Quản trị khách sạn,7810201,,,,unconfirmed,13164
DCT:7810202@2026,DCT,2026,7810202,Quản trị nhà hàng và dịch vụ ăn uống,7810202,,,,unconfirmed,13170
DCT:7819009@2026,DCT,2026,7819009,Khoa học dinh dưỡng và ẩm thực,7819009,,,,unconfirmed,13176
DCT:7819010@2026,DCT,2026,7819010,Khoa học chế biến món ăn,7819010,,,,unconfirmed,13182
DCT:7850101@2026,DCT,2026,7850101,Quản lý tài nguyên và môi trường,7850101,,,,unconfirmed,13188
DCT:BL7220204@2026,DCT,2026,BL7220204,Ngôn ngữ Trung Quốc - Chương trình liên kết Đại học Ngôn ngữ và Văn hoá Bắc Kinh; Trung Quốc (BLCU),,,,,unconfirmed,13194
DCT:CU7220204@2026,DCT,2026,CU7220204,Ngôn ngữ Trung Quốc (Chuyên ngành Hán ngữ ứng dụng) - LK với ĐH Văn hóa Trung Quốc; Đài Loan,,,,,unconfirmed,13199
DCT:CU7340120@2026,DCT,2026,CU7340120,Kinh doanh quốc tế - LK với ĐH Văn hóa Trung Quốc; Đài Loan,,,,,unconfirmed,13204
DCT:LK7220204@2026,DCT,2026,LK7220204,Ngôn ngữ Trung Quốc - Chương trình liên kết với Đại học Lỗ Đông; Trung Quốc,,,,,unconfirmed,13209
DCT:LK7340101@2026,DCT,2026,LK7340101,Quản trị kinh doanh - Chương trình liên kết với Đại học Shinawatra; Thái Lan,,,,,unconfirmed,13214
DCV:7340301@2026,DCV,2026,7340301,Kế toán,7340301,,,250,unconfirmed,13225
DCV:7480201@2026,DCV,2026,7480201,Công nghệ Thông tin,7480201,,,300,unconfirmed,13231
DCV:7510301@2026,DCV,2026,7510301,"Công nghệ kỹ thuật Điện, điện tử",7510301,,,350,unconfirmed,13237
DDA:7220201@2026,DDA,2026,7220201,Ngôn ngữ Anh,7220201,,,,unconfirmed,13249
DDA:7220204@2026,DDA,2026,7220204,Ngôn Ngữ Trung Quốc,7220204,,,,unconfirmed,13255
DDA:7220209@2026,DDA,2026,7220209,Ngôn ngữ Nhật,7220209,,,,unconfirmed,13261
DDA:7220210@2026,DDA,2026,7220210,Ngôn ngữ Hàn Quốc,7220210,,,,unconfirmed,13267
DDA:7340101@2026,DDA,2026,7340101,Quản trị kinh doanh,7340101,,,,unconfirmed,13273
DDA:7340115@2026,DDA,2026,7340115,Marketing,7340115,,,,unconfirmed,13279
DDA:7340201@2026,DDA,2026,7340201,Tài chính Ngân hàng,7340201,,,,unconfirmed,13285
DDA:7340205@2026,DDA,2026,7340205,Công nghệ tài chính,7340205,,,,unconfirmed,13291
DDA:7340301@2026,DDA,2026,7340301,Kế Toán,7340301,,,,unconfirmed,13297
DDA:7340404@2026,DDA,2026,7340404,Quản trị nhân lực,7340404,,,,unconfirmed,13303
DDA:7380101@2026,DDA,2026,7380101,Luật,7380101,,,,unconfirmed,13309
DDA:7480201@2026,DDA,2026,7480201,Công nghệ thông tin,7480201,,,,unconfirmed,13315
DDA:7510202@2026,DDA,2026,7510202,Công nghệ Chế tạo máy,7510202,,,,unconfirmed,13321
DDA:7510205@2026,DDA,2026,7510205,Công nghệ kỹ thuật Ô tô,7510205,,,,unconfirmed,13327
DDA:7510206@2026,DDA,2026,7510206,Công nghệ Kỹ thuật Nhiệt (Nhiệt – Điện lạnh),7510206,,,,unconfirmed,13333
DDA:7510301@2026,DDA,2026,7510301,Công nghệ Kỹ thuật Điện – Điện tử,7510301,,,,unconfirmed,13339
DDA:7510303@2026,DDA,2026,7510303,Công nghệ kỹ thuật Điều khiển và Tự Động hóa,7510303,,,,unconfirmed,13345
DDA:7510406@2026,DDA,2026,7510406,Công nghệ kỹ thuật Môi trường(Chuyên ngành Công nghệ nước),7510406,,,,unconfirmed,13351
DDA:7510605@2026,DDA,2026,7510605,Logistics và Quản lý chuỗi cung ứng,7510605,,,,unconfirmed,13357
DDA:7540101@2026,DDA,2026,7540101,Công nghệ Thực phẩm,7540101,,,,unconfirmed,13363
DDA:7580101@2026,DDA,2026,7580101,Kiến trúc,7580101,,,,unconfirmed,13369
DDA:7580201@2026,DDA,2026,7580201,Kỹ thuật Xây dựng,7580201,,,,unconfirmed,13375
DDA:7720201@2026,DDA,2026,7720201,Dược học,7720201,,,,unconfirmed,13381
DDA:7720301@2026,DDA,2026,7720301,Điều dưỡng,7720301,,,,unconfirmed,13387
DDA:7810103@2026,DDA,2026,7810103,Quản trị dịch vụ du lịch và lữ hành,7810103,,,,unconfirmed,13393
DDA:7810201@2026,DDA,2026,7810201,Quản trị khách sạn,7810201,,,,unconfirmed,13399
DDB:7220201@2026,DDB,2026,7220201,Ngôn ngữ Anh,7220201,,,,unconfirmed,13411
DDB:7220204@2026,DDB,2026,7220204,Ngôn ngữ Trung Quốc,7220204,,,,unconfirmed,13417
DDB:7220210@2026,DDB,2026,7220210,Ngôn ngữ Hàn Quốc,7220210,,,,unconfirmed,13423
DDB:7310205@2026,DDB,2026,7310205,Quản lý nhà nước,7310205,,,,unconfirmed,13429
DDB:7340101@2026,DDB,2026,7340101,Quản trị kinh doanh,7340101,,,,unconfirmed,13435
DDB:7340122@2026,DDB,2026,7340122,Thương mại điện tử,7340122,,,,unconfirmed,13441
DDB:7340201@2026,DDB,2026,7340201,Tài chính - Ngân hàng,7340201,,,,unconfirmed,13447
DDB:7340301@2026,DDB,2026,7340301,Kế toán,7340301,,,,unconfirmed,13453
DDB:7380101@2026,DDB,2026,7380101,Luật,7380101,,,,unconfirmed,13459
DDB:7380107@2026,DDB,2026,7380107,Luật kinh tế,7380107,,,,unconfirmed,13465
DDB:7480201@2026,DDB,2026,7480201,Công nghệ thông tin,7480201,,,,unconfirmed,13471
DDB:7510103@2026,DDB,2026,7510103,Công nghệ kỹ thuật xây dựng,7510103,,,,unconfirmed,13477
DDB:7510201@2026,DDB,2026,7510201,Công nghệ kỹ thuật cơ khí,7510201,,,,unconfirmed,13483
DDB:7510203@2026,DDB,2026,7510203,Công nghệ kỹ thuật cơ - điện tử,7510203,,,,unconfirmed,13489
DDB:7510205@2026,DDB,2026,7510205,Công nghệ kỹ thuật ô tô,7510205,,,,unconfirmed,13495
DDB:7520216@2026,DDB,2026,7520216,Kỹ thuật điều khiển và tự động hoá,7520216,,,,unconfirmed,13501
DDB:7720115@2026,DDB,2026,7720115,Y học cổ truyền,7720115,,,,unconfirmed,13507
DDB:7720201@2026,DDB,2026,7720201,Dược học,7720201,,,,unconfirmed,13513
DDB:7720301@2026,DDB,2026,7720301,Điều dưỡng,7720301,,,,unconfirmed,13519
DDB:7720401@2026,DDB,2026,7720401,Dinh dưỡng,7720401,,,,unconfirmed,13525
DDB:7720601@2026,DDB,2026,7720601,Kỹ thuật xét nghiệm y học,7720601,,,,unconfirmed,13531
DDB:7720602@2026,DDB,2026,7720602,Kỹ thuật hình ảnh y học,7720602,,,,unconfirmed,13537
DDB:7810103@2026,DDB,2026,7810103,Quản trị dịch vụ du lịch và lữ hành,7810103,,,,unconfirmed,13543
DDB:7810201@2026,DDB,2026,7810201,Quản trị khách sạn,7810201,,,,unconfirmed,13549
DDB:7850103@2026,DDB,2026,7850103,Quản lý đất đai,7850103,,,,unconfirmed,13555
DDF:7140231@2026,DDF,2026,7140231,Sư phạm tiếng Anh,7140231,,,126,unconfirmed,13567
DDF:7140233@2026,DDF,2026,7140233,Sư phạm tiếng Pháp,7140233,,,20,unconfirmed,13573
DDF:7140234@2026,DDF,2026,7140234,Sư phạm tiếng Trung Quốc,7140234,,,23,unconfirmed,13579
DDF:7140237@2026,DDF,2026,7140237,Sư phạm tiếng Hàn Quốc,7140237,,,20,unconfirmed,13585
DDF:7220101@2026,DDF,2026,7220101,Tiếng Việt và văn hóa Việt Nam,7220101,,,24,unconfirmed,13591
DDF:7220201@2026,DDF,2026,7220201,Ngôn ngữ Anh,7220201,,,1067,unconfirmed,13597
DDF:7220201A@2026,DDF,2026,7220201A,Ngôn ngữ Anh (chuyên ngành Tiếng Anh - Hợp tác doanh nghiệp),7220201,,,35,unconfirmed,13603
DDF:7220201B@2026,DDF,2026,7220201B,Ngôn ngữ Anh (chuyên ngành Tiếng Anh Thương mại - Hợp tác doanh nghiệp),7220201,,,35,unconfirmed,13609
DDF:7220201C@2026,DDF,2026,7220201C,Ngôn ngữ Anh (chuyên ngành Tiếng Anh Công nghệ và Giáo dục - Hợp tác doanh nghiệp),7220201,,,35,unconfirmed,13615
DDF:7220201KT@2026,DDF,2026,7220201KT,Ngôn ngữ Anh (Hai năm đầu đào tạo tại Kontum),7220201,,,29,unconfirmed,13621
DDF:7220202@2026,DDF,2026,7220202,Ngôn ngữ Nga,7220202,,,78,unconfirmed,13627
DDF:7220203@2026,DDF,2026,7220203,Ngôn ngữ Pháp,7220203,,,88,unconfirmed,13633
DDF:7220204@2026,DDF,2026,7220204,Ngôn ngữ Trung Quốc,7220204,,,163,unconfirmed,13639
DDF:7220204A@2026,DDF,2026,7220204A,Ngôn ngữ Trung Quốc (Hợp tác doanh nghiệp),7220204,,,35,unconfirmed,13645
DDF:7220209@2026,DDF,2026,7220209,Ngôn ngữ Nhật,7220209,,,68,unconfirmed,13651
DDF:7220209A@2026,DDF,2026,7220209A,Ngôn ngữ Nhật (Hợp tác doanh nghiệp),7220209,,,60,unconfirmed,13657
DDF:7220210@2026,DDF,2026,7220210,Ngôn ngữ Hàn Quốc,7220210,,,93,unconfirmed,13663
DDF:7220210A@2026,DDF,2026,7220210A,Ngôn ngữ Hàn Quốc (Hợp tác doanh nghiệp),7220210,,,35,unconfirmed,13669
DDF:7220214@2026,DDF,2026,7220214,Ngôn ngữ Thái Lan,7220214,,,24,unconfirmed,13675
DDF:7310206@2026,DDF,2026,7310206,Quan hệ quốc tế,7310206,,,78,unconfirmed,13681
DDF:7310601@2026,DDF,2026,7310601,Quốc tế học,7310601,,,78,unconfirmed,13687
DDF:7310608@2026,DDF,2026,7310608,Đông phương học,7310608,,,78,unconfirmed,13693
DDF:7310613@2026,DDF,2026,7310613,Nhật Bản học,7310613,,,29,unconfirmed,13699
DDF:7310614@2026,DDF,2026,7310614,Hàn Quốc học,7310614,,,39,unconfirmed,13705
DDK:7420201@2026,DDK,2026,7420201,Công nghệ sinh học,7420201,,,65,unconfirmed,13722
DDK:7420201A@2026,DDK,2026,7420201A,Công nghệ sinh học (Chuyên ngành Công nghệ sinh học Y Dược),7420201,,,45,unconfirmed,13728
DDK:7480106@2026,DDK,2026,7480106,Kỹ thuật máy tính,7480106,,,100,unconfirmed,13734
DDK:7480201@2026,DDK,2026,7480201,Công nghệ thông tin,7480201,,,200,unconfirmed,13740
DDK:7480201A@2026,DDK,2026,7480201A,Công nghệ thông tin (Ngoại ngữ Nhật),7480201,,,80,unconfirmed,13746
DDK:7480201B@2026,DDK,2026,7480201B,"Công nghệ thông tin, chuyên ngành Khoa học dữ liệu và Trí tuệ nhân tạo",7480201,,,60,unconfirmed,13752
DDK:7480201C@2026,DDK,2026,7480201C,"Công nghệ thông tin, chuyên ngành An toàn thông tin trên không gian số (dự kiến mở mới)",7480201,,,40,unconfirmed,13758
DDK:7480201TN@2026,DDK,2026,7480201TN,Công nghệ thông tin định hướng Khoa học dữ liệu và Trí tuệ nhân tạo (Chương trình đào tạo Kỹ sư Tài năng),7480201,,,,unconfirmed,13764
DDK:7510105@2026,DDK,2026,7510105,Công nghệ kỹ thuật vật liệu xây dựng,7510105,,,45,unconfirmed,13770
DDK:7510202@2026,DDK,2026,7510202,Công nghệ chế tạo máy,7510202,,,180,unconfirmed,13776
DDK:7510601@2026,DDK,2026,7510601,Quản lý công nghiệp,7510601,,,120,unconfirmed,13782
DDK:7510701@2026,DDK,2026,7510701,Công nghệ dầu khí và khai thác dầu,7510701,,,60,unconfirmed,13788
DDK:7520103A@2026,DDK,2026,7520103A,"Kỹ thuật Cơ khí, chuyên ngành Cơ khí động lực",7520103,,,110,unconfirmed,13794
DDK:7520103B@2026,DDK,2026,7520103B,"Kỹ thuật Cơ khí, chuyên ngành Cơ khí hàng không",7520103,,,50,unconfirmed,13800
DDK:7520103C@2026,DDK,2026,7520103C,"Kỹ thuật Cơ khí, chuyên ngành Kỹ thuật phương tiện đường sắt tốc độ cao",7520103,,,40,unconfirmed,13806
DDK:7520103E@2026,DDK,2026,7520103E,"Kỹ thuật Cơ khí, chuyên ngành Cơ khí hàng không",7520103,,,45,unconfirmed,13812
DDK:7520114@2026,DDK,2026,7520114,Kỹ thuật Cơ điện tử,7520114,,,170,unconfirmed,13818
DDK:7520114TN@2026,DDK,2026,7520114TN,Kỹ thuật cơ điện tử (Chương trình đào tạo Kỹ sư Tài năng),7520114,,,,unconfirmed,13824
DDK:7520115@2026,DDK,2026,7520115,Kỹ thuật nhiệt,7520115,,,120,unconfirmed,13830
DDK:7520115A@2026,DDK,2026,7520115A,"Kỹ thuật nhiệt, chuyên ngành Quản lý Năng lượng",7520115,,,60,unconfirmed,13836
DDK:7520118@2026,DDK,2026,7520118,Kỹ thuật hệ thống công nghiệp,7520118,,,60,unconfirmed,13842
DDK:7520122@2026,DDK,2026,7520122,Kỹ thuật Tàu thủy,7520122,,,60,unconfirmed,13848
DDK:7520130@2026,DDK,2026,7520130,Kỹ thuật ô tô,7520130,,,110,unconfirmed,13854
DDK:7520130TN@2026,DDK,2026,7520130TN,Kỹ thuật ô tô (Chương trình đào tạo Kỹ sư Tài năng),7520130,,,,unconfirmed,13860
DDK:7520201@2026,DDK,2026,7520201,Kỹ thuật Điện,7520201,,,280,unconfirmed,13866
DDK:7520201TN@2026,DDK,2026,7520201TN,Kỹ thuật điện (Chương trình đào tạo Kỹ sư Tài năng),7520201,,,,unconfirmed,13872
DDK:7520207@2026,DDK,2026,7520207,Kỹ thuật điện tử - viễn thông,7520207,,,200,unconfirmed,13878
DDK:7520207A@2026,DDK,2026,7520207A,Kỹ thuật Điện tử - Viễn thông chuyên ngành Vi điện tử - Thiết kế vi mạch,7520207,,,60,unconfirmed,13884
DDK:7520207TN@2026,DDK,2026,7520207TN,Kỹ thuật điện tử - viễn thông (Chương trình đào tạo Kỹ sư Tài năng),7520207,,,,unconfirmed,13890
DDK:7520207VM@2026,DDK,2026,7520207VM,Ngành Điện tử viễn thông,7520207,,,45,unconfirmed,13896
DDK:7520215@2026,DDK,2026,7520215,CT Tiên tiến Việt - Mỹ ngành Hệ thống nhúng và IoT,7520215,,,,unconfirmed,13902
DDK:7520216@2026,DDK,2026,7520216,Kỹ thuật Điều khiển và Tự động hóa,7520216,,,150,unconfirmed,13908
DDK:7520216TN@2026,DDK,2026,7520216TN,Kỹ thuật Điều khiển và Tự động hóa (Chương trình đào tạo Kỹ sư Tài năng),7520216,,,,unconfirmed,13914
DDK:7520301@2026,DDK,2026,7520301,Kỹ thuật hóa học,7520301,,,90,unconfirmed,13920
DDK:7520320@2026,DDK,2026,7520320,Kỹ thuật môi trường,7520320,,,60,unconfirmed,13926
DDK:7540101@2026,DDK,2026,7540101,Công nghệ thực phẩm,7540101,,,140,unconfirmed,13932
DDK:7580101@2026,DDK,2026,7580101,Kiến trúc,7580101,,,130,unconfirmed,13938
DDK:7580201@2026,DDK,2026,7580201,Kỹ thuật xây dựng chuyên ngành Xây dựng dân dụng và công nghiệp,7580201,,,230,unconfirmed,13944
DDK:7580201A@2026,DDK,2026,7580201A,Kỹ thuật xây dựng chuyên ngành Tin học xây dựng,7580201,,,90,unconfirmed,13950
DDK:7580201B@2026,DDK,2026,7580201B,Kỹ thuật xây dựng chuyên ngành Kỹ thuật và quản lý xây dựng đô thị thông minh,7580201,,,45,unconfirmed,13956
DDK:7580201C@2026,DDK,2026,7580201C,Kỹ thuật xây dựng chuyên ngành Mô hình thông tin và trí tuệ nhân tạo,7580201,,,60,unconfirmed,13962
DDK:7580201TN@2026,DDK,2026,7580201TN,Kỹ thuật xây dựng (Chương trình đào tạo Kỹ sư Tài năng),7580201,,,,unconfirmed,13968
DDK:7580202@2026,DDK,2026,7580202,Kỹ thuật xây dựng công trình thủy,7580202,,,45,unconfirmed,13974
DDK:7580205@2026,DDK,2026,7580205,Kỹ thuật xây dựng công trình giao thông,7580205,,,105,unconfirmed,13980
DDK:7580205A@2026,DDK,2026,7580205A,Kỹ thuật xây dựng CT giao thông chuyên ngành Đường sắt tốc độ cao và đô thị,7580205,,,60,unconfirmed,13986
DDK:7580210@2026,DDK,2026,7580210,Kỹ thuật cơ sở hạ tầng,7580210,,,45,unconfirmed,13992
DDK:7580301@2026,DDK,2026,7580301,Kinh tế xây dựng,7580301,,,120,unconfirmed,13998
DDK:7850101@2026,DDK,2026,7850101,Quản lý tài nguyên và môi trường,7850101,,,60,unconfirmed,14004
DDK:PFIEV@2026,DDK,2026,PFIEV,"Nhóm chuyên ngành: Ngành Kỹ thuật cơ khí, chuyên ngành Sản xuất tự động; Ngành Kỹ thuật điện, chuyên ngành Tin học công nghiệp; Ngành Công nghệ thông tin, chuyên ngành Công nghệ phần mềm",,,,120,unconfirmed,14010
DDL:7220201@2026,DDL,2026,7220201,Ngôn ngữ Anh,7220201,,,,unconfirmed,14021
DDL:7340101@2026,DDL,2026,7340101,Quản trị kinh doanh,7340101,,,,unconfirmed,14027
DDL:7340115@2026,DDL,2026,7340115,Marketing,7340115,,,,unconfirmed,14033
DDL:7340120@2026,DDL,2026,7340120,Kinh doanh quốc tế,7340120,,,,unconfirmed,14039
DDL:7340122@2026,DDL,2026,7340122,Thương mại Điện tử,7340122,,,,unconfirmed,14045
DDL:7340201@2026,DDL,2026,7340201,Tài chính - Ngân hàng,7340201,,,,unconfirmed,14051
DDL:7340205@2026,DDL,2026,7340205,Công nghệ tài chính,7340205,,,,unconfirmed,14057
DDL:7340301@2026,DDL,2026,7340301,Kế toán,7340301,,,,unconfirmed,14063
DDL:7340302@2026,DDL,2026,7340302,Kiểm toán,7340302,,,,unconfirmed,14069
DDL:7380107@2026,DDL,2026,7380107,Luật kinh tế,7380107,,,,unconfirmed,14075
DDL:7460108@2026,DDL,2026,7460108,Khoa học dữ liệu,7460108,,,,unconfirmed,14081
DDL:7460117@2026,DDL,2026,7460117,Toán tin,7460117,,,,unconfirmed,14087
DDL:7480102@2026,DDL,2026,7480102,Mạng máy tính và Truyền thông dữ liệu,7480102,,,,unconfirmed,14093
DDL:7480106@2026,DDL,2026,7480106,Kỹ thuật máy tính,7480106,,,,unconfirmed,14099
DDL:7480107@2026,DDL,2026,7480107,Trí tuệ nhân tạo,7480107,,,,unconfirmed,14105
DDL:7480201@2026,DDL,2026,7480201,Công nghệ thông tin,7480201,,,,unconfirmed,14111
DDL:7510102@2026,DDL,2026,7510102,Công nghệ kỹ thuật công trình xây dựng,7510102,,,,unconfirmed,14117
DDL:7510201@2026,DDL,2026,7510201,Công nghệ kỹ thuật cơ khí,7510201,,,,unconfirmed,14123
DDL:7510203@2026,DDL,2026,7510203,Công nghệ kỹ thuật cơ điện tử,7510203,,,,unconfirmed,14129
DDL:7510205@2026,DDL,2026,7510205,Công nghệ kỹ thuật ô tô,7510205,,,,unconfirmed,14135
DDL:7510301@2026,DDL,2026,7510301,"Công nghệ kỹ thuật điện, điện tử",7510301,,,,unconfirmed,14141
DDL:7510302@2026,DDL,2026,7510302,Công nghệ kỹ thuật điện tử - viễn thông,7510302,,,,unconfirmed,14147
DDL:7510303@2026,DDL,2026,7510303,Công nghệ kỹ thuật điều khiển và tự động hoá,7510303,,,,unconfirmed,14153
DDL:7510402@2026,DDL,2026,7510402,Công nghệ vật liệu bán dẫn và vi mạch,7510402,,,,unconfirmed,14159
DDL:7510403@2026,DDL,2026,7510403,Công nghệ kỹ thuật năng lượng,7510403,,,,unconfirmed,14165
DDL:7510406@2026,DDL,2026,7510406,Công nghệ kỹ thuật môi trường,7510406,,,,unconfirmed,14171
DDL:7510407@2026,DDL,2026,7510407,Công nghệ kỹ thuật hạt nhân,7510407,,,,unconfirmed,14177
DDL:7510601@2026,DDL,2026,7510601,Quản lý công nghiệp,7510601,,,,unconfirmed,14183
DDL:7510602@2026,DDL,2026,7510602,Quản lý năng lượng,7510602,,,,unconfirmed,14189
DDL:7510605@2026,DDL,2026,7510605,Logistic và quản lý chuỗi cung ứng,7510605,,,,unconfirmed,14195
DDL:7520107@2026,DDL,2026,7520107,Kỹ thuật Robot,7520107,,,,unconfirmed,14201
DDL:7520115@2026,DDL,2026,7520115,Kỹ thuật nhiệt,7520115,,,,unconfirmed,14207
DDL:7520117@2026,DDL,2026,7520117,Kỹ thuật công nghiệp,7520117,,,,unconfirmed,14213
DDL:7520118@2026,DDL,2026,7520118,Kỹ thuật hệ thống công nghiệp,7520118,,,,unconfirmed,14219
DDL:7520401@2026,DDL,2026,7520401,Vật lý kỹ thuật,7520401,,,,unconfirmed,14225
DDL:7580302@2026,DDL,2026,7580302,Quản lý xây dựng,7580302,,,,unconfirmed,14231
DDL:7810103@2026,DDL,2026,7810103,Quản trị dịch vụ Du lịch và Lữ hành,7810103,,,,unconfirmed,14237
DDL:7810201@2026,DDL,2026,7810201,Quản trị khách sạn,7810201,,,,unconfirmed,14243
DDM:7340101@2026,DDM,2026,7340101,Quản trị kinh doanh,7340101,,,,unconfirmed,14255
DDM:7340201@2026,DDM,2026,7340201,Tài chính ngân hàng,7340201,,,,unconfirmed,14261
DDM:7340301@2026,DDM,2026,7340301,Kế toán,7340301,,,,unconfirmed,14267
DDM:7480201@2026,DDM,2026,7480201,Công nghệ thông tin,7480201,,,,unconfirmed,14273
DDM:7510102@2026,DDM,2026,7510102,Công nghệ kỹ thuật công trình xây dựng,7510102,,,,unconfirmed,14279
DDM:7510201@2026,DDM,2026,7510201,Công nghệ kỹ thuật cơ khí,7510201,,,,unconfirmed,14285
DDM:7510205@2026,DDM,2026,7510205,Công nghệ kỹ thuật ô tô,7510205,,,,unconfirmed,14291
DDM:7510301@2026,DDM,2026,7510301,"Công nghệ kỹ thuật điện, điện tử",7510301,,,,unconfirmed,14297
DDM:7510303@2026,DDM,2026,7510303,Công nghệ kỹ thuật điều khiển và tự động hoá,7510303,,,,unconfirmed,14303
DDM:7510605@2026,DDM,2026,7510605,Logistics và quản lý chuỗi cung ứng,7510605,,,,unconfirmed,14309
DDM:7520601@2026,DDM,2026,7520601,Kỹ thuật mỏ,7520601,,,,unconfirmed,14315
DDM:7520607@2026,DDM,2026,7520607,Kỹ thuật tuyển khoáng,7520607,,,,unconfirmed,14321
DDN:7210403@2026,DDN,2026,7210403,Thiết kế đồ họa,7210403,,,,unconfirmed,14333
DDN:7210403-1@2026,DDN,2026,7210403-1,Thiết kế đồ họa Đa phương tiện,7210403,,,300,unconfirmed,14339
DDN:7210403-2@2026,DDN,2026,7210403-2,Thiết kế đồ họa Game - Hoạt hình,7210403,,,300,unconfirmed,14345
DDN:7210403-3@2026,DDN,2026,7210403-3,Thiết kế và trang trí nội thất,7210403,,,300,unconfirmed,14351
DDN:7220201@2026,DDN,2026,7220201,Ngôn ngữ Anh,7220201,,,,unconfirmed,14357
DDN:7220201-1@2026,DDN,2026,7220201-1,Tiếng Anh doanh nghiệp,7220201,,,550,unconfirmed,14363
DDN:7220201-2@2026,DDN,2026,7220201-2,Tiếng Anh sư phạm,7220201,,,550,unconfirmed,14369
DDN:7220204@2026,DDN,2026,7220204,Ngôn ngữ Trung Quốc,7220204,,,,unconfirmed,14375
DDN:7220204-1@2026,DDN,2026,7220204-1,Tiếng Trung biên phiên dịch,7220204,,,1300,unconfirmed,14381
DDN:7220209@2026,DDN,2026,7220209,Tiếng Nhật biên phiên dịch,7220209,,,85,unconfirmed,14387
DDN:7220209-1@2026,DDN,2026,7220209-1,Tiếng Nhật thương mại,7220209,,,85,unconfirmed,14393
DDN:7220209-2@2026,DDN,2026,7220209-2,Tiếng Nhật sư phạm,7220209,,,85,unconfirmed,14399
DDN:7220210@2026,DDN,2026,7220210,Ngôn ngữ Hàn Quốc,7220210,,,,unconfirmed,14405
DDN:7220210-1@2026,DDN,2026,7220210-1,Tiếng Hàn biên phiên dịch,7220210,,,400,unconfirmed,14411
DDN:7220210-2@2026,DDN,2026,7220210-2,Tiếng Hàn kinh doanh thương mại,7220210,,,400,unconfirmed,14417
DDN:7310101@2026,DDN,2026,7310101,Kinh tế,7310101,,,,unconfirmed,14423
DDN:7310101-1@2026,DDN,2026,7310101-1,Kinh tế đầu tư,7310101,,,50,unconfirmed,14429
DDN:7310101-2@2026,DDN,2026,7310101-2,Kinh tế tài chính,7310101,,,50,unconfirmed,14435
DDN:7310109@2026,DDN,2026,7310109,Kinh tế số,7310109,,,,unconfirmed,14441
DDN:7310401@2026,DDN,2026,7310401,Tâm lý học,7310401,,,,unconfirmed,14447
DDN:7310401-1@2026,DDN,2026,7310401-1,Tham vấn - Trị liệu tâm lý,7310401,,,220,unconfirmed,14453
DDN:7310401-2@2026,DDN,2026,7310401-2,Tâm lý học Tổ chức - Công nghiệp,7310401,,,220,unconfirmed,14459
DDN:7320104@2026,DDN,2026,7320104,Truyền thông đa phương tiện,7320104,,,460,unconfirmed,14465
DDN:7320108@2026,DDN,2026,7320108,Quan hệ công chúng,7320108,,,100,unconfirmed,14471
DDN:7340101@2026,DDN,2026,7340101,Quản trị kinh doanh,7340101,,,400,unconfirmed,14477
DDN:73401015@2026,DDN,2026,73401015,Marketing,7340101,,,,unconfirmed,14483
DDN:7340115-1@2026,DDN,2026,7340115-1,Social Marketing,7340115,,,500,unconfirmed,14489
DDN:7340115-2@2026,DDN,2026,7340115-2,Digital Marketing,7340115,,,500,unconfirmed,14495
DDN:7340115-3@2026,DDN,2026,7340115-3,Martech,7340115,,,500,unconfirmed,14501
DDN:7340120@2026,DDN,2026,7340120,Kinh doanh quốc tế,7340120,,,50,unconfirmed,14507
DDN:7340122@2026,DDN,2026,7340122,Thương mại điện tử,7340122,,,280,unconfirmed,14513
DDN:7340201@2026,DDN,2026,7340201,Tài chính ngân hàng,7340201,,,,unconfirmed,14519
DDN:7340201-1@2026,DDN,2026,7340201-1,Ngân hàng số,7340201,,,50,unconfirmed,14525
DDN:7340201-2@2026,DDN,2026,7340201-2,Ngân hàng thương mại,7340201,,,50,unconfirmed,14531
DDN:7340201-3@2026,DDN,2026,7340201-3,Tài chính và Đầu tư,7340201,,,50,unconfirmed,14537
DDN:7340205@2026,DDN,2026,7340205,Công nghệ tài chính,7340205,,,,unconfirmed,14543
DDN:7340205-1@2026,DDN,2026,7340205-1,Công nghệ Blockchain và tiền mã hóa,7340205,,,100,unconfirmed,14549
DDN:7340205-2@2026,DDN,2026,7340205-2,Ngân hàng số thanh toán điện tử,7340205,,,100,unconfirmed,14555
DDN:7340301@2026,DDN,2026,7340301,Kế toán,7340301,,,,unconfirmed,14561
DDN:7340301-1@2026,DDN,2026,7340301-1,Kế toán,7340301,,,180,unconfirmed,14567
DDN:7340301-2@2026,DDN,2026,7340301-2,Kiểm toán,7340301,,,180,unconfirmed,14573
DDN:7340404@2026,DDN,2026,7340404,Quản trị nhân lực,7340404,,,120,unconfirmed,14579
DDN:7380101@2026,DDN,2026,7380101,Luật,7380101,,,110,unconfirmed,14585
DDN:7380107@2026,DDN,2026,7380107,Luật kinh tế,7380107,,,100,unconfirmed,14591
DDN:7480101@2026,DDN,2026,7480101,Khoa học máy tính,7480101,,,,unconfirmed,14597
DDN:7480101-1@2026,DDN,2026,7480101-1,Khoa học dữ liệu,7480101,,,50,unconfirmed,14603
DDN:7480101-2@2026,DDN,2026,7480101-2,Trí tuệ nhân tạo,7480101,,,50,unconfirmed,14609
DDN:7480104@2026,DDN,2026,7480104,Hệ thống thông tin,7480104,,,50,unconfirmed,14615
DDN:7480201@2026,DDN,2026,7480201,Công nghệ thông tin,7480201,,,,unconfirmed,14621
DDN:7480201-1@2026,DDN,2026,7480201-1,Phát triển phần mềm,7480201,,,700,unconfirmed,14627
DDN:7480201-2@2026,DDN,2026,7480201-2,Hệ thống nhúng và IoT,7480201,,,700,unconfirmed,14633
DDN:7480201-3@2026,DDN,2026,7480201-3,Robot và Trí tuệ nhân tạo,7480201,,,700,unconfirmed,14639
DDN:7510203@2026,DDN,2026,7510203,Công nghệ kỹ thuật cơ điện tử,7510203,,,180,unconfirmed,14645
DDN:7510205@2026,DDN,2026,7510205,Công nghệ kỹ thuật ô tô,7510205,,,400,unconfirmed,14651
DDN:7510301@2026,DDN,2026,7510301,"Công nghệ kỹ thuật điện, điện tử",7510301,,,230,unconfirmed,14657
DDN:7510303@2026,DDN,2026,7510303,Công nghệ kỹ thuật điều khiển và tự động hóa,7510303,,,,unconfirmed,14663
DDN:7510303-1@2026,DDN,2026,7510303-1,Công nghệ bán dẫn,7510303,,,200,unconfirmed,14669
DDN:7510303-2@2026,DDN,2026,7510303-2,Tự động hóa công nghiệp,7510303,,,200,unconfirmed,14675
DDN:7510605@2026,DDN,2026,7510605,Logistics và quản lý chuỗi cung ứng,7510605,,,350,unconfirmed,14681
DDN:7580101@2026,DDN,2026,7580101,Kiến trúc,7580101,,,50,unconfirmed,14687
DDN:7580201@2026,DDN,2026,7580201,Kỹ thuật xây dựng,7580201,,,50,unconfirmed,14693
DDN:7580301@2026,DDN,2026,7580301,Kinh tế xây dựng,7580301,,,25,unconfirmed,14699
DDN:7720101@2026,DDN,2026,7720101,Y khoa,7720101,,,540,unconfirmed,14705
DDN:7720101-E@2026,DDN,2026,7720101-E,Y khoa (Đào tạo bằng Tiếng Anh),7720101,,,10,unconfirmed,14711
DDN:7720101QT@2026,DDN,2026,7720101QT,Y khoa (Đào tạo bằng Tiếng Anh),7720101,,,,unconfirmed,14717
DDN:7720201@2026,DDN,2026,7720201,Dược học,7720201,,,1050,unconfirmed,14723
DDN:7720301@2026,DDN,2026,7720301,Điều dưỡng,7720301,,,500,unconfirmed,14729
DDN:7810103@2026,DDN,2026,7810103,Quản trị dịch vụ du lịch và lữ hành,7810103,,,250,unconfirmed,14735
DDN:7810201@2026,DDN,2026,7810201,Quản trị khách sạn,7810201,,,120,unconfirmed,14741
DDN:7810301@2026,DDN,2026,7810301,Esport (Thể thao điện tử) - Dự kiến,7810301,,,100,unconfirmed,14747
DDP:7140201@2026,DDP,2026,7140201,Giáo dục Mầm non,7140201,,,,unconfirmed,14759
DDP:7140202@2026,DDP,2026,7140202,Giáo dục Tiểu học,7140202,,,,unconfirmed,14765
DDP:7340101@2026,DDP,2026,7340101,Quản trị kinh doanh,7340101,,,,unconfirmed,14771
DDP:7340122@2026,DDP,2026,7340122,Thương mại điện tử,7340122,,,,unconfirmed,14777
DDP:7340301@2026,DDP,2026,7340301,Kế toán,7340301,,,,unconfirmed,14783
DDP:7380107@2026,DDP,2026,7380107,Luật kinh tế,7380107,,,,unconfirmed,14789
DDP:7480201@2026,DDP,2026,7480201,Công nghệ thông tin,7480201,,,,unconfirmed,14795
DDP:7580201@2026,DDP,2026,7580201,Kỹ thuật xây dựng,7580201,,,,unconfirmed,14801
DDP:7810103@2026,DDP,2026,7810103,Quản trị dịch vụ du lịch và lữ hành,7810103,,,,unconfirmed,14807
DDQ:7310101PR@2026,DDQ,2026,7310101PR,Kinh tế quốc tế (PR - Bán phần tiếng Anh),7310101,,,100,unconfirmed,14819
DDQ:7310101ST@2026,DDQ,2026,7310101ST,Kinh tế (ST - Tiêu chuẩn): - Chuyên ngành Kinh tế quốc tế; - Chuyên ngành Kinh tế đầu tư; - Chuyên ngành Kinh tế phát triển.,7310101,,,140,unconfirmed,14825
DDQ:7310107ST@2026,DDQ,2026,7310107ST,Thống kê kinh tế (ST - Tiêu chuẩn): - Chuyên ngành Thống kê kinh tế - xã hội,7310107,,,50,unconfirmed,14831
DDQ:7310205ST@2026,DDQ,2026,7310205ST,Quản lý nhà nước (ST - Tiêu chuẩn) - Chuyên ngành Kinh tế chính trị; - Chuyên ngành Hành chính công.,7310205,,,80,unconfirmed,14837
DDQ:7340101PR@2026,DDQ,2026,7340101PR,Quản trị kinh doanh (PR - Bán phần tiếng Anh): - Chuyên ngành Quản trị chuỗi cung ứng và logistics; - Chuyên ngành Quản trị kinh doanh tổng quát; - Chuyên ngành Kinh doanh số.,7340101,,,250,unconfirmed,14843
DDQ:7340101ST@2026,DDQ,2026,7340101ST,Quản trị kinh doanh (ST - Tiêu chuẩn): - Chuyên ngành Quản trị chuỗi cung ứng và logistics; - Chuyên ngành Quản trị kinh doanh tổng quát; - Chuyên ngành Kinh doanh số; - Chuyên ngành Quản trị tài chính.,7340101,,,160,unconfirmed,14849
DDQ:7340115GB@2026,DDQ,2026,7340115GB,Marketing số (GB - Toàn phần tiếng Anh),7340115,,,80,unconfirmed,14855
DDQ:7340115PR@2026,DDQ,2026,7340115PR,Marketing (PR - Bán phần tiếng Anh): - Chuyên ngành Truyền thông Marketing; - Chuyên ngành Quản trị Marketing.,7340115,,,100,unconfirmed,14861
DDQ:7340115ST@2026,DDQ,2026,7340115ST,Marketing (ST - Tiêu chuẩn): - Chuyên ngành Marketing số; - Chuyên ngành Truyền thông Marketing; - Chuyên ngành Quản trị Marketing.,7340115,,,100,unconfirmed,14867
DDQ:7340120EL@2026,DDQ,2026,7340120EL,"Cử nhân tài năng Ngoại thương (DUE-Elite, Toàn phần tiếng Anh)",7340120,,,100,unconfirmed,14873
DDQ:7340120GB@2026,DDQ,2026,7340120GB,Ngoại thương (GB - Toàn phần tiếng Anh),7340120,,,100,unconfirmed,14879
DDQ:7340120PR@2026,DDQ,2026,7340120PR,Kinh doanh giao nhận và vận tải quốc tế (PR - Bán phần tiếng Anh),7340120,,,100,unconfirmed,14885
DDQ:7340120QT@2026,DDQ,2026,7340120QT,Chương trình cử nhân liên kết quốc tế,7340120,,,150,unconfirmed,14891
DDQ:7340120ST@2026,DDQ,2026,7340120ST,Kinh doanh quốc tế (ST - Tiêu chuẩn): - Chuyên ngành Ngoại thương; - Chuyên ngành Kinh doanh giao nhận và vận tải quốc tế.,7340120,,,100,unconfirmed,14897
DDQ:7340121ST@2026,DDQ,2026,7340121ST,Kinh doanh thương mại (ST - Tiêu chuẩn): - Chuyên ngành Quản trị kinh doanh thương mại,7340121,,,115,unconfirmed,14903
DDQ:7340122GB@2026,DDQ,2026,7340122GB,Thương mại điện tử (GB - Toàn phần tiếng Anh),7340122,,,80,unconfirmed,14909
DDQ:7340122ST@2026,DDQ,2026,7340122ST,Thương mại điện tử (ST - Tiêu chuẩn),7340122,,,85,unconfirmed,14915
DDQ:7340201PR@2026,DDQ,2026,7340201PR,Tài chính - Ngân hàng (PR - Bán phần tiếng Anh): - Chuyên ngành Tài chính quốc tế; - Chuyên ngành Tài chính doanh nghiệp; - Chuyên ngành Ngân hàng.,7340201,,,200,unconfirmed,14921
DDQ:7340201ST@2026,DDQ,2026,7340201ST,Tài chính - Ngân hàng (ST - Tiêu chuẩn): - Chuyên ngành Tài chính quốc tế; - Chuyên ngành Tài chính doanh nghiệp; - Chuyên ngành Ngân hàng; - Chuyên ngành Tài chính công.,7340201,,,110,unconfirmed,14927
DDQ:7340205PR@2026,DDQ,2026,7340205PR,Công nghệ tài chính (PR - Bán phần tiếng Anh),7340205,,,50,unconfirmed,14933
DDQ:7340205ST@2026,DDQ,2026,7340205ST,Công nghệ tài chính (ST - Tiêu chuẩn),7340205,,,40,unconfirmed,14939
DDQ:7340301PR@2026,DDQ,2026,7340301PR,Kế toán tích hợp chương trình quốc tế ICAEW (PR - Bán phần tiếng Anh),7340301,,,80,unconfirmed,14945
DDQ:7340301ST@2026,DDQ,2026,7340301ST,Kế toán (ST - Tiêu chuẩn),7340301,,,215,unconfirmed,14951
DDQ:7340302PR@2026,DDQ,2026,7340302PR,Kiểm toán tích hợp chương trình quốc tế ACCA (PR - Bán phần tiếng Anh),7340302,,,80,unconfirmed,14957
DDQ:7340302ST@2026,DDQ,2026,7340302ST,Kiểm toán (ST - Tiêu chuẩn),7340302,,,85,unconfirmed,14963
DDQ:7340404PR@2026,DDQ,2026,7340404PR,Quản trị nguồn nhân lực (PR - Bán phần tiếng Anh),7340404,,,50,unconfirmed,14969
DDQ:7340404ST@2026,DDQ,2026,7340404ST,Quản trị nguồn nhân lực (ST - Tiêu chuẩn),7340404,,,45,unconfirmed,14975
DDQ:7340405PR@2026,DDQ,2026,7340405PR,Trí tuệ nhân tạo trong kinh doanh (PR - Bán phần tiếng Anh),7340405,,,80,unconfirmed,14981
DDQ:7340405ST@2026,DDQ,2026,7340405ST,Hệ thống thông tin quản lý (ST - Tiêu chuẩn): - Chuyên ngành Trí tuệ nhân tạo trong kinh doanh; - Chuyên ngành Quản trị hệ thống thông tin; - Chuyên ngành Tin học quản lý.,7340405,,,150,unconfirmed,14987
DDQ:7380101ST@2026,DDQ,2026,7380101ST,Luật (ST - Tiêu chuẩn): - Chuyên ngành Luật học,7380101,,,80,unconfirmed,14993
DDQ:7380107PR@2026,DDQ,2026,7380107PR,Luật thương mại quốc tế (PR - Bán phần tiếng Anh),7380107,,,80,unconfirmed,14999
DDQ:7380107ST@2026,DDQ,2026,7380107ST,Luật Kinh tế (ST - Tiêu chuẩn): - Chuyên ngành Luật Thương mại quốc tế; - Chuyên ngành Luật Kinh doanh.,7380107,,,85,unconfirmed,15005
DDQ:7460108ST@2026,DDQ,2026,7460108ST,Khoa học dữ liệu (ST - Tiêu chuẩn): - Chuyên ngành Khoa học dữ liệu và phân tích kinh doanh,7460108,,,90,unconfirmed,15011
DDQ:7810103PR@2026,DDQ,2026,7810103PR,Quản trị kinh doanh du lịch (PR - Bán phần tiếng Anh),7810103,,,50,unconfirmed,15017
DDQ:7810103ST@2026,DDQ,2026,7810103ST,Quản trị dịch vụ du lịch và lữ hành (ST - Tiêu chuẩn): - Chuyên ngành Quản trị kinh doanh du lịch; - Chuyên ngành Quản trị sự kiện; - Chuyên ngành Quản trị kinh doanh du lịch nghỉ dưỡng và chăm sóc sức khỏe.,7810103,,,120,unconfirmed,15023
DDQ:7810201PR@2026,DDQ,2026,7810201PR,Quản trị khách sạn (PR - Bán phần tiếng Anh),7810201,,,50,unconfirmed,15029
DDQ:7810201ST@2026,DDQ,2026,7810201ST,Quản trị khách sạn (ST - Tiêu chuẩn),7810201,,,105,unconfirmed,15035
DDS:7140103@2026,DDS,2026,7140103,Công nghệ giáo dục,7140103,,,44,unconfirmed,15047
DDS:7140201@2026,DDS,2026,7140201,Giáo dục Mầm non,7140201,,,250,unconfirmed,15053
DDS:7140202@2026,DDS,2026,7140202,Giáo dục Tiểu học,7140202,,,350,unconfirmed,15059
DDS:7140204@2026,DDS,2026,7140204,Giáo dục Công dân,7140204,,,50,unconfirmed,15065
DDS:7140205@2026,DDS,2026,7140205,Giáo dục Chính trị,7140205,,,20,unconfirmed,15071
DDS:7140206@2026,DDS,2026,7140206,Giáo dục thể chất,7140206,,,90,unconfirmed,15077
DDS:7140209@2026,DDS,2026,7140209,Sư phạm Toán học,7140209,,,100,unconfirmed,15083
DDS:7140210@2026,DDS,2026,7140210,Sư phạm Tin học,7140210,,,50,unconfirmed,15089
DDS:7140211@2026,DDS,2026,7140211,Sư phạm Vật lý,7140211,,,50,unconfirmed,15095
DDS:7140212@2026,DDS,2026,7140212,Sư phạm Hóa học,7140212,,,50,unconfirmed,15101
DDS:7140213@2026,DDS,2026,7140213,Sư phạm Sinh học,7140213,,,50,unconfirmed,15107
DDS:7140217@2026,DDS,2026,7140217,Sư phạm Ngữ văn,7140217,,,100,unconfirmed,15113
DDS:7140218@2026,DDS,2026,7140218,Sư phạm Lịch sử,7140218,,,50,unconfirmed,15119
DDS:7140219@2026,DDS,2026,7140219,Sư phạm Địa lý,7140219,,,50,unconfirmed,15125
DDS:7140221@2026,DDS,2026,7140221,Sư phạm Âm nhạc,7140221,,,90,unconfirmed,15131
DDS:7140222@2026,DDS,2026,7140222,Sư phạm Mỹ thuật,7140222,,,50,unconfirmed,15137
DDS:7140247@2026,DDS,2026,7140247,Sư phạm Khoa học tự nhiên,7140247,,,100,unconfirmed,15143
DDS:7140248@2026,DDS,2026,7140248,Giáo dục Pháp luật,7140248,,,50,unconfirmed,15149
DDS:7140249@2026,DDS,2026,7140249,Sư phạm Lịch sử - Địa lý,7140249,,,100,unconfirmed,15155
DDS:7140250@2026,DDS,2026,7140250,Sư phạm Tin học và Công nghệ Tiểu học,7140250,,,90,unconfirmed,15161
DDS:7229010@2026,DDS,2026,7229010,Quan hệ quốc tế/Lịch sử,7229010,,,70,unconfirmed,15167
DDS:7229030@2026,DDS,2026,7229030,Văn học,7229030,,,70,unconfirmed,15173
DDS:7229040@2026,DDS,2026,7229040,Văn hóa học,7229040,,,67,unconfirmed,15179
DDS:7310401@2026,DDS,2026,7310401,"Tâm lý học, gồm các chuyên ngành: 1. Tâm lý học trường học và tổ chức 2. Tâm lý học lâm sàng",7310401,,,118,unconfirmed,15185
DDS:7310501@2026,DDS,2026,7310501,Địa lý du lịch/Địa lý học,7310501,,,70,unconfirmed,15191
DDS:7310630@2026,DDS,2026,7310630,Văn hóa du lịch/Việt Nam học,7310630,,,118,unconfirmed,15197
DDS:7320101@2026,DDS,2026,7320101,Báo chí,7320101,,,92,unconfirmed,15203
DDS:7320108@2026,DDS,2026,7320108,Quan hệ công chúng,7320108,,,92,unconfirmed,15209
DDS:7420201@2026,DDS,2026,7420201,Công nghệ Sinh học,7420201,,,64,unconfirmed,15215
DDS:7440112A@2026,DDS,2026,7440112A,Hóa Dược/Hóa học,7440112,,,29,unconfirmed,15221
DDS:7440112B@2026,DDS,2026,7440112B,Hóa phân tích - Ứng dụng/Hóa học,7440112,,,30,unconfirmed,15227
DDS:7460108@2026,DDS,2026,7460108,Khoa học dữ liệu,7460108,,,45,unconfirmed,15233
DDS:7480201@2026,DDS,2026,7480201,Công nghệ thông tin,7480201,,,130,unconfirmed,15239
DDS:7520401@2026,DDS,2026,7520401,Vật lý kỹ thuật,7520401,,,38,unconfirmed,15245
DDS:7620101@2026,DDS,2026,7620101,Nông nghiệp (Chuyên ngành Nông nghiệp thông minh),7620101,,,40,unconfirmed,15251
DDS:7760101@2026,DDS,2026,7760101,Công tác xã hội,7760101,,,70,unconfirmed,15257
DDS:7760103@2026,DDS,2026,7760103,Hỗ trợ giáo dục người khuyết tật,7760103,,,42,unconfirmed,15263
DDS:7850101@2026,DDS,2026,7850101,Quản lý tài nguyên và môi trường,7850101,,,43,unconfirmed,15269
DDT:7510205@2026,DDT,2026,7510205,Công nghệ Kỹ thuật Ô tô CTBC (Đài Loan - Trung Quốc),7510205,,Chương trình CTBC,,unconfirmed,15281
DDT:7510301@2026,DDT,2026,7510301,Thiết kế Vi mạch Bán dẫn CTBC (Đài Loan - Trung Quốc),7510301,,Chương trình CTBC,,unconfirmed,15288
DDT:7340101 (LK)@2026,DDT,2026,7340101 (LK),Quản trị Kinh doanh TROY,,,CHƯƠNG TRÌNH DU HỌC TẠI CHỖ (ĐH TROY - MỸ),,unconfirmed,15295
DDT:7480101 (LK)@2026,DDT,2026,7480101 (LK),Khoa học Máy tính TROY,,,CHƯƠNG TRÌNH DU HỌC TẠI CHỖ (ĐH TROY - MỸ),,unconfirmed,15301
DDT:7810201 (LK)@2026,DDT,2026,7810201 (LK),Quản trị Khách sạn TROY,,,CHƯƠNG TRÌNH DU HỌC TẠI CHỖ (ĐH TROY - MỸ),,unconfirmed,15307
DDT:7340101 (HP)@2026,DDT,2026,7340101 (HP),Quản trị Doanh nghiệp (HP),,,Chương trình Tài năng (Quản lý Nam Khuê),,unconfirmed,15313
DDT:7340115 (HP)@2026,DDT,2026,7340115 (HP),Quản trị Marketing & Chiến lược (HP),,,Chương trình Tài năng (Quản lý Nam Khuê),,unconfirmed,15319
DDT:7340201 (HP)@2026,DDT,2026,7340201 (HP),Quản trị Tài chính (HP),,,Chương trình Tài năng (Quản lý Nam Khuê),,unconfirmed,15325
DDT:7510605 (HP)@2026,DDT,2026,7510605 (HP),Logistics & Quản lý Chuỗi cung ứng (HP),,,Chương trình Tài năng (Quản lý Nam Khuê),,unconfirmed,15331
DDT:7340101@2026,DDT,2026,7340101,Quản trị kinh doanh chuẩn PSU,7340101,advanced,"Chương trình tiên tiến, Quốc tế",,unconfirmed,15337
DDT:7340122@2026,DDT,2026,7340122,Thương mại điện tử chuẩn CMU,7340122,advanced,"Chương trình tiên tiến, Quốc tế",,unconfirmed,15345
DDT:7340201@2026,DDT,2026,7340201,Tài chính - Ngân hàng chuẩn PSU,7340201,advanced,"Chương trình tiên tiến, Quốc tế",,unconfirmed,15353
DDT:7340205@2026,DDT,2026,7340205,Công nghệ tài chính chuẩn PSU,7340205,advanced,"Chương trình tiên tiến, Quốc tế",,unconfirmed,15361
DDT:7340301@2026,DDT,2026,7340301,Kế toán chuẩn PSU,7340301,advanced,"Chương trình tiên tiến, Quốc tế",,unconfirmed,15369
DDT:7340405@2026,DDT,2026,7340405,Hệ thống Thông tin Quản lý chuẩn CMU (ABET),7340405,advanced,"Chương trình tiên tiến, Quốc tế",,unconfirmed,15377
DDT:7480103@2026,DDT,2026,7480103,Công nghệ phần mềm chuẩn CMU (ABET),7480103,advanced,"Chương trình tiên tiến, Quốc tế",,unconfirmed,15385
DDT:7480202@2026,DDT,2026,7480202,An toàn thông tin chuẩn CMU,7480202,advanced,"Chương trình tiên tiến, Quốc tế",,unconfirmed,15393
DDT:7580101@2026,DDT,2026,7580101,Kiến trúc chuẩn CSU,7580101,advanced,"Chương trình tiên tiến, Quốc tế",,unconfirmed,15401
DDT:7580201@2026,DDT,2026,7580201,Kỹ thuật xây dựng chuẩn CSU (ABET),7580201,advanced,"Chương trình tiên tiến, Quốc tế",,unconfirmed,15409
DDT:7210403@2026,DDT,2026,7210403,Thiết kế Đồ họa,7210403,,Chương trình Việt - Nhật,,unconfirmed,15417
DDT:7480103~2@2026,DDT,2026,7480103,Công nghệ phần mềm,7480103,,Chương trình Việt - Nhật,,unconfirmed,15424
DDT:7510205~2@2026,DDT,2026,7510205,Công nghệ Kỹ thuật Ô tô,7510205,,Chương trình Việt - Nhật,,unconfirmed,15431
DDT:7510301~2@2026,DDT,2026,7510301,Điện tử - Viễn thông,7510301,,Chương trình Việt - Nhật,,unconfirmed,15438
DDT:7520216@2026,DDT,2026,7520216,Kỹ thuật Điều khiển & Tự động hóa,7520216,,Chương trình Việt - Nhật,,unconfirmed,15445
DDT:7540101@2026,DDT,2026,7540101,Công nghệ Thực phẩm,7540101,,Chương trình Việt - Nhật,,unconfirmed,15452
DDT:7580101~2@2026,DDT,2026,7580101,Kiến trúc Công trình,7580101,,Chương trình Việt - Nhật,,unconfirmed,15459
DDT:7580201~2@2026,DDT,2026,7580201,Xây dựng Dân dụng & Công nghiệp,7580201,,Chương trình Việt - Nhật,,unconfirmed,15466
DDT:7720301@2026,DDT,2026,7720301,Điều dưỡng Đa khoa,7720301,,Chương trình Việt - Nhật,,unconfirmed,15473
DDT:7210205@2026,DDT,2026,7210205,Ngành Thanh nhạc,7210205,,Chương trình Việt - Nhật,,unconfirmed,15480
DDT:7210403~2@2026,DDT,2026,7210403,Ngành Thiết kế Đồ họa,7210403,,Chương trình Việt - Nhật,,unconfirmed,15487
DDT:7210404@2026,DDT,2026,7210404,Ngành Thiết kế Thời trang,7210404,,Chương trình Việt - Nhật,,unconfirmed,15494
DDT:7510102@2026,DDT,2026,7510102,Ngành Công nghệ Kỹ thuật Công trình Xây dựng,7510102,,Chương trình Việt - Nhật,,unconfirmed,15501
DDT:7510202@2026,DDT,2026,7510202,Ngành Công nghệ Chế tạo Máy,7510202,,Chương trình Việt - Nhật,,unconfirmed,15508
DDT:7510205~3@2026,DDT,2026,7510205,Ngành Công nghệ Kỹ thuật Ô tô,7510205,,Chương trình Việt - Nhật,,unconfirmed,15515
DDT:7510301~3@2026,DDT,2026,7510301,"Ngành Công nghệ Kỹ thuật Điện, Điện tử",7510301,,Chương trình Việt - Nhật,,unconfirmed,15522
DDT:7510406@2026,DDT,2026,7510406,Ngành Công nghệ Kỹ thuật Môi trường,7510406,,Chương trình Việt - Nhật,,unconfirmed,15529
DDT:7520114@2026,DDT,2026,7520114,Ngành Kỹ thuật Cơ Điện tử,7520114,,Chương trình Việt - Nhật,,unconfirmed,15536
DDT:7520201@2026,DDT,2026,7520201,Ngành Kỹ thuật Điện,7520201,,Chương trình Việt - Nhật,,unconfirmed,15543
DDT:7520216~2@2026,DDT,2026,7520216,Ngành Kỹ thuật Điều khiển & Tự động hóa,7520216,,Chương trình Việt - Nhật,,unconfirmed,15550
DDT:7540101~2@2026,DDT,2026,7540101,Ngành Công nghệ Thực phẩm,7540101,,Chương trình Việt - Nhật,,unconfirmed,15557
DDT:7580101~3@2026,DDT,2026,7580101,Ngành Kiến trúc,7580101,,Chương trình Việt - Nhật,,unconfirmed,15564
DDT:7580103@2026,DDT,2026,7580103,Ngành Kiến trúc nội thất,7580103,,Chương trình Việt - Nhật,,unconfirmed,15571
DDT:7580201~3@2026,DDT,2026,7580201,Ngành Kỹ thuật Xây dựng,7580201,,Chương trình Việt - Nhật,,unconfirmed,15578
DDT:7850101@2026,DDT,2026,7850101,Ngành Quản lý Tài nguyên & Môi trường,7850101,,Chương trình Việt - Nhật,,unconfirmed,15585
DDT:7340412@2026,DDT,2026,7340412,Ngành Quản trị Sự kiện,7340412,,Chương trình Việt - Nhật,,unconfirmed,15592
DDT:7810101@2026,DDT,2026,7810101,Ngành Du lịch,7810101,,Chương trình Việt - Nhật,,unconfirmed,15599
DDT:7810103@2026,DDT,2026,7810103,Ngành Quản trị Dịch vụ Du lịch & Lữ hành,7810103,,Chương trình Việt - Nhật,,unconfirmed,15606
DDT:7810201@2026,DDT,2026,7810201,Ngành Quản trị Khách sạn,7810201,,Chương trình Việt - Nhật,,unconfirmed,15613
DDT:7810202@2026,DDT,2026,7810202,Ngành Quản trị Nhà hàng & Dịch vụ Ăn uống,7810202,,Chương trình Việt - Nhật,,unconfirmed,15620
DDT:7810501@2026,DDT,2026,7810501,Ngành Kinh tế Gia đình,7810501,,Chương trình Việt - Nhật,,unconfirmed,15627
DDT:7460108@2026,DDT,2026,7460108,Ngành Khoa học Dữ liệu,7460108,,Chương trình Việt - Nhật,,unconfirmed,15634
DDT:7480101@2026,DDT,2026,7480101,Ngành Khoa học Máy tính,7480101,,Chương trình Việt - Nhật,,unconfirmed,15641
DDT:7480102@2026,DDT,2026,7480102,Ngành Mạng Máy tính & Truyền thông Dữ liệu (Đạt kiểm định ABET),7480102,,Chương trình Việt - Nhật,,unconfirmed,15648
DDT:7480103~3@2026,DDT,2026,7480103,Ngành Kỹ thuật Phần mềm,7480103,,Chương trình Việt - Nhật,,unconfirmed,15655
DDT:7480107@2026,DDT,2026,7480107,Ngành Trí tuệ Nhân tạo,7480107,,Chương trình Việt - Nhật,,unconfirmed,15662
DDT:7480202~2@2026,DDT,2026,7480202,Ngành An toàn Thông tin,7480202,,Chương trình Việt - Nhật,,unconfirmed,15669
DDT:7310104@2026,DDT,2026,7310104,Ngành Kinh tế Đầu tư,7310104,,Chương trình Việt - Nhật,,unconfirmed,15676
DDT:7340101~2@2026,DDT,2026,7340101,Ngành Quản trị Kinh doanh,7340101,,Chương trình Việt - Nhật,,unconfirmed,15683
DDT:7340115@2026,DDT,2026,7340115,Ngành Marketing,7340115,,Chương trình Việt - Nhật,,unconfirmed,15690
DDT:7340121@2026,DDT,2026,7340121,Ngành Kinh doanh Thương mại,7340121,,Chương trình Việt - Nhật,,unconfirmed,15697
DDT:7340122~2@2026,DDT,2026,7340122,Ngành Thương mại Điện tử,7340122,,Chương trình Việt - Nhật,,unconfirmed,15704
DDT:7340201~2@2026,DDT,2026,7340201,Ngành Tài chính - Ngân hàng,7340201,,Chương trình Việt - Nhật,,unconfirmed,15711
DDT:7340205~2@2026,DDT,2026,7340205,Ngành Công nghệ Tài chính,7340205,,Chương trình Việt - Nhật,,unconfirmed,15718
DDT:7340301~2@2026,DDT,2026,7340301,Ngành Kế toán,7340301,,Chương trình Việt - Nhật,,unconfirmed,15725
DDT:7340302@2026,DDT,2026,7340302,Ngành Kiểm toán,7340302,,Chương trình Việt - Nhật,,unconfirmed,15732
DDT:7340404@2026,DDT,2026,7340404,Ngành Quản trị Nhân lực,7340404,,Chương trình Việt - Nhật,,unconfirmed,15739
DDT:7510605@2026,DDT,2026,7510605,Ngành Logistics & Quản lý Chuỗi Cung ứng,7510605,,Chương trình Việt - Nhật,,unconfirmed,15746
DDT:7220201@2026,DDT,2026,7220201,Ngành Ngôn ngữ Anh,7220201,,Chương trình Việt - Nhật,,unconfirmed,15753
DDT:7220204@2026,DDT,2026,7220204,Ngành Ngôn ngữ Trung Quốc,7220204,,Chương trình Việt - Nhật,,unconfirmed,15760
DDT:7220209@2026,DDT,2026,7220209,Ngành Ngôn ngữ Nhật,7220209,,Chương trình Việt - Nhật,,unconfirmed,15767
DDT:7220210@2026,DDT,2026,7220210,Ngành Ngôn ngữ Hàn Quốc,7220210,,Chương trình Việt - Nhật,,unconfirmed,15774
DDT:7229030@2026,DDT,2026,7229030,Ngành Văn học,7229030,,Chương trình Việt - Nhật,,unconfirmed,15781
DDT:7310206@2026,DDT,2026,7310206,Ngành Quan hệ Quốc tế,7310206,,Chương trình Việt - Nhật,,unconfirmed,15788
DDT:7310630@2026,DDT,2026,7310630,Ngành Việt Nam học,7310630,,Chương trình Việt - Nhật,,unconfirmed,15795
DDT:7320104@2026,DDT,2026,7320104,Ngành Truyền thông Đa phương tiện,7320104,,Chương trình Việt - Nhật,,unconfirmed,15802
DDT:7320108@2026,DDT,2026,7320108,Ngành Quan hệ Công chúng,7320108,,Chương trình Việt - Nhật,,unconfirmed,15809
DDT:7380101@2026,DDT,2026,7380101,Ngành Luật,7380101,,Chương trình Việt - Nhật,,unconfirmed,15816
DDT:7380107@2026,DDT,2026,7380107,Ngành Luật Kinh tế,7380107,,Chương trình Việt - Nhật,,unconfirmed,15823
DDT:7420201@2026,DDT,2026,7420201,Ngành Công nghệ Sinh học,7420201,,Chương trình Việt - Nhật,,unconfirmed,15830
DDT:7520212@2026,DDT,2026,7520212,Ngành Kỹ thuật Y sinh,7520212,,Chương trình Việt - Nhật,,unconfirmed,15837
DDT:7720101@2026,DDT,2026,7720101,Ngành Y Khoa,7720101,,Chương trình Việt - Nhật,,unconfirmed,15844
DDT:7720201@2026,DDT,2026,7720201,Ngành Dược,7720201,,Chương trình Việt - Nhật,,unconfirmed,15851
DDT:7720301~2@2026,DDT,2026,7720301,Ngành Điều dưỡng,7720301,,Chương trình Việt - Nhật,,unconfirmed,15858
DDT:7720501@2026,DDT,2026,7720501,Ngành Răng-Hàm-Mặt,7720501,,Chương trình Việt - Nhật,,unconfirmed,15865
DDT:7720601@2026,DDT,2026,7720601,Ngành Kỹ thuật Xét nghiệm Y học,7720601,,Chương trình Việt - Nhật,,unconfirmed,15872
DDU:7220204@2026,DDU,2026,7220204,Ngôn ngữ Trung Quốc,7220204,,,,unconfirmed,15885
DDU:7220209@2026,DDU,2026,7220209,Ngôn ngữ Nhật,7220209,,,,unconfirmed,15891
DDU:7220210@2026,DDU,2026,7220210,Ngôn ngữ Hàn Quốc,7220210,,,,unconfirmed,15897
DDU:7310205@2026,DDU,2026,7310205,Quản lý nhà nước,7310205,,,,unconfirmed,15903
DDU:7340101@2026,DDU,2026,7340101,Quản trị kinh doanh,7340101,,,,unconfirmed,15909
DDU:7340122@2026,DDU,2026,7340122,Thương mại điện tử,7340122,,,,unconfirmed,15915
DDU:7340201@2026,DDU,2026,7340201,Tài chính - Ngân hàng,7340201,,,,unconfirmed,15921
DDU:7340301@2026,DDU,2026,7340301,Kế toán,7340301,,,,unconfirmed,15927
DDU:7380107@2026,DDU,2026,7380107,Luật kinh tế,7380107,,,,unconfirmed,15933
DDU:7480201@2026,DDU,2026,7480201,Công nghệ thông tin,7480201,,,,unconfirmed,15939
DDU:7510205@2026,DDU,2026,7510205,Công nghệ kỹ thuật ô tô,7510205,,,,unconfirmed,15945
DDU:7510303@2026,DDU,2026,7510303,Công nghệ kỹ thuật điều khiển và tự động hóa,7510303,,,,unconfirmed,15951
DDU:7640101@2026,DDU,2026,7640101,Thú y,7640101,,,,unconfirmed,15957
DDU:7720201@2026,DDU,2026,7720201,Dược học,7720201,,,,unconfirmed,15963
DDU:7720301@2026,DDU,2026,7720301,Điều dưỡng,7720301,,,,unconfirmed,15969
DDU:7720601@2026,DDU,2026,7720601,Kỹ thuật xét nghiệm y học,7720601,,,,unconfirmed,15975
DDV:7340120@2026,DDV,2026,7340120,Kinh doanh Quốc tế,7340120,,,250,unconfirmed,15986
DDV:7420201@2026,DDV,2026,7420201,Công nghệ sinh học,7420201,,,40,unconfirmed,15992
DDV:7420204@2026,DDV,2026,7420204,Khoa học Y Sinh,7420204,,,30,unconfirmed,15998
DDV:7480101-CS@2026,DDV,2026,7480101-CS,Khoa học Máy tính,7480101,,,60,unconfirmed,16004
DDV:7480101-SE@2026,DDV,2026,7480101-SE,Khoa học Máy tính – Chuyên ngành Công nghệ Phần mềm,7480101,,,75,unconfirmed,16010
DDV:7480106@2026,DDV,2026,7480106,Kỹ thuật máy tính,7480106,,,40,unconfirmed,16016
DDV:7510402@2026,DDV,2026,7510402,Công nghệ vật liệu,7510402,,,15,unconfirmed,16022
DDV:7810201@2026,DDV,2026,7810201,Quản trị khách sạn,7810201,,,100,unconfirmed,16028
DDY:7310401@2026,DDY,2026,7310401,Tâm lý học (định hướng lâm sàng),7310401,,,100,unconfirmed,16037
DDY:7720101@2026,DDY,2026,7720101,Y khoa,7720101,,,210,unconfirmed,16043
DDY:7720201@2026,DDY,2026,7720201,Dược học,7720201,,,110,unconfirmed,16049
DDY:7720203@2026,DDY,2026,7720203,Hóa dược,7720203,,,100,unconfirmed,16055
DDY:7720301@2026,DDY,2026,7720301,Điều dưỡng,7720301,,,110,unconfirmed,16061
DDY:7720501@2026,DDY,2026,7720501,Răng- Hàm- Mặt,7720501,,,60,unconfirmed,16067
DDY:7720601@2026,DDY,2026,7720601,Kỹ thuật xét nghiệm y học,7720601,,,100,unconfirmed,16073
DFA:7310101@2026,DFA,2026,7310101,Kinh tế,7310101,,,80,unconfirmed,16085
DFA:7340101@2026,DFA,2026,7340101,Quản trị kinh doanh,7340101,,,435,unconfirmed,16091
DFA:7340120@2026,DFA,2026,7340120,Kinh doanh quốc tế,7340120,,,80,unconfirmed,16097
DFA:7340201@2026,DFA,2026,7340201,Tài chính - Ngân hàng,7340201,,,240,unconfirmed,16103
DFA:7340301@2026,DFA,2026,7340301,Kế toán,7340301,,,460,unconfirmed,16109
DFA:7340302@2026,DFA,2026,7340302,Kiểm toán,7340302,,,40,unconfirmed,16115
DFA:7340405@2026,DFA,2026,7340405,Hệ thống thông tin quản lý,7340405,,,40,unconfirmed,16121
DHA:7380101@2026,DHA,2026,7380101,Luật,7380101,,,700,unconfirmed,16133
DHA:7380107@2026,DHA,2026,7380107,Luật kinh tế,7380107,,,700,unconfirmed,16139
DHC:7140206@2026,DHC,2026,7140206,Giáo dục Thế chất,7140206,,,,unconfirmed,16149
DHD:7340101@2026,DHD,2026,7340101,Quản trị kinh doanh,7340101,,,90,unconfirmed,16161
DHD:7810101@2026,DHD,2026,7810101,Du lịch,7810101,,,110,unconfirmed,16167
DHD:7810102@2026,DHD,2026,7810102,Du lịch điện tử,7810102,,,30,unconfirmed,16173
DHD:7810103@2026,DHD,2026,7810103,Quản trị dịch vụ du lịch và lữ hành,7810103,,,340,unconfirmed,16179
DHD:7810104@2026,DHD,2026,7810104,Quản trị du lịch và khách sạn (Giảng dạy bằng Tiếng Anh),7810104,,,50,unconfirmed,16185
DHD:7810201@2026,DHD,2026,7810201,Quản trị khách sạn,7810201,,,240,unconfirmed,16191
DHD:7810202@2026,DHD,2026,7810202,Quản trị nhà hàng và dịch vụ ăn uống,7810202,,,90,unconfirmed,16197
DHE:7480106@2026,DHE,2026,7480106,Kỹ thuật máy tính (Dự kiến mở) (2 chương trình đào tạo: Khoa học dữ liệu và Trí tuệ nhân tạo; Kỹ thuật máy tính ),7480106,,,36,unconfirmed,16208
DHE:7480112KS@2026,DHE,2026,7480112KS,Khoa học dữ liệu và Trí tuệ nhân tạo (hệ kỹ sư)(03 chuyên ngành: Khoa học dữ liệu; Trí tuệ nhân tạo; Phân tích dữ liệu kinh doanh),7480112,,,50,unconfirmed,16214
DHE:7510205@2026,DHE,2026,7510205,Công nghệ kỹ thuật ô tô (hệ kỹ sư và cử nhân) (3 chuyên ngành: Công nghệ ô tô điện; Kiểm định và dịch vụ ô tô; Thiết kế ô tô),7510205,,,100,unconfirmed,16220
DHE:7510301@2026,DHE,2026,7510301,"Công nghệ kỹ thuật điện, điện tử",7510301,,,60,unconfirmed,16226
DHE:7510301~2@2026,DHE,2026,7510301,"Công nghệ kỹ thuật điện, điện tử (Công nghệ thiết kế vi mạch)",7510301,,,60,unconfirmed,16232
DHE:7520201@2026,DHE,2026,7520201,Kỹ thuật điện (hệ kỹ sư và cử nhân) (03 chuyên ngành: Năng lượng tái tạo; Tòa nhà thông minh; Điện công nghiệp),7520201,,,50,unconfirmed,16238
DHE:7520216@2026,DHE,2026,7520216,Kỹ thuật điều khiển và tự động hóa (hệ kỹ sư và cử nhân) (03 chuyên ngành:Hệ thống nhúng; Tự động hóa công nghiệp; Kỹ thuật Robot),7520216,,,70,unconfirmed,16244
DHE:7580201@2026,DHE,2026,7580201,Kỹ thuật xây dựng (hệ kỹ sư),7580201,,,30,unconfirmed,16250
DHF:7140231@2026,DHF,2026,7140231,Sư phạm Tiếng Anh,7140231,,,200,unconfirmed,16262
DHF:7140233@2026,DHF,2026,7140233,Sư phạm Tiếng Pháp,7140233,,,40,unconfirmed,16268
DHF:7140234@2026,DHF,2026,7140234,Sư phạm Tiếng Trung Quốc,7140234,,,80,unconfirmed,16274
DHF:7220201@2026,DHF,2026,7220201,Ngôn ngữ Anh,7220201,,,760,unconfirmed,16280
DHF:7220202@2026,DHF,2026,7220202,Ngôn ngữ Nga,7220202,,,20,unconfirmed,16286
DHF:7220203@2026,DHF,2026,7220203,Ngôn ngữ Pháp,7220203,,,30,unconfirmed,16292
DHF:7220204@2026,DHF,2026,7220204,Ngôn ngữ Trung Quốc,7220204,,,350,unconfirmed,16298
DHF:7220209@2026,DHF,2026,7220209,Ngôn ngữ Nhật,7220209,,,260,unconfirmed,16304
DHF:7220210@2026,DHF,2026,7220210,Ngôn ngữ Hàn Quốc,7220210,,,150,unconfirmed,16310
DHF:7310601@2026,DHF,2026,7310601,Quốc tế học,7310601,,,35,unconfirmed,16316
DHF:7310630@2026,DHF,2026,7310630,Việt Nam học,7310630,,,30,unconfirmed,16322
DHF:7310640@2026,DHF,2026,7310640,Hoa Kỳ học,7310640,,,35,unconfirmed,16328
DHF:7320107@2026,DHF,2026,7320107,Truyền thông quốc tế,7320107,,,40,unconfirmed,16334
DHI:7310206@2026,DHI,2026,7310206,Quan hệ Quốc tế (Hệ cử nhân),7310206,,,60,unconfirmed,16346
DHI:7320104@2026,DHI,2026,7320104,Truyền thông đa phương tiện (Hệ cử nhân),7320104,,,100,unconfirmed,16352
DHI:7850102@2026,DHI,2026,7850102,Kinh tế tài nguyên thiên nhiên (Hệ cử nhân),7850102,,,20,unconfirmed,16358
DHK:7310101@2026,DHK,2026,7310101,Kinh tế,7310101,,,170,unconfirmed,16370
DHK:7310101TA@2026,DHK,2026,7310101TA,"Kinh tế, chuyên ngành Kế hoạch - Đầu tư",7310101,,,30,unconfirmed,16376
DHK:7310102@2026,DHK,2026,7310102,Kinh tế chính trị,7310102,,,40,unconfirmed,16382
DHK:7310106@2026,DHK,2026,7310106,Kinh tế quốc tế,7310106,,,70,unconfirmed,16388
DHK:7310107@2026,DHK,2026,7310107,Thống kê kinh tế,7310107,,,40,unconfirmed,16394
DHK:7310109@2026,DHK,2026,7310109,Kinh tế số,7310109,,,50,unconfirmed,16400
DHK:7340101@2026,DHK,2026,7340101,Quản trị kinh doanh,7340101,,,280,unconfirmed,16406
DHK:7340101TA@2026,DHK,2026,7340101TA,Quản trị kinh doanh,7340101,,,30,unconfirmed,16412
DHK:7340115@2026,DHK,2026,7340115,Marketing,7340115,,,250,unconfirmed,16418
DHK:7340120@2026,DHK,2026,7340120,Kinh doanh quốc tế,7340120,,,50,unconfirmed,16424
DHK:7340121@2026,DHK,2026,7340121,Kinh doanh thương mại,7340121,,,140,unconfirmed,16430
DHK:7340122@2026,DHK,2026,7340122,Thương mại điện tử,7340122,,,220,unconfirmed,16436
DHK:7340201@2026,DHK,2026,7340201,Tài chính - Ngân hàng,7340201,,,160,unconfirmed,16442
DHK:7340301@2026,DHK,2026,7340301,Kế toán,7340301,,,300,unconfirmed,16448
DHK:7340301TA@2026,DHK,2026,7340301TA,Kế toán,7340301,,,30,unconfirmed,16454
DHK:7340302@2026,DHK,2026,7340302,Kiểm toán,7340302,,,80,unconfirmed,16460
DHK:7340404@2026,DHK,2026,7340404,Quản trị nhân lực,7340404,,,80,unconfirmed,16466
DHK:7340405@2026,DHK,2026,7340405,Hệ thống thông tin quản lý,7340405,,,50,unconfirmed,16472
DHK:7349001@2026,DHK,2026,7349001,Tài chính - Ngân hàng,7349001,,,30,unconfirmed,16478
DHK:7510605@2026,DHK,2026,7510605,Logistics và Quản lý chuỗi cung ứng,7510605,,,350,unconfirmed,16484
DHK:7620115@2026,DHK,2026,7620115,Kinh tế nông nghiệp,7620115,,,20,unconfirmed,16490
DHK:7903124@2026,DHK,2026,7903124,Song ngành Kinh tế - Tài chính,7903124,,,30,unconfirmed,16496
DHL:7340116@2026,DHL,2026,7340116,Bất động sản,7340116,,,,unconfirmed,16508
DHL:7510201@2026,DHL,2026,7510201,Công nghệ kỹ thuật cơ khí,7510201,,,,unconfirmed,16514
DHL:7520114@2026,DHL,2026,7520114,Kỹ thuật cơ – điện tử,7520114,,,,unconfirmed,16520
DHL:7540101@2026,DHL,2026,7540101,Công nghệ thực phẩm,7540101,,,,unconfirmed,16526
DHL:7540106@2026,DHL,2026,7540106,Đảm bảo chất lượng và an toàn thực phẩm,7540106,,,,unconfirmed,16532
DHL:7620102@2026,DHL,2026,7620102,Khuyến nông,7620102,,,,unconfirmed,16538
DHL:7620105@2026,DHL,2026,7620105,Chăn nuôi,7620105,,,,unconfirmed,16544
DHL:7620110@2026,DHL,2026,7620110,Khoa học cây trồng,7620110,,,,unconfirmed,16550
DHL:7620112@2026,DHL,2026,7620112,Bảo vệ thực vật,7620112,,,,unconfirmed,16556
DHL:7620116@2026,DHL,2026,7620116,Phát triển nông thôn,7620116,,,,unconfirmed,16562
DHL:7620118@2026,DHL,2026,7620118,Nông nghiệp công nghệ cao,7620118,,,,unconfirmed,16568
DHL:7620210@2026,DHL,2026,7620210,Lâm nghiệp,7620210,,,,unconfirmed,16574
DHL:7620211@2026,DHL,2026,7620211,Quản lý tài nguyên rừng,7620211,,,,unconfirmed,16580
DHL:7620301@2026,DHL,2026,7620301,Nuôi trồng thủy sản,7620301,,,,unconfirmed,16586
DHL:7620302@2026,DHL,2026,7620302,Bệnh học thủy sản,7620302,,,,unconfirmed,16592
DHL:7620305@2026,DHL,2026,7620305,Quản lý thủy sản,7620305,,,,unconfirmed,16598
DHL:7640101@2026,DHL,2026,7640101,Thú y,7640101,,,,unconfirmed,16604
DHL:7850103@2026,DHL,2026,7850103,Quản lý đất đai,7850103,,,,unconfirmed,16610
DHN:7140222@2026,DHN,2026,7140222,Sư phạm Mỹ thuật,7140222,,,135,unconfirmed,16621
DHN:7210103@2026,DHN,2026,7210103,Hội họa,7210103,,,15,unconfirmed,16627
DHN:7210105@2026,DHN,2026,7210105,Ngành Điêu khắc,7210105,,,7,unconfirmed,16633
DHN:7210403@2026,DHN,2026,7210403,Thiết kế Đồ họa,7210403,,,145,unconfirmed,16639
DHN:7210404@2026,DHN,2026,7210404,Thiết kế Thời trang,7210404,,,15,unconfirmed,16645
DHN:7580108@2026,DHN,2026,7580108,Thiết kế Nội thất,7580108,,,15,unconfirmed,16651
DHQ:7510406@2026,DHQ,2026,7510406,Công nghệ kỹ thuật môi trường,7510406,,,20,unconfirmed,16662
DHQ:7520201@2026,DHQ,2026,7520201,Kỹ thuật điện,7520201,,,30,unconfirmed,16668
DHQ:7520216@2026,DHQ,2026,7520216,Kỹ thuật điều khiển và tự động hóa,7520216,,,20,unconfirmed,16674
DHQ:7580201@2026,DHQ,2026,7580201,Kỹ thuật xây dựng,7580201,,,30,unconfirmed,16680
DHQ:7580301@2026,DHQ,2026,7580301,Kinh tế xây dựng,7580301,,,20,unconfirmed,16686
DHS:7140201@2026,DHS,2026,7140201,Giáo dục mầm non,7140201,,,411,unconfirmed,16698
DHS:7140202@2026,DHS,2026,7140202,Giáo dục Tiểu học,7140202,,,410,unconfirmed,16704
DHS:7140202TA@2026,DHS,2026,7140202TA,Giáo dục Tiểu học (Đào tạo bằng Tiếng Anh),7140202,,,410,unconfirmed,16710
DHS:7140204@2026,DHS,2026,7140204,Giáo dục Công dân,7140204,,,147,unconfirmed,16716
DHS:7140205@2026,DHS,2026,7140205,Giáo dục Chính trị,7140205,,,110,unconfirmed,16722
DHS:7140208@2026,DHS,2026,7140208,Giáo dục Quốc phòng - An ninh,7140208,,,142,unconfirmed,16728
DHS:7140209@2026,DHS,2026,7140209,Sư phạm Toán học,7140209,,,299,unconfirmed,16734
DHS:7140209TA@2026,DHS,2026,7140209TA,Sư phạm Toán học (Đào tạo bằng Tiếng Anh),7140209,,,299,unconfirmed,16740
DHS:7140210@2026,DHS,2026,7140210,Sư phạm Tin học,7140210,,,164,unconfirmed,16746
DHS:7140211@2026,DHS,2026,7140211,Sư phạm Vật lý,7140211,,,223,unconfirmed,16752
DHS:7140212@2026,DHS,2026,7140212,Sư phạm Hóa học,7140212,,,230,unconfirmed,16758
DHS:7140213@2026,DHS,2026,7140213,Sư phạm Sinh học,7140213,,,180,unconfirmed,16764
DHS:7140217@2026,DHS,2026,7140217,Sư phạm Ngữ văn,7140217,,,198,unconfirmed,16770
DHS:7140218@2026,DHS,2026,7140218,Sư phạm Lịch sử,7140218,,,126,unconfirmed,16776
DHS:7140219@2026,DHS,2026,7140219,Sư phạm Địa lý,7140219,,,164,unconfirmed,16782
DHS:7140221@2026,DHS,2026,7140221,Sư phạm Âm nhạc,7140221,,,50,unconfirmed,16788
DHS:7140246@2026,DHS,2026,7140246,Sư phạm công nghệ,7140246,,,161,unconfirmed,16794
DHS:7140247@2026,DHS,2026,7140247,Sư phạm khoa học tự nhiên,7140247,,,216,unconfirmed,16800
DHS:7140248@2026,DHS,2026,7140248,Giáo dục pháp luật,7140248,,,135,unconfirmed,16806
DHS:7140249@2026,DHS,2026,7140249,Sư phạm Lịch sử - Địa lý,7140249,,,181,unconfirmed,16812
DHS:7310403@2026,DHS,2026,7310403,Tâm lý học giáo dục,7310403,,,164,unconfirmed,16818
DHS:7480104@2026,DHS,2026,7480104,Hệ thống thông tin,7480104,,,50,unconfirmed,16824
DHS:7520401@2026,DHS,2026,7520401,Vật lý Kỹ thuật,7520401,,,80,unconfirmed,16830
DHT:7220104@2026,DHT,2026,7220104,Hán Nôm,7220104,,,32,unconfirmed,16842
DHT:7229001@2026,DHT,2026,7229001,Triết học,7229001,,,32,unconfirmed,16848
DHT:7229010@2026,DHT,2026,7229010,Lịch sử,7229010,,,62,unconfirmed,16854
DHT:7229030@2026,DHT,2026,7229030,Văn học,7229030,,,104,unconfirmed,16860
DHT:7229042@2026,DHT,2026,7229042,Quản lý văn hóa,7229042,,,30,unconfirmed,16866
DHT:7310205@2026,DHT,2026,7310205,Quản lý nhà nước,7310205,,,80,unconfirmed,16872
DHT:7310301@2026,DHT,2026,7310301,Xã hội học,7310301,,,31,unconfirmed,16878
DHT:7310608@2026,DHT,2026,7310608,Đông phương học,7310608,,,45,unconfirmed,16884
DHT:7320101@2026,DHT,2026,7320101,Báo chí,7320101,,,250,unconfirmed,16890
DHT:7320111@2026,DHT,2026,7320111,Truyền thông số,7320111,,,279,unconfirmed,16896
DHT:7420201@2026,DHT,2026,7420201,Công nghệ sinh học,7420201,,,43,unconfirmed,16902
DHT:7440102@2026,DHT,2026,7440102,Vật lý học,7440102,,,20,unconfirmed,16908
DHT:7440112@2026,DHT,2026,7440112,Hóa học,7440112,,,28,unconfirmed,16914
DHT:7440301@2026,DHT,2026,7440301,Khoa học môi trường,7440301,,,28,unconfirmed,16920
DHT:7480103@2026,DHT,2026,7480103,Kỹ thuật phần mềm,7480103,,,63,unconfirmed,16926
DHT:7480201@2026,DHT,2026,7480201,Công nghệ thông tin (chương trình đào tạo Cử nhân),7480201,,,400,unconfirmed,16932
DHT:7480201VJ@2026,DHT,2026,7480201VJ,Công nghệ thông tin (Chương trình đào tạo Kỹ sư Việt-Nhật),7480201,,,30,unconfirmed,16938
DHT:7510302@2026,DHT,2026,7510302,Công nghệ kỹ thuật điện tử - Viễn thông,7510302,,,100,unconfirmed,16944
DHT:7510401@2026,DHT,2026,7510401,Công nghệ kỹ thuật hóa học,7510401,,,38,unconfirmed,16950
DHT:7520503@2026,DHT,2026,7520503,Kỹ thuật trắc địa - bản đồ,7520503,,,20,unconfirmed,16956
DHT:7580101@2026,DHT,2026,7580101,Kiến trúc,7580101,,,100,unconfirmed,16962
DHT:7580211@2026,DHT,2026,7580211,Địa kỹ thuật xây dựng,7580211,,,20,unconfirmed,16968
DHT:7760101@2026,DHT,2026,7760101,Công tác xã hội,7760101,,,47,unconfirmed,16974
DHT:7850101@2026,DHT,2026,7850101,Quản lý tài nguyên và môi trường,7850101,,,27,unconfirmed,16980
DHT:7850105@2026,DHT,2026,7850105,"Quản lý an toàn, sức khỏe và môi trường",7850105,,,25,unconfirmed,16986
DHV:7220201@2026,DHV,2026,7220201,Công nghệ thông tin,7220201,,,,unconfirmed,16998
DHV:7220204@2026,DHV,2026,7220204,Ngôn ngữ Anh,7220204,,,,unconfirmed,17004
DHV:7220209@2026,DHV,2026,7220209,Trí tuệ nhân tạo,7220209,,,,unconfirmed,17010
DHV:7220210@2026,DHV,2026,7220210,Ngôn ngữ Nhật,7220210,,,,unconfirmed,17016
DHV:7310106@2026,DHV,2026,7310106,Kinh tế quốc tế,7310106,,,,unconfirmed,17022
DHV:7310401@2026,DHV,2026,7310401,Luật Kinh tế,7310401,,,,unconfirmed,17028
DHV:7340101@2026,DHV,2026,7340101,Quản trị kinh doanh,7340101,,,,unconfirmed,17034
DHV:7340115@2026,DHV,2026,7340115,Quản trị kinh doanh,7340115,,,,unconfirmed,17040
DHV:7340122@2026,DHV,2026,7340122,Kinh tế quốc tế,7340122,,,,unconfirmed,17046
DHV:7340201@2026,DHV,2026,7340201,Marketing,7340201,,,,unconfirmed,17052
DHV:7340205@2026,DHV,2026,7340205,Tài chính ngân hàng,7340205,,,,unconfirmed,17058
DHV:7340301@2026,DHV,2026,7340301,Thương mại điện tử,7340301,,,,unconfirmed,17064
DHV:7380101@2026,DHV,2026,7380101,Quản trị Khách sạn,7380101,,,,unconfirmed,17070
DHV:7380107@2026,DHV,2026,7380107,Quản trị Dịch vụ Du lịch & Lữ hành,7380107,,,,unconfirmed,17076
DHV:7480106@2026,DHV,2026,7480106,Kế toán,7480106,,,,unconfirmed,17082
DHV:7480107@2026,DHV,2026,7480107,Kỹ thuật máy tính,7480107,,,,unconfirmed,17088
DHV:7480201@2026,DHV,2026,7480201,Công nghệ tài chính,7480201,,,,unconfirmed,17094
DHV:7720802@2026,DHV,2026,7720802,Luật,7720802,,,,unconfirmed,17100
DHV:7810103@2026,DHV,2026,7810103,Ngôn ngữ Hàn Quốc,7810103,,,,unconfirmed,17106
DHV:7810201@2026,DHV,2026,7810201,Ngôn ngữ Trung Quốc,7810201,,,,unconfirmed,17112
DHY:7720101@2026,DHY,2026,7720101,Y khoa,7720101,,,440,unconfirmed,17124
DHY:7720110@2026,DHY,2026,7720110,Y học dự phòng,7720110,,,70,unconfirmed,17130
DHY:7720115@2026,DHY,2026,7720115,Y học cổ truyền,7720115,,,150,unconfirmed,17136
DHY:7720201@2026,DHY,2026,7720201,Dược học,7720201,,,210,unconfirmed,17142
DHY:7720301@2026,DHY,2026,7720301,Điều dưỡng,7720301,,,270,unconfirmed,17148
DHY:7720302@2026,DHY,2026,7720302,Hộ sinh,7720302,,,50,unconfirmed,17154
DHY:7720401@2026,DHY,2026,7720401,Dinh dưỡng,7720401,,,50,unconfirmed,17160
DHY:7720501@2026,DHY,2026,7720501,Răng - Hàm - Mặt,7720501,,,160,unconfirmed,17166
DHY:7720601@2026,DHY,2026,7720601,Kỹ thuật xét nghiệm y học,7720601,,,170,unconfirmed,17172
DHY:7720602@2026,DHY,2026,7720602,Kỹ thuật hình ảnh y học,7720602,,,100,unconfirmed,17178
DHY:7720701@2026,DHY,2026,7720701,Y tế công cộng,7720701,,,20,unconfirmed,17184
DKB:7220201@2026,DKB,2026,7220201,Ngôn ngữ Anh,7220201,,,,unconfirmed,17196
DKB:7220204@2026,DKB,2026,7220204,Ngôn ngữ Trung Quốc,7220204,,,,unconfirmed,17202
DKB:7220210@2026,DKB,2026,7220210,Ngôn ngữ Hàn Quốc,7220210,,,,unconfirmed,17208
DKB:7320104@2026,DKB,2026,7320104,Truyền thông đa phương tiện,7320104,,,,unconfirmed,17214
DKB:7320108@2026,DKB,2026,7320108,Quan hệ công chúng,7320108,,,,unconfirmed,17220
DKB:7340101@2026,DKB,2026,7340101,Quản trị kinh doanh,7340101,,,,unconfirmed,17226
DKB:7340115@2026,DKB,2026,7340115,Marketing,7340115,,,,unconfirmed,17232
DKB:7340122@2026,DKB,2026,7340122,Thương mại điện tử,7340122,,,,unconfirmed,17238
DKB:7340201@2026,DKB,2026,7340201,Tài chính - Ngân hàng,7340201,,,,unconfirmed,17244
DKB:7340301@2026,DKB,2026,7340301,Kế toán,7340301,,,,unconfirmed,17250
DKB:7340406@2026,DKB,2026,7340406,Quản trị văn phòng,7340406,,,,unconfirmed,17256
DKB:7380101@2026,DKB,2026,7380101,Luật,7380101,,,,unconfirmed,17262
DKB:7380107@2026,DKB,2026,7380107,Luật kinh tế,7380107,,,,unconfirmed,17268
DKB:7480103@2026,DKB,2026,7480103,Kỹ thuật phần mềm,7480103,,,,unconfirmed,17274
DKB:7480201@2026,DKB,2026,7480201,Công nghệ thông tin,7480201,,,,unconfirmed,17280
DKB:7510205@2026,DKB,2026,7510205,Công nghệ kỹ thuật ô tô,7510205,,,,unconfirmed,17286
DKB:7510301@2026,DKB,2026,7510301,"Công nghệ kỹ thuật Điện, Điện tử",7510301,,,,unconfirmed,17292
DKB:7510605@2026,DKB,2026,7510605,Logistic và quản lý chuỗi cung ứng,7510605,,,,unconfirmed,17298
DKB:7720201@2026,DKB,2026,7720201,Dược học,7720201,,,,unconfirmed,17304
DKB:7810202@2026,DKB,2026,7810202,Quản trị nhà hàng và dịch vụ ăn uống,7810202,,,,unconfirmed,17310
DKC:7210205@2026,DKC,2026,7210205,Thanh nhạc,7210205,,,,unconfirmed,17322
DKC:7210302@2026,DKC,2026,7210302,"Công nghệ điện ảnh, truyền hình",7210302,,,,unconfirmed,17328
DKC:7210403@2026,DKC,2026,7210403,Thiết kế đồ họa,7210403,,,,unconfirmed,17334
DKC:7210404@2026,DKC,2026,7210404,Thiết kế thời trang,7210404,,,,unconfirmed,17340
DKC:7210408@2026,DKC,2026,7210408,Digital Art (Nghệ thuật số),7210408,,,,unconfirmed,17346
DKC:7220201@2026,DKC,2026,7220201,Ngôn ngữ Anh,7220201,,,,unconfirmed,17352
DKC:7220204@2026,DKC,2026,7220204,Ngôn ngữ Trung Quốc,7220204,,,,unconfirmed,17358
DKC:7220209@2026,DKC,2026,7220209,Ngôn ngữ Nhật,7220209,,,,unconfirmed,17364
DKC:7220210@2026,DKC,2026,7220210,Ngôn ngữ Hàn Quốc,7220210,,,,unconfirmed,17370
DKC:7310109@2026,DKC,2026,7310109,Kinh tế số,7310109,,,,unconfirmed,17376
DKC:7310401@2026,DKC,2026,7310401,Tâm lý học,7310401,,,,unconfirmed,17382
DKC:7320104@2026,DKC,2026,7320104,Truyền thông đa phương tiện,7320104,,,,unconfirmed,17388
DKC:7320108@2026,DKC,2026,7320108,Quan hệ công chúng,7320108,,,,unconfirmed,17394
DKC:7340101@2026,DKC,2026,7340101,Quản trị kinh doanh,7340101,,,,unconfirmed,17400
DKC:7340101I1@2026,DKC,2026,7340101I1,Quản trị và pháp chế doanh nghiệp,7340101,,,,unconfirmed,17406
DKC:7340114@2026,DKC,2026,7340114,Digital Marketing,7340114,,,,unconfirmed,17412
DKC:7340115@2026,DKC,2026,7340115,Marketing,7340115,,,,unconfirmed,17418
DKC:7340115I1@2026,DKC,2026,7340115I1,Marketing và truyền thông sáng tạo,7340115,,,,unconfirmed,17424
DKC:7340116@2026,DKC,2026,7340116,Bất động sản,7340116,,,,unconfirmed,17430
DKC:7340120@2026,DKC,2026,7340120,Kinh doanh quốc tế,7340120,,,,unconfirmed,17436
DKC:7340121@2026,DKC,2026,7340121,Kinh doanh thương mại,7340121,,,,unconfirmed,17442
DKC:7340122@2026,DKC,2026,7340122,Thương mại điện tử,7340122,,,,unconfirmed,17448
DKC:7340201@2026,DKC,2026,7340201,Tài chính - Ngân hàng,7340201,,,,unconfirmed,17454
DKC:7340205@2026,DKC,2026,7340205,Công nghệ tài chính,7340205,,,,unconfirmed,17460
DKC:7340301@2026,DKC,2026,7340301,Kế toán,7340301,,,,unconfirmed,17466
DKC:7340404@2026,DKC,2026,7340404,Quản trị nhân lực,7340404,,,,unconfirmed,17472
DKC:7340405@2026,DKC,2026,7340405,Hệ thống thông tin quản lý,7340405,,,,unconfirmed,17478
DKC:7340412@2026,DKC,2026,7340412,Quản trị sự kiện,7340412,,,,unconfirmed,17484
DKC:7380101@2026,DKC,2026,7380101,Luật,7380101,,,,unconfirmed,17490
DKC:7380107@2026,DKC,2026,7380107,Luật kinh tế,7380107,,,,unconfirmed,17496
DKC:7420201@2026,DKC,2026,7420201,Công nghệ sinh học,7420201,,,,unconfirmed,17502
DKC:7420207@2026,DKC,2026,7420207,Công nghệ thẩm mỹ,7420207,,,,unconfirmed,17508
DKC:7460108@2026,DKC,2026,7460108,Khoa học dữ liệu,7460108,,,,unconfirmed,17514
DKC:7480101@2026,DKC,2026,7480101,Khoa học máy tính,7480101,,,,unconfirmed,17520
DKC:7480106@2026,DKC,2026,7480106,Kỹ thuật máy tính,7480106,,,,unconfirmed,17526
DKC:7480107@2026,DKC,2026,7480107,Trí tuệ nhân tạo,7480107,,,,unconfirmed,17532
DKC:7480201@2026,DKC,2026,7480201,Công nghệ thông tin,7480201,,,,unconfirmed,17538
DKC:7480202@2026,DKC,2026,7480202,An toàn thông tin,7480202,,,,unconfirmed,17544
DKC:7480208@2026,DKC,2026,7480208,An ninh mạng,7480208,,,,unconfirmed,17550
DKC:7510205@2026,DKC,2026,7510205,Công nghệ kỹ thuật ô tô,7510205,,,,unconfirmed,17556
DKC:7510209@2026,DKC,2026,7510209,Robot và trí tuệ nhân tạo,7510209,,,,unconfirmed,17562
DKC:7510605@2026,DKC,2026,7510605,Logistic và quản lý chuỗi cung ứng,7510605,,,,unconfirmed,17568
DKC:7520103@2026,DKC,2026,7520103,Kỹ thuật cơ khí,7520103,,,,unconfirmed,17574
DKC:7520114@2026,DKC,2026,7520114,Kỹ thuật cơ điện tử,7520114,,,,unconfirmed,17580
DKC:7520141@2026,DKC,2026,7520141,Công nghệ ô tô điện,7520141,,,,unconfirmed,17586
DKC:7520141I1@2026,DKC,2026,7520141I1,Công nghệ ô tô thông minh,7520141,,,,unconfirmed,17592
DKC:7520201@2026,DKC,2026,7520201,Kỹ thuật điện,7520201,,,,unconfirmed,17598
DKC:7520207@2026,DKC,2026,7520207,Kỹ thuật điện tử - viễn thông,7520207,,,,unconfirmed,17604
DKC:7520216@2026,DKC,2026,7520216,Kỹ thuật điều khiển và tự động hóa,7520216,,,,unconfirmed,17610
DKC:7540101@2026,DKC,2026,7540101,Công nghệ thực phẩm,7540101,,,,unconfirmed,17616
DKC:7580101@2026,DKC,2026,7580101,Kiến trúc,7580101,,,,unconfirmed,17622
DKC:7580108@2026,DKC,2026,7580108,Thiết kế nội thất,7580108,,,,unconfirmed,17628
DKC:7580201@2026,DKC,2026,7580201,Kỹ thuật xây dựng,7580201,,,,unconfirmed,17634
DKC:7580302@2026,DKC,2026,7580302,Quản lý xây dựng,7580302,,,,unconfirmed,17640
DKC:7640101@2026,DKC,2026,7640101,Thú y,7640101,,,,unconfirmed,17646
DKC:7640101I1@2026,DKC,2026,7640101I1,Thú y công nghệ số,7640101,,,,unconfirmed,17652
DKC:7720101@2026,DKC,2026,7720101,Y khoa,7720101,,,,unconfirmed,17658
DKC:7720201@2026,DKC,2026,7720201,Dược học,7720201,,,,unconfirmed,17664
DKC:7720301@2026,DKC,2026,7720301,Điều dưỡng,7720301,,,,unconfirmed,17670
DKC:7720601@2026,DKC,2026,7720601,Kỹ thuật xét nghiệm y học,7720601,,,,unconfirmed,17676
DKC:7810103@2026,DKC,2026,7810103,Quản trị dịch vụ du lịch và lữ hành,7810103,,,,unconfirmed,17682
DKC:7810201@2026,DKC,2026,7810201,Quản trị khách sạn,7810201,,,,unconfirmed,17688
DKC:7810202@2026,DKC,2026,7810202,Quản trị nhà hàng và dịch vụ ăn uống,7810202,,,,unconfirmed,17694
DKC:7810301@2026,DKC,2026,7810301,Quản lý thể dục thể thao,7810301,,,,unconfirmed,17700
DKH:7420201@2026,DKH,2026,7420201,Công nghệ sinh học,7420201,,,60,unconfirmed,17712
DKH:7440112@2026,DKH,2026,7440112,Hoá học,7440112,,,60,unconfirmed,17718
DKH:7720201@2026,DKH,2026,7720201,Dược học,7720201,,,680,unconfirmed,17724
DKH:7720203@2026,DKH,2026,7720203,Hóa dược,7720203,,,90,unconfirmed,17730
DKK:7140246DKK@2026,DKK,2026,7140246DKK,Sư phạm công nghệ - Cơ sở Hà Nội,7140246,,,60,unconfirmed,17739
DKK:7220201DKK@2026,DKK,2026,7220201DKK,Ngôn ngữ Anh - Cơ sở Hà Nội,7220201,,,170,unconfirmed,17745
DKK:7310110DKK@2026,DKK,2026,7310110DKK,Quản lý kinh tế - Cơ sở Hà Nội,7310110,,,70,unconfirmed,17751
DKK:7340101DKK@2026,DKK,2026,7340101DKK,Quản trị kinh doanh - Cơ sở Hà Nội,7340101,,,430,unconfirmed,17757
DKK:7340115DKK@2026,DKK,2026,7340115DKK,Marketing - Cơ sở Hà Nội,7340115,,,270,unconfirmed,17763
DKK:7340121DKK@2026,DKK,2026,7340121DKK,Kinh doanh thương mại - Cơ sở Hà Nội,7340121,,,380,unconfirmed,17769
DKK:7340201DKK@2026,DKK,2026,7340201DKK,Tài chính - Ngân hàng - Cơ sở Hà Nội,7340201,,,420,unconfirmed,17775
DKK:7340204DKK@2026,DKK,2026,7340204DKK,Bảo hiểm - Cơ sở Hà Nội,7340204,,,120,unconfirmed,17781
DKK:7340301DKK@2026,DKK,2026,7340301DKK,Kế toán - Cơ sở Hà Nội,7340301,,,620,unconfirmed,17787
DKK:7340302DKK@2026,DKK,2026,7340302DKK,Kiểm toán - Cơ sở Hà Nội,7340302,,,140,unconfirmed,17793
DKK:7460108DKK@2026,DKK,2026,7460108DKK,Khoa học dữ liệu - Cơ sở Hà Nội,7460108,,,210,unconfirmed,17799
DKK:7480102DKK@2026,DKK,2026,7480102DKK,Mạng máy tính và TTDL - Cơ sở Hà Nội,7480102,,,150,unconfirmed,17805
DKK:7480108DKK@2026,DKK,2026,7480108DKK,Công nghệ kỹ thuật máy tính - Cơ sở Hà Nội,7480108,,,150,unconfirmed,17811
DKK:7480201DKK@2026,DKK,2026,7480201DKK,Công nghệ thông tin - Cơ sở Hà Nội,7480201,,,420,unconfirmed,17817
DKK:7510201DKK@2026,DKK,2026,7510201DKK,CNKT cơ khí - Cơ sở Hà Nội,7510201,,,220,unconfirmed,17823
DKK:7510203DKK@2026,DKK,2026,7510203DKK,CNKT cơ - điện tử -Cơ sở Hà Nội,7510203,,,220,unconfirmed,17829
DKK:7510205DKK@2026,DKK,2026,7510205DKK,Công nghệ kỹ thuật Ô tô - Cơ sở Hà Nội,7510205,,,220,unconfirmed,17835
DKK:7510301DKK@2026,DKK,2026,7510301DKK,"CNKT điện, điện tử - Cơ sở Hà Nội",7510301,,,220,unconfirmed,17841
DKK:7510302DKK@2026,DKK,2026,7510302DKK,CNKT điện tử – viễn thông - Cơ sở Hà Nội,7510302,,,220,unconfirmed,17847
DKK:7510303DKK@2026,DKK,2026,7510303DKK,CNKT điều khiển và tự động hoá - Cơ sở Hà Nội,7510303,,,220,unconfirmed,17853
DKK:7510605DKK@2026,DKK,2026,7510605DKK,Logistics và quản lý chuỗi cung ứng - Cơ sở Hà Nội,7510605,,,220,unconfirmed,17859
DKK:7540101DKK@2026,DKK,2026,7540101DKK,Công nghệ thực phẩm - Cơ sở Hà Nội,7540101,,,180,unconfirmed,17865
DKK:7540106DKK@2026,DKK,2026,7540106DKK,ĐBCL & An toàn thực phẩm - Cơ sở Hà Nội,7540106,,,60,unconfirmed,17871
DKK:7540203DKK@2026,DKK,2026,7540203DKK,Công nghệ vật liệu dệt may - Cơ sở Hà Nội,7540203,,,60,unconfirmed,17877
DKK:7540204DKK@2026,DKK,2026,7540204DKK,"Công nghệ dệt, may - Cơ sở Hà Nội",7540204,,,210,unconfirmed,17883
DKK:7810103DKK@2026,DKK,2026,7810103DKK,Quản trị dịch vụ du lịch và lữ hành - Cơ sở Hà Nội,7810103,,,180,unconfirmed,17889
DKK:7810201DKK@2026,DKK,2026,7810201DKK,Quản trị khách sạn - Cơ sở Hà Nội,7810201,,,180,unconfirmed,17895
DKK:7220201DKD@2026,DKK,2026,7220201DKD,Ngôn ngữ Anh - Cơ sở Ninh Bình,7220201,,,60,unconfirmed,17901
DKK:7340101DKD@2026,DKK,2026,7340101DKD,Quản trị kinh doanh - Cơ sở Ninh Bình,7340101,,,120,unconfirmed,17907
DKK:7340115DKD@2026,DKK,2026,7340115DKD,Marketing - Cơ sở Ninh Bình,7340115,,,60,unconfirmed,17913
DKK:7340121DKD@2026,DKK,2026,7340121DKD,Kinh doanh thương mại - Cơ sở Ninh Bình,7340121,,,120,unconfirmed,17919
DKK:7340201DKD@2026,DKK,2026,7340201DKD,Tài chính - Ngân hàng - Cơ sở Ninh Bình,7340201,,,120,unconfirmed,17925
DKK:7340204DKD@2026,DKK,2026,7340204DKD,Bảo hiểm - Cơ sở Ninh Bình,7340204,,,60,unconfirmed,17931
DKK:7340301DKD@2026,DKK,2026,7340301DKD,Kế toán - Cơ sở Ninh Bình,7340301,,,180,unconfirmed,17937
DKK:7340302DKD@2026,DKK,2026,7340302DKD,Kiểm toán - Cơ sở Ninh Bình,7340302,,,60,unconfirmed,17943
DKK:7480102DKD@2026,DKK,2026,7480102DKD,Mạng máy tính và TTDL - Cơ sở Ninh Bình,7480102,,,60,unconfirmed,17949
DKK:7480108DKD@2026,DKK,2026,7480108DKD,Công nghệ kỹ thuật máy tính - Cơ sở Ninh Bình,7480108,,,60,unconfirmed,17955
DKK:7480201DKD@2026,DKK,2026,7480201DKD,Công nghệ thông tin - Cơ sở Ninh Bình,7480201,,,120,unconfirmed,17961
DKK:7510201DKD@2026,DKK,2026,7510201DKD,CNKT cơ khí - Cơ sở Ninh Bình,7510201,,,60,unconfirmed,17967
DKK:7510203DKD@2026,DKK,2026,7510203DKD,CNKT cơ - điện tử - Cơ sở Ninh Bình,7510203,,,60,unconfirmed,17973
DKK:7510205DKD@2026,DKK,2026,7510205DKD,Công nghệ kỹ thuật Ô tô - Cơ sở Ninh Bình,7510205,,,60,unconfirmed,17979
DKK:7510301DKD@2026,DKK,2026,7510301DKD,"CNKT điện, điện tử - Cơ sở Ninh Bình",7510301,,,60,unconfirmed,17985
DKK:7510302DKD@2026,DKK,2026,7510302DKD,CNKT điện tử – viễn thông - Cơ sở Ninh Bình,7510302,,,60,unconfirmed,17991
DKK:7510303DKD@2026,DKK,2026,7510303DKD,CNKT điều khiển và tự động hoá - Cơ sở Ninh Bình,7510303,,,110,unconfirmed,17997
DKK:7510605DKD@2026,DKK,2026,7510605DKD,Logistics và quản lý chuỗi cung ứng - Cơ sở Ninh Bình,7510605,,,120,unconfirmed,18003
DKK:7540101DKD@2026,DKK,2026,7540101DKD,Công nghệ thực phẩm - Cơ sở Ninh Bình,7540101,,,60,unconfirmed,18009
DKK:7540204DKD@2026,DKK,2026,7540204DKD,"Công nghệ dệt, may - Cơ sở Ninh Bình",7540204,,,120,unconfirmed,18015
DKK:7810103DKD@2026,DKK,2026,7810103DKD,Quản trị dịch vụ du lịch và lữ hành - Cơ sở Ninh Bình,7810103,,,60,unconfirmed,18021
DKK:7810201DKD@2026,DKK,2026,7810201DKD,Quản trị khách sạn - Cơ sở Ninh Bình,7810201,,,180,unconfirmed,18027
DKT:7140201@2026,DKT,2026,7140201,Giáo dục Mầm non (Hệ Đại học),7140201,,,135,unconfirmed,18042
DKT:7140202@2026,DKT,2026,7140202,Giáo dục Tiểu học,7140202,,,225,unconfirmed,18048
DKT:7140205@2026,DKT,2026,7140205,Giáo dục Chính trị,7140205,,,45,unconfirmed,18054
DKT:7140206@2026,DKT,2026,7140206,Giáo dục thể chất,7140206,,,45,unconfirmed,18060
DKT:7140209@2026,DKT,2026,7140209,Sư phạm Toán học,7140209,,,135,unconfirmed,18066
DKT:7140210@2026,DKT,2026,7140210,Sư phạm Tin học,7140210,,,45,unconfirmed,18072
DKT:7140211@2026,DKT,2026,7140211,Sư phạm Vật lý,7140211,,,45,unconfirmed,18078
DKT:7140212@2026,DKT,2026,7140212,Sư phạm Hóa học,7140212,,,45,unconfirmed,18084
DKT:7140213@2026,DKT,2026,7140213,Sư phạm Sinh học,7140213,,,45,unconfirmed,18090
DKT:7140217@2026,DKT,2026,7140217,Sư phạm Ngữ văn,7140217,,,135,unconfirmed,18096
DKT:7140218@2026,DKT,2026,7140218,Sư phạm Lịch sử,7140218,,,45,unconfirmed,18102
DKT:7140219@2026,DKT,2026,7140219,Sư phạm Địa lý,7140219,,,45,unconfirmed,18108
DKT:7140231@2026,DKT,2026,7140231,Sư phạm Tiếng Anh,7140231,,,90,unconfirmed,18114
DKT:7140246@2026,DKT,2026,7140246,Sư phạm Công nghệ,7140246,,,45,unconfirmed,18120
DKT:7140247@2026,DKT,2026,7140247,Sư phạm Khoa học tự nhiên,7140247,,,45,unconfirmed,18126
DKT:7220201@2026,DKT,2026,7220201,Ngôn ngữ Anh,7220201,,,120,unconfirmed,18132
DKT:7229030@2026,DKT,2026,7229030,Văn học,7229030,,,80,unconfirmed,18138
DKT:7310101@2026,DKT,2026,7310101,Kinh tế,7310101,,,45,unconfirmed,18144
DKT:7340101@2026,DKT,2026,7340101,Quản trị kinh doanh,7340101,,,90,unconfirmed,18150
DKT:7340115@2026,DKT,2026,7340115,Marketing,7340115,,,45,unconfirmed,18156
DKT:7340201@2026,DKT,2026,7340201,Tài chính - Ngân hàng,7340201,,,35,unconfirmed,18162
DKT:7340301@2026,DKT,2026,7340301,Kế toán,7340301,,,135,unconfirmed,18168
DKT:7340406@2026,DKT,2026,7340406,Quản trị văn phòng,7340406,,,45,unconfirmed,18174
DKT:7460101@2026,DKT,2026,7460101,Toán học,7460101,,,45,unconfirmed,18180
DKT:7480201@2026,DKT,2026,7480201,Công nghệ thông tin,7480201,,,75,unconfirmed,18186
DKT:7510203@2026,DKT,2026,7510203,Công nghệ kỹ thuật Cơ điện tử,7510203,,,45,unconfirmed,18192
DKT:7510302@2026,DKT,2026,7510302,CNKT điện tử - viễn thông,7510302,,,25,unconfirmed,18198
DKT:7520201@2026,DKT,2026,7520201,Kỹ thuật điện,7520201,,,90,unconfirmed,18204
DKT:7760103@2026,DKT,2026,7760103,Hỗ trợ Giáo dục Người khuyết tật,7760103,,,30,unconfirmed,18210
DKT:7810103@2026,DKT,2026,7810103,Quản trị dịch vụ du lịch & lữ hành,7810103,,,40,unconfirmed,18216
DKY:7720101@2026,DKY,2026,7720101,Y khoa,7720101,,,120,unconfirmed,18228
DKY:7720301@2026,DKY,2026,7720301,"Điều dưỡng (Điều dưỡng đa khoa, Điều dưỡng Nha khoa, Điều dưỡng Gây mê hồi sức",7720301,,,200,unconfirmed,18234
DKY:7720601@2026,DKY,2026,7720601,Kỹ thuật Xét nghiệm y học,7720601,,,140,unconfirmed,18240
DKY:7720602@2026,DKY,2026,7720602,Kỹ thuật Hình ảnh y học,7720602,,,120,unconfirmed,18246
DKY:7720603@2026,DKY,2026,7720603,"Kỹ thuật Phục hồi chức năng (Vật lý trị liệu, Hoạt động trị liệu, Ngôn ngữ trị liệu",7720603,,,120,unconfirmed,18252
DLA:7220201@2026,DLA,2026,7220201,Ngôn ngữ Anh,7220201,,,,unconfirmed,18263
DLA:7340101@2026,DLA,2026,7340101,Quản trị Kinh doanh,7340101,,,,unconfirmed,18269
DLA:7340115@2026,DLA,2026,7340115,Marketing,7340115,,,,unconfirmed,18275
DLA:7340201@2026,DLA,2026,7340201,Tài chính - Ngân hàng,7340201,,,,unconfirmed,18281
DLA:7340301@2026,DLA,2026,7340301,Kế toán,7340301,,,,unconfirmed,18287
DLA:7380107@2026,DLA,2026,7380107,Luật Kinh tế,7380107,,,,unconfirmed,18293
DLA:7480201@2026,DLA,2026,7480201,Công nghệ thông tin,7480201,,,,unconfirmed,18299
DLA:7510103@2026,DLA,2026,7510103,Công nghệ Kỹ thuật Xây dựng,7510103,,,,unconfirmed,18305
DLA:7810103@2026,DLA,2026,7810103,Quản trị dịch vụ du lịch và lữ hành,7810103,,,,unconfirmed,18311
DLH:7220201@2026,DLH,2026,7220201,Ngôn ngữ Anh,7220201,,,,unconfirmed,18323
DLH:7220204@2026,DLH,2026,7220204,Ngôn ngữ Trung Quốc,7220204,,,,unconfirmed,18329
DLH:7310120@2026,DLH,2026,7310120,Kinh doanh quốc tế,7310120,,,,unconfirmed,18335
DLH:7310401@2026,DLH,2026,7310401,Tâm lý học,7310401,,,,unconfirmed,18341
DLH:7310608@2026,DLH,2026,7310608,Đông phương học,7310608,,,,unconfirmed,18347
DLH:7320104@2026,DLH,2026,7320104,Truyền thông đa phương tiện,7320104,,,,unconfirmed,18353
DLH:7320108@2026,DLH,2026,7320108,Quan hệ công chúng,7320108,,,,unconfirmed,18359
DLH:7340101@2026,DLH,2026,7340101,Quản trị kinh doanh,7340101,,,,unconfirmed,18365
DLH:7340115@2026,DLH,2026,7340115,Marketing,7340115,,,,unconfirmed,18371
DLH:7340122@2026,DLH,2026,7340122,Thương mại điện tử,7340122,,,,unconfirmed,18377
DLH:7340201@2026,DLH,2026,7340201,Tài chính - Ngân hàng,7340201,,,,unconfirmed,18383
DLH:7340301@2026,DLH,2026,7340301,Kế toán,7340301,,,,unconfirmed,18389
DLH:7380101@2026,DLH,2026,7380101,Luật,7380101,,,,unconfirmed,18395
DLH:7380107@2026,DLH,2026,7380107,Luật kinh tế,7380107,,,,unconfirmed,18401
DLH:7440301@2026,DLH,2026,7440301,Khoa học môi trường,7440301,,,,unconfirmed,18407
DLH:7480107@2026,DLH,2026,7480107,Trí tuệ nhân tạo (AI),7480107,,,,unconfirmed,18413
DLH:7480201@2026,DLH,2026,7480201,Công nghệ thông tin,7480201,,,,unconfirmed,18419
DLH:7480202@2026,DLH,2026,7480202,An toàn thông tin,7480202,,,,unconfirmed,18425
DLH:7510102@2026,DLH,2026,7510102,Công nghệ kỹ thuật công trình xây dựng,7510102,,,,unconfirmed,18431
DLH:7510201@2026,DLH,2026,7510201,Công nghệ kỹ thuật cơ khí,7510201,,,,unconfirmed,18437
DLH:7510203@2026,DLH,2026,7510203,Công nghệ kỹ thuật Cơ điện tử,7510203,,,,unconfirmed,18443
DLH:7510205@2026,DLH,2026,7510205,Công nghệ kỹ thuật ô tô,7510205,,,,unconfirmed,18449
DLH:7510301@2026,DLH,2026,7510301,"Công nghệ kỹ thuật điện, điện tử",7510301,,,,unconfirmed,18455
DLH:7510303@2026,DLH,2026,7510303,Công nghệ kỹ thuật điều khiển và tự động hóa,7510303,,,,unconfirmed,18461
DLH:7510601@2026,DLH,2026,7510601,Quản lý công nghiệp,7510601,,,,unconfirmed,18467
DLH:7510605@2026,DLH,2026,7510605,Logistics và Quản lý chuỗi cung ứng,7510605,,,,unconfirmed,18473
DLH:7540101@2026,DLH,2026,7540101,Công nghệ thực phẩm,7540101,,,,unconfirmed,18479
DLH:7720201@2026,DLH,2026,7720201,Dược học (Dược sĩ),7720201,,,,unconfirmed,18485
DLH:7810103@2026,DLH,2026,7810103,Quản trị dịch vụ du lịch và lữ hành,7810103,,,,unconfirmed,18491
DLS:7220201@2026,DLS,2026,7220201,Ngôn ngữ Anh,7220201,,,50,unconfirmed,18502
DLS:7310101A@2026,DLS,2026,7310101A,Kinh tế lao động,7310101,,,50,unconfirmed,18508
DLS:7310401A@2026,DLS,2026,7310401A,Tâm lý học,7310401,,,50,unconfirmed,18514
DLS:7340101A@2026,DLS,2026,7340101A,Quản trị kinh doanh,7340101,,,70,unconfirmed,18520
DLS:7340101B@2026,DLS,2026,7340101B,Marketing,7340101,,,50,unconfirmed,18526
DLS:7340101C@2026,DLS,2026,7340101C,Logistics và quản trị chuỗi cung ứng,7340101,,,50,unconfirmed,18532
DLS:7340201A@2026,DLS,2026,7340201A,Tài chính - Ngân hàng,7340201,,,70,unconfirmed,18538
DLS:7340207@2026,DLS,2026,7340207,Bảo hiểm - Tài chính,7340207,,,50,unconfirmed,18544
DLS:7340301A@2026,DLS,2026,7340301A,Kế toán,7340301,,,100,unconfirmed,18550
DLS:7340302@2026,DLS,2026,7340302,Kiểm toán,7340302,,,70,unconfirmed,18556
DLS:7340404A@2026,DLS,2026,7340404A,Quản trị nhân lực,7340404,,,150,unconfirmed,18562
DLS:7340405@2026,DLS,2026,7340405,Hệ thống thông tin quản lý,7340405,,,60,unconfirmed,18568
DLS:7380107@2026,DLS,2026,7380107,Luật kinh tế,7380107,,,100,unconfirmed,18574
DLS:7760101A@2026,DLS,2026,7760101A,Công tác xã hội,7760101,,,100,unconfirmed,18580
DLX:7220201@2026,DLX,2026,7220201,Ngôn ngữ Anh,7220201,,,100,unconfirmed,18592
DLX:7310101A@2026,DLX,2026,7310101A,Kinh tế lao động,7310101,,,55,unconfirmed,18598
DLX:7310101B@2026,DLX,2026,7310101B,Kinh tế số,7310101,,,70,unconfirmed,18604
DLX:7310401A@2026,DLX,2026,7310401A,Tâm lý học,7310401,,,120,unconfirmed,18610
DLX:7310401B@2026,DLX,2026,7310401B,Tâm lý học học đường,7310401,,,90,unconfirmed,18616
DLX:7340101A@2026,DLX,2026,7340101A,Quản trị kinh doanh,7340101,,,180,unconfirmed,18622
DLX:7340101B@2026,DLX,2026,7340101B,Marketing,7340101,,,50,unconfirmed,18628
DLX:7340101C@2026,DLX,2026,7340101C,Logistics và quản trị chuỗi cung ứng,7340101,,,50,unconfirmed,18634
DLX:7340201A@2026,DLX,2026,7340201A,Tài chính - Ngân hàng,7340201,,,180,unconfirmed,18640
DLX:7340201B@2026,DLX,2026,7340201B,Công nghệ tài chính,7340201,,,70,unconfirmed,18646
DLX:7340204A@2026,DLX,2026,7340204A,Bảo hiểm,7340204,,,50,unconfirmed,18652
DLX:7340204B@2026,DLX,2026,7340204B,Tài chính và Quản trị rủi ro,7340204,,,50,unconfirmed,18658
DLX:7340204C@2026,DLX,2026,7340204C,Đầu tư tài chính,7340204,,,50,unconfirmed,18664
DLX:7340207@2026,DLX,2026,7340207,Bảo hiểm - Tài chính,7340207,,,50,unconfirmed,18670
DLX:7340301A@2026,DLX,2026,7340301A,Kế toán,7340301,,,330,unconfirmed,18676
DLX:7340301B@2026,DLX,2026,7340301B,Phân tích dữ liệu trong kế toán,7340301,,,100,unconfirmed,18682
DLX:7340301C@2026,DLX,2026,7340301C,Kế toán quản trị định hướng chứng chỉ quốc tế CMA,7340301,,,50,unconfirmed,18688
DLX:7340302@2026,DLX,2026,7340302,Kiểm toán,7340302,,,70,unconfirmed,18694
DLX:7340404A@2026,DLX,2026,7340404A,Quản trị nhân lực,7340404,,,250,unconfirmed,18700
DLX:7340404B@2026,DLX,2026,7340404B,Quản trị nhân lực số,7340404,,,120,unconfirmed,18706
DLX:7340404C@2026,DLX,2026,7340404C,Quản trị nhân lực và văn phòng,7340404,,,60,unconfirmed,18712
DLX:7340405@2026,DLX,2026,7340405,Hệ thống thông tin quản lý,7340405,,,60,unconfirmed,18718
DLX:7380107@2026,DLX,2026,7380107,Luật kinh tế,7380107,,,100,unconfirmed,18724
DLX:7480201@2026,DLX,2026,7480201,Công nghệ thông tin,7480201,,,120,unconfirmed,18730
DLX:7760101A@2026,DLX,2026,7760101A,Công tác xã hội,7760101,,,115,unconfirmed,18736
DLX:7760101B@2026,DLX,2026,7760101B,Dịch vụ chăm sóc xã hội với người cao tuổi,7760101,,,60,unconfirmed,18742
DLX:7810103A@2026,DLX,2026,7810103A,Quản trị dịch vụ du lịch và lữ hành,7810103,,,100,unconfirmed,18748
DLX:7810103B@2026,DLX,2026,7810103B,Quản trị khách sạn,7810103,,,50,unconfirmed,18754
DMS:7220201@2026,DMS,2026,7220201,Ngôn ngữ Anh,7220201,,,,unconfirmed,18766
DMS:7310101@2026,DMS,2026,7310101,Kinh tế,7310101,,,,unconfirmed,18772
DMS:7310102@2026,DMS,2026,7310102,Kinh tế chính trị,7310102,,,,unconfirmed,18778
DMS:7310108@2026,DMS,2026,7310108,Toán kinh tế,7310108,,,,unconfirmed,18784
DMS:7310110@2026,DMS,2026,7310110,Quản lý kinh tế,7310110,,,,unconfirmed,18790
DMS:7340101_TATP@2026,DMS,2026,7340101_TATP,Quản trị kinh doanh - Chương trình Tiếng Anh toàn phần (định hướng quốc tế),7340101,,,,unconfirmed,18796
DMS:7340101_TH@2026,DMS,2026,7340101_TH,Quản trị kinh doanh - Chương trình tích hợp,7340101,,,,unconfirmed,18802
DMS:7340115_TH@2026,DMS,2026,7340115_TH,Marketing - Chương trình tích hợp,7340115,,,,unconfirmed,18808
DMS:7340115_ΤΑΤΡ@2026,DMS,2026,7340115_ΤΑΤΡ,Marketing - Chương trình Tiếng Anh toàn phần (định hướng quốc tế),7340115,,,,unconfirmed,18814
DMS:7340116@2026,DMS,2026,7340116,Bất động sản,7340116,,,,unconfirmed,18820
DMS:7340120_TH@2026,DMS,2026,7340120_TH,Kinh doanh quốc tế - Chương trình tích hợp,7340120,,,,unconfirmed,18826
DMS:7340120_ΤΑТР@2026,DMS,2026,7340120_ΤΑТР,Kinh doanh quốc tế - Chương trình Tiếng Anh toàn phần (định hướng quốc tế),7340120,,,,unconfirmed,18832
DMS:7340201 ΤΗ@2026,DMS,2026,7340201 ΤΗ,Tài chính -Ngân hàng - Chương trình tích hợp,,,,,unconfirmed,18838
DMS:7340201_TATP@2026,DMS,2026,7340201_TATP,Tài chính -Ngân hàng - Chương trình Tiếng Anh toàn phần (định hướng quốc tế),7340201,,,,unconfirmed,18843
DMS:7340205_ΤΗ@2026,DMS,2026,7340205_ΤΗ,Công nghệ tài chính - Chương trình tích hợp,7340205,,,,unconfirmed,18849
DMS:7340301_TH@2026,DMS,2026,7340301_TH,Kế toán - Chương trình tích hợp,7340301,,,,unconfirmed,18855
DMS:7340302_TH@2026,DMS,2026,7340302_TH,Kiểm toán - Chương trình tích hợp,7340302,,,,unconfirmed,18861
DMS:7340405@2026,DMS,2026,7340405,Hệ thống thông tin quản lý,7340405,,,,unconfirmed,18867
DMS:7380107@2026,DMS,2026,7380107,Luật kinh tế,7380107,,,,unconfirmed,18873
DMS:7460108@2026,DMS,2026,7460108,Khoa học dữ liệu,7460108,,,,unconfirmed,18879
DMS:7480107@2026,DMS,2026,7480107,Trí tuệ nhân tạo,7480107,,,,unconfirmed,18885
DMT:7220201@2026,DMT,2026,7220201,Ngôn ngữ Anh,7220201,,,120,unconfirmed,18897
DMT:7340101@2026,DMT,2026,7340101,Quản trị kinh doanh,7340101,,,250,unconfirmed,18903
DMT:7340115@2026,DMT,2026,7340115,Marketing,7340115,,,250,unconfirmed,18909
DMT:7340116@2026,DMT,2026,7340116,Bất động sản,7340116,,,400,unconfirmed,18915
DMT:7340301@2026,DMT,2026,7340301,Kế toán,7340301,,,380,unconfirmed,18921
DMT:7380101@2026,DMT,2026,7380101,Luật,7380101,,,330,unconfirmed,18927
DMT:7440222@2026,DMT,2026,7440222,Khí tượng và khí hậu học,7440222,,,50,unconfirmed,18933
DMT:7440224@2026,DMT,2026,7440224,Thủy văn học,7440224,,,50,unconfirmed,18939
DMT:7440298@2026,DMT,2026,7440298,Biến đổi khí hậu và phát triển bền vững,7440298,,,120,unconfirmed,18945
DMT:7480201@2026,DMT,2026,7480201,Công nghệ thông tin,7480201,,,450,unconfirmed,18951
DMT:7510406@2026,DMT,2026,7510406,Công nghệ kỹ thuật môi trường,7510406,,,200,unconfirmed,18957
DMT:7510605@2026,DMT,2026,7510605,Logistics và quản lý chuỗi cung ứng,7510605,,,250,unconfirmed,18963
DMT:7520501@2026,DMT,2026,7520501,Kỹ thuật địa chất,7520501,,,50,unconfirmed,18969
DMT:7520503@2026,DMT,2026,7520503,Kỹ thuật trắc địa bản đồ,7520503,,,100,unconfirmed,18975
DMT:7540106@2026,DMT,2026,7540106,Đảm bảo chất lượng và an toàn thực phẩm,7540106,,,100,unconfirmed,18981
DMT:7810103@2026,DMT,2026,7810103,Quản trị dịch vụ du lịch và lữ hành,7810103,,,300,unconfirmed,18987
DMT:7810201@2026,DMT,2026,7810201,Quản trị khách sạn,7810201,,,200,unconfirmed,18993
DMT:7850101@2026,DMT,2026,7850101,Quản lý tài nguyên và môi trường,7850101,,,400,unconfirmed,18999
DMT:7850102@2026,DMT,2026,7850102,Kinh tế Tài nguyên thiên nhiên,7850102,,,200,unconfirmed,19005
DMT:7850103@2026,DMT,2026,7850103,Quản lý đất đai,7850103,,,550,unconfirmed,19011
DMT:7850198@2026,DMT,2026,7850198,Quản lý tài nguyên nước,7850198,,,50,unconfirmed,19017
DMT:7850199@2026,DMT,2026,7850199,Quản lý biển,7850199,,,50,unconfirmed,19023
DNB:7140201@2026,DNB,2026,7140201,Giáo dục Mầm non,7140201,,,350,unconfirmed,19035
DNB:7140202@2026,DNB,2026,7140202,Giáo dục Tiểu học,7140202,,,450,unconfirmed,19041
DNB:7140209@2026,DNB,2026,7140209,Sư phạm Toán học,7140209,,,40,unconfirmed,19047
DNB:7140247@2026,DNB,2026,7140247,Sư phạm Khoa học tự nhiên,7140247,,,40,unconfirmed,19053
DNB:7140249@2026,DNB,2026,7140249,Sư phạm Lịch sử - Địa lý,7140249,,,40,unconfirmed,19059
DNB:7340101@2026,DNB,2026,7340101,Quản trị kinh doanh,7340101,,,50,unconfirmed,19065
DNB:7340301@2026,DNB,2026,7340301,Kế toán,7340301,,,100,unconfirmed,19071
DNB:7480201@2026,DNB,2026,7480201,Công nghệ thông tin,7480201,,,50,unconfirmed,19077
DNB:7810101@2026,DNB,2026,7810101,Du lịch,7810101,,,250,unconfirmed,19083
DNC:7210403@2026,DNC,2026,7210403,Thiết kế đồ họa (dự kiến),7210403,,,,unconfirmed,19095
DNC:7220201@2026,DNC,2026,7220201,Ngôn ngữ Anh,7220201,,,,unconfirmed,19101
DNC:7310109@2026,DNC,2026,7310109,Kinh tế số,7310109,,,,unconfirmed,19107
DNC:7320104@2026,DNC,2026,7320104,Truyền thông đa phương tiện,7320104,,,,unconfirmed,19113
DNC:7320108@2026,DNC,2026,7320108,Quan hệ công chúng,7320108,,,,unconfirmed,19119
DNC:7340101@2026,DNC,2026,7340101,Quản trị kinh doanh,7340101,,,,unconfirmed,19125
DNC:7340115@2026,DNC,2026,7340115,Marketing,7340115,,,,unconfirmed,19131
DNC:7340116@2026,DNC,2026,7340116,Bất động sản,7340116,,,,unconfirmed,19137
DNC:7340120@2026,DNC,2026,7340120,Kinh doanh quốc tế,7340120,,,,unconfirmed,19143
DNC:7340122@2026,DNC,2026,7340122,Thương mại điện tử,7340122,,,,unconfirmed,19149
DNC:7340201@2026,DNC,2026,7340201,Tài chính - Ngân hàng,7340201,,,,unconfirmed,19155
DNC:7340301@2026,DNC,2026,7340301,Kế toán,7340301,,,,unconfirmed,19161
DNC:7380101@2026,DNC,2026,7380101,Luật,7380101,,,,unconfirmed,19167
DNC:7380107@2026,DNC,2026,7380107,Luật kinh tế,7380107,,,,unconfirmed,19173
DNC:7480101@2026,DNC,2026,7480101,Khoa học máy tính,7480101,,,,unconfirmed,19179
DNC:7480101-01@2026,DNC,2026,7480101-01,Thiết kế vi mạch bán dẫn,7480101,,,,unconfirmed,19185
DNC:7480102@2026,DNC,2026,7480102,Mạng máy tính và truyền thông dữ liệu,7480102,,,,unconfirmed,19191
DNC:7480103@2026,DNC,2026,7480103,Kỹ thuật phần mềm,7480103,,,,unconfirmed,19197
DNC:7480107@2026,DNC,2026,7480107,Trí tuệ nhân tạo,7480107,,,,unconfirmed,19203
DNC:7480201@2026,DNC,2026,7480201,Công nghệ thông tin,7480201,,,,unconfirmed,19209
DNC:7510203@2026,DNC,2026,7510203,Công nghệ kỹ thuật cơ điện tử,7510203,,,,unconfirmed,19215
DNC:7510205@2026,DNC,2026,7510205,Công nghệ kỹ thuật ô tô,7510205,,,,unconfirmed,19221
DNC:7510205-01@2026,DNC,2026,7510205-01,Công nghệ kỹ thuật ô tô điện,7510205,,,,unconfirmed,19227
DNC:7510301@2026,DNC,2026,7510301,Công nghệ kỹ thuật điện; điện tử,7510301,,,,unconfirmed,19233
DNC:7510401@2026,DNC,2026,7510401,Công nghệ kỹ thuật hóa học,7510401,,,,unconfirmed,19239
DNC:7510601@2026,DNC,2026,7510601,Quản lý công nghiệp,7510601,,,,unconfirmed,19245
DNC:7510605@2026,DNC,2026,7510605,Logistics và quản lý chuỗi cung ứng,7510605,,,,unconfirmed,19251
DNC:7520116@2026,DNC,2026,7520116,Kỹ thuật cơ khí động lực,7520116,,,,unconfirmed,19257
DNC:7520212@2026,DNC,2026,7520212,Kỹ thuật y sinh,7520212,,,,unconfirmed,19263
DNC:7540101@2026,DNC,2026,7540101,Công nghệ thực phẩm,7540101,,,,unconfirmed,19269
DNC:7580101@2026,DNC,2026,7580101,Kiến trúc,7580101,,,,unconfirmed,19275
DNC:7580201@2026,DNC,2026,7580201,Kỹ thuật xây dựng,7580201,,,,unconfirmed,19281
DNC:7580205@2026,DNC,2026,7580205,Kỹ thuật xây dựng công trình giao thông,7580205,,,,unconfirmed,19287
DNC:7580302@2026,DNC,2026,7580302,Quản lý xây dựng,7580302,,,,unconfirmed,19293
DNC:7720101@2026,DNC,2026,7720101,Y khoa,7720101,,,,unconfirmed,19299
DNC:7720110@2026,DNC,2026,7720110,Y học dự phòng,7720110,,,,unconfirmed,19305
DNC:7720201@2026,DNC,2026,7720201,Dược học,7720201,,,,unconfirmed,19311
DNC:7720301@2026,DNC,2026,7720301,Điều dưỡng,7720301,,,,unconfirmed,19317
DNC:7720501@2026,DNC,2026,7720501,Răng - Hàm - Mặt,7720501,,,,unconfirmed,19323
DNC:7720601@2026,DNC,2026,7720601,Kỹ thuật xét nghiệm y học,7720601,,,,unconfirmed,19329
DNC:7720602@2026,DNC,2026,7720602,Kỹ thuật hình ảnh y học,7720602,,,,unconfirmed,19335
DNC:7720802@2026,DNC,2026,7720802,Quản lý bệnh viện,7720802,,,,unconfirmed,19341
DNC:7810103@2026,DNC,2026,7810103,Quản trị dịch vụ du lịch và lữ hành,7810103,,,,unconfirmed,19347
DNC:7810201@2026,DNC,2026,7810201,Quản trị khách sạn,7810201,,,,unconfirmed,19353
DNC:7810202@2026,DNC,2026,7810202,Quản trị nhà hàng và Dịch vụ ăn uống,7810202,,,,unconfirmed,19359
DNC:7850101@2026,DNC,2026,7850101,Quản lý tài nguyên và môi trường,7850101,,,,unconfirmed,19365
DNC:7850103@2026,DNC,2026,7850103,Quản lý đất đai,7850103,,,,unconfirmed,19371
DNH:7220201@2026,DNH,2026,7220201,Ngôn ngữ Anh,7220201,,,,unconfirmed,19383
DNH:7220202@2026,DNH,2026,7220202,Ngôn ngữ Nga,7220202,,,,unconfirmed,19389
DNH:7220204@2026,DNH,2026,7220204,Ngôn ngữ Trung Quốc,7220204,,,,unconfirmed,19395
DNT:7220201@2026,DNT,2026,7220201,Ngôn ngữ Anh,7220201,,,,unconfirmed,19407
DNT:7220204@2026,DNT,2026,7220204,Ngôn ngữ Trung Quốc,7220204,,,,unconfirmed,19413
DNT:7220209@2026,DNT,2026,7220209,Ngôn ngữ Nhật,7220209,,,,unconfirmed,19419
DNT:7220210@2026,DNT,2026,7220210,Ngôn ngữ Hàn Quốc,7220210,,,,unconfirmed,19425
DNT:7310206@2026,DNT,2026,7310206,Quan hệ quốc tế,7310206,,,,unconfirmed,19431
DNT:7310608@2026,DNT,2026,7310608,Đông Phương học,7310608,,,,unconfirmed,19437
DNT:7320104@2026,DNT,2026,7320104,Truyền thông đa phương tiện,7320104,,,,unconfirmed,19443
DNT:7320108@2026,DNT,2026,7320108,Quan hệ công chúng,7320108,,,,unconfirmed,19449
DNT:7340101@2026,DNT,2026,7340101,Quản trị kinh doanh,7340101,,,,unconfirmed,19455
DNT:7340115@2026,DNT,2026,7340115,Marketing,7340115,,,,unconfirmed,19461
DNT:7340120@2026,DNT,2026,7340120,Kinh doanh quốc tế,7340120,,,,unconfirmed,19467
DNT:7340122@2026,DNT,2026,7340122,Thương mại điện tử,7340122,,,,unconfirmed,19473
DNT:7340201@2026,DNT,2026,7340201,Tài chính - Ngân hàng,7340201,,,,unconfirmed,19479
DNT:7340301@2026,DNT,2026,7340301,Kế toán,7340301,,,,unconfirmed,19485
DNT:7340302@2026,DNT,2026,7340302,Kiểm toán,7340302,,,,unconfirmed,19491
DNT:7380101@2026,DNT,2026,7380101,Luật,7380101,,,,unconfirmed,19497
DNT:7380107@2026,DNT,2026,7380107,Luật kinh tế,7380107,,,,unconfirmed,19503
DNT:7480103@2026,DNT,2026,7480103,Kỹ thuật phần mềm,7480103,,,,unconfirmed,19509
DNT:7480107@2026,DNT,2026,7480107,Trí tuệ nhân tạo,7480107,,,,unconfirmed,19515
DNT:7480201@2026,DNT,2026,7480201,Công nghệ thông tin,7480201,,,,unconfirmed,19521
DNT:7510605@2026,DNT,2026,7510605,Logistics và Quản lý chuỗi cung ứng,7510605,,,,unconfirmed,19527
DNT:7810103@2026,DNT,2026,7810103,Quản trị dịch vụ du lịch và lữ hành,7810103,,,,unconfirmed,19533
DNT:7810201@2026,DNT,2026,7810201,Quản trị khách sạn,7810201,,,,unconfirmed,19539
DNU:51140201@2026,DNU,2026,51140201,Giáo dục mầm non (Cao đẳng),,,,829,unconfirmed,19551
DNU:7140201@2026,DNU,2026,7140201,Giáo dục Mầm non (Đại học),7140201,,,331,unconfirmed,19556
DNU:7140202@2026,DNU,2026,7140202,Giáo dục Tiểu học,7140202,,,325,unconfirmed,19562
DNU:7140209@2026,DNU,2026,7140209,Sư phạm Toán học,7140209,,,76,unconfirmed,19568
DNU:7140211@2026,DNU,2026,7140211,Sư phạm Vật lý,7140211,,,15,unconfirmed,19574
DNU:7140212@2026,DNU,2026,7140212,Sư phạm Hoá học,7140212,,,19,unconfirmed,19580
DNU:7140213@2026,DNU,2026,7140213,Sư phạm Sinh học,7140213,,,25,unconfirmed,19586
DNU:7140217@2026,DNU,2026,7140217,Sư phạm Ngữ văn,7140217,,,86,unconfirmed,19592
DNU:7140218@2026,DNU,2026,7140218,Sư phạm Lịch sử,7140218,,,26,unconfirmed,19598
DNU:7140231@2026,DNU,2026,7140231,Sư phạm Tiếng Anh,7140231,,,101,unconfirmed,19604
DNU:7140247@2026,DNU,2026,7140247,Sư phạm Khoa học tự nhiên,7140247,,,54,unconfirmed,19610
DNU:7220201@2026,DNU,2026,7220201,Ngôn ngữ Anh,7220201,,,350,unconfirmed,19616
DNU:7340101@2026,DNU,2026,7340101,Quản trị kinh doanh,7340101,,,360,unconfirmed,19622
DNU:7340301@2026,DNU,2026,7340301,Kế toán,7340301,,,250,unconfirmed,19628
DNU:7510301@2026,DNU,2026,7510301,"Công nghệ kỹ thuật điện, điện tử",7510301,,,200,unconfirmed,19634
DNU:7520103@2026,DNU,2026,7520103,Kỹ thuật cơ khí,7520103,,,120,unconfirmed,19640
DPC:7310401@2026,DPC,2026,7310401,Tâm lý học (định hướng lâm sàng và tham vấn tâm lý),7310401,,,,unconfirmed,19652
DPC:7340101@2026,DPC,2026,7340101,Quản trị bệnh viện,7340101,,,,unconfirmed,19658
DPC:7720101@2026,DPC,2026,7720101,Y khoa,7720101,,,,unconfirmed,19664
DPC:7720301B@2026,DPC,2026,7720301B,Điều dưỡng Nha khoa,7720301,,,,unconfirmed,19670
DPC:7720301А@2026,DPC,2026,7720301А,Điều dưỡng đa khoa,,,,,unconfirmed,19676
DPC:7720501@2026,DPC,2026,7720501,Răng - Hàm - Mặt,7720501,,,,unconfirmed,19681
DPC:7720601@2026,DPC,2026,7720601,Kỹ thuật xét nghiệm у học,7720601,,,,unconfirmed,19687
DPD:7140103@2026,DPD,2026,7140103,Công nghệ giáo dục,7140103,,,,unconfirmed,19699
DPD:7220201@2026,DPD,2026,7220201,Ngôn ngữ Anh,7220201,,,,unconfirmed,19705
DPD:7220204@2026,DPD,2026,7220204,Ngôn ngữ Trung,7220204,,,,unconfirmed,19711
DPD:7220209@2026,DPD,2026,7220209,Ngôn ngữ Nhật,7220209,,,,unconfirmed,19717
DPD:7220210@2026,DPD,2026,7220210,Ngôn ngữ Hàn Quốc,7220210,,,,unconfirmed,19723
DPD:7229030@2026,DPD,2026,7229030,Văn học,7229030,,,,unconfirmed,19729
DPD:7320104@2026,DPD,2026,7320104,Truyền thông đa phương tiện,7320104,,,,unconfirmed,19735
DPD:7340101@2026,DPD,2026,7340101,Quản trị kinh doanh,7340101,,,,unconfirmed,19741
DPD:7340121@2026,DPD,2026,7340121,Kinh doanh thương mại,7340121,,,,unconfirmed,19747
DPD:7340122@2026,DPD,2026,7340122,Thương mại điện tử,7340122,,,,unconfirmed,19753
DPD:7340201@2026,DPD,2026,7340201,Tài chính - Ngân hàng,7340201,,,,unconfirmed,19759
DPD:7340404@2026,DPD,2026,7340404,Quản trị nhân lực,7340404,,,,unconfirmed,19765
DPD:7340406@2026,DPD,2026,7340406,Quản trị Văn phòng,7340406,,,,unconfirmed,19771
DPD:7480201@2026,DPD,2026,7480201,Công nghệ thông tin,7480201,,,,unconfirmed,19777
DPD:7510203@2026,DPD,2026,7510203,Công nghệ kỹ thuật Cơ điện tử,7510203,,,,unconfirmed,19783
DPD:7510205@2026,DPD,2026,7510205,Công nghệ kỹ thuật ô tô,7510205,,,,unconfirmed,19789
DPD:7510303@2026,DPD,2026,7510303,Công nghệ Kỹ thuật điều khiển và Tự động hoá,7510303,,,,unconfirmed,19795
DPD:7510605@2026,DPD,2026,7510605,Logistics & Quản lý chuỗi cung ứng,7510605,,,,unconfirmed,19801
DPD:7580101@2026,DPD,2026,7580101,Kiến trúc,7580101,,,,unconfirmed,19807
DPD:7580109@2026,DPD,2026,7580109,Quản lý phát triển đô thị và bất động sản,7580109,,,,unconfirmed,19813
DPD:7580201@2026,DPD,2026,7580201,Kỹ thuật Xây dựng,7580201,,,,unconfirmed,19819
DPD:7580301@2026,DPD,2026,7580301,Kinh tế Xây dựng,7580301,,,,unconfirmed,19825
DPD:7810103@2026,DPD,2026,7810103,Quản trị du lịch và lữ hành,7810103,,,,unconfirmed,19831
DPD:7810103.01@2026,DPD,2026,7810103.01,Hướng dẫn du lịch,,,,,unconfirmed,19837
DPD:7810201@2026,DPD,2026,7810201,Quản trị khách sạn,7810201,,,,unconfirmed,19842
DPD:7810202@2026,DPD,2026,7810202,Quản trị nhà hàng và dịch vụ ăn uống,7810202,,,,unconfirmed,19848
DPQ:7140202@2026,DPQ,2026,7140202,Giáo dục Tiểu học,7140202,,,180,unconfirmed,19860
DPQ:7140209@2026,DPQ,2026,7140209,Sư phạm Toán học,7140209,,,60,unconfirmed,19866
DPQ:7140210@2026,DPQ,2026,7140210,Sư phạm Tin học,7140210,,,30,unconfirmed,19872
DPQ:7140211@2026,DPQ,2026,7140211,Sư phạm Vật lý,7140211,,,30,unconfirmed,19878
DPQ:7140212@2026,DPQ,2026,7140212,Sư phạm Hóa học,7140212,,,30,unconfirmed,19884
DPQ:7140217@2026,DPQ,2026,7140217,Sư phạm Ngữ văn,7140217,,,80,unconfirmed,19890
DPQ:7140231@2026,DPQ,2026,7140231,Sư phạm Tiếng Anh,7140231,,,90,unconfirmed,19896
DPQ:7140247@2026,DPQ,2026,7140247,Sư phạm Khoa học Tự nhiên,7140247,,,40,unconfirmed,19902
DPQ:7340101@2026,DPQ,2026,7340101,Quản trị kinh doanh,7340101,,,50,unconfirmed,19908
DPQ:7340115@2026,DPQ,2026,7340115,Marketing,7340115,,,40,unconfirmed,19914
DPQ:7480201@2026,DPQ,2026,7480201,Công nghệ thông tin,7480201,,,90,unconfirmed,19920
DPQ:7510201@2026,DPQ,2026,7510201,Công nghệ kỹ thuật cơ khí,7510201,,,100,unconfirmed,19926
DPQ:7520114@2026,DPQ,2026,7520114,Kỹ thuật cơ điện tử,7520114,,,60,unconfirmed,19932
DPT:7220201@2026,DPT,2026,7220201,Ngôn ngữ Anh,7220201,,,,unconfirmed,19944
DPT:7340101@2026,DPT,2026,7340101,Quản trị Kinh doanh,7340101,,,,unconfirmed,19950
DPT:7340201@2026,DPT,2026,7340201,Tài chính - Ngân hàng,7340201,,,,unconfirmed,19956
DPT:7340301@2026,DPT,2026,7340301,Kế toán,7340301,,,,unconfirmed,19962
DPT:7380101@2026,DPT,2026,7380101,Luật,7380101,,,,unconfirmed,19968
DPT:7380107@2026,DPT,2026,7380107,Luật Kinh tế,7380107,,,,unconfirmed,19974
DPT:7480201@2026,DPT,2026,7480201,Công nghệ Thông tin,7480201,,,,unconfirmed,19980
DPT:7510301@2026,DPT,2026,7510301,"Công nghệ kỹ thuật điện, điện tử",7510301,,,,unconfirmed,19986
DPT:7510605@2026,DPT,2026,7510605,Logistics và Quản lý chuỗi cung ứng,7510605,,,,unconfirmed,19992
DPT:7520103@2026,DPT,2026,7520103,Kỹ thuật Cơ khí,7520103,,,,unconfirmed,19998
DPT:7520130@2026,DPT,2026,7520130,Kỹ thuật ô tô,7520130,,,,unconfirmed,20004
DPT:7580201@2026,DPT,2026,7580201,Kỹ thuật Xây dựng,7580201,,,,unconfirmed,20010
DPT:7720601@2026,DPT,2026,7720601,Kỹ thuật Xét nghiệm Y học,7720601,,,,unconfirmed,20016
DPT:7810103@2026,DPT,2026,7810103,Quản trị Dịch vụ Du lịch & Lữ hành,7810103,,,,unconfirmed,20022
DPT:7810201@2026,DPT,2026,7810201,Quản trị Khách sạn,7810201,,,,unconfirmed,20028
DPT:7810202@2026,DPT,2026,7810202,Quản trị Nhà hàng và Dịch vụ Ăn uống,7810202,,,,unconfirmed,20034
DPX:7220201@2026,DPX,2026,7220201,Ngôn ngữ Anh,7220201,,,100,unconfirmed,20046
DPX:7220204@2026,DPX,2026,7220204,Ngôn ngữ Trung Quốc,7220204,,,140,unconfirmed,20052
DPX:7320104@2026,DPX,2026,7320104,Truyền thông đa phương tiện,7320104,,,80,unconfirmed,20058
DPX:7340101@2026,DPX,2026,7340101,Quản trị kinh doanh,7340101,,,150,unconfirmed,20064
DPX:7480201@2026,DPX,2026,7480201,Công nghệ thông tin,7480201,,,216,unconfirmed,20070
DPX:7510205@2026,DPX,2026,7510205,Công nghệ kỹ thuật ô tô,7510205,,,210,unconfirmed,20076
DPX:7510601@2026,DPX,2026,7510601,Quản lý công nghiệp,7510601,,,100,unconfirmed,20082
DPX:7810103@2026,DPX,2026,7810103,Quản trị dịch vụ Du lịch và Lữ hành,7810103,,,282,unconfirmed,20088
DPY:7140201@2026,DPY,2026,7140201,Giáo dục Mầm non,7140201,,,90,unconfirmed,20100
DPY:7140202@2026,DPY,2026,7140202,Giáo dục Tiểu học,7140202,,,180,unconfirmed,20106
DPY:7140209@2026,DPY,2026,7140209,Sư phạm Toán học,7140209,,,40,unconfirmed,20112
DPY:7140217@2026,DPY,2026,7140217,Sư phạm Ngữ văn,7140217,,,40,unconfirmed,20118
DPY:7140231@2026,DPY,2026,7140231,Sư phạm Tiếng Anh,7140231,,,50,unconfirmed,20124
DPY:7140247@2026,DPY,2026,7140247,Sư phạm Khoa học tự nhiên,7140247,,,30,unconfirmed,20130
DPY:7220201@2026,DPY,2026,7220201,Ngôn ngữ Anh,7220201,,,60,unconfirmed,20136
DPY:7310630@2026,DPY,2026,7310630,Việt Nam học,7310630,,,50,unconfirmed,20142
DPY:7340101@2026,DPY,2026,7340101,Quản trị kinh doanh,7340101,,,70,unconfirmed,20148
DPY:7480201@2026,DPY,2026,7480201,Công nghệ thông tin,7480201,,,70,unconfirmed,20154
DPY:7620101@2026,DPY,2026,7620101,Nông nghiệp,7620101,,,30,unconfirmed,20160
DPY:7810101@2026,DPY,2026,7810101,Du lịch,7810101,,,50,unconfirmed,20166
DQB:7140201@2026,DQB,2026,7140201,Giáo dục Mầm non,7140201,,,100,unconfirmed,20178
DQB:7140202@2026,DQB,2026,7140202,Giáo dục Tiểu học,7140202,,,120,unconfirmed,20184
DQB:7140206@2026,DQB,2026,7140206,Giáo dục Thể chất,7140206,,,30,unconfirmed,20190
DQB:7140209@2026,DQB,2026,7140209,Sư phạm Toán học,7140209,,,30,unconfirmed,20196
DQB:7140210@2026,DQB,2026,7140210,Sư phạm Tin học,7140210,,,30,unconfirmed,20202
DQB:7140217@2026,DQB,2026,7140217,Sư phạm Ngữ văn,7140217,,,30,unconfirmed,20208
DQB:7140231@2026,DQB,2026,7140231,Sư phạm Tiếng Anh,7140231,,,30,unconfirmed,20214
DQB:7140247@2026,DQB,2026,7140247,Sư phạm Khoa học tự nhiên,7140247,,,30,unconfirmed,20220
DQB:7140249@2026,DQB,2026,7140249,Sư phạm Lịch sử – Địa lý,7140249,,,30,unconfirmed,20226
DQB:7220201@2026,DQB,2026,7220201,Ngôn ngữ Anh,7220201,,,60,unconfirmed,20232
DQB:7220204@2026,DQB,2026,7220204,Ngôn ngữ Trung Quốc,7220204,,,40,unconfirmed,20238
DQB:7340101@2026,DQB,2026,7340101,Quản trị kinh doanh,7340101,,,40,unconfirmed,20244
DQB:7340301@2026,DQB,2026,7340301,Kế toán,7340301,,,40,unconfirmed,20250
DQB:7480201@2026,DQB,2026,7480201,Công nghệ thông tin,7480201,,,40,unconfirmed,20256
DQB:7620101@2026,DQB,2026,7620101,Nông nghiệp,7620101,,,40,unconfirmed,20262
DQB:7810103@2026,DQB,2026,7810103,Quản trị dịch vụ du lịch và lữ hành,7810103,,,40,unconfirmed,20268
DQB:7850101@2026,DQB,2026,7850101,Quản lý Tài nguyên và Môi trường,7850101,,,40,unconfirmed,20274
DQH:DS01@2026,DQH,2026,DS01,Hệ thống Công nghệ thông tin,,,,60,unconfirmed,20285
DQH:DS02@2026,DQH,2026,DS02,Trí tuệ nhân tạo,,,,60,unconfirmed,20290
DQH:DS03@2026,DQH,2026,DS03,An toàn không gian mạng,,,,60,unconfirmed,20295
DQH:DS04@2026,DQH,2026,DS04,Điện tử - Viễn thông,,,,60,unconfirmed,20300
DQH:DS05@2026,DQH,2026,DS05,Thiết kế vi mạch và hệ thống nhúng,,,,60,unconfirmed,20305
DQH:DS06@2026,DQH,2026,DS06,Công nghệ bán dẫn và Nano,,,,60,unconfirmed,20310
DQH:DS07@2026,DQH,2026,DS07,Tự động hóa,,,,80,unconfirmed,20315
DQH:DS08@2026,DQH,2026,DS08,Kỹ thuật cơ điện tử,,,,60,unconfirmed,20320
DQH:DS09@2026,DQH,2026,DS09,Công nghệ chế tạo máy,,,,60,unconfirmed,20325
DQH:DS10@2026,DQH,2026,DS10,Kỹ thuật xây dựng,,,,60,unconfirmed,20330
DQH:DS11@2026,DQH,2026,DS11,Kỹ thuật ô tô,,,,60,unconfirmed,20335
DQH:DS12@2026,DQH,2026,DS12,Điện tử y sinh,,,,40,unconfirmed,20340
DQK:7210403@2026,DQK,2026,7210403,Cử nhân Thiết kế đồ họa,7210403,,,100,unconfirmed,20351
DQK:7220201@2026,DQK,2026,7220201,Cử nhân Ngôn ngữ Anh,7220201,,,320,unconfirmed,20357
DQK:7220202@2026,DQK,2026,7220202,Cử nhân Ngôn ngữ Nga,7220202,,,50,unconfirmed,20363
DQK:7220204@2026,DQK,2026,7220204,Cử nhân ngôn ngữ Trung Quốc,7220204,,,899,unconfirmed,20369
DQK:7310101@2026,DQK,2026,7310101,Cử nhân Kinh tế,7310101,,,200,unconfirmed,20375
DQK:7310205@2026,DQK,2026,7310205,Cử nhân Quản lý nhà nước,7310205,,,40,unconfirmed,20381
DQK:7340101@2026,DQK,2026,7340101,Cử nhân Quản trị kinh doanh,7340101,,,960,unconfirmed,20387
DQK:7340120@2026,DQK,2026,7340120,Cử nhân Kinh doanh quốc tế,7340120,,,400,unconfirmed,20393
DQK:7340201- 2@2026,DQK,2026,7340201- 2,"Cử nhân Tài chính - Ngân hàng, chuyên ngành Tài chính",7340201,,,185,unconfirmed,20399
DQK:7340201-1@2026,DQK,2026,7340201-1,"Cử nhân Tài chính - Ngân hàng, chuyên ngành Ngân hàng",7340201,,,185,unconfirmed,20405
DQK:7340301@2026,DQK,2026,7340301,Cử nhân Kế toán,7340301,,,470,unconfirmed,20411
DQK:7380107@2026,DQK,2026,7380107,Cử nhân Luật kinh tế,7380107,,,284,unconfirmed,20417
DQK:7480201@2026,DQK,2026,7480201,Kỹ sư Công nghệ thông tin,7480201,,,960,unconfirmed,20423
DQK:7510203@2026,DQK,2026,7510203,Kỹ sư Công nghệ kỹ thuật cơ - điện từ,7510203,,,170,unconfirmed,20429
DQK:7510205@2026,DQK,2026,7510205,Kỹ sư Công nghệ kỹ thuật ô tô,7510205,,,301,unconfirmed,20435
DQK:7510301@2026,DQK,2026,7510301,"Kỹ sư Công nghệ kỹ thuật điện, điện tử",7510301,,,150,unconfirmed,20441
DQK:7510406@2026,DQK,2026,7510406,Kỹ sư Công nghệ kỹ thuật môi trường,7510406,,,30,unconfirmed,20447
DQK:7580101@2026,DQK,2026,7580101,Kiến trúc sư,7580101,,,50,unconfirmed,20453
DQK:7580106@2026,DQK,2026,7580106,Cử nhân Quản lý đô thị và công trình,7580106,,,20,unconfirmed,20459
DQK:7580108@2026,DQK,2026,7580108,Cử nhân Thiết kế nội thất,7580108,,,50,unconfirmed,20465
DQK:7580201@2026,DQK,2026,7580201,Kỹ sư Kỹ thuật xây dựng,7580201,,,70,unconfirmed,20471
DQK:7720101@2026,DQK,2026,7720101,Bác sĩ Y khoa,7720101,,,144,unconfirmed,20477
DQK:7720201@2026,DQK,2026,7720201,Dược sĩ,7720201,,,180,unconfirmed,20483
DQK:7720301@2026,DQK,2026,7720301,Cử nhân Điều dưỡng,7720301,,,64,unconfirmed,20489
DQK:7720501@2026,DQK,2026,7720501,Bác sĩ Răng - Hàm - Mặt,7720501,,,60,unconfirmed,20495
DQK:7810103@2026,DQK,2026,7810103,Cử nhân Quản trị dịch vụ du lịch và lữ hành,7810103,,,238,unconfirmed,20501
DQK:7850101@2026,DQK,2026,7850101,Kỹ sư Quản lý tài nguyên và môi trường,7850101,,,50,unconfirmed,20507
DQN:7140114@2026,DQN,2026,7140114,Quản lý giáo dục,7140114,,,,unconfirmed,20517
DQN:7140201@2026,DQN,2026,7140201,Giáo dục Mầm non,7140201,,,,unconfirmed,20523
DQN:7140202@2026,DQN,2026,7140202,Giáo dục Tiểu học,7140202,,,,unconfirmed,20529
DQN:7140205@2026,DQN,2026,7140205,Giáo dục Chính trị,7140205,,,,unconfirmed,20535
DQN:7140206@2026,DQN,2026,7140206,Giáo dục Thể chất,7140206,,,,unconfirmed,20541
DQN:7140209@2026,DQN,2026,7140209,Sư phạm Toán học,7140209,,,,unconfirmed,20547
DQN:7140210@2026,DQN,2026,7140210,Sư phạm Tin học,7140210,,,,unconfirmed,20553
DQN:7140211@2026,DQN,2026,7140211,Sư phạm Vật lý,7140211,,,,unconfirmed,20559
DQN:7140212@2026,DQN,2026,7140212,Sư phạm Hóa học,7140212,,,,unconfirmed,20565
DQN:7140213@2026,DQN,2026,7140213,Sư phạm Sinh học,7140213,,,,unconfirmed,20571
DQN:7140217@2026,DQN,2026,7140217,Sư phạm Ngữ văn,7140217,,,,unconfirmed,20577
DQN:7140218@2026,DQN,2026,7140218,Sư phạm Lịch sử,7140218,,,,unconfirmed,20583
DQN:7140219@2026,DQN,2026,7140219,Sư phạm Địa lý,7140219,,,,unconfirmed,20589
DQN:7140231@2026,DQN,2026,7140231,Sư phạm Tiếng Anh,7140231,,,,unconfirmed,20595
DQN:7140247@2026,DQN,2026,7140247,Sư phạm Khoa học tự nhiên,7140247,,,,unconfirmed,20601
DQN:7140249@2026,DQN,2026,7140249,Sư phạm Lịch sử - Địa lý,7140249,,,,unconfirmed,20607
DQN:7220201@2026,DQN,2026,7220201,Ngôn ngữ Anh,7220201,,,,unconfirmed,20613
DQN:7220204@2026,DQN,2026,7220204,Ngôn ngữ Trung Quốc,7220204,,,,unconfirmed,20619
DQN:7229030@2026,DQN,2026,7229030,Văn học,7229030,,,,unconfirmed,20625
DQN:7310101@2026,DQN,2026,7310101,Kinh tế,7310101,,,,unconfirmed,20631
DQN:7310109@2026,DQN,2026,7310109,Kinh tế số (dự kiến),7310109,,,,unconfirmed,20637
DQN:7310205@2026,DQN,2026,7310205,Quản lý nhà nước,7310205,,,,unconfirmed,20643
DQN:7310403@2026,DQN,2026,7310403,Tâm lý học giáo dục,7310403,,,,unconfirmed,20649
DQN:7310608@2026,DQN,2026,7310608,Đông phương học,7310608,,,,unconfirmed,20655
DQN:7310630@2026,DQN,2026,7310630,Việt Nam học,7310630,,,,unconfirmed,20661
DQN:7340101@2026,DQN,2026,7340101,Quản trị kinh doanh,7340101,,,,unconfirmed,20667
DQN:7340201@2026,DQN,2026,7340201,Tài chính – Ngân hàng,7340201,,,,unconfirmed,20673
DQN:7340301@2026,DQN,2026,7340301,Kế toán,7340301,,,,unconfirmed,20679
DQN:7340301 ACCA@2026,DQN,2026,7340301 ACCA,Kế toán (Định hướng ACCA),,,,,unconfirmed,20685
DQN:7340302@2026,DQN,2026,7340302,Kiểm toán,7340302,,,,unconfirmed,20690
DQN:7380101@2026,DQN,2026,7380101,Luật,7380101,,,,unconfirmed,20696
DQN:7440112@2026,DQN,2026,7440112,Hóa học,7440112,,,,unconfirmed,20702
DQN:7460108@2026,DQN,2026,7460108,Khoa học dữ liệu,7460108,,,,unconfirmed,20708
DQN:7460112@2026,DQN,2026,7460112,Toán ứng dụng,7460112,,,,unconfirmed,20714
DQN:7480103@2026,DQN,2026,7480103,Kỹ thuật phần mềm,7480103,,,,unconfirmed,20720
DQN:7480107@2026,DQN,2026,7480107,Trí tuệ nhân tạo,7480107,,,,unconfirmed,20726
DQN:7480201@2026,DQN,2026,7480201,Công nghệ thông tin,7480201,,,,unconfirmed,20732
DQN:7510205@2026,DQN,2026,7510205,Công nghệ kỹ thuật ô tô,7510205,,,,unconfirmed,20738
DQN:7510401@2026,DQN,2026,7510401,Công nghệ kỹ thuật hóa học,7510401,,,,unconfirmed,20744
DQN:7510605@2026,DQN,2026,7510605,Logistics và QL chuỗi cung ứng,7510605,,,,unconfirmed,20750
DQN:7520116@2026,DQN,2026,7520116,Kỹ thuật cơ khí động lực,7520116,,,,unconfirmed,20756
DQN:7520201@2026,DQN,2026,7520201,Kỹ thuật điện,7520201,,,,unconfirmed,20762
DQN:7520207@2026,DQN,2026,7520207,Kỹ thuật điện tử - viễn thông,7520207,,,,unconfirmed,20768
DQN:7520216@2026,DQN,2026,7520216,Kỹ thuật điều khiển và TĐH,7520216,,,,unconfirmed,20774
DQN:7520401@2026,DQN,2026,7520401,Vật lý kỹ thuật,7520401,,,,unconfirmed,20780
DQN:7540101@2026,DQN,2026,7540101,Công nghệ thực phẩm,7540101,,,,unconfirmed,20786
DQN:7580201@2026,DQN,2026,7580201,Kỹ thuật xây dựng,7580201,,,,unconfirmed,20792
DQN:7620301@2026,DQN,2026,7620301,Nuôi trồng thủy sản,7620301,,,,unconfirmed,20798
DQN:7760101@2026,DQN,2026,7760101,Công tác xã hội,7760101,,,,unconfirmed,20804
DQN:7810103@2026,DQN,2026,7810103,QL dịch vụ du lịch và lữ hành,7810103,,,,unconfirmed,20810
DQN:7810201@2026,DQN,2026,7810201,Quản trị khách sạn,7810201,,,,unconfirmed,20816
DQN:7850101@2026,DQN,2026,7850101,Quản lý tài nguyên và môi trường,7850101,,,,unconfirmed,20822
DQN:7850103@2026,DQN,2026,7850103,Quản lý đất đai,7850103,,,,unconfirmed,20828
DQT:7220201@2026,DQT,2026,7220201,Ngôn ngữ Anh,7220201,,,30,unconfirmed,20840
DQT:7340101@2026,DQT,2026,7340101,Quản trị kinh doanh; Quản trị kinh doanh định hướng Trà học,7340101,,,70,unconfirmed,20846
DQT:7340201@2026,DQT,2026,7340201,Tài chính – Ngân hàng,7340201,,,50,unconfirmed,20852
DQT:7340205@2026,DQT,2026,7340205,Công nghệ tài chính,7340205,,,50,unconfirmed,20858
DQT:7340301@2026,DQT,2026,7340301,Kế toán,7340301,,,40,unconfirmed,20864
DQT:7480201@2026,DQT,2026,7480201,Công nghệ thông tin; Công nghệ thông tin định hướng Trí tuệ nhân tạo,7480201,,,80,unconfirmed,20870
DQT:7510103@2026,DQT,2026,7510103,Công nghệ kỹ thuật xây dựng,7510103,,,40,unconfirmed,20876
DQT:7720301@2026,DQT,2026,7720301,Điều dưỡng,7720301,,,650,unconfirmed,20882
DQT:7720701@2026,DQT,2026,7720701,Y tế công cộng,7720701,,,30,unconfirmed,20888
DQT:7810103@2026,DQT,2026,7810103,Quản trị dịch vụ du lịch và lữ hành,7810103,,,40,unconfirmed,20894
DQT:7810203@2026,DQT,2026,7810203,Quản trị Khách sạn – Nhà hàng,7810203,,,40,unconfirmed,20900
DQU:7140201@2026,DQU,2026,7140201,Giáo dục Mầm non,7140201,,,110,unconfirmed,20912
DQU:7140202@2026,DQU,2026,7140202,Giáo dục Tiểu học,7140202,,,156,unconfirmed,20918
DQU:7140209@2026,DQU,2026,7140209,Sư phạm Toán,7140209,,,45,unconfirmed,20924
DQU:7140211@2026,DQU,2026,7140211,Sư phạm Vật lý,7140211,,,12,unconfirmed,20930
DQU:7140213@2026,DQU,2026,7140213,Sư phạm Sinh học,7140213,,,12,unconfirmed,20936
DQU:7140217@2026,DQU,2026,7140217,Sư phạm Ngữ văn,7140217,,,45,unconfirmed,20942
DQU:7140231@2026,DQU,2026,7140231,Sư phạm Tiếng Anh,7140231,,,30,unconfirmed,20948
DQU:7140247@2026,DQU,2026,7140247,Sư phạm Khoa học tự nhiên,7140247,,,40,unconfirmed,20954
DQU:7220201@2026,DQU,2026,7220201,Ngôn ngữ Anh,7220201,,,175,unconfirmed,20960
DQU:7229010@2026,DQU,2026,7229010,Lịch sử,7229010,,,130,unconfirmed,20966
DQU:7310630@2026,DQU,2026,7310630,Việt Nam học (VH-DL),7310630,,,130,unconfirmed,20972
DQU:7340101@2026,DQU,2026,7340101,Quản trị kinh doanh,7340101,,,95,unconfirmed,20978
DQU:7480201@2026,DQU,2026,7480201,Công nghệ Thông tin,7480201,,,225,unconfirmed,20984
DQU:7620112@2026,DQU,2026,7620112,Bảo vệ thực vật,7620112,,,40,unconfirmed,20990
DSD:7210227@2026,DSD,2026,7210227,Đạo diễn sân khấu,7210227,,,15,unconfirmed,21001
DSD:7210234@2026,DSD,2026,7210234,"Diễn viên kịch, điện ảnh - truyền hình",7210234,,,15,unconfirmed,21007
DSD:7210235@2026,DSD,2026,7210235,"Đạo diễn điện ảnh, truyền hình",7210235,,,40,unconfirmed,21013
DSD:7210236@2026,DSD,2026,7210236,Quay phim,7210236,,,25,unconfirmed,21019
DSG:7210402@2026,DSG,2026,7210402,Thiết kế công nghiệp,7210402,,,,unconfirmed,21031
DSG:7340101@2026,DSG,2026,7340101,Quản trị kinh doanh,7340101,,,,unconfirmed,21037
DSG:7340115@2026,DSG,2026,7340115,Marketing,7340115,,,,unconfirmed,21043
DSG:7340120@2026,DSG,2026,7340120,Kinh doanh quốc tế,7340120,,,,unconfirmed,21049
DSG:7340201@2026,DSG,2026,7340201,Tài chính - Ngân hàng,7340201,,,,unconfirmed,21055
DSG:7380107@2026,DSG,2026,7380107,Luật kinh tế,7380107,,,,unconfirmed,21061
DSG:7480106@2026,DSG,2026,7480106,Kỹ thuật máy tính,7480106,,,,unconfirmed,21067
DSG:7480201@2026,DSG,2026,7480201,Công nghệ thông tin,7480201,,,,unconfirmed,21073
DSG:7510201@2026,DSG,2026,7510201,Công nghệ kỹ thuật Cơ khí,7510201,,,,unconfirmed,21079
DSG:7510203@2026,DSG,2026,7510203,Công nghệ kỹ thuật Cơ điện tử,7510203,,,,unconfirmed,21085
DSG:7510301@2026,DSG,2026,7510301,Công nghệ kỹ thuật Điện điện tử,7510301,,,,unconfirmed,21091
DSG:7510302@2026,DSG,2026,7510302,Công nghệ kỹ thuật Điện tử viễn thông,7510302,,,,unconfirmed,21097
DSG:7510605@2026,DSG,2026,7510605,Logistics và Quản lý chuỗi cung ứng,7510605,,,,unconfirmed,21103
DSG:7540101@2026,DSG,2026,7540101,Công nghệ thực phẩm,7540101,,,,unconfirmed,21109
DSG:7540106@2026,DSG,2026,7540106,Đảm bảo chất lượng và an toàn thực phẩm,7540106,,,,unconfirmed,21115
DSG:7580101@2026,DSG,2026,7580101,Kiến trúc,7580101,,,,unconfirmed,21121
DSG:7580201@2026,DSG,2026,7580201,Kỹ thuật xây dựng,7580201,,,,unconfirmed,21127
DSG:7580205@2026,DSG,2026,7580205,Kỹ thuật xây dựng Công trình giao thông,7580205,,,,unconfirmed,21133
DSG:7580302@2026,DSG,2026,7580302,Quản lý xây dựng,7580302,,,,unconfirmed,21139
DSG:7810101@2026,DSG,2026,7810101,Du lịch,7810101,,,,unconfirmed,21145
DSK:7140214@2026,DSK,2026,7140214,Sư phạm kỹ thuật công nghiệp (chuyên ngành Công nghệ thông tin),7140214,,,30,unconfirmed,21154
DSK:7480201@2026,DSK,2026,7480201,Công nghệ thông tin,7480201,,,150,unconfirmed,21160
DSK:7510101@2026,DSK,2026,7510101,Công nghệ kỹ thuật kiến trúc,7510101,,,80,unconfirmed,21166
DSK:7510103@2026,DSK,2026,7510103,Công nghệ kỹ thuật xây dựng (chuyên ngành Xây dựng dân dụng & Công nghiệp),7510103,,,150,unconfirmed,21172
DSK:7510104@2026,DSK,2026,7510104,Công nghệ kỹ thuật giao thông (chuyên ngành Xây dựng cầu đường),7510104,,,40,unconfirmed,21178
DSK:7510201@2026,DSK,2026,7510201,Công nghệ kỹ thuật cơ khí (chuyên ngành Cơ khí chế tạo),7510201,,,125,unconfirmed,21184
DSK:7510201A@2026,DSK,2026,7510201A,Công nghệ kỹ thuật cơ khí (chuyên ngành Thiết kế và mô phỏng số trong cơ khí),7510201,,,45,unconfirmed,21190
DSK:7510203@2026,DSK,2026,7510203,Công nghệ kỹ thuật cơ điện tử,7510203,,,160,unconfirmed,21196
DSK:7510205@2026,DSK,2026,7510205,Công nghệ kỹ thuật ô tô,7510205,,,110,unconfirmed,21202
DSK:7510205A@2026,DSK,2026,7510205A,Công nghệ kỹ thuật ô tô (chuyên ngành Ô tô điện),7510205,,,50,unconfirmed,21208
DSK:7510205KT@2026,DSK,2026,7510205KT,Công nghệ kỹ thuật ô tô (đào tạo 02 năm đầu tại Kon Tum),7510205,,,30,unconfirmed,21214
DSK:7510206@2026,DSK,2026,7510206,Công nghệ kỹ thuật nhiệt (chuyên ngành Nhiệt - Điện lạnh),7510206,,,90,unconfirmed,21220
DSK:7510301A@2026,DSK,2026,7510301A,"Công nghệ kỹ thuật điện, điện tử (chuyên ngành Công nghệ kỹ thuật điện tử)",7510301,,,80,unconfirmed,21226
DSK:7510301B@2026,DSK,2026,7510301B,"Công nghệ kỹ thuật điện, điện tử (chuyên ngành Công nghệ kỹ thuật điện)",7510301,,,90,unconfirmed,21232
DSK:7510302@2026,DSK,2026,7510302,"Công nghệ kỹ thuật điện, viễn thông",7510302,,,70,unconfirmed,21238
DSK:7510302A@2026,DSK,2026,7510302A,"Công nghệ kỹ thuật điện, viễn thông (chuyên ngành Thiết kế vi mạch bán dẫn)",7510302,,,60,unconfirmed,21244
DSK:7510303@2026,DSK,2026,7510303,Công nghệ kỹ thuật điều khiển và tự động hóa,7510303,,,150,unconfirmed,21250
DSK:7510303KT@2026,DSK,2026,7510303KT,Công nghệ kỹ thuật điều khiển và tự động hóa (đào tạo 02 năm đầu tại Kon Tum),7510303,,,30,unconfirmed,21256
DSK:7510401A@2026,DSK,2026,7510401A,Công nghệ kỹ thuật hóa học,7510401,,,40,unconfirmed,21262
DSK:7510402@2026,DSK,2026,7510402,Công nghệ vật liệu (chuyên ngành Hóa học Vật liệu mới),7510402,,,60,unconfirmed,21268
DSK:7510402A@2026,DSK,2026,7510402A,Công nghệ vật liệu (chuyên ngành Vật liệu bán dẫn),7510402,,,,unconfirmed,21274
DSK:7510406@2026,DSK,2026,7510406,Công nghệ kỹ thuật môi trường,7510406,,,40,unconfirmed,21280
DSK:7540102@2026,DSK,2026,7540102,Kỹ thuật thực phẩm,7540102,,,50,unconfirmed,21286
DSK:7540102A@2026,DSK,2026,7540102A,Kỹ thuật thực phẩm (chuyên ngành Kỹ thuật sinh học thực phẩm),7540102,,,30,unconfirmed,21292
DSK:7580210@2026,DSK,2026,7580210,Kỹ thuật cơ sở hạ tầng (chuyên ngành Xây dựng hạ tầng đô thị),7580210,,,40,unconfirmed,21298
DTB:7140107@2026,DTB,2026,7140107,Quản trị chất lượng giáo dục,7140107,,,30,unconfirmed,21309
DTB:7149002@2026,DTB,2026,7149002,Quản trị nhà trường,7149002,,,30,unconfirmed,21315
DTB:7220201@2026,DTB,2026,7220201,Ngôn ngữ Anh,7220201,,,30,unconfirmed,21321
DTB:7310101@2026,DTB,2026,7310101,Kinh tế,7310101,,,50,unconfirmed,21327
DTB:7310106@2026,DTB,2026,7310106,Kinh tế quốc tế,7310106,,,30,unconfirmed,21333
DTB:7310201@2026,DTB,2026,7310201,Chính trị học,7310201,,,50,unconfirmed,21339
DTB:7310206@2026,DTB,2026,7310206,Quan hệ quốc tế,7310206,,,60,unconfirmed,21345
DTB:7310630@2026,DTB,2026,7310630,Việt Nam học,7310630,,,30,unconfirmed,21351
DTB:7340101@2026,DTB,2026,7340101,Quản trị kinh doanh,7340101,,,150,unconfirmed,21357
DTB:7340201@2026,DTB,2026,7340201,Tài chính - Ngân hàng,7340201,,,50,unconfirmed,21363
DTB:7340301@2026,DTB,2026,7340301,Kế toán,7340301,,,100,unconfirmed,21369
DTB:7380101@2026,DTB,2026,7380101,Luật,7380101,,,100,unconfirmed,21375
DTB:7480201@2026,DTB,2026,7480201,Công nghệ thông tin,7480201,,,200,unconfirmed,21381
DTB:7510201@2026,DTB,2026,7510201,Công nghệ kỹ thuật cơ khí,7510201,,,250,unconfirmed,21387
DTB:7510205@2026,DTB,2026,7510205,Công nghệ kỹ thuật ô tô,7510205,,,30,unconfirmed,21393
DTB:7510301@2026,DTB,2026,7510301,"Công nghệ kỳ thuật điện, điện tử",7510301,,,250,unconfirmed,21399
DTB:7510303@2026,DTB,2026,7510303,Công nghệ kỹ thuật điều khiển và tự động hóa (*),7510303,,,30,unconfirmed,21405
DTB:7540204@2026,DTB,2026,7540204,"Công nghệ dệt, may",7540204,,,30,unconfirmed,21411
DTC:7210403@2026,DTC,2026,7210403,Thiết kế đồ họa,7210403,,,,unconfirmed,21423
DTC:7220201@2026,DTC,2026,7220201,Ngôn ngữ Anh (Tiếng Anh truyền thông),7220201,,,,unconfirmed,21429
DTC:7220201_AT@2026,DTC,2026,7220201_AT,Ngôn ngữ Anh (Song ngữ Anh – Trung),7220201,,,,unconfirmed,21435
DTC:7220204@2026,DTC,2026,7220204,Ngôn ngữ Trung Quốc (Tiếng Trung truyền thông),7220204,,,,unconfirmed,21441
DTC:7220204_KT@2026,DTC,2026,7220204_KT,Ngôn ngữ Trung Quốc (Tiếng Trung Kỹ thuật công nghệ),7220204,,,,unconfirmed,21447
DTC:7310109_TCS@2026,DTC,2026,7310109_TCS,Tài chính số (Fintech),7310109,,,,unconfirmed,21453
DTC:7320104@2026,DTC,2026,7320104,Truyền thông đa phương tiện,7320104,,,,unconfirmed,21459
DTC:7320104_NTS@2026,DTC,2026,7320104_NTS,Nghệ thuật số,7320104,,,,unconfirmed,21465
DTC:7320106@2026,DTC,2026,7320106,Công nghệ truyền thông,7320106,,,,unconfirmed,21471
DTC:7340101@2026,DTC,2026,7340101,Quản trị kinh doanh số,7340101,,,,unconfirmed,21477
DTC:7340122@2026,DTC,2026,7340122,Thương mại điện tử,7340122,,,,unconfirmed,21483
DTC:7340122_TD@2026,DTC,2026,7340122_TD,Marketing số,7340122,,,,unconfirmed,21489
DTC:7340405@2026,DTC,2026,7340405,Quản lý logistics và chuỗi cung ứng,7340405,,,,unconfirmed,21495
DTC:7340406@2026,DTC,2026,7340406,Quản trị văn phòng,7340406,,,,unconfirmed,21501
DTC:7480101@2026,DTC,2026,7480101,Khoa học máy tính,7480101,,,,unconfirmed,21507
DTC:7480103@2026,DTC,2026,7480103,Kỹ thuật phần mềm,7480103,,,,unconfirmed,21513
DTC:7480103_KNU@2026,DTC,2026,7480103_KNU,Kỹ thuật phần mềm liên kết quốc tế - KNU,7480103,,,,unconfirmed,21519
DTC:7480107@2026,DTC,2026,7480107,Trí tuệ nhân tạo,7480107,,,,unconfirmed,21525
DTC:7480107_QT@2026,DTC,2026,7480107_QT,Trí tuệ nhân tạo quốc tế (AI Global),7480107,,,,unconfirmed,21531
DTC:7480108@2026,DTC,2026,7480108,Kỹ thuật máy tính,7480108,,,,unconfirmed,21537
DTC:7480201@2026,DTC,2026,7480201,Công nghệ thông tin,7480201,,,,unconfirmed,21543
DTC:7480201_QT@2026,DTC,2026,7480201_QT,Công nghệ thông tin quốc tế (IT Global),7480201,,,,unconfirmed,21549
DTC:7480201_TD@2026,DTC,2026,7480201_TD,Công nghệ thông tin trọng điểm (IT Core),7480201,,,,unconfirmed,21555
DTC:7480202@2026,DTC,2026,7480202,An ninh mạng,7480202,,,,unconfirmed,21561
DTC:7510205@2026,DTC,2026,7510205,Công nghệ ô tô,7510205,,,,unconfirmed,21567
DTC:7510205_OT@2026,DTC,2026,7510205_OT,Công nghệ ô tô điện (hợp tác Vinfast),7510205,,,,unconfirmed,21573
DTC:7510301@2026,DTC,2026,7510301,"Kỹ thuật điện, điện tử",7510301,,,,unconfirmed,21579
DTC:7510302@2026,DTC,2026,7510302,Điện tử - viễn thông,7510302,,,,unconfirmed,21585
DTC:7510302_V@2026,DTC,2026,7510302_V,Vi mạch bán dẫn,7510302,,,,unconfirmed,21591
DTC:7510303@2026,DTC,2026,7510303,Tự động hóa,7510303,,,,unconfirmed,21597
DTC:7520119@2026,DTC,2026,7520119,Cơ điện tử,7520119,,,,unconfirmed,21603
DTD:7210403@2026,DTD,2026,7210403,Thiết kế đồ họa,7210403,,,,unconfirmed,21615
DTD:7220201@2026,DTD,2026,7220201,Ngôn ngữ Anh,7220201,,,,unconfirmed,21621
DTD:7229030@2026,DTD,2026,7229030,Văn học,7229030,,,,unconfirmed,21627
DTD:7310630@2026,DTD,2026,7310630,Việt Nam học,7310630,,,,unconfirmed,21633
DTD:7320104@2026,DTD,2026,7320104,Truyền thông đa phương tiện,7320104,,,,unconfirmed,21639
DTD:7340101@2026,DTD,2026,7340101,Quản trị kinh doanh,7340101,,,,unconfirmed,21645
DTD:7340115@2026,DTD,2026,7340115,Marketing,7340115,,,,unconfirmed,21651
DTD:7340120@2026,DTD,2026,7340120,Kinh doanh quốc tế,7340120,,,,unconfirmed,21657
DTD:7340201@2026,DTD,2026,7340201,Tài chính - Ngân hàng,7340201,,,,unconfirmed,21663
DTD:7340301@2026,DTD,2026,7340301,Kế toán,7340301,,,,unconfirmed,21669
DTD:7380107@2026,DTD,2026,7380107,Luật kinh tế,7380107,,,,unconfirmed,21675
DTD:7480201@2026,DTD,2026,7480201,Công nghệ thông tin,7480201,,,,unconfirmed,21681
DTD:7510102@2026,DTD,2026,7510102,Công nghệ kỹ thuật công trình xây dựng,7510102,,,,unconfirmed,21687
DTD:7510301@2026,DTD,2026,7510301,"Công nghệ kỹ thuật điện, điện tử",7510301,,,,unconfirmed,21693
DTD:7510605@2026,DTD,2026,7510605,Logistics và quản lý chuỗi cung ứng,7510605,,,,unconfirmed,21699
DTD:7540101@2026,DTD,2026,7540101,Công nghệ thực phẩm,7540101,,,,unconfirmed,21705
DTD:7620301@2026,DTD,2026,7620301,Nuôi trồng thuỷ sản,7620301,,,,unconfirmed,21711
DTD:7640101@2026,DTD,2026,7640101,Thú y,7640101,,,,unconfirmed,21717
DTD:7720201@2026,DTD,2026,7720201,Dược học,7720201,,,,unconfirmed,21723
DTD:7720301@2026,DTD,2026,7720301,Điều dưỡng,7720301,,,,unconfirmed,21729
DTD:7720401@2026,DTD,2026,7720401,Dinh dưỡng,7720401,,,,unconfirmed,21735
DTD:7810101@2026,DTD,2026,7810101,Du lịch,7810101,,,,unconfirmed,21741
DTD:7810103@2026,DTD,2026,7810103,Quản trị dịch vụ du lịch và lữ hành,7810103,,,,unconfirmed,21747
DTD:7810201@2026,DTD,2026,7810201,Quản trị khách sạn,7810201,,,,unconfirmed,21753
DTD:7850103@2026,DTD,2026,7850103,Quản lý đất đai,7850103,,,,unconfirmed,21759
DTE:7340122@2026,DTE,2026,7340122,Thương mại điện tử,7340122,,,150,unconfirmed,21771
DTE:7310101@2026,DTE,2026,7310101,Kinh tế,7310101,,,100,unconfirmed,21777
DTE:7310104@2026,DTE,2026,7310104,Kinh tế đầu tư,7310104,,,50,unconfirmed,21783
DTE:7310105@2026,DTE,2026,7310105,Kinh tế phát triển,7310105,,,30,unconfirmed,21789
DTE:7310109@2026,DTE,2026,7310109,Kinh tế số,7310109,,,50,unconfirmed,21795
DTE:7310110@2026,DTE,2026,7310110,Quản lý kinh tế,7310110,,,30,unconfirmed,21801
DTE:7340101@2026,DTE,2026,7340101,Quản trị kinh doanh,7340101,,,260,unconfirmed,21807
DTE:7340115@2026,DTE,2026,7340115,Quản trị Marketing,7340115,,,260,unconfirmed,21813
DTE:7340120@2026,DTE,2026,7340120,Kinh doanh quốc tế,7340120,,,50,unconfirmed,21819
DTE:7340122~2@2026,DTE,2026,7340122,Thương mại điện tử,7340122,,,150,unconfirmed,21825
DTE:7340201@2026,DTE,2026,7340201,Tài chính - Ngân hàng,7340201,,,200,unconfirmed,21831
DTE:7340205@2026,DTE,2026,7340205,Công nghệ tài chính,7340205,,,50,unconfirmed,21837
DTE:7340301@2026,DTE,2026,7340301,Kế toán,7340301,,,500,unconfirmed,21843
DTE:7340403@2026,DTE,2026,7340403,Quản lý công,7340403,,,20,unconfirmed,21849
DTE:7340404@2026,DTE,2026,7340404,Quản trị nhân lực,7340404,,,400,unconfirmed,21855
DTE:7380107@2026,DTE,2026,7380107,Luật kinh tế,7380107,,,300,unconfirmed,21861
DTE:7460108@2026,DTE,2026,7460108,Khoa học dữ liệu,7460108,,,20,unconfirmed,21867
DTE:7510605@2026,DTE,2026,7510605,Logistics và Quản lý chuỗi cung ứng,7510605,,,300,unconfirmed,21873
DTE:7810103@2026,DTE,2026,7810103,Quản trị kinh doanh khách sạn và du lịch,7810103,,,200,unconfirmed,21879
DTE:7810103-TA@2026,DTE,2026,7810103-TA,Quản trị du lịch và khách sạn (dạy và học bằng tiếng Anh),7810103,,,30,unconfirmed,21885
DTE:7340101-TA@2026,DTE,2026,7340101-TA,Quản trị kinh doanh (dạy và học bằng tiếng Anh),7340101,,,50,unconfirmed,21891
DTE:7340115-TA@2026,DTE,2026,7340115-TA,Quản trị marketing (dạy và học bằng tiếng Anh),7340115,,,30,unconfirmed,21897
DTE:7340201-TA@2026,DTE,2026,7340201-TA,Tài chính (dạy và học bằng tiếng Anh),7340201,,,30,unconfirmed,21903
DTE:7810103-TA~2@2026,DTE,2026,7810103-TA,Quản trị du lịch và khách sạn (dạy và học bằng tiếng Anh),7810103,,,30,unconfirmed,21909
DTE:7810103-HG@2026,DTE,2026,7810103-HG,Quản trị kinh doanh khách sạn và du lịch (học tại phân hiệu ĐHTN tại tỉnh Hà Giang),7810103,,,30,unconfirmed,21915
DTE:7340122-TQ@2026,DTE,2026,7340122-TQ,Thương mại điện tử xuyên biên giới,7340122,,,50,unconfirmed,21921
DTE:7510606-TQ@2026,DTE,2026,7510606-TQ,Logistics Quốc tế,7510606,,,150,unconfirmed,21927
DTF:7140231@2026,DTF,2026,7140231,Sư phạm Tiếng Anh Chương trình đào tạo: Sư phạm Tiếng Anh,7140231,,,,unconfirmed,21939
DTF:7140234@2026,DTF,2026,7140234,Sư phạm Tiếng Trung Quốc Chương trình đào tạo: Sư phạm Tiếng Trung Quốc,7140234,,,,unconfirmed,21945
DTF:7220201@2026,DTF,2026,7220201,Ngôn ngữ Anh Chương trình đào tạo: - Ngôn ngữ Anh - Song ngữ Anh-Hàn - Tiếng Anh du lịch,7220201,,,,unconfirmed,21951
DTF:7220204@2026,DTF,2026,7220204,Ngôn ngữ Trung Quốc Chương trình đào tạo: - Ngôn ngữ Trung Quốc - Song ngữ Trung-Anh - Song ngữ Trung-Hàn - Tiếng Trung Quốc du lịch,7220204,,,,unconfirmed,21957
DTF:7220210@2026,DTF,2026,7220210,Ngôn ngữ Hàn Quốc Chương trình đào tạo: Ngôn ngữ Hàn Quốc,7220210,,,,unconfirmed,21963
DTK:7220201@2026,DTK,2026,7220201,Ngôn ngữ Anh,7220201,,,40,unconfirmed,21975
DTK:7480106@2026,DTK,2026,7480106,Kỹ thuật máy tính (4 chuyên ngành: Công nghệ dữ liệu và trí tuệ nhân tạo; Công nghệ phần mềm; Hệ thống nhúng và IoT; Tin học công nghiệp),7480106,,,120,unconfirmed,21981
DTK:7510201@2026,DTK,2026,7510201,Công nghệ sản xuất tự động (Ngành Công nghệ kỹ thuật cơ khí),7510201,,,130,unconfirmed,21987
DTK:7510202@2026,DTK,2026,7510202,Công nghệ chế tạo máy (Chuyên ngành Công nghệ chế tạo máy),7510202,,,60,unconfirmed,21993
DTK:7510205@2026,DTK,2026,7510205,Công nghệ kỹ thuật ô tô (03 chuyên ngành Công nghệ ô tô; Cơ điện tử ô tô; Công nghệ nhiệt lạnh),7510205,,,250,unconfirmed,21999
DTK:7510301@2026,DTK,2026,7510301,"Công nghệ kỹ thuật điện, điện tử (Chuyên ngành: Công nghệ kỹ thuật điện)",7510301,,,300,unconfirmed,22005
DTK:7510303@2026,DTK,2026,7510303,Công nghệ kỹ thuật điều khiển và tự động hóa (Chuyên ngành CN Kỹ thuật điều khiển và tự động hóa),7510303,,,350,unconfirmed,22011
DTK:7510601@2026,DTK,2026,7510601,Quản lý công nghiệp (Chuyên ngành: Quản lý công nghiệp),7510601,,,80,unconfirmed,22017
DTK:7510604@2026,DTK,2026,7510604,Kinh tế công nghiệp (02 chuyên ngành: Kế toán doanh nghiệp công nghiệp; Quản trị doanh nghiệp công nghiệp),7510604,,,40,unconfirmed,22023
DTK:7520103@2026,DTK,2026,7520103,Kỹ thuật cơ khí (Chuyên ngành cơ khí chế tạo máy),7520103,,,200,unconfirmed,22029
DTK:7520107@2026,DTK,2026,7520107,Kỹ thuật Robot,7520107,,,30,unconfirmed,22035
DTK:7520114@2026,DTK,2026,7520114,Kỹ thuật cơ điện tử (Chuyên ngành Cơ điện tử),7520114,,,300,unconfirmed,22041
DTK:7520116@2026,DTK,2026,7520116,Kỹ thuật ô tô điện và điều khiển thông minh (Ngành Kỹ thuật cơ khí động lực),7520116,,,30,unconfirmed,22047
DTK:7520201@2026,DTK,2026,7520201,Kỹ thuật điện (Chuyên ngành: Hệ thống điện),7520201,,,60,unconfirmed,22053
DTK:7520207@2026,DTK,2026,7520207,Kỹ thuật điện tử - viễn thông (05 chuyên ngành: Hệ thống điện tử thông minh và IoT; Kỹ thuật điện tử; Điện tử viễn thông; Quản trị mạng và truyền thông; Truyền thông và mạng máy tính),7520207,,,100,unconfirmed,22059
DTK:7520216@2026,DTK,2026,7520216,Kỹ thuật điều khiển và tự động hóa (02 chuyên ngành: Tự động hóa công nghiệp; Kỹ thuật điều khiển),7520216,,,500,unconfirmed,22065
DTK:7520309@2026,DTK,2026,7520309,Kỹ thuật vật liệu (Chuyên ngành Kỹ thuật vật liệu),7520309,,,50,unconfirmed,22071
DTK:7520320@2026,DTK,2026,7520320,Quản lý môi trường công nghiệp và đô thị (Ngành Kỹ thuật môi trường),7520320,,,30,unconfirmed,22077
DTK:7580201@2026,DTK,2026,7580201,Kỹ thuật xây dựng (Chuyên ngành Xây dựng dân dụng và công nghiệp),7580201,,,30,unconfirmed,22083
DTK:7905218@2026,DTK,2026,7905218,Tự động hóa cơ khí (Ngành Kỹ thuật cơ khí - CTTT),7905218,,,40,unconfirmed,22089
DTK:7905228@2026,DTK,2026,7905228,Kỹ thuật điện tự động hóa công nghiệp (Ngành Kỹ thuật điện - CTTT),7905228,,,30,unconfirmed,22095
DTL:7210205@2026,DTL,2026,7210205,Thanh nhạc,7210205,,,40,unconfirmed,22107
DTL:7210403@2026,DTL,2026,7210403,Thiết kế đồ hoạ,7210403,,,60,unconfirmed,22113
DTL:7220201@2026,DTL,2026,7220201,Ngôn ngữ Anh,7220201,,,140,unconfirmed,22119
DTL:7220204@2026,DTL,2026,7220204,Ngôn ngữ Trung Quốc,7220204,,,180,unconfirmed,22125
DTL:7220209@2026,DTL,2026,7220209,Ngôn ngữ Nhật,7220209,,,100,unconfirmed,22131
DTL:7220210@2026,DTL,2026,7220210,Ngôn ngữ Hàn Quốc,7220210,,,180,unconfirmed,22137
DTL:7310106@2026,DTL,2026,7310106,Kinh tế quốc tế,7310106,,,105,unconfirmed,22143
DTL:7310630@2026,DTL,2026,7310630,Việt Nam học,7310630,,,80,unconfirmed,22149
DTL:7320104@2026,DTL,2026,7320104,Truyền thông đa phương tiện,7320104,,,180,unconfirmed,22155
DTL:7340101@2026,DTL,2026,7340101,Quản trị kinh doanh,7340101,,,180,unconfirmed,22161
DTL:7340101A@2026,DTL,2026,7340101A,Quản trị kinh doanh định hướng chuẩn nghề nghiệp quốc tế,7340101,,,35,unconfirmed,22167
DTL:7340115@2026,DTL,2026,7340115,Marketing,7340115,,,140,unconfirmed,22173
DTL:7340122@2026,DTL,2026,7340122,Thương mại điện tử,7340122,,,70,unconfirmed,22179
DTL:7340201@2026,DTL,2026,7340201,Tài chính - Ngân hàng,7340201,,,140,unconfirmed,22185
DTL:7340301@2026,DTL,2026,7340301,Kế toán,7340301,,,180,unconfirmed,22191
DTL:7340301A@2026,DTL,2026,7340301A,Kế toán định hướng chứng chỉ quốc tế ACCA,7340301,,,35,unconfirmed,22197
DTL:7380107@2026,DTL,2026,7380107,Luật kinh tế,7380107,,,140,unconfirmed,22203
DTL:7480101@2026,DTL,2026,7480101,Khoa học máy tính,7480101,,,70,unconfirmed,22209
DTL:7480104@2026,DTL,2026,7480104,Hệ thống thông tin,7480104,,,35,unconfirmed,22215
DTL:7480201@2026,DTL,2026,7480201,Công nghệ thông tin,7480201,,,210,unconfirmed,22221
DTL:7480207@2026,DTL,2026,7480207,Trí tuệ nhân tạo,7480207,,,70,unconfirmed,22227
DTL:7510605@2026,DTL,2026,7510605,Logistics và quản lý chuỗi cung ứng,7510605,,,175,unconfirmed,22233
DTL:7720301@2026,DTL,2026,7720301,Điều dưỡng,7720301,,,160,unconfirmed,22239
DTL:7810103@2026,DTL,2026,7810103,Quản trị dịch vụ du lịch và lữ hành,7810103,,,150,unconfirmed,22245
DTL:7810201@2026,DTL,2026,7810201,Quản trị khách sạn,7810201,,,150,unconfirmed,22251
DTM:7340101@2026,DTM,2026,7340101,Quản trị kinh doanh,7340101,,,400,unconfirmed,22263
DTM:7340116@2026,DTM,2026,7340116,Bất động sản,7340116,,,200,unconfirmed,22269
DTM:7440201@2026,DTM,2026,7440201,Địa chất học,7440201,,,100,unconfirmed,22275
DTM:7440221@2026,DTM,2026,7440221,Biến đổi khí hậu,7440221,,,30,unconfirmed,22281
DTM:7440222@2026,DTM,2026,7440222,Khí tượng và Khí hậu học,7440222,,,50,unconfirmed,22287
DTM:7440224@2026,DTM,2026,7440224,Thủy văn học,7440224,,,30,unconfirmed,22293
DTM:7480104@2026,DTM,2026,7480104,Hệ thống thông tin,7480104,,,100,unconfirmed,22299
DTM:7480201@2026,DTM,2026,7480201,Công nghệ thông tin,7480201,,,300,unconfirmed,22305
DTM:7510401@2026,DTM,2026,7510401,Công nghệ kỹ thuật hóa học,7510401,,,100,unconfirmed,22311
DTM:7510402@2026,DTM,2026,7510402,Công nghệ vật liệu,7510402,,,25,unconfirmed,22317
DTM:7510406@2026,DTM,2026,7510406,Công nghệ kỹ thuật môi trường,7510406,,,175,unconfirmed,22323
DTM:7510605@2026,DTM,2026,7510605,Logistic và quản lý chuỗi cung ứng,7510605,,,300,unconfirmed,22329
DTM:7520503@2026,DTM,2026,7520503,Kỹ thuật trắc địa - bản đồ,7520503,,,200,unconfirmed,22335
DTM:7580106@2026,DTM,2026,7580106,Quản lý đô thị và công trình,7580106,,,100,unconfirmed,22341
DTM:7580213@2026,DTM,2026,7580213,Kỹ thuật cấp thoát nước,7580213,,,100,unconfirmed,22347
DTM:7850101@2026,DTM,2026,7850101,Quản lý tài nguyên và môi trường,7850101,,,300,unconfirmed,22353
DTM:7850102@2026,DTM,2026,7850102,Kinh tế tài nguyên thiên nhiên,7850102,,,70,unconfirmed,22359
DTM:7850103@2026,DTM,2026,7850103,Quản lý đất đai,7850103,,,350,unconfirmed,22365
DTM:7850197@2026,DTM,2026,7850197,Quản lý tài nguyên và môi trường biển đảo,7850197,,,25,unconfirmed,22371
DTM:7850198@2026,DTM,2026,7850198,Quản lý tài nguyên nước,7850198,,,25,unconfirmed,22377
DTN:7220201@2026,DTN,2026,7220201,Ngôn ngữ Anh,7220201,,,,unconfirmed,22389
DTN:7310110@2026,DTN,2026,7310110,Quản lý kinh tế,7310110,,,,unconfirmed,22395
DTN:7320205@2026,DTN,2026,7320205,Quản lý thông tin,7320205,,,,unconfirmed,22401
DTN:7340301@2026,DTN,2026,7340301,Kế toán,7340301,,,,unconfirmed,22407
DTN:7420201@2026,DTN,2026,7420201,Công nghệ sinh học,7420201,,,,unconfirmed,22413
DTN:7440301@2026,DTN,2026,7440301,Khoa học môi trường,7440301,,,,unconfirmed,22419
DTN:7480201@2026,DTN,2026,7480201,Công nghệ thông tin,7480201,,,,unconfirmed,22425
DTN:7540101@2026,DTN,2026,7540101,Công nghệ thực phẩm,7540101,,,,unconfirmed,22431
DTN:7540106@2026,DTN,2026,7540106,Đảm bảo chất lượng và an toàn thực phẩm,7540106,,,,unconfirmed,22437
DTN:7549002@2026,DTN,2026,7549002,Dược liệu và hợp chất thiên nhiên,7549002,,,,unconfirmed,22443
DTN:7580109@2026,DTN,2026,7580109,Quản lý phát triển đô thị và bất động sản,7580109,,,,unconfirmed,22449
DTN:7620101@2026,DTN,2026,7620101,Nông nghiệp công nghệ cao,7620101,,,,unconfirmed,22455
DTN:7620105@2026,DTN,2026,7620105,Chăn nuôi thú y,7620105,,,,unconfirmed,22461
DTN:7620110@2026,DTN,2026,7620110,Khoa học cây trồng,7620110,,,,unconfirmed,22467
DTN:7620115@2026,DTN,2026,7620115,Kinh tế nông nghiệp,7620115,,,,unconfirmed,22473
DTN:7620205@2026,DTN,2026,7620205,Lâm sinh,7620205,,,,unconfirmed,22479
DTN:7620211@2026,DTN,2026,7620211,Quản lý tài nguyên rừng,7620211,,,,unconfirmed,22485
DTN:7640101@2026,DTN,2026,7640101,Thú y,7640101,,,,unconfirmed,22491
DTN:7810204@2026,DTN,2026,7810204,Quản lý du lịch quốc tế (CTTT),7810204,,,,unconfirmed,22497
DTN:7850101@2026,DTN,2026,7850101,Quản lý tài nguyên và môi trường,7850101,,,,unconfirmed,22503
DTN:7850103@2026,DTN,2026,7850103,Quản lý đất đai,7850103,,,,unconfirmed,22509
DTN:7904492@2026,DTN,2026,7904492,Khoa học và quản lý môi trường (CTTT),7904492,,,,unconfirmed,22515
DTN:7905419@2026,DTN,2026,7905419,Công nghệ thực phẩm (CTTT),7905419,,,,unconfirmed,22521
DTP:7140201@2026,DTP,2026,7140201,Giáo dục Mầm non,7140201,,,250,unconfirmed,22532
DTP:7140202@2026,DTP,2026,7140202,Giáo dục Tiểu học (CT đại trà),7140202,,,170,unconfirmed,22538
DTP:7140202~2@2026,DTP,2026,7140202,Giáo dục Tiểu học (chương trình dạy và học bằng tiếng Anh),7140202,,,,unconfirmed,22544
DTP:7220204@2026,DTP,2026,7220204,Ngôn ngữ Trung Quốc,7220204,,,160,unconfirmed,22550
DTP:7310101@2026,DTP,2026,7310101,Kinh tế,7310101,,,50,unconfirmed,22556
DTP:7310109@2026,DTP,2026,7310109,Kinh tế số,7310109,,,70,unconfirmed,22562
DTP:7480201@2026,DTP,2026,7480201,Công nghệ thông tin,7480201,,,50,unconfirmed,22568
DTP:7620105@2026,DTP,2026,7620105,Chăn nuôi,7620105,,,30,unconfirmed,22574
DTP:7620110@2026,DTP,2026,7620110,Khoa học cây trồng,7620110,,,30,unconfirmed,22580
DTP:7640101@2026,DTP,2026,7640101,Thú y,7640101,,,50,unconfirmed,22586
DTP:7810103@2026,DTP,2026,7810103,Quản trị DV Du lịch & Lữ hành,7810103,,,150,unconfirmed,22592
DTP:7850101@2026,DTP,2026,7850101,QL tài nguyên & Môi trường,7850101,,,50,unconfirmed,22598
DTQ:7220201@2026,DTQ,2026,7220201,Ngôn ngữ Anh Quốc,7220201,,,150,unconfirmed,22610
DTQ:7220204@2026,DTQ,2026,7220204,Ngôn ngữ Trung Quốc,7220204,,,150,unconfirmed,22616
DTQ:7310601@2026,DTQ,2026,7310601,Quốc tế học,7310601,,,20,unconfirmed,22622
DTQ:7340101@2026,DTQ,2026,7340101,Quản trị kinh doanh,7340101,,,30,unconfirmed,22628
DTQ:7340120@2026,DTQ,2026,7340120,Kinh doanh quốc tế,7340120,,,40,unconfirmed,22634
DTQ:7340205@2026,DTQ,2026,7340205,Công nghệ tài chính,7340205,,,20,unconfirmed,22640
DTQ:7340301@2026,DTQ,2026,7340301,Kế toán,7340301,,,20,unconfirmed,22646
DTQ:7510406@2026,DTQ,2026,7510406,Công nghệ kỹ thuật môi trường,7510406,,,40,unconfirmed,22652
DTQ:7850101@2026,DTQ,2026,7850101,Quản lý Tài nguyên và Môi trường,7850101,,,20,unconfirmed,22658
DTS:7140101@2026,DTS,2026,7140101,Giáo dục học,7140101,,,60,unconfirmed,22670
DTS:7140201@2026,DTS,2026,7140201,Giáo dục Mầm non,7140201,,,500,unconfirmed,22676
DTS:7140202@2026,DTS,2026,7140202,Giáo dục Tiểu học,7140202,,,500,unconfirmed,22682
DTS:7140204@2026,DTS,2026,7140204,Giáo dục Công dân,7140204,,,150,unconfirmed,22688
DTS:7140205@2026,DTS,2026,7140205,Giáo dục Chính trị,7140205,,,60,unconfirmed,22694
DTS:7140206@2026,DTS,2026,7140206,Giáo dục Thể chất,7140206,,,120,unconfirmed,22700
DTS:7140207@2026,DTS,2026,7140207,Huấn luyện thể thao,7140207,,,50,unconfirmed,22706
DTS:7140208@2026,DTS,2026,7140208,GD Quốc phòng - An ninh (Mở mới 2026),7140208,,,50,unconfirmed,22712
DTS:7140209@2026,DTS,2026,7140209,Sư phạm Toán học,7140209,,,150,unconfirmed,22718
DTS:7140210@2026,DTS,2026,7140210,Sư phạm Tin học,7140210,,,120,unconfirmed,22724
DTS:7140211@2026,DTS,2026,7140211,Sư phạm Vật lý,7140211,,,90,unconfirmed,22730
DTS:7140212@2026,DTS,2026,7140212,Sư phạm Hoá học,7140212,,,150,unconfirmed,22736
DTS:7140213@2026,DTS,2026,7140213,Sư phạm Sinh học,7140213,,,90,unconfirmed,22742
DTS:7140217@2026,DTS,2026,7140217,Sư phạm Ngữ văn,7140217,,,150,unconfirmed,22748
DTS:7140218@2026,DTS,2026,7140218,Sư phạm Lịch sử,7140218,,,90,unconfirmed,22754
DTS:7140219@2026,DTS,2026,7140219,Sư phạm Địa lý,7140219,,,90,unconfirmed,22760
DTS:7140221@2026,DTS,2026,7140221,Sư phạm Âm nhạc,7140221,,,70,unconfirmed,22766
DTS:7140231@2026,DTS,2026,7140231,Sư phạm Tiếng Anh,7140231,,,120,unconfirmed,22772
DTS:7140246@2026,DTS,2026,7140246,Sư phạm Công nghệ (Mở mới 2026),7140246,,,50,unconfirmed,22778
DTS:7140247@2026,DTS,2026,7140247,Sư phạm KHTN,7140247,,,120,unconfirmed,22784
DTS:7140249@2026,DTS,2026,7140249,Sư phạm Lịch sử - Địa lý,7140249,,,120,unconfirmed,22790
DTS:7310403@2026,DTS,2026,7310403,Tâm lí học giáo dục,7310403,,,60,unconfirmed,22796
DTS:7420203@2026,DTS,2026,7420203,Sinh học ứng dụng,7420203,,,50,unconfirmed,22802
DTT:7210403@2026,DTT,2026,7210403,Thiết kế đồ họa,7210403,,,,unconfirmed,22814
DTT:7210404@2026,DTT,2026,7210404,Thiết kế thời trang,7210404,,,,unconfirmed,22820
DTT:7210408@2026,DTT,2026,7210408,Nghệ thuật số (Chuyên ngành Thiết kế truyền thông số),7210408,,,,unconfirmed,22826
DTT:7220201@2026,DTT,2026,7220201,Ngôn ngữ Anh,7220201,,,,unconfirmed,22832
DTT:7220204@2026,DTT,2026,7220204,Ngôn ngữ Trung Quốc,7220204,,,,unconfirmed,22838
DTT:7310206@2026,DTT,2026,7310206,Quan hệ quốc tế,7310206,,,,unconfirmed,22844
DTT:7310301@2026,DTT,2026,7310301,Xã hội học,7310301,,,,unconfirmed,22850
DTT:7340101@2026,DTT,2026,7340101,Quản trị kinh doanh (Chuyên ngành Quản trị nhà hàng - khách sạn),7340101,,,,unconfirmed,22856
DTT:7340101C@2026,DTT,2026,7340101C,Quản trị kinh doanh (Chuyên ngành Quản trị chuỗi cung ứng),7340101,,,,unconfirmed,22862
DTT:7340115@2026,DTT,2026,7340115,Marketing,7340115,,,,unconfirmed,22868
DTT:7340120@2026,DTT,2026,7340120,Kinh doanh quốc tế,7340120,,,,unconfirmed,22874
DTT:7340201@2026,DTT,2026,7340201,Tài chính - Ngân hàng,7340201,,,,unconfirmed,22880
DTT:7340201Q@2026,DTT,2026,7340201Q,Tài chính - Ngân hàng (Chuyên ngành Tài chính quốc tế),7340201,,,,unconfirmed,22886
DTT:7340205@2026,DTT,2026,7340205,Công nghệ tài chính,7340205,,,,unconfirmed,22892
DTT:7340301@2026,DTT,2026,7340301,Kế toán,7340301,,,,unconfirmed,22898
DTT:7340302@2026,DTT,2026,7340302,Kiểm toán (Chuyên ngành Kiểm toán và Phân tích dữ liệu),7340302,,,,unconfirmed,22904
DTT:7340404@2026,DTT,2026,7340404,Quản trị nhân lực,7340404,,,,unconfirmed,22910
DTT:7340408@2026,DTT,2026,7340408,"Quan hệ lao động (Chuyên ngành Quản lý quan hệ lao động, Chuyên ngành Hành vi tổ chức)",7340408,,,,unconfirmed,22916
DTT:7380101@2026,DTT,2026,7380101,Luật,7380101,,,,unconfirmed,22922
DTT:7420201@2026,DTT,2026,7420201,Công nghệ sinh học,7420201,,,,unconfirmed,22928
DTT:7420204@2026,DTT,2026,7420204,Khoa học y sinh,7420204,,,,unconfirmed,22934
DTT:7440301@2026,DTT,2026,7440301,Khoa học môi trường,7440301,,,,unconfirmed,22940
DTT:7460108@2026,DTT,2026,7460108,Khoa học dữ liệu,7460108,,,,unconfirmed,22946
DTT:7460112@2026,DTT,2026,7460112,Toán ứng dụng,7460112,,,,unconfirmed,22952
DTT:7460201@2026,DTT,2026,7460201,Thống kê,7460201,,,,unconfirmed,22958
DTT:7480101@2026,DTT,2026,7480101,Khoa học máy tính,7480101,,,,unconfirmed,22964
DTT:7480102@2026,DTT,2026,7480102,Mạng máy tính và truyền thông dữ liệu,7480102,,,,unconfirmed,22970
DTT:7480103@2026,DTT,2026,7480103,Kỹ thuật phần mềm,7480103,,,,unconfirmed,22976
DTT:7480104@2026,DTT,2026,7480104,Hệ thống thông tin,7480104,,,,unconfirmed,22982
DTT:7520114@2026,DTT,2026,7520114,Kỹ thuật cơ điện tử,7520114,,,,unconfirmed,22988
DTT:7520201@2026,DTT,2026,7520201,Kỹ thuật điện,7520201,,,,unconfirmed,22994
DTT:7520207@2026,DTT,2026,7520207,Kỹ thuật điện tử - viễn thông,7520207,,,,unconfirmed,23000
DTT:7520207T@2026,DTT,2026,7520207T,Kỹ thuật điện tử - viễn thông (Chuyên ngành Kỹ thuật thiết kế vi mạch bán dẫn),7520207,,,,unconfirmed,23006
DTT:7520216@2026,DTT,2026,7520216,Kỹ thuật điều khiển và tự động hóa,7520216,,,,unconfirmed,23012
DTT:7520301@2026,DTT,2026,7520301,Kỹ thuật hóa học,7520301,,,,unconfirmed,23018
DTT:7520320@2026,DTT,2026,7520320,Kỹ thuật môi trường (Chuyên ngành Môi trường và Phát triển bền vững),7520320,,,,unconfirmed,23024
DTT:7580101@2026,DTT,2026,7580101,Kiến trúc,7580101,,,,unconfirmed,23030
DTT:7580104@2026,DTT,2026,7580104,Kiến trúc đô thị,7580104,,,,unconfirmed,23036
DTT:7580105@2026,DTT,2026,7580105,Quy hoạch vùng và đô thị,7580105,,,,unconfirmed,23042
DTT:7580108@2026,DTT,2026,7580108,Thiết kế nội thất,7580108,,,,unconfirmed,23048
DTT:7580201@2026,DTT,2026,7580201,Kỹ thuật xây dựng,7580201,,,,unconfirmed,23054
DTT:7580205@2026,DTT,2026,7580205,Kỹ thuật xây dựng công trình giao thông,7580205,,,,unconfirmed,23060
DTT:7580302@2026,DTT,2026,7580302,Quản lý xây dựng,7580302,,,,unconfirmed,23066
DTT:7720201@2026,DTT,2026,7720201,Dược học,7720201,,,,unconfirmed,23072
DTT:7760101@2026,DTT,2026,7760101,Công tác xã hội,7760101,,,,unconfirmed,23078
DTT:7810101@2026,DTT,2026,7810101,Du lịch (Chuyên ngành Quản lý du lịch),7810101,,,,unconfirmed,23084
DTT:7810101H@2026,DTT,2026,7810101H,Du lịch (Chuyên ngành Hướng dẫn du lịch),7810101,,,,unconfirmed,23090
DTT:7810301@2026,DTT,2026,7810301,Quản lý thể dục thể thao (Chuyên ngành Kinh doanh thể thao và tổ chức sự kiện),7810301,,,,unconfirmed,23096
DTT:7810301G@2026,DTT,2026,7810301G,Quản lý thể dục thể thao (Chuyên ngành Golf),7810301,,,,unconfirmed,23102
DTT:7810301T@2026,DTT,2026,7810301T,Quản lý thể dục thể thao (Chuyên ngành Truyền thông và tiếp thị thể thao),7810301,,,,unconfirmed,23108
DTT:7850201@2026,DTT,2026,7850201,Bảo hộ lao động,7850201,,,,unconfirmed,23114
DTT:D7340101@2026,DTT,2026,D7340101,Quản trị kinh doanh (Chuyên ngành: Quản trị nhà hàng - khách sạn) - Chương trình dự bị đại học bằng tiếng Anh,,,,,unconfirmed,23120
DTT:D7340115@2026,DTT,2026,D7340115,Marketing - Chương trình dự bị đại học bằng tiếng Anh,,,,,unconfirmed,23125
DTT:D7340120@2026,DTT,2026,D7340120,Kinh doanh quốc tế - Chương trình dự bị đại học bằng tiếng Anh,,,,,unconfirmed,23130
DTT:D7340201@2026,DTT,2026,D7340201,Tài chính ngân hàng - Chương trình dự bị đại học bằng tiếng Anh,,,,,unconfirmed,23135
DTT:D7340301@2026,DTT,2026,D7340301,Kế toán (Chuyên ngành: Kế toán quốc tế) - Chương trình dự bị đại học bằng tiếng Anh,,,,,unconfirmed,23140
DTT:D7420201@2026,DTT,2026,D7420201,Công nghệ sinh học - Chương trình dự bị đại học bằng tiếng Anh,,,,,unconfirmed,23145
DTT:D7480101@2026,DTT,2026,D7480101,Khoa học máy tính - Chương trình dự bị đại học bằng tiếng Anh,,,,,unconfirmed,23150
DTT:D7480103@2026,DTT,2026,D7480103,Kỹ thuật phần mềm - Chương trình dự bị đại học bằng tiếng Anh,,,,,unconfirmed,23155
DTT:D7520216@2026,DTT,2026,D7520216,Kỹ thuật điều khiển và tự động hóa - Chương trình dự bị đại học bằng tiếng Anh,,,,,unconfirmed,23160
DTT:D7580201@2026,DTT,2026,D7580201,Kỹ thuật xây dựng - Chương trình dự bị đại học bằng tiếng Anh,,,,,unconfirmed,23165
DTT:F7210403@2026,DTT,2026,F7210403,Thiết kế đồ họa - Chương trình tiên tiến,,,,,unconfirmed,23170
DTT:F7220201@2026,DTT,2026,F7220201,Ngôn ngữ Anh - Chương trình tiên tiến,,,,,unconfirmed,23175
DTT:F7220204@2026,DTT,2026,F7220204,Ngôn ngữ Trung Quốc - Chương trình tiên tiến,,,,,unconfirmed,23180
DTT:F7310301@2026,DTT,2026,F7310301,Xã hội học - Chương trình tiên tiến,,,,,unconfirmed,23185
DTT:F7340101@2026,DTT,2026,F7340101,Quản trị kinh doanh (Chuyên ngành Quản trị nhà hàng - khách sạn) - Chương trình tiên tiến,,,,,unconfirmed,23190
DTT:F7340115@2026,DTT,2026,F7340115,Marketing - Chương trình tiên tiến,,,,,unconfirmed,23195
DTT:F7340120@2026,DTT,2026,F7340120,Kinh doanh quốc tế - Chương trình tiên tiến,,,,,unconfirmed,23200
DTT:F7340201@2026,DTT,2026,F7340201,Tài chính - Ngân hàng - Chương trình tiên tiến,,,,,unconfirmed,23205
DTT:F7340301@2026,DTT,2026,F7340301,Kế toán - Chương trình tiên tiến,,,,,unconfirmed,23210
DTT:F7380101@2026,DTT,2026,F7380101,Luật (Chuyên ngành Luật kinh tế) - Chương trình tiên tiến,,,,,unconfirmed,23215
DTT:F7380101T@2026,DTT,2026,F7380101T,Luật (Chuyên ngành Luật thương mại quốc tế) - Chương trình tiên tiến,,,,,unconfirmed,23220
DTT:F7420201@2026,DTT,2026,F7420201,Công nghệ sinh học - Chương trình tiên tiến,,,,,unconfirmed,23225
DTT:F7480101@2026,DTT,2026,F7480101,Khoa học máy tính - Chương trình tiên tiến,,,,,unconfirmed,23230
DTT:F7480103@2026,DTT,2026,F7480103,Kỹ thuật phần mềm - Chương trình tiên tiến,,,,,unconfirmed,23235
DTT:F7520201@2026,DTT,2026,F7520201,Kỹ thuật điện - Chương trình tiên tiến,,,,,unconfirmed,23240
DTT:F7520207@2026,DTT,2026,F7520207,Kỹ thuật điện tử - viễn thông - Chương trình tiên tiến,,,,,unconfirmed,23245
DTT:F7520216@2026,DTT,2026,F7520216,Kỹ thuật điều khiển và tự động hóa - Chương trình tiên tiến,,,,,unconfirmed,23250
DTT:F7520301@2026,DTT,2026,F7520301,Kỹ thuật hóa học - Chương trình tiên tiến,,,,,unconfirmed,23255
DTT:F7580101@2026,DTT,2026,F7580101,Kiến trúc - Chương trình tiên tiến,,,,,unconfirmed,23260
DTT:F7580201@2026,DTT,2026,F7580201,Kỹ thuật xây dựng - Chương trình tiên tiến,,,,,unconfirmed,23265
DTT:FA7220201@2026,DTT,2026,FA7220201,Ngôn ngữ Anh - Chương trình đại học bằng tiếng Anh,,,,,unconfirmed,23270
DTT:FA7340101@2026,DTT,2026,FA7340101,Quản trị kinh doanh (Chuyên ngành: Quản trị nhà hàng - khách sạn) - Chương trình đại học bằng tiếng Anh,,,,,unconfirmed,23275
DTT:FA7340115@2026,DTT,2026,FA7340115,Marketing - Chương trình đại học bằng tiếng Anh,,,,,unconfirmed,23280
DTT:FA7340120@2026,DTT,2026,FA7340120,Kinh doanh quốc tế - Chương trình đại học bằng tiếng Anh,,,,,unconfirmed,23285
DTT:FA7340201@2026,DTT,2026,FA7340201,Tài chính ngân hàng - Chương trình đại học bằng tiếng Anh,,,,,unconfirmed,23290
DTT:FA7340301@2026,DTT,2026,FA7340301,Kế toán (Chuyên ngành: Kế toán quốc tế) - Chương trình đại học bằng tiếng Anh,,,,,unconfirmed,23295
DTT:FA7420201@2026,DTT,2026,FA7420201,Công nghệ sinh học - Chương trình đại học bằng tiếng Anh,,,,,unconfirmed,23300
DTT:FA7480101@2026,DTT,2026,FA7480101,Khoa học máy tính - Chương trình đại học bằng tiếng Anh,,,,,unconfirmed,23305
DTT:FA7480103@2026,DTT,2026,FA7480103,Kỹ thuật phần mềm - Chương trình đại học bằng tiếng Anh,,,,,unconfirmed,23310
DTT:FA7520216@2026,DTT,2026,FA7520216,Kỹ thuật điều khiển và tự động hóa - Chương trình đại học bằng tiếng Anh,,,,,unconfirmed,23315
DTT:FA7580201@2026,DTT,2026,FA7580201,Kỹ thuật xây dựng - Chương trình đại học bằng tiếng Anh,,,,,unconfirmed,23320
DTT:K7220201@2026,DTT,2026,K7220201,"Ngôn ngữ Anh (đơn bằng 3+1) - Chương trình liên kết Đại học West of England, Bristol (Vương quốc Anh)",,,,,unconfirmed,23325
DTT:K7220204@2026,DTT,2026,K7220204,Ngôn ngữ Trung Quốc (song bằng 2+2) - Chương trình liên kết Đại học Sư phạm Thượng Hải (Trung Quốc),,,,,unconfirmed,23330
DTT:K7340101@2026,DTT,2026,K7340101,Quản trị kinh doanh (song bằng 2+2) - Chương trình dự bị Trường Đại học Kinh tế và Kinh doanh Praha (Cộng Hòa Séc),,,,,unconfirmed,23335
DTT:K7340101D@2026,DTT,2026,K7340101D,"Kinh doanh toàn cầu (đơn bằng 2,5+1,5) - Chương trình liên kết Trường đại học Văn hóa Trung Quốc (Đài Loan)",,,,,unconfirmed,23340
DTT:K7340101E@2026,DTT,2026,K7340101E,Quản trị kinh doanh toàn cầu (đơn bằng 2+2) - Chương trình dự bị liên kết Trường Kinh doanh Emlyon (Pháp),,,,,unconfirmed,23345
DTT:K7340101M@2026,DTT,2026,K7340101M,"Kinh doanh (Tài chính, Kinh doanh quốc tế, Marketing, Kế toán, Quản trị nguồn nhân lực & Quan hệ lao động) (đơn bằng 2+1,5) - Chương trình liên kết Đại học Massey (New Zealand)",,,,,unconfirmed,23350
DTT:K7340101N@2026,DTT,2026,K7340101N,"Quản trị nhà hàng - khách sạn (song bằng 2,5+1,5) - Chương trình dự bị liên kết Đại học Taylor’s (Malaysia)",,,,,unconfirmed,23355
DTT:K7340120L@2026,DTT,2026,K7340120L,Kinh doanh quốc tế (song bằng 3 +1) - Chương trình dự bị liên kết Đại học La Trobe (Úc),,,,,unconfirmed,23360
DTT:K7340201C@2026,DTT,2026,K7340201C,Tài chính và kiểm soát (song bằng 3+1) - Chương trình dự bị liên kết Đại học khoa học ứng dụng Saxion (Hà Lan),,,,,unconfirmed,23365
DTT:K7340301C@2026,DTT,2026,K7340301C,"Kế toán (song bằng 3+1) - Chương trình dự bị liên kết Đại học West of England, Bristol (Vương Quốc Anh); Chương trình dự bị liên kết Đại học khoa học ứng dụng Saxion (Hà Lan)",,,,,unconfirmed,23370
DTT:K7480101L@2026,DTT,2026,K7480101L,Công nghệ thông tin (song bằng 2+2) - Chương trình dự bị liên kết Đại học La Trobe (Úc),,,,,unconfirmed,23375
DTT:K7480101T@2026,DTT,2026,K7480101T,Khoa học máy tính (đơn bằng 2+2) - Chương trình dự bị liên kết Đại học Kỹ thuật Ostrava (CH Séc),,,,,unconfirmed,23380
DTT:K7520201@2026,DTT,2026,K7520201,"Kỹ thuật điện – điện tử (song bằng 2,5+1,5) - Chương trình dự bị liên kết Đại học khoa học ứng dụng Saxion (Hà Lan)",,,,,unconfirmed,23385
DTT:K7580201@2026,DTT,2026,K7580201,Kỹ thuật xây dựng (song bằng 2+2) - Chương trình dự bị liên kết Đại học La Trobe (Úc),,,,,unconfirmed,23390
DTT:N7210403@2026,DTT,2026,N7210403,Thiết kế đồ họa - Phân hiệu Khánh Hòa,,,,,unconfirmed,23395
DTT:N7220201@2026,DTT,2026,N7220201,Ngôn ngữ Anh - Chương trình học tại Phân hiệu Khánh Hòa,,,,,unconfirmed,23400
DTT:N7340101@2026,DTT,2026,N7340101,Quản trị kinh doanh (Chuyên ngành Quản trị nhà hàng - khách sạn) - Chương trình học tại Phân hiệu Khánh Hòa,,,,,unconfirmed,23405
DTT:N7340115@2026,DTT,2026,N7340115,Marketing - Chương trình học tại Phân hiệu Khánh Hòa,,,,,unconfirmed,23410
DTT:N7340201@2026,DTT,2026,N7340201,Tài chính - Ngân hàng - Phân hiệu Khánh Hòa,,,,,unconfirmed,23415
DTT:N7340301@2026,DTT,2026,N7340301,Kế toán - Chương trình học tại Phân hiệu Khánh Hòa,,,,,unconfirmed,23420
DTT:N7340408@2026,DTT,2026,N7340408,Quan hệ lao động (Chuyên ngành Hành vi tổ chức) - Chương trình học tại Phân hiệu Khánh Hòa,,,,,unconfirmed,23425
DTT:N7380101@2026,DTT,2026,N7380101,Luật (ĐỊnh hướng Luật kinh tế) - Chương trình học tại Phân hiệu Khánh Hòa,,,,,unconfirmed,23430
DTT:N7440301@2026,DTT,2026,N7440301,Khoa học môi trường - Phân hiệu Khánh Hòa,,,,,unconfirmed,23435
DTT:N7480101@2026,DTT,2026,N7480101,Khoa học máy tính - Chương trình học tại Phân hiệu Khánh Hòa,,,,,unconfirmed,23440
DTT:N7480103@2026,DTT,2026,N7480103,Kỹ thuật phần mềm - Chương trình học tại Phân hiệu Khánh Hòa,,,,,unconfirmed,23445
DTT:N7580101@2026,DTT,2026,N7580101,Kiến trúc - Chương trình học tại Phân hiệu Khánh Hòa,,,,,unconfirmed,23450
DTT:N7580302@2026,DTT,2026,N7580302,Quản lý xây dựng - Chương trình học tại Phân hiệu Khánh Hòa,,,,,unconfirmed,23455
DTT:N7810101H@2026,DTT,2026,N7810101H,Du lịch (Chuyên ngành Hướng dẫn du lịch) - Phân hiệu Khánh Hòa,,,,,unconfirmed,23460
DTT:N7810301@2026,DTT,2026,N7810301,Quản lý thể dục thể thao (Chuyên ngành Kinh doanh thể thao và tổ chức sự kiện) - Chương trình học tại Phân hiệu Khánh Hòa,,,,,unconfirmed,23465
DTT:N7850201@2026,DTT,2026,N7850201,Bảo hộ lao động - Chương trình học tại Phân hiệu Khánh Hòa,,,,,unconfirmed,23470
DTT:P7340101@2026,DTT,2026,P7340101,Quản trị kinh doanh (song bằng 2+2) - Chương trình liên kết Trường Đại học Kinh tế và Kinh doanh Praha (Cộng Hòa Séc),,,,,unconfirmed,23475
DTT:P7340101D@2026,DTT,2026,P7340101D,"Kinh doanh toàn cầu (đơn bằng 2,5+1,5) - Chương trình liên kết Trường đại học Văn hóa Trung Quốc (Đài Loan)",,,,,unconfirmed,23480
DTT:P7340101E@2026,DTT,2026,P7340101E,Quản trị kinh doanh toàn cầu (đơn bằng 2+2) - Chương trình dự bị liên kết Trường Kinh doanh Emlyon (Pháp),,,,,unconfirmed,23485
DTT:P7340101M@2026,DTT,2026,P7340101M,"Kinh doanh (Tài chính, Kinh doanh quốc tế, Marketing, Kế toán, Quản trị nguồn nhân lực & Quan hệ lao động) (đơn bằng 2+1,5) - Chương trình dự bị liên kết Đại học Massey (New Zealand)",,,,,unconfirmed,23490
DTT:P7340101N@2026,DTT,2026,P7340101N,"Quản trị nhà hàng - khách sạn (song bằng 2,5+1,5) - Chương trình liên kết Đại học Taylor’s (Malaysia)",,,,,unconfirmed,23495
DTT:P7340120L@2026,DTT,2026,P7340120L,Kinh doanh quốc tế (song bằng 3 +1) - Chương trình dự bị liên kết Đại học La Trobe (Úc),,,,,unconfirmed,23500
DTT:P7340201C@2026,DTT,2026,P7340201C,"Tài chính và kiểm soát (song bằng 3+1, đơn bằng 2+2) - Chương trình dự bị liên kết Đại học khoa học ứng dụng Saxion (Hà Lan)",,,,,unconfirmed,23505
DTT:P7340301C@2026,DTT,2026,P7340301C,"Kế toán (song bằng 3+1) - Chương trình dự bị liên kết Đại học West of England, Bristol (Vương Quốc Anh); Chương trình dự bị liên kết Đại học khoa học ứng dụng Saxion (Hà Lan)",,,,,unconfirmed,23510
DTT:P7480101L@2026,DTT,2026,P7480101L,Công nghệ thông tin (song bằng 2+2) - Chương trình dự bị liên kết Đại học La Trobe (Úc),,,,,unconfirmed,23515
DTT:P7480101T@2026,DTT,2026,P7480101T,Khoa học máy tính (đơn bằng 2+2) - Chương trình dự bị liên kết Đại học Kỹ thuật Ostrava (CH Séc),,,,,unconfirmed,23520
DTT:P7520201@2026,DTT,2026,P7520201,"Kỹ thuật điện – điện tử (song bằng 2,5+1,5) - Chương trình dự bị liên kết Đại học khoa học ứng dụng Saxion (Hà Lan)",,,,,unconfirmed,23525
DTT:P7580201@2026,DTT,2026,P7580201,Kỹ thuật xây dựng (song bằng 2+2) - Chương trình dự bị liên kết Đại học La Trobe (Úc),,,,,unconfirmed,23530
DTV:DTV-7480201@2026,DTV,2026,DTV-7480201,Công nghệ thông tin,,,,107,unconfirmed,23541
DTV:DTVA26.01@2026,DTV,2026,DTVA26.01,Kế toán,,,,139,unconfirmed,23546
DTV:DTVB26.01@2026,DTV,2026,DTVB26.01,Quản trị kinh doanh,,,,160,unconfirmed,23551
DTV:DTVC26.01@2026,DTV,2026,DTVC26.01,Kỹ thuật xây dựng,,,,122,unconfirmed,23556
DTV:DTVD26.01@2026,DTV,2026,DTVD26.01,"Công nghệ kỹ thuật điện, điện tử",,,,150,unconfirmed,23561
DTV:DTVE26.01@2026,DTV,2026,DTVE26.01,Ngôn ngữ Anh,,,,330,unconfirmed,23566
DTV:DTVF26.01@2026,DTV,2026,DTVF26.01,Tài chính - Ngân hàng,,,,40,unconfirmed,23571
DTV:DTVG26.01@2026,DTV,2026,DTVG26.01,Kỹ thuật xây dựng công trình giao thông,,,,70,unconfirmed,23576
DTV:DTVR26.01@2026,DTV,2026,DTVR26.01,Kỹ thuật phục hồi chức năng,,,,190,unconfirmed,23581
DTV:DTVT26.01@2026,DTV,2026,DTVT26.01,Y học cổ truyền,,,,470,unconfirmed,23586
DTV:DTVV26.01@2026,DTV,2026,DTVV26.01,Thú y,,,,245,unconfirmed,23591
DTY:7720101@2026,DTY,2026,7720101,Y khoa,7720101,,,600,unconfirmed,23602
DTY:7720110@2026,DTY,2026,7720110,Y học dự phòng,7720110,,,100,unconfirmed,23608
DTY:7720201@2026,DTY,2026,7720201,Dược học,7720201,,,220,unconfirmed,23614
DTY:7720301@2026,DTY,2026,7720301,Điều dưỡng,7720301,,,250,unconfirmed,23620
DTY:7720302@2026,DTY,2026,7720302,Hộ sinh,7720302,,,60,unconfirmed,23626
DTY:7720501@2026,DTY,2026,7720501,Răng - Hàm - Mặt,7720501,,,90,unconfirmed,23632
DTY:7720601@2026,DTY,2026,7720601,Kỹ thuật xét nghiệm y học,7720601,,,70,unconfirmed,23638
DTY:7720602@2026,DTY,2026,7720602,Kỹ thuật hình ảnh y học,7720602,,,68,unconfirmed,23644
DTY:7720603@2026,DTY,2026,7720603,Kỹ thuật phục hồi chức năng,7720603,,,68,unconfirmed,23650
DTZ:7220112_TD@2026,DTZ,2026,7220112_TD,Văn hóa các dân tộc thiêu số Việt Nam,7220112,,,25,unconfirmed,23662
DTZ:7220201@2026,DTZ,2026,7220201,Ngôn ngữ Anh,7220201,,,100,unconfirmed,23668
DTZ:7220201_AH@2026,DTZ,2026,7220201_AH,Song ngữ Anh - Hàn,7220201,,,50,unconfirmed,23674
DTZ:7220201_AT@2026,DTZ,2026,7220201_AT,Song ngữ Anh -Trung,7220201,,,230,unconfirmed,23680
DTZ:7220201_GV@2026,DTZ,2026,7220201_GV,Ngôn ngữ Anh (CTĐT định hướng giảng dạy),7220201,,,70,unconfirmed,23686
DTZ:7220204@2026,DTZ,2026,7220204,Ngôn ngữ Trung Quốc,7220204,,,400,unconfirmed,23692
DTZ:7229010@2026,DTZ,2026,7229010,"Lịch sử, Địa lý và Kinh tế Pháp luật",7229010,,,200,unconfirmed,23698
DTZ:7229030@2026,DTZ,2026,7229030,Vãn học (CTĐT định hướng giảng dạy),7229030,,,200,unconfirmed,23704
DTZ:7310110@2026,DTZ,2026,7310110,Quản lý kinh tế,7310110,,,50,unconfirmed,23710
DTZ:7310501@2026,DTZ,2026,7310501,Địa lý học (CTĐT định hướng giảng dạy),7310501,,,30,unconfirmed,23716
DTZ:7310612@2026,DTZ,2026,7310612,Trung Quốc học,7310612,,,485,unconfirmed,23722
DTZ:7310614@2026,DTZ,2026,7310614,Hàn Quốc học,7310614,,,150,unconfirmed,23728
DTZ:7310630@2026,DTZ,2026,7310630,Việt Nam học,7310630,,,35,unconfirmed,23734
DTZ:7320101@2026,DTZ,2026,7320101,Báo chí,7320101,,,90,unconfirmed,23740
DTZ:7320108@2026,DTZ,2026,7320108,Quan hệ công chúng,7320108,,,50,unconfirmed,23746
DTZ:7320201@2026,DTZ,2026,7320201,Thư viện -Thiết bị trường học,7320201,,,40,unconfirmed,23752
DTZ:7340401@2026,DTZ,2026,7340401,Quản lý nhân lực,7340401,,,150,unconfirmed,23758
DTZ:7380101@2026,DTZ,2026,7380101,Luật,7380101,,,180,unconfirmed,23764
DTZ:7380107@2026,DTZ,2026,7380107,Luật kinh tế,7380107,,,50,unconfirmed,23770
DTZ:7420101@2026,DTZ,2026,7420101,Sinh học (CTĐT định hướng giảng dạy),7420101,,,30,unconfirmed,23776
DTZ:7420201@2026,DTZ,2026,7420201,Công nghệ sinh học,7420201,,,30,unconfirmed,23782
DTZ:7440102@2026,DTZ,2026,7440102,Vật lý (CTĐT định hướng giảng dạy),7440102,,,35,unconfirmed,23788
DTZ:7440102_TD@2026,DTZ,2026,7440102_TD,Công nghệ bán dẫn,7440102,,,35,unconfirmed,23794
DTZ:7440112@2026,DTZ,2026,7440112,Hóa học (CTĐT định hướng giảng dạy),7440112,,,30,unconfirmed,23800
DTZ:7440112_ST@2026,DTZ,2026,7440112_ST,Khoa học Tự nhiên tích hợp STEM,7440112,,,30,unconfirmed,23806
DTZ:7440301@2026,DTZ,2026,7440301,Khoa học môi trường,7440301,,,30,unconfirmed,23812
DTZ:7460101_TA@2026,DTZ,2026,7460101_TA,Toán học (CTĐT Toán học định hướng giáng dạy bàng tiếng Anh),7460101,,,30,unconfirmed,23818
DTZ:7460101_TV@2026,DTZ,2026,7460101_TV,Toán học (CTĐT định hướng giảng dạy),7460101,,,170,unconfirmed,23824
DTZ:7460108@2026,DTZ,2026,7460108,Khoa học dữ liệu,7460108,,,50,unconfirmed,23830
DTZ:7460117@2026,DTZ,2026,7460117,Toán tin,7460117,,,30,unconfirmed,23836
DTZ:7460117_GV@2026,DTZ,2026,7460117_GV,Toán tin (CTĐT định hướng giảng dạy),7460117,,,60,unconfirmed,23842
DTZ:7480201@2026,DTZ,2026,7480201,Công nghệ thông tin,7480201,,,60,unconfirmed,23848
DTZ:7510401@2026,DTZ,2026,7510401,Công nghệ kỳ thuật Hoá học,7510401,,,30,unconfirmed,23854
DTZ:7720203@2026,DTZ,2026,7720203,Hóa dược,7720203,,,30,unconfirmed,23860
DTZ:7720203_TD@2026,DTZ,2026,7720203_TD,Chăm sóc sắc đẹp từ dược liệu,7720203,,,30,unconfirmed,23866
DTZ:7760101@2026,DTZ,2026,7760101,Công tác xã hội,7760101,,,75,unconfirmed,23872
DTZ:7810101@2026,DTZ,2026,7810101,Du lịch,7810101,,,80,unconfirmed,23878
DTZ:7810103@2026,DTZ,2026,7810103,Quản trị dịch vụ du lịch và lữ hành,7810103,,,160,unconfirmed,23884
DTZ:7810301@2026,DTZ,2026,7810301,Quản lý Thể dục thể thao,7810301,,,50,unconfirmed,23890
DTZ:7850101@2026,DTZ,2026,7850101,Quán lý Tài nguyên và Môi trường,7850101,,,30,unconfirmed,23896
DVB:A1AA@2026,DVB,2026,A1AA,Ngôn ngữ Anh,,,,40,unconfirmed,23908
DVB:A1CK@2026,DVB,2026,A1CK,Cơ khí chế tạo máy,,,,40,unconfirmed,23913
DVB:A1CN@2026,DVB,2026,A1CN,Công nghệ kỹ thuật cơ khí,,,,40,unconfirmed,23918
DVB:A1CO@2026,DVB,2026,A1CO,Cơ khí động lực - ô tô,,,,40,unconfirmed,23923
DVB:A1DC@2026,DVB,2026,A1DC,Công nghệ kỹ thuật điện,,,,40,unconfirmed,23928
DVB:A1DH@2026,DVB,2026,A1DH,Hệ thống điện,,,,40,unconfirmed,23933
DVB:A1DT@2026,DVB,2026,A1DT,Điện tự động hóa,,,,40,unconfirmed,23938
DVB:A1EM@2026,DVB,2026,A1EM,Marketing,,,,70,unconfirmed,23943
DVB:A1ET@2026,DVB,2026,A1ET,Marketing thương mại,,,,70,unconfirmed,23948
DVB:A1GK@2026,DVB,2026,A1GK,Công nghệ kỹ thuật điều khiển và tự động hóa,,,,65,unconfirmed,23953
DVB:A1GT@2026,DVB,2026,A1GT,Công nghệ tự động hóa,,,,65,unconfirmed,23958
DVB:A1HH@2026,DVB,2026,A1HH,Ngôn ngữ Hàn Quốc,,,,50,unconfirmed,23963
DVB:A1IC@2026,DVB,2026,A1IC,Kỹ thuật cơ điện tử,,,,100,unconfirmed,23968
DVB:A1KD@2026,DVB,2026,A1KD,Kế toán doanh nghiệp công nghiệp,,,,70,unconfirmed,23973
DVB:A1KH@2026,DVB,2026,A1KH,Kế toán tổng hợp,,,,40,unconfirmed,23978
DVB:A1LD@2026,DVB,2026,A1LD,Luật dân sự,,,,40,unconfirmed,23983
DVB:A1LH@2026,DVB,2026,A1LH,Luật hình sự,,,,40,unconfirmed,23988
DVB:A1LU@2026,DVB,2026,A1LU,Luật,,,,40,unconfirmed,23993
DVB:A1QD@2026,DVB,2026,A1QD,Quản trị doanh nghiệp công nghiệp,,,,40,unconfirmed,23998
DVB:A1QH@2026,DVB,2026,A1QH,Quản trị kinh doanh tổng hợp,,,,40,unconfirmed,24003
DVB:A1QK@2026,DVB,2026,A1QK,Quản lý kinh tế,,,,40,unconfirmed,24008
DVB:A1TC@2026,DVB,2026,A1TC,Công nghệ thông tin,,,,40,unconfirmed,24013
DVD:7140201@2026,DVD,2026,7140201,Giáo dục Mầm non,7140201,,,,unconfirmed,24024
DVD:7140202@2026,DVD,2026,7140202,Giáo dục Tiểu học,7140202,,,,unconfirmed,24030
DVD:7140206@2026,DVD,2026,7140206,Giáo dục Thể chất,7140206,,,,unconfirmed,24036
DVD:7140210@2026,DVD,2026,7140210,Sư phạm Tin học,7140210,,,,unconfirmed,24042
DVD:7140221@2026,DVD,2026,7140221,Sư phạm Âm nhạc,7140221,,,,unconfirmed,24048
DVD:7140222@2026,DVD,2026,7140222,Sư phạm Mỹ thuật,7140222,,,,unconfirmed,24054
DVD:7210104@2026,DVD,2026,7210104,Đồ họa,7210104,,,,unconfirmed,24060
DVD:7210205@2026,DVD,2026,7210205,Thanh nhạc,7210205,,,,unconfirmed,24066
DVD:7210404@2026,DVD,2026,7210404,Thiết kế thời trang,7210404,,,,unconfirmed,24072
DVD:7220201@2026,DVD,2026,7220201,Ngôn ngữ Anh,7220201,,,,unconfirmed,24078
DVD:7229042@2026,DVD,2026,7229042,Quản lý văn hóa,7229042,,,,unconfirmed,24084
DVD:7310205@2026,DVD,2026,7310205,Quản lý Nhà nước,7310205,,,,unconfirmed,24090
DVD:7320106@2026,DVD,2026,7320106,Công nghệ truyền thông,7320106,,,,unconfirmed,24096
DVD:7320201@2026,DVD,2026,7320201,Thông tin - Thư viện,7320201,,,,unconfirmed,24102
DVD:7340404@2026,DVD,2026,7340404,Quản trị nhân lực,7340404,,,,unconfirmed,24108
DVD:7380101@2026,DVD,2026,7380101,Luật,7380101,,,,unconfirmed,24114
DVD:7760101@2026,DVD,2026,7760101,Công tác Xã hội,7760101,,,,unconfirmed,24120
DVD:7810101@2026,DVD,2026,7810101,Du lịch,7810101,,,,unconfirmed,24126
DVD:7810103@2026,DVD,2026,7810103,Quản trị dịch vụ du lịch và lữ hành,7810103,,,,unconfirmed,24132
DVD:7810201@2026,DVD,2026,7810201,Quản trị khách sạn,7810201,,,,unconfirmed,24138
DVD:7810301@2026,DVD,2026,7810301,Quản lý Thể dục thể thao,7810301,,,,unconfirmed,24144
DVD:7810302@2026,DVD,2026,7810302,Huấn luyện thể thao,7810302,,,,unconfirmed,24150
DVH:7210205@2026,DVH,2026,7210205,Thanh nhạc,7210205,,,,unconfirmed,24162
DVH:7210208@2026,DVH,2026,7210208,Piano,7210208,,,,unconfirmed,24168
DVH:7210235@2026,DVH,2026,7210235,"Đạo diễn điện ảnh, truyền hình",7210235,,,,unconfirmed,24174
DVH:7210302@2026,DVH,2026,7210302,"Công nghệ điện ảnh, truyền hình",7210302,,,,unconfirmed,24180
DVH:7220201@2026,DVH,2026,7220201,Ngôn ngữ Anh,7220201,,,,unconfirmed,24186
DVH:7220203@2026,DVH,2026,7220203,Ngôn ngữ Pháp,7220203,,,,unconfirmed,24192
DVH:7220204@2026,DVH,2026,7220204,Ngôn ngữ Trung Quốc Liên kết quốc tế,7220204,,,,unconfirmed,24198
DVH:7220209@2026,DVH,2026,7220209,Ngôn ngữ Nhật,7220209,,,,unconfirmed,24204
DVH:7229030@2026,DVH,2026,7229030,Văn học,7229030,,,,unconfirmed,24210
DVH:7310101@2026,DVH,2026,7310101,Kinh tế,7310101,,,,unconfirmed,24216
DVH:7310206@2026,DVH,2026,7310206,Quan hệ quốc tế,7310206,,,,unconfirmed,24222
DVH:7310301@2026,DVH,2026,7310301,Xã hội học,7310301,,,,unconfirmed,24228
DVH:7310401@2026,DVH,2026,7310401,Tâm lý học,7310401,,,,unconfirmed,24234
DVH:7310608@2026,DVH,2026,7310608,Đông phương học,7310608,,,,unconfirmed,24240
DVH:7310612@2026,DVH,2026,7310612,Trung Quốc học,7310612,,,,unconfirmed,24246
DVH:7310630@2026,DVH,2026,7310630,Việt Nam học,7310630,,,,unconfirmed,24252
DVH:7320104@2026,DVH,2026,7320104,Truyền thông đa phương tiện,7320104,,,,unconfirmed,24258
DVH:7320108@2026,DVH,2026,7320108,Quan hệ công chúng,7320108,,,,unconfirmed,24264
DVH:7340101@2026,DVH,2026,7340101,Quản trị kinh doanh,7340101,,,,unconfirmed,24270
DVH:7340115@2026,DVH,2026,7340115,Marketing,7340115,,,,unconfirmed,24276
DVH:7340121@2026,DVH,2026,7340121,Kinh doanh thương mại,7340121,,,,unconfirmed,24282
DVH:7340122@2026,DVH,2026,7340122,Thương mại điện tử,7340122,,,,unconfirmed,24288
DVH:7340201@2026,DVH,2026,7340201,Tài chính - Ngân hàng,7340201,,,,unconfirmed,24294
DVH:7340205@2026,DVH,2026,7340205,Công nghệ tài chính,7340205,,,,unconfirmed,24300
DVH:7340301@2026,DVH,2026,7340301,Kế toán,7340301,,,,unconfirmed,24306
DVH:7340302@2026,DVH,2026,7340302,Kiểm toán,7340302,,,,unconfirmed,24312
DVH:7340404@2026,DVH,2026,7340404,Quản trị nhân lực,7340404,,,,unconfirmed,24318
DVH:7380101@2026,DVH,2026,7380101,Luật,7380101,,,,unconfirmed,24324
DVH:7380107@2026,DVH,2026,7380107,Luật Kinh tế,7380107,,,,unconfirmed,24330
DVH:7420201@2026,DVH,2026,7420201,Công nghệ sinh học,7420201,,,,unconfirmed,24336
DVH:7480101@2026,DVH,2026,7480101,Khoa học máy tính,7480101,,,,unconfirmed,24342
DVH:7480102@2026,DVH,2026,7480102,Mạng máy tính và Truyền thông,7480102,,,,unconfirmed,24348
DVH:7480201@2026,DVH,2026,7480201,Công nghệ thông tin,7480201,,,,unconfirmed,24354
DVH:7510605@2026,DVH,2026,7510605,Logistics và Quản lý chuỗi cung ứng,7510605,,,,unconfirmed,24360
DVH:7520207@2026,DVH,2026,7520207,Kỹ thuật Điện tử - Viễn thông,7520207,,,,unconfirmed,24366
DVH:7520320@2026,DVH,2026,7520320,Kỹ thuật môi trường,7520320,,,,unconfirmed,24372
DVH:7540101@2026,DVH,2026,7540101,Công nghệ thực phẩm,7540101,,,,unconfirmed,24378
DVH:7580201@2026,DVH,2026,7580201,Kỹ thuật xây dựng,7580201,,,,unconfirmed,24384
DVH:7720301@2026,DVH,2026,7720301,Điều dưỡng,7720301,,,,unconfirmed,24390
DVH:7810101@2026,DVH,2026,7810101,Du lịch,7810101,,,,unconfirmed,24396
DVH:7810103@2026,DVH,2026,7810103,Quản trị dịch vụ du lịch và lữ hành,7810103,,,,unconfirmed,24402
DVH:7810201@2026,DVH,2026,7810201,Quản trị khách sạn,7810201,,,,unconfirmed,24408
DVH:7810202@2026,DVH,2026,7810202,Quản trị nhà hàng và dịch vụ ăn uống,7810202,,,,unconfirmed,24414
DVL:7210205@2026,DVL,2026,7210205,Thanh nhạc,7210205,,,,unconfirmed,24426
DVL:7210208@2026,DVL,2026,7210208,Piano,7210208,,,,unconfirmed,24432
DVL:7210234@2026,DVL,2026,7210234,"Diễn viên kịch, điện ảnh - truyền hình",7210234,,,,unconfirmed,24438
DVL:7210235@2026,DVL,2026,7210235,"Đạo diễn điện ảnh, truyền hình",7210235,,,,unconfirmed,24444
DVL:7210302@2026,DVL,2026,7210302,"Công nghệ điện ảnh, truyền hình",7210302,,,,unconfirmed,24450
DVL:7210303@2026,DVL,2026,7210303,Thiết kế âm thanh ánh sáng,7210303,,,,unconfirmed,24456
DVL:7210402@2026,DVL,2026,7210402,Thiết kế công nghiệp,7210402,,,,unconfirmed,24462
DVL:7210403@2026,DVL,2026,7210403,Thiết kế Đồ họa,7210403,,,,unconfirmed,24468
DVL:7210404@2026,DVL,2026,7210404,Thiết kế thời trang,7210404,,,,unconfirmed,24474
DVL:7210409@2026,DVL,2026,7210409,Thiết kế Mỹ thuật số,7210409,,,,unconfirmed,24480
DVL:7220201@2026,DVL,2026,7220201,Ngôn ngữ Anh,7220201,,,,unconfirmed,24486
DVL:7220204@2026,DVL,2026,7220204,Ngôn ngữ Trung Quốc,7220204,,,,unconfirmed,24492
DVL:7220210@2026,DVL,2026,7220210,Ngôn ngữ Hàn Quốc,7220210,,,,unconfirmed,24498
DVL:7229030@2026,DVL,2026,7229030,Văn học,7229030,,,,unconfirmed,24504
DVL:7310106@2026,DVL,2026,7310106,Kinh tế quốc tế,7310106,,,,unconfirmed,24510
DVL:7310401@2026,DVL,2026,7310401,Tâm lý học,7310401,,,,unconfirmed,24516
DVL:7310608@2026,DVL,2026,7310608,Đông phương học,7310608,,,,unconfirmed,24522
DVL:7320104@2026,DVL,2026,7320104,Truyền thông đa phương tiện,7320104,,,,unconfirmed,24528
DVL:7320105@2026,DVL,2026,7320105,Truyền thông đại chúng,7320105,,,,unconfirmed,24534
DVL:7320106@2026,DVL,2026,7320106,Công nghệ truyền thông,7320106,,,,unconfirmed,24540
DVL:7320108@2026,DVL,2026,7320108,Quan hệ công chúng,7320108,,,,unconfirmed,24546
DVL:7340101@2026,DVL,2026,7340101,Quản trị Kinh doanh,7340101,,,,unconfirmed,24552
DVL:7340115@2026,DVL,2026,7340115,Marketing,7340115,,,,unconfirmed,24558
DVL:7340116@2026,DVL,2026,7340116,Bất động sản,7340116,,,,unconfirmed,24564
DVL:7340120@2026,DVL,2026,7340120,Kinh doanh quốc tế,7340120,,,,unconfirmed,24570
DVL:7340121@2026,DVL,2026,7340121,Kinh doanh thương mại,7340121,,,,unconfirmed,24576
DVL:7340122@2026,DVL,2026,7340122,Thương mại điện tử,7340122,,,,unconfirmed,24582
DVL:7340201@2026,DVL,2026,7340201,Tài chính - Ngân hàng,7340201,,,,unconfirmed,24588
DVL:7340205@2026,DVL,2026,7340205,Công nghệ tài chính,7340205,,,,unconfirmed,24594
DVL:7340301@2026,DVL,2026,7340301,Kế toán,7340301,,,,unconfirmed,24600
DVL:7380101@2026,DVL,2026,7380101,Luật,7380101,,,,unconfirmed,24606
DVL:7380107@2026,DVL,2026,7380107,Luật kinh tế,7380107,,,,unconfirmed,24612
DVL:7420201@2026,DVL,2026,7420201,Công nghệ sinh học,7420201,,,,unconfirmed,24618
DVL:7420207@2026,DVL,2026,7420207,Công nghệ thẩm mỹ,7420207,,,,unconfirmed,24624
DVL:7460108@2026,DVL,2026,7460108,Khoa học dữ liệu,7460108,,,,unconfirmed,24630
DVL:7480102@2026,DVL,2026,7480102,Mạng máy tính và truyền thông dữ liệu,7480102,,,,unconfirmed,24636
DVL:7480103@2026,DVL,2026,7480103,Kỹ thuật phần mềm,7480103,,,,unconfirmed,24642
DVL:7480104@2026,DVL,2026,7480104,Hệ thống thông tin,7480104,,,,unconfirmed,24648
DVL:7480107@2026,DVL,2026,7480107,Trí tuệ nhân tạo,7480107,,,,unconfirmed,24654
DVL:7480201@2026,DVL,2026,7480201,Công nghệ thông tin,7480201,,,,unconfirmed,24660
DVL:7510205@2026,DVL,2026,7510205,Công nghệ kỹ thuật ô tô,7510205,,,,unconfirmed,24666
DVL:7510301@2026,DVL,2026,7510301,"Công nghệ kỹ thuật điện, điện tử",7510301,,,,unconfirmed,24672
DVL:7510406@2026,DVL,2026,7510406,Công nghệ kỹ thuật môi trường,7510406,,,,unconfirmed,24678
DVL:7510605@2026,DVL,2026,7510605,Logistics và quản lý chuỗi cung ứng,7510605,,,,unconfirmed,24684
DVL:7520114@2026,DVL,2026,7520114,Kỹ thuật cơ điện tử,7520114,,,,unconfirmed,24690
DVL:7520115@2026,DVL,2026,7520115,Kỹ thuật nhiệt,7520115,,,,unconfirmed,24696
DVL:7520118@2026,DVL,2026,7520118,Kỹ thuật hệ thống công nghiệp,7520118,,,,unconfirmed,24702
DVL:7520120@2026,DVL,2026,7520120,Kỹ thuật hàng không,7520120,,,,unconfirmed,24708
DVL:7540101@2026,DVL,2026,7540101,Công nghệ thực phẩm,7540101,,,,unconfirmed,24714
DVL:7580101@2026,DVL,2026,7580101,Kiến trúc,7580101,,,,unconfirmed,24720
DVL:7580108@2026,DVL,2026,7580108,Thiết kế nội thất,7580108,,,,unconfirmed,24726
DVL:7580201@2026,DVL,2026,7580201,Kỹ thuật xây dựng,7580201,,,,unconfirmed,24732
DVL:7580205@2026,DVL,2026,7580205,Kỹ thuật xây dựng công trình giao thông,7580205,,,,unconfirmed,24738
DVL:7580302@2026,DVL,2026,7580302,Quản lý xây dựng,7580302,,,,unconfirmed,24744
DVL:7720101@2026,DVL,2026,7720101,Y khoa,7720101,,,,unconfirmed,24750
DVL:7720201@2026,DVL,2026,7720201,Dược học,7720201,,,,unconfirmed,24756
DVL:7720301@2026,DVL,2026,7720301,Điều dưỡng,7720301,,,,unconfirmed,24762
DVL:7720501@2026,DVL,2026,7720501,Răng - Hàm - Mặt,7720501,,,,unconfirmed,24768
DVL:7720601@2026,DVL,2026,7720601,Kỹ thuật xét nghiệm y học,7720601,,,,unconfirmed,24774
DVL:7810101@2026,DVL,2026,7810101,Du lịch,7810101,,,,unconfirmed,24780
DVL:7810103@2026,DVL,2026,7810103,Quản trị dịch vụ du lịch và lữ hành,7810103,,,,unconfirmed,24786
DVL:7810201@2026,DVL,2026,7810201,Quản trị khách sạn,7810201,,,,unconfirmed,24792
DVL:7810202@2026,DVL,2026,7810202,Quản trị nhà hàng và Dịch vụ ăn uống,7810202,,,,unconfirmed,24798
DVL:7850101@2026,DVL,2026,7850101,Quản lý Tài nguyên & Môi trường,7850101,,,,unconfirmed,24804
DVP:7220201@2026,DVP,2026,7220201,Ngôn ngữ Anh,7220201,,,,unconfirmed,24816
DVP:7220204@2026,DVP,2026,7220204,Ngôn ngữ Trung Quốc,7220204,,,,unconfirmed,24822
DVP:7220210@2026,DVP,2026,7220210,Ngôn ngữ Hàn Quốc,7220210,,,,unconfirmed,24828
DVP:7310106@2026,DVP,2026,7310106,Kinh tế quốc tế,7310106,,,,unconfirmed,24834
DVP:7320104@2026,DVP,2026,7320104,Truyền thông đa phương tiện,7320104,,,,unconfirmed,24840
DVP:7340101@2026,DVP,2026,7340101,Quản trị kinh doanh,7340101,,,,unconfirmed,24846
DVP:7340122@2026,DVP,2026,7340122,Thương mại điện tử,7340122,,,,unconfirmed,24852
DVP:7340201@2026,DVP,2026,7340201,Tài chính ngân hàng,7340201,,,,unconfirmed,24858
DVP:7340301@2026,DVP,2026,7340301,Kế toán,7340301,,,,unconfirmed,24864
DVP:7380107@2026,DVP,2026,7380107,Luật kinh tế,7380107,,,,unconfirmed,24870
DVP:7480201@2026,DVP,2026,7480201,Công nghệ thông tin,7480201,,,,unconfirmed,24876
DVP:7510205@2026,DVP,2026,7510205,Công nghệ kỹ thuật ô tô,7510205,,,,unconfirmed,24882
DVP:7510605@2026,DVP,2026,7510605,Logistics và quản lý chuỗi cung ứng,7510605,,,,unconfirmed,24888
DVP:7720201@2026,DVP,2026,7720201,Dược học,7720201,,,,unconfirmed,24894
DVP:7720301@2026,DVP,2026,7720301,Điều dưỡng,7720301,,,,unconfirmed,24900
DVP:7810103@2026,DVP,2026,7810103,Quản trị dịch vụ và lữ hành,7810103,,,,unconfirmed,24906
DVT:7210201@2026,DVT,2026,7210201,Âm nhạc học,7210201,,,30,unconfirmed,24918
DVT:7210210@2026,DVT,2026,7210210,Biểu diễn nhạc cụ truyền thống,7210210,,,30,unconfirmed,24924
DVT:7220106@2026,DVT,2026,7220106,Ngôn ngữ Khmer,7220106,,,150,unconfirmed,24930
DVT:7220201@2026,DVT,2026,7220201,Ngôn ngữ Anh,7220201,,,250,unconfirmed,24936
DVT:7220204@2026,DVT,2026,7220204,Ngôn ngữ Trung Quốc,7220204,,,40,unconfirmed,24942
DVT:7229040@2026,DVT,2026,7229040,Văn hóa học,7229040,,,100,unconfirmed,24948
DVT:7310101@2026,DVT,2026,7310101,Kinh tế,7310101,,,350,unconfirmed,24954
DVT:7310201@2026,DVT,2026,7310201,Chính trị học,7310201,,,80,unconfirmed,24960
DVT:7310205@2026,DVT,2026,7310205,Quản lý nhà nước,7310205,,,100,unconfirmed,24966
DVT:7310401@2026,DVT,2026,7310401,Tâm lý học (ngành mới),7310401,,,50,unconfirmed,24972
DVT:7340101@2026,DVT,2026,7340101,Quản trị kinh doanh,7340101,,,400,unconfirmed,24978
DVT:7340122@2026,DVT,2026,7340122,Thương mại điện tử,7340122,,,200,unconfirmed,24984
DVT:7340201@2026,DVT,2026,7340201,Tài chính - Ngân hàng,7340201,,,300,unconfirmed,24990
DVT:7340301@2026,DVT,2026,7340301,Kế Toán,7340301,,,350,unconfirmed,24996
DVT:7340406@2026,DVT,2026,7340406,Quản trị văn phòng,7340406,,,300,unconfirmed,25002
DVT:7380101@2026,DVT,2026,7380101,Luật (điểm môn(*) ≥ 6.0 điểm và tổng điểm 03 môn ≥ 18 điểm theo Quyết định số 678/QĐ-BGDĐT ngày 14/3/2025),7380101,,,400,unconfirmed,25008
DVT:7420201@2026,DVT,2026,7420201,Công nghệ sinh học,7420201,,,80,unconfirmed,25014
DVT:7480107@2026,DVT,2026,7480107,Trí tuệ nhân tạo,7480107,,,50,unconfirmed,25020
DVT:7480201@2026,DVT,2026,7480201,Công nghệ thông tin,7480201,,,300,unconfirmed,25026
DVT:7510102@2026,DVT,2026,7510102,Công nghệ kỹ thuật công trình xây dựng,7510102,,,100,unconfirmed,25032
DVT:7510201@2026,DVT,2026,7510201,Công nghệ kỹ thuật cơ khí,7510201,,,150,unconfirmed,25038
DVT:7510203@2026,DVT,2026,7510203,Công nghệ kỹ thuật cơ điện tử,7510203,,,50,unconfirmed,25044
DVT:7510205@2026,DVT,2026,7510205,Công nghệ kỹ thuật ô tô,7510205,,,100,unconfirmed,25050
DVT:7510301@2026,DVT,2026,7510301,"Công nghệ Kỹ thuật điện, điện tử",7510301,,,150,unconfirmed,25056
DVT:7510303@2026,DVT,2026,7510303,Công nghệ kỹ thuật điều khiển và tự động hoá,7510303,,,80,unconfirmed,25062
DVT:7510401@2026,DVT,2026,7510401,Công nghệ kỹ thuật hóa học,7510401,,,80,unconfirmed,25068
DVT:7510605@2026,DVT,2026,7510605,Logistics và Quản lý chuỗi cung ứng,7510605,,,50,unconfirmed,25074
DVT:7519002@2026,DVT,2026,7519002,Công nghệ nông nghiệp (ngành mới),7519002,,,300,unconfirmed,25080
DVT:7520320@2026,DVT,2026,7520320,Kỹ thuật môi trường,7520320,,,100,unconfirmed,25086
DVT:7540101@2026,DVT,2026,7540101,Công nghệ thực phẩm,7540101,,,100,unconfirmed,25092
DVT:7580205@2026,DVT,2026,7580205,Kỹ thuật xây dựng công trình giao thông,7580205,,,80,unconfirmed,25098
DVT:7620101@2026,DVT,2026,7620101,Nông nghiệp,7620101,,,100,unconfirmed,25104
DVT:7620112@2026,DVT,2026,7620112,Bảo vệ thực vật,7620112,,,120,unconfirmed,25110
DVT:7620301@2026,DVT,2026,7620301,Nuôi trồng thủy sản,7620301,,,350,unconfirmed,25116
DVT:7640101@2026,DVT,2026,7640101,Thú y,7640101,,,300,unconfirmed,25122
DVT:7720101@2026,DVT,2026,7720101,Y khoa (*),7720101,,,250,unconfirmed,25128
DVT:7720110@2026,DVT,2026,7720110,Y học dự phòng,7720110,,,100,unconfirmed,25134
DVT:7720201@2026,DVT,2026,7720201,Dược học (*),7720201,,,150,unconfirmed,25140
DVT:7720203@2026,DVT,2026,7720203,Hóa dược,7720203,,,60,unconfirmed,25146
DVT:7720301@2026,DVT,2026,7720301,Điều dưỡng,7720301,,,300,unconfirmed,25152
DVT:7720501@2026,DVT,2026,7720501,Răng - Hàm - Mặt (*),7720501,,,80,unconfirmed,25158
DVT:7720601@2026,DVT,2026,7720601,Kỹ thuật xét nghiệm y học,7720601,,,100,unconfirmed,25164
DVT:7720602@2026,DVT,2026,7720602,Kỹ thuật hình ảnh y học,7720602,,,60,unconfirmed,25170
DVT:7720603@2026,DVT,2026,7720603,Kỹ thuật phục hồi chức năng,7720603,,,100,unconfirmed,25176
DVT:7720701@2026,DVT,2026,7720701,Y tế Công cộng,7720701,,,100,unconfirmed,25182
DVT:7760101@2026,DVT,2026,7760101,Công tác xã hội (Công tác xã hội; Công tác xã hội trong lĩnh vực y tế),7760101,,,50,unconfirmed,25188
DVT:7810103@2026,DVT,2026,7810103,Quản trị dịch vụ du lịch và lữ hành,7810103,,,200,unconfirmed,25194
DVT:7810301@2026,DVT,2026,7810301,Quản lý thể dục thể thao,7810301,,,100,unconfirmed,25200
DVT:7850101@2026,DVT,2026,7850101,Quản lý tài nguyên và môi trường,7850101,,,70,unconfirmed,25206
DYD:7220201@2026,DYD,2026,7220201,Ngôn ngữ anh,7220201,,,,unconfirmed,25222
DYD:7310401@2026,DYD,2026,7310401,Tâm lý học,7310401,,,,unconfirmed,25228
DYD:7310608@2026,DYD,2026,7310608,Đông phương học,7310608,,,,unconfirmed,25234
DYD:7320108@2026,DYD,2026,7320108,Quan hệ công chúng,7320108,,,,unconfirmed,25240
DYD:7340101@2026,DYD,2026,7340101,Quản trị kinh doanh,7340101,,,,unconfirmed,25246
DYD:7380107@2026,DYD,2026,7380107,Luật kinh tế,7380107,,,,unconfirmed,25252
DYD:7420201@2026,DYD,2026,7420201,Công nghệ sinh học,7420201,,,,unconfirmed,25258
DYD:7480201@2026,DYD,2026,7480201,Công nghệ thông tin,7480201,,,,unconfirmed,25264
DYD:7510205@2026,DYD,2026,7510205,Công nghệ kỹ thuật ô tô,7510205,,,,unconfirmed,25270
DYD:7520114@2026,DYD,2026,7520114,Kỹ thuật cơ điện tử,7520114,,,,unconfirmed,25276
DYD:7540101@2026,DYD,2026,7540101,Công nghệ thực phẩm,7540101,,,,unconfirmed,25282
DYD:7580101@2026,DYD,2026,7580101,Kiến trúc,7580101,,,,unconfirmed,25288
DYD:7580108@2026,DYD,2026,7580108,Thiết kế nội thất,7580108,,,,unconfirmed,25294
DYD:7720101@2026,DYD,2026,7720101,Y Khoa,7720101,,,,unconfirmed,25300
DYD:7720201@2026,DYD,2026,7720201,Dược học,7720201,,,,unconfirmed,25306
DYD:7720301@2026,DYD,2026,7720301,Điều dưỡng,7720301,,,,unconfirmed,25312
DYD:7810103@2026,DYD,2026,7810103,Quản trị dịch vụ du lịch và lữ hành,7810103,,,,unconfirmed,25318
DYH:7720101@2026,DYH,2026,7720101,Y khoa,7720101,,,200,unconfirmed,25330
DYH:7720201@2026,DYH,2026,7720201,Dược học,7720201,,,50,unconfirmed,25336
EIU:7310101@2026,EIU,2026,7310101,Kinh tế,7310101,,,100,unconfirmed,25348
EIU:7340101@2026,EIU,2026,7340101,Quản trị kinh doanh,7340101,,,400,unconfirmed,25354
EIU:7480102@2026,EIU,2026,7480102,Mạng máy tính và truyền thông dữ liệu,7480102,,,100,unconfirmed,25360
EIU:7480103@2026,EIU,2026,7480103,Kỹ thuật phần mềm,7480103,,,200,unconfirmed,25366
EIU:7520103@2026,EIU,2026,7520103,Kỹ thuật cơ khí,7520103,,,80,unconfirmed,25372
EIU:7520114@2026,EIU,2026,7520114,Kỹ thuật cơ điện tử,7520114,,,80,unconfirmed,25378
EIU:7520201@2026,EIU,2026,7520201,Kỹ thuật điện,7520201,,,80,unconfirmed,25384
EIU:7520207@2026,EIU,2026,7520207,Kỹ thuật điện tử - viễn thông,7520207,,,80,unconfirmed,25390
EIU:7520216@2026,EIU,2026,7520216,Kỹ thuật điều khiển và tự động hóa,7520216,,,80,unconfirmed,25396
EIU:7720301@2026,EIU,2026,7720301,Điều dưỡng,7720301,,,200,unconfirmed,25402
ETU:7210403@2026,ETU,2026,7210403,Thiết kế đồ họa,7210403,,,79,unconfirmed,25414
ETU:7220201@2026,ETU,2026,7220201,Ngôn ngữ Anh,7220201,,,139,unconfirmed,25420
ETU:7220204@2026,ETU,2026,7220204,Ngôn ngữ Trung Quốc,7220204,,,239,unconfirmed,25426
ETU:7310110@2026,ETU,2026,7310110,Quản lý kinh tế (Ngành mới),7310110,,,100,unconfirmed,25432
ETU:7320104@2026,ETU,2026,7320104,Truyền thông đa phương tiện,7320104,,,179,unconfirmed,25438
ETU:7320108@2026,ETU,2026,7320108,Quan hệ công chúng,7320108,,,99,unconfirmed,25444
ETU:7340101@2026,ETU,2026,7340101,Quản trị kinh doanh,7340101,,,99,unconfirmed,25450
ETU:7340122@2026,ETU,2026,7340122,Thương mại điện tử,7340122,,,50,unconfirmed,25456
ETU:7340201@2026,ETU,2026,7340201,Tài chính ngân hàng,7340201,,,79,unconfirmed,25462
ETU:7340301@2026,ETU,2026,7340301,Kế toán,7340301,,,60,unconfirmed,25468
ETU:7380107@2026,ETU,2026,7380107,Luật kinh tế,7380107,,,146,unconfirmed,25474
ETU:7480201@2026,ETU,2026,7480201,Công nghệ thông tin,7480201,,,140,unconfirmed,25480
ETU:7480203@2026,ETU,2026,7480203,Công nghệ đa phương tiện,7480203,,,60,unconfirmed,25486
ETU:7510605@2026,ETU,2026,7510605,Logistics & quản lý chuỗi cung ứng,7510605,,,50,unconfirmed,25492
ETU:7520130@2026,ETU,2026,7520130,Kỹ thuật ô tô,7520130,,,99,unconfirmed,25498
ETU:7580108@2026,ETU,2026,7580108,Thiết kế nội thất,7580108,,,39,unconfirmed,25504
ETU:7720101@2026,ETU,2026,7720101,Y khoa,7720101,,,479,unconfirmed,25510
ETU:7720115@2026,ETU,2026,7720115,Y học cổ truyền,7720115,,,289,unconfirmed,25516
ETU:7720201@2026,ETU,2026,7720201,Dược học,7720201,,,99,unconfirmed,25522
ETU:7720301@2026,ETU,2026,7720301,Điều dưỡng,7720301,,,139,unconfirmed,25528
ETU:7810103@2026,ETU,2026,7810103,Quản trị dịch vụ Du lịch và Lữ hành,7810103,,,65,unconfirmed,25534
ETU:7810201@2026,ETU,2026,7810201,Quản trị khách sạn,7810201,,,50,unconfirmed,25540
FBU:7220201@2026,FBU,2026,7220201,Ngôn ngữ Anh,7220201,,,100,unconfirmed,25552
FBU:7220204@2026,FBU,2026,7220204,Ngôn ngữ Trung Quốc,7220204,,,450,unconfirmed,25558
FBU:7220204~2@2026,FBU,2026,7220204,"Ngôn ngữ Trung Quốc (Liên kết đào tạo, cấp song bằng)",7220204,,,50,unconfirmed,25564
FBU:7340101@2026,FBU,2026,7340101,Quản trị kinh doanh,7340101,,,450,unconfirmed,25570
FBU:7340120@2026,FBU,2026,7340120,Kinh doanh quốc tế,7340120,,,90,unconfirmed,25576
FBU:7340120~2@2026,FBU,2026,7340120,"Kinh doanh quốc tế (Liên kết đào tạo, cấp song bằng)",7340120,,,10,unconfirmed,25582
FBU:7340121@2026,FBU,2026,7340121,Kinh doanh thương mại,7340121,,,350,unconfirmed,25588
FBU:7340201@2026,FBU,2026,7340201,Tài chính - Ngân hàng,7340201,,,1000,unconfirmed,25594
FBU:7340301@2026,FBU,2026,7340301,Kế toán,7340301,,,400,unconfirmed,25600
FBU:7340302@2026,FBU,2026,7340302,Kiểm toán,7340302,,,100,unconfirmed,25606
FBU:7380107@2026,FBU,2026,7380107,Luật kinh tế,7380107,,,200,unconfirmed,25612
FBU:7480201@2026,FBU,2026,7480201,Công nghệ thông tin,7480201,,,950,unconfirmed,25618
FPT:7220201@2026,FPT,2026,7220201,Ngôn ngữ Anh,7220201,,,,unconfirmed,25629
FPT:7220204@2026,FPT,2026,7220204,Ngôn ngữ Trung Quốc,7220204,,,,unconfirmed,25635
FPT:7220209@2026,FPT,2026,7220209,Ngôn ngữ Nhật,7220209,,,,unconfirmed,25641
FPT:7220210@2026,FPT,2026,7220210,Ngôn ngữ Hàn Quốc,7220210,,,,unconfirmed,25647
FPT:7320106@2026,FPT,2026,7320106,Công nghệ truyền thông,7320106,,,,unconfirmed,25653
FPT:7340101@2026,FPT,2026,7340101,Quản trị kinh doanh,7340101,,,,unconfirmed,25659
FPT:7380101@2026,FPT,2026,7380101,Luật,7380101,,,,unconfirmed,25665
FPT:7480201@2026,FPT,2026,7480201,Công nghệ thông tin,7480201,,,,unconfirmed,25671
GDU:7220204@2026,GDU,2026,7220204,Ngôn ngữ Trung Quốc,7220204,,,96,unconfirmed,25683
GDU:7310608@2026,GDU,2026,7310608,Đông phương học,7310608,,,70,unconfirmed,25689
GDU:7720301@2026,GDU,2026,7720301,Điều dưỡng,7720301,,,50,unconfirmed,25695
GDU:7720501@2026,GDU,2026,7720501,Răng - Hàm - Mặt,7720501,,,50,unconfirmed,25701
GDU:7720603@2026,GDU,2026,7720603,Kỹ thuật phục hồi chức năng,7720603,,,50,unconfirmed,25707
GDU:7340101@2026,GDU,2026,7340101,Quản trị Kinh doanh,7340101,,,462,unconfirmed,25713
GDU:7340121@2026,GDU,2026,7340121,Kinh doanh thương mại,7340121,,,80,unconfirmed,25719
GDU:7340122@2026,GDU,2026,7340122,Thương mại điện tử,7340122,,,96,unconfirmed,25725
GDU:7340201@2026,GDU,2026,7340201,Tài chính Ngân hàng,7340201,,,262,unconfirmed,25731
GDU:7340205@2026,GDU,2026,7340205,Công nghệ tài chính,7340205,,,80,unconfirmed,25737
GDU:7510605@2026,GDU,2026,7510605,Logistics và Quản lý chuỗi cung ứng,7510605,,,132,unconfirmed,25743
GDU:7220201@2026,GDU,2026,7220201,Ngôn ngữ Anh,7220201,,,96,unconfirmed,25749
GDU:7310401@2026,GDU,2026,7310401,Tâm lý học,7310401,,,96,unconfirmed,25755
GDU:7380101@2026,GDU,2026,7380101,Luật,7380101,,,144,unconfirmed,25761
GDU:7380107@2026,GDU,2026,7380107,Luật kinh tế,7380107,,,96,unconfirmed,25767
GDU:7460108@2026,GDU,2026,7460108,Khoa học dữ liệu,7460108,,,80,unconfirmed,25773
GDU:7480102@2026,GDU,2026,7480102,Mạng máy tính và truyền thông dữ liệu,7480102,,,40,unconfirmed,25779
GDU:7480103@2026,GDU,2026,7480103,Kỹ thuật phần mềm,7480103,,,90,unconfirmed,25785
GDU:7480107@2026,GDU,2026,7480107,Trí tuệ nhân tạo,7480107,,,80,unconfirmed,25791
GDU:7480201@2026,GDU,2026,7480201,Công nghệ thông tin,7480201,,,240,unconfirmed,25797
GDU:7480208@2026,GDU,2026,7480208,An ninh mạng,7480208,,,80,unconfirmed,25803
GDU:7340115@2026,GDU,2026,7340115,Marketing,7340115,,,144,unconfirmed,25809
GDU:7340120@2026,GDU,2026,7340120,Kinh doanh quốc tế,7340120,,,60,unconfirmed,25815
GDU:7340301@2026,GDU,2026,7340301,Kế toán,7340301,,,160,unconfirmed,25821
GDU:7320104@2026,GDU,2026,7320104,Truyền thông đa phương tiện,7320104,,,108,unconfirmed,25827
GDU:7320106@2026,GDU,2026,7320106,Công nghệ truyền thông,7320106,,,80,unconfirmed,25833
GDU:7320108@2026,GDU,2026,7320108,Quan hệ công chúng,7320108,,,96,unconfirmed,25839
GDU:7810103@2026,GDU,2026,7810103,Quản trị DV du lịch và lữ hành,7810103,,,96,unconfirmed,25845
GDU:7810201@2026,GDU,2026,7810201,Quản trị khách sạn,7810201,,,120,unconfirmed,25851
GHA:GHA01@2026,GHA,2026,GHA01,Ngôn ngữ Anh,,,,60,unconfirmed,25863
GHA:GHA02@2026,GHA,2026,GHA02,Toán ứng dụng (chuyên ngành Toán tin ứng dụng),,,,60,unconfirmed,25868
GHA:GHA03@2026,GHA,2026,GHA03,Kinh tế (chuyên ngành: Kinh tế và quản lý đầu tư; Kinh tế bưu chính viễn thông),,,,75,unconfirmed,25873
GHA:GHA04@2026,GHA,2026,GHA04,Quản trị kinh doanh,,,,70,unconfirmed,25878
GHA:GHA05@2026,GHA,2026,GHA05,Tài chính - Ngân hàng,,,,65,unconfirmed,25883
GHA:GHA06@2026,GHA,2026,GHA06,Kế toán (chuyên ngành Kế toán tổng hợp),,,,70,unconfirmed,25888
GHA:GHA07@2026,GHA,2026,GHA07,Quản trị dịch vụ du lịch và lữ hành,,,,70,unconfirmed,25893
GHA:GHA08@2026,GHA,2026,GHA08,"Khai thác vận tải (Chuyên ngành: Vận tải - Thương mại quốc tế, Quy hoạch và quản lý GTVT đô thị, Vận tải - Kinh tế đường bộ và thành phố, Vận tải đường sắt)",,,,120,unconfirmed,25898
GHA:GHA09@2026,GHA,2026,GHA09,"Kinh tế vận tải (Chuyên ngành: Kinh tế vận tải ô tô, Kinh tế vận tải hàng không, Kinh tế vận tải đường sắt, Kinh tế vận tải thủy bộ)",,,,140,unconfirmed,25903
GHA:GHA10@2026,GHA,2026,GHA10,Logistics và quản lý chuỗi cung ứng,,,,65,unconfirmed,25908
GHA:GHA11@2026,GHA,2026,GHA11,"Kinh tế xây dựng (Chuyên ngành: Kinh tế và quản lý cơ sở hạ tầng, Kinh tế và quản lý đầu tư xây dựng)",,,,120,unconfirmed,25913
GHA:GHA12@2026,GHA,2026,GHA12,Quản lý xây dựng (Chuyên ngành Quản lý dự án),,,,60,unconfirmed,25918
GHA:GHA13@2026,GHA,2026,GHA13,Khoa học máy tính,,,,60,unconfirmed,25923
GHA:GHA14@2026,GHA,2026,GHA14,Công nghệ thông tin,,,,180,unconfirmed,25928
GHA:GHA15@2026,GHA,2026,GHA15,Trí tuệ nhân tạo,,,,40,unconfirmed,25933
GHA:GHA16@2026,GHA,2026,GHA16,Kỹ thuật cơ khí (chuyên ngành: Công nghệ chế tạo cơ khí; Tự động hoá thiết kế cơ khí),,,,75,unconfirmed,25938
GHA:GHA17@2026,GHA,2026,GHA17,Kỹ thuật cơ điện tử,,,,60,unconfirmed,25943
GHA:GHA18@2026,GHA,2026,GHA18,Kỹ thuật nhiệt (chuyên ngành: Kỹ thuật nhiệt lạnh và điều hoà không khí),,,,70,unconfirmed,25948
GHA:GHA19@2026,GHA,2026,GHA19,Kỹ thuật cơ khí động lực (chuyên ngành: Kỹ thuật phương tiện đường sắt; Máy xây dựng; Kỹ thuật máy động lực),,,,150,unconfirmed,25953
GHA:GHA20@2026,GHA,2026,GHA20,Kỹ thuật ô tô,,,,180,unconfirmed,25958
GHA:GHA21@2026,GHA,2026,GHA21,Kỹ thuật điện (chuyên ngành: Trang bị điện trong công nghiệp và GTVT; Hệ thống điện trong giao thông và công nghiệp),,,,70,unconfirmed,25963
GHA:GHA22@2026,GHA,2026,GHA22,Kỹ thuật điện tử - viễn thông (chuyên ngành: Kỹ thuật viễn thông; Kỹ thuật thông tin và truyền thông),,,,140,unconfirmed,25968
GHA:GHA23@2026,GHA,2026,GHA23,Kỹ thuật điều khiển và tự động hoá (chuyên ngành: Tự động hoá; Kỹ thuật điều khiển và tự động hoá giao thông),,,,130,unconfirmed,25973
GHA:GHA23TM@2026,GHA,2026,GHA23TM,Kỹ thuật điều khiển và tự động hóa (Chuyên ngành Hệ thống giao thông thông minh),,,,60,unconfirmed,25978
GHA:GHA24@2026,GHA,2026,GHA24,Kỹ thuật robot (chuyên ngành Kỹ thuật robot & trí tuệ nhân tạo),,,,65,unconfirmed,25983
GHA:GHA25@2026,GHA,2026,GHA25,Kỹ thuật môi trường,,,,55,unconfirmed,25988
GHA:GHA26@2026,GHA,2026,GHA26,Kỹ thuật an toàn giao thông,,,,60,unconfirmed,25993
GHA:GHA27@2026,GHA,2026,GHA27,Kiến trúc,,,,50,unconfirmed,25998
GHA:GHA28@2026,GHA,2026,GHA28,"Kỹ thuật xây dựng (Chuyên ngành: Xây dựng dân dụng và công nghiệp, Kết cấu xây dựng, Vật liệu và công nghệ xây dựng)",,,,170,unconfirmed,26003
GHA:GHA29@2026,GHA,2026,GHA29,Kỹ thuật cơ sở hạ tầng (Chuyên ngành Cơ sở hạ tầng kỹ thuật đô thị),,,,60,unconfirmed,26008
GHA:GHA30@2026,GHA,2026,GHA30,Quản lý đô thị và công trình,,,,55,unconfirmed,26013
GHA:GHA31@2026,GHA,2026,GHA31,Kỹ thuật xây dựng công trình thủy,,,,50,unconfirmed,26018
GHA:GHA32@2026,GHA,2026,GHA32,"Kỹ thuật xây dựng công trình giao thông (Chuyên ngành: Cầu đường bộ, Đường bộ và kỹ thuật giao thông, Cầu và kết cấu, Đường sắt và đường sắt đô thị, Xây dựng sân bay cảng hàng không, Công trình giao thông đô thị)",,,,550,unconfirmed,26023
GHA:GHA22BD@2026,GHA,2026,GHA22BD,Kỹ thuật điện tử - viễn thông (chuyên ngành: Kỹ thuật điện tử và tin học công nghiệp),,,,50,unconfirmed,26028
GHA:GHA33@2026,GHA,2026,GHA33,Kỹ thuật máy tính (theo hướng chuyên sâu vi mạch-bán dẫn; bao gồm lớp kỹ sư tài năng),,,,120,unconfirmed,26033
GHA:GHA08DS@2026,GHA,2026,GHA08DS,"Khai thác vận tải (Chuyên ngành: Khai thác và quản lý đường sắt tốc độ cao, Khai thác và quản lý đường sắt đô thị)",,,,60,unconfirmed,26038
GHA:GHA19DS@2026,GHA,2026,GHA19DS,Kỹ thuật cơ khí động lực (chuyên ngành: Kỹ thuật phương tiện đường sắt tốc độ cao),,,,75,unconfirmed,26043
GHA:GHA21DS@2026,GHA,2026,GHA21DS,Kỹ thuật điện (chuyên ngành: Hệ thống điện đường sắt tốc độ cao; đường sắt đô thị),,,,65,unconfirmed,26048
GHA:GHA23DS@2026,GHA,2026,GHA23DS,Kỹ thuật điều khiển và tự động hoá (chuyên ngành: Điều khiển và thông tin tín hiệu đường sắt hiện đại),,,,60,unconfirmed,26053
GHA:GHA32DS@2026,GHA,2026,GHA32DS,Kỹ thuật xây dựng công trình giao thông (Chuyên ngành Đường sắt tốc độ cao),,,,60,unconfirmed,26058
GHA:GHA04QT@2026,GHA,2026,GHA04QT,Quản trị kinh doanh (Chương trình CLC Quản trị kinh doanh Việt-Anh),,,,90,unconfirmed,26063
GHA:GHA06QT@2026,GHA,2026,GHA06QT,Kế toán (Chương trình CLC Kế toán tổng hợp Việt-Anh),,,,90,unconfirmed,26068
GHA:GHA10QT@2026,GHA,2026,GHA10QT,Logistics và quản lý chuỗi cung ứng (Chương trình CLC Logistics và quản lý chuỗi cung ứng Việt -Anh),,,,45,unconfirmed,26073
GHA:GHA11QT@2026,GHA,2026,GHA11QT,Kinh tế xây dựng (Chương trình CLC Kinh tế xây dựng công trình giao thông Việt - Anh),,,,50,unconfirmed,26078
GHA:GHA12QT@2026,GHA,2026,GHA12QT,Quản lý xây dựng (Chương trình CLC Quản lý xây dựng Việt - Anh),,,,50,unconfirmed,26083
GHA:GHA14QT@2026,GHA,2026,GHA14QT,Công nghệ thông tin (Chương trình CLC Công nghệ thông tin Việt-Anh),,,,90,unconfirmed,26088
GHA:GHA16QT@2026,GHA,2026,GHA16QT,Kỹ thuật cơ khí (Chương trình CLC Tự động hóa thiết kế cơ khí),,,,50,unconfirmed,26093
GHA:GHA20QT@2026,GHA,2026,GHA20QT,Kỹ thuật ô tô (Chương trình CLC Kỹ thuật ô tô Việt - Anh),,,,90,unconfirmed,26098
GHA:GHA22QT@2026,GHA,2026,GHA22QT,Kỹ thuật điện tử - viễn thông (Chương trình CLC Kỹ thuật viễn thông),,,,50,unconfirmed,26103
GHA:GHA28QT1@2026,GHA,2026,GHA28QT1,Kỹ thuật xây dựng (Chương trình tiên tiến Kỹ thuật xây dựng công trình giao thông),,,,60,unconfirmed,26108
GHA:GHA28QT2@2026,GHA,2026,GHA28QT2,Kỹ thuật xây dựng (Chương trình CLC Xây dựng dân dụng và công nghiệp),,,,50,unconfirmed,26113
GHA:GHA32QT1@2026,GHA,2026,GHA32QT1,Kỹ thuật xây dựng công trình giao thông (Chương trình CLC Cầu - Đường bộ Việt - Pháp),,,,50,unconfirmed,26118
GHA:GHA32QT2@2026,GHA,2026,GHA32QT2,Kỹ thuật xây dựng công trình giao thông (Chương trình CLC Cầu- Đường bộ Việt - Anh),,,,50,unconfirmed,26123
GHA:GHA32QT3@2026,GHA,2026,GHA32QT3,Kỹ thuật xây dựng công trình giao thông (Chương trình CLC Công trình giao thông đô thị) (Mã tuyển sinh các năm trước: Chương trình CLC Công trình giao thông đô thị Việt-Nhật),,,,50,unconfirmed,26128
GNT:7140221@2026,GNT,2026,7140221,Sư phạm Âm nhạc,7140221,,,,unconfirmed,26136
GNT:7140222@2026,GNT,2026,7140222,Sư phạm Mỹ thuật,7140222,,,,unconfirmed,26142
GNT:7210103@2026,GNT,2026,7210103,Hội họa,7210103,,,,unconfirmed,26148
GNT:7210205@2026,GNT,2026,7210205,Thanh nhạc,7210205,,,,unconfirmed,26154
GNT:7210207@2026,GNT,2026,7210207,Biểu diễn nhạc cụ phương Tây,7210207,,,,unconfirmed,26160
GNT:7210208@2026,GNT,2026,7210208,Piano,7210208,,,,unconfirmed,26166
GNT:7210234@2026,GNT,2026,7210234,Diễn viên Kịch - Điện ảnh,7210234,,,,unconfirmed,26172
GNT:7210403@2026,GNT,2026,7210403,Thiết kế đồ họa,7210403,,,,unconfirmed,26178
GNT:7210404@2026,GNT,2026,7210404,Thiết kế thời trang,7210404,,,,unconfirmed,26184
GNT:7210408@2026,GNT,2026,7210408,Nghệ thuật số,7210408,,,,unconfirmed,26190
GNT:7229042@2026,GNT,2026,7229042,Quản lý văn hóa,7229042,,,,unconfirmed,26196
GNT:7540204@2026,GNT,2026,7540204,Công nghệ may,7540204,,,,unconfirmed,26202
GNT:7760101@2026,GNT,2026,7760101,Công tác xã hội,7760101,,,,unconfirmed,26208
GNT:7810101@2026,GNT,2026,7810101,Du lịch,7810101,,,,unconfirmed,26214
GSA:GSA01@2026,GSA,2026,GSA01,Ngôn ngữ Anh,,,,50,unconfirmed,26226
GSA:GSA02@2026,GSA,2026,GSA02,Quản trị kinh doanh,,,,82,unconfirmed,26231
GSA:GSA03@2026,GSA,2026,GSA03,Kinh doanh quốc tế,,,,55,unconfirmed,26236
GSA:GSA04@2026,GSA,2026,GSA04,Tài chính - Ngân hàng,,,,55,unconfirmed,26241
GSA:GSA05@2026,GSA,2026,GSA05,Kế toán (chuyên ngành: Kế toán tổng hợp),,,,75,unconfirmed,26246
GSA:GSA07@2026,GSA,2026,GSA07,Công nghệ thông tin,,,,100,unconfirmed,26251
GSA:GSA08@2026,GSA,2026,GSA08,Logistics và Quản lý chuỗi cung ứng,,,,58,unconfirmed,26256
GSA:GSA09@2026,GSA,2026,GSA09,Kỹ thuật cơ điện tử,,,,50,unconfirmed,26261
GSA:GSA10@2026,GSA,2026,GSA10,"Kỹ thuật cơ khí động lực (chuyên ngành: Máy xây dựng, Kỹ thuật máy động lực)",,,,70,unconfirmed,26266
GSA:GSA11@2026,GSA,2026,GSA11,Kỹ thuật ô tô,,,,50,unconfirmed,26271
GSA:GSA12@2026,GSA,2026,GSA12,Kỹ thuật điện (chuyên ngành: Trang bị điện trong công nghiệp và GTVT),,,,70,unconfirmed,26276
GSA:GSA13@2026,GSA,2026,GSA13,Kỹ thuật điện tử - viễn thông (chuyên ngành: Kỹ thuật viễn thông),,,,50,unconfirmed,26281
GSA:GSA14@2026,GSA,2026,GSA14,Kỹ thuật điều khiển và tự động hoá (chuyên ngành: Tự động hoá),,,,50,unconfirmed,26286
GSA:GSA15@2026,GSA,2026,GSA15,Kiến trúc,,,,60,unconfirmed,26291
GSA:GSA16@2026,GSA,2026,GSA16,Quản lý đô thị và công trình,,,,50,unconfirmed,26296
GSA:GSA17@2026,GSA,2026,GSA17,Kỹ thuật xây dựng (chuyên ngành: Xây dựng dân dụng và công nghiệp),,,,170,unconfirmed,26301
GSA:GSA18@2026,GSA,2026,GSA18,"Kỹ thuật xây dựng công trình giao thông (chuyên ngành: Cầu đường bộ, Đường bộ và kỹ thuật giao thông)",,,,180,unconfirmed,26306
GSA:GSA19@2026,GSA,2026,GSA19,"Kinh tế xây dựng (chuyên ngành: Kinh tế và quản lý đầu tư xây dựng, Kinh tế và quản lý cơ sở hạ tầng)",,,,100,unconfirmed,26311
GSA:GSA20@2026,GSA,2026,GSA20,Quản lý xây dựng (chuyên ngành: Quản lý dự án),,,,60,unconfirmed,26316
GSA:GSA21@2026,GSA,2026,GSA21,Quản trị dịch vụ du lịch và lữ hành,,,,60,unconfirmed,26321
GSA:GSA22@2026,GSA,2026,GSA22,"Khai thác vận tải (chuyên ngành: Vận tải - Thương mại quốc tế, Quy hoạch và quản lý GTVT đô thị)",,,,80,unconfirmed,26326
GSA:GSA23@2026,GSA,2026,GSA23,Kinh tế vận tải (chuyên ngành: Kinh tế vận tải thuỷ bộ),,,,60,unconfirmed,26331
GSA:GSA06@2026,GSA,2026,GSA06,Kỹ thuật máy tính (theo hướng chuyên sâu vi mạch bán dẫn),,,,55,unconfirmed,26336
GSA:GSA13BD@2026,GSA,2026,GSA13BD,Kỹ thuật điện tử - viễn thông (chuyên ngành: Kỹ thuật Điện tử và tin học công nghiệp),,,,50,unconfirmed,26341
GSA:GSA14DS@2026,GSA,2026,GSA14DS,Kỹ thuật điều khiển và tự động hoá (chuyên ngành: Điều khiển và thông tin tín hiệu đường sắt hiện đại),,,,50,unconfirmed,26346
GSA:GSA18DS@2026,GSA,2026,GSA18DS,Kỹ thuật xây dựng công trình giao thông (chuyên ngành: Đường sắt tốc độ cao),,,,60,unconfirmed,26351
GSA:GSA08QT@2026,GSA,2026,GSA08QT,Logistics và Quản lý chuỗi cung ứng (Chương trình CLC Logistics và Quản lý chuỗi cung ứng Việt-Anh),,,,50,unconfirmed,26356
GSA:GSA11QT@2026,GSA,2026,GSA11QT,Kỹ thuật ô tô (Chương trình CLC kỹ thuật ô tô Việt-Anh),,,,50,unconfirmed,26361
GSA:GSA18QT@2026,GSA,2026,GSA18QT,Kỹ thuật xây dựng công trình giao thông (Chương trình CLC Cầu - Đường bộ Việt-Anh),,,,50,unconfirmed,26366
GTA:GTADCAI2@2026,GTA,2026,GTADCAI2,Trí tuệ nhân tạo,,,,100,unconfirmed,26377
GTA:GTADCAT2@2026,GTA,2026,GTADCAT2,An toàn dữ liệu và an ninh mạng,,,,60,unconfirmed,26382
GTA:GTADCBC2@2026,GTA,2026,GTADCBC2,"Quản lý, khai thác và bảo trì đường cao tốc",,,,30,unconfirmed,26387
GTA:GTADCBI2@2026,GTA,2026,GTADCBI2,Xây dựng và quản lý số công trình giao thông,,,,30,unconfirmed,26392
GTA:GTADCCD1@2026,GTA,2026,GTADCCD1,CNKT XD Cầu đường bộ (học tại Phú Thọ),,,,30,unconfirmed,26397
GTA:GTADCCD2@2026,GTA,2026,GTADCCD2,Công nghệ kỹ thuật xây dựng Cầu đường bộ,,,,180,unconfirmed,26402
GTA:GTADCCH2@2026,GTA,2026,GTADCCH2,Hạ tầng giao thông đô thị thông minh,,,,60,unconfirmed,26407
GTA:GTADCCHT2@2026,GTA,2026,GTADCCHT2,Hạ tầng giao thông đô thị thông minh (Lớp tài năng),,,,30,unconfirmed,26412
GTA:GTADCCI2@2026,GTA,2026,GTADCCI2,Thương mại quốc tế,,,,60,unconfirmed,26417
GTA:GTADCCM2@2026,GTA,2026,GTADCCM2,Công nghệ chế tạo máy,,,,100,unconfirmed,26422
GTA:GTADCCMJ2@2026,GTA,2026,GTADCCMJ2,"Công nghệ chế tạo máy (tăng cường tiếng Nhật, định hướng làm việc tại Nhật Bản)",,,,30,unconfirmed,26427
GTA:GTADCCN2@2026,GTA,2026,GTADCCN2,Công nghệ kỹ thuật cơ điện tử,,,,200,unconfirmed,26432
GTA:GTADCDD2@2026,GTA,2026,GTADCDD2,CNKT công trình xây dựng dân dụng và công nghiệp,,,,160,unconfirmed,26437
GTA:GTADCDM2@2026,GTA,2026,GTADCDM2,Công nghệ phương tiện đường sắt hiện đại,,,,40,unconfirmed,26442
GTA:GTADCDQT2@2026,GTA,2026,GTADCDQT2,Quản lý và xây dựng công trình dân dụng thông minh (Lớp tài năng),,,,30,unconfirmed,26447
GTA:GTADCDT2@2026,GTA,2026,GTADCDT2,Công nghệ kỹ thuật điện tử - viễn thông,,,,320,unconfirmed,26452
GTA:GTADCDTJ2@2026,GTA,2026,GTADCDTJ2,"Công nghệ kỹ thuật Điện tử - Viễn thông (tăng cường tiếng Nhật, định hướng làm việc tại Nhật Bản)",,,,50,unconfirmed,26457
GTA:GTADCEN2@2026,GTA,2026,GTADCEN2,Ngôn ngữ Anh,,,,87,unconfirmed,26462
GTA:GTADCFT2@2026,GTA,2026,GTADCFT2,Công nghệ tài chính,,,,180,unconfirmed,26467
GTA:GTADCGMT2@2026,GTA,2026,GTADCGMT2,Công nghệ vật liệu xây dựng tiên tiến và thông minh (Lớp tài năng),,,,30,unconfirmed,26472
GTA:GTADCHQ2@2026,GTA,2026,GTADCHQ2,Hải quan và Logistics,,,,150,unconfirmed,26477
GTA:GTADCHQA2@2026,GTA,2026,GTADCHQA2,Hải quan và Logistics (tăng cường tiếng Anh),,,,30,unconfirmed,26482
GTA:GTADCHS2@2026,GTA,2026,GTADCHS2,Đường sắt tốc độ cao,,,,50,unconfirmed,26487
GTA:GTADCHST2@2026,GTA,2026,GTADCHST2,Đường sắt tốc độ cao (Lớp tài năng),,,,30,unconfirmed,26492
GTA:GTADCKB2@2026,GTA,2026,GTADCKB2,Kinh tế và quản lý bất động sản,,,,60,unconfirmed,26497
GTA:GTADCKN2@2026,GTA,2026,GTADCKN2,Kiến trúc nội thất,,,,180,unconfirmed,26502
GTA:GTADCKQ2@2026,GTA,2026,GTADCKQ2,Kinh doanh quốc tế,,,,60,unconfirmed,26507
GTA:GTADCKQA2@2026,GTA,2026,GTADCKQA2,Kinh doanh quốc tế (tăng cường tiếng Anh),,,,30,unconfirmed,26512
GTA:GTADCKS2@2026,GTA,2026,GTADCKS2,Kinh doanh số,,,,130,unconfirmed,26517
GTA:GTADCKT1@2026,GTA,2026,GTADCKT1,Kế toán doanh nghiệp (học tại địa điểm Phú Thọ),,,,40,unconfirmed,26522
GTA:GTADCKT2@2026,GTA,2026,GTADCKT2,Kế toán doanh nghiệp,,,,330,unconfirmed,26527
GTA:GTADCKX2@2026,GTA,2026,GTADCKX2,Kinh tế xây dựng,,,,240,unconfirmed,26532
GTA:GTADCLA2@2026,GTA,2026,GTADCLA2,Luật,,,,64,unconfirmed,26537
GTA:GTADCLD2@2026,GTA,2026,GTADCLD2,Lữ hành và du lịch,,,,60,unconfirmed,26542
GTA:GTADCLDA2@2026,GTA,2026,GTADCLDA2,Lữ hành và du lịch (tăng cường tiếng Anh),,,,30,unconfirmed,26547
GTA:GTADCLG2@2026,GTA,2026,GTADCLG2,Logistics và quản lý chuỗi cung ứng,,,,220,unconfirmed,26552
GTA:GTADCLGA2@2026,GTA,2026,GTADCLGA2,Logistics và quản lý chuỗi cung ứng (tăng cường tiếng Anh),,,,60,unconfirmed,26557
GTA:GTADCLGJ2@2026,GTA,2026,GTADCLGJ2,"Logistics và quản lý chuỗi cung ứng (tăng cường tiếng Nhật, định hướng làm việc tại Nhật Bản)",,,,50,unconfirmed,26562
GTA:GTADCLH2@2026,GTA,2026,GTADCLH2,Logistics và hạ tầng giao thông,,,,100,unconfirmed,26567
GTA:GTADCMA2@2026,GTA,2026,GTADCMA2,Truyền thông Marketing,,,,50,unconfirmed,26572
GTA:GTADCMN2@2026,GTA,2026,GTADCMN2,Công nghệ và quản lý môi trường,,,,70,unconfirmed,26577
GTA:GTADCMQ2@2026,GTA,2026,GTADCMQ2,Công nghệ và quản lý thiết bị xây dựng,,,,50,unconfirmed,26582
GTA:GTADCMS2@2026,GTA,2026,GTADCMS2,Digital Marketing,,,,50,unconfirmed,26587
GTA:GTADCMT2@2026,GTA,2026,GTADCMT2,CNKT cơ khí tàu thủy và công trình nổi,,,,30,unconfirmed,26592
GTA:GTADCMX2@2026,GTA,2026,GTADCMX2,Máy và thiết bị tự động hóa xây dựng,,,,50,unconfirmed,26597
GTA:GTADCOD2@2026,GTA,2026,GTADCOD2,Cơ điện tử ô tô,,,,140,unconfirmed,26602
GTA:GTADCODA2@2026,GTA,2026,GTADCODA2,Cơ điện tử ô tô (tăng cường tiếng Anh),,,,40,unconfirmed,26607
GTA:GTADCOG2@2026,GTA,2026,GTADCOG2,Công nghệ ô tô và giao thông thông minh,,,,50,unconfirmed,26612
GTA:GTADCOH2@2026,GTA,2026,GTADCOH2,Công nghệ ô tô điện và ô tô hybrid,,,,100,unconfirmed,26617
GTA:GTADCOT1@2026,GTA,2026,GTADCOT1,Công nghệ kỹ thuật ô tô (học tại địa điểm Phú Thọ),,,,100,unconfirmed,26622
GTA:GTADCOT2@2026,GTA,2026,GTADCOT2,Công nghệ kỹ thuật ô tô,,,,170,unconfirmed,26627
GTA:GTADCPK2@2026,GTA,2026,GTADCPK2,Phân tích dữ liệu trong kinh tế,,,,60,unconfirmed,26632
GTA:GTADCQHA2@2026,GTA,2026,GTADCQHA2,Quản trị dịch vụ hàng không (tăng cường tiếng Anh),,,,30,unconfirmed,26637
GTA:GTADCQM1@2026,GTA,2026,GTADCQM1,Quản trị Marketing (học tại địa điểm Phú Thọ),,,,40,unconfirmed,26642
GTA:GTADCQM2@2026,GTA,2026,GTADCQM2,Quản trị Marketing,,,,330,unconfirmed,26647
GTA:GTADCQT2@2026,GTA,2026,GTADCQT2,Quản trị doanh nghiệp,,,,180,unconfirmed,26652
GTA:GTADCQX2@2026,GTA,2026,GTADCQX2,Quản lý xây dựng,,,,120,unconfirmed,26657
GTA:GTADCRT2@2026,GTA,2026,GTADCRT2,Công nghệ kỹ thuật Robot và Trí tuệ nhân tạo,,,,100,unconfirmed,26662
GTA:GTADCTD2@2026,GTA,2026,GTADCTD2,Thương mại điện tử,,,,360,unconfirmed,26667
GTA:GTADCTDA2@2026,GTA,2026,GTADCTDA2,Thương mại điện tử (tăng cường tiếng Anh),,,,40,unconfirmed,26672
GTA:GTADCTG2@2026,GTA,2026,GTADCTG2,Trí tuệ nhân tạo và giao thông thông minh,,,,120,unconfirmed,26677
GTA:GTADCTGT2@2026,GTA,2026,GTADCTGT2,Trí tuệ nhân tạo và giao thông thông minh (Lớp tài năng),,,,30,unconfirmed,26682
GTA:GTADCTN2@2026,GTA,2026,GTADCTN2,Tài chính doanh nghiệp,,,,180,unconfirmed,26687
GTA:GTADCTQ2@2026,GTA,2026,GTADCTQ2,Thanh tra và quản lý công trình giao thông,,,,40,unconfirmed,26692
GTA:GTADCTT1@2026,GTA,2026,GTADCTT1,Công nghệ thông tin (học tại Phú Thọ),,,,65,unconfirmed,26697
GTA:GTADCTT2@2026,GTA,2026,GTADCTT2,Công nghệ thông tin,,,,270,unconfirmed,26702
GTA:GTADCTTA2@2026,GTA,2026,GTADCTTA2,Công nghệ thông tin (tăng cường tiếng Anh),,,,50,unconfirmed,26707
GTA:GTADCVL2@2026,GTA,2026,GTADCVL2,Logistics và vận tải đa phương thức,,,,170,unconfirmed,26712
GTA:GTADCVM2@2026,GTA,2026,GTADCVM2,Công nghệ kỹ thuật vi mạch bán dẫn,,,,60,unconfirmed,26717
GTA:GTADCVS2@2026,GTA,2026,GTADCVS2,Quản lý và điều hành vận tải đường sắt tốc độ cao,,,,50,unconfirmed,26722
GTA:GTADCVV2@2026,GTA,2026,GTADCVV2,Kỹ thuật vi điện tử và vật lý bán dẫn,,,,50,unconfirmed,26727
GTA:GTADCXQ2@2026,GTA,2026,GTADCXQ2,Xây dựng và quản lý hạ tầng đô thị,,,,80,unconfirmed,26732
GTA:GTADCXS2@2026,GTA,2026,GTADCXS2,Xây dựng và quản lý khai thác đường sắt đô thị,,,,30,unconfirmed,26737
GTA:GTADKLG2@2026,GTA,2026,GTADKLG2,Logistics - Trường Đại học Tongmyong - Hàn Quốc cấp bằng,,,,10,unconfirmed,26742
GTA:GTADKTT2@2026,GTA,2026,GTADKTT2,Công nghệ thông tin – ĐH Công nghệ thông tin và quản lý Ba Lan- UITM cấp bằng,,,,10,unconfirmed,26747
HBT:BC602@2026,HBT,2026,BC602,"Báo chí, chuyên ngành Báo in",,,,50,unconfirmed,26758
HBT:BC603@2026,HBT,2026,BC603,"Báo chí, chuyên ngành Ảnh báo chí",,,,50,unconfirmed,26763
HBT:BC604@2026,HBT,2026,BC604,"Báo chí, chuyên ngành Báo phát thanh",,,,50,unconfirmed,26768
HBT:BC605@2026,HBT,2026,BC605,"Báo chí, chuyên ngành Báo truyền hình",,,,100,unconfirmed,26773
HBT:BC606@2026,HBT,2026,BC606,"Báo chí, chuyên ngành Quay phim truyền hình",,,,50,unconfirmed,26778
HBT:BC607@2026,HBT,2026,BC607,"Báo chí, chuyên ngành Báo mạng điện tử",,,,100,unconfirmed,26783
HBT:BC7320104@2026,HBT,2026,BC7320104,Truyền thông đa phương tiện,,,,150,unconfirmed,26788
HBT:BC7320105@2026,HBT,2026,BC7320105,Truyền thông đại chúng,,,,100,unconfirmed,26793
HBT:CN7229008@2026,HBT,2026,CN7229008,Chủ nghĩa xã hội khoa học,,,,40,unconfirmed,26798
HBT:CT531@2026,HBT,2026,CT531,"Chính trị học, chuyên ngành Chính trị phát triển",,,,50,unconfirmed,26803
HBT:CT7340403@2026,HBT,2026,CT7340403,Quản lý công,,,,100,unconfirmed,26808
HBT:KT527@2026,HBT,2026,KT527,"Kinh tế, chuyên ngành Quản lý kinh tế",,,,150,unconfirmed,26813
HBT:KT7310102@2026,HBT,2026,KT7310102,Kinh tế chính trị,,,,40,unconfirmed,26818
HBT:LS7229010@2026,HBT,2026,LS7229010,"Lịch sử, chuyên ngành Lịch sử Đảng Cộng sản Việt Nam",,,,40,unconfirmed,26823
HBT:NN7220201@2026,HBT,2026,NN7220201,Ngôn ngữ Anh,,,,60,unconfirmed,26828
HBT:NP7310205@2026,HBT,2026,NP7310205,Quản lý nhà nước,,,,100,unconfirmed,26833
HBT:QQ615@2026,HBT,2026,QQ615,"Quan hệ công chúng, chuyên ngành Quan hệ công chúng chuyên nghiệp",,,,50,unconfirmed,26838
HBT:QQ616@2026,HBT,2026,QQ616,"Quan hệ công chúng, chuyên ngành Truyền thông marketing",,,,100,unconfirmed,26843
HBT:QQ618@2026,HBT,2026,QQ618,"Quan hệ công chúng, chuyên ngành Quảng cáo",,,,50,unconfirmed,26848
HBT:QT610@2026,HBT,2026,QT610,"Quan hệ quốc tế, chuyên ngành Thông tin đối ngoại",,,,50,unconfirmed,26853
HBT:QT611@2026,HBT,2026,QT611,"Quan hệ quốc tế, chuyên ngành Quan hệ chính trị và Truyền thông quốc tế",,,,50,unconfirmed,26858
HBT:QT614@2026,HBT,2026,QT614,"Quan hệ quốc tế, chuyên ngành Quan hệ quốc tế và Truyền thông toàn cầu",,,,50,unconfirmed,26863
HBT:QT7320107@2026,HBT,2026,QT7320107,Truyền thông quốc tế,,,,50,unconfirmed,26868
HBT:TH533@2026,HBT,2026,TH533,"Chính trị học, chuyên ngành Tư tưởng Hồ Chí Minh",,,,40,unconfirmed,26873
HBT:TM7229001@2026,HBT,2026,TM7229001,Triết học,,,,40,unconfirmed,26878
HBT:TT530@2026,HBT,2026,TT530,"Chính trị học, chuyên ngành Công tác tư tưởng - văn hóa",,,,100,unconfirmed,26883
HBT:TT538@2026,HBT,2026,TT538,"Chính trị học, chuyên ngành Truyền thông chính sách",,,,50,unconfirmed,26888
HBT:XB801@2026,HBT,2026,XB801,"Xuất bản, chuyên ngành Biên tập xuất bản",,,,50,unconfirmed,26893
HBT:XB802@2026,HBT,2026,XB802,"Xuất bản, chuyên ngành Xuất bản điện tử",,,,50,unconfirmed,26898
HBT:XD7310202@2026,HBT,2026,XD7310202,Xây dựng Đảng và chính quyền nhà nước,,,,90,unconfirmed,26903
HBT:XH7310301@2026,HBT,2026,XH7310301,Xã hội học,,,,50,unconfirmed,26908
HBT:XH7760101@2026,HBT,2026,XH7760101,Công tác xã hội,,,,50,unconfirmed,26913
HCA:7310202@2026,HCA,2026,7310202,"Xây dựng Đảng và chính quyền nhà nước (Thí sinh Nam, miền Bắc)",7310202,,,45,unconfirmed,26924
HCA:7310202~2@2026,HCA,2026,7310202,"Xây dựng Đảng và chính quyền nhà nước (Thí sinh Nam, miền Nam)",7310202,,,45,unconfirmed,26930
HCA:7310202~3@2026,HCA,2026,7310202,"Xây dựng Đảng và chính quyền nhà nước (Thí sinh Nữ, miền Bắc)",7310202,,,5,unconfirmed,26936
HCA:7310202~4@2026,HCA,2026,7310202,"Xây dựng Đảng và chính quyền nhà nước (Thí sinh Nữ, miền Nam)",7310202,,,5,unconfirmed,26942
HCB:7480200@2026,HCB,2026,7480200,"Nhóm ngành Kỹ thuật - Hậu cần (Thí sinh Nam, miền Bắc)",7480200,,,,unconfirmed,26954
HCB:7480200~2@2026,HCB,2026,7480200,"Nhóm ngành Kỹ thuật - Hậu cần (Thí sinh Nam, miền Nam)",7480200,,,,unconfirmed,26960
HCB:7480200~3@2026,HCB,2026,7480200,"Nhóm ngành Kỹ thuật - Hậu cần (Thí sinh Nữ, miền Bắc)",7480200,,,,unconfirmed,26966
HCB:7480200~4@2026,HCB,2026,7480200,"Nhóm ngành Kỹ thuật - Hậu cần (Thí sinh Nữ, miền Nam)",7480200,,,,unconfirmed,26972
HCB:7520207@2026,HCB,2026,7520207,"Kỹ thuật điện tử, viễn thông (gửi đào tạo tại Học viện Mật mã",7520207,,,,unconfirmed,26978
HCB:7520207~2@2026,HCB,2026,7520207,"Kỹ thuật điện tử, viễn thông (gửi đào tạo tại Học viện Mật mã",7520207,,,,unconfirmed,26984
HCB:7720101@2026,HCB,2026,7720101,"Y khoa (Gửi Học viện Quân y, Bộ Quốc phòng)",7720101,,,,unconfirmed,26990
HCB:7720101~2@2026,HCB,2026,7720101,"Y khoa (Gửi Học viện Quân y, Bộ Quốc phòng)",7720101,,,,unconfirmed,26996
HCB:7720101A@2026,HCB,2026,7720101A,"Y khoa (Gửi trường ĐH Y Dược, ĐHQGHN)",7720101,,,,unconfirmed,27002
HCB:7720101A~2@2026,HCB,2026,7720101A,"Y khoa (Gửi trường ĐH Y Dược, ĐHQGHN)",7720101,,,,unconfirmed,27008
HCH:729401HN@2026,HCH,2026,729401HN,Chuyên ngành Văn hoá du lịch thuộc ngành Văn hoá học,,,I. Tại trụ sở chính Học viện Hành chính và Quản trị công tại Hà Nội,30,unconfirmed,27020
HCH:729402HN@2026,HCH,2026,729402HN,Chuyên ngành Văn hoá truyền thông thuộc ngành Văn hoá học,,,I. Tại trụ sở chính Học viện Hành chính và Quản trị công tại Hà Nội,140,unconfirmed,27026
HCH:729421HN@2026,HCH,2026,729421HN,Chuyên ngành Quản lý di sản văn hoá và phát triển du lịch thuộc ngành Quản lý văn hoá,,,I. Tại trụ sở chính Học viện Hành chính và Quản trị công tại Hà Nội,40,unconfirmed,27032
HCH:72942HN@2026,HCH,2026,72942HN,Quản lý văn hóa,,,I. Tại trụ sở chính Học viện Hành chính và Quản trị công tại Hà Nội,70,unconfirmed,27038
HCH:731111HN@2026,HCH,2026,731111HN,Chuyên ngành Kinh tế Du lịch thuộc ngành Kinh tế,,,I. Tại trụ sở chính Học viện Hành chính và Quản trị công tại Hà Nội,50,unconfirmed,27044
HCH:73111HN@2026,HCH,2026,73111HN,Kinh tế,,,I. Tại trụ sở chính Học viện Hành chính và Quản trị công tại Hà Nội,170,unconfirmed,27050
HCH:73121HN@2026,HCH,2026,73121HN,Chính trị học,,,I. Tại trụ sở chính Học viện Hành chính và Quản trị công tại Hà Nội,150,unconfirmed,27056
HCH:73122HN@2026,HCH,2026,73122HN,Xây dựng Đảng và chính quyền nhà nước,,,I. Tại trụ sở chính Học viện Hành chính và Quản trị công tại Hà Nội,150,unconfirmed,27062
HCH:731251HN@2026,HCH,2026,731251HN,Chuyên ngành Quản trị tổ chức thuộc ngành Quản lý nhà nước,,,I. Tại trụ sở chính Học viện Hành chính và Quản trị công tại Hà Nội,40,unconfirmed,27068
HCH:731252HN@2026,HCH,2026,731252HN,Chuyên ngành Quản trị địa phương thuộc ngành Quản lý nhà nước,,,I. Tại trụ sở chính Học viện Hành chính và Quản trị công tại Hà Nội,40,unconfirmed,27074
HCH:73125EHN@2026,HCH,2026,73125EHN,Quản lý nhà nước - chương trình tiếng Anh,,,I. Tại trụ sở chính Học viện Hành chính và Quản trị công tại Hà Nội,40,unconfirmed,27080
HCH:73125HN@2026,HCH,2026,73125HN,Quản lý nhà nước,,,I. Tại trụ sở chính Học viện Hành chính và Quản trị công tại Hà Nội,250,unconfirmed,27086
HCH:73221HN@2026,HCH,2026,73221HN,Thông tin - thư viện,,,I. Tại trụ sở chính Học viện Hành chính và Quản trị công tại Hà Nội,75,unconfirmed,27092
HCH:732331HN@2026,HCH,2026,732331HN,Chuyên ngành Văn thư - Lưu trữ thuộc ngành Lưu trữ học,,,I. Tại trụ sở chính Học viện Hành chính và Quản trị công tại Hà Nội,70,unconfirmed,27098
HCH:73233HN@2026,HCH,2026,73233HN,Lưu trữ học,,,I. Tại trụ sở chính Học viện Hành chính và Quản trị công tại Hà Nội,85,unconfirmed,27104
HCH:73444HN@2026,HCH,2026,73444HN,Quản trị nhân lực,,,I. Tại trụ sở chính Học viện Hành chính và Quản trị công tại Hà Nội,310,unconfirmed,27110
HCH:73446HN@2026,HCH,2026,73446HN,Quản trị văn phòng,,,I. Tại trụ sở chính Học viện Hành chính và Quản trị công tại Hà Nội,310,unconfirmed,27116
HCH:738111HN@2026,HCH,2026,738111HN,Chuyên ngành Thanh tra thuộc ngành Luật,,,I. Tại trụ sở chính Học viện Hành chính và Quản trị công tại Hà Nội,70,unconfirmed,27122
HCH:73811HN@2026,HCH,2026,73811HN,Luật,,,I. Tại trụ sở chính Học viện Hành chính và Quản trị công tại Hà Nội,240,unconfirmed,27128
HCH:748141HN@2026,HCH,2026,748141HN,Chuyên ngành Hệ thống thông tin thương mại điện tử thuộc ngành Hệ thống thông tin,,,I. Tại trụ sở chính Học viện Hành chính và Quản trị công tại Hà Nội,70,unconfirmed,27134
HCH:74814HN@2026,HCH,2026,74814HN,Hệ thống thông tin,,,I. Tại trụ sở chính Học viện Hành chính và Quản trị công tại Hà Nội,100,unconfirmed,27140
HCH:78113HN@2026,HCH,2026,78113HN,Quản trị dịch vụ du lịch và lữ hành,,,I. Tại trụ sở chính Học viện Hành chính và Quản trị công tại Hà Nội,140,unconfirmed,27146
HCH:73111DN@2026,HCH,2026,73111DN,Kinh tế (Cơ sở Đà Nẵng),,,II. Phân hiệu Học viện Hành chính và Quản trị công tại thành phố Đà Nẵng,40,unconfirmed,27152
HCH:73125DN@2026,HCH,2026,73125DN,Quản lý nhà nước (Cơ sở Đà Nẵng),,,II. Phân hiệu Học viện Hành chính và Quản trị công tại thành phố Đà Nẵng,80,unconfirmed,27158
HCH:73444DN@2026,HCH,2026,73444DN,Quản trị nhân lực (Cơ sở Đà Nẵng),,,II. Phân hiệu Học viện Hành chính và Quản trị công tại thành phố Đà Nẵng,80,unconfirmed,27164
HCH:73446DN@2026,HCH,2026,73446DN,Quản trị văn phòng (Cơ sở Đà Nẵng),,,II. Phân hiệu Học viện Hành chính và Quản trị công tại thành phố Đà Nẵng,70,unconfirmed,27170
HCH:738111DN@2026,HCH,2026,738111DN,Chuyên ngành Thanh tra thuộc ngành Luật (Cơ sở Đà Nẵng),,,II. Phân hiệu Học viện Hành chính và Quản trị công tại thành phố Đà Nẵng,100,unconfirmed,27176
HCH:73811DN@2026,HCH,2026,73811DN,Luật (Cơ sở Đà Nẵng),,,II. Phân hiệu Học viện Hành chính và Quản trị công tại thành phố Đà Nẵng,50,unconfirmed,27182
HCH:73811HCM@2026,HCH,2026,73811HCM,Chuyên ngành Thanh tra thuộc ngành Luật (Cơ sở HCM),,,II. Phân hiệu Học viện Hành chính và Quản trị công tại thành phố Đà Nẵng,70,unconfirmed,27188
HCH:78113DN@2026,HCH,2026,78113DN,Quản trị dịch vụ du lịch và lữ hành (Cơ sở Đà Nẵng),,,II. Phân hiệu Học viện Hành chính và Quản trị công tại thành phố Đà Nẵng,40,unconfirmed,27194
HCH:73111HCM@2026,HCH,2026,73111HCM,Kinh tế (Cơ sở HCM),,,III. Phân hiệu Học viện Hành chính và Quản trị công tại TP. Hồ Chi Minh,155,unconfirmed,27200
HCH:73122HCM@2026,HCH,2026,73122HCM,Xây dựng Đảng và chính quyền nhà nước (Cơ sở HCM),,,III. Phân hiệu Học viện Hành chính và Quản trị công tại TP. Hồ Chi Minh,80,unconfirmed,27206
HCH:73125HCM@2026,HCH,2026,73125HCM,Quản lý nhà nước (Cơ sở HCM),,,III. Phân hiệu Học viện Hành chính và Quản trị công tại TP. Hồ Chi Minh,160,unconfirmed,27212
HCH:732331HCM@2026,HCH,2026,732331HCM,Chuyên ngành Văn thư - Lưu trữ thuộc ngành Lưu trữ học (Cơ sở HCM),,,III. Phân hiệu Học viện Hành chính và Quản trị công tại TP. Hồ Chi Minh,35,unconfirmed,27218
HCH:73233HCM@2026,HCH,2026,73233HCM,Lưu trữ học (Cơ sở HCM),,,III. Phân hiệu Học viện Hành chính và Quản trị công tại TP. Hồ Chi Minh,35,unconfirmed,27224
HCH:73444HCM@2026,HCH,2026,73444HCM,Quản trị nhân lực (Cơ sở HCM),,,III. Phân hiệu Học viện Hành chính và Quản trị công tại TP. Hồ Chi Minh,105,unconfirmed,27230
HCH:73446HCM@2026,HCH,2026,73446HCM,Quản trị văn phòng (Cơ sở HCM),,,III. Phân hiệu Học viện Hành chính và Quản trị công tại TP. Hồ Chi Minh,150,unconfirmed,27236
HCH:73111DL@2026,HCH,2026,73111DL,Kinh tế (Cơ sở Đắk Lắk),,,IV. Phân hiệu Học viện Hành chính và Quản trị công tại Đắk Lắk,60,unconfirmed,27242
HCH:73125DL@2026,HCH,2026,73125DL,Quản lý nhà nước (Cơ sở Đắk Lắk),,,IV. Phân hiệu Học viện Hành chính và Quản trị công tại Đắk Lắk,60,unconfirmed,27248
HCH:73444DL@2026,HCH,2026,73444DL,Quản trị nhân lực (Cơ sở Đắk Lắk),,,IV. Phân hiệu Học viện Hành chính và Quản trị công tại Đắk Lắk,60,unconfirmed,27254
HCH:73811DL@2026,HCH,2026,73811DL,Luật (Cơ sở Đắk Lắk),,,IV. Phân hiệu Học viện Hành chính và Quản trị công tại Đắk Lắk,60,unconfirmed,27260
HCN:7480200@2026,HCN,2026,7480200,"Nhóm ngành Kỹ thuật - Hậu cần (Thí sinh Nam, miền Bắc)",7480200,,,,unconfirmed,27272
HCN:7480200~2@2026,HCN,2026,7480200,"Nhóm ngành Kỹ thuật - Hậu cần (Thí sinh Nam, miền Nam)",7480200,,,,unconfirmed,27278
HCN:7480200~3@2026,HCN,2026,7480200,"Nhóm ngành Kỹ thuật - Hậu cần (Thí sinh Nữ, miền Bắc)",7480200,,,,unconfirmed,27284
HCN:7480200~4@2026,HCN,2026,7480200,"Nhóm ngành Kỹ thuật - Hậu cần (Thí sinh Nữ, miền Nam)",7480200,,,,unconfirmed,27290
HCN:7520207@2026,HCN,2026,7520207,"Kỹ thuật điện tử, viễn thông (gửi đào tạo tại Học viện Mật mã",7520207,,,,unconfirmed,27296
HCN:7520207~2@2026,HCN,2026,7520207,"Kỹ thuật điện tử, viễn thông (gửi đào tạo tại Học viện Mật mã",7520207,,,,unconfirmed,27302
HCN:7720101@2026,HCN,2026,7720101,"Y khoa (Gửi Học viện Quân y, Bộ Quốc phòng)",7720101,,,,unconfirmed,27308
HCN:7720101~2@2026,HCN,2026,7720101,"Y khoa (Gửi Học viện Quân y, Bộ Quốc phòng)",7720101,,,,unconfirmed,27314
HCN:7720101A@2026,HCN,2026,7720101A,"Y khoa (Gửi trường ĐH Y Dược, ĐHQGHN)",7720101,,,,unconfirmed,27320
HCN:7720101A~2@2026,HCN,2026,7720101A,"Y khoa (Gửi trường ĐH Y Dược, ĐHQGHN)",7720101,,,,unconfirmed,27326
HCP:7310106_1@2026,HCP,2026,7310106_1,Kinh tế đối ngoại chất lượng cao,7310106,high_quality,I. Chương trình đào tạo chất lượng cao: 350,100,unconfirmed,27338
HCP:7340101_1@2026,HCP,2026,7340101_1,Quản trị kinh doanh chất lượng cao,7340101,high_quality,I. Chương trình đào tạo chất lượng cao: 350,100,unconfirmed,27346
HCP:7340101_2@2026,HCP,2026,7340101_2,Quản trị dịch vụ cao cấp,7340101,high_quality,I. Chương trình đào tạo chất lượng cao: 350,50,unconfirmed,27354
HCP:7340201_1@2026,HCP,2026,7340201_1,Tài chính chất lượng cao,7340201,high_quality,I. Chương trình đào tạo chất lượng cao: 350,100,unconfirmed,27362
HCP:7340301_2@2026,HCP,2026,7340301_2,Kế toán (Định hướng ACCA),7340301,international,II. Chương trình đào tạo định hướng nghề nghiệp quốc tế: 150,50,unconfirmed,27370
HCP:7460108@2026,HCP,2026,7460108,Khoa học dữ liệu,7460108,international,II. Chương trình đào tạo định hướng nghề nghiệp quốc tế: 150,100,unconfirmed,27378
HCP:7220201@2026,HCP,2026,7220201,Tiếng Anh trong Kinh tế và kinh doanh,7220201,standard,III. Chương trình đào tạo chuẩn: 2050,100,unconfirmed,27386
HCP:7310101@2026,HCP,2026,7310101,Kinh tế nguồn nhân lực,7310101,standard,III. Chương trình đào tạo chuẩn: 2050,100,unconfirmed,27394
HCP:7310104@2026,HCP,2026,7310104,Kinh tế đầu tư,7310104,standard,III. Chương trình đào tạo chuẩn: 2050,150,unconfirmed,27402
HCP:7310105@2026,HCP,2026,7310105,Kinh tế phát triển,7310105,standard,III. Chương trình đào tạo chuẩn: 2050,150,unconfirmed,27410
HCP:7310106@2026,HCP,2026,7310106,Kinh tế quốc tế,7310106,standard,III. Chương trình đào tạo chuẩn: 2050,200,unconfirmed,27418
HCP:7310109@2026,HCP,2026,7310109,Kinh tế và kinh doanh số,7310109,standard,III. Chương trình đào tạo chuẩn: 2050,120,unconfirmed,27426
HCP:7310205@2026,HCP,2026,7310205,Quản lý công,7310205,standard,III. Chương trình đào tạo chuẩn: 2050,100,unconfirmed,27434
HCP:7340101@2026,HCP,2026,7340101,Quản trị kinh doanh,7340101,standard,III. Chương trình đào tạo chuẩn: 2050,150,unconfirmed,27442
HCP:7340115@2026,HCP,2026,7340115,Marketing,7340115,standard,III. Chương trình đào tạo chuẩn: 2050,150,unconfirmed,27450
HCP:7340201@2026,HCP,2026,7340201,Tài chính - Ngân hàng,7340201,standard,III. Chương trình đào tạo chuẩn: 2050,320,unconfirmed,27458
HCP:7340301@2026,HCP,2026,7340301,Kế toán,7340301,standard,III. Chương trình đào tạo chuẩn: 2050,150,unconfirmed,27466
HCP:7340302@2026,HCP,2026,7340302,Kiểm toán,7340302,standard,III. Chương trình đào tạo chuẩn: 2050,100,unconfirmed,27474
HCP:7380107@2026,HCP,2026,7380107,Luật Kinh tế,7380107,standard,III. Chương trình đào tạo chuẩn: 2050,200,unconfirmed,27482
HCP:7340101BN@2026,HCP,2026,7340101BN,Quản trị kinh doanh (Phân hiệu Bắc Ninh),7340101,,IV. Phân hiệu Bắc Ninh,150,unconfirmed,27490
HCP:7340109BN@2026,HCP,2026,7340109BN,Kinh tế số (Phân hiệu Bắc Ninh),7340109,,IV. Phân hiệu Bắc Ninh,150,unconfirmed,27497
HCP:7340301BN@2026,HCP,2026,7340301BN,Kế toán (Phân hiệu Bắc Ninh),7340301,,IV. Phân hiệu Bắc Ninh,150,unconfirmed,27504
HCP:7310101DN@2026,HCP,2026,7310101DN,Kinh tế,7310101,,V. Phân hiệu Đà Nẵng,150,unconfirmed,27511
HCP:7340101DN@2026,HCP,2026,7340101DN,Quản trị kinh doanh,7340101,,V. Phân hiệu Đà Nẵng,150,unconfirmed,27518
HCP:7340201DN@2026,HCP,2026,7340201DN,Tài chính - Ngân hàng,7340201,,V. Phân hiệu Đà Nẵng,150,unconfirmed,27525
HCS:7310101@2026,HCS,2026,7310101,Kinh tế,7310101,,,,unconfirmed,27534
HCS:7310205@2026,HCS,2026,7310205,Quản lý nhà nước,7310205,,,,unconfirmed,27540
HCS:7320303@2026,HCS,2026,7320303,Lưu trữ học,7320303,,,,unconfirmed,27546
HCS:7340406@2026,HCS,2026,7340406,Quản trị văn phòng,7340406,,,,unconfirmed,27552
HCS:7380101@2026,HCS,2026,7380101,Luật,7380101,,,,unconfirmed,27558
HDT:7140201@2026,HDT,2026,7140201,Giáo dục Mầm non,7140201,,,200,unconfirmed,27570
HDT:7140202@2026,HDT,2026,7140202,Giáo dục Tiểu học,7140202,,,250,unconfirmed,27576
HDT:7140206@2026,HDT,2026,7140206,Giáo dục Thể chất,7140206,,,40,unconfirmed,27582
HDT:7140209@2026,HDT,2026,7140209,Sư phạm Toán học,7140209,,,60,unconfirmed,27588
HDT:7140210@2026,HDT,2026,7140210,Sư phạm Tin học,7140210,,,50,unconfirmed,27594
HDT:7140211@2026,HDT,2026,7140211,Sư phạm Vật lý,7140211,,,20,unconfirmed,27600
HDT:7140212@2026,HDT,2026,7140212,Sư phạm Hóa học,7140212,,,20,unconfirmed,27606
HDT:7140213@2026,HDT,2026,7140213,Sư phạm Sinh học,7140213,,,20,unconfirmed,27612
HDT:7140217@2026,HDT,2026,7140217,Sư phạm Ngữ văn,7140217,,,60,unconfirmed,27618
HDT:7140218@2026,HDT,2026,7140218,Sư phạm Lịch sử,7140218,,,20,unconfirmed,27624
HDT:7140219@2026,HDT,2026,7140219,Sư phạm Địa lý,7140219,,,20,unconfirmed,27630
HDT:7140231@2026,HDT,2026,7140231,Sư phạm Tiếng Anh,7140231,,,60,unconfirmed,27636
HDT:7140247@2026,HDT,2026,7140247,Sư phạm Khoa học Tự nhiên,7140247,,,50,unconfirmed,27642
HDT:7140249@2026,HDT,2026,7140249,Sư phạm Lịch sử - Địa lý,7140249,,,50,unconfirmed,27648
HDT:7220201@2026,HDT,2026,7220201,Ngôn ngữ Anh,7220201,,,400,unconfirmed,27654
HDT:7229030@2026,HDT,2026,7229030,Văn học,7229030,,,150,unconfirmed,27660
HDT:7310101@2026,HDT,2026,7310101,Kinh tế,7310101,,,60,unconfirmed,27666
HDT:7310201@2026,HDT,2026,7310201,Chính trị học,7310201,,,50,unconfirmed,27672
HDT:7310401@2026,HDT,2026,7310401,Tâm lý học,7310401,,,250,unconfirmed,27678
HDT:7320104@2026,HDT,2026,7320104,Truyền thông đa phương tiện,7320104,,,100,unconfirmed,27684
HDT:7340101@2026,HDT,2026,7340101,Quản trị kinh doanh,7340101,,,250,unconfirmed,27690
HDT:7340201@2026,HDT,2026,7340201,Tài chính - Ngân hàng,7340201,,,100,unconfirmed,27696
HDT:7340301@2026,HDT,2026,7340301,Kế toán,7340301,,,350,unconfirmed,27702
HDT:7340302@2026,HDT,2026,7340302,Kiểm toán,7340302,,,30,unconfirmed,27708
HDT:7380101@2026,HDT,2026,7380101,Luật,7380101,,,150,unconfirmed,27714
HDT:7380107@2026,HDT,2026,7380107,Luật kinh tế,7380107,,,100,unconfirmed,27720
HDT:7440122@2026,HDT,2026,7440122,Khoa học vật liệu (KT vi điện tử & bán dẫn),7440122,,,50,unconfirmed,27726
HDT:7460101@2026,HDT,2026,7460101,Toán học,7460101,,,80,unconfirmed,27732
HDT:7480201@2026,HDT,2026,7480201,Công nghệ thông tin,7480201,,,200,unconfirmed,27738
HDT:7510605@2026,HDT,2026,7510605,Logistics và quản lý chuỗi cung ứng,7510605,,,150,unconfirmed,27744
HDT:7520201@2026,HDT,2026,7520201,Kỹ thuật điện,7520201,,,100,unconfirmed,27750
HDT:7580201@2026,HDT,2026,7580201,Kỹ thuật xây dựng,7580201,,,50,unconfirmed,27756
HDT:7620106@2026,HDT,2026,7620106,Chăn nuôi - Thú y,7620106,,,60,unconfirmed,27762
HDT:7620110@2026,HDT,2026,7620110,Khoa học cây trồng,7620110,,,40,unconfirmed,27768
HDT:7620115@2026,HDT,2026,7620115,Kinh tế nông nghiệp,7620115,,,40,unconfirmed,27774
HDT:7760101@2026,HDT,2026,7760101,Công tác xã hội,7760101,,,100,unconfirmed,27780
HDT:7810101@2026,HDT,2026,7810101,Du lịch,7810101,,,100,unconfirmed,27786
HDT:7810201@2026,HDT,2026,7810201,Quản trị khách sạn,7810201,,,100,unconfirmed,27792
HDT:7810302@2026,HDT,2026,7810302,Huấn luyện thể thao,7810302,,,60,unconfirmed,27798
HDT:7850103@2026,HDT,2026,7850103,Quản lý đất đai,7850103,,,40,unconfirmed,27804
HEH:7860218@2026,HEH,2026,7860218,Hậu cần quân sự (Thí sinh Nam miền Bắc),7860218,,,70,unconfirmed,27816
HEH:7860218~2@2026,HEH,2026,7860218,Hậu cần quân sự (Thí sinh Nam miền Nam),7860218,,,46,unconfirmed,27822
HFH:DS7340201@2026,HFH,2026,DS7340201,Tài chính - Ngân hàng,,,,200,unconfirmed,27833
HFH:DS7340301@2026,HFH,2026,DS7340301,Kế toán,,,,100,unconfirmed,27838
HFH:DS7580201@2026,HFH,2026,DS7580201,Kỹ thuật xây dựng,,,,100,unconfirmed,27843
HGH:7860229_B@2026,HGH,2026,7860229_B,Chỉ huy Kỹ thuật Hoá học (Miền Bắc),7860229,,,27,unconfirmed,27854
HGH:7860229_N@2026,HGH,2026,7860229_N,Chỉ huy Kỹ thuật Hoá học (Miền Nam),7860229,,,18,unconfirmed,27860
HHA:D135@2026,HHA,2026,D135,Cơ khí thông minh và robot,,,,60,unconfirmed,27872
HHA:D136@2026,HHA,2026,D136,Tự động hoá và điều khiển thông minh,,,,60,unconfirmed,27877
HHA:D413@2026,HHA,2026,D413,Quản lý dịch vụ Logistic hàng hải,,,,60,unconfirmed,27882
HHA:A403@2026,HHA,2026,A403,Quản lý kinh doanh & Marketing,,,,120,unconfirmed,27887
HHA:A404@2026,HHA,2026,A404,Quản lý Kinh doanh thương mại điện tử,,,,60,unconfirmed,27892
HHA:A408@2026,HHA,2026,A408,Kinh tế Hàng hải,,,,120,unconfirmed,27897
HHA:A409@2026,HHA,2026,A409,Kinh doanh quốc tế & Logistics,,,,135,unconfirmed,27902
HHA:D401@2026,HHA,2026,D401,Kinh tế vận tải biển,,,,135,unconfirmed,27907
HHA:D402@2026,HHA,2026,D402,Kinh tế ngoại thương,,,,150,unconfirmed,27912
HHA:D403@2026,HHA,2026,D403,Quản trị kinh doanh,,,,100,unconfirmed,27917
HHA:D404@2026,HHA,2026,D404,Quản trị tài chính kế toán,,,,150,unconfirmed,27922
HHA:D407@2026,HHA,2026,D407,Logistics và chuỗi cung ứng,,,,180,unconfirmed,27927
HHA:D410@2026,HHA,2026,D410,Kinh tế vận tải thủy,,,,110,unconfirmed,27932
HHA:D411@2026,HHA,2026,D411,Quản trị tài chính ngân hàng,,,,60,unconfirmed,27937
HHA:D412@2026,HHA,2026,D412,Truyền thông Marketing,,,,60,unconfirmed,27942
HHA:H401@2026,HHA,2026,H401,Kinh tế vận tải biển (nâng cao),,,,120,unconfirmed,27947
HHA:H402@2026,HHA,2026,H402,Kinh tế ngoại thương (nâng cao),,,,120,unconfirmed,27952
HHA:D101@2026,HHA,2026,D101,Điều khiển tàu biển,,,,200,unconfirmed,27957
HHA:D102@2026,HHA,2026,D102,Khai thác máy tàu biển,,,,160,unconfirmed,27962
HHA:D103@2026,HHA,2026,D103,Điện tự động giao thông vận tải,,,,105,unconfirmed,27967
HHA:D104@2026,HHA,2026,D104,Điện tử viễn thông,,,,105,unconfirmed,27972
HHA:D105@2026,HHA,2026,D105,Điện tử động công nghiệp,,,,120,unconfirmed,27977
HHA:D106@2026,HHA,2026,D106,Máy tàu thủy,,,,60,unconfirmed,27982
HHA:D107@2026,HHA,2026,D107,Thiết kế tàu & công trình ngoài khơi,,,,60,unconfirmed,27987
HHA:D108@2026,HHA,2026,D108,Đóng tàu & công trình ngoài khơi,,,,60,unconfirmed,27992
HHA:D109@2026,HHA,2026,D109,Máy & tự động hóa xếp dỡ,,,,60,unconfirmed,27997
HHA:D110@2026,HHA,2026,D110,Xây dựng công trình thủy,,,,90,unconfirmed,28002
HHA:D111@2026,HHA,2026,D111,Kỹ thuật an toàn hàng hải,,,,90,unconfirmed,28007
HHA:D112@2026,HHA,2026,D112,Xây dựng dân dụng & công nghiệp,,,,90,unconfirmed,28012
HHA:D113@2026,HHA,2026,D113,Công trình giao thông & cơ sở hạ tầng,,,,90,unconfirmed,28017
HHA:D114@2026,HHA,2026,D114,Công nghệ thông tin,,,,110,unconfirmed,28022
HHA:D115@2026,HHA,2026,D115,Kỹ thuật môi trường,,,,105,unconfirmed,28027
HHA:D116@2026,HHA,2026,D116,Kỹ thuật cơ khí,,,,105,unconfirmed,28032
HHA:D117@2026,HHA,2026,D117,Kỹ thuật cơ điện tử,,,,105,unconfirmed,28037
HHA:D118@2026,HHA,2026,D118,Công nghệ phần mềm,,,,60,unconfirmed,28042
HHA:D119@2026,HHA,2026,D119,Kỹ thuật truyền thông & mạng,,,,60,unconfirmed,28047
HHA:D121@2026,HHA,2026,D121,Tự động hóa hệ thống điện,,,,120,unconfirmed,28052
HHA:D122@2026,HHA,2026,D122,Kỹ thuật ô tô,,,,105,unconfirmed,28057
HHA:D123@2026,HHA,2026,D123,Kỹ thuật nhiệt lạnh,,,,60,unconfirmed,28062
HHA:D126@2026,HHA,2026,D126,Kỹ thuật công nghệ hóa học,,,,45,unconfirmed,28067
HHA:D127@2026,HHA,2026,D127,Kiến trúc & nội thất (sơ tuyển),,,,30,unconfirmed,28072
HHA:D128@2026,HHA,2026,D128,Máy & tự động công nghiệp,,,,120,unconfirmed,28077
HHA:D129@2026,HHA,2026,D129,Quản lý hàng hải,,,,110,unconfirmed,28082
HHA:D130@2026,HHA,2026,D130,Quản lý công trình xây dựng,,,,90,unconfirmed,28087
HHA:D131@2026,HHA,2026,D131,Kỹ thuật và quản lý công nghiệp,,,,105,unconfirmed,28092
HHA:D133@2026,HHA,2026,D133,Kỹ thuật cơ khi dầu khí và năng lượng,,,,45,unconfirmed,28097
HHA:D134@2026,HHA,2026,D134,Quản lý môi trường & tài nguyên,,,,45,unconfirmed,28102
HHA:H105@2026,HHA,2026,H105,Điện tự động công nghiệp (CLC),,,,110,unconfirmed,28107
HHA:H114@2026,HHA,2026,H114,Công nghệ thông tin (nâng cao),,,,110,unconfirmed,28112
HHA:S101@2026,HHA,2026,S101,Điều khiển tàu biển (chọn),,,,30,unconfirmed,28117
HHA:S102@2026,HHA,2026,S102,Khai thác máy tàu biển (chọn),,,,30,unconfirmed,28122
HHA:D120@2026,HHA,2026,D120,Luật hàng hải,,,,100,unconfirmed,28127
HHA:D132@2026,HHA,2026,D132,Luật kinh doanh,,,,90,unconfirmed,28132
HHA:D124@2026,HHA,2026,D124,Tiếng Anh thương mại,,,,135,unconfirmed,28137
HHA:D125@2026,HHA,2026,D125,Ngôn ngữ Anh,,,,135,unconfirmed,28142
HHK:7220201@2026,HHK,2026,7220201,Tiếng Anh hàng không; Tiếng Anh du lịch thương mại,7220201,,,755,unconfirmed,28153
HHK:7220204@2026,HHK,2026,7220204,Ngôn ngữ Trung Quốc*,7220204,,,480,unconfirmed,28159
HHK:7220210@2026,HHK,2026,7220210,Ngôn ngữ Hàn Quốc*,7220210,,,180,unconfirmed,28165
HHK:7310109@2026,HHK,2026,7310109,Kinh tế số*,7310109,,,180,unconfirmed,28171
HHK:7340101@2026,HHK,2026,7340101,"Quản trị kinh doanh: Quản trị Kinh doanh và vận tải hàng không; Quản trị Kinh doanh cảng hàng không; Quản trị Kinh doanh tổng hợp, Quản trị kinh tế không gian, Quản trị kinh doanh quốc tế, Quản trị Kinh doanh cảng hàng không)",7340101,,,643,unconfirmed,28177
HHK:7340101D@2026,HHK,2026,7340101D,Kinh doanh số,7340101,,,120,unconfirmed,28183
HHK:7340101E@2026,HHK,2026,7340101E,Quản trị hàng không (Dạy bằng tiếng Anh),7340101,,,50,unconfirmed,28189
HHK:7340115@2026,HHK,2026,7340115,Marketing: Digital Marketing; Công nghệ marketing,7340115,,,540,unconfirmed,28195
HHK:7340120@2026,HHK,2026,7340120,Thương mại quốc tế,7340120,,,145,unconfirmed,28201
HHK:7340205@2026,HHK,2026,7340205,Công nghệ tài chính*,7340205,,,300,unconfirmed,28207
HHK:7340404@2026,HHK,2026,7340404,Quản trị nhân lực,7340404,,,359,unconfirmed,28213
HHK:7480201B@2026,HHK,2026,7480201B,Trí tuệ nhân tạo và Dữ liệu lớn,7480201,,,120,unconfirmed,28219
HHK:7480201I@2026,HHK,2026,7480201I,Trí tuệ nhân tạo và Internet vạn vật,7480201,,,120,unconfirmed,28225
HHK:7480201S@2026,HHK,2026,7480201S,Công nghệ phần mềm và Trí tuệ nhân tạo,7480201,,,365,unconfirmed,28231
HHK:7510102Q@2026,HHK,2026,7510102Q,Quản lý và khai thác cảng hàng không,7510102,,,173,unconfirmed,28237
HHK:7510102X@2026,HHK,2026,7510102X,Xây dựng và phát triển cảng hàng không,7510102,,,60,unconfirmed,28243
HHK:7510302A@2026,HHK,2026,7510302A,Điện tử ứng dụng Trí tuệ nhân tạo (AI) và Internet vạn vật (IoT),7510302,,,40,unconfirmed,28249
HHK:7510302B@2026,HHK,2026,7510302B,Công nghệ vi mạch và bán dẫn,7510302,,,40,unconfirmed,28255
HHK:7510302V@2026,HHK,2026,7510302V,Điện tử viễn thông và Trí tuệ nhân tạo (AI),7510302,,,40,unconfirmed,28261
HHK:7510303A@2026,HHK,2026,7510303A,Điện tử động cảng hàng không,7510303,,,60,unconfirmed,28267
HHK:7510303U@2026,HHK,2026,7510303U,Thiết bị bay không người lái và Robotics,7510303,,,60,unconfirmed,28273
HHK:7520120@2026,HHK,2026,7520120,Kỹ thuật hàng không,7520120,,,170,unconfirmed,28279
HHK:7520120E@2026,HHK,2026,7520120E,Kỹ thuật hàng không (học bằng tiếng Anh),7520120,,,50,unconfirmed,28285
HHK:7520120M@2026,HHK,2026,7520120M,Kỹ thuật bảo dưỡng tàu bay,7520120,,,60,unconfirmed,28291
HHK:7520120U@2026,HHK,2026,7520120U,Kỹ thuật thiết bị bay không người lái,7520120,,,60,unconfirmed,28297
HHK:7580102@2026,HHK,2026,7580102,Kiến trúc cảnh quan*,7580102,,,123,unconfirmed,28303
HHK:7810103A@2026,HHK,2026,7810103A,Quản trị dịch vụ thương mại hàng không (tích hợp chứng chỉ nghiệp vụ hàng không),7810103,,,154,unconfirmed,28309
HHK:7810103F@2026,HHK,2026,7810103F,Quản trị ẩm thực*,7810103,,,120,unconfirmed,28315
HHK:7810103H@2026,HHK,2026,7810103H,Quản trị nhà hàng khách sạn,7810103,,,180,unconfirmed,28321
HHK:7810103M@2026,HHK,2026,7810103M,Quản trị du lịch MICE và tổ chức sự kiện*,7810103,,,120,unconfirmed,28327
HHK:7810103T@2026,HHK,2026,7810103T,Quản trị lữ hành,7810103,,,180,unconfirmed,28333
HHK:7840102@2026,HHK,2026,7840102,Quản lý hoạt động bay; Hệ thống kỹ thuật quản lý bay,7840102,,,130,unconfirmed,28339
HHK:7840102E@2026,HHK,2026,7840102E,Quản lý hoạt động bay (học bằng tiếng Anh),7840102,,,50,unconfirmed,28345
HHK:7840104@2026,HHK,2026,7840104,"Logistics và quản lý chuỗi cung ứng, Logistics và vận tải đa phương thức",7840104,,,315,unconfirmed,28351
HHK:7840104E@2026,HHK,2026,7840104E,Logistics và vận tải đa phương thức (học bằng tiếng Anh),7840104,,,50,unconfirmed,28357
HHK:7840104K@2026,HHK,2026,7840104K,Kinh tế hàng không,7840104,,,240,unconfirmed,28363
HHT:7140201@2026,HHT,2026,7140201,Giáo dục mầm non,7140201,,,35,unconfirmed,28375
HHT:7140202@2026,HHT,2026,7140202,Giáo dục Tiểu học,7140202,,,70,unconfirmed,28381
HHT:7140209@2026,HHT,2026,7140209,Sư phạm Toán học,7140209,,,10,unconfirmed,28387
HHT:7140210@2026,HHT,2026,7140210,Sư phạm Tin học,7140210,,,10,unconfirmed,28393
HHT:7140231@2026,HHT,2026,7140231,Sư phạm Tiếng Anh,7140231,,,25,unconfirmed,28399
HHT:7220201@2026,HHT,2026,7220201,Ngôn ngữ Anh,7220201,,,40,unconfirmed,28405
HHT:7220204@2026,HHT,2026,7220204,Ngôn ngữ Trung Quốc,7220204,,,20,unconfirmed,28411
HHT:7340101_01@2026,HHT,2026,7340101_01,Quản trị kinh doanh,7340101,,,30,unconfirmed,28417
HHT:7340101_02@2026,HHT,2026,7340101_02,Quản trị thương mại điện tử,7340101,,,20,unconfirmed,28423
HHT:7340101_03@2026,HHT,2026,7340101_03,Quản trị logistics,7340101,,,20,unconfirmed,28429
HHT:7340201@2026,HHT,2026,7340201,Tài chính - Ngân hàng,7340201,,,30,unconfirmed,28435
HHT:7340301@2026,HHT,2026,7340301,Kế toán,7340301,,,80,unconfirmed,28441
HHT:7380101@2026,HHT,2026,7380101,Luật,7380101,,,60,unconfirmed,28447
HHT:7440301@2026,HHT,2026,7440301,"An toàn, sức khoẻ và môi trường",7440301,,,20,unconfirmed,28453
HHT:7480201@2026,HHT,2026,7480201,Công nghệ thông tin,7480201,,,50,unconfirmed,28459
HHT:7580201_01@2026,HHT,2026,7580201_01,Xây dựng Dân dụng và Công nghiệp,7580201,,,10,unconfirmed,28465
HHT:7580201_02@2026,HHT,2026,7580201_02,Tin học xây dựng,7580201,,,10,unconfirmed,28471
HHT:7620110@2026,HHT,2026,7620110,Nông nghiệp công nghệ cao,7620110,,,20,unconfirmed,28477
HHT:7640101@2026,HHT,2026,7640101,Thú y,7640101,,,20,unconfirmed,28483
HHT:7810103@2026,HHT,2026,7810103,QTDV Du lịch và Lữ hành,7810103,,,30,unconfirmed,28489
HIU:7140114@2026,HIU,2026,7140114,Quản lý giáo dục,7140114,,,,unconfirmed,28501
HIU:7210403@2026,HIU,2026,7210403,Thiết kế đồ họa,7210403,,,,unconfirmed,28507
HIU:7220201@2026,HIU,2026,7220201,Ngôn ngữ Anh,7220201,,,,unconfirmed,28513
HIU:7220204@2026,HIU,2026,7220204,Ngôn ngữ Trung Quốc,7220204,,,,unconfirmed,28519
HIU:7220209@2026,HIU,2026,7220209,Ngôn ngữ Nhật,7220209,,,,unconfirmed,28525
HIU:7220210@2026,HIU,2026,7220210,Ngôn ngữ Hàn Quốc,7220210,,,,unconfirmed,28531
HIU:7310206@2026,HIU,2026,7310206,Quan hệ quốc tế,7310206,,,,unconfirmed,28537
HIU:7310401@2026,HIU,2026,7310401,Tâm lý học,7310401,,,,unconfirmed,28543
HIU:7310403@2026,HIU,2026,7310403,Tâm lý học giáo dục(*),7310403,,,,unconfirmed,28549
HIU:7310630@2026,HIU,2026,7310630,Việt Nam học,7310630,,,,unconfirmed,28555
HIU:7320104@2026,HIU,2026,7320104,Truyền thông đa phương tiện,7320104,,,,unconfirmed,28561
HIU:7320108@2026,HIU,2026,7320108,Quan hệ công chúng,7320108,,,,unconfirmed,28567
HIU:7340101@2026,HIU,2026,7340101,Quản trị kinh doanh,7340101,,,,unconfirmed,28573
HIU:7340114@2026,HIU,2026,7340114,Digital Marketing,7340114,,,,unconfirmed,28579
HIU:7340120@2026,HIU,2026,7340120,Kinh doanh quốc tế,7340120,,,,unconfirmed,28585
HIU:7340122@2026,HIU,2026,7340122,Thương mại điện tử,7340122,,,,unconfirmed,28591
HIU:7340201@2026,HIU,2026,7340201,Tài chính ngân hàng,7340201,,,,unconfirmed,28597
HIU:7340205@2026,HIU,2026,7340205,Công nghệ tài chính,7340205,,,,unconfirmed,28603
HIU:7340301@2026,HIU,2026,7340301,Kế toán,7340301,,,,unconfirmed,28609
HIU:7340412@2026,HIU,2026,7340412,Quản trị sự kiện,7340412,,,,unconfirmed,28615
HIU:7380101@2026,HIU,2026,7380101,Luật,7380101,,,,unconfirmed,28621
HIU:7380107@2026,HIU,2026,7380107,Luật kinh tế,7380107,,,,unconfirmed,28627
HIU:7420201@2026,HIU,2026,7420201,Công nghệ sinh học,7420201,,,,unconfirmed,28633
HIU:7420207@2026,HIU,2026,7420207,Công nghệ thẩm mỹ(*),7420207,,,,unconfirmed,28639
HIU:7480201@2026,HIU,2026,7480201,Công nghệ thông tin,7480201,,,,unconfirmed,28645
HIU:7510601@2026,HIU,2026,7510601,Quản lý công nghiệp(*),7510601,,,,unconfirmed,28651
HIU:7510605@2026,HIU,2026,7510605,Logistics và quản lý chuỗi cung ứng,7510605,,,,unconfirmed,28657
HIU:7520114@2026,HIU,2026,7520114,Kỹ thuật cơ điện tử,7520114,,,,unconfirmed,28663
HIU:7520212@2026,HIU,2026,7520212,Kỹ thuật y sinh,7520212,,,,unconfirmed,28669
HIU:7580101@2026,HIU,2026,7580101,Kiến trúc,7580101,,,,unconfirmed,28675
HIU:7720101@2026,HIU,2026,7720101,Y khoa,7720101,,,,unconfirmed,28681
HIU:7720110@2026,HIU,2026,7720110,Y học dự phòng(*),7720110,,,,unconfirmed,28687
HIU:7720115@2026,HIU,2026,7720115,Y học cổ truyền,7720115,,,,unconfirmed,28693
HIU:7720201@2026,HIU,2026,7720201,Dược học,7720201,,,,unconfirmed,28699
HIU:7720301@2026,HIU,2026,7720301,Điều dưỡng,7720301,,,,unconfirmed,28705
HIU:7720302@2026,HIU,2026,7720302,Hộ sinh,7720302,,,,unconfirmed,28711
HIU:7720401@2026,HIU,2026,7720401,Dinh dưỡng,7720401,,,,unconfirmed,28717
HIU:7720501@2026,HIU,2026,7720501,Răng - Hàm - Mặt,7720501,,,,unconfirmed,28723
HIU:7720502@2026,HIU,2026,7720502,Kỹ thuật phục hình răng(*),7720502,,,,unconfirmed,28729
HIU:7720601@2026,HIU,2026,7720601,Kỹ thuật xét nghiệm y học,7720601,,,,unconfirmed,28735
HIU:7720602@2026,HIU,2026,7720602,Kỹ thuật hình ảnh y học,7720602,,,,unconfirmed,28741
HIU:7720603@2026,HIU,2026,7720603,Kỹ thuật phục hồi chức năng,7720603,,,,unconfirmed,28747
HIU:7720701@2026,HIU,2026,7720701,Y tế công cộng,7720701,,,,unconfirmed,28753
HIU:7810103@2026,HIU,2026,7810103,Quản trị Du lịch & Lữ hành,7810103,,,,unconfirmed,28759
HIU:7810201@2026,HIU,2026,7810201,Quản trị khách sạn,7810201,,,,unconfirmed,28765
HLU:7140201@2026,HLU,2026,7140201,Giáo dục Mầm non,7140201,,,120,unconfirmed,28777
HLU:7140202@2026,HLU,2026,7140202,Giáo dục Tiểu học,7140202,,,160,unconfirmed,28783
HLU:7140209@2026,HLU,2026,7140209,Sư phạm Toán học,7140209,,,80,unconfirmed,28789
HLU:7140210@2026,HLU,2026,7140210,Sư phạm Tin học,7140210,,,40,unconfirmed,28795
HLU:7140217@2026,HLU,2026,7140217,Sư phạm Ngữ văn,7140217,,,40,unconfirmed,28801
HLU:7140221@2026,HLU,2026,7140221,Sư phạm Âm nhạc,7140221,,,40,unconfirmed,28807
HLU:7140231@2026,HLU,2026,7140231,Sư phạm Tiếng Anh,7140231,,,80,unconfirmed,28813
HLU:7140247@2026,HLU,2026,7140247,Sư phạm Khoa học tự nhiên,7140247,,,40,unconfirmed,28819
HLU:7210403@2026,HLU,2026,7210403,Thiết kế đồ họa,7210403,,,100,unconfirmed,28825
HLU:7220201@2026,HLU,2026,7220201,Ngôn ngữ Anh,7220201,,,200,unconfirmed,28831
HLU:7220204@2026,HLU,2026,7220204,Ngôn ngữ Trung Quốc,7220204,,,450,unconfirmed,28837
HLU:7220209@2026,HLU,2026,7220209,Ngôn ngữ Nhật,7220209,,,80,unconfirmed,28843
HLU:7220210@2026,HLU,2026,7220210,Ngôn ngữ Hàn Quốc,7220210,,,120,unconfirmed,28849
HLU:7229030@2026,HLU,2026,7229030,Văn học (Văn báo chí truyền thông).,7229030,,,60,unconfirmed,28855
HLU:7229042@2026,HLU,2026,7229042,Quản lý văn hóa - Văn hóa du lịch; - Tổ chức sự kiện.,7229042,,,120,unconfirmed,28861
HLU:7340101@2026,HLU,2026,7340101,Quản trị kinh doanh,7340101,,,240,unconfirmed,28867
HLU:7340115@2026,HLU,2026,7340115,Marketing,7340115,,,100,unconfirmed,28873
HLU:7340301@2026,HLU,2026,7340301,Kế toán,7340301,,,160,unconfirmed,28879
HLU:7480101@2026,HLU,2026,7480101,Khoa học máy tính,7480101,,,50,unconfirmed,28885
HLU:7480201@2026,HLU,2026,7480201,Công nghệ thông tin,7480201,,,250,unconfirmed,28891
HLU:7620301@2026,HLU,2026,7620301,Nuôi trồng thủy sản,7620301,,,40,unconfirmed,28897
HLU:7810101@2026,HLU,2026,7810101,Du lịch (Du lịch và dịch vụ hàng không).,7810101,,,120,unconfirmed,28903
HLU:7810103@2026,HLU,2026,7810103,Quản trị dịch vụ du lịch và lữ hành - Quản trị lữ hành; - Du lịch Mice; - Hướng dẫn du lịch.,7810103,,,420,unconfirmed,28909
HLU:7810201@2026,HLU,2026,7810201,Quản trị khách sạn,7810201,,,180,unconfirmed,28915
HLU:7810202@2026,HLU,2026,7810202,Quản trị nhà hàng và dịch vụ ăn uống,7810202,,,170,unconfirmed,28921
HLU:7850101@2026,HLU,2026,7850101,Quản lý tài nguyên và môi trường - Quản lý tài nguyên&môi trường; - Quản lý tài nguyên kinh tế biển.,7850101,,,60,unconfirmed,28927
HNM:7140114@2026,HNM,2026,7140114,Quản lí Giáo dục,7140114,,,50,unconfirmed,28939
HNM:7140201@2026,HNM,2026,7140201,Giáo dục Mầm non,7140201,,,200,unconfirmed,28945
HNM:7140202@2026,HNM,2026,7140202,Giáo dục Tiểu học,7140202,,,310,unconfirmed,28951
HNM:7140203@2026,HNM,2026,7140203,Giáo dục đặc biệt,7140203,,,45,unconfirmed,28957
HNM:7140204@2026,HNM,2026,7140204,Giáo dục công dân,7140204,,,35,unconfirmed,28963
HNM:7140206@2026,HNM,2026,7140206,Giáo dục thể chất,7140206,,,35,unconfirmed,28969
HNM:7140209@2026,HNM,2026,7140209,Sư phạm Toán học,7140209,,,45,unconfirmed,28975
HNM:7140210@2026,HNM,2026,7140210,Sư phạm Tin học,7140210,,,50,unconfirmed,28981
HNM:7140211@2026,HNM,2026,7140211,Sư phạm Vật lí,7140211,,,30,unconfirmed,28987
HNM:7140217@2026,HNM,2026,7140217,Sư phạm Ngữ văn,7140217,,,40,unconfirmed,28993
HNM:7140218@2026,HNM,2026,7140218,Sư phạm Lịch sử,7140218,,,30,unconfirmed,28999
HNM:7140231@2026,HNM,2026,7140231,Sư phạm Tiếng Anh,7140231,,,35,unconfirmed,29005
HNM:7140247@2026,HNM,2026,7140247,Sư phạm khoa học tự nhiên,7140247,,,40,unconfirmed,29011
HNM:7140249@2026,HNM,2026,7140249,Sư phạm Lịch sử - Địa lí,7140249,,,40,unconfirmed,29017
HNM:7220101@2026,HNM,2026,7220101,Tiếng Việt và Văn hóa Việt Nam,7220101,,,50,unconfirmed,29023
HNM:7220201@2026,HNM,2026,7220201,Ngôn ngữ Anh,7220201,,,70,unconfirmed,29029
HNM:7220204@2026,HNM,2026,7220204,Ngôn ngữ Trung Quốc,7220204,,,105,unconfirmed,29035
HNM:7229030@2026,HNM,2026,7229030,Văn học,7229030,,,100,unconfirmed,29041
HNM:7229040@2026,HNM,2026,7229040,Văn hóa học,7229040,,,50,unconfirmed,29047
HNM:7310110@2026,HNM,2026,7310110,Quản lý kinh tế,7310110,,,50,unconfirmed,29053
HNM:7310201@2026,HNM,2026,7310201,Chính trị học,7310201,,,50,unconfirmed,29059
HNM:7310401@2026,HNM,2026,7310401,Tâm lí học,7310401,,,90,unconfirmed,29065
HNM:7310630@2026,HNM,2026,7310630,Việt Nam học,7310630,,,50,unconfirmed,29071
HNM:7340101@2026,HNM,2026,7340101,Quản trị kinh doanh,7340101,,,90,unconfirmed,29077
HNM:7340201@2026,HNM,2026,7340201,Tài chính -Ngân hàng,7340201,,,50,unconfirmed,29083
HNM:7340403@2026,HNM,2026,7340403,Quản lí công,7340403,,,50,unconfirmed,29089
HNM:7380101@2026,HNM,2026,7380101,Luật,7380101,,,90,unconfirmed,29095
HNM:7420201@2026,HNM,2026,7420201,Công nghệ sinh học,7420201,,,30,unconfirmed,29101
HNM:7460112@2026,HNM,2026,7460112,Toán ứng dụng,7460112,,,70,unconfirmed,29107
HNM:7480201@2026,HNM,2026,7480201,Công nghệ thông tin,7480201,,,70,unconfirmed,29113
HNM:7510406@2026,HNM,2026,7510406,Công nghệ kĩ thuật môi trường,7510406,,,50,unconfirmed,29119
HNM:7510605@2026,HNM,2026,7510605,Logistics và Quản lí chuỗi cung ứng,7510605,,,100,unconfirmed,29125
HNM:7760101@2026,HNM,2026,7760101,Công tác xã hội,7760101,,,50,unconfirmed,29131
HNM:7810103@2026,HNM,2026,7810103,Quản trị dịch vụ du lịch và lữ hành,7810103,,,100,unconfirmed,29137
HNM:7810201@2026,HNM,2026,7810201,Quản trị khách sạn,7810201,,,100,unconfirmed,29143
HNM:7810302@2026,HNM,2026,7810302,Huấn luyện thể thao,7810302,,,50,unconfirmed,29149
HPN:7310101@2026,HPN,2026,7310101,Kinh tế,7310101,,,215,unconfirmed,29161
HPN:7310101E@2026,HPN,2026,7310101E,Kinh tế (Chất lượng cao),7310101,,,35,unconfirmed,29167
HPN:7310109@2026,HPN,2026,7310109,Kinh tế số,7310109,,,240,unconfirmed,29173
HPN:7310399@2026,HPN,2026,7310399,Giới và Phát triển,7310399,,,150,unconfirmed,29179
HPN:7310401@2026,HPN,2026,7310401,Tâm lý học,7310401,,,230,unconfirmed,29185
HPN:7320104@2026,HPN,2026,7320104,Truyền thông đa phương tiện,7320104,,,130,unconfirmed,29191
HPN:73201041@2026,HPN,2026,73201041,Truyền thông xã hội,7320104,,,70,unconfirmed,29197
HPN:7340101@2026,HPN,2026,7340101,Quản trị kinh doanh,7340101,,,170,unconfirmed,29203
HPN:7340101E@2026,HPN,2026,7340101E,Quản trị kinh doanh (Chất lượng cao),7340101,,,30,unconfirmed,29209
HPN:7340115@2026,HPN,2026,7340115,Marketing,7340115,,,190,unconfirmed,29215
HPN:7380101@2026,HPN,2026,7380101,Luật,7380101,,,200,unconfirmed,29221
HPN:7380107@2026,HPN,2026,7380107,Luật kinh tế,7380107,,,200,unconfirmed,29227
HPN:7480201@2026,HPN,2026,7480201,Công nghệ thông tin,7480201,,,140,unconfirmed,29233
HPN:74802011@2026,HPN,2026,74802011,Thiết kế và phát triển game,7480201,,,70,unconfirmed,29239
HPN:7760101@2026,HPN,2026,7760101,Công tác xã hội,7760101,,,150,unconfirmed,29245
HPN:77601011@2026,HPN,2026,77601011,Phát triển và quản lý dịch vụ xã hội,7760101,,,80,unconfirmed,29251
HPN:7760101PH@2026,HPN,2026,7760101PH,Công tác xã hội,7760101,,,70,unconfirmed,29257
HPN:7810103@2026,HPN,2026,7810103,Quản trị dịch vụ du lịch và lữ hành,7810103,,,250,unconfirmed,29263
HPN:7810103PH@2026,HPN,2026,7810103PH,Quản trị dịch vụ du lịch và lữ hành,7810103,,,70,unconfirmed,29269
HQH:7860202@2026,HQH,2026,7860202,Chỉ huy tham mưu Hải quân (Thí sinh nam miền Bắc),7860202,,,,unconfirmed,29280
HQH:7860202~2@2026,HQH,2026,7860202,Chỉ huy tham mưu Hải quân (Thí sinh nam miền Nam),7860202,,,,unconfirmed,29286
HQT:HQT01@2026,HQT,2026,HQT01,Quan hệ quốc tế,,,,400,unconfirmed,29298
HQT:HQT02@2026,HQT,2026,HQT02,Ngôn ngữ Anh,,,,200,unconfirmed,29303
HQT:HQT03@2026,HQT,2026,HQT03,Kinh tế quốc tế,,,,260,unconfirmed,29308
HQT:HQT04@2026,HQT,2026,HQT04,Luật quốc tế,,,,200,unconfirmed,29313
HQT:HQT05@2026,HQT,2026,HQT05,Truyền thông quốc tế,,,,400,unconfirmed,29318
HQT:HQT06@2026,HQT,2026,HQT06,Kinh doanh quốc tế,,,,260,unconfirmed,29323
HQT:HQT07@2026,HQT,2026,HQT07,Luật thương mại quốc tế,,,,200,unconfirmed,29328
HQT:HQT08@2026,HQT,2026,HQT08,Hàn Quốc học,,,,80,unconfirmed,29333
HQT:HQT09@2026,HQT,2026,HQT09,Hoa Kỳ học,,,,40,unconfirmed,29338
HQT:HQT10@2026,HQT,2026,HQT10,Nhật Bản học,,,,40,unconfirmed,29343
HQT:HQT11@2026,HQT,2026,HQT11,Trung Quốc học,,,,120,unconfirmed,29348
HSU:7210403@2026,HSU,2026,7210403,Thiết kế đồ họa,7210403,,,,unconfirmed,29359
HSU:7210404@2026,HSU,2026,7210404,Thiết kế thời trang,7210404,,,,unconfirmed,29365
HSU:7210408@2026,HSU,2026,7210408,Nghệ thuật số,7210408,,,,unconfirmed,29371
HSU:7220201@2026,HSU,2026,7220201,Ngôn ngữ Anh,7220201,,,,unconfirmed,29377
HSU:7220204@2026,HSU,2026,7220204,Ngôn ngữ Trung Quốc,7220204,,,,unconfirmed,29383
HSU:7220210@2026,HSU,2026,7220210,Ngôn ngữ Hàn Quốc,7220210,,,,unconfirmed,29389
HSU:7310113@2026,HSU,2026,7310113,Kinh tế thể thao,7310113,,,,unconfirmed,29395
HSU:7310401@2026,HSU,2026,7310401,Tâm lý học,7310401,,,,unconfirmed,29401
HSU:7320104@2026,HSU,2026,7320104,Truyền thông đa phương tiện,7320104,,,,unconfirmed,29407
HSU:7320108@2026,HSU,2026,7320108,Quan hệ công chúng,7320108,,,,unconfirmed,29413
HSU:7340101@2026,HSU,2026,7340101,Quản trị kinh doanh,7340101,,,,unconfirmed,29419
HSU:7340114@2026,HSU,2026,7340114,Digital Marketing,7340114,,,,unconfirmed,29425
HSU:7340115@2026,HSU,2026,7340115,Marketing,7340115,,,,unconfirmed,29431
HSU:7340120@2026,HSU,2026,7340120,Kinh doanh quốc tế,7340120,,,,unconfirmed,29437
HSU:7340122@2026,HSU,2026,7340122,Thương mại điện tử,7340122,,,,unconfirmed,29443
HSU:7340201@2026,HSU,2026,7340201,Tài chính – Ngân hàng,7340201,,,,unconfirmed,29449
HSU:7340205@2026,HSU,2026,7340205,Công nghệ tài chính,7340205,,,,unconfirmed,29455
HSU:7340301@2026,HSU,2026,7340301,Kế toán,7340301,,,,unconfirmed,29461
HSU:7340404@2026,HSU,2026,7340404,Quản trị nhân lực,7340404,,,,unconfirmed,29467
HSU:7340410@2026,HSU,2026,7340410,Quản trị công nghệ truyền thông,7340410,,,,unconfirmed,29473
HSU:7340412@2026,HSU,2026,7340412,Quản trị sự kiện,7340412,,,,unconfirmed,29479
HSU:7380101@2026,HSU,2026,7380101,Luật,7380101,,,,unconfirmed,29485
HSU:7380107@2026,HSU,2026,7380107,Luật kinh tế,7380107,,,,unconfirmed,29491
HSU:7380108@2026,HSU,2026,7380108,Luật quốc tế,7380108,,,,unconfirmed,29497
HSU:7480103@2026,HSU,2026,7480103,Kỹ thuật phần mềm,7480103,,,,unconfirmed,29503
HSU:7480107@2026,HSU,2026,7480107,Tri tuệ nhân tạo,7480107,,,,unconfirmed,29509
HSU:7480201@2026,HSU,2026,7480201,Công nghệ thông tin,7480201,,,,unconfirmed,29515
HSU:7480208@2026,HSU,2026,7480208,An ninh mạng,7480208,,,,unconfirmed,29521
HSU:7510605@2026,HSU,2026,7510605,Logistics và quản lý chuỗi cung ứng,7510605,,,,unconfirmed,29527
HSU:7580108@2026,HSU,2026,7580108,Thiết kế nội thất,7580108,,,,unconfirmed,29533
HSU:7810103@2026,HSU,2026,7810103,Quản trị dịch vụ du lịch và lữ hành,7810103,,,,unconfirmed,29539
HSU:7810201@2026,HSU,2026,7810201,Quản trị khách sạn,7810201,,,,unconfirmed,29545
HSU:7810202@2026,HSU,2026,7810202,Quản trị nhà hàng và dịch vụ ăn uống,7810202,,,,unconfirmed,29551
HTA:7380101@2026,HTA,2026,7380101,Luật (Thí sinh miền Bắc),7380101,,,330,unconfirmed,29563
HTA:7380101~2@2026,HTA,2026,7380101,Luật (Thí sinh miền Nam),7380101,,,330,unconfirmed,29569
HTC:HC0101QT@2026,HTC,2026,HC0101QT,Thuế và Quản trị thuế (Theo định hướng ACCA),,,,80,unconfirmed,29581
HTC:HC0106QT@2026,HTC,2026,HC0106QT,Hải quan và Logistics (Theo định hướng FIATA),,,,510,unconfirmed,29586
HTC:HC0108QT@2026,HTC,2026,HC0108QT,Tài chính quốc tế (Theo định hướng CMA) *,,,,50,unconfirmed,29591
HTC:HC0109QT@2026,HTC,2026,HC0109QT,Phân tích tài chính (Theo định hướng ICAEW CFAB),,,,200,unconfirmed,29596
HTC:HC0111QT@2026,HTC,2026,HC0111QT,Tài chính doanh nghiệp (Theo định hướng ACCA),,,,600,unconfirmed,29601
HTC:HC0115QT@2026,HTC,2026,HC0115QT,Ngân hàng (Theo định hướng ICAEW CFAB),,,,80,unconfirmed,29606
HTC:HC0119@2026,HTC,2026,HC0119,Tài chính - Ngân hàng (CTĐT Thuế; Hải quan và nghiệp vụ ngoại thương; Tài chính quốc tế; Phân tích tài chính; Tài chính doanh nghiệp; Ngân hàng; Đầu tư tài chính; Tài chính số *),,,,900,unconfirmed,29611
HTC:HC0119QT@2026,HTC,2026,HC0119QT,Đầu tư tài chính (Theo định hướng ICAEW CFAB),,,,80,unconfirmed,29616
HTC:HC0201QT@2026,HTC,2026,HC0201QT,Kế toán doanh nghiệp (Theo định hướng ACCA),,,,370,unconfirmed,29621
HTC:HC0202QT@2026,HTC,2026,HC0202QT,Kế toán quản trị và Kiểm soát quản lý (Theo định hướng CMA),,,,80,unconfirmed,29626
HTC:HC0203QT@2026,HTC,2026,HC0203QT,Kế toán công (Theo định hướng ACCA),,,,100,unconfirmed,29631
HTC:HC0214@2026,HTC,2026,HC0214,Kế toán (CTĐT Kế toán doanh nghiệp; Kế toán công; Kế toán và phân tích dữ liệu *),,,,511,unconfirmed,29636
HTC:HC0301QT@2026,HTC,2026,HC0301QT,Quản trị doanh nghiệp (Theo định hướng ICAEW CFAB),,,,160,unconfirmed,29641
HTC:HC0303QT@2026,HTC,2026,HC0303QT,Quản trị kinh doanh khách sạn (Theo định hướng AHLEI) *,,,,50,unconfirmed,29646
HTC:HC0312@2026,HTC,2026,HC0312,Quản trị kinh doanh (CTĐT Quản trị doanh nghiệp; Quản trị kinh doanh du lịch),,,,160,unconfirmed,29651
HTC:HC0401@2026,HTC,2026,HC0401,Tin học tài chính kế toán,,,,110,unconfirmed,29656
HTC:HC0512@2026,HTC,2026,HC0512,Ngôn ngữ Anh (CTĐT Tiếng Anh tài chính kế toán; Tiếng Anh và tiếng Trung tài chính kế toán *),,,,170,unconfirmed,29661
HTC:HC0613@2026,HTC,2026,HC0613,Kinh tế (CTĐT Kinh tế và quản lý nguồn lực tài chính; Kinh tế số *),,,,104,unconfirmed,29666
HTC:HC0701@2026,HTC,2026,HC0701,Quản lý tài chính công,,,,180,unconfirmed,29671
HTC:HC0801@2026,HTC,2026,HC0801,Tài chính bảo hiểm,,,,80,unconfirmed,29676
HTC:HC0901@2026,HTC,2026,HC0901,Thẩm định giá và kinh doanh bất động sản,,,,80,unconfirmed,29681
HTC:HC0901QT@2026,HTC,2026,HC0901QT,Thẩm định giá và kinh doanh bất động sản (Theo định hướng ACCA),,,,80,unconfirmed,29686
HTC:HC1001@2026,HTC,2026,HC1001,Kiểm toán,,,,150,unconfirmed,29691
HTC:HC1001QT@2026,HTC,2026,HC1001QT,Kiểm toán (Theo định hướng ICAEW CFAB),,,,350,unconfirmed,29696
HTC:HC1101@2026,HTC,2026,HC1101,Marketing,,,,160,unconfirmed,29701
HTC:HC1102QT@2026,HTC,2026,HC1102QT,Digital Marketing (Theo định hướng ICDL),,,,260,unconfirmed,29706
HTC:HC1201@2026,HTC,2026,HC1201,Kinh tế đầu tư,,,,80,unconfirmed,29711
HTC:HC1201QT@2026,HTC,2026,HC1201QT,Kinh tế đầu tư (Theo định hướng ACCA),,,,120,unconfirmed,29716
HTC:HC1301@2026,HTC,2026,HC1301,Trí tuệ nhân tạo trong tài chính kế toán,,,,51,unconfirmed,29721
HTC:HC1412@2026,HTC,2026,HC1412,Khoa học dữ liệu (CTĐT Khoa học dữ liệu trong tài chính; An ninh tài chính *),,,,52,unconfirmed,29726
HTC:HC1501QT@2026,HTC,2026,HC1501QT,Kinh doanh quốc tế (Theo định hướng ICAEW CFAB),,,,160,unconfirmed,29731
HTC:HC1601@2026,HTC,2026,HC1601,Kinh tế chính trị - Tài chính,,,,50,unconfirmed,29736
HTC:HC1701@2026,HTC,2026,HC1701,Luật kinh doanh,,,,52,unconfirmed,29741
HTC:HC1812@2026,HTC,2026,HC1812,Toán kinh tế (CTĐT Toán tài chính; Thống kê ứng dụng trong tài chính *),,,,100,unconfirmed,29746
HTC:HCDDP@2026,HTC,2026,HCDDP,Chương trình LKĐT mỗi bên cấp Một Bằng cử nhân DDP (Dual Degree Programme),,,,120,unconfirmed,29751
HTC:HCTOULON1@2026,HTC,2026,HCTOULON1,"Bảo hiểm - Ngân hàng - Tài chính (Chương trình LKĐT với Trường Đại học Toulon, Cộng hòa Pháp)",,,,100,unconfirmed,29756
HTC:HCTOULON2@2026,HTC,2026,HCTOULON2,"Kế toán – Kiểm soát – Kiểm toán (Chương trình LKĐT với Trường Đại học Toulon, Cộng hòa Pháp)",,,,100,unconfirmed,29761
HTC:HS0106QT@2026,HTC,2026,HS0106QT,Hải quan và Logistics (Theo định hướng FIATA) (CS HCM),,,,100,unconfirmed,29766
HTC:HS0109QT@2026,HTC,2026,HS0109QT,Phân tích tài chính (Theo định hướng ICAEW CFAB) (CS HCM),,,,50,unconfirmed,29771
HTC:HS0111QT@2026,HTC,2026,HS0111QT,Tài chính doanh nghiệp (Theo định hướng ACCA) (CS HCM),,,,100,unconfirmed,29776
HTC:HS0201QT@2026,HTC,2026,HS0201QT,Kế toán doanh nghiệp (Theo định hướng ACCA) (CS HCM),,,,80,unconfirmed,29781
HTC:HS1001QT@2026,HTC,2026,HS1001QT,Kiểm toán (Theo định hướng ICAEW CFAB) (CS HCM),,,,50,unconfirmed,29786
HTC:HY0151@2026,HTC,2026,HY0151,Tài chính – Ngân hàng (CTĐT Tài chính doanh nghiệp; Ngân hàng) (CS Hưng Yên),,,,275,unconfirmed,29791
HTC:HY0213@2026,HTC,2026,HY0213,Kế toán (CTĐT Kế toán doanh nghiệp; Kế toán công) (CS Hưng Yên),,,,460,unconfirmed,29796
HTC:HY0312@2026,HTC,2026,HY0312,Quản trị kinh doanh (CTĐT Quản trị doanh nghiệp; Quản trị kinh doanh du lịch) (CS Hưng Yên),,,,300,unconfirmed,29801
HTC:HY0402@2026,HTC,2026,HY0402,Công nghệ thương mại điện tử (CS Hưng Yên),,,,50,unconfirmed,29806
HTC:HY0603@2026,HTC,2026,HY0603,Quản lý kinh tế (CS Hưng Yên),,,,80,unconfirmed,29811
HTC:HY1001@2026,HTC,2026,HY1001,Kiểm toán (CS Hưng Yên),,,,50,unconfirmed,29816
HTC:HY1101@2026,HTC,2026,HY1101,Marketing (CS Hưng Yên),,,,80,unconfirmed,29821
HTC:HY1502@2026,HTC,2026,HY1502,Thương mại quốc tế (CS Hưng Yên),,,,80,unconfirmed,29826
HTN:7310101@2026,HTN,2026,7310101,Kinh tế,7310101,,,,unconfirmed,29837
HTN:7310202@2026,HTN,2026,7310202,Xây dựng Đảng và Chính quyền nhà nước,7310202,,,,unconfirmed,29843
HTN:7310202~2@2026,HTN,2026,7310202,Xây dựng Đảng và Chính quyền nhà nước (Cơ sở TPHCM),7310202,,,,unconfirmed,29849
HTN:7310205@2026,HTN,2026,7310205,Quản lý Nhà nước,7310205,,,,unconfirmed,29855
HTN:7310401@2026,HTN,2026,7310401,Tâm lý học,7310401,,,,unconfirmed,29861
HTN:7320108@2026,HTN,2026,7320108,Quan hệ công chúng,7320108,,,,unconfirmed,29867
HTN:7380101@2026,HTN,2026,7380101,Luật,7380101,,,,unconfirmed,29873
HTN:7380101~2@2026,HTN,2026,7380101,Luật (Cơ sở TPHCM),7380101,,,,unconfirmed,29879
HTN:7480201@2026,HTN,2026,7480201,Công nghệ thông tin,7480201,,,,unconfirmed,29885
HTN:7760101@2026,HTN,2026,7760101,Công tác xã hội,7760101,,,,unconfirmed,29891
HTN:7760102@2026,HTN,2026,7760102,Công tác Thanh thiếu niên,7760102,,,,unconfirmed,29897
HTN:7760102~2@2026,HTN,2026,7760102,Công tác Thanh thiếu niên (Cơ sở TPHCM),7760102,,,,unconfirmed,29903
HVA:7140221@2026,HVA,2026,7140221,Sư phạm Âm nhạc,7140221,,,,unconfirmed,29914
HVA:7210201@2026,HVA,2026,7210201,Âm nhạc học,7210201,,,2,unconfirmed,29920
HVA:7210203@2026,HVA,2026,7210203,Sáng tác âm nhạc,7210203,,,8,unconfirmed,29926
HVA:7210205@2026,HVA,2026,7210205,Thanh nhạc,7210205,,,24,unconfirmed,29932
HVA:7210207@2026,HVA,2026,7210207,Biểu diễn nhạc cụ phương Tây,7210207,,,10,unconfirmed,29938
HVA:7210208@2026,HVA,2026,7210208,Piano,7210208,,,8,unconfirmed,29944
HVA:7210210@2026,HVA,2026,7210210,Biểu diễn nhạc cụ truyền thống,7210210,,,8,unconfirmed,29950
HVC:7310201@2026,HVC,2026,7310201,Chính trị học,7310201,,,100,unconfirmed,29961
HVC:7310202@2026,HVC,2026,7310202,Xây dựng Đảng và Chính quyền nhà nước,7310202,,,126,unconfirmed,29967
HVC:7310205@2026,HVC,2026,7310205,Quản lý nhà nước,7310205,,,350,unconfirmed,29973
HVC:7380101@2026,HVC,2026,7380101,Luật,7380101,,,60,unconfirmed,29979
HVC:7760101@2026,HVC,2026,7760101,Công tác xã hội,7760101,,,120,unconfirmed,29985
HVN:HVN01@2026,HVN,2026,HVN01,Thú y,,,,659,unconfirmed,29995
HVN:HVN02@2026,HVN,2026,HVN02,Chăn nuôi thú y - Thuỷ sản,,,,240,unconfirmed,30000
HVN:HVN03@2026,HVN,2026,HVN03,Nông nghiệp và cảnh quan,,,,135,unconfirmed,30005
HVN:HVN04@2026,HVN,2026,HVN04,Công nghệ kỹ thuật ô tô và Cơ điện tử,,,,540,unconfirmed,30010
HVN:HVN05@2026,HVN,2026,HVN05,Kỹ thuật cơ khí,,,,130,unconfirmed,30015
HVN:HVN06@2026,HVN,2026,HVN06,Kỹ thuật điện; Điện từ và Tự động hoá,,,,280,unconfirmed,30020
HVN:HVN07@2026,HVN,2026,HVN07,Logistics và Quản lý chuỗi cung ứng,,,,960,unconfirmed,30025
HVN:HVN08@2026,HVN,2026,HVN08,Kế toán; Quản trị kinh doanh và Thương mại,,,,2065,unconfirmed,30030
HVN:HVN09@2026,HVN,2026,HVN09,Công nghệ sinh học và Công nghệ dược liệu,,,,120,unconfirmed,30035
HVN:HVN10@2026,HVN,2026,HVN10,Công nghệ thực phẩm và Chế biến,,,,415,unconfirmed,30040
HVN:HVN11@2026,HVN,2026,HVN11,Kinh tế và Quản lý,,,,565,unconfirmed,30045
HVN:HVN12@2026,HVN,2026,HVN12,Xã hội học,,,,220,unconfirmed,30050
HVN:HVN13@2026,HVN,2026,HVN13,Luật,,,,265,unconfirmed,30055
HVN:HVN14@2026,HVN,2026,HVN14,Công nghệ thông tin và Kỹ thuật số,,,,500,unconfirmed,30060
HVN:HVN15@2026,HVN,2026,HVN15,Quản lý đất đai; Bất động sản và Môi trường,,,,265,unconfirmed,30065
HVN:HVN16@2026,HVN,2026,HVN16,Khoa học môi trường,,,,20,unconfirmed,30070
HVN:HVN17@2026,HVN,2026,HVN17,Ngôn ngữ Anh,,,,395,unconfirmed,30075
HVN:HVN18@2026,HVN,2026,HVN18,Ngôn ngữ Trung Quốc,,,,50,unconfirmed,30080
HVN:HVN19@2026,HVN,2026,HVN19,Sư phạm công nghệ,,,,30,unconfirmed,30085
HVN:HVN20@2026,HVN,2026,HVN20,Du lịch,,,,100,unconfirmed,30090
HVN:HVN21@2026,HVN,2026,HVN21,Quản lý và phát triển du lịch,,,,150,unconfirmed,30095
HVN:HVN22@2026,HVN,2026,HVN22,Quy hoạch vùng vả Đô thị,,,,50,unconfirmed,30100
HVN:HVN23@2026,HVN,2026,HVN23,Di sản học,,,,30,unconfirmed,30105
HVQ:7140101@2026,HVQ,2026,7140101,Giáo dục học (Giáo dục trẻ rối loạn phát triển),7140101,,,100,unconfirmed,30116
HVQ:7140114@2026,HVQ,2026,7140114,Quản lý giáo dục,7140114,,,180,unconfirmed,30122
HVQ:7220201@2026,HVQ,2026,7220201,Ngôn ngữ Anh,7220201,,,100,unconfirmed,30128
HVQ:7310101@2026,HVQ,2026,7310101,Kinh tế,7310101,,,120,unconfirmed,30134
HVQ:7310403@2026,HVQ,2026,7310403,Tâm lý học giáo dục,7310403,,,200,unconfirmed,30140
HVQ:7340406@2026,HVQ,2026,7340406,Quản trị văn phòng,7340406,,,150,unconfirmed,30146
HVQ:7480201@2026,HVQ,2026,7480201,Công nghệ thông tin,7480201,,,150,unconfirmed,30152
HYD:7720101@2026,HYD,2026,7720101,Y khoa,7720101,,,275,unconfirmed,30164
HYD:7720115@2026,HYD,2026,7720115,Y học cổ truyền,7720115,,,505,unconfirmed,30170
HYD:7720201@2026,HYD,2026,7720201,Dược học,7720201,,,329,unconfirmed,30176
IUH:7210404@2026,IUH,2026,7210404,Thiết kế thời trang,7210404,,,,unconfirmed,30188
IUH:7220201@2026,IUH,2026,7220201,Ngôn ngữ Anh,7220201,,,,unconfirmed,30194
IUH:7220204@2026,IUH,2026,7220204,Ngôn ngữ Trung Quốc,7220204,,,,unconfirmed,30200
IUH:7340101@2026,IUH,2026,7340101,Quản trị kinh doanh gồm 02 chuyên ngành: Quản trị kinh doanh; Quản trị nguồn nhân lực,7340101,,,,unconfirmed,30206
IUH:7340101C@2026,IUH,2026,7340101C,Quản trị kinh doanh gồm 02 chuyên ngành: Quản trị kinh doanh; Quản trị nguồn nhân lực (Chương trình tăng cường tiếng Anh),7340101,,,,unconfirmed,30212
IUH:7340115@2026,IUH,2026,7340115,Marketing gồm 02 chuyên ngành: Marketing*; Digital Marketing,7340115,,,,unconfirmed,30218
IUH:7340115C@2026,IUH,2026,7340115C,Marketing gồm 02 chuyên ngành: Marketing*; Digital Marketing (Chương trình tăng cường tiếng Anh),7340115,,,,unconfirmed,30224
IUH:7340120@2026,IUH,2026,7340120,Kinh doanh quốc tế*,7340120,,,,unconfirmed,30230
IUH:7340120C@2026,IUH,2026,7340120C,Kinh doanh quốc tế* (Chương trình tăng cường tiếng Anh),7340120,,,,unconfirmed,30236
IUH:7340122@2026,IUH,2026,7340122,Thương mại điện tử,7340122,,,,unconfirmed,30242
IUH:7340122C@2026,IUH,2026,7340122C,Thương mại điện tử (Chương trình tăng cường tiếng Anh),7340122,,,,unconfirmed,30248
IUH:7340201@2026,IUH,2026,7340201,Tài chính ngân hàng gồm 02 ngành: Tài chính; Ngân hàng;,7340201,,,,unconfirmed,30254
IUH:7340201C@2026,IUH,2026,7340201C,Tài chính ngân hàng gồm 02 ngành: Tài chính; Ngân hàng; (Chương trình tăng cường tiếng Anh),7340201,,,,unconfirmed,30260
IUH:7340205@2026,IUH,2026,7340205,Công nghệ tài chính,7340205,,,,unconfirmed,30266
IUH:7340205C@2026,IUH,2026,7340205C,Công nghệ tài chính (Chương trình tăng cường tiếng Anh),7340205,,,,unconfirmed,30272
IUH:7340301@2026,IUH,2026,7340301,Kế toán*,7340301,,,,unconfirmed,30278
IUH:7340301C@2026,IUH,2026,7340301C,Kế toán* (Chương trình tăng cường tiếng Anh),7340301,,,,unconfirmed,30284
IUH:7340301Q@2026,IUH,2026,7340301Q,Kế toán tích hợp chứng chỉ quốc tế Advanced Diploma in Accounting & Business của Hiệp hội Kế toán công chứng Anh (ACCA),7340301,,,,unconfirmed,30290
IUH:7340302@2026,IUH,2026,7340302,Kiểm toán*,7340302,,,,unconfirmed,30296
IUH:7340302C@2026,IUH,2026,7340302C,Kiểm toán* (Chương trình tăng cường tiếng Anh),7340302,,,,unconfirmed,30302
IUH:7340302Q@2026,IUH,2026,7340302Q,Kiểm toán tích hợp chứng chỉ quốc tế CFAB của Viện Kế toán Công chứng Anh và xứ Wales (ICAEW),7340302,,,,unconfirmed,30308
IUH:7380107@2026,IUH,2026,7380107,Luật kinh tế,7380107,,,,unconfirmed,30314
IUH:7380107C@2026,IUH,2026,7380107C,Luật kinh tế (Chương trình tăng cường tiếng Anh),7380107,,,,unconfirmed,30320
IUH:7420201@2026,IUH,2026,7420201,Công nghệ sinh học*,7420201,,,,unconfirmed,30326
IUH:7420201C@2026,IUH,2026,7420201C,Công nghệ sinh học* gồm 03 chuyên ngành: Công nghệ sinh học thẩm mỹ; Công nghệ sinh học y dược; Công nghệ sinh học nông nghiệp. (Chương trình tăng cường tiếng Anh),7420201,,,,unconfirmed,30332
IUH:7480108@2026,IUH,2026,7480108,Kỹ thuật máy tính gồm 02 chuyên ngành: Công nghệ kỹ thuật máy tính; Kỹ thuật thiết kế vi mạch.,7480108,,,,unconfirmed,30338
IUH:7480108C@2026,IUH,2026,7480108C,Kỹ thuật máy tính gồm 02 chuyên ngành: Công nghệ kỹ thuật máy tính; Kỹ thuật thiết kế vi mạch. (Chương trình tăng cường tiếng Anh),7480108,,,,unconfirmed,30344
IUH:7480201@2026,IUH,2026,7480201,Nhóm ngành Công nghệ thông tin gồm 04 ngành và 02 chuyên ngành: Công nghệ thông tin; Kỹ thuật phần mềm**; Khoa học máy tính; Hệ thống thông tin***; Chuyên ngành: Khoa học dữ liệu; Trí tuệ nhân tạo .,7480201,,,,unconfirmed,30350
IUH:7510201@2026,IUH,2026,7510201,Công nghệ kỹ thuật cơ khí,7510201,,,,unconfirmed,30356
IUH:7510201C@2026,IUH,2026,7510201C,Công nghệ kỹ thuật cơ khí (Chương trình tăng cường tiếng Anh),7510201,,,,unconfirmed,30362
IUH:7510202@2026,IUH,2026,7510202,Công nghệ chế tạo máy,7510202,,,,unconfirmed,30368
IUH:7510202C@2026,IUH,2026,7510202C,Công nghệ chế tạo máy (Chương trình tăng cường tiếng Anh),7510202,,,,unconfirmed,30374
IUH:7510203@2026,IUH,2026,7510203,Công nghệ kỹ thuật cơ điện tử*,7510203,,,,unconfirmed,30380
IUH:7510203C@2026,IUH,2026,7510203C,Công nghệ kỹ thuật cơ điện tử* (Chương trình tăng cường tiếng Anh),7510203,,,,unconfirmed,30386
IUH:7510205@2026,IUH,2026,7510205,Công nghệ kỹ thuật ô tô gồm 02 chuyên ngành: Công nghệ kỹ thuật ô tô; Công nghệ kỹ thuật ô tô điện.,7510205,,,,unconfirmed,30392
IUH:7510205C@2026,IUH,2026,7510205C,Công nghệ kỹ thuật ô tô gồm 02 chuyên ngành: Công nghệ kỹ thuật ô tô; Công nghệ kỹ thuật ô tô điện. (Chương trình tăng cường tiếng Anh),7510205,,,,unconfirmed,30398
IUH:7510206@2026,IUH,2026,7510206,Công nghệ kỹ thuật nhiệt gồm 03 chuyên ngành: Công nghệ kỹ thuật nhiệt; Công nghệ kỹ thuật năng lượng; Quản lý năng lượng.,7510206,,,,unconfirmed,30404
IUH:7510206C@2026,IUH,2026,7510206C,Công nghệ kỹ thuật nhiệt gồm 03 chuyên ngành: Công nghệ kỹ thuật nhiệt; Công nghệ kỹ thuật năng lượng; Quản lý năng lượng. (Chương trình tăng cường tiếng Anh),7510206,,,,unconfirmed,30410
IUH:7510301@2026,IUH,2026,7510301,"Công nghệ kỹ thuật điện, điện tử gồm 03 chuyên ngành: Công nghệ kỹ thuật điện, điện tử*; Năng lượng tái tạo; Điện hạt nhân.",7510301,,,,unconfirmed,30416
IUH:7510301C@2026,IUH,2026,7510301C,"Công nghệ kỹ thuật điện, điện tử gồm 03 chuyên ngành: Công nghệ kỹ thuật điện, điện tử*; Năng lượng tái tạo; Điện hạt nhân. (Chương trình tăng cường tiếng Anh)",7510301,,,,unconfirmed,30422
IUH:7510302@2026,IUH,2026,7510302,Công nghệ kỹ thuật điện tử - viễn thông gồm 04 chuyên ngành: Điện tử công nghiệp; Kỹ thuật viễn thông*; IOT và Trí tuệ nhân tạo ứng dụng; Kỹ thuật Radar - Dẫn đường.,7510302,,,,unconfirmed,30428
IUH:7510302C@2026,IUH,2026,7510302C,Công nghệ kỹ thuật điện tử - viễn thông gồm 03 chuyên ngành: Điện tử công nghiệp; Kỹ thuật viễn thông*; IOT và Trí tuệ nhân tạo ứng dụng (Chương trình tăng cường tiếng Anh),7510302,,,,unconfirmed,30434
IUH:7510303@2026,IUH,2026,7510303,Tự động hóa gồm 02 chuyên ngành: Công nghệ kỹ thuật điều khiển và tự động hóa*; Robot và hệ thống điều khiển thông minh.,7510303,,,,unconfirmed,30440
IUH:7510303C@2026,IUH,2026,7510303C,Tự động hóa gồm 02 chuyên ngành: Công nghệ kỹ thuật điều khiển và tự động hóa*; Robot và hệ thống điều khiển thông minh. (Chương trình tăng cường tiếng Anh),7510303,,,,unconfirmed,30446
IUH:7510401@2026,IUH,2026,7510401,Công nghệ hóa học gồm 03 chuyên ngành: Công nghệ kỹ thuật hóa học*; Kỹ thuật hóa phân tích; Hóa dược.,7510401,,,,unconfirmed,30452
IUH:7510401C@2026,IUH,2026,7510401C,Công nghệ hóa học gồm 03 chuyên ngành: Công nghệ kỹ thuật hóa học*; Kỹ thuật hóa phân tích; Hóa dược. (Chương trình tăng cường tiếng Anh),7510401,,,,unconfirmed,30458
IUH:7510406@2026,IUH,2026,7510406,Công nghệ kỹ thuật môi trường*,7510406,,,,unconfirmed,30464
IUH:7510605@2026,IUH,2026,7510605,Logistics và Quản lý chuỗi cung ứng.,7510605,,,,unconfirmed,30470
IUH:7510605C@2026,IUH,2026,7510605C,Logistics và Quản lý chuỗi cung ứng (Chương trình tăng cường tiếng Anh),7510605,,,,unconfirmed,30476
IUH:7540101@2026,IUH,2026,7540101,Công nghệ thực phẩm*,7540101,,,,unconfirmed,30482
IUH:7540101C@2026,IUH,2026,7540101C,Công nghệ thực phẩm* (Chương trình tăng cường tiếng Anh),7540101,,,,unconfirmed,30488
IUH:7540106@2026,IUH,2026,7540106,Đảm bảo chất lượng và An toàn thực phẩm,7540106,,,,unconfirmed,30494
IUH:7540204@2026,IUH,2026,7540204,"Công nghệ dệt, may",7540204,,,,unconfirmed,30500
IUH:7580201@2026,IUH,2026,7580201,Kỹ thuật xây dựng,7580201,,,,unconfirmed,30506
IUH:7580205@2026,IUH,2026,7580205,Kỹ thuật xây dựng công trình giao thông gồm 02 chuyên ngành: Xây dựng cầu đường; Kỹ thuật công trình đường sắt (mới).,7580205,,,,unconfirmed,30512
IUH:7580302@2026,IUH,2026,7580302,Quản lý xây dựng,7580302,,,,unconfirmed,30518
IUH:7720201@2026,IUH,2026,7720201,Dược học,7720201,,,,unconfirmed,30524
IUH:7720402@2026,IUH,2026,7720402,Dinh dưỡng và Khoa học thực phẩm,7720402,,,,unconfirmed,30530
IUH:7810103@2026,IUH,2026,7810103,Quản trị dịch vụ du lịch và lữ hành,7810103,,,,unconfirmed,30536
IUH:7810103C@2026,IUH,2026,7810103C,"Quản trị dịch vụ du lịch và lữ hành gồm 03 chuyên ngành: Quản trị dịch vụ du lịch và lữ hành, Quản trị khách sạn, Quản trị nhà hàng và dịch vụ ăn uống (Chương trình tăng cường tiếng Anh)",7810103,,,,unconfirmed,30542
IUH:7850101@2026,IUH,2026,7850101,Quản lý tài nguyên và môi trường,7850101,,,,unconfirmed,30548
IUH:7850103@2026,IUH,2026,7850103,Quản lý đất đai gồm 02 ngành: Quản lý đất đai; Kinh tế tài nguyên thiên nhiên.,7850103,,,,unconfirmed,30554
KCC:7220201@2026,KCC,2026,7220201,Ngôn ngữ Anh,7220201,,,80,unconfirmed,30566
KCC:7340101@2026,KCC,2026,7340101,Quản trị kinh doanh,7340101,,,100,unconfirmed,30572
KCC:7340201@2026,KCC,2026,7340201,Tài chính - Ngân hàng,7340201,,,90,unconfirmed,30578
KCC:7340301@2026,KCC,2026,7340301,Kế toán,7340301,,,90,unconfirmed,30584
KCC:7380101@2026,KCC,2026,7380101,Luật,7380101,,,80,unconfirmed,30590
KCC:7420201@2026,KCC,2026,7420201,Công nghệ sinh học,7420201,,,60,unconfirmed,30596
KCC:7460108@2026,KCC,2026,7460108,Khoa học dữ liệu,7460108,,,70,unconfirmed,30602
KCC:7480101@2026,KCC,2026,7480101,Khoa học máy tính,7480101,,,80,unconfirmed,30608
KCC:7480103@2026,KCC,2026,7480103,Kỹ thuật phần mềm,7480103,,,80,unconfirmed,30614
KCC:7480104@2026,KCC,2026,7480104,Hệ thống thông tin,7480104,,,70,unconfirmed,30620
KCC:7480201@2026,KCC,2026,7480201,Công nghệ thông tin,7480201,,,100,unconfirmed,30626
KCC:7510102@2026,KCC,2026,7510102,Công nghệ kỹ thuật công trình xây dựng,7510102,,,70,unconfirmed,30632
KCC:7510203@2026,KCC,2026,7510203,Công nghệ kỹ thuật cơ điện tử,7510203,,,80,unconfirmed,30638
KCC:7510301@2026,KCC,2026,7510301,"Công nghệ kỹ thuật điện, điện tử",7510301,,,110,unconfirmed,30644
KCC:7510303@2026,KCC,2026,7510303,Công nghệ kỹ thuật điều khiển và tự động hóa,7510303,,,100,unconfirmed,30650
KCC:7510401@2026,KCC,2026,7510401,Công nghệ kỹ thuật hóa học,7510401,,,50,unconfirmed,30656
KCC:7510403@2026,KCC,2026,7510403,Công nghệ kỹ thuật năng lượng,7510403,,,50,unconfirmed,30662
KCC:7510601@2026,KCC,2026,7510601,Quản lý công nghiệp,7510601,,,70,unconfirmed,30668
KCC:7510605@2026,KCC,2026,7510605,Logistics và quản lý chuỗi cung ứng,7510605,,,100,unconfirmed,30674
KCC:7520118@2026,KCC,2026,7520118,Kỹ thuật hệ thống công nghiệp,7520118,,,60,unconfirmed,30680
KCC:7540101@2026,KCC,2026,7540101,Công nghệ thực phẩm,7540101,,,100,unconfirmed,30686
KCC:7580302@2026,KCC,2026,7580302,Quản lý xây dựng,7580302,,,70,unconfirmed,30692
KCC:7340201~2@2026,KCC,2026,7340201,Tài chính - Ngân hàng,7340201,,,90,unconfirmed,30698
KCN:7420201@2026,KCN,2026,7420201,Công nghệ sinh học - Phát triển thuốc,7420201,,,,unconfirmed,30710
KCN:7420201-01@2026,KCN,2026,7420201-01,Công nghệ sinh học - Phát triển thuốc (Chương trình liên kết),7420201,,,,unconfirmed,30716
KCN:7440112@2026,KCN,2026,7440112,Hóa học,7440112,,,,unconfirmed,30722
KCN:7440112-01@2026,KCN,2026,7440112-01,Hóa học (Chương trình liên kết),7440112,,,,unconfirmed,30728
KCN:7440122@2026,KCN,2026,7440122,Khoa học vật liệu tiên tiến và Công nghệ Nano,7440122,,,,unconfirmed,30734
KCN:7440301@2026,KCN,2026,7440301,Khoa học Môi trường ứng dụng,7440301,,,,unconfirmed,30740
KCN:7460108@2026,KCN,2026,7460108,Khoa học dữ liệu,7460108,,,,unconfirmed,30746
KCN:7460112@2026,KCN,2026,7460112,Toán ứng dụng,7460112,,,,unconfirmed,30752
KCN:7480201@2026,KCN,2026,7480201,Công nghệ thông tin - Truyền thông,7480201,,,,unconfirmed,30758
KCN:7480201-01@2026,KCN,2026,7480201-01,Công nghệ thông tin - Truyền thông (Chương trình liên kết),7480201,,,,unconfirmed,30764
KCN:7480202@2026,KCN,2026,7480202,An toàn thông tin,7480202,,,,unconfirmed,30770
KCN:7510203@2026,KCN,2026,7510203,Công nghệ Kỹ thuật Cơ điện tử,7510203,,,,unconfirmed,30776
KCN:7520120@2026,KCN,2026,7520120,Kỹ thuật Hàng không,7520120,,,,unconfirmed,30782
KCN:7520121@2026,KCN,2026,7520121,Khoa học Vũ trụ và Công nghệ Vệ tinh,7520121,,,,unconfirmed,30788
KCN:7520130@2026,KCN,2026,7520130,Kỹ thuật ô tô,7520130,,,,unconfirmed,30794
KCN:7520201@2026,KCN,2026,7520201,Kỹ thuật điện và Năng lượng tái tạo,7520201,,,,unconfirmed,30800
KCN:7520401@2026,KCN,2026,7520401,Công nghệ vi mạch bán dẫn,7520401,,,,unconfirmed,30806
KCN:7540101@2026,KCN,2026,7540101,Khoa học và Công nghệ thực phẩm,7540101,,,,unconfirmed,30812
KCN:7720201@2026,KCN,2026,7720201,Dược học,7720201,,,,unconfirmed,30818
KCN:7720601@2026,KCN,2026,7720601,Khoa học và Công nghệ y khoa,7720601,,,,unconfirmed,30824
KGH:7860203AV_B@2026,KGH,2026,7860203AV_B,Thiết bị bay không người lái (miền Bắc),7860203,,,60,unconfirmed,30835
KGH:7860203AV_N@2026,KGH,2026,7860203AV_N,Thiết bị bay không người lái (miền Nam),7860203,,,60,unconfirmed,30841
KGH:7860203PC@2026,KGH,2026,7860203PC,Phi công quân sự,7860203,,,40,unconfirmed,30847
KHA:7220201@2026,KHA,2026,7220201,Ngôn ngữ Anh,7220201,,,90,unconfirmed,30859
KHA:7310101_1@2026,KHA,2026,7310101_1,Kinh tế học,7310101,,,50,unconfirmed,30865
KHA:7310101_2@2026,KHA,2026,7310101_2,Kinh tế và quản lý đô thị,7310101,,,50,unconfirmed,30871
KHA:7310101_3@2026,KHA,2026,7310101_3,Kinh tế và quản lý nguồn nhân lực,7310101,,,50,unconfirmed,30877
KHA:7310104@2026,KHA,2026,7310104,Kinh tế đầu tư,7310104,,,100,unconfirmed,30883
KHA:7310105@2026,KHA,2026,7310105,Kinh tế phát triển,7310105,,,80,unconfirmed,30889
KHA:7310106@2026,KHA,2026,7310106,Kinh tế quốc tế,7310106,,,50,unconfirmed,30895
KHA:7310107@2026,KHA,2026,7310107,Thống kê kinh tế,7310107,,,50,unconfirmed,30901
KHA:7310108@2026,KHA,2026,7310108,Toán kinh tế,7310108,,,50,unconfirmed,30907
KHA:7320108@2026,KHA,2026,7320108,Quan hệ công chúng,7320108,,,50,unconfirmed,30913
KHA:7340101@2026,KHA,2026,7340101,Quản trị kinh doanh,7340101,,,180,unconfirmed,30919
KHA:7340115@2026,KHA,2026,7340115,Marketing,7340115,,,100,unconfirmed,30925
KHA:7340116@2026,KHA,2026,7340116,Bất động sản,7340116,,,70,unconfirmed,30931
KHA:7340120@2026,KHA,2026,7340120,Kinh doanh quốc tế,7340120,,,100,unconfirmed,30937
KHA:7340121@2026,KHA,2026,7340121,Kinh doanh thương mại,7340121,,,100,unconfirmed,30943
KHA:7340122@2026,KHA,2026,7340122,Thương mại điện tử,7340122,,,50,unconfirmed,30949
KHA:7340201@2026,KHA,2026,7340201,Tài chính – Ngân hàng,7340201,,,230,unconfirmed,30955
KHA:7340204@2026,KHA,2026,7340204,Bảo hiểm,7340204,,,80,unconfirmed,30961
KHA:7340205@2026,KHA,2026,7340205,Công nghệ tài chính (dự kiến),7340205,,,50,unconfirmed,30967
KHA:7340301@2026,KHA,2026,7340301,Kế toán,7340301,,,150,unconfirmed,30973
KHA:7340302@2026,KHA,2026,7340302,Kiểm toán,7340302,,,50,unconfirmed,30979
KHA:7340401@2026,KHA,2026,7340401,Khoa học quản lý,7340401,,,90,unconfirmed,30985
KHA:7340403@2026,KHA,2026,7340403,Quản lý công,7340403,,,50,unconfirmed,30991
KHA:7340404@2026,KHA,2026,7340404,Quản trị nhân lực,7340404,,,70,unconfirmed,30997
KHA:7340405@2026,KHA,2026,7340405,Hệ thống thông tin quản lý,7340405,,,100,unconfirmed,31003
KHA:7340408@2026,KHA,2026,7340408,Quan hệ lao động,7340408,,,40,unconfirmed,31009
KHA:7340409@2026,KHA,2026,7340409,Quản lý dự án,7340409,,,50,unconfirmed,31015
KHA:7380101@2026,KHA,2026,7380101,Luật,7380101,,,50,unconfirmed,31021
KHA:7380107@2026,KHA,2026,7380107,Luật kinh tế,7380107,,,80,unconfirmed,31027
KHA:7380109@2026,KHA,2026,7380109,Luật thương mại quốc tế,7380109,,,50,unconfirmed,31033
KHA:7480101@2026,KHA,2026,7480101,Khoa học máy tính,7480101,,,50,unconfirmed,31039
KHA:7480104@2026,KHA,2026,7480104,Hệ thống thông tin,7480104,,,50,unconfirmed,31045
KHA:7480201@2026,KHA,2026,7480201,Công nghệ thông tin,7480201,,,100,unconfirmed,31051
KHA:7480202@2026,KHA,2026,7480202,An toàn thông tin,7480202,,,50,unconfirmed,31057
KHA:7510605@2026,KHA,2026,7510605,Logistics và Quản lý chuỗi cung ứng,7510605,,,100,unconfirmed,31063
KHA:7620114@2026,KHA,2026,7620114,Kinh doanh nông nghiệp,7620114,,,50,unconfirmed,31069
KHA:7620115@2026,KHA,2026,7620115,Kinh tế nông nghiệp,7620115,,,50,unconfirmed,31075
KHA:7810103@2026,KHA,2026,7810103,Quản trị dịch vụ du lịch và lữ hành,7810103,,,60,unconfirmed,31081
KHA:7810201@2026,KHA,2026,7810201,Quản trị khách sạn,7810201,,,50,unconfirmed,31087
KHA:7850101@2026,KHA,2026,7850101,Quản lý tài nguyên và môi trường,7850101,,,50,unconfirmed,31093
KHA:7850102@2026,KHA,2026,7850102,Kinh tế tài nguyên thiên nhiên,7850102,,,50,unconfirmed,31099
KHA:7850103@2026,KHA,2026,7850103,Quản lý đất đai,7850103,,,50,unconfirmed,31105
KHA:CLC1@2026,KHA,2026,CLC1,(1) Kinh tế phát triển,,,,55,unconfirmed,31111
KHA:CLC1~2@2026,KHA,2026,CLC1,(2) Ngân hàng,,,,55,unconfirmed,31116
KHA:CLC1~3@2026,KHA,2026,CLC1,(3) Công nghệ thông tin và chuyển đổi số,,,,55,unconfirmed,31121
KHA:CLC1~4@2026,KHA,2026,CLC1,(4) Bảo hiểm tích hợp chứng chỉ ANZIIF,,,,55,unconfirmed,31126
KHA:CLC2@2026,KHA,2026,CLC2,(1) Kinh tế Đầu tư,,,,160,unconfirmed,31131
KHA:CLC2~2@2026,KHA,2026,CLC2,(2) Quản trị nhân lực,,,,160,unconfirmed,31136
KHA:CLC2~3@2026,KHA,2026,CLC2,(3) Quản trị kinh doanh,,,,105,unconfirmed,31141
KHA:CLC2~4@2026,KHA,2026,CLC2,(4) Quan hệ công chúng,,,,160,unconfirmed,31146
KHA:CLC3@2026,KHA,2026,CLC3,(1) Tài chính doanh nghiệp,,,,325,unconfirmed,31151
KHA:CLC3~2@2026,KHA,2026,CLC3,(2) Marketing số,,,,270,unconfirmed,31156
KHA:CLC3~3@2026,KHA,2026,CLC3,(3) Quản trị Marketing,,,,165,unconfirmed,31161
KHA:CLC3~4@2026,KHA,2026,CLC3,(4) Quản trị Kinh doanh quốc tế,,,,270,unconfirmed,31166
KHA:CLC3~5@2026,KHA,2026,CLC3,(5) Kinh tế quốc tế,,,,270,unconfirmed,31171
KHA:CLC3~6@2026,KHA,2026,CLC3,(6) Logistics và quản lý chuỗi cung ứng,,,,165,unconfirmed,31176
KHA:CLC3~7@2026,KHA,2026,CLC3,(7) Thương mại điện tử,,,,165,unconfirmed,31181
KHA:CLC3~8@2026,KHA,2026,CLC3,(8) Kiểm toán tích hợp chứng chỉ ACCA,,,,270,unconfirmed,31186
KHA:EBBA@2026,KHA,2026,EBBA,Quản trị kinh doanh (E-BBA),,,,110,unconfirmed,31191
KHA:EP01@2026,KHA,2026,EP01,Khởi nghiệp và phát triển kinh doanh (BBAE),,,,90,unconfirmed,31196
KHA:EP02@2026,KHA,2026,EP02,Khoa học tính toán trong Tài chính và Bảo hiểm,,,,50,unconfirmed,31201
KHA:EP03@2026,KHA,2026,EP03,Phân tích dữ liệu kinh tế (EDA),,,,90,unconfirmed,31206
KHA:EP04@2026,KHA,2026,EP04,Kế toán tích hợp chứng chỉ quốc tế (ICAEW CFAB),,,,60,unconfirmed,31211
KHA:EP05@2026,KHA,2026,EP05,Kinh doanh số (E-BDB),,,,60,unconfirmed,31216
KHA:EP06@2026,KHA,2026,EP06,Phân tích kinh doanh (BA),,,,60,unconfirmed,31221
KHA:EP07@2026,KHA,2026,EP07,Quản trị điều hành thông minh (E-SOM),,,,70,unconfirmed,31226
KHA:EP08@2026,KHA,2026,EP08,Quản trị chất lượng và Đổi mới (E-MQI),,,,70,unconfirmed,31231
KHA:EP09@2026,KHA,2026,EP09,Công nghệ tài chính và Ngân hàng số,,,,100,unconfirmed,31236
KHA:EP10@2026,KHA,2026,EP10,Tài chính và Đầu tư (BFI),,,,100,unconfirmed,31241
KHA:EP11@2026,KHA,2026,EP11,Quản trị khách sạn quốc tế (IHME),,,,50,unconfirmed,31246
KHA:EP12@2026,KHA,2026,EP12,Kiểm toán tích hợp chứng chỉ quốc tế (ICAEW CFAB),,,,60,unconfirmed,31251
KHA:EP13@2026,KHA,2026,EP13,Kinh tế học tài chính (FE),,,,90,unconfirmed,31256
KHA:EP14@2026,KHA,2026,EP14,Logistics và Quản lý CCU tích hợp chứng chỉ Logistic quốc tế (LSIC),,,,100,unconfirmed,31261
KHA:EP15@2026,KHA,2026,EP15,Khoa học dữ liệu,,,,70,unconfirmed,31266
KHA:EP16@2026,KHA,2026,EP16,Trí tuệ nhân tạo,,,,80,unconfirmed,31271
KHA:EP17@2026,KHA,2026,EP17,Kỹ thuật phần mềm,,,,50,unconfirmed,31276
KHA:EP18@2026,KHA,2026,EP18,Quản trị giải trí và sự kiện,,,,50,unconfirmed,31281
KHA:EP19@2026,KHA,2026,EP19,Công nghệ Marketing,,,,50,unconfirmed,31286
KHA:EP20@2026,KHA,2026,EP20,Công nghệ Logistics và Quản trị chuỗi cung ứng,,,,50,unconfirmed,31291
KHA:EP21@2026,KHA,2026,EP21,Kiểm toán nội bộ,,,,50,unconfirmed,31296
KHA:EP22@2026,KHA,2026,EP22,Kinh tế quốc tế,,,,50,unconfirmed,31301
KHA:EP23@2026,KHA,2026,EP23,Kinh tế số (dự kiến),,,,50,unconfirmed,31306
KHA:EP24@2026,KHA,2026,EP24,Kinh tế Y tế,,,,40,unconfirmed,31311
KHA:EP25@2026,KHA,2026,EP25,Phát triển quốc tế,,,,40,unconfirmed,31316
KHA:EP26@2026,KHA,2026,EP26,Công nghệ môi trường và phát triển bền vững,,,,50,unconfirmed,31321
KHA:EP27@2026,KHA,2026,EP27,Quản trị công nghiệp sáng tạo,,,,50,unconfirmed,31326
KHA:EP28@2026,KHA,2026,EP28,Quản trị nhân lực quốc tế,,,,40,unconfirmed,31331
KHA:EP29@2026,KHA,2026,EP29,Quản trị rủi ro định lượng,,,,50,unconfirmed,31336
KHA:EP30@2026,KHA,2026,EP30,Toán ứng dụng (dự kiến),,,,50,unconfirmed,31341
KHA:EP31@2026,KHA,2026,EP31,Thẩm định giá,,,,50,unconfirmed,31346
KHA:EP32@2026,KHA,2026,EP32,Thống kê và Trí tuệ kinh doanh,,,,50,unconfirmed,31351
KHA:EPMP@2026,KHA,2026,EPMP,Quản lý công và Chính sách (E-PMP),,,,70,unconfirmed,31356
KHA:POHE1@2026,KHA,2026,POHE1,Quản trị khách sạn,,,,50,unconfirmed,31361
KHA:POHE2@2026,KHA,2026,POHE2,Quản trị lữ hành,,,,50,unconfirmed,31366
KHA:POHE3@2026,KHA,2026,POHE3,Truyền thông Marketing,,,,60,unconfirmed,31371
KHA:POHE4@2026,KHA,2026,POHE4,Luật kinh doanh,,,,50,unconfirmed,31376
KHA:POHE5@2026,KHA,2026,POHE5,Quản trị kinh doanh thương mại,,,,50,unconfirmed,31381
KHA:POHE6@2026,KHA,2026,POHE6,Quản lý thị trường,,,,50,unconfirmed,31386
KHA:POHE7@2026,KHA,2026,POHE7,Thẩm định giá,,,,50,unconfirmed,31391
KHA:TT1@2026,KHA,2026,TT1,(1) Kế toán,,,,55,unconfirmed,31396
KHA:TT1~2@2026,KHA,2026,TT1,(2) Kế hoạch tài chính,,,,55,unconfirmed,31401
KHA:TT1~3@2026,KHA,2026,TT1,(3) Quản trị kinh doanh,,,,55,unconfirmed,31406
KHA:TT2@2026,KHA,2026,TT2,(1) Tài chính,,,,220,unconfirmed,31411
KHA:TT2~2@2026,KHA,2026,TT2,(2) Kinh doanh quốc tế,,,,110,unconfirmed,31416
KMA:7480201KA@2026,KMA,2026,7480201KA,Công nghệ thông tin,7480201,,,140,unconfirmed,31427
KMA:7480202KA@2026,KMA,2026,7480202KA,An toàn thông tin (Cơ sở Hà Nội),7480202,,,240,unconfirmed,31433
KMA:7480202KP@2026,KMA,2026,7480202KP,An toàn thông tin (Cơ sở TP.HCM),7480202,,,80,unconfirmed,31439
KMA:7520207KA@2026,KMA,2026,7520207KA,Kỹ thuật điện tử viễn thông,7520207,,,140,unconfirmed,31445
KQH:7860220@2026,KQH,2026,7860220,Kỹ sư quân sự (đào tạo chất lượng cao),7860220,,,30,unconfirmed,31457
KQH:7860220~2@2026,KQH,2026,7860220,Kỹ sư quân sự (liên kết),7860220,,,5,unconfirmed,31463
KQH:7860220~3@2026,KQH,2026,7860220,"Kỹ sư quân sự (miền Bắc, thí sinh Nam)",7860220,,,251,unconfirmed,31469
KQH:7860220~4@2026,KQH,2026,7860220,"Kỹ sư quân sự (miền Nam, thí sinh Nam)",7860220,,,135,unconfirmed,31475
KQH:7860220~5@2026,KQH,2026,7860220,Kỹ sư quân sự (đào tạo tại nước ngoài),7860220,,,195,unconfirmed,31481
KQH:7860220~6@2026,KQH,2026,7860220,"Kỹ sư quân sự (miền Bắc, thí sinh Nữ)",7860220,,,9,unconfirmed,31487
KQH:7860220~7@2026,KQH,2026,7860220,"Kỹ sư quân sự (miền Nam, thí sinh Nữ)",7860220,,,5,unconfirmed,31493
KSA:7220201@2026,KSA,2026,7220201,Tiếng Anh thương mại,7220201,,,150,unconfirmed,31505
KSA:7310101@2026,KSA,2026,7310101,Kinh tế,7310101,,,110,unconfirmed,31511
KSA:731010201@2026,KSA,2026,731010201,Kinh tế chính trị,7310102,,,40,unconfirmed,31517
KSA:731010202@2026,KSA,2026,731010202,Kinh tế chính trị quốc tế,7310102,,,40,unconfirmed,31523
KSA:731010401@2026,KSA,2026,731010401,Kinh tế đầu tư,7310104,,,200,unconfirmed,31529
KSA:731010402@2026,KSA,2026,731010402,Thẩm định giá và Quản trị tài sản,7310104,,,100,unconfirmed,31535
KSA:7310107@2026,KSA,2026,7310107,Thống kê kinh doanh,7310107,,,50,unconfirmed,31541
KSA:731010801@2026,KSA,2026,731010801,Toán tài chính,7310108,,,50,unconfirmed,31547
KSA:731010802@2026,KSA,2026,731010802,Phân tích rủi ro và định phí bảo hiểm,7310108,,,50,unconfirmed,31553
KSA:732010601@2026,KSA,2026,732010601,Truyền thông số và thiết kế đa phương tiện,7320106,,,60,unconfirmed,31559
KSA:73201061D@2026,KSA,2026,73201061D,"Truyền thông số và thiết kế đa phương tiện song bằng UEH - Đại học Saint Joseph, Macao (2a)(4)",7320106,,,40,unconfirmed,31565
KSA:734010101@2026,KSA,2026,734010101,Quản trị kinh doanh,7340101,,,750,unconfirmed,31571
KSA:734010102@2026,KSA,2026,734010102,Kinh doanh số,7340101,,,70,unconfirmed,31577
KSA:734010103@2026,KSA,2026,734010103,Quản trị bệnh viện,7340101,,,100,unconfirmed,31583
KSA:734010104@2026,KSA,2026,734010104,Quản trị bền vững doanh nghiệp và môi trường,7340101,,,50,unconfirmed,31589
KSA:73401011F@2026,KSA,2026,73401011F,Quản trị - Tiếng Anh toàn phần (2a),7340101,,,100,unconfirmed,31595
KSA:73401014D@2026,KSA,2026,73401014D,"Quản trị bền vững doanh nghiệp và môi trường song bằng UEH - Koblenz University of Applied Sciences (Hochschule Koblenz), Đức(2a)(4)",7340101,,,30,unconfirmed,31601
KSA:734011501@2026,KSA,2026,734011501,Marketing,7340115,,,100,unconfirmed,31607
KSA:734011502@2026,KSA,2026,734011502,Công nghệ Marketing,7340115,,,70,unconfirmed,31613
KSA:73401151F@2026,KSA,2026,73401151F,Marketing - Tiếng Anh toàn phần (2a),7340115,,,80,unconfirmed,31619
KSA:7340116@2026,KSA,2026,7340116,Bất động sản,7340116,,,110,unconfirmed,31625
KSA:734012001@2026,KSA,2026,734012001,Kinh doanh quốc tế,7340120,,,320,unconfirmed,31631
KSA:73401201F@2026,KSA,2026,73401201F,Kinh doanh quốc tế - Tiếng Anh toàn phần (2a),7340120,,,250,unconfirmed,31637
KSA:734012101@2026,KSA,2026,734012101,Kinh doanh thương mại,7340121,,,170,unconfirmed,31643
KSA:73401211F@2026,KSA,2026,73401211F,Kinh doanh thương mại - Tiếng Anh toàn phần (2a),7340121,,,40,unconfirmed,31649
KSA:7340122@2026,KSA,2026,7340122,Thương mại điện tử,7340122,,,140,unconfirmed,31655
KSA:734020101@2026,KSA,2026,734020101,Tài chính công,7340201,,,50,unconfirmed,31661
KSA:734020102@2026,KSA,2026,734020102,Thuế,7340201,,,100,unconfirmed,31667
KSA:734020103@2026,KSA,2026,734020103,Ngân hàng,7340201,,,220,unconfirmed,31673
KSA:734020104@2026,KSA,2026,734020104,Thị trường chứng khoán,7340201,,,100,unconfirmed,31679
KSA:734020105@2026,KSA,2026,734020105,Tài chính,7340201,,,380,unconfirmed,31685
KSA:734020106@2026,KSA,2026,734020106,Đầu tư tài chính,7340201,,,40,unconfirmed,31691
KSA:734020107@2026,KSA,2026,734020107,Quản trị Hải quan – Ngoại thương,7340201,,,100,unconfirmed,31697
KSA:73402010D@2026,KSA,2026,73402010D,"Chương trình đào tạo nguồn nhân lực quốc tế cử nhân Tài chính - Ngân hàng song bằng UEH - Đại học Rennes, Pháp (2b)(4)",7340201,,,40,unconfirmed,31703
KSA:73402013F@2026,KSA,2026,73402013F,Ngân hàng - Tiếng Anh toàn phần (2a),7340201,,,30,unconfirmed,31709
KSA:73402015F@2026,KSA,2026,73402015F,Tài chính - Tiếng Anh toàn phần (2a),7340201,,,90,unconfirmed,31715
KSA:73402016F@2026,KSA,2026,73402016F,Đầu tư tài chính - Tiếng Anh toàn phần (2a),7340201,,,30,unconfirmed,31721
KSA:7340204@2026,KSA,2026,7340204,Bảo hiểm,7340204,,,50,unconfirmed,31727
KSA:7340205@2026,KSA,2026,7340205,Công nghệ tài chính,7340205,,,70,unconfirmed,31733
KSA:734020601@2026,KSA,2026,734020601,Tài chính quốc tế,7340206,,,40,unconfirmed,31739
KSA:73402061F@2026,KSA,2026,73402061F,Tài chính quốc tế - Tiếng Anh toàn phần (2a),7340206,,,80,unconfirmed,31745
KSA:734030101@2026,KSA,2026,734030101,Kế toán doanh nghiệp,7340301,,,510,unconfirmed,31751
KSA:734030102@2026,KSA,2026,734030102,Kế toán công,7340301,,,50,unconfirmed,31757
KSA:734030103@2026,KSA,2026,734030103,Chương trình Kế toán tích hợp chứng chỉ nghề nghiệp quốc tế ICAEW (2b),7340301,,,50,unconfirmed,31763
KSA:734030104@2026,KSA,2026,734030104,Chương trình Kế toán tích hợp chứng chỉ nghề nghiệp quốc tế ACCA (2b),7340301,,,50,unconfirmed,31769
KSA:73403011F@2026,KSA,2026,73403011F,Kế toán doanh nghiệp - Tiếng Anh toàn phần (2a),7340301,,,80,unconfirmed,31775
KSA:734030201@2026,KSA,2026,734030201,Kiểm toán,7340302,,,120,unconfirmed,31781
KSA:73403021F@2026,KSA,2026,73403021F,Kiểm toán - Tiếng Anh toàn phần (2a),7340302,,,80,unconfirmed,31787
KSA:7340403@2026,KSA,2026,7340403,Quản lý công,7340403,,,70,unconfirmed,31793
KSA:7340404@2026,KSA,2026,7340404,Quản trị nhân lực,7340404,,,150,unconfirmed,31799
KSA:7340405@2026,KSA,2026,7340405,Hệ thống thông tin quản lý,7340405,,,110,unconfirmed,31805
KSA:738010101@2026,KSA,2026,738010101,Luật kinh doanh quốc tế,7380101,,,70,unconfirmed,31811
KSA:738010102@2026,KSA,2026,738010102,Luật,7380101,,,40,unconfirmed,31817
KSA:7380107@2026,KSA,2026,7380107,Luật kinh tế,7380107,,,80,unconfirmed,31823
KSA:7380109@2026,KSA,2026,7380109,Luật thương mại quốc tế,7380109,,,40,unconfirmed,31829
KSA:746010801@2026,KSA,2026,746010801,Khoa học dữ liệu,7460108,,,55,unconfirmed,31835
KSA:746010802@2026,KSA,2026,746010802,Phân tích dữ liệu,7460108,,,40,unconfirmed,31841
KSA:7480101@2026,KSA,2026,7480101,Khoa học máy tính,7480101,,,50,unconfirmed,31847
KSA:7480103@2026,KSA,2026,7480103,Kỹ thuật phần mềm,7480103,,,55,unconfirmed,31853
KSA:748010701@2026,KSA,2026,748010701,Robot và Trí tuệ nhân tạo (hệ kỹ sư),7480107,,,30,unconfirmed,31859
KSA:748010702@2026,KSA,2026,748010702,Điều khiển thông minh và tự động hóa (hệ kỹ sư),7480107,,,40,unconfirmed,31865
KSA:74801071D@2026,KSA,2026,74801071D,"Robot và Trí tuệ nhân tạo song bằng UEH - Đại học Kwangwoon, Hàn Quốc (hệ kỹ sư)(1)(2a)(4)",7480107,,,60,unconfirmed,31871
KSA:74801072D@2026,KSA,2026,74801072D,"Điều khiển thông minh và tự động hóa song bằng UEH - Đại học Kwangwoon, Hàn Quốc (hệ kỹ sư) (1)(2a)(4)",7480107,,,30,unconfirmed,31877
KSA:748020101@2026,KSA,2026,748020101,Công nghệ thông tin,7480201,,,50,unconfirmed,31883
KSA:748020102@2026,KSA,2026,748020102,Công nghệ nghệ thuật,7480201,,,70,unconfirmed,31889
KSA:748020103@2026,KSA,2026,748020103,Công nghệ và đổi mới sáng tạo,7480201,,,100,unconfirmed,31895
KSA:7480202@2026,KSA,2026,7480202,An toàn thông tin,7480202,,,50,unconfirmed,31901
KSA:7510201@2026,KSA,2026,7510201,Sản xuất thông minh,7510201,,,40,unconfirmed,31907
KSA:751060501@2026,KSA,2026,751060501,Logistics và Quản lý chuỗi cung ứng,7510605,,,40,unconfirmed,31913
KSA:751060502@2026,KSA,2026,751060502,Công nghệ Logistics (hệ kỹ sư),7510605,,,60,unconfirmed,31919
KSA:75106051F@2026,KSA,2026,75106051F,Logistics và Quản lý chuỗi cung ứng - Tiếng Anh toàn phần (2a),7510605,,,80,unconfirmed,31925
KSA:75106052F@2026,KSA,2026,75106052F,Công nghệ Logistics tích hợp chứng chỉ quốc tế FIATA - Tiếng Anh toàn phần (hệ kỹ sư)(1)(2a),7510605,,,30,unconfirmed,31931
KSA:758010402@2026,KSA,2026,758010402,Kiến trúc và Thiết kế đô thị thông minh (hệ kiến trúc sư) (1),7580104,,,40,unconfirmed,31937
KSA:7580104SD@2026,KSA,2026,7580104SD,"Cử nhân Kiến trúc và thiết kế đô thị thông minh song bằng UEH - Đại học Auckland, New Zealand (2c)(4)",7580104,,,80,unconfirmed,31943
KSA:7620114@2026,KSA,2026,7620114,Kinh doanh nông nghiệp,7620114,,,50,unconfirmed,31949
KSA:7810103@2026,KSA,2026,7810103,Quản trị dịch vụ du lịch và lữ hành,7810103,,,165,unconfirmed,31955
KSA:781020101@2026,KSA,2026,781020101,Quản trị khách sạn,7810201,,,85,unconfirmed,31961
KSA:781020102@2026,KSA,2026,781020102,Quản trị sự kiện và dịch vụ giải trí,7810201,,,80,unconfirmed,31967
KSA:7840104@2026,KSA,2026,7840104,Quản trị vận hành và di chuyển thông minh (1),7840104,,,40,unconfirmed,31973
KSA:ASACoop01@2026,KSA,2026,ASACoop01,Chương trình Cử nhân ASIA Co-op (3),,,,80,unconfirmed,31979
KSA:ISBCNTN01@2026,KSA,2026,ISBCNTN01,Chương trình Cử nhân tài năng ISB - Kinh doanh (3),,,,500,unconfirmed,31984
KSA:ISBCNTN02@2026,KSA,2026,ISBCNTN02,Chương trình Cử nhân tài năng ISB - Công nghệ (AI trong kinh doanh) (1)(3),,,,50,unconfirmed,31989
KSV:7220201@2026,KSV,2026,7220201,Ngôn ngữ Anh,7220201,,,30,unconfirmed,32000
KSV:7340101@2026,KSV,2026,7340101,Quản trị kinh doanh,7340101,,,40,unconfirmed,32006
KSV:7340115@2026,KSV,2026,7340115,Marketing,7340115,,,70,unconfirmed,32012
KSV:7340120@2026,KSV,2026,7340120,Kinh doanh quốc tế,7340120,,,60,unconfirmed,32018
KSV:7340122@2026,KSV,2026,7340122,Thương mại điện tử,7340122,,,60,unconfirmed,32024
KSV:7340201_01@2026,KSV,2026,7340201_01,Ngân hàng,7340201,,,40,unconfirmed,32030
KSV:7340201_02@2026,KSV,2026,7340201_02,Tài chính,7340201,,,50,unconfirmed,32036
KSV:7340201_03@2026,KSV,2026,7340201_03,Thuế,7340201,,,30,unconfirmed,32042
KSV:7340301@2026,KSV,2026,7340301,Kế toán,7340301,,,50,unconfirmed,32048
KSV:7380107@2026,KSV,2026,7380107,Luật kinh tế,7380107,,,40,unconfirmed,32054
KSV:7480107@2026,KSV,2026,7480107,Trí tuệ nhân tạo,7480107,,,30,unconfirmed,32060
KSV:7480201@2026,KSV,2026,7480201,Công nghệ thông tin,7480201,,,30,unconfirmed,32066
KSV:7510605@2026,KSV,2026,7510605,Logistics và Quản lý chuỗi cung ứng,7510605,,,60,unconfirmed,32072
KSV:7620114@2026,KSV,2026,7620114,Kinh doanh nông nghiệp,7620114,,,30,unconfirmed,32078
KSV:7810201@2026,KSV,2026,7810201,Quản trị khách sạn,7810201,,,30,unconfirmed,32084
KTA:7210105@2026,KTA,2026,7210105,Điêu khắc,7210105,,,,unconfirmed,32096
KTA:7210105_1@2026,KTA,2026,7210105_1,Mỹ thuật đô thị (Chuyên ngành thuộc ngành Điêu khắc),7210105,,,,unconfirmed,32102
KTA:7210403@2026,KTA,2026,7210403,Thiết kế đồ họa,7210403,,,,unconfirmed,32108
KTA:7210403_1@2026,KTA,2026,7210403_1,Nghệ thuật số (Chuyên ngành thuộc Thiết kế đồ họa),7210403,,,,unconfirmed,32114
KTA:7210404@2026,KTA,2026,7210404,Thiết kế thời trang,7210404,,,,unconfirmed,32120
KTA:7310104@2026,KTA,2026,7310104,Kinh tế đầu tư,7310104,,,,unconfirmed,32126
KTA:7310105@2026,KTA,2026,7310105,Kinh tế phát triển,7310105,,,,unconfirmed,32132
KTA:7480201@2026,KTA,2026,7480201,Công nghệ thông tin,7480201,,,,unconfirmed,32138
KTA:7480201_1@2026,KTA,2026,7480201_1,Công nghệ đa phương tiện (Chuyên ngành của ngành Công nghệ thông tin),7480201,,,,unconfirmed,32144
KTA:7480201_2@2026,KTA,2026,7480201_2,Công nghệ game (Chuyên ngành thuộc ngành Công nghệ thông tin),7480201,,,,unconfirmed,32150
KTA:7510105@2026,KTA,2026,7510105,Công nghệ kỹ thuật vật liệu xây dựng,7510105,,,,unconfirmed,32156
KTA:7580101@2026,KTA,2026,7580101,Kiến trúc,7580101,,,,unconfirmed,32162
KTA:7580101_1@2026,KTA,2026,7580101_1,Chương trình tiên tiến ngành Kiến trúc,7580101,,,,unconfirmed,32168
KTA:7580102@2026,KTA,2026,7580102,Kiến trúc cảnh quan,7580102,,,,unconfirmed,32174
KTA:7580105@2026,KTA,2026,7580105,Quy hoạch vùng và đô thị,7580105,,,,unconfirmed,32180
KTA:7580105_1@2026,KTA,2026,7580105_1,Thiết kế đô thị (Chuyên ngành thuộc ngành Quy hoạch vùng và đô thị),7580105,,,,unconfirmed,32186
KTA:7580108@2026,KTA,2026,7580108,Thiết kế nội thất,7580108,,,,unconfirmed,32192
KTA:7580201@2026,KTA,2026,7580201,Xây dựng dân dụng và công nghiệp (Chuyên ngành thuộc ngành Kỹ thuật xâv dựng),7580201,,,,unconfirmed,32198
KTA:7580201_1@2026,KTA,2026,7580201_1,Xây dựng công trình ngầm dô thị (Chuyên ngành thuộc ngành Kỹ thuật xây dựng),7580201,,,,unconfirmed,32204
KTA:7580201_2@2026,KTA,2026,7580201_2,Quản lý dự án xây dựng (Chuyên ngành thuộc ngành Kỹ thuật xây dựng),7580201,,,,unconfirmed,32210
KTA:7580205@2026,KTA,2026,7580205,Kỹ thuật xây dựng công trình giao thông,7580205,,,,unconfirmed,32216
KTA:7580210@2026,KTA,2026,7580210,Kỹ thuật hạ tầng đô thị (Chuyên ngành thuộc ngành Kỹ thuật cơ sớ hạ tầng),7580210,,,,unconfirmed,32222
KTA:7580210_1@2026,KTA,2026,7580210_1,Kỹ thuật môi trường đô thị (Chuyên ngành thuộc ngành Kỹ thuật cơ sở hạ tầng),7580210,,,,unconfirmed,32228
KTA:7580210_2@2026,KTA,2026,7580210_2,Công nghệ cơ điện công trình (Chuyên ngành thuộc ngành Kỹ thuật cơ sở hạ tầng),7580210,,,,unconfirmed,32234
KTA:7580213@2026,KTA,2026,7580213,Kỹ thuật cấp thoát nước,7580213,,,,unconfirmed,32240
KTA:7580301@2026,KTA,2026,7580301,Kinh tế Xây dựng,7580301,,,,unconfirmed,32246
KTA:7580302@2026,KTA,2026,7580302,Quản lý xây dựng,7580302,,,,unconfirmed,32252
KTA:7580302_1@2026,KTA,2026,7580302_1,Quản lý bất động sản (Chuyên ngành thuộc ngành Quản lý xây dựng),7580302,,,,unconfirmed,32258
KTA:7580302_2@2026,KTA,2026,7580302_2,Quản lý vận tải và Logistics (Chuyên ngành thuộc ngành Quản lý xây dựng),7580302,,,,unconfirmed,32264
KTD:7210403@2026,KTD,2026,7210403,Thiết kế đồ họa,7210403,,,,unconfirmed,32276
KTD:7220201@2026,KTD,2026,7220201,Ngôn ngữ Anh,7220201,,,,unconfirmed,32282
KTD:7220204@2026,KTD,2026,7220204,Ngôn ngữ Trung Quốc,7220204,,,,unconfirmed,32288
KTD:7340101@2026,KTD,2026,7340101,Quản trị kinh doanh,7340101,,,,unconfirmed,32294
KTD:7340201@2026,KTD,2026,7340201,Tài chính - Ngân hàng,7340201,,,,unconfirmed,32300
KTD:7340301@2026,KTD,2026,7340301,Kế toán,7340301,,,,unconfirmed,32306
KTD:7480201@2026,KTD,2026,7480201,Công nghệ thông tin,7480201,,,,unconfirmed,32312
KTD:7510301@2026,KTD,2026,7510301,"CNKT điện, điện tử",7510301,,,,unconfirmed,32318
KTD:7510605@2026,KTD,2026,7510605,Logistics & QL chuỗi cung ứng,7510605,,,,unconfirmed,32324
KTD:7580101@2026,KTD,2026,7580101,Kiến trúc,7580101,,,,unconfirmed,32330
KTD:7580108@2026,KTD,2026,7580108,Thiết kế nội thất,7580108,,,,unconfirmed,32336
KTD:7580201@2026,KTD,2026,7580201,Kỹ thuật xây dựng,7580201,,,,unconfirmed,32342
KTD:7580205@2026,KTD,2026,7580205,KTXD công trình giao thông,7580205,,,,unconfirmed,32348
KTD:7580302@2026,KTD,2026,7580302,Quản lý xây dựng,7580302,,,,unconfirmed,32354
KTD:7810103@2026,KTD,2026,7810103,Quản trị DV du lịch & lữ hành,7810103,,,,unconfirmed,32360
KTD:7810201@2026,KTD,2026,7810201,Quản trị khách sạn,7810201,,,,unconfirmed,32366
KTS:7210110@2026,KTS,2026,7210110,Mỹ thuật đô thị,7210110,,,,unconfirmed,32377
KTS:7210402@2026,KTS,2026,7210402,Thiết kế công nghiệp,7210402,,,,unconfirmed,32383
KTS:7210403@2026,KTS,2026,7210403,Thiết kế đồ họa,7210403,,,,unconfirmed,32389
KTS:7210403QT@2026,KTS,2026,7210403QT,Thiết kế đồ họa,7210403,,,,unconfirmed,32395
KTS:7210404@2026,KTS,2026,7210404,Thiết kế thời trang,7210404,,,,unconfirmed,32401
KTS:7580101@2026,KTS,2026,7580101,Kiến trúc,7580101,,,,unconfirmed,32407
KTS:7580101QT@2026,KTS,2026,7580101QT,Kiến trúc (Chương trình định hướng Quốc tế),7580101,,,,unconfirmed,32413
KTS:7580102@2026,KTS,2026,7580102,Kiến trúc cảnh quan,7580102,,,,unconfirmed,32419
KTS:7580105@2026,KTS,2026,7580105,Quy hoạch vùng và đô thị,7580105,,,,unconfirmed,32425
KTS:7580105QT@2026,KTS,2026,7580105QT,Quy hoạch vùng và đô thị (Chương trình định hướng Quốc tế),7580105,,,,unconfirmed,32431
KTS:7580108@2026,KTS,2026,7580108,Thiết kế nội thất,7580108,,,,unconfirmed,32437
KTS:7580108QT@2026,KTS,2026,7580108QT,Thiết kế nội thất,7580108,,,,unconfirmed,32443
KTS:7580110@2026,KTS,2026,7580110,Thiết kế đô thị (Chương trình tiên tiến),7580110,,,,unconfirmed,32449
KTS:7580201@2026,KTS,2026,7580201,Kỹ thuật xây dựng,7580201,,,,unconfirmed,32455
KTS:7580201QT@2026,KTS,2026,7580201QT,Kỹ thuật xây dựng (Chương trình Định hướng Quốc tế),7580201,,,,unconfirmed,32461
KTS:7580210@2026,KTS,2026,7580210,Kỹ thuật cơ sở hạ tầng,7580210,,,,unconfirmed,32467
KTS:7580210QT@2026,KTS,2026,7580210QT,Kỹ thuật cơ sở hạ tầng (Chương trình Định hướng Quốc tế),7580210,,,,unconfirmed,32473
KTS:7580302@2026,KTS,2026,7580302,Quản lý xây dựng,7580302,,,,unconfirmed,32479
KTS:7580101CT@2026,KTS,2026,7580101CT,Kiến trúc,7580101,,,,unconfirmed,32485
KTS:7580201CT@2026,KTS,2026,7580201CT,Kỹ thuật xây dựng,7580201,,,,unconfirmed,32491
KTS:7580101DL@2026,KTS,2026,7580101DL,Kiến trúc,7580101,,,,unconfirmed,32497
KTS:7580201DL@2026,KTS,2026,7580201DL,Kỹ thuật xây dựng,7580201,,,,unconfirmed,32503
LAH:7860201@2026,LAH,2026,7860201,Chỉ huy Tham mưu Lục quân,7860201,,,,unconfirmed,32515
LBH:7860201@2026,LBH,2026,7860201,Chỉ huy Tham mưu Lục quân (QK4),7860201,,,,unconfirmed,32525
LBH:7860201~2@2026,LBH,2026,7860201,Chỉ huy Tham mưu Lục quân (QK5),7860201,,,,unconfirmed,32531
LBH:7860201~3@2026,LBH,2026,7860201,Chỉ huy Tham mưu Lục quân (QK7),7860201,,,,unconfirmed,32537
LBH:7860201~4@2026,LBH,2026,7860201,Chỉ huy Tham mưu Lục quân (QK9),7860201,,,,unconfirmed,32543
LCH:7310202@2026,LCH,2026,7310202,Xây dựng Đảng và Chính quyền Nhà nước (miền Bắc),7310202,,,428,unconfirmed,32552
LCH:7310202~2@2026,LCH,2026,7310202,Xây dựng Đảng và Chính quyền Nhà nước (miền Bắc),7310202,,,428,unconfirmed,32558
LCH:7310202~3@2026,LCH,2026,7310202,Xây dựng Đảng và Chính quyền Nhà nước (miền Bắc),7310202,,,428,unconfirmed,32564
LCH:7310202~4@2026,LCH,2026,7310202,Xây dựng Đảng và Chính quyền Nhà nước (miền Bắc),7310202,,,428,unconfirmed,32570
LCH:7310202~5@2026,LCH,2026,7310202,Xây dựng Đảng và Chính quyền Nhà nước (miền Bắc),7310202,,,428,unconfirmed,32576
LCH:7310202~6@2026,LCH,2026,7310202,Xây dựng Đảng và Chính quyền Nhà nước (miền Nam),7310202,,,351,unconfirmed,32582
LCH:7310202~7@2026,LCH,2026,7310202,Xây dựng Đảng và Chính quyền Nhà nước (miền Nam),7310202,,,351,unconfirmed,32588
LCH:7310202~8@2026,LCH,2026,7310202,Xây dựng Đảng và Chính quyền Nhà nước (miền Nam),7310202,,,351,unconfirmed,32594
LCH:7310202~9@2026,LCH,2026,7310202,Xây dựng Đảng và Chính quyền Nhà nước (miền Nam),7310202,,,351,unconfirmed,32600
LCH:7310202~10@2026,LCH,2026,7310202,Xây dựng Đảng và Chính quyền Nhà nước (miền Nam),7310202,,,351,unconfirmed,32606
LDA:7220201@2026,LDA,2026,7220201,Ngôn ngữ Anh,7220201,,,60,unconfirmed,32618
LDA:7310101@2026,LDA,2026,7310101,Kinh tế,7310101,,,100,unconfirmed,32624
LDA:7310109@2026,LDA,2026,7310109,Kinh tế số,7310109,,,60,unconfirmed,32630
LDA:7310301@2026,LDA,2026,7310301,Xã hội học,7310301,,,150,unconfirmed,32636
LDA:7310401@2026,LDA,2026,7310401,Tâm lý học,7310401,,,60,unconfirmed,32642
LDA:7310630@2026,LDA,2026,7310630,Việt Nam học,7310630,,,80,unconfirmed,32648
LDA:7320105@2026,LDA,2026,7320105,Truyền thông đại chúng,7320105,,,100,unconfirmed,32654
LDA:7340101@2026,LDA,2026,7340101,Quản trị kinh doanh,7340101,,,300,unconfirmed,32660
LDA:7340101P@2026,LDA,2026,7340101P,Quản trị kinh doanh (chương trình định hướng chuyên sâu nghề nghiệp quốc tế - IPOP),7340101,,,60,unconfirmed,32666
LDA:7340120@2026,LDA,2026,7340120,Kinh doanh quốc tế,7340120,,,60,unconfirmed,32672
LDA:7340201@2026,LDA,2026,7340201,Tài chính - Ngân hàng,7340201,,,250,unconfirmed,32678
LDA:7340205@2026,LDA,2026,7340205,Công nghệ tài chính,7340205,,,60,unconfirmed,32684
LDA:7340301@2026,LDA,2026,7340301,Kế toán,7340301,,,280,unconfirmed,32690
LDA:7340302@2026,LDA,2026,7340302,Kiểm toán,7340302,,,60,unconfirmed,32696
LDA:7340404@2026,LDA,2026,7340404,Quản trị nhân lực,7340404,,,330,unconfirmed,32702
LDA:7340408@2026,LDA,2026,7340408,Quan hệ lao động,7340408,,,100,unconfirmed,32708
LDA:7340409@2026,LDA,2026,7340409,Quản lý dự án,7340409,,,60,unconfirmed,32714
LDA:7380101@2026,LDA,2026,7380101,Luật,7380101,,,129,unconfirmed,32720
LDA:7380107@2026,LDA,2026,7380107,Luật kinh tế,7380107,,,60,unconfirmed,32726
LDA:7460108@2026,LDA,2026,7460108,Khoa học dữ liệu,7460108,,,80,unconfirmed,32732
LDA:7480107@2026,LDA,2026,7480107,Trí tuệ nhân tạo,7480107,,,60,unconfirmed,32738
LDA:7480201@2026,LDA,2026,7480201,Công nghệ thông tin,7480201,,,60,unconfirmed,32744
LDA:7760101@2026,LDA,2026,7760101,Công tác xã hội,7760101,,,150,unconfirmed,32750
LDA:7810101@2026,LDA,2026,7810101,Du lịch,7810101,,,100,unconfirmed,32756
LDA:7850201@2026,LDA,2026,7850201,Bảo hộ lao động,7850201,,,180,unconfirmed,32762
LNH:7310101@2026,LNH,2026,7310101,"Kinh tế (Kinh tế, Kinh tế đầu tư; Kinh tế số, Kinh tế tuần hoàn)",7310101,,,60,unconfirmed,32774
LNH:7340101@2026,LNH,2026,7340101,"Quản trị kinh doanh (Quản trị doanh nghiệp, quản trị Logistics; Marketing số)",7340101,,,160,unconfirmed,32780
LNH:7340116@2026,LNH,2026,7340116,Bất động sản,7340116,,,30,unconfirmed,32786
LNH:7340201@2026,LNH,2026,7340201,"Tài chính - Ngân hàng (Bảo hiểm và đầu tư tài chính, Ngân hàng, Tài chính, Tài chính - Ngân hàng)",7340201,,,60,unconfirmed,32792
LNH:7340301@2026,LNH,2026,7340301,"Kế toán (Kế toán, Kế toán doanh nghiệp, Kế toán công)",7340301,,,200,unconfirmed,32798
LNH:7420201@2026,LNH,2026,7420201,Công nghệ sinh học,7420201,,,30,unconfirmed,32804
LNH:7480104@2026,LNH,2026,7480104,Hệ thống thông tin (Công nghệ thông tin),7480104,,,60,unconfirmed,32810
LNH:7510203@2026,LNH,2026,7510203,Công nghệ kỹ thuật cơ điện tử,7510203,,,130,unconfirmed,32816
LNH:7510205@2026,LNH,2026,7510205,Công nghệ kỹ thuật ô tô,7510205,,,130,unconfirmed,32822
LNH:7510605@2026,LNH,2026,7510605,Logistics và Quản lý chuỗi cung ứng,7510605,,,180,unconfirmed,32828
LNH:7520103@2026,LNH,2026,7520103,Kỹ thuật cơ khí (Công nghệ chế tạo máy),7520103,,,50,unconfirmed,32834
LNH:7520118@2026,LNH,2026,7520118,Kỹ thuật hệ thống công nghiệp,7520118,,,30,unconfirmed,32840
LNH:7549001@2026,LNH,2026,7549001,"Công nghệ chế biến lâm sản (Công nghệ gỗ và quản trị sản xuất, Kỹ nghệ gỗ và nội thất, Thiết kế và kỹ thuật đồ gỗ nội thất)",7549001,,,30,unconfirmed,32846
LNH:7580102@2026,LNH,2026,7580102,"Kiến trúc cảnh quan (Quy hoạch và Thiết kế cảnh quan, Quản lý công trình cảnh quan đô thị, Quản lý cây xanh đô thị)",7580102,,,30,unconfirmed,32852
LNH:7580108@2026,LNH,2026,7580108,Thiết kế nội thất,7580108,,,70,unconfirmed,32858
LNH:7580201@2026,LNH,2026,7580201,Kỹ thuật xây dựng,7580201,,,30,unconfirmed,32864
LNH:7620105@2026,LNH,2026,7620105,Chăn nuôi,7620105,,,30,unconfirmed,32870
LNH:7620110@2026,LNH,2026,7620110,"Khoa học cây trồng (Nông nghiệp công nghệ cao, Khuyến nông và phát triển nông thôn)",7620110,,,30,unconfirmed,32876
LNH:7620205@2026,LNH,2026,7620205,Lâm sinh (Công nghệ viễn thám và GIS; Quản lý phát thải cacbon; Lâm sinh),7620205,,,40,unconfirmed,32882
LNH:7620210@2026,LNH,2026,7620210,Lâm nghiệp,7620210,,,30,unconfirmed,32888
LNH:7620211@2026,LNH,2026,7620211,Quản lý tài nguyên rừng (Kiểm lâm),7620211,,,90,unconfirmed,32894
LNH:7640101@2026,LNH,2026,7640101,Thú y,7640101,,,90,unconfirmed,32900
LNH:7760101@2026,LNH,2026,7760101,Công tác xã hội,7760101,,,50,unconfirmed,32906
LNH:7810103@2026,LNH,2026,7810103,"Quản trị dịch vụ Du lịch và Lữ hành (Quản trị khách sạn, Quản trị lữ hành)",7810103,,,220,unconfirmed,32912
LNH:7850101@2026,LNH,2026,7850101,Quản lý tài nguyên và Môi trường,7850101,,,30,unconfirmed,32918
LNH:7850103@2026,LNH,2026,7850103,"Quản lý đất đai (Địa tin học, Quản trị đất đai hiện đại, Quản trị đô thị thông minh)",7850103,,,60,unconfirmed,32924
LNH:7850104@2026,LNH,2026,7850104,Du lịch sinh thái,7850104,,,30,unconfirmed,32930
LNH:7850106@2026,LNH,2026,7850106,Quản lý tài nguyên thiên nhiên,7850106,,,20,unconfirmed,32936
LNS:7340101@2026,LNS,2026,7340101,Quản trị kinh doanh,7340101,,,,unconfirmed,32948
LNS:7340201@2026,LNS,2026,7340201,Tài chính ngân hàng,7340201,,,,unconfirmed,32954
LNS:7340301@2026,LNS,2026,7340301,Kế toán,7340301,,,,unconfirmed,32960
LNS:7480104@2026,LNS,2026,7480104,Hệ thống thông tin,7480104,,,,unconfirmed,32966
LNS:7510605@2026,LNS,2026,7510605,Logistics & quản lý chuỗi cung ứng,7510605,,,,unconfirmed,32972
LNS:7580108@2026,LNS,2026,7580108,Thiết kế nội thất,7580108,,,,unconfirmed,32978
LNS:7620105@2026,LNS,2026,7620105,Chăn nuôi,7620105,,,,unconfirmed,32984
LNS:7620111@2026,LNS,2026,7620111,Khoa học cây trồng,7620111,,,,unconfirmed,32990
LNS:7620112@2026,LNS,2026,7620112,Bảo vệ thực vật,7620112,,,,unconfirmed,32996
LNS:7620205@2026,LNS,2026,7620205,Lâm sinh,7620205,,,,unconfirmed,33002
LNS:7620211@2026,LNS,2026,7620211,Quản lý tài nguyên rừng,7620211,,,,unconfirmed,33008
LNS:7640101@2026,LNS,2026,7640101,Thú y,7640101,,,,unconfirmed,33014
LNS:7810103@2026,LNS,2026,7810103,Quản trị dịch vụ du lịch & lữ hành,7810103,,,,unconfirmed,33020
LNS:7850101@2026,LNS,2026,7850101,Quản lý TN & MT,7850101,,,,unconfirmed,33026
LNS:7850103@2026,LNS,2026,7850103,Quản lý đất đai,7850103,,,,unconfirmed,33032
LPH:7220201@2026,LPH,2026,7220201,Ngôn ngữ Anh,7220201,,,200,unconfirmed,33041
LPH:7380101@2026,LPH,2026,7380101,Luật,7380101,,,1600,unconfirmed,33047
LPH:7380101PH@2026,LPH,2026,7380101PH,Luật (Đào tạo tại Phân hiệu Đắk Lắk),7380101,,,300,unconfirmed,33053
LPH:7380107@2026,LPH,2026,7380107,Luật Kinh tế,7380107,,,550,unconfirmed,33059
LPH:7380109@2026,LPH,2026,7380109,Luật Thương mại quốc tế,7380109,,,200,unconfirmed,33065
LPS:7220201@2026,LPS,2026,7220201,Ngôn ngữ Anh (chuyên ngành tiếng Anh pháp lý),7220201,,,,unconfirmed,33077
LPS:7220204@2026,LPS,2026,7220204,Ngôn ngữ Trung Quốc (tuyển sinh từ năm 2026),7220204,,,,unconfirmed,33083
LPS:7310109@2026,LPS,2026,7310109,Kinh tế số (tuyển sinh từ năm 2026),7310109,,,,unconfirmed,33089
LPS:7340101@2026,LPS,2026,7340101,Quản trị kinh doanh,7340101,,,,unconfirmed,33095
LPS:7340102@2026,LPS,2026,7340102,Quản trị - Luật,7340102,,,,unconfirmed,33101
LPS:7340120@2026,LPS,2026,7340120,Kinh doanh quốc tế,7340120,,,,unconfirmed,33107
LPS:7340122@2026,LPS,2026,7340122,Thương mại điện tử (tuyển sinh từ năm 2026),7340122,,,,unconfirmed,33113
LPS:7340201@2026,LPS,2026,7340201,Tài chính - Ngân hàng,7340201,,,,unconfirmed,33119
LPS:7340205@2026,LPS,2026,7340205,Công nghệ tài chính (tuyển sinh từ năm 2026),7340205,,,,unconfirmed,33125
LPS:7380101@2026,LPS,2026,7380101,Luật,7380101,,,,unconfirmed,33131
LPS:7380109@2026,LPS,2026,7380109,Luật thương mại quốc tế,7380109,,,,unconfirmed,33137
MBS:7480101T@2026,MBS,2026,7480101T,Khoa học máy tính,7480101,,Chương trình đào tạo kỹ sư tài năng thuộc lĩnh STEM,,unconfirmed,33149
MBS:7480201T@2026,MBS,2026,7480201T,Công nghệ thông tin,7480201,,Chương trình đào tạo kỹ sư tài năng thuộc lĩnh STEM,,unconfirmed,33156
MBS:7510605T@2026,MBS,2026,7510605T,Logistics và quản lý chuỗi cung ứng,7510605,,Chương trình đào tạo kỹ sư tài năng thuộc lĩnh STEM,,unconfirmed,33163
MBS:7540101T@2026,MBS,2026,7540101T,Công nghệ thực phẩm,7540101,,Chương trình đào tạo kỹ sư tài năng thuộc lĩnh STEM,,unconfirmed,33170
MBS:7220201FL@2026,MBS,2026,7220201FL,Ngôn ngữ Anh – CTLK ĐH Flinders,7220201,international,Chương trình liên kết đào tạo,,unconfirmed,33177
MBS:7340101FL@2026,MBS,2026,7340101FL,Quản trị kinh doanh – CTLK ĐH Flinders,7340101,international,Chương trình liên kết đào tạo,,unconfirmed,33185
MBS:7340101SQ@2026,MBS,2026,7340101SQ,Quản trị kinh doanh – CTLK ĐH Southern Queensland,7340101,international,Chương trình liên kết đào tạo,,unconfirmed,33193
MBS:7340101SW@2026,MBS,2026,7340101SW,Quản trị kinh doanh - CTLK ĐH South Wales,7340101,international,Chương trình liên kết đào tạo,,unconfirmed,33201
MBS:7340120RO@2026,MBS,2026,7340120RO,Kinh doanh quốc tế - CTLK ĐH Rouen,7340120,international,Chương trình liên kết đào tạo,,unconfirmed,33209
MBS:7340201FL@2026,MBS,2026,7340201FL,Tài chính ngân hàng – CTLK ĐH Flinders,7340201,international,Chương trình liên kết đào tạo,,unconfirmed,33217
MBS:7140103@2026,MBS,2026,7140103,Công nghệ giáo dục (mới tuyển năm 2026),7140103,international,Chương trình liên kết đào tạo,,unconfirmed,33225
MBS:7220201@2026,MBS,2026,7220201,Ngôn ngữ Anh,7220201,international,Chương trình liên kết đào tạo,,unconfirmed,33233
MBS:7220201C@2026,MBS,2026,7220201C,Ngôn ngữ Anh chương trình tiên tiến,7220201,international,Chương trình liên kết đào tạo,,unconfirmed,33241
MBS:7220204@2026,MBS,2026,7220204,Ngôn ngữ Trung Quốc,7220204,international,Chương trình liên kết đào tạo,,unconfirmed,33249
MBS:7220204C@2026,MBS,2026,7220204C,Ngôn ngữ Trung Quốc chương trình tiên tiến,7220204,international,Chương trình liên kết đào tạo,,unconfirmed,33257
MBS:7220209@2026,MBS,2026,7220209,Ngôn ngữ Nhật,7220209,international,Chương trình liên kết đào tạo,,unconfirmed,33265
MBS:7220209C@2026,MBS,2026,7220209C,Ngôn ngữ Nhật chương trình tiên tiến,7220209,international,Chương trình liên kết đào tạo,,unconfirmed,33273
MBS:7220210@2026,MBS,2026,7220210,Ngôn ngữ Hàn Quốc,7220210,international,Chương trình liên kết đào tạo,,unconfirmed,33281
MBS:7310101@2026,MBS,2026,7310101,Kinh tế,7310101,international,Chương trình liên kết đào tạo,,unconfirmed,33289
MBS:7310101C@2026,MBS,2026,7310101C,Kinh tế chương trình tiên tiến,7310101,international,Chương trình liên kết đào tạo,,unconfirmed,33297
MBS:7310104@2026,MBS,2026,7310104,Kinh tế đầu tư (mới tuyển năm 2026),7310104,international,Chương trình liên kết đào tạo,,unconfirmed,33305
MBS:7310301@2026,MBS,2026,7310301,Xã hội học,7310301,international,Chương trình liên kết đào tạo,,unconfirmed,33313
MBS:7310401@2026,MBS,2026,7310401,Tâm lý học,7310401,international,Chương trình liên kết đào tạo,,unconfirmed,33321
MBS:7310620@2026,MBS,2026,7310620,Đông Nam Á học,7310620,international,Chương trình liên kết đào tạo,,unconfirmed,33329
MBS:7320104@2026,MBS,2026,7320104,Truyền thông đa phương tiện,7320104,international,Chương trình liên kết đào tạo,,unconfirmed,33337
MBS:7340101@2026,MBS,2026,7340101,Quản trị kinh doanh,7340101,international,Chương trình liên kết đào tạo,,unconfirmed,33345
MBS:7340101C@2026,MBS,2026,7340101C,Quản trị kinh doanh chương trình tiên tiến,7340101,international,Chương trình liên kết đào tạo,,unconfirmed,33353
MBS:7340115@2026,MBS,2026,7340115,Marketing,7340115,international,Chương trình liên kết đào tạo,,unconfirmed,33361
MBS:7340115C@2026,MBS,2026,7340115C,Marketing chương trình tiên tiến (mới tuyển năm 2026),7340115,international,Chương trình liên kết đào tạo,,unconfirmed,33369
MBS:7340120@2026,MBS,2026,7340120,Kinh doanh quốc tế,7340120,international,Chương trình liên kết đào tạo,,unconfirmed,33377
MBS:7340120C@2026,MBS,2026,7340120C,Kinh doanh quốc tế chương trình tiên tiến (mới tuyển năm 2026),7340120,international,Chương trình liên kết đào tạo,,unconfirmed,33385
MBS:7340201@2026,MBS,2026,7340201,Tài chính - Ngân hàng,7340201,international,Chương trình liên kết đào tạo,,unconfirmed,33393
MBS:7340201C@2026,MBS,2026,7340201C,Tài chính - Ngân hàng chương trình tiên tiến,7340201,international,Chương trình liên kết đào tạo,,unconfirmed,33401
MBS:7340204@2026,MBS,2026,7340204,Bảo hiểm,7340204,international,Chương trình liên kết đào tạo,,unconfirmed,33409
MBS:7340205@2026,MBS,2026,7340205,Công nghệ tài chính,7340205,international,Chương trình liên kết đào tạo,,unconfirmed,33417
MBS:7340301@2026,MBS,2026,7340301,Kế toán,7340301,international,Chương trình liên kết đào tạo,,unconfirmed,33425
MBS:7340301C@2026,MBS,2026,7340301C,Kế toán chương trình tiên tiến,7340301,international,Chương trình liên kết đào tạo,,unconfirmed,33433
MBS:7340302@2026,MBS,2026,7340302,Kiểm toán,7340302,international,Chương trình liên kết đào tạo,,unconfirmed,33441
MBS:7340302C@2026,MBS,2026,7340302C,Kiểm toán chương trình tiên tiến,7340302,international,Chương trình liên kết đào tạo,,unconfirmed,33449
MBS:7340403@2026,MBS,2026,7340403,Quản lý công,7340403,international,Chương trình liên kết đào tạo,,unconfirmed,33457
MBS:7340404@2026,MBS,2026,7340404,Quản trị nhân lực,7340404,international,Chương trình liên kết đào tạo,,unconfirmed,33465
MBS:7340404C@2026,MBS,2026,7340404C,Quản trị nhân lực chương trình tiên tiến (mới tuyển năm 2026),7340404,international,Chương trình liên kết đào tạo,,unconfirmed,33473
MBS:7340405@2026,MBS,2026,7340405,Hệ thống thông tin quản lý,7340405,international,Chương trình liên kết đào tạo,,unconfirmed,33481
MBS:7340405C@2026,MBS,2026,7340405C,Hệ thống thông tin quản lý chương trình tiên tiến (mới tuyển năm 2026),7340405,international,Chương trình liên kết đào tạo,,unconfirmed,33489
MBS:7380101@2026,MBS,2026,7380101,Luật,7380101,international,Chương trình liên kết đào tạo,,unconfirmed,33497
MBS:7380107@2026,MBS,2026,7380107,Luật kinh tế,7380107,international,Chương trình liên kết đào tạo,,unconfirmed,33505
MBS:7380107C@2026,MBS,2026,7380107C,Luật kinh tế chương trình tiên tiến,7380107,international,Chương trình liên kết đào tạo,,unconfirmed,33513
MBS:7420201@2026,MBS,2026,7420201,Công nghệ sinh học,7420201,international,Chương trình liên kết đào tạo,,unconfirmed,33521
MBS:7420201C@2026,MBS,2026,7420201C,Công nghệ sinh học chương trình tiên tiến,7420201,international,Chương trình liên kết đào tạo,,unconfirmed,33529
MBS:7420203@2026,MBS,2026,7420203,Sinh học ứng dụng (mới tuyển năm 2026),7420203,international,Chương trình liên kết đào tạo,,unconfirmed,33537
MBS:7460108@2026,MBS,2026,7460108,Khoa học dữ liệu,7460108,international,Chương trình liên kết đào tạo,,unconfirmed,33545
MBS:7460112@2026,MBS,2026,7460112,Toán Ứng dụng (dự kiến tuyển sinh mới từ năm 2026),7460112,international,Chương trình liên kết đào tạo,,unconfirmed,33553
MBS:7480101@2026,MBS,2026,7480101,Khoa học máy tính,7480101,international,Chương trình liên kết đào tạo,,unconfirmed,33561
MBS:7480101C@2026,MBS,2026,7480101C,Khoa học máy tính chương trình tiên tiến,7480101,international,Chương trình liên kết đào tạo,,unconfirmed,33569
MBS:7480103@2026,MBS,2026,7480103,Kỹ thuật phần mềm,7480103,international,Chương trình liên kết đào tạo,,unconfirmed,33577
MBS:7480107@2026,MBS,2026,7480107,Trí tuệ nhân tạo,7480107,international,Chương trình liên kết đào tạo,,unconfirmed,33585
MBS:7480201@2026,MBS,2026,7480201,Công nghệ thông tin,7480201,international,Chương trình liên kết đào tạo,,unconfirmed,33593
MBS:7480201C@2026,MBS,2026,7480201C,Công nghệ thông tin chương trình tiên tiến,7480201,international,Chương trình liên kết đào tạo,,unconfirmed,33601
MBS:7480202@2026,MBS,2026,7480202,An toàn thông tin (mới tuyển năm 2026),7480202,international,Chương trình liên kết đào tạo,,unconfirmed,33609
MBS:7510102@2026,MBS,2026,7510102,Công nghệ kỹ thuật công trình xây dựng,7510102,international,Chương trình liên kết đào tạo,,unconfirmed,33617
MBS:7510102C@2026,MBS,2026,7510102C,Công nghệ kỹ thuật công trình xây dựng chương trình tiên tiến,7510102,international,Chương trình liên kết đào tạo,,unconfirmed,33625
MBS:7510605@2026,MBS,2026,7510605,Logistics và quản lý chuỗi cung ứng,7510605,international,Chương trình liên kết đào tạo,,unconfirmed,33633
MBS:7540101@2026,MBS,2026,7540101,Công nghệ thực phẩm,7540101,international,Chương trình liên kết đào tạo,,unconfirmed,33641
MBS:7580201@2026,MBS,2026,7580201,Kỹ thuật xây dựng (mới tuyển năm 2026),7580201,international,Chương trình liên kết đào tạo,,unconfirmed,33649
MBS:7580302@2026,MBS,2026,7580302,Quản lý xây dựng,7580302,international,Chương trình liên kết đào tạo,,unconfirmed,33657
MBS:7760101@2026,MBS,2026,7760101,Công tác xã hội,7760101,international,Chương trình liên kết đào tạo,,unconfirmed,33665
MBS:7810101@2026,MBS,2026,7810101,Du lịch,7810101,international,Chương trình liên kết đào tạo,,unconfirmed,33673
MBS:7220201D@2026,MBS,2026,7220201D,Ngôn ngữ Anh,7220201,international,Chương trình liên kết đào tạo,,unconfirmed,33681
MBS:7340101D@2026,MBS,2026,7340101D,Quản trị Kinh doanh,7340101,international,Chương trình liên kết đào tạo,,unconfirmed,33689
MBS:7340201D@2026,MBS,2026,7340201D,Tài chính Ngân hàng,7340201,international,Chương trình liên kết đào tạo,,unconfirmed,33697
MBS:7340301D@2026,MBS,2026,7340301D,Kế toán,7340301,international,Chương trình liên kết đào tạo,,unconfirmed,33705
MDA:7220201@2026,MDA,2026,7220201,Ngôn ngữ Anh,7220201,,,,unconfirmed,33719
MDA:7220204@2026,MDA,2026,7220204,Ngôn ngữ Trung Quốc,7220204,,,,unconfirmed,33725
MDA:7340101@2026,MDA,2026,7340101,Quản trị kinh doanh,7340101,,,,unconfirmed,33731
MDA:7340201@2026,MDA,2026,7340201,Tài chính - Ngân hàng,7340201,,,,unconfirmed,33737
MDA:7340301@2026,MDA,2026,7340301,Kế toán,7340301,,,,unconfirmed,33743
MDA:7440201@2026,MDA,2026,7440201,Địa chất học,7440201,,,,unconfirmed,33749
MDA:7440229@2026,MDA,2026,7440229,Quản lý và phân tích dữ liệu khoa học,7440229,,,,unconfirmed,33755
MDA:7460108@2026,MDA,2026,7460108,Khoa học dữ liệu,7460108,,,,unconfirmed,33761
MDA:7480201@2026,MDA,2026,7480201,Công nghệ thông tin,7480201,,,,unconfirmed,33767
MDA:7480201TL@2026,MDA,2026,7480201TL,Trí tuệ nhân tạo ứng dụng và bản sao số trái đất,7480201,,,,unconfirmed,33773
MDA:7480206@2026,MDA,2026,7480206,Địa tin học,7480206,,,,unconfirmed,33779
MDA:7510301@2026,MDA,2026,7510301,"Công nghệ kỹ thuật điện, điện tử",7510301,,,,unconfirmed,33785
MDA:7510401@2026,MDA,2026,7510401,Công nghệ kỹ thuật hóa học,7510401,,,,unconfirmed,33791
MDA:7510402@2026,MDA,2026,7510402,Công nghệ vật liệu,7510402,,,,unconfirmed,33797
MDA:7510601@2026,MDA,2026,7510601,Quản lý công nghiệp,7510601,,,,unconfirmed,33803
MDA:7520103@2026,MDA,2026,7520103,Kỹ thuật cơ khí,7520103,,,,unconfirmed,33809
MDA:7520107@2026,MDA,2026,7520107,Kỹ thuật Robot,7520107,,,,unconfirmed,33815
MDA:7520114@2026,MDA,2026,7520114,Kỹ thuật cơ điện tử,7520114,,,,unconfirmed,33821
MDA:7520116@2026,MDA,2026,7520116,Kỹ thuật cơ khí động lực,7520116,,,,unconfirmed,33827
MDA:7520121@2026,MDA,2026,7520121,Kỹ thuật không gian,7520121,,,,unconfirmed,33833
MDA:7520130@2026,MDA,2026,7520130,Kỹ thuật ô tô,7520130,,,,unconfirmed,33839
MDA:7520201@2026,MDA,2026,7520201,Kỹ thuật điện,7520201,,,,unconfirmed,33845
MDA:7520216@2026,MDA,2026,7520216,Kỹ thuật điều khiển và tự động hóa,7520216,,,,unconfirmed,33851
MDA:7520216TL@2026,MDA,2026,7520216TL,Kỹ thuật điều khiển và tự động hóa phục vụ công nghiệp khai khoáng và năng lượng,7520216,,,,unconfirmed,33857
MDA:7520301@2026,MDA,2026,7520301,Kỹ thuật hoá học,7520301,,,,unconfirmed,33863
MDA:7520309@2026,MDA,2026,7520309,Kỹ thuật vật liệu,7520309,,,,unconfirmed,33869
MDA:7520320@2026,MDA,2026,7520320,Kỹ thuật môi trường,7520320,,,,unconfirmed,33875
MDA:7520501@2026,MDA,2026,7520501,Kỹ thuật địa chất,7520501,,,,unconfirmed,33881
MDA:7520501TL@2026,MDA,2026,7520501TL,Kỹ thuật địa chất phục vụ công nghiệp đất hiếm và khoáng sản chiến lược,7520501,,,,unconfirmed,33887
MDA:7520502@2026,MDA,2026,7520502,Kỹ thuật địa vật lý,7520502,,,,unconfirmed,33893
MDA:7520503@2026,MDA,2026,7520503,Kỹ thuật trắc địa - bản đồ,7520503,,,,unconfirmed,33899
MDA:7520505@2026,MDA,2026,7520505,Đá quý Đá mỹ nghệ,7520505,,,,unconfirmed,33905
MDA:7520601@2026,MDA,2026,7520601,Kỹ thuật mỏ,7520601,,,,unconfirmed,33911
MDA:7520601TL@2026,MDA,2026,7520601TL,Kỹ thuật mỏ thông minh,7520601,,,,unconfirmed,33917
MDA:7520604@2026,MDA,2026,7520604,Kỹ thuật dầu khí,7520604,,,,unconfirmed,33923
MDA:7520605@2026,MDA,2026,7520605,Kỹ thuật khí thiên nhiên,7520605,,,,unconfirmed,33929
MDA:7520606@2026,MDA,2026,7520606,Công nghệ số trong thăm dò và khai thác tài nguyên thiên nhiên,7520606,,,,unconfirmed,33935
MDA:7520607@2026,MDA,2026,7520607,Kỹ thuật tuyển khoáng,7520607,,,,unconfirmed,33941
MDA:7580106@2026,MDA,2026,7580106,Quản lý đô thị và công trình,7580106,,,,unconfirmed,33947
MDA:7580109@2026,MDA,2026,7580109,Quản lý phát triển đô thị và bất động sản,7580109,,,,unconfirmed,33953
MDA:7580201@2026,MDA,2026,7580201,Kỹ thuật xây dựng,7580201,,,,unconfirmed,33959
MDA:7580201TL@2026,MDA,2026,7580201TL,Kỹ thuật xây dựng công trình ngầm,7580201,,,,unconfirmed,33965
MDA:7580204@2026,MDA,2026,7580204,Xây dựng công trình ngầm thành phố và Hệ thống tàu điện ngầm,7580204,,,,unconfirmed,33971
MDA:7580205@2026,MDA,2026,7580205,Kỹ thuật xây dựng công trình giao thông,7580205,,,,unconfirmed,33977
MDA:7580211@2026,MDA,2026,7580211,Địa kỹ thuật xây dựng,7580211,,,,unconfirmed,33983
MDA:7580212@2026,MDA,2026,7580212,Kỹ thuật tài nguyên nước,7580212,,,,unconfirmed,33989
MDA:7580302@2026,MDA,2026,7580302,Quản lý xây dựng,7580302,,,,unconfirmed,33995
MDA:7720203@2026,MDA,2026,7720203,Hóa dược,7720203,,,,unconfirmed,34001
MDA:7810105@2026,MDA,2026,7810105,Du lịch địa chất,7810105,,,,unconfirmed,34007
MDA:7850101@2026,MDA,2026,7850101,Quản lý tài nguyên và môi trường,7850101,,,,unconfirmed,34013
MDA:7850103@2026,MDA,2026,7850103,Quản lý đất đai,7850103,,,,unconfirmed,34019
MDA:7850196@2026,MDA,2026,7850196,Quản lý tài nguyên khoáng sản,7850196,,,,unconfirmed,34025
MDA:7850202@2026,MDA,2026,7850202,"An toàn, Vệ sinh lao động",7850202,,,,unconfirmed,34031
MHN:7210403@2026,MHN,2026,7210403,Thiết kế đồ họa,7210403,,,160,unconfirmed,34043
MHN:7210404@2026,MHN,2026,7210404,Thiết kế thời trang,7210404,,,55,unconfirmed,34049
MHN:7220201@2026,MHN,2026,7220201,Ngôn ngữ Anh,7220201,,,290,unconfirmed,34055
MHN:7220204@2026,MHN,2026,7220204,Ngôn ngữ Trung Quốc,7220204,,,280,unconfirmed,34061
MHN:7340101@2026,MHN,2026,7340101,Quản trị kinh doanh,7340101,,,290,unconfirmed,34067
MHN:7340122@2026,MHN,2026,7340122,Thương mại điện tử,7340122,,,130,unconfirmed,34073
MHN:7340201@2026,MHN,2026,7340201,Tài chính - Ngân hàng,7340201,,,375,unconfirmed,34079
MHN:7340204@2026,MHN,2026,7340204,Bảo hiểm,7340204,,,45,unconfirmed,34085
MHN:7340301@2026,MHN,2026,7340301,Kế toán,7340301,,,260,unconfirmed,34091
MHN:7380101@2026,MHN,2026,7380101,Luật,7380101,,,230,unconfirmed,34097
MHN:7380107@2026,MHN,2026,7380107,Luật kinh tế,7380107,,,230,unconfirmed,34103
MHN:7380108@2026,MHN,2026,7380108,Luật quốc tế,7380108,,,100,unconfirmed,34109
MHN:7420201@2026,MHN,2026,7420201,Công nghệ sinh học,7420201,,,120,unconfirmed,34115
MHN:7480106@2026,MHN,2026,7480106,Kỹ thuật máy tính,7480106,,,75,unconfirmed,34121
MHN:7480201@2026,MHN,2026,7480201,Công nghệ thông tin,7480201,,,385,unconfirmed,34127
MHN:7510302@2026,MHN,2026,7510302,Công nghệ kỹ thuật điện tử - viễn thông,7510302,,,200,unconfirmed,34133
MHN:7510303@2026,MHN,2026,7510303,Công nghệ kỹ thuật điều khiển và tự động hóa,7510303,,,290,unconfirmed,34139
MHN:7540101@2026,MHN,2026,7540101,Công nghệ thực phẩm,7540101,,,180,unconfirmed,34145
MHN:7580101@2026,MHN,2026,7580101,Kiến trúc,7580101,,,85,unconfirmed,34151
MHN:7580108@2026,MHN,2026,7580108,Thiết kế nội thất,7580108,,,100,unconfirmed,34157
MHN:7810103@2026,MHN,2026,7810103,Quản trị dịch vụ du lịch và lữ hành,7810103,,,225,unconfirmed,34163
MHN:7810201@2026,MHN,2026,7810201,Quản trị khách sạn,7810201,,,150,unconfirmed,34169
MIT:7210403@2026,MIT,2026,7210403,Thiết kế đồ họa,7210403,,,,unconfirmed,34181
MIT:7220201@2026,MIT,2026,7220201,Ngôn ngữ Anh,7220201,,,,unconfirmed,34187
MIT:722020102@2026,MIT,2026,722020102,Ngôn ngữ Anh (Chuyên ngành: Tiếng Anh thương mại và văn hóa quốc tế),7220201,,,,unconfirmed,34193
MIT:7220204@2026,MIT,2026,7220204,Ngôn ngữ Trung Quốc,7220204,,,,unconfirmed,34199
MIT:7310608@2026,MIT,2026,7310608,Đông phương học,7310608,,,,unconfirmed,34205
MIT:731060801@2026,MIT,2026,731060801,Đông phương học (Chuyên ngành: Tiếng Hàn),7310608,,,,unconfirmed,34211
MIT:731060802@2026,MIT,2026,731060802,Đông phương học (Chuyên ngành: Tiếng Nhật),7310608,,,,unconfirmed,34217
MIT:7320104@2026,MIT,2026,7320104,Truyền thông đa phương tiện,7320104,,,,unconfirmed,34223
MIT:732010401@2026,MIT,2026,732010401,Truyền thông đa phương tiện (Chuyên ngành: Truyền thông số),7320104,,,,unconfirmed,34229
MIT:732010402@2026,MIT,2026,732010402,Truyền thông đa phương tiện (Chuyên ngành: Truyền thông xã hội và nội dung số),7320104,,,,unconfirmed,34235
MIT:7340101@2026,MIT,2026,7340101,Quản trị kinh doanh,7340101,,,,unconfirmed,34241
MIT:734010102@2026,MIT,2026,734010102,Quản trị kinh doanh (Chuyên ngành: Quản trị dịch vụ hàng không),7340101,,,,unconfirmed,34247
MIT:7340114@2026,MIT,2026,7340114,Digital marketing,7340114,,,,unconfirmed,34253
MIT:7340120@2026,MIT,2026,7340120,Kinh doanh quốc tế,7340120,,,,unconfirmed,34259
MIT:7340122@2026,MIT,2026,7340122,Thương mại điện tử,7340122,,,,unconfirmed,34265
MIT:7340201@2026,MIT,2026,7340201,Tài chính - Ngân hàng,7340201,,,,unconfirmed,34271
MIT:7340205@2026,MIT,2026,7340205,Công nghệ tài chính,7340205,,,,unconfirmed,34277
MIT:7340301@2026,MIT,2026,7340301,Kế toán,7340301,,,,unconfirmed,34283
MIT:7380107@2026,MIT,2026,7380107,Luật kinh tế,7380107,,,,unconfirmed,34289
MIT:7480201@2026,MIT,2026,7480201,Công nghệ thông tin,7480201,,,,unconfirmed,34295
MIT:748020101@2026,MIT,2026,748020101,Công nghệ thông tin (Chuyên ngành: Trí tuệ nhân tạo),7480201,,,,unconfirmed,34301
MIT:748020103@2026,MIT,2026,748020103,Công nghệ thông tin (Chuyên ngành: Phân tích dữ liệu),7480201,,,,unconfirmed,34307
MIT:7510205@2026,MIT,2026,7510205,Công nghệ kỹ thuật ô tô,7510205,,,,unconfirmed,34313
MIT:751020502@2026,MIT,2026,751020502,Công nghệ kỹ thuật ô tô (Chuyên ngành ô tô Điện và thông minh),7510205,,,,unconfirmed,34319
MIT:7510301@2026,MIT,2026,7510301,"Công nghệ kỹ thuật điện, điện tử",7510301,,,,unconfirmed,34325
MIT:7510303@2026,MIT,2026,7510303,Công nghệ kỹ thuật điều khiển và tự động hóa,7510303,,,,unconfirmed,34331
MIT:751030301@2026,MIT,2026,751030301,Công nghệ kỹ thuật điều khiển và tự động hóa (Chuyên ngành: Công nghệ kỹ thuật điều khiển và tự động hóa),7510303,,,,unconfirmed,34337
MIT:751030302@2026,MIT,2026,751030302,Công nghệ kỹ thuật điều khiển và tự động hóa (Chuyên ngành: Công nghệ UAV),7510303,,,,unconfirmed,34343
MIT:7510601@2026,MIT,2026,7510601,Quản lý công nghiệp,7510601,,,,unconfirmed,34349
MIT:7510605@2026,MIT,2026,7510605,Logistic và quản lý chuỗi cung ứng,7510605,,,,unconfirmed,34355
MIT:751060502@2026,MIT,2026,751060502,Logistics và quản lý chuỗi cung ứng (Chuyên ngành: Logistics hàng không thông minh),7510605,,,,unconfirmed,34361
MIT:752020101@2026,MIT,2026,752020101,"Công nghệ kỹ thuật điện, điện tử (Chuyên ngành: Điện công nghiệp)",7520201,,,,unconfirmed,34367
MIT:7580201@2026,MIT,2026,7580201,Kỹ thuật xây dựng,7580201,,,,unconfirmed,34373
MIT:758020101@2026,MIT,2026,758020101,Kỹ thuật xây dựng (Chuyên ngành: Kỹ thuật xây dựng dân dụng và công nghiệp),7580201,,,,unconfirmed,34379
MIT:758020102@2026,MIT,2026,758020102,Kỹ thuật xây dựng (Chuyên ngành: Thiết kế nội thất),7580201,,,,unconfirmed,34385
MIT:7640101@2026,MIT,2026,7640101,Thú y,7640101,,,,unconfirmed,34391
MIT:7720201@2026,MIT,2026,7720201,Dược học,7720201,,,,unconfirmed,34397
MIT:7810103@2026,MIT,2026,7810103,Quản trị dịch vụ du lịch và lữ hành,7810103,,,,unconfirmed,34403
MIT:7840104@2026,MIT,2026,7840104,Kinh tế vận tải,7840104,,,,unconfirmed,34409
MTC:7210103@2026,MTC,2026,7210103,Ngành Hội họa,7210103,,,80,unconfirmed,34421
MTC:7210105@2026,MTC,2026,7210105,Ngành Điêu khắc,7210105,,,30,unconfirmed,34427
MTC:7210107@2026,MTC,2026,7210107,Ngành Gốm,7210107,,,40,unconfirmed,34433
MTC:7210402@2026,MTC,2026,7210402,Ngành Thiết kế Công nghiệp,7210402,,,80,unconfirmed,34439
MTC:7210403@2026,MTC,2026,7210403,Ngành Thiết kế Đồ họa,7210403,,,200,unconfirmed,34445
MTC:7210404@2026,MTC,2026,7210404,Ngành Thiết kế Thời trang,7210404,,,120,unconfirmed,34451
MTC:7580108@2026,MTC,2026,7580108,Ngành Thiết kế Nội thất,7580108,,,200,unconfirmed,34457
MTH:7140222@2026,MTH,2026,7140222,Sư phạm Mỹ thuật,7140222,,,25,unconfirmed,34469
MTH:7210101@2026,MTH,2026,7210101,"Lý luận, lịch sử và phê bình mỹ thuật",7210101,,,7,unconfirmed,34475
MTH:7210103@2026,MTH,2026,7210103,"Hội họa (Gồm 03 chuyên ngành: Tranh Sơn mài, Tranh Sơn dầu và Tranh Lụa)",7210103,,,55,unconfirmed,34481
MTH:7210104@2026,MTH,2026,7210104,Đồ họa,7210104,,,12,unconfirmed,34487
MTH:7210105@2026,MTH,2026,7210105,Điêu khắc,7210105,,,7,unconfirmed,34493
MTH:7210403@2026,MTH,2026,7210403,Thiết kế đồ họa,7210403,,,45,unconfirmed,34499
MTS:7140222@2026,MTS,2026,7140222,Sư phạm Mỹ thuật,7140222,,,25,unconfirmed,34511
MTS:7210101@2026,MTS,2026,7210101,"Lý luận, lịch sử và phê bình mỹ thuật",7210101,,,10,unconfirmed,34517
MTS:7210103@2026,MTS,2026,7210103,Hội hoạ,7210103,,,50,unconfirmed,34523
MTS:7210104@2026,MTS,2026,7210104,Đồ hoạ,7210104,,,45,unconfirmed,34529
MTS:7210105@2026,MTS,2026,7210105,Điêu khắc,7210105,,,10,unconfirmed,34535
MTS:7210403@2026,MTS,2026,7210403,Thiết kế đồ họa,7210403,,,140,unconfirmed,34541
MTU:7340301@2026,MTU,2026,7340301,Nhóm ngành Kế toán,7340301,,,50,unconfirmed,34553
MTU:7480103@2026,MTU,2026,7480103,Nhóm ngành Kỹ thuật phần mềm,7480103,,,40,unconfirmed,34559
MTU:7510205@2026,MTU,2026,7510205,Nhóm ngành Công nghệ Kỹ thuật ô tô,7510205,,,130,unconfirmed,34565
MTU:7510605@2026,MTU,2026,7510605,Ngành Logistics và Quản lý chuỗi cung ứng (Cử nhân),7510605,,,65,unconfirmed,34571
MTU:7520320@2026,MTU,2026,7520320,Nhóm ngành Kỹ thuật môi trường,7520320,,,20,unconfirmed,34577
MTU:7580101@2026,MTU,2026,7580101,Nhóm ngành Kiến trúc,7580101,,,150,unconfirmed,34583
MTU:7580106@2026,MTU,2026,7580106,Nhóm ngành Quản lý đô thị và công trình,7580106,,,25,unconfirmed,34589
MTU:7580201@2026,MTU,2026,7580201,Nhóm ngành Kỹ thuật xây dựng,7580201,,,265,unconfirmed,34595
MTU:7580202@2026,MTU,2026,7580202,Ngành Kỹ thuật Xây dựng Công trình thủy (Kỹ sư),7580202,,,25,unconfirmed,34601
MTU:7580205@2026,MTU,2026,7580205,Nhóm ngành Kỹ thuật xây dựng công trình Giao thông,7580205,,,150,unconfirmed,34607
MTU:7580213@2026,MTU,2026,7580213,Ngành Kỹ thuật cấp thoát nước (Kỹ sư),7580213,,,80,unconfirmed,34613
NHB:7340301@2026,NHB,2026,7340301,Kế toán,7340301,,,110,unconfirmed,34625
NHB:7340201@2026,NHB,2026,7340201,Tài chính – Ngân hàng,7340201,,,110,unconfirmed,34631
NHB:7340101@2026,NHB,2026,7340101,Quản trị kinh doanh,7340101,,,70,unconfirmed,34637
NHB:7340201~2@2026,NHB,2026,7340201,Tài chính – Ngân hàng,7340201,,,110,unconfirmed,34643
NHF:7220101@2026,NHF,2026,7220101,Tiếng Việt và Văn hoá Việt Nam (dành cho người nước ngoài),7220101,,,250,unconfirmed,34655
NHF:7220201@2026,NHF,2026,7220201,Ngôn ngữ Anh,7220201,,,300,unconfirmed,34661
NHF:7220201 TM@2026,NHF,2026,7220201 TM,Ngôn ngữ Anh - thương mại,,,,100,unconfirmed,34667
NHF:7220201 TT@2026,NHF,2026,7220201 TT,Ngôn ngữ Anh - CTTT,,,,100,unconfirmed,34672
NHF:7220202@2026,NHF,2026,7220202,Ngôn ngữ Nga,7220202,,,150,unconfirmed,34677
NHF:7220203@2026,NHF,2026,7220203,Ngôn ngữ Pháp,7220203,,,135,unconfirmed,34683
NHF:7220204@2026,NHF,2026,7220204,Ngôn ngữ Trung Quốc,7220204,,,280,unconfirmed,34689
NHF:7220204 TT@2026,NHF,2026,7220204 TT,Ngôn ngữ Trung Quốc - CTTT,,,,120,unconfirmed,34695
NHF:7220205@2026,NHF,2026,7220205,Ngôn ngữ Đức,7220205,,,150,unconfirmed,34700
NHF:7220206@2026,NHF,2026,7220206,Ngôn ngữ Tây Ban Nha,7220206,,,100,unconfirmed,34706
NHF:7220207@2026,NHF,2026,7220207,Ngôn ngữ Bồ Đào Nha,7220207,,,75,unconfirmed,34712
NHF:7220208@2026,NHF,2026,7220208,Ngôn ngữ Italia,7220208,,,75,unconfirmed,34718
NHF:7220208 TT@2026,NHF,2026,7220208 TT,Ngôn ngữ Italia - CTTT,,,,75,unconfirmed,34724
NHF:7220209@2026,NHF,2026,7220209,Ngôn ngữ Nhật,7220209,,,200,unconfirmed,34729
NHF:7220210@2026,NHF,2026,7220210,Ngôn ngữ Hàn Quốc,7220210,,,120,unconfirmed,34735
NHF:7220210 TT@2026,NHF,2026,7220210 TT,Ngôn ngữ Hàn Quốc - CTTT,,,,120,unconfirmed,34741
NHF:7310111@2026,NHF,2026,7310111,Nghiên cứu phát triển,7310111,,,60,unconfirmed,34746
NHF:7310206@2026,NHF,2026,7310206,Quan hệ quốc tế,7310206,,,75,unconfirmed,34752
NHF:7310601@2026,NHF,2026,7310601,Quốc tế học,7310601,,,125,unconfirmed,34758
NHF:7320104@2026,NHF,2026,7320104,Truyền thông đa phương tiện,7320104,,,120,unconfirmed,34764
NHF:7320109@2026,NHF,2026,7320109,Truyền thông doanh nghiệp,7320109,,,75,unconfirmed,34770
NHF:7340101@2026,NHF,2026,7340101,Quản trị kinh doanh,7340101,,,100,unconfirmed,34776
NHF:7340115@2026,NHF,2026,7340115,Marketing,7340115,,,75,unconfirmed,34782
NHF:7340201@2026,NHF,2026,7340201,Tài chính - Ngân hàng,7340201,,,100,unconfirmed,34788
NHF:7340205@2026,NHF,2026,7340205,Công nghệ tài chính,7340205,,,75,unconfirmed,34794
NHF:7340301@2026,NHF,2026,7340301,Kế toán,7340301,,,100,unconfirmed,34800
NHF:7480201@2026,NHF,2026,7480201,Công nghệ thông tin,7480201,,,180,unconfirmed,34806
NHF:7480201 TT@2026,NHF,2026,7480201 TT,Công nghệ thông tin - CTTT,,,,120,unconfirmed,34812
NHF:7810103@2026,NHF,2026,7810103,Quản trị Dịch vụ du lịch và lữ hành,7810103,,,75,unconfirmed,34817
NHF:7810103 TT@2026,NHF,2026,7810103 TT,Quản trị Dịch vụ du lịch và lữ hành - CTTT,,,,75,unconfirmed,34823
NHH:ACT01@2026,NHH,2026,ACT01,Chất lượng cao Kế toán,,,,180,unconfirmed,34834
NHH:ACT02@2026,NHH,2026,ACT02,Kế toán,,,,70,unconfirmed,34839
NHH:ACT03@2026,NHH,2026,ACT03,"Kế toán (Liên kết ĐH Sunderland, Anh. Cấp song bằng)",,,,100,unconfirmed,34844
NHH:ACT04@2026,NHH,2026,ACT04,Kiểm toán,,,,120,unconfirmed,34849
NHH:ACT05@2026,NHH,2026,ACT05,Chất lượng cao Kiểm toán,,,,120,unconfirmed,34854
NHH:ACT06@2026,NHH,2026,ACT06,Kế toán (Định hướng Nhật bản). Học viện Ngân hàng cấp bằng,,,,50,unconfirmed,34859
NHH:BANK01@2026,NHH,2026,BANK01,Chất lượng cao Ngân hàng,,,,210,unconfirmed,34864
NHH:BANK02@2026,NHH,2026,BANK02,Ngân hàng,,,,140,unconfirmed,34869
NHH:BANK03@2026,NHH,2026,BANK03,Ngân hàng số,,,,140,unconfirmed,34874
NHH:BANK04@2026,NHH,2026,BANK04,"Tài chính-Ngân hàng (Liên kết ĐH Sunderland, Anh Quốc. Cấp song bằng)",,,,100,unconfirmed,34879
NHH:BANK06@2026,NHH,2026,BANK06,Chất lượng cao Ngân hàng và Tài chính quốc tế,,,,120,unconfirmed,34884
NHH:BANK07@2026,NHH,2026,BANK07,Chất lượng cao Ngân hàng trung ương và chính sách công,,,,60,unconfirmed,34889
NHH:BANK08@2026,NHH,2026,BANK08,"Ngân hàng Tài chính - Đại học West of England (UWE), Anh (Cấp song bằng)",,,,80,unconfirmed,34894
NHH:BUS01@2026,NHH,2026,BUS01,Chất lượng cao Quản trị kinh doanh,,,,120,unconfirmed,34899
NHH:BUS02@2026,NHH,2026,BUS02,Quản trị kinh doanh,,,,70,unconfirmed,34904
NHH:BUS03@2026,NHH,2026,BUS03,Quản trị du lịch,,,,70,unconfirmed,34909
NHH:BUS04@2026,NHH,2026,BUS04,"Quản trị kinh doanh (Liên kết với ĐH CityU, Hoa kỳ. Cấp song bằng)",,,,80,unconfirmed,34914
NHH:BUS06@2026,NHH,2026,BUS06,Chất lượng cao Marketing số,,,,120,unconfirmed,34919
NHH:BUS07@2026,NHH,2026,BUS07,Marketing,,,,70,unconfirmed,34924
NHH:BUS08@2026,NHH,2026,BUS08,Chất lượng cao Quản trị nhân lực,,,,60,unconfirmed,34929
NHH:BUS09@2026,NHH,2026,BUS09,Chất lượng cao Kinh doanh số,,,,60,unconfirmed,34934
NHH:BUS10@2026,NHH,2026,BUS10,"Quản trị kinh doanh, Hàng hải & Logistics - Đại học Genoa, CH Ý (Cấp song bằng)",,,,50,unconfirmed,34939
NHH:BUS11@2026,NHH,2026,BUS11,"Marketing - Đại học West of England (UWE), Anh (Cấp song bằng)",,,,80,unconfirmed,34944
NHH:DS01@2026,NHH,2026,DS01,Khoa học dữ liệu trong kinh tế và kinh doanh,,,,140,unconfirmed,34949
NHH:ECON01@2026,NHH,2026,ECON01,Kinh tế đầu tư,,,,70,unconfirmed,34954
NHH:ECON02@2026,NHH,2026,ECON02,Chất lượng cao Kinh tế đầu tư,,,,120,unconfirmed,34959
NHH:ECON03@2026,NHH,2026,ECON03,Kinh tế quốc tế,,,,70,unconfirmed,34964
NHH:FIN01@2026,NHH,2026,FIN01,Chất lượng cao Tài chính,,,,350,unconfirmed,34969
NHH:FIN02@2026,NHH,2026,FIN02,Tài chính,,,,140,unconfirmed,34974
NHH:FIN04@2026,NHH,2026,FIN04,Chất lượng cao Hoạch định và tư vấn tài chính,,,,60,unconfirmed,34979
NHH:FIN05@2026,NHH,2026,FIN05,Công nghệ tài chính,,,,140,unconfirmed,34984
NHH:FL01@2026,NHH,2026,FL01,Ngôn ngữ Anh Tài chính – Ngân hàng,,,,70,unconfirmed,34989
NHH:FL02@2026,NHH,2026,FL02,Chất lượng cao Ngôn ngữ Anh Tài chính – Ngân hàng,,,,120,unconfirmed,34994
NHH:IB01@2026,NHH,2026,IB01,Kinh doanh quốc tế,,,,70,unconfirmed,34999
NHH:IB02@2026,NHH,2026,IB02,Logistics và quản lý chuỗi cung ứng,,,,70,unconfirmed,35004
NHH:IB04@2026,NHH,2026,IB04,Chất lượng cao Kinh doanh quốc tế,,,,180,unconfirmed,35009
NHH:IB05@2026,NHH,2026,IB05,Chất lượng cao Thương mại điện tử,,,,60,unconfirmed,35014
NHH:IB06@2026,NHH,2026,IB06,Chất lượng cao Logistics và Quản lý chuỗi cung ứng,,,,60,unconfirmed,35019
NHH:IB07@2026,NHH,2026,IB07,"Quản trị kinh doanh quốc tế - Đại học West of England (UWE), Anh (Cấp song bằng)",,,,80,unconfirmed,35024
NHH:IT01@2026,NHH,2026,IT01,Công nghệ thông tin,,,,120,unconfirmed,35029
NHH:LAW01@2026,NHH,2026,LAW01,Luật kinh tế,,,,180,unconfirmed,35034
NHH:LAW03@2026,NHH,2026,LAW03,Chất lượng cao Luật Kinh tế,,,,120,unconfirmed,35039
NHH:LAW04@2026,NHH,2026,LAW04,Luật học,,,,70,unconfirmed,35044
NHH:MIS01@2026,NHH,2026,MIS01,Hệ thống thông tin quản lý,,,,70,unconfirmed,35049
NHH:MIS02@2026,NHH,2026,MIS02,Chất lượng cao Hệ thống thông tin quản lý,,,,60,unconfirmed,35054
NHP:ACT02@2026,NHP,2026,ACT02,Kế toán,,,,40,unconfirmed,35064
NHP:BANK02@2026,NHP,2026,BANK02,Ngân hàng,,,,80,unconfirmed,35069
NHP:BUS02@2026,NHP,2026,BUS02,Quản trị kinh doanh,,,,40,unconfirmed,35074
NHP:BUS07@2026,NHP,2026,BUS07,Marketing,,,,40,unconfirmed,35079
NHP:FIN02@2026,NHP,2026,FIN02,Tài chính,,,,40,unconfirmed,35084
NHS:7220201@2026,NHS,2026,7220201,Ngôn ngữ Anh,7220201,,,150,unconfirmed,35095
NHS:7220201DB@2026,NHS,2026,7220201DB,Ngôn ngữ Anh (đặc biệt),7220201,,,120,unconfirmed,35101
NHS:7220204@2026,NHS,2026,7220204,Ngôn ngữ Trung Quốc,7220204,,,80,unconfirmed,35107
NHS:7310106@2026,NHS,2026,7310106,Kinh tế quốc tế,7310106,,,120,unconfirmed,35113
NHS:7310106TA@2026,NHS,2026,7310106TA,Kinh tế quốc tế TABP,7310106,,,80,unconfirmed,35119
NHS:7340101@2026,NHS,2026,7340101,Quản trị kinh doanh,7340101,,,60,unconfirmed,35125
NHS:7340101QT@2026,NHS,2026,7340101QT,Quản trị kinh doanh (quốc tế đối tác),7340101,,,150,unconfirmed,35131
NHS:7340101SB@2026,NHS,2026,7340101SB,Quản trị kinh doanh (song bằng),7340101,,,40,unconfirmed,35137
NHS:7340101TA@2026,NHS,2026,7340101TA,Quản trị kinh doanh TABP,7340101,,,400,unconfirmed,35143
NHS:7340115@2026,NHS,2026,7340115,Marketing,7340115,,,120,unconfirmed,35149
NHS:7340120@2026,NHS,2026,7340120,Kinh doanh quốc tế,7340120,,,70,unconfirmed,35155
NHS:7340120TA@2026,NHS,2026,7340120TA,Kinh doanh quốc tế TABP,7340120,,,80,unconfirmed,35161
NHS:7340122@2026,NHS,2026,7340122,Thương mại điện tử,7340122,,,60,unconfirmed,35167
NHS:7340122TA@2026,NHS,2026,7340122TA,Thương mại điện tử TABP,7340122,,,80,unconfirmed,35173
NHS:7340201@2026,NHS,2026,7340201,Tài chính - Ngân hàng,7340201,,,350,unconfirmed,35179
NHS:7340201EL@2026,NHS,2026,7340201EL,Elite Class (Tài chính - Ngân hàng),7340201,,,60,unconfirmed,35185
NHS:7340201QT@2026,NHS,2026,7340201QT,Tài chính - Ngân hàng (quốc tế đối tác),7340201,,,60,unconfirmed,35191
NHS:7340201SB@2026,NHS,2026,7340201SB,Tài chính - Ngân hàng (song bằng),7340201,,,40,unconfirmed,35197
NHS:7340201TA@2026,NHS,2026,7340201TA,Tài chính - Ngân hàng TABP,7340201,,,1200,unconfirmed,35203
NHS:7340204@2026,NHS,2026,7340204,Bảo hiểm,7340204,,,70,unconfirmed,35209
NHS:7340205@2026,NHS,2026,7340205,Công nghệ tài chính,7340205,,,120,unconfirmed,35215
NHS:7340301@2026,NHS,2026,7340301,Kế toán,7340301,,,150,unconfirmed,35221
NHS:7340301TA@2026,NHS,2026,7340301TA,Kế toán TABP,7340301,,,290,unconfirmed,35227
NHS:7340302@2026,NHS,2026,7340302,Kiểm toán,7340302,,,60,unconfirmed,35233
NHS:7340405@2026,NHS,2026,7340405,Hệ thống thông tin quản lý,7340405,,,170,unconfirmed,35239
NHS:7340405TA@2026,NHS,2026,7340405TA,Hệ thống thông tin quản lý TABP,7340405,,,120,unconfirmed,35245
NHS:7380101@2026,NHS,2026,7380101,Luật,7380101,,,60,unconfirmed,35251
NHS:7380107@2026,NHS,2026,7380107,Luật kinh tế,7380107,,,122,unconfirmed,35257
NHS:7380107TA@2026,NHS,2026,7380107TA,Luật kinh tế TABP,7380107,,,80,unconfirmed,35263
NHS:7460108@2026,NHS,2026,7460108,Khoa học dữ liệu,7460108,,,120,unconfirmed,35269
NHS:7480107@2026,NHS,2026,7480107,Trí tuệ nhân tạo,7480107,,,110,unconfirmed,35275
NHS:7480201@2026,NHS,2026,7480201,Công nghệ thông tin,7480201,,,60,unconfirmed,35281
NHS:7510605@2026,NHS,2026,7510605,Logistics và Quản lý chuỗi cung ứng,7510605,,,120,unconfirmed,35287
NHS:7810201@2026,NHS,2026,7810201,Quản trị khách sạn,7810201,,,60,unconfirmed,35293
NLG:7340101G@2026,NLG,2026,7340101G,Quản trị kinh doanh (Phân hiệu Gia Lai),7340101,,,30,unconfirmed,35304
NLG:7620109G@2026,NLG,2026,7620109G,Nông học (Phân hiệu Gia Lai),7620109,,,30,unconfirmed,35310
NLG:7640101G@2026,NLG,2026,7640101G,Thú y (Phân hiệu Gia Lai),7640101,,,30,unconfirmed,35316
NLN:51140201@2026,NLN,2026,51140201,Giáo dục mầm non (Trình độ CĐ. phân hiệu Ninh Thuận),,,,20,unconfirmed,35327
NLN:7140201@2026,NLN,2026,7140201,Giáo dục mầm non (Trình độ ĐH. phân hiệu Ninh Thuận),7140201,,,30,unconfirmed,35332
NLN:7220201N@2026,NLN,2026,7220201N,Ngôn ngữ Anh (phân hiệu Ninh Thuận),7220201,,,30,unconfirmed,35338
NLN:7340101N@2026,NLN,2026,7340101N,Quản trị kinh doanh (phân hiệu Ninh Thuận),7340101,,,35,unconfirmed,35344
NLN:7340301N@2026,NLN,2026,7340301N,Kế toán (phân hiệu Ninh Thuận),7340301,,,41,unconfirmed,35350
NLN:7480201N@2026,NLN,2026,7480201N,Công nghệ thông tin (Phân hiệu Ninh Thuận),7480201,,,30,unconfirmed,35356
NLN:7519007N@2026,NLN,2026,7519007N,công nghệ kỹ thuật năng lượng tái tạo (phân hiệu Ninh Thuận),7519007,,,30,unconfirmed,35362
NLN:7620109N@2026,NLN,2026,7620109N,Nông học (phân hiệu Ninh Thuận),7620109,,,30,unconfirmed,35368
NLN:7640101N@2026,NLN,2026,7640101N,thú y (Phân hiệu Ninh Thuận),7640101,,,30,unconfirmed,35374
NLS:51140201@2026,NLS,2026,51140201,Giáo dục mầm non (Trình độ CĐ. phân hiệu Ninh Thuận),,,,,unconfirmed,35383
NLS:7140201@2026,NLS,2026,7140201,Giáo dục mầm non,7140201,,,,unconfirmed,35388
NLS:7140215@2026,NLS,2026,7140215,Sư phạm kỹ thuật nông nghiệp,7140215,,,,unconfirmed,35394
NLS:7220201@2026,NLS,2026,7220201,Ngôn ngữ Anh,7220201,,,,unconfirmed,35400
NLS:7220201N@2026,NLS,2026,7220201N,Ngôn ngữ Anh (phân hiệu Ninh Thuận),7220201,,,,unconfirmed,35406
NLS:7310101@2026,NLS,2026,7310101,Kinh tế,7310101,,,,unconfirmed,35412
NLS:7310101C@2026,NLS,2026,7310101C,Kinh tế (Chương trình nâng cao. chuyên ngành Kinh tể Nông nghiệp),7310101,,,,unconfirmed,35418
NLS:7340101@2026,NLS,2026,7340101,Quản trị kinh doanh,7340101,,,,unconfirmed,35424
NLS:7340101C@2026,NLS,2026,7340101C,Quản trị kinh doanh (Chương trình nâng cao),7340101,,,,unconfirmed,35430
NLS:7340101G@2026,NLS,2026,7340101G,Quản trị kinh doanh (phân hiệu Gia Lai),7340101,,,,unconfirmed,35436
NLS:7340101N@2026,NLS,2026,7340101N,Quản trị kinh doanh (phân hiệu Ninh Thuận),7340101,,,,unconfirmed,35442
NLS:7340116@2026,NLS,2026,7340116,Bất động sản,7340116,,,,unconfirmed,35448
NLS:7340301@2026,NLS,2026,7340301,Kế toán,7340301,,,,unconfirmed,35454
NLS:7340301N@2026,NLS,2026,7340301N,Kế toán (phân hiệu Ninh Thuận),7340301,,,,unconfirmed,35460
NLS:7420201@2026,NLS,2026,7420201,Công nghệ sinh học,7420201,,,,unconfirmed,35466
NLS:7420201C@2026,NLS,2026,7420201C,Công nghệ sinh học (Chương trình nâng cao),7420201,,,,unconfirmed,35472
NLS:7440301@2026,NLS,2026,7440301,Khoa học môi trường,7440301,,,,unconfirmed,35478
NLS:7480104@2026,NLS,2026,7480104,Hệ thống thông tin,7480104,,,,unconfirmed,35484
NLS:7480201@2026,NLS,2026,7480201,Công nghệ thông tin,7480201,,,,unconfirmed,35490
NLS:7480201C@2026,NLS,2026,7480201C,Công nghệ thông tin (Chương trình nâng cao),7480201,,,,unconfirmed,35496
NLS:7480201N@2026,NLS,2026,7480201N,Công nghệ thông tin (Phân hiệu Ninh Thuận),7480201,,,,unconfirmed,35502
NLS:7510201@2026,NLS,2026,7510201,Công nghệ kỹ thuật cơ khí,7510201,,,,unconfirmed,35508
NLS:7510201C@2026,NLS,2026,7510201C,Công nghệ kỹ thuật cơ khí (Chương trình nâng cao),7510201,,,,unconfirmed,35514
NLS:7510203@2026,NLS,2026,7510203,Công nghệ kỹ thuật cơ điện,7510203,,,,unconfirmed,35520
NLS:7510205@2026,NLS,2026,7510205,Công nghệ kỹ thuật ô tô,7510205,,,,unconfirmed,35526
NLS:7510206@2026,NLS,2026,7510206,Công nghệ kỹ thuật nhiệt,7510206,,,,unconfirmed,35532
NLS:7510401@2026,NLS,2026,7510401,Công nghệ kỹ thuật hoá học,7510401,,,,unconfirmed,35538
NLS:7510401C@2026,NLS,2026,7510401C,Công nghệ kỹ thuật hóa học (Chương trình nâng cao),7510401,,,,unconfirmed,35544
NLS:7519007@2026,NLS,2026,7519007,Công nghệ kỹ thuật năng lượng tái tạo,7519007,,,,unconfirmed,35550
NLS:7519007N@2026,NLS,2026,7519007N,Công nghệ kỹ thuật năng lượng tái tạo (phân hiệu Ninh Thuận),7519007,,,,unconfirmed,35556
NLS:7520216@2026,NLS,2026,7520216,Kỹ thuật điều khiển và tự động hoá,7520216,,,,unconfirmed,35562
NLS:7520320@2026,NLS,2026,7520320,Kỹ thuật môi trường,7520320,,,,unconfirmed,35568
NLS:7520320G@2026,NLS,2026,7520320G,Kỹ thuật môi trường (phân hiệu Gia Lai),7520320,,,,unconfirmed,35574
NLS:7540101@2026,NLS,2026,7540101,Công nghệ thực phẩm,7540101,,,,unconfirmed,35580
NLS:7540101C@2026,NLS,2026,7540101C,Công nghệ thực phẩm (Chương trình nâng cao),7540101,,,,unconfirmed,35586
NLS:7540101T@2026,NLS,2026,7540101T,Công nghệ thực phẩm (Chương trình tiên tiến),7540101,,,,unconfirmed,35592
NLS:7540105@2026,NLS,2026,7540105,Công nghệ chế biến thuỷ sản,7540105,,,,unconfirmed,35598
NLS:7540106@2026,NLS,2026,7540106,Đảm bảo chất lượng và An toàn thực phẩm,7540106,,,,unconfirmed,35604
NLS:7549001@2026,NLS,2026,7549001,Công nghệ chế biến lâm sản,7549001,,,,unconfirmed,35610
NLS:7620105@2026,NLS,2026,7620105,Chăn nuôi,7620105,,,,unconfirmed,35616
NLS:7620105C@2026,NLS,2026,7620105C,Chăn nuôi (Chương trình nâng cao),7620105,,,,unconfirmed,35622
NLS:7620109@2026,NLS,2026,7620109,Nông học,7620109,,,,unconfirmed,35628
NLS:7620109G@2026,NLS,2026,7620109G,Nông học (Phân hiệu Gia Lai),7620109,,,,unconfirmed,35634
NLS:7620109N@2026,NLS,2026,7620109N,Nông học (phân hiệu Ninh Thuận),7620109,,,,unconfirmed,35640
NLS:7620112@2026,NLS,2026,7620112,Bảo vệ thực vật,7620112,,,,unconfirmed,35646
NLS:7620114@2026,NLS,2026,7620114,Kinh doanh nông nghiệp,7620114,,,,unconfirmed,35652
NLS:7620116@2026,NLS,2026,7620116,Phát trịển nông thôn,7620116,,,,unconfirmed,35658
NLS:7620201@2026,NLS,2026,7620201,Lâm học,7620201,,,,unconfirmed,35664
NLS:7620202@2026,NLS,2026,7620202,Lâm nghiệp đô thị,7620202,,,,unconfirmed,35670
NLS:7620211@2026,NLS,2026,7620211,Quản lý tài nguyên rừng,7620211,,,,unconfirmed,35676
NLS:7620301@2026,NLS,2026,7620301,Nuôi trồng thuỷ sản,7620301,,,,unconfirmed,35682
NLS:7640101@2026,NLS,2026,7640101,Thú y,7640101,,,,unconfirmed,35688
NLS:7640101G@2026,NLS,2026,7640101G,Thú y (phân hiệu Gia Lai),7640101,,,,unconfirmed,35694
NLS:7640101N@2026,NLS,2026,7640101N,Thú y (Phân hiệu Ninh Thuận),7640101,,,,unconfirmed,35700
NLS:7640101T@2026,NLS,2026,7640101T,Thú y (Chương trình tiên tiến),7640101,,,,unconfirmed,35706
NLS:7850101@2026,NLS,2026,7850101,Quản lý tài nguyên và môi trường,7850101,,,,unconfirmed,35712
NLS:7850103@2026,NLS,2026,7850103,Quản lý đất đai,7850103,,,,unconfirmed,35718
NLS:7850103C@2026,NLS,2026,7850103C,Quản lý đất đai (Chương trình nâng cao),7850103,,,,unconfirmed,35724
NLS:7859002@2026,NLS,2026,7859002,Tài nguyên và Du lịch sinh thái,7859002,,,,unconfirmed,35730
NLS:7859007@2026,NLS,2026,7859007,Cảnh quan và kỹ thuật hoa viên,7859007,,,,unconfirmed,35736
NQH:7220201@2026,NQH,2026,7220201,Ngôn ngữ Anh (Thí sinh Nam),7220201,,,,unconfirmed,35748
NQH:7220201~2@2026,NQH,2026,7220201,Ngôn ngữ Anh (Thí sinh Nữ),7220201,,,,unconfirmed,35754
NQH:7220202@2026,NQH,2026,7220202,Ngôn ngữ Nga (Thí sinh Nam),7220202,,,,unconfirmed,35760
NQH:7220202~2@2026,NQH,2026,7220202,Ngôn ngữ Nga (Thí sinh Nữ),7220202,,,,unconfirmed,35766
NQH:7860231@2026,NQH,2026,7860231,Trinh sát Kỹ thuật (Thí sinh Nam; phía Bắc),7860231,,,,unconfirmed,35772
NQH:7860231~2@2026,NQH,2026,7860231,Trinh sát Kỹ thuật (Thí sinh Nam; phía Nam),7860231,,,,unconfirmed,35778
NTH:NTHCN18@2026,NTH,2026,NTHCN18,CT TH Trí tuệ nhân tạo cho đổi mới sáng tạo trong kinh tế và kinh doanh,,,I. Tại Hà Nội,50,unconfirmed,35790
NTH:NTHCN18~2@2026,NTH,2026,NTHCN18,CT TH Khoa học dữ liệu cho đổi mới sáng tạo trong kinh tế và kinh doanh,,,I. Tại Hà Nội,50,unconfirmed,35796
NTH:NTHCN18~3@2026,NTH,2026,NTHCN18,CT TH Khoa học máy tính và dữ liệu trong kinh tế và kinh doanh,,,I. Tại Hà Nội,50,unconfirmed,35802
NTH:NTHKD05@2026,NTH,2026,NTHKD05,"CT TT i-Hons Kinh doanh quốc tế và Phân tích dữ liệu kinh doanh (hợp tác với University of Queensland, Australia)",,,I. Tại Hà Nội,70,unconfirmed,35808
NTH:NTHKD06@2026,NTH,2026,NTHKD06,CT TC Kinh doanh quốc tế,,,I. Tại Hà Nội,110,unconfirmed,35814
NTH:NTHKD06~2@2026,NTH,2026,NTHKD06,CT CLC Kinh doanh quốc tế,,,I. Tại Hà Nội,80,unconfirmed,35820
NTH:NTHKD07@2026,NTH,2026,NTHKD07,CT ĐHNNQT Kinh doanh số toàn cầu,,,I. Tại Hà Nội,60,unconfirmed,35826
NTH:NTHKD07~2@2026,NTH,2026,NTHKD07,CT ĐHNNQT Kinh doanh quốc tế theo mô hình tiên tiến Nhật Bản,,,I. Tại Hà Nội,70,unconfirmed,35832
NTH:NTHKD08@2026,NTH,2026,NTHKD08,CT ĐHNNQT Kinh doanh sáng tạo và Công nghiệp văn hóa,,,I. Tại Hà Nội,50,unconfirmed,35838
NTH:NTHKD08~2@2026,NTH,2026,NTHKD08,CT ĐHNNQT Quản lý công nghiệp thông minh,,,I. Tại Hà Nội,50,unconfirmed,35844
NTH:NTHKE16@2026,NTH,2026,NTHKE16,CT TC Kế toán - Kiểm toán,,,I. Tại Hà Nội,70,unconfirmed,35850
NTH:NTHKE16~2@2026,NTH,2026,NTHKE16,CT ĐHNNQT Kế toán - Kiểm toán theo định hướng ACCA,,,I. Tại Hà Nội,80,unconfirmed,35856
NTH:NTHKE16~3@2026,NTH,2026,NTHKE16,CT ĐHNNQT Kiểm toán tích hợp công nghệ,,,I. Tại Hà Nội,50,unconfirmed,35862
NTH:NTHKT01@2026,NTH,2026,NTHKT01,CT TT Kinh tế đối ngoại,,,I. Tại Hà Nội,80,unconfirmed,35868
NTH:NTHKT02@2026,NTH,2026,NTHKT02,CT TC Kinh tế đối ngoại,,,I. Tại Hà Nội,420,unconfirmed,35874
NTH:NTHKT02~2@2026,NTH,2026,NTHKT02,CT CLC Kinh tế đối ngoại,,,I. Tại Hà Nội,220,unconfirmed,35880
NTH:NTHKT03@2026,NTH,2026,NTHKT03,CT ĐHNNQT Logistics toàn cầu và đổi mới chuỗi cung ứng,,,I. Tại Hà Nội,70,unconfirmed,35886
NTH:NTHKT04@2026,NTH,2026,NTHKT04,CT TC Kinh tế quốc tế,,,I. Tại Hà Nội,170,unconfirmed,35892
NTH:NTHKT04~2@2026,NTH,2026,NTHKT04,CT CLC Kinh tế quốc tế,,,I. Tại Hà Nội,120,unconfirmed,35898
NTH:NTHKT04~3@2026,NTH,2026,NTHKT04,CT ĐHNNQT Kinh tế số và Phân tích dữ liệu,,,I. Tại Hà Nội,50,unconfirmed,35904
NTH:NTHLS17@2026,NTH,2026,NTHLS17,CT TC Luật thương mại quốc tế,,,I. Tại Hà Nội,60,unconfirmed,35910
NTH:NTHLS17~2@2026,NTH,2026,NTHLS17,CT ĐHNNQT Luật Kinh doanh quốc tế theo mô hình thực hành nghề nghiệp,,,I. Tại Hà Nội,60,unconfirmed,35916
NTH:NTHLS17~3@2026,NTH,2026,NTHLS17,CT ĐHNNQT Luật Kinh tế và kinh doanh số,,,I. Tại Hà Nội,50,unconfirmed,35922
NTH:NTHLS17~4@2026,NTH,2026,NTHLS17,CT TH Luật dân sự và tố tụng dân sự,,,I. Tại Hà Nội,50,unconfirmed,35928
NTH:NTHNN19@2026,NTH,2026,NTHNN19,CT TH Tiếng Anh thương mại,,,I. Tại Hà Nội,170,unconfirmed,35934
NTH:NTHNN20@2026,NTH,2026,NTHNN20,CT TH Tiếng Trung thương mại,,,I. Tại Hà Nội,120,unconfirmed,35940
NTH:NTHNN21@2026,NTH,2026,NTHNN21,CT TH Tiếng Nhật thương mại,,,I. Tại Hà Nội,120,unconfirmed,35946
NTH:NTHNN22@2026,NTH,2026,NTHNN22,CT TH Tiếng Pháp thương mại,,,I. Tại Hà Nội,60,unconfirmed,35952
NTH:NTHQK12@2026,NTH,2026,NTHQK12,CT ĐHPTQT Kinh tế chính trị quốc tế,,,I. Tại Hà Nội,50,unconfirmed,35958
NTH:NTHQK12~2@2026,NTH,2026,NTHQK12,CT ĐHNNQT Quản trị khách sạn,,,I. Tại Hà Nội,50,unconfirmed,35964
NTH:NTHQT09@2026,NTH,2026,NTHQT09,CT TT Quản trị kinh doanh,,,I. Tại Hà Nội,80,unconfirmed,35970
NTH:NTHQT10@2026,NTH,2026,NTHQT10,CT TC Quản trị kinh doanh,,,I. Tại Hà Nội,80,unconfirmed,35976
NTH:NTHQT10~2@2026,NTH,2026,NTHQT10,CT CLC Quản trị kinh doanh,,,I. Tại Hà Nội,100,unconfirmed,35982
NTH:NTHQT10~3@2026,NTH,2026,NTHQT10,CT ĐHNNQT Quản trị nguồn nhân lực số và phát triển tổ chức,,,I. Tại Hà Nội,50,unconfirmed,35988
NTH:NTHTC14@2026,NTH,2026,NTHTC14,CT TT Tài chính - Ngân hàng,,,I. Tại Hà Nội,40,unconfirmed,35994
NTH:NTHTC15@2026,NTH,2026,NTHTC15,CT TC Tài chính - Ngân hàng,,,I. Tại Hà Nội,130,unconfirmed,36000
NTH:NTHTC15~2@2026,NTH,2026,NTHTC15,CT CLC Tài chính - Ngân hàng,,,I. Tại Hà Nội,120,unconfirmed,36006
NTH:NTHTC15~3@2026,NTH,2026,NTHTC15,CT ĐHNNQT Công nghệ tài chính và Tài chính bền vững,,,I. Tại Hà Nội,50,unconfirmed,36012
NTH:NTHTM11@2026,NTH,2026,NTHTM11,CT ĐHNNQT Thương mại số thông minh và đổi mới kinh doanh,,,I. Tại Hà Nội,50,unconfirmed,36018
NTH:NTHTM11~2@2026,NTH,2026,NTHTM11,CT ĐHNNQT Marketing số,,,I. Tại Hà Nội,50,unconfirmed,36024
NTH:NTSKE06@2026,NTH,2026,NTSKE06,CT TC Kế toán - Kiểm toán (Cơ sở HCM),,,II. Tại HCM,70,unconfirmed,36030
NTH:NTSKT01@2026,NTH,2026,NTSKT01,CT TC Kinh tế đối ngoại (Cơ sở HCM),,,II. Tại HCM,280,unconfirmed,36036
NTH:NTSKT01~2@2026,NTH,2026,NTSKT01,CT CLC Kinh tế đối ngoại (Cơ sở HCM),,,II. Tại HCM,220,unconfirmed,36042
NTH:NTSKT02@2026,NTH,2026,NTSKT02,CT ĐHNNQT Logistics toàn cầu và đổi mới chuỗi cung ứng (Cơ sở HCM),,,II. Tại HCM,50,unconfirmed,36048
NTH:NTSMT04@2026,NTH,2026,NTSMT04,CT ĐHNNQT Truyền thông Marketing tích hợp (Cơ sở HCM),,,II. Tại HCM,50,unconfirmed,36054
NTH:NTSQT03@2026,NTH,2026,NTSQT03,CT TC Quản trị kinh doanh (Cơ sở HCM),,,II. Tại HCM,60,unconfirmed,36060
NTH:NTSQT03~2@2026,NTH,2026,NTSQT03,CT CLC Quản trị kinh doanh (Cơ sở HCM),,,II. Tại HCM,80,unconfirmed,36066
NTH:NTSTC05@2026,NTH,2026,NTSTC05,CT TC Tài chính - Ngân hàng (Cơ sở HCM),,,II. Tại HCM,50,unconfirmed,36072
NTH:NTSTC05~2@2026,NTH,2026,NTSTC05,CT CLC Tài chính - Ngân hàng (Cơ sở HCM),,,II. Tại HCM,70,unconfirmed,36078
NTH:NTHKK23@2026,NTH,2026,NTHKK23,CT TC Kinh doanh quốc tế (Cơ sở Quảng Ninh),,,III. Tại Quảng Ninh,50,unconfirmed,36084
NTH:NTHKK23~2@2026,NTH,2026,NTHKK23,CT TC Kế toán - Kiểm toán (Cơ sở Quảng Ninh),,,III. Tại Quảng Ninh,50,unconfirmed,36090
NTS:NTSKE06@2026,NTS,2026,NTSKE06,CT TC Kế toán - Kiểm toán (Cơ sở HCM),,,II. Tại HCM,70,unconfirmed,36101
NTS:NTSKT01@2026,NTS,2026,NTSKT01,CT TC Kinh tế đối ngoại (Cơ sở HCM),,,II. Tại HCM,280,unconfirmed,36107
NTS:NTSKT01~2@2026,NTS,2026,NTSKT01,CT CLC Kinh tế đối ngoại (Cơ sở HCM),,,II. Tại HCM,220,unconfirmed,36113
NTS:NTSKT02@2026,NTS,2026,NTSKT02,CT ĐHNNQT Logistics toàn cầu và đổi mới chuỗi cung ứng (Cơ sở HCM),,,II. Tại HCM,50,unconfirmed,36119
NTS:NTSMT04@2026,NTS,2026,NTSMT04,CT ĐHNNQT Truyền thông Marketing tích hợp (Cơ sở HCM),,,II. Tại HCM,50,unconfirmed,36125
NTS:NTSQT03@2026,NTS,2026,NTSQT03,CT TC Quản trị kinh doanh (Cơ sở HCM),,,II. Tại HCM,60,unconfirmed,36131
NTS:NTSQT03~2@2026,NTS,2026,NTSQT03,CT CLC Quản trị kinh doanh (Cơ sở HCM),,,II. Tại HCM,80,unconfirmed,36137
NTS:NTSTC05@2026,NTS,2026,NTSTC05,CT TC Tài chính - Ngân hàng (Cơ sở HCM),,,II. Tại HCM,50,unconfirmed,36143
NTS:NTSTC05~2@2026,NTS,2026,NTSTC05,CT CLC Tài chính - Ngân hàng (Cơ sở HCM),,,II. Tại HCM,70,unconfirmed,36149
NTT:7140103@2026,NTT,2026,7140103,Công nghệ Giáo dục,7140103,,,,unconfirmed,36161
NTT:7210205@2026,NTT,2026,7210205,Thanh nhạc,7210205,,,,unconfirmed,36167
NTT:7210208@2026,NTT,2026,7210208,Piano,7210208,,,,unconfirmed,36173
NTT:7210243@2026,NTT,2026,7210243,Biên đạo múa,7210243,,,,unconfirmed,36179
NTT:7210403@2026,NTT,2026,7210403,Thiết kế đồ họa,7210403,,,,unconfirmed,36185
NTT:7210404@2026,NTT,2026,7210404,Thiết kế thời trang,7210404,,,,unconfirmed,36191
NTT:7220201@2026,NTT,2026,7220201,Ngôn ngữ Anh,7220201,,,,unconfirmed,36197
NTT:7220204@2026,NTT,2026,7220204,Ngôn ngữ Trung Quốc,7220204,,,,unconfirmed,36203
NTT:7310109@2026,NTT,2026,7310109,Kinh tế số,7310109,,,,unconfirmed,36209
NTT:7310401@2026,NTT,2026,7310401,Tâm lý học,7310401,,,,unconfirmed,36215
NTT:7310608@2026,NTT,2026,7310608,Đông phương học,7310608,,,,unconfirmed,36221
NTT:7320104@2026,NTT,2026,7320104,Truyền thông đa phương tiện,7320104,,,,unconfirmed,36227
NTT:7320108@2026,NTT,2026,7320108,Quan hệ công chúng,7320108,,,,unconfirmed,36233
NTT:7340101@2026,NTT,2026,7340101,Quản trị kinh doanh,7340101,,,,unconfirmed,36239
NTT:7340101_DNCN@2026,NTT,2026,7340101_DNCN,Quản trị kinh doanh - Chuẩn quốc tế (Quản trị doanh nghiệp và công nghệ),7340101,,,,unconfirmed,36245
NTT:7340101_QT@2026,NTT,2026,7340101_QT,Quản trị kinh doanh - Chuẩn quốc tế (Kinh doanh Quốc tế),7340101,,,,unconfirmed,36251
NTT:7340115@2026,NTT,2026,7340115,Marketing,7340115,,,,unconfirmed,36257
NTT:7340115_DM@2026,NTT,2026,7340115_DM,Marketing - Marketing số và truyền thông xã hội (Chuẩn quốc tế),7340115,,,,unconfirmed,36263
NTT:7340120@2026,NTT,2026,7340120,Kinh doanh quốc tế,7340120,,,,unconfirmed,36269
NTT:7340122@2026,NTT,2026,7340122,Thương mại điện tử,7340122,,,,unconfirmed,36275
NTT:7340122_QT@2026,NTT,2026,7340122_QT,Thương mại điện tử (Chuẩn quốc tế),7340122,,,,unconfirmed,36281
NTT:7340201@2026,NTT,2026,7340201,Tài chính - Ngân hàng,7340201,,,,unconfirmed,36287
NTT:7340301@2026,NTT,2026,7340301,Kế toán,7340301,,,,unconfirmed,36293
NTT:7340301_QT@2026,NTT,2026,7340301_QT,Kế toán (Chuẩn quốc tế),7340301,,,,unconfirmed,36299
NTT:7340404@2026,NTT,2026,7340404,Quản trị nhân lực,7340404,,,,unconfirmed,36305
NTT:7380101@2026,NTT,2026,7380101,Luật,7380101,,,,unconfirmed,36311
NTT:7380107@2026,NTT,2026,7380107,Luật kinh tế,7380107,,,,unconfirmed,36317
NTT:7380107_QT@2026,NTT,2026,7380107_QT,Luật kinh tế,7380107,,,,unconfirmed,36323
NTT:7420201@2026,NTT,2026,7420201,Công nghệ sinh học,7420201,,,,unconfirmed,36329
NTT:7420204@2026,NTT,2026,7420204,Khoa học y sinh,7420204,,,,unconfirmed,36335
NTT:7440122@2026,NTT,2026,7440122,Khoa học vật liệu,7440122,,,,unconfirmed,36341
NTT:7480101@2026,NTT,2026,7480101,Khoa học máy tính,7480101,,,,unconfirmed,36347
NTT:7480103@2026,NTT,2026,7480103,Kỹ thuật phần mềm,7480103,,,,unconfirmed,36353
NTT:7480107@2026,NTT,2026,7480107,Trí tuệ nhân tạo,7480107,,,,unconfirmed,36359
NTT:7480201@2026,NTT,2026,7480201,Công nghệ thông tin,7480201,,,,unconfirmed,36365
NTT:7480201_CNST@2026,NTT,2026,7480201_CNST,Công nghệ thông tin - Chuẩn quốc tế (Công nghệ và Đổi mới sáng tạo),7480201,,,,unconfirmed,36371
NTT:7480201_QT@2026,NTT,2026,7480201_QT,Công nghệ thông tin (Kỹ thuật phần mềm)- Chuẩn quốc tế,7480201,,,,unconfirmed,36377
NTT:7510205@2026,NTT,2026,7510205,Công nghệ kỹ thuật ô tô,7510205,,,,unconfirmed,36383
NTT:7510205_QT@2026,NTT,2026,7510205_QT,Công nghệ kỹ thuật ô tô (Chuẩn quốc tế),7510205,,,,unconfirmed,36389
NTT:7510301@2026,NTT,2026,7510301,"Công nghệ kỹ thuật điện, điện tử",7510301,,,,unconfirmed,36395
NTT:7510401@2026,NTT,2026,7510401,Công nghệ kỹ thuật Hóa học,7510401,,,,unconfirmed,36401
NTT:7510605@2026,NTT,2026,7510605,Công nghệ Logistics và Quản lý chuỗi cung ứng,7510605,,,,unconfirmed,36407
NTT:7510605_CN@2026,NTT,2026,7510605_CN,Công nghệ Logistics,7510605,,,,unconfirmed,36413
NTT:7510605_QT@2026,NTT,2026,7510605_QT,Logistics và Quản lý chuỗi cung ứng (Chuẩn quốc tế),7510605,,,,unconfirmed,36419
NTT:7520103@2026,NTT,2026,7520103,Kỹ thuật cơ khí,7520103,,,,unconfirmed,36425
NTT:7520212@2026,NTT,2026,7520212,Kỹ thuật Y sinh,7520212,,,,unconfirmed,36431
NTT:7520403@2026,NTT,2026,7520403,Vật lý Y khoa,7520403,,,,unconfirmed,36437
NTT:7540101@2026,NTT,2026,7540101,Công nghệ thực phẩm,7540101,,,,unconfirmed,36443
NTT:7580101@2026,NTT,2026,7580101,Kiến trúc,7580101,,,,unconfirmed,36449
NTT:7580108@2026,NTT,2026,7580108,Thiết kế nội thất,7580108,,,,unconfirmed,36455
NTT:7580201@2026,NTT,2026,7580201,Kỹ thuật xây dựng,7580201,,,,unconfirmed,36461
NTT:7640101@2026,NTT,2026,7640101,Thú y,7640101,,,,unconfirmed,36467
NTT:7720101@2026,NTT,2026,7720101,Y khoa,7720101,,,,unconfirmed,36473
NTT:7720110@2026,NTT,2026,7720110,Y học dự phòng,7720110,,,,unconfirmed,36479
NTT:7720115@2026,NTT,2026,7720115,Y học cổ truyền,7720115,,,,unconfirmed,36485
NTT:7720201@2026,NTT,2026,7720201,Dược học,7720201,,,,unconfirmed,36491
NTT:7720203@2026,NTT,2026,7720203,Hóa dược,7720203,,,,unconfirmed,36497
NTT:7720301@2026,NTT,2026,7720301,Điều dưỡng,7720301,,,,unconfirmed,36503
NTT:7720501@2026,NTT,2026,7720501,Răng - Hàm - Mặt,7720501,,,,unconfirmed,36509
NTT:7720601@2026,NTT,2026,7720601,Kỹ thuật xét nghiệm y học,7720601,,,,unconfirmed,36515
NTT:7720603@2026,NTT,2026,7720603,Kỹ thuật Phục hồi chức năng,7720603,,,,unconfirmed,36521
NTT:7720802@2026,NTT,2026,7720802,Quản lý bệnh viện,7720802,,,,unconfirmed,36527
NTT:7810101@2026,NTT,2026,7810101,Du lịch,7810101,,,,unconfirmed,36533
NTU:7210403@2026,NTU,2026,7210403,Thiết kế đồ họa,7210403,,,40,unconfirmed,36545
NTU:7220209@2026,NTU,2026,7220209,Ngôn ngữ Nhật,7220209,,,100,unconfirmed,36551
NTU:7220210@2026,NTU,2026,7220210,Ngôn ngữ Hàn Quốc,7220210,,,150,unconfirmed,36557
NTU:7310601@2026,NTU,2026,7310601,Quốc tế học,7310601,,,182,unconfirmed,36563
NTU:7320108@2026,NTU,2026,7320108,Quan hệ công chúng,7320108,,,103,unconfirmed,36569
NTU:7340101@2026,NTU,2026,7340101,Quản trị kinh doanh,7340101,,,250,unconfirmed,36575
NTU:7340201@2026,NTU,2026,7340201,Tài chính - Ngân hàng,7340201,,,100,unconfirmed,36581
NTU:7340301@2026,NTU,2026,7340301,Kế toán,7340301,,,100,unconfirmed,36587
NTU:7480201@2026,NTU,2026,7480201,Công nghệ thông tin,7480201,,,150,unconfirmed,36593
NTU:7580101@2026,NTU,2026,7580101,Kiến trúc,7580101,,,50,unconfirmed,36599
NTU:7580108@2026,NTU,2026,7580108,Thiết kế nội thất,7580108,,,50,unconfirmed,36605
NVH:7210201@2026,NVH,2026,7210201,Âm nhạc học,7210201,,,,unconfirmed,36617
NVH:7210203@2026,NVH,2026,7210203,Sáng tác âm nhạc,7210203,,,,unconfirmed,36623
NVH:7210204@2026,NVH,2026,7210204,Chỉ huy âm nhạc,7210204,,,,unconfirmed,36629
NVH:7210205@2026,NVH,2026,7210205,Thanh nhạc,7210205,,,,unconfirmed,36635
NVH:7210207@2026,NVH,2026,7210207,Biểu diễn nhạc cụ phương Tây,7210207,,,,unconfirmed,36641
NVH:7210208@2026,NVH,2026,7210208,Piano,7210208,,,,unconfirmed,36647
NVH:7210209@2026,NVH,2026,7210209,Nhạc Jazz,7210209,,,,unconfirmed,36653
NVH:7210210@2026,NVH,2026,7210210,Biểu diễn nhạc cụ truyền thống,7210210,,,,unconfirmed,36659
NVS:7210201@2026,NVS,2026,7210201,Âm nhạc học,7210201,,,6,unconfirmed,36671
NVS:7210203@2026,NVS,2026,7210203,Sáng tác âm nhạc,7210203,,,9,unconfirmed,36677
NVS:7210204@2026,NVS,2026,7210204,Chỉ huy âm nhạc,7210204,,,7,unconfirmed,36683
NVS:7210205@2026,NVS,2026,7210205,Thanh nhạc,7210205,,,35,unconfirmed,36689
NVS:7210207@2026,NVS,2026,7210207,Biểu diễn nhạc cụ Phương tây,7210207,,,28,unconfirmed,36695
NVS:7210208@2026,NVS,2026,7210208,Piano,7210208,,,10,unconfirmed,36701
NVS:7210210@2026,NVS,2026,7210210,Biểu diễn nhạc cụ truyền thống,7210210,,,12,unconfirmed,36707
PBH:7860205_B@2026,PBH,2026,7860205_B,Chỉ huy tham mưu Pháo binh,7860205,,,239,unconfirmed,36718
PBH:7860205_N@2026,PBH,2026,7860205_N,Chỉ huy tham mưu Pháo binh,7860205,,,159,unconfirmed,36724
PCH:7860113@2026,PCH,2026,7860113,"Phòng cháy chữa cháy và cứu nạn, cứu hộ (Thí sinh Nam, miền Bắc)",7860113,,,,unconfirmed,36736
PCH:7860113~2@2026,PCH,2026,7860113,"Phòng cháy chữa cháy và cứu nạn, cứu hộ (Thí sinh Nữ, miền Bắc)",7860113,,,,unconfirmed,36742
PCS:7860113@2026,PCS,2026,7860113,"Phòng cháy chữa cháy và cứu nạn, cứu hộ (Thí sinh Nam, miền Nam)",7860113,,,,unconfirmed,36760
PCS:7860113~2@2026,PCS,2026,7860113,"Phòng cháy chữa cháy và cứu nạn, cứu hộ (Thí sinh Nữ, miền Nam)",7860113,,,,unconfirmed,36766
PKA:BIO1@2026,PKA,2026,BIO1,Công Nghệ Sinh Học,,,,30,unconfirmed,36784
PKA:BIO2@2026,PKA,2026,BIO2,Công Nghệ Mỹ Phẩm*,,,,100,unconfirmed,36789
PKA:BMS@2026,PKA,2026,BMS,Khoa Học Y Sinh,,,,30,unconfirmed,36794
PKA:CHE1@2026,PKA,2026,CHE1,Kỹ Thuật Hóa Học,,,,36,unconfirmed,36799
PKA:CHE2@2026,PKA,2026,CHE2,Công Nghệ Pin Xe Điện*,,,,100,unconfirmed,36804
PKA:DEN1@2026,PKA,2026,DEN1,Răng - Hàm - Mặt,,,,216,unconfirmed,36809
PKA:EEE-AI@2026,PKA,2026,EEE-AI,Kỹ Thuật Điều Khiển Và Tự Động Hóa (Robot Và Trí Tuệ Nhân Tạo),,,,80,unconfirmed,36814
PKA:EEE1@2026,PKA,2026,EEE1,Kỹ Thuật Điều Khiển Và Tự Động Hóa,,,,190,unconfirmed,36819
PKA:EEE2@2026,PKA,2026,EEE2,Kỹ Thuật Y Sinh (Điện Tử Y Sinh),,,,40,unconfirmed,36824
PKA:EEE3@2026,PKA,2026,EEE3,Kỹ Thuật Điện Tử - Viễn Thông (Hệ Thống Nhúng Thông Minh Và Iot),,,,70,unconfirmed,36829
PKA:EEE4@2026,PKA,2026,EEE4,Kỹ Thuật Điện Tử - Viễn Thông (Thiết Kế Vi Mạch Bán Dẫn),,,,140,unconfirmed,36834
PKA:FBE1@2026,PKA,2026,FBE1,Quản Trị Kinh Doanh,,,,880,unconfirmed,36839
PKA:FBE10@2026,PKA,2026,FBE10,Kinh Tế Và Quản Lý Đầu Tư*,,,,100,unconfirmed,36844
PKA:FBE11@2026,PKA,2026,FBE11,Kinh Doanh Quốc Tế (Chương Trình Học Bằng Tiếng Việt)*,,,,50,unconfirmed,36849
PKA:FBE12@2026,PKA,2026,FBE12,Kinh Doanh Thương Mại*,,,,100,unconfirmed,36854
PKA:FBE2@2026,PKA,2026,FBE2,Kế Toán,,,,300,unconfirmed,36859
PKA:FBE3@2026,PKA,2026,FBE3,Tài Chính - Ngân Hàng,,,,342,unconfirmed,36864
PKA:FBE4@2026,PKA,2026,FBE4,Quản Trị Nhân Lực,,,,232,unconfirmed,36869
PKA:FBE5@2026,PKA,2026,FBE5,Kiểm Toán,,,,40,unconfirmed,36874
PKA:FBE6@2026,PKA,2026,FBE6,Kinh Doanh Quốc Tế (Các Học Phần Chuyên Ngành Học Bằng Tiếng Anh),,,,70,unconfirmed,36879
PKA:FBE7@2026,PKA,2026,FBE7,Logistics Và Quản Lý Chuỗi Cung Ứng (Một Số Học Phần Chuyên Ngành Học Bằng Tiếng Anh),,,,150,unconfirmed,36884
PKA:FBE8@2026,PKA,2026,FBE8,Marketing (Một Số Học Phần Chuyên Ngành Học Bằng Tiếng Anh),,,,450,unconfirmed,36889
PKA:FIDT1@2026,PKA,2026,FIDT1,Kinh Tế Số,,,,96,unconfirmed,36894
PKA:FIDT10@2026,PKA,2026,FIDT10,Quan Hệ Công Chúng*,,,,200,unconfirmed,36899
PKA:FIDT2@2026,PKA,2026,FIDT2,Quản Trị Kinh Doanh (Kinh Doanh Số),,,,200,unconfirmed,36904
PKA:FIDT3@2026,PKA,2026,FIDT3,Thương Mại Điện Tử,,,,600,unconfirmed,36909
PKA:FIDT4@2026,PKA,2026,FIDT4,Logistics Và Quản Lý Chuỗi Cung Ứng (Logistics Số),,,,150,unconfirmed,36914
PKA:FIDT5@2026,PKA,2026,FIDT5,Marketing (Công Nghệ Marketing),,,,450,unconfirmed,36919
PKA:FIDT6@2026,PKA,2026,FIDT6,Truyền Thông Đa Phương Tiện,,,,700,unconfirmed,36924
PKA:FIDT7@2026,PKA,2026,FIDT7,Công Nghệ Tài Chính,,,,60,unconfirmed,36929
PKA:FIDT8@2026,PKA,2026,FIDT8,Hệ Thống Thông Tin Quản Lý*,,,,200,unconfirmed,36934
PKA:FIDT9@2026,PKA,2026,FIDT9,Kinh Tế Quốc Tế (Phân Tích Dữ Liệu Kinh Doanh)*,,,,100,unconfirmed,36939
PKA:FLC1@2026,PKA,2026,FLC1,Ngôn Ngữ Trung Quốc,,,,600,unconfirmed,36944
PKA:FLE1@2026,PKA,2026,FLE1,Ngôn Ngữ Anh,,,,570,unconfirmed,36949
PKA:FLF1@2026,PKA,2026,FLF1,Ngôn Ngữ Pháp,,,,60,unconfirmed,36954
PKA:FLJ1@2026,PKA,2026,FLJ1,Ngôn Ngữ Nhật,,,,100,unconfirmed,36959
PKA:FLK1@2026,PKA,2026,FLK1,Ngôn Ngữ Hàn Quốc,,,,300,unconfirmed,36964
PKA:FOL1@2026,PKA,2026,FOL1,Luật Kinh Tế,,,,450,unconfirmed,36969
PKA:FOL2@2026,PKA,2026,FOL2,Luật Kinh Doanh,,,,40,unconfirmed,36974
PKA:FOL3@2026,PKA,2026,FOL3,Luật,,,,160,unconfirmed,36979
PKA:FOL4@2026,PKA,2026,FOL4,Luật Quốc Tế,,,,35,unconfirmed,36984
PKA:FOL5@2026,PKA,2026,FOL5,Luật Thương Mại Quốc Tế,,,,36,unconfirmed,36989
PKA:FOL6@2026,PKA,2026,FOL6,Luật Hình Sự Và Tố Tùng Hình Sự,,,,150,unconfirmed,36994
PKA:FOS1@2026,PKA,2026,FOS1,Đông Phương Học,,,,258,unconfirmed,36999
PKA:FOS2@2026,PKA,2026,FOS2,Việt Nam Học*,,,,50,unconfirmed,37004
PKA:FTME@2026,PKA,2026,FTME,Y Học Cổ Truyền,,,,100,unconfirmed,37009
PKA:FTS1@2026,PKA,2026,FTS1,Du Lịch (Định Hướng Quản Trị Du Lịch),,,,463,unconfirmed,37014
PKA:FTS2@2026,PKA,2026,FTS2,Quản Trị Khách Sạn,,,,326,unconfirmed,37019
PKA:FTS3@2026,PKA,2026,FTS3,Kinh Doanh Du Lịch Số,,,,45,unconfirmed,37024
PKA:FTS4@2026,PKA,2026,FTS4,Hướng Dẫn Du Lịch Quốc Tế,,,,152,unconfirmed,37029
PKA:FTS5@2026,PKA,2026,FTS5,Quản Trị Dịch Vụ Du Lịch Và Lữ Hành,,,,100,unconfirmed,37034
PKA:FTS6@2026,PKA,2026,FTS6,Du Lịch Văn Hoá,,,,100,unconfirmed,37039
PKA:FTS7@2026,PKA,2026,FTS7,Quản Trị Nhà Hàng Và Dịch Vụ Ăn Uống,,,,100,unconfirmed,37044
PKA:HM1@2026,PKA,2026,HM1,Quản Lý Bệnh Viện,,,,30,unconfirmed,37049
PKA:ICT-VJ@2026,PKA,2026,ICT-VJ,Công Nghệ Thông Tin Việt Nhật,,,,80,unconfirmed,37054
PKA:ICT1@2026,PKA,2026,ICT1,Công Nghệ Thông Tin,,,,600,unconfirmed,37059
PKA:ICT2@2026,PKA,2026,ICT2,Kỹ Thuật Phần Mềm (Một Số Học Phần Chuyên Ngành Học Bằng Tiếng Anh),,,,40,unconfirmed,37064
PKA:ICT3@2026,PKA,2026,ICT3,Khoa Học Máy Tính (Trí Tuệ Nhân Tạo Và Khoa Học Dữ Liệu),,,,75,unconfirmed,37069
PKA:ICT4@2026,PKA,2026,ICT4,An Toàn Thông Tin (Một Số Học Phần Chuyên Ngành Học Bằng Tiếng Anh),,,,80,unconfirmed,37074
PKA:ICT5@2026,PKA,2026,ICT5,Trí Tuệ Nhân Tạo,,,,70,unconfirmed,37079
PKA:ICT6@2026,PKA,2026,ICT6,Khoa Học Dữ Liệu*,,,,150,unconfirmed,37084
PKA:ICT7@2026,PKA,2026,ICT7,Hệ Thống Thông Tin*,,,,120,unconfirmed,37089
PKA:ICT8@2026,PKA,2026,ICT8,An Ninh Mạng*,,,,100,unconfirmed,37094
PKA:ITC-TN@2026,PKA,2026,ITC-TN,Kỹ Thuật Phần Mềm (CTĐT Tài Năng Theo Đề Án Của Chính Phủ),,,,40,unconfirmed,37099
PKA:MAT01@2026,PKA,2026,MAT01,Toán Tin Ứng Dụng*,,,,60,unconfirmed,37104
PKA:MAT02@2026,PKA,2026,MAT02,Toán Ứng Dụng Trong Kinh Tế Và Logistics*,,,,60,unconfirmed,37109
PKA:MED1@2026,PKA,2026,MED1,Y Khoa,,,,200,unconfirmed,37114
PKA:MEM1@2026,PKA,2026,MEM1,Kỹ Thuật Cơ Điện Tử,,,,200,unconfirmed,37119
PKA:MEM1-IMS@2026,PKA,2026,MEM1-IMS,Kỹ Thuật Cơ Điện Tử (Hệ Thống Cơ Điện Tử Thông Minh),,,,40,unconfirmed,37124
PKA:MEM2@2026,PKA,2026,MEM2,Kỹ Thuật Cơ Khí,,,,180,unconfirmed,37129
PKA:MEM2-IMD@2026,PKA,2026,MEM2-IMD,Kỹ Thuật Cơ Khí (Thiết Kế Cơ Khí Thông Minh)*,,,,50,unconfirmed,37134
PKA:MIW@2026,PKA,2026,MIW,Hộ Sinh,,,,60,unconfirmed,37139
PKA:MSE-AI@2026,PKA,2026,MSE-AI,Vật Liệu Thông Minh Và Trí Tuệ Nhân Tạo,,,,30,unconfirmed,37144
PKA:MSE-IC@2026,PKA,2026,MSE-IC,Chip Bán Dẫn Và Công Nghệ Đóng Gói,,,,50,unconfirmed,37149
PKA:MSE-TN@2026,PKA,2026,MSE-TN,Khoa Học Và Công Nghệ Bán Dẫn (CTĐT Tài Năng Theo Đề Án Chính Phủ),,,,25,unconfirmed,37154
PKA:MSE1@2026,PKA,2026,MSE1,Vật Liệu Tiên Tiến Và Công Nghệ Nano,,,,128,unconfirmed,37159
PKA:MTT1@2026,PKA,2026,MTT1,Kỹ Thuật Xét Nghiệm Y Học,,,,60,unconfirmed,37164
PKA:NUR1@2026,PKA,2026,NUR1,Điều Dưỡng,,,,400,unconfirmed,37169
PKA:PAS1@2026,PKA,2026,PAS1,Vật Lý Thiên Văn Và Khoa Học Dữ Liệu Không Gian*,,,,20,unconfirmed,37174
PKA:PHA1@2026,PKA,2026,PHA1,Dược Học,,,,406,unconfirmed,37179
PKA:RET1@2026,PKA,2026,RET1,Kỹ Thuật Phục Hồi Chức Năng,,,,60,unconfirmed,37184
PKA:RTS1@2026,PKA,2026,RTS1,Kỹ Thuật Hình Ảnh Y Học,,,,100,unconfirmed,37189
PKA:VEE1@2026,PKA,2026,VEE1,Kỹ Thuật Ô Tô,,,,325,unconfirmed,37194
PKA:VEE2@2026,PKA,2026,VEE2,Cơ Điện Tử Ô Tô,,,,130,unconfirmed,37199
PKA:VEE3@2026,PKA,2026,VEE3,Kỹ Thuật Phần Mềm Ô Tô,,,,160,unconfirmed,37204
PKH:7860226@2026,PKH,2026,7860226,"Ngành Chỉ huy Tham mưu Phòng không, Không quân và Tác chiến điện tử (Thí sinh miền Bắc)",7860226,,,210,unconfirmed,37214
PKH:7860226~2@2026,PKH,2026,7860226,"Ngành Chỉ huy Tham mưu Phòng không, Không quân và Tác chiến điện tử (Thí sinh miền Nam)",7860226,,,140,unconfirmed,37220
PVU:7520301@2026,PVU,2026,7520301,Kỹ thuật Hóa học (Lọc-Hóa dầu),7520301,,,,unconfirmed,37232
PVU:7520301LK@2026,PVU,2026,7520301LK,Kỹ thuật Hóa học (Hệ liên kết),7520301,,,,unconfirmed,37238
PVU:7520501@2026,PVU,2026,7520501,Kỹ thuật Địa chất (Địa chất - Địa vật lý Dầu khí),7520501,,,,unconfirmed,37244
PVU:7520501LK@2026,PVU,2026,7520501LK,Khoa học trái đất/Địa chất Dầu khí (Hệ liên kết),7520501,,,,unconfirmed,37250
PVU:7520604@2026,PVU,2026,7520604,Kỹ thuật Dầu khí (Khoan-Khai thác Mỏ Dầu khí),7520604,,,,unconfirmed,37256
PVU:7520604LK@2026,PVU,2026,7520604LK,Kỹ thuật Dầu khí (Hệ liên kết),7520604,,,,unconfirmed,37262
QHD:BBNS@2026,QHD,2026,BBNS,Kinh doanh (Chuyên ngành kép: Marketing và Phân tích kinh doanh),,,,70,unconfirmed,37274
QHD:BNS@2026,QHD,2026,BNS,Quản trị An ninh phi truyền thống,,,,100,unconfirmed,37279
QHD:HAS@2026,QHD,2026,HAS,Quản trị dịch vụ khách hàng và Chăm sóc sức khỏe,,,,100,unconfirmed,37284
QHD:HAT@2026,QHD,2026,HAT,Quản trị nhân lực và nhân tài,,,,100,unconfirmed,37289
QHD:MAC@2026,QHD,2026,MAC,Marketing và truyền thông,,,,200,unconfirmed,37294
QHD:MAS@2026,QHD,2026,MAS,Quản trị và An ninh,,,,100,unconfirmed,37299
QHD:MET@2026,QHD,2026,MET,Quản trị doanh nghiệp và công nghệ,,,,100,unconfirmed,37304
QHE:7310101@2026,QHE,2026,7310101,Ngành Kinh tế,7310101,,,5,unconfirmed,37315
QHE:7310105@2026,QHE,2026,7310105,Ngành Kinh tế phát triển,7310105,,,5,unconfirmed,37321
QHE:7310106@2026,QHE,2026,7310106,Ngành Kinh tế quốc tế,7310106,,,5,unconfirmed,37327
QHE:7340101@2026,QHE,2026,7340101,Ngành Quản trị kinh doanh,7340101,,,5,unconfirmed,37333
QHE:7340101.68@2026,QHE,2026,7340101.68,Ngành Quản trị kinh doanh (do Đại học Troy cấp bằng),,,,150,unconfirmed,37339
QHE:7340101.98@2026,QHE,2026,7340101.98,Ngành Quản trị kinh doanh (do Đại học St.Francis cấp bằng),,,,350,unconfirmed,37344
QHE:7340201@2026,QHE,2026,7340201,Ngành Tài chính – Ngân hàng,7340201,,,5,unconfirmed,37349
QHE:7340301@2026,QHE,2026,7340301,Ngành Kế toán,7340301,,,5,unconfirmed,37355
QHF:7140231@2026,QHF,2026,7140231,Sư phạm tiếng Anh,7140231,,,150,unconfirmed,37366
QHF:7140234@2026,QHF,2026,7140234,Sư phạm tiếng Trung Quốc,7140234,,,25,unconfirmed,37372
QHF:7140235@2026,QHF,2026,7140235,Sư phạm tiếng Đức,7140235,,,25,unconfirmed,37378
QHF:7140236@2026,QHF,2026,7140236,Sư phạm tiếng Nhật,7140236,,,25,unconfirmed,37384
QHF:7140237@2026,QHF,2026,7140237,Sư phạm tiếng Hàn Quốc,7140237,,,25,unconfirmed,37390
QHF:7220101@2026,QHF,2026,7220101,Tiếng Việt và Văn hóa Việt Nam,7220101,,,50,unconfirmed,37396
QHF:7220201@2026,QHF,2026,7220201,Ngôn ngữ Anh,7220201,,,770,unconfirmed,37402
QHF:7220202@2026,QHF,2026,7220202,Ngôn ngữ Nga,7220202,,,70,unconfirmed,37408
QHF:7220203@2026,QHF,2026,7220203,Ngôn ngữ Pháp,7220203,,,150,unconfirmed,37414
QHF:7220204@2026,QHF,2026,7220204,Ngôn ngữ Trung Quốc,7220204,,,300,unconfirmed,37420
QHF:7220205@2026,QHF,2026,7220205,Ngôn ngữ Đức,7220205,,,120,unconfirmed,37426
QHF:7220209@2026,QHF,2026,7220209,Ngôn ngữ Nhật,7220209,,,300,unconfirmed,37432
QHF:7220210@2026,QHF,2026,7220210,Ngôn ngữ Hàn Quốc,7220210,,,280,unconfirmed,37438
QHF:7220211@2026,QHF,2026,7220211,Ngôn ngữ Ả Rập,7220211,,,60,unconfirmed,37444
QHF:7310403@2026,QHF,2026,7310403,Tâm lý học giáo dục,7310403,,,50,unconfirmed,37450
QHF:7320107@2026,QHF,2026,7320107,Văn hóa và truyền thông xuyên quốc gia,7320107,,,50,unconfirmed,37456
QHI:CN1@2026,QHI,2026,CN1,Công nghệ thông tin,,,,460,unconfirmed,37468
QHI:CN10@2026,QHI,2026,CN10,Công nghệ nông nghiệp,,,,60,unconfirmed,37473
QHI:CN11@2026,QHI,2026,CN11,Kỹ thuật điều khiển và tự động hoá,,,,140,unconfirmed,37478
QHI:CN12@2026,QHI,2026,CN12,Trí tuệ nhân tạo,,,,320,unconfirmed,37483
QHI:CN13@2026,QHI,2026,CN13,Kỹ thuật năng lượng,,,,60,unconfirmed,37488
QHI:CN14@2026,QHI,2026,CN14,Hệ thống thông tin,,,,240,unconfirmed,37493
QHI:CN15@2026,QHI,2026,CN15,Mạng máy tính và truyền thông dữ liệu,,,,120,unconfirmed,37498
QHI:CN17@2026,QHI,2026,CN17,Kỹ thuật Robot,,,,140,unconfirmed,37503
QHI:CN18@2026,QHI,2026,CN18,Thiết kế công nghiệp và Đồ họa,,,,240,unconfirmed,37508
QHI:CN19@2026,QHI,2026,CN19,Công nghệ vật liệu (CT Công nghệ vật liệu và Vi điện tử),,,,120,unconfirmed,37513
QHI:CN2@2026,QHI,2026,CN2,Kỹ thuật máy tính,,,,400,unconfirmed,37518
QHI:CN20@2026,QHI,2026,CN20,Khoa học dữ liệu (CT Khoa học và Kỹ thuật dữ liệu),,,,120,unconfirmed,37523
QHI:CN21@2026,QHI,2026,CN21,Công nghệ sinh học (CT Công nghệ kỹ thuật sinh học),,,,60,unconfirmed,37528
QHI:CN3@2026,QHI,2026,CN3,Vật lý kỹ thuật,,,,160,unconfirmed,37533
QHI:CN4@2026,QHI,2026,CN4,Cơ kỹ thuật,,,,60,unconfirmed,37538
QHI:CN5@2026,QHI,2026,CN5,Công nghệ kỹ thuật xây dựng,,,,160,unconfirmed,37543
QHI:CN6@2026,QHI,2026,CN6,Công nghệ kỹ thuật cơ - điện tử,,,,160,unconfirmed,37548
QHI:CN7@2026,QHI,2026,CN7,Công nghệ hàng không vũ trụ,,,,120,unconfirmed,37553
QHI:CN8@2026,QHI,2026,CN8,Khoa học máy tính,,,,400,unconfirmed,37558
QHI:CN9@2026,QHI,2026,CN9,Công nghệ kỹ thuật điện tử – viễn thông,,,,480,unconfirmed,37563
QHL:7380101@2026,QHL,2026,7380101,Luật,7380101,,,520,unconfirmed,37574
QHL:7380107@2026,QHL,2026,7380107,Luật Kinh tế (CTĐT Luật Kinh doanh),7380107,,,320,unconfirmed,37580
QHL:7380109@2026,QHL,2026,7380109,Luật Thương mại quốc tế,7380109,,,150,unconfirmed,37586
QHQ:QHQ01@2026,QHQ,2026,QHQ01,Kinh doanh quốc tế,,,,,unconfirmed,37598
QHQ:QHQ02@2026,QHQ,2026,QHQ02,"Kế toán, Phân tích và Kiểm toán",,,,,unconfirmed,37603
QHQ:QHQ03@2026,QHQ,2026,QHQ03,Hệ thống thông tin quản lý,,,,,unconfirmed,37608
QHQ:QHQ04@2026,QHQ,2026,QHQ04,Tin học và Kỹ thuật máy tính,,,,,unconfirmed,37613
QHQ:QHQ05@2026,QHQ,2026,QHQ05,Phân tích dữ liệu kinh doanh,,,,,unconfirmed,37618
QHQ:QHQ06@2026,QHQ,2026,QHQ06,Marketing (đồng cấp bằng),,,,,unconfirmed,37623
QHQ:QHQ07@2026,QHQ,2026,QHQ07,Quản lý (đồng cấp bằng),,,,,unconfirmed,37628
QHQ:QHQ08@2026,QHQ,2026,QHQ08,Tự động hóa và Tin học,,,,,unconfirmed,37633
QHQ:QHQ09@2026,QHQ,2026,QHQ09,Ngôn ngữ Anh,,,,,unconfirmed,37638
QHQ:QHQ10@2026,QHQ,2026,QHQ10,Công nghệ thông tin ứng dụng,,,,,unconfirmed,37643
QHQ:QHQ11@2026,QHQ,2026,QHQ11,Công nghệ tài chính và Kinh doanh số,,,,,unconfirmed,37648
QHQ:QHQ12@2026,QHQ,2026,QHQ12,Kỹ thuật hệ thống công nghiệp và Logistics,,,,,unconfirmed,37653
QHQ:QHQ13@2026,QHQ,2026,QHQ13,Kinh doanh số,,,,,unconfirmed,37658
QHQ:QHQ14@2026,QHQ,2026,QHQ14,Truyền thông số,,,,,unconfirmed,37663
QHQ:QHQ80@2026,QHQ,2026,QHQ80,"Quản lý(Liên kết quốc tế do ĐH Keuka, Hoa Kỳ cấp bằng)",,,,,unconfirmed,37668
QHS:QHS01@2026,QHS,2026,QHS01,Sư phạm Toán học,,,,120,unconfirmed,37676
QHS:QHS02@2026,QHS,2026,QHS02,Sư phạm Vật lí,,,,32,unconfirmed,37681
QHS:QHS03@2026,QHS,2026,QHS03,Sư phạm Hoá học,,,,36,unconfirmed,37686
QHS:QHS04@2026,QHS,2026,QHS04,Sư phạm Sinh học,,,,50,unconfirmed,37691
QHS:QHS05@2026,QHS,2026,QHS05,Sư phạm Khoa học Tự nhiên,,,,100,unconfirmed,37696
QHS:QHS06@2026,QHS,2026,QHS06,Sư phạm Ngữ văn,,,,150,unconfirmed,37701
QHS:QHS07@2026,QHS,2026,QHS07,Sư phạm Lịch sử,,,,45,unconfirmed,37706
QHS:QHS08@2026,QHS,2026,QHS08,Sư phạm Lịch sử - Địa lý,,,,85,unconfirmed,37711
QHS:QHS09@2026,QHS,2026,QHS09,Giáo dục Mầm non,,,,150,unconfirmed,37716
QHS:QHS10@2026,QHS,2026,QHS10,Giáo dục Tiểu học,,,,150,unconfirmed,37721
QHS:QHS11@2026,QHS,2026,QHS11,Khoa học giáo dục và khác,,,,550,unconfirmed,37726
QHS:QHS12@2026,QHS,2026,QHS12,Tâm lý học và tâm lý học giáo dục,,,,400,unconfirmed,37731
QHT:QHT01@2026,QHT,2026,QHT01,Toán học,,,,60,unconfirmed,37742
QHT:QHT02@2026,QHT,2026,QHT02,Toán tin,,,,60,unconfirmed,37747
QHT:QHT03@2026,QHT,2026,QHT03,Vật lý học,,,,130,unconfirmed,37752
QHT:QHT04@2026,QHT,2026,QHT04,Khoa học vật liệu,,,,100,unconfirmed,37757
QHT:QHT05@2026,QHT,2026,QHT05,Công nghệ kỹ thuật hạt nhân,,,,75,unconfirmed,37762
QHT:QHT06@2026,QHT,2026,QHT06,Hóa học,,,,160,unconfirmed,37767
QHT:QHT07@2026,QHT,2026,QHT07,Công nghệ kỹ thuật hóa học,,,,125,unconfirmed,37772
QHT:QHT08@2026,QHT,2026,QHT08,Sinh học,,,,120,unconfirmed,37777
QHT:QHT09@2026,QHT,2026,QHT09,Công nghệ sinh học,,,,190,unconfirmed,37782
QHT:QHT10@2026,QHT,2026,QHT10,Địa lý tự nhiên,,,,30,unconfirmed,37787
QHT:QHT12@2026,QHT,2026,QHT12,Quản lý đất đai,,,,90,unconfirmed,37792
QHT:QHT13@2026,QHT,2026,QHT13,Khoa học môi trường,,,,90,unconfirmed,37797
QHT:QHT15@2026,QHT,2026,QHT15,Công nghệ kỹ thuật môi trường,,,,80,unconfirmed,37802
QHT:QHT16@2026,QHT,2026,QHT16,Khí tượng và khí hậu học,,,,40,unconfirmed,37807
QHT:QHT17@2026,QHT,2026,QHT17,Hải dương học,,,,25,unconfirmed,37812
QHT:QHT18@2026,QHT,2026,QHT18,Địa chất học,,,,30,unconfirmed,37817
QHT:QHT20@2026,QHT,2026,QHT20,Quản lý tài nguyên và môi trường,,,,130,unconfirmed,37822
QHT:QHT43@2026,QHT,2026,QHT43,Hóa dược,,,,125,unconfirmed,37827
QHT:QHT81@2026,QHT,2026,QHT81,Sinh dược học,,,,60,unconfirmed,37832
QHT:QHT82@2026,QHT,2026,QHT82,"Môi trường, sức khỏe và an toàn",,,,50,unconfirmed,37837
QHT:QHT91@2026,QHT,2026,QHT91,Khoa học thông tin địa không gian,,,,30,unconfirmed,37842
QHT:QHT92@2026,QHT,2026,QHT92,Tài nguyên và môi trường nước,,,,25,unconfirmed,37847
QHT:QHT93@2026,QHT,2026,QHT93,Khoa học dữ liệu,,,,70,unconfirmed,37852
QHT:QHT94@2026,QHT,2026,QHT94,Kỹ thuật điện tử và tin học,,,,130,unconfirmed,37857
QHT:QHT95@2026,QHT,2026,QHT95,Quản lý phát triển đô thị và bất động sản,,,,90,unconfirmed,37862
QHT:QHT96@2026,QHT,2026,QHT96,Khoa học và công nghệ thực phẩm,,,,130,unconfirmed,37867
QHT:QHT98@2026,QHT,2026,QHT98,Khoa học máy tính và thông tin,,,,125,unconfirmed,37872
QHT:QHT99@2026,QHT,2026,QHT99,Công nghệ Bán dẫn (thuộc ngành Khoa học vật liệu),,,,140,unconfirmed,37877
QHX:QHX01@2026,QHX,2026,QHX01,Báo chí,,,,160,unconfirmed,37885
QHX:QHX02@2026,QHX,2026,QHX02,Chính trị học,,,,60,unconfirmed,37890
QHX:QHX03@2026,QHX,2026,QHX03,Công tác xã hội,,,,55,unconfirmed,37895
QHX:QHX04@2026,QHX,2026,QHX04,"Điện ảnh và nghệ thuật đại chúng (ngành Lý luận, lịch sử và phê bình điện ảnh, truyền hình) (dự kiến)",,,,50,unconfirmed,37900
QHX:QHX05@2026,QHX,2026,QHX05,Đông Nam Á học,,,,50,unconfirmed,37905
QHX:QHX06@2026,QHX,2026,QHX06,Đông phương học,,,,100,unconfirmed,37910
QHX:QHX07@2026,QHX,2026,QHX07,Hán Nôm,,,,30,unconfirmed,37915
QHX:QHX08@2026,QHX,2026,QHX08,Hàn Quốc học,,,,60,unconfirmed,37920
QHX:QHX09@2026,QHX,2026,QHX09,Khoa học quản lý,,,,120,unconfirmed,37925
QHX:QHX10@2026,QHX,2026,QHX10,Lịch sử,,,,80,unconfirmed,37930
QHX:QHX11@2026,QHX,2026,QHX11,Lưu trữ học,,,,50,unconfirmed,37935
QHX:QHX12@2026,QHX,2026,QHX12,Ngôn ngữ học,,,,80,unconfirmed,37940
QHX:QHX13@2026,QHX,2026,QHX13,Nhân học,,,,50,unconfirmed,37945
QHX:QHX14@2026,QHX,2026,QHX14,Nhật Bản học,,,,50,unconfirmed,37950
QHX:QHX15@2026,QHX,2026,QHX15,Quan hệ công chúng,,,,200,unconfirmed,37955
QHX:QHX16@2026,QHX,2026,QHX16,Quản lý thông tin,,,,110,unconfirmed,37960
QHX:QHX17@2026,QHX,2026,QHX17,Quản trị dịch vụ du lịch và lữ hành,,,,200,unconfirmed,37965
QHX:QHX18@2026,QHX,2026,QHX18,Quản trị khách sạn,,,,150,unconfirmed,37970
QHX:QHX19@2026,QHX,2026,QHX19,Quản trị văn phòng,,,,110,unconfirmed,37975
QHX:QHX20@2026,QHX,2026,QHX20,Quốc tế học,,,,180,unconfirmed,37980
QHX:QHX21@2026,QHX,2026,QHX21,Tâm lý học,,,,200,unconfirmed,37985
QHX:QHX22@2026,QHX,2026,QHX22,Thông tin - Thư viện,,,,50,unconfirmed,37990
QHX:QHX23@2026,QHX,2026,QHX23,Tôn giáo học,,,,50,unconfirmed,37995
QHX:QHX24@2026,QHX,2026,QHX24,Triết học,,,,50,unconfirmed,38000
QHX:QHX25@2026,QHX,2026,QHX25,Văn hóa học,,,,55,unconfirmed,38005
QHX:QHX26@2026,QHX,2026,QHX26,Văn học,,,,120,unconfirmed,38010
QHX:QHX27@2026,QHX,2026,QHX27,Việt Nam học,,,,60,unconfirmed,38015
QHX:QHX28@2026,QHX,2026,QHX28,Xã hội học,,,,70,unconfirmed,38020
QHX:QHX29@2026,QHX,2026,QHX29,Truyền thông đa phương tiện,,,,50,unconfirmed,38025
QHY:7720101@2026,QHY,2026,7720101,Y khoa,7720101,,,6,unconfirmed,38036
QHY:7720201@2026,QHY,2026,7720201,Dược học,7720201,,,4,unconfirmed,38042
QHY:7720301@2026,QHY,2026,7720301,Điều dưỡng,7720301,,,1,unconfirmed,38048
QHY:7720501@2026,QHY,2026,7720501,Răng Hàm Mặt,7720501,,,1,unconfirmed,38054
QHY:7720601@2026,QHY,2026,7720601,Kỹ thuật Xét nghiệm Y học,7720601,,,1,unconfirmed,38060
QHY:7720602@2026,QHY,2026,7720602,Kỹ thuật Hình ảnh Y học,7720602,,,1,unconfirmed,38066
QSB:106@2026,QSB,2026,106,Khoa học Máy tính,,,,,unconfirmed,38075
QSB:107@2026,QSB,2026,107,Kỹ thuật Máy tính,,,,,unconfirmed,38080
QSB:108@2026,QSB,2026,108,Điện - Điện tử - Viễn Thông - Tự động hoá - Thiết kế vi mạch,,,,,unconfirmed,38085
QSB:109@2026,QSB,2026,109,Kỹ Thuật Cơ khí,,,,,unconfirmed,38090
QSB:110@2026,QSB,2026,110,Kỹ Thuật Cơ Điện tử,,,,,unconfirmed,38095
QSB:112@2026,QSB,2026,112,Dệt - May,,,,,unconfirmed,38100
QSB:114@2026,QSB,2026,114,Hoá - Thực phẩm - Sinh học,,,,,unconfirmed,38105
QSB:115@2026,QSB,2026,115,Xây dựng và Quản lý Dự án Xây dựng,,,,,unconfirmed,38110
QSB:117@2026,QSB,2026,117,Kiến Trúc,,,,,unconfirmed,38115
QSB:123@2026,QSB,2026,123,Quản lý Công nghiệp,,,,,unconfirmed,38120
QSB:125@2026,QSB,2026,125,Tài nguyên và Môi trường,,,,,unconfirmed,38125
QSB:128@2026,QSB,2026,128,Logistics và Hệ thống Công nghiệp,,,,,unconfirmed,38130
QSB:129@2026,QSB,2026,129,Kỹ thuật Vật liệu,,,,,unconfirmed,38135
QSB:137@2026,QSB,2026,137,Vật lý Kỹ thuật,,,,,unconfirmed,38140
QSB:138@2026,QSB,2026,138,Cơ Kỹ thuật,,,,,unconfirmed,38145
QSB:140@2026,QSB,2026,140,Kỹ thuật Nhiệt,,,,,unconfirmed,38150
QSB:141@2026,QSB,2026,141,Bảo dưỡng Công nghiệp,,,,,unconfirmed,38155
QSB:142@2026,QSB,2026,142,Kỹ thuật Ô tô,,,,,unconfirmed,38160
QSB:145@2026,QSB,2026,145,(Song ngành) Tàu thủy - Hàng không,,,,,unconfirmed,38165
QSB:146@2026,QSB,2026,146,Khoa học Dữ liệu,,,,,unconfirmed,38170
QSB:147@2026,QSB,2026,147,Địa Kỹ thuật Xây dựng,,,,,unconfirmed,38175
QSB:148@2026,QSB,2026,148,Kinh tế Xây dựng,,,,,unconfirmed,38180
QSB:150@2026,QSB,2026,150,Kỹ thuật dầu khí (Ngành mới),,,,,unconfirmed,38185
QSB:151@2026,QSB,2026,151,Kỹ thuật Địa chất (Ngành mới),,,,,unconfirmed,38190
QSB:152@2026,QSB,2026,152,Kỹ thuật Đường sắt (Ngành mới),,,,,unconfirmed,38195
QSB:153@2026,QSB,2026,153,Quản trị Kinh doanh,,,,,unconfirmed,38200
QSB:155@2026,QSB,2026,155,Kinh tế Tuần hoàn (Ngành mới),,,,,unconfirmed,38205
QSB:156@2026,QSB,2026,156,Kỹ thuật Hạt nhân (Ngành mới),,,,,unconfirmed,38210
QSB:159@2026,QSB,2026,159,Kỹ thuật Bán dẫn (Ngành mới),,,,,unconfirmed,38215
QSB:208@2026,QSB,2026,208,Kỹ thuật Điện - Điện tử,,,,,unconfirmed,38220
QSB:206@2026,QSB,2026,206,Khoa học Máy tính,,,,,unconfirmed,38225
QSB:207@2026,QSB,2026,207,Kỹ thuật Máy tính,,,,,unconfirmed,38230
QSB:209@2026,QSB,2026,209,Kỹ thuật Cơ khí,,,,,unconfirmed,38235
QSB:210@2026,QSB,2026,210,Kỹ thuật Cơ Điện tử,,,,,unconfirmed,38240
QSB:211@2026,QSB,2026,211,Kỹ thuật Robot,,,,,unconfirmed,38245
QSB:214@2026,QSB,2026,214,Kỹ thuật Hóa học,,,,,unconfirmed,38250
QSB:215@2026,QSB,2026,215,Quản lý Dự án Xây dựng và Kỹ thuật Xây dựng,,,,,unconfirmed,38255
QSB:217@2026,QSB,2026,217,Kiến trúc Cảnh quan (Chuyên ngành của kiến trúc),,,,,unconfirmed,38260
QSB:218@2026,QSB,2026,218,Công nghệ Sinh học,,,,,unconfirmed,38265
QSB:219@2026,QSB,2026,219,Công nghệ Thực phẩm,,,,,unconfirmed,38270
QSB:220@2026,QSB,2026,220,Kỹ thuật Dầu khí,,,,,unconfirmed,38275
QSB:223@2026,QSB,2026,223,Quản lý Công nghiệp,,,,,unconfirmed,38280
QSB:225@2026,QSB,2026,225,Tài nguyên và Môi trường,,,,,unconfirmed,38285
QSB:228@2026,QSB,2026,228,Logistics và Hệ thống Công nghiệp,,,,,unconfirmed,38290
QSB:229@2026,QSB,2026,229,Kỹ thuật Vật liệu,,,,,unconfirmed,38295
QSB:237@2026,QSB,2026,237,Kỹ thuật Y sinh,,,,,unconfirmed,38300
QSB:242@2026,QSB,2026,242,Kỹ thuật Ô tô,,,,,unconfirmed,38305
QSB:245@2026,QSB,2026,245,Kỹ thuật Hàng không,,,,,unconfirmed,38310
QSB:251@2026,QSB,2026,251,Khoa học Dữ liệu,,,,,unconfirmed,38315
QSB:252@2026,QSB,2026,252,Kỹ thuật Đường sắt,,,,,unconfirmed,38320
QSB:253@2026,QSB,2026,253,Kinh doanh số,,,,,unconfirmed,38325
QSB:254@2026,QSB,2026,254,Công nghệ Sinh học số (Ngành mới),,,,,unconfirmed,38330
QSB:255@2026,QSB,2026,255,Kinh tế Tuần hoàn,,,,,unconfirmed,38335
QSB:256@2026,QSB,2026,256,Kỹ thuật Hạt nhân (Ngành mới),,,,,unconfirmed,38340
QSB:257@2026,QSB,2026,257,Năng lượng Tái tạo,,,,,unconfirmed,38345
QSB:258@2026,QSB,2026,258,Thiết kế Vi mạch,,,,,unconfirmed,38350
QSB:259@2026,QSB,2026,259,Kỹ thuật Bán dẫn (Ngành mới),,,,,unconfirmed,38355
QSB:266@2026,QSB,2026,266,Khoa học Máy tính,,,,,unconfirmed,38360
QSB:268@2026,QSB,2026,268,Cơ Kỹ thuật,,,,,unconfirmed,38365
QSB:108~2@2026,QSB,2026,108,Kỹ thuật Điện - Điện tử | Nhật Bản,,,,,unconfirmed,38370
QSB:306@2026,QSB,2026,306,"Khoa học Máy tính | Úc, New Zealand, Mỹ",,,,,unconfirmed,38375
QSB:307@2026,QSB,2026,307,"Kỹ thuật Máy tính | Úc, New Zealand",,,,,unconfirmed,38380
QSB:308@2026,QSB,2026,308,"Kỹ thuật Điện - Điện tử | Úc, Hàn Quốc",,,,,unconfirmed,38385
QSB:309@2026,QSB,2026,309,"Kỹ thuật Cơ khí | Mỹ, Úc",,,,,unconfirmed,38390
QSB:310@2026,QSB,2026,310,"Kỹ thuật Cơ Điện tử | Mỹ, Úc",,,,,unconfirmed,38395
QSB:314@2026,QSB,2026,314,Kỹ thuật Hóa học | Úc,,,,,unconfirmed,38400
QSB:315@2026,QSB,2026,315,Kỹ thuật Xây dựng | Úc,,,,,unconfirmed,38405
QSB:319@2026,QSB,2026,319,Công nghệ Thực phẩm | New Zealand,,,,,unconfirmed,38410
QSB:323@2026,QSB,2026,323,Quản lý Công nghiệp | Úc,,,,,unconfirmed,38415
QSB:325@2026,QSB,2026,325,"Kỹ thuật Môi trường, Quản lý Tài nguyên & Môi trường | Úc",,,,,unconfirmed,38420
QSB:342@2026,QSB,2026,342,Kỹ thuật Ô tô | Úc,,,,,unconfirmed,38425
QSB:345@2026,QSB,2026,345,Kỹ thuật Hàng không | Úc,,,,,unconfirmed,38430
QSB:406@2026,QSB,2026,406,Trí tuệ Nhân tạo | ĐH Công nghệ Sydney (Úc) cấp bằng,,,,,unconfirmed,38435
QSB:416@2026,QSB,2026,416,Công nghệ Thông tin | ĐH Công nghệ Sydney (Úc) cấp bằng,,,,,unconfirmed,38440
QSC:7320104@2026,QSC,2026,7320104,Truyền thông đa phương tiện,7320104,,,60,unconfirmed,38451
QSC:7340122@2026,QSC,2026,7340122,Thương mại điện tử,7340122,,,140,unconfirmed,38457
QSC:7460108@2026,QSC,2026,7460108,Khoa học dữ liệu,7460108,,,55,unconfirmed,38463
QSC:7460108TA@2026,QSC,2026,7460108TA,Khoa học dữ liệu (Chương trình đào tạo bằng Tiếng Anh),7460108,,,30,unconfirmed,38469
QSC:7480101@2026,QSC,2026,7480101,Khoa học Máy tính,7480101,,,280,unconfirmed,38475
QSC:7480101TA@2026,QSC,2026,7480101TA,Khoa học Máy tính (Chương trình đào tạo bằng Tiếng Anh),7480101,,,50,unconfirmed,38481
QSC:7480102@2026,QSC,2026,7480102,Mạng máy tính và truyền thông dữ liệu,7480102,,,200,unconfirmed,38487
QSC:7480103@2026,QSC,2026,7480103,Kỹ thuật phần mềm,7480103,,,240,unconfirmed,38493
QSC:7480103TA@2026,QSC,2026,7480103TA,Kỹ thuật phần mềm (Chương trình đào tạo bằng Tiếng Anh),7480103,,,50,unconfirmed,38499
QSC:7480104@2026,QSC,2026,7480104,Hệ thống thông tin,7480104,,,180,unconfirmed,38505
QSC:7480104TT@2026,QSC,2026,7480104TT,Hệ thống thông tin (Tiên tiến),7480104,,,80,unconfirmed,38511
QSC:7480106@2026,QSC,2026,7480106,Kỹ thuật máy tính,7480106,,,220,unconfirmed,38517
QSC:7480107@2026,QSC,2026,7480107,Trí tuệ nhân tạo,7480107,,,40,unconfirmed,38523
QSC:7480201@2026,QSC,2026,7480201,Công nghệ Thông tin,7480201,,,120,unconfirmed,38529
QSC:7480201VN@2026,QSC,2026,7480201VN,Công nghệ Thông tin (Việt Nhật),7480201,,,130,unconfirmed,38535
QSC:7480202@2026,QSC,2026,7480202,An toàn thông tin,7480202,,,170,unconfirmed,38541
QSC:7480202TA@2026,QSC,2026,7480202TA,An toàn thông tin (Chương trình đào tạo bằng Tiếng Anh),7480202,,,50,unconfirmed,38547
QSC:75202a1@2026,QSC,2026,75202a1,Thiết kế vi mạch,,,,70,unconfirmed,38553
QSC:75202a1TA@2026,QSC,2026,75202a1TA,Thiết kế vi mạch (Chương trình đào tạo bằng Tiếng Anh),,,,40,unconfirmed,38558
QSK:401@2026,QSK,2026,401,Kinh tế (Chuyên ngành Kinh tế học),,,,130,unconfirmed,38569
QSK:402@2026,QSK,2026,402,Kinh tế quốc tế (Chuyên ngành Kinh tế đối ngoại),,,,180,unconfirmed,38574
QSK:403@2026,QSK,2026,403,Kinh tế (Chuyên ngành Kinh tế và Quản lý công),,,,130,unconfirmed,38579
QSK:404@2026,QSK,2026,404,Tài chính - Ngân hàng,,,,110,unconfirmed,38584
QSK:404E@2026,QSK,2026,404E,Tài chính - Ngân hàng (Tiếng Anh),,,,40,unconfirmed,38589
QSK:405@2026,QSK,2026,405,Kế toán,,,,55,unconfirmed,38594
QSK:405E@2026,QSK,2026,405E,Kế toán (Tích hợp chứng chỉ quốc tế ICAEW - Tiếng Anh),,,,40,unconfirmed,38599
QSK:406@2026,QSK,2026,406,Hệ thống thông tin quản lý (Chuyên ngành Hệ thống thông tin quản lý),,,,65,unconfirmed,38604
QSK:406H@2026,QSK,2026,406H,Hệ thống thông tin quản lý (Chuyên ngành Hệ thống thông tin quản lý) (Chương trình Co-operative Education),,,,40,unconfirmed,38609
QSK:407@2026,QSK,2026,407,Quản trị kinh doanh (Chuyên ngành Quản trị kinh doanh),,,,120,unconfirmed,38614
QSK:407E@2026,QSK,2026,407E,Quản trị kinh doanh (Chuyên ngành Quản trị kinh doanh) (Tiếng Anh),,,,40,unconfirmed,38619
QSK:408@2026,QSK,2026,408,Kinh doanh quốc tế,,,,120,unconfirmed,38624
QSK:408E@2026,QSK,2026,408E,Kinh doanh quốc tế (Tiếng Anh),,,,80,unconfirmed,38629
QSK:409@2026,QSK,2026,409,Kiểm toán,,,,120,unconfirmed,38634
QSK:410@2026,QSK,2026,410,Marketing (Chuyên ngành Marketing),,,,60,unconfirmed,38639
QSK:410E@2026,QSK,2026,410E,Marketing (Chuyên ngành Marketing) (Tiếng Anh),,,,80,unconfirmed,38644
QSK:411@2026,QSK,2026,411,Thương mại điện tử,,,,65,unconfirmed,38649
QSK:411E@2026,QSK,2026,411E,Thương mại điện tử (Tiếng Anh),,,,40,unconfirmed,38654
QSK:413@2026,QSK,2026,413,"Toán kinh tế (Chuyên ngành Toán ứng dụng trong Kinh tế, Quản trị và Tài chính)",,,,65,unconfirmed,38659
QSK:413E@2026,QSK,2026,413E,"Toán kinh tế (Chuyên ngành Toán ứng dụng trong Kinh tế, Quản trị và Tài chính) (Tiếng Anh)",,,,40,unconfirmed,38664
QSK:414@2026,QSK,2026,414,Công nghệ tài chính,,,,60,unconfirmed,38669
QSK:414H@2026,QSK,2026,414H,Công nghệ tài chính (Chương trình Co-operative Education),,,,40,unconfirmed,38674
QSK:415@2026,QSK,2026,415,Quản trị kinh doanh (Chuyên ngành Quản trị du lịch và lữ hành),,,,60,unconfirmed,38679
QSK:416@2026,QSK,2026,416,Hệ thống thông tin quản lý (Chuyên ngành Kinh doanh số và Trí tuệ nhân tạo),,,,65,unconfirmed,38684
QSK:417@2026,QSK,2026,417,Marketing (Chuyên ngành Digital Marketing),,,,60,unconfirmed,38689
QSK:418@2026,QSK,2026,418,Quản lý công,,,,65,unconfirmed,38694
QSK:419@2026,QSK,2026,419,Toán kinh tế (Chuyên ngành Phân tích dữ liệu),,,,65,unconfirmed,38699
QSK:420@2026,QSK,2026,420,Kinh doanh quốc tế (Chuyên ngành Quản lý chuỗi cung ứng và Logistics quốc tế),,,,60,unconfirmed,38704
QSK:421@2026,QSK,2026,421,Kinh tế (Chuyên ngành Kinh tế số),,,,60,unconfirmed,38709
QSK:422@2026,QSK,2026,422,Kế toán (Chuyên ngành Kế toán và Phân tích dữ liệu),,,,55,unconfirmed,38714
QSK:501@2026,QSK,2026,501,Luật kinh tế (Chuyên ngành Luật Kinh doanh),,,,130,unconfirmed,38719
QSK:502@2026,QSK,2026,502,Luật kinh tế (Chuyên ngành Luật Thương mại quốc tế),,,,130,unconfirmed,38724
QSK:502E@2026,QSK,2026,502E,Luật kinh tế (Chuyên ngành Luật thương mại quốc tế) (Tiếng Anh),,,,85,unconfirmed,38729
QSK:503@2026,QSK,2026,503,Luật (Chuyên ngành Luật Dân sự),,,,125,unconfirmed,38734
QSK:503E@2026,QSK,2026,503E,Luật (Chuyên ngành Luật Dân sự) (Tiếng Anh),,,,30,unconfirmed,38739
QSK:504@2026,QSK,2026,504,Luật (Chuyên ngành Luật Tài chính - Ngân hàng),,,,125,unconfirmed,38744
QSK:505@2026,QSK,2026,505,Luật (Chuyên ngành Luật và Chính sách công),,,,60,unconfirmed,38749
QSK:506@2026,QSK,2026,506,Luật (Chuyên ngành Luật và Công nghệ),,,,60,unconfirmed,38754
QSQ:7220201@2026,QSQ,2026,7220201,Ngôn ngữ Anh,7220201,,,110,unconfirmed,38765
QSQ:7310101@2026,QSQ,2026,7310101,Kinh tế (Phân tích dữ liệu trong kinh tế),7310101,,,80,unconfirmed,38771
QSQ:7340101@2026,QSQ,2026,7340101,Quản trị kinh doanh,7340101,,,290,unconfirmed,38777
QSQ:7340115@2026,QSQ,2026,7340115,Marketing,7340115,,,140,unconfirmed,38783
QSQ:7340122@2026,QSQ,2026,7340122,Thương mại điện tử,7340122,,,50,unconfirmed,38789
QSQ:7340201@2026,QSQ,2026,7340201,Tài chính – Ngân hàng,7340201,,,170,unconfirmed,38795
QSQ:7340301@2026,QSQ,2026,7340301,Kế toán,7340301,,,60,unconfirmed,38801
QSQ:7420201@2026,QSQ,2026,7420201,Công nghệ sinh học,7420201,,,100,unconfirmed,38807
QSQ:7440112@2026,QSQ,2026,7440112,Hóa học (Hóa sinh),7440112,,,,unconfirmed,38813
QSQ:7460108@2026,QSQ,2026,7460108,Khoa học dữ liệu,7460108,,,50,unconfirmed,38819
QSQ:7460112@2026,QSQ,2026,7460112,Toán ứng dụng (Kỹ thuật Tài chính và Quản trị rủi ro),7460112,,,50,unconfirmed,38825
QSQ:7460201@2026,QSQ,2026,7460201,Thống kê (Thống kê ứng dụng),7460201,,,30,unconfirmed,38831
QSQ:7480101@2026,QSQ,2026,7480101,Khoa học máy tính,7480101,,,50,unconfirmed,38837
QSQ:7480201@2026,QSQ,2026,7480201,Công nghệ thông tin,7480201,,,50,unconfirmed,38843
QSQ:7510605@2026,QSQ,2026,7510605,Logistics và Quản lý chuỗi cung ứng,7510605,,,150,unconfirmed,38849
QSQ:7520118@2026,QSQ,2026,7520118,Kỹ thuật hệ thống công nghiệp,7520118,,,40,unconfirmed,38855
QSQ:7520121@2026,QSQ,2026,7520121,Kỹ thuật không gian (Phân tích và ứng dụng dữ liệu lớn),7520121,,,50,unconfirmed,38861
QSQ:7520207@2026,QSQ,2026,7520207,Kỹ thuật điện tử – viễn thông,7520207,,,80,unconfirmed,38867
QSQ:7520212@2026,QSQ,2026,7520212,Kỹ thuật y sinh,7520212,,,80,unconfirmed,38873
QSQ:7520216@2026,QSQ,2026,7520216,Kỹ thuật điều khiển và tự động hóa,7520216,,,90,unconfirmed,38879
QSQ:7520301@2026,QSQ,2026,7520301,Kỹ thuật hóa học,7520301,,,60,unconfirmed,38885
QSQ:7540101@2026,QSQ,2026,7540101,Công nghệ thực phẩm,7540101,,,40,unconfirmed,38891
QSQ:7580201@2026,QSQ,2026,7580201,Kỹ thuật xây dựng,7580201,,,40,unconfirmed,38897
QSQ:7580302@2026,QSQ,2026,7580302,Quản lý xây dựng,7580302,,,30,unconfirmed,38903
QSQ:7220201_WE3@2026,QSQ,2026,7220201_WE3,Ngôn ngữ Anh (CTLK với ĐH West of England) (3+1),7220201,,,20,unconfirmed,38909
QSQ:7220201_WE4@2026,QSQ,2026,7220201_WE4,Ngôn ngữ Anh (CTLK với ĐH West of England) (4+0),7220201,,,60,unconfirmed,38915
QSQ:7340101_AND@2026,QSQ,2026,7340101_AND,Quản trị kinh doanh (CTLK với ĐH Andrews) (4+0),7340101,,,30,unconfirmed,38921
QSQ:7340101_MQ@2026,QSQ,2026,7340101_MQ,"Quản trị kinh doanh (CTLK với ĐH Macquarie) (2+1;2+1,5)",7340101,,,20,unconfirmed,38927
QSQ:7340101_SY@2026,QSQ,2026,7340101_SY,Quản trị kinh doanh (CTLK với ĐH Sydney) (2+2),7340101,,,20,unconfirmed,38933
QSQ:7340101_WE@2026,QSQ,2026,7340101_WE,Quản trị kinh doanh (CTLK với ĐH West of England) (2+2),7340101,,,20,unconfirmed,38939
QSQ:7340101_WE4@2026,QSQ,2026,7340101_WE4,Quản trị kinh doanh (CTLK với ĐH West of England) (4+0),7340101,,,60,unconfirmed,38945
QSQ:7340201_MQ@2026,QSQ,2026,7340201_MQ,Tài chính (CTLK với ĐH Macquarie) (2+1),7340201,,,20,unconfirmed,38951
QSQ:7340301_MQ@2026,QSQ,2026,7340301_MQ,Kế toán (CTLK với ĐH Macquarie) (2+1),7340301,,,10,unconfirmed,38957
QSQ:7420201_WE2@2026,QSQ,2026,7420201_WE2,Công nghệ sinh học (CTLK với ĐH West of England) (2+2),7420201,,,20,unconfirmed,38963
QSQ:7420201_WE4@2026,QSQ,2026,7420201_WE4,Công nghệ sinh học định hướng Y Sinh (CTLK với ĐH West of England) (4+0),7420201,,,20,unconfirmed,38969
QSQ:7480201_DK@2026,QSQ,2026,7480201_DK,Công nghệ thông tin (CTLK với ĐH Deakin) (2+2),7480201,,,20,unconfirmed,38975
QSQ:7480201_MQ@2026,QSQ,2026,7480201_MQ,Công nghệ thông tin (CTLK với ĐH Macquarie) (2+1),7480201,,,20,unconfirmed,38981
QSQ:7480201_WE4@2026,QSQ,2026,7480201_WE4,Công nghệ thông tin (CTLK với ĐH West of England) (4+0),7480201,,,30,unconfirmed,38987
QST:7140103@2026,QST,2026,7140103,Công nghệ giáo dục,7140103,,,100,unconfirmed,38996
QST:7420101@2026,QST,2026,7420101,Sinh học,7420101,,,215,unconfirmed,39002
QST:7420101_KD@2026,QST,2026,7420101_KD,Sinh học (Chương trình tăng cường tiếng Anh),7420101,,,90,unconfirmed,39008
QST:7420201@2026,QST,2026,7420201,Công nghệ Sinh học,7420201,,,200,unconfirmed,39014
QST:7420201_KD@2026,QST,2026,7420201_KD,Công nghệ Sinh học (Chương trình tăng cường tiếng Anh),7420201,,,160,unconfirmed,39020
QST:7440102_KD@2026,QST,2026,7440102_KD,Vật lý học (Chương trình tăng cường tiếng Anh),7440102,,,140,unconfirmed,39026
QST:7440102_NN@2026,QST,2026,7440102_NN,"Nhóm ngành Vật lý học (CT: 150), Công nghệ Vật lý điện tử và tin học (CT: 70)",7440102,,,220,unconfirmed,39032
QST:7440107@2026,QST,2026,7440107,Công nghệ Vật lý điện tử và tin học (Chương trình tăng cường tiếng Anh) (dự kiến),7440107,,,60,unconfirmed,39038
QST:7440112@2026,QST,2026,7440112,Hoá học,7440112,,,230,unconfirmed,39044
QST:7440112_KD@2026,QST,2026,7440112_KD,Hóa học (Chương trình tăng cường tiếng Anh),7440112,,,150,unconfirmed,39050
QST:7440122@2026,QST,2026,7440122,Khoa học Vật liệu,7440122,,,150,unconfirmed,39056
QST:7440122_KD@2026,QST,2026,7440122_KD,Khoa học Vật liệu (Chương trình tăng cường tiếng Anh),7440122,,,80,unconfirmed,39062
QST:Công nghệ bán dẫn@2026,QST,2026,Công nghệ bán dẫn,Công nghệ bán dẫn,,,,70,unconfirmed,39068
QST:7440201_NN@2026,QST,2026,7440201_NN,"Nhóm ngành Địa chất học (CT: 40), Kinh tế đất đai (CT: 100)",7440201,,,140,unconfirmed,39073
QST:7440228@2026,QST,2026,7440228,Hải dương học,7440228,,,50,unconfirmed,39079
QST:7440228_KD@2026,QST,2026,7440228_KD,Hải dương học (Chương trình tăng cường tiếng Anh) (dự kiến),7440228,,,40,unconfirmed,39085
QST:7440301@2026,QST,2026,7440301,Khoa học Môi trường,7440301,,,125,unconfirmed,39091
QST:7440301_KD@2026,QST,2026,7440301_KD,Khoa học Môi trường (Chương trình tăng cường tiếng Anh),7440301,,,80,unconfirmed,39097
QST:7460101_NN@2026,QST,2026,7460101_NN,"Nhóm ngành Toán học (Toán học, Toán ứng dụng, Toán tin)",7460101,,,180,unconfirmed,39103
QST:7460108_KD@2026,QST,2026,7460108_KD,Khoa học dữ liệu (Chương trình tăng cường tiếng Anh) (dự kiến),7460108,,,60,unconfirmed,39109
QST:7460108_NN@2026,QST,2026,7460108_NN,"Nhóm ngành Khoa học dữ liệu (CT:40), Thống kê (CT:40)",7460108,,,80,unconfirmed,39115
QST:7460112_KD@2026,QST,2026,7460112_KD,Toán ứng dụng (Chương trình tăng cường tiếng Anh) (dự kiến),7460112,,,40,unconfirmed,39121
QST:7460117_KD@2026,QST,2026,7460117_KD,Toán tin (Chương trình tăng cường tiếng Anh) (dự kiến),7460117,,,40,unconfirmed,39127
QST:7480101_TT@2026,QST,2026,7480101_TT,Khoa học máy tính (Chương trình Tiên tiến),7480101,,,90,unconfirmed,39133
QST:7480107@2026,QST,2026,7480107,Trí tuệ nhân tạo,7480107,,,90,unconfirmed,39139
QST:7480201_KD@2026,QST,2026,7480201_KD,Công nghệ thông tin (Chương trình tăng cường tiếng Anh),7480201,,,530,unconfirmed,39145
QST:7480201_NN@2026,QST,2026,7480201_NN,"Nhóm ngành máy tính và Công nghệ thông tin (CNTT, Kỹ thuật phần mềm, Hệ thống thông tin, Khoa học máy tính)",7480201,,,490,unconfirmed,39151
QST:7510401_KD@2026,QST,2026,7510401_KD,Công nghệ kỹ thuật Hoá học (Chương trình tăng cường tiếng Anh),7510401,,,155,unconfirmed,39157
QST:7510402@2026,QST,2026,7510402,Công nghệ Vật liệu,7510402,,,180,unconfirmed,39163
QST:7510402_KD@2026,QST,2026,7510402_KD,Công nghệ Vật liệu (Chương trình tăng cường tiếng Anh) (dự kiến),7510402,,,60,unconfirmed,39169
QST:7510406@2026,QST,2026,7510406,Công nghệ Kỹ thuật Môi trường,7510406,,,125,unconfirmed,39175
QST:7520207@2026,QST,2026,7520207,Kỹ thuật điện tử – viễn thông,7520207,,,150,unconfirmed,39181
QST:7520207_KD@2026,QST,2026,7520207_KD,Kỹ thuật điện tử – viễn thông (Chương trình tăng cường tiếng Anh),7520207,,,120,unconfirmed,39187
QST:75202a1@2026,QST,2026,75202a1,Thiết kế vi mạch,,,,80,unconfirmed,39193
QST:7520402@2026,QST,2026,7520402,Kỹ thuật hạt nhân,7520402,,,60,unconfirmed,39198
QST:7520403@2026,QST,2026,7520403,Vật lý y khoa,7520403,,,40,unconfirmed,39204
QST:7520403_KD@2026,QST,2026,7520403_KD,Vật lý y khoa (chương trình tăng cường tiếng Anh) (dự kiến),7520403,,,40,unconfirmed,39210
QST:7520501@2026,QST,2026,7520501,Kỹ thuật địa chất,7520501,,,35,unconfirmed,39216
QST:7850101@2026,QST,2026,7850101,Quản lý tài nguyên và môi trường,7850101,,,110,unconfirmed,39222
QSX:7140101@2026,QSX,2026,7140101,Giáo dục học,7140101,,,,unconfirmed,39231
QSX:7140107@2026,QSX,2026,7140107,Quản trị chất lượng giáo dục,7140107,,,,unconfirmed,39237
QSX:7140114@2026,QSX,2026,7140114,Quản lý giáo dục,7140114,,,,unconfirmed,39243
QSX:7210213@2026,QSX,2026,7210213,Nghệ thuật học,7210213,,,,unconfirmed,39249
QSX:7220104@2026,QSX,2026,7220104,Hán Nôm,7220104,,,,unconfirmed,39255
QSX:7220201@2026,QSX,2026,7220201,Ngôn ngữ Anh,7220201,,,,unconfirmed,39261
QSX:7220201LK@2026,QSX,2026,7220201LK,Ngôn ngữ Anh_Liên kết 2+2,7220201,,,,unconfirmed,39267
QSX:7220201QT@2026,QSX,2026,7220201QT,Ngôn ngữ Anh_Chuẩn quốc tế,7220201,,,,unconfirmed,39273
QSX:7220202@2026,QSX,2026,7220202,Ngôn ngữ Nga,7220202,,,,unconfirmed,39279
QSX:7220203@2026,QSX,2026,7220203,Ngôn ngữ Pháp,7220203,,,,unconfirmed,39285
QSX:7220204@2026,QSX,2026,7220204,Ngôn ngữ Trung Quốc,7220204,,,,unconfirmed,39291
QSX:7220204LK@2026,QSX,2026,7220204LK,Ngôn ngữ Trung Quốc_Liên kết 2+2,7220204,,,,unconfirmed,39297
QSX:7220204QT@2026,QSX,2026,7220204QT,Ngôn ngữ Trung Quốc_Chuẩn quốc tế,7220204,,,,unconfirmed,39303
QSX:7220205@2026,QSX,2026,7220205,Ngôn ngữ Đức,7220205,,,,unconfirmed,39309
QSX:7220205QT@2026,QSX,2026,7220205QT,Ngôn ngữ Đức_Chuẩn quốc tế,7220205,,,,unconfirmed,39315
QSX:7220206@2026,QSX,2026,7220206,Ngôn ngữ Tây Ban Nha,7220206,,,,unconfirmed,39321
QSX:7220208@2026,QSX,2026,7220208,Ngôn ngữ Italia,7220208,,,,unconfirmed,39327
QSX:7229001@2026,QSX,2026,7229001,Triết học,7229001,,,,unconfirmed,39333
QSX:7229009@2026,QSX,2026,7229009,Tôn giáo học,7229009,,,,unconfirmed,39339
QSX:7229010@2026,QSX,2026,7229010,Lịch sử,7229010,,,,unconfirmed,39345
QSX:7229020@2026,QSX,2026,7229020,Ngôn ngữ học,7229020,,,,unconfirmed,39351
QSX:7229030@2026,QSX,2026,7229030,Văn học,7229030,,,,unconfirmed,39357
QSX:7229040@2026,QSX,2026,7229040,Văn hoá học,7229040,,,,unconfirmed,39363
QSX:7310206@2026,QSX,2026,7310206,Quan hệ quốc tế,7310206,,,,unconfirmed,39369
QSX:7310206LK@2026,QSX,2026,7310206LK,Quan hệ quốc tế_Liên kết 2+2,7310206,,,,unconfirmed,39375
QSX:7310206QT@2026,QSX,2026,7310206QT,Quan hệ quốc tế_Chuẩn quốc tế,7310206,,,,unconfirmed,39381
QSX:7310301@2026,QSX,2026,7310301,Xã hội học,7310301,,,,unconfirmed,39387
QSX:7310302@2026,QSX,2026,7310302,Nhân học,7310302,,,,unconfirmed,39393
QSX:7310401@2026,QSX,2026,7310401,Tâm lý học,7310401,,,,unconfirmed,39399
QSX:7310401QT@2026,QSX,2026,7310401QT,Tâm lý học_Chuẩn quốc tế,7310401,,,,unconfirmed,39405
QSX:7310403@2026,QSX,2026,7310403,Tâm lý học giáo dục,7310403,,,,unconfirmed,39411
QSX:7310501@2026,QSX,2026,7310501,Địa lý học,7310501,,,,unconfirmed,39417
QSX:7310601@2026,QSX,2026,7310601,Quốc tế học,7310601,,,,unconfirmed,39423
QSX:7310608@2026,QSX,2026,7310608,Đông phương học,7310608,,,,unconfirmed,39429
QSX:7310613@2026,QSX,2026,7310613,Nhật Bản học,7310613,,,,unconfirmed,39435
QSX:7310613QT@2026,QSX,2026,7310613QT,Nhật Bản học_Chuẩn quốc tế,7310613,,,,unconfirmed,39441
QSX:7310614@2026,QSX,2026,7310614,Hàn quốc học,7310614,,,,unconfirmed,39447
QSX:7310630@2026,QSX,2026,7310630,Việt Nam học,7310630,,,,unconfirmed,39453
QSX:73106a1@2026,QSX,2026,73106a1,Kinh doanh thương mại Hàn Quốc,,,,,unconfirmed,39459
QSX:7320101@2026,QSX,2026,7320101,Báo chí,7320101,,,,unconfirmed,39464
QSX:7320101LK@2026,QSX,2026,7320101LK,Truyền thông chuyên ngành báo chí_Liên kết 2+2,7320101,,,,unconfirmed,39470
QSX:7320101QT@2026,QSX,2026,7320101QT,Báo chí_Chuẩn quốc tế,7320101,,,,unconfirmed,39476
QSX:7320104@2026,QSX,2026,7320104,Truyền thông đa phương tiện,7320104,,,,unconfirmed,39482
QSX:7320108@2026,QSX,2026,7320108,Quan hệ công chúng,7320108,,,,unconfirmed,39488
QSX:7320201@2026,QSX,2026,7320201,Thông tin - thư viện,7320201,,,,unconfirmed,39494
QSX:7320205@2026,QSX,2026,7320205,Quản lý thông tin,7320205,,,,unconfirmed,39500
QSX:7320303@2026,QSX,2026,7320303,Lưu trữ học,7320303,,,,unconfirmed,39506
QSX:7340404@2026,QSX,2026,7340404,Quản trị nhân lực,7340404,,,,unconfirmed,39512
QSX:7340406@2026,QSX,2026,7340406,Quản trị văn phòng,7340406,,,,unconfirmed,39518
QSX:7580109@2026,QSX,2026,7580109,Quản lý phát triển đô thị và bất động sản,7580109,,,,unconfirmed,39524
QSX:7580112@2026,QSX,2026,7580112,Đô thị học,7580112,,,,unconfirmed,39530
QSX:7760101@2026,QSX,2026,7760101,Công tác xã hội,7760101,,,,unconfirmed,39536
QSX:7810103@2026,QSX,2026,7810103,Quản trị dịch vụ du lịch và lữ hành,7810103,,,,unconfirmed,39542
QSX:7810103QT@2026,QSX,2026,7810103QT,Quản trị dịch vụ du lịch và lữ hành_Chuẩn quốc tế,7810103,,,,unconfirmed,39548
QSY:7720101@2026,QSY,2026,7720101,Y khoa,7720101,,,350,unconfirmed,39560
QSY:7720101DH@2026,QSY,2026,7720101DH,Y khoa (đặt hàng),7720101,,,110,unconfirmed,39566
QSY:7720115@2026,QSY,2026,7720115,Y học cổ truyền,7720115,,,120,unconfirmed,39572
QSY:7720201@2026,QSY,2026,7720201,Dược học,7720201,,,180,unconfirmed,39578
QSY:7720301@2026,QSY,2026,7720301,Điều dưỡng,7720301,,,150,unconfirmed,39584
QSY:7720501@2026,QSY,2026,7720501,Răng - Hàm - Mặt,7720501,,,150,unconfirmed,39590
SDU:7140234@2026,SDU,2026,7140234,Sư phạm Tiếng Trung Quốc,7140234,,,,unconfirmed,39602
SDU:7140246@2026,SDU,2026,7140246,Sư phạm công nghệ,7140246,,,,unconfirmed,39608
SDU:7220201@2026,SDU,2026,7220201,Ngôn ngữ Anh,7220201,,,,unconfirmed,39614
SDU:7220204@2026,SDU,2026,7220204,Ngôn ngữ Trung Quốc,7220204,,,,unconfirmed,39620
SDU:7310109@2026,SDU,2026,7310109,Kinh tế số,7310109,,,,unconfirmed,39626
SDU:7340101@2026,SDU,2026,7340101,Quản trị kinh doanh,7340101,,,,unconfirmed,39632
SDU:7340122@2026,SDU,2026,7340122,Thương mại điện tử,7340122,,,,unconfirmed,39638
SDU:7340201@2026,SDU,2026,7340201,Tài chính - Ngân hàng,7340201,,,,unconfirmed,39644
SDU:7340301@2026,SDU,2026,7340301,Kế toán,7340301,,,,unconfirmed,39650
SDU:7380101@2026,SDU,2026,7380101,Luật,7380101,,,,unconfirmed,39656
SDU:7460112@2026,SDU,2026,7460112,Toán ứng dụng,7460112,,,,unconfirmed,39662
SDU:7480107@2026,SDU,2026,7480107,Trí tuệ nhân tạo,7480107,,,,unconfirmed,39668
SDU:7480201@2026,SDU,2026,7480201,Công nghệ thông tin,7480201,,,,unconfirmed,39674
SDU:7510201@2026,SDU,2026,7510201,Công nghệ kỹ thuật cơ khí,7510201,,,,unconfirmed,39680
SDU:7510205@2026,SDU,2026,7510205,Công nghệ kỹ thuật ô tô,7510205,,,,unconfirmed,39686
SDU:7510301@2026,SDU,2026,7510301,"Công nghệ kỹ thuật điện, điện tử",7510301,,,,unconfirmed,39692
SDU:7510605@2026,SDU,2026,7510605,Logistics và quản lý chuỗi cung ứng,7510605,,,,unconfirmed,39698
SDU:7520114@2026,SDU,2026,7520114,Kỹ thuật cơ điện tử,7520114,,,,unconfirmed,39704
SDU:7520216@2026,SDU,2026,7520216,Kỹ thuật điều khiển và tự động hóa,7520216,,,,unconfirmed,39710
SDU:7540204@2026,SDU,2026,7540204,"Công nghệ dệt, may",7540204,,,,unconfirmed,39716
SDU:7810103@2026,SDU,2026,7810103,Quản trị dịch vụ du lịch và lữ hành,7810103,,,,unconfirmed,39722
SGD:7140114@2026,SGD,2026,7140114,Quản lý giáo dục,7140114,,,40,unconfirmed,39734
SGD:7140201@2026,SGD,2026,7140201,Giáo dục mầm non,7140201,,,200,unconfirmed,39740
SGD:7140202@2026,SGD,2026,7140202,Giáo dục Tiểu học,7140202,,,200,unconfirmed,39746
SGD:7140205@2026,SGD,2026,7140205,Giáo dục chính trị,7140205,,,15,unconfirmed,39752
SGD:7140209@2026,SGD,2026,7140209,Sư phạm Toán học,7140209,,,70,unconfirmed,39758
SGD:7140211@2026,SGD,2026,7140211,Sư phạm Vật lý,7140211,,,30,unconfirmed,39764
SGD:7140212@2026,SGD,2026,7140212,Sư phạm Hóa học,7140212,,,30,unconfirmed,39770
SGD:7140213@2026,SGD,2026,7140213,Sư phạm Sinh học,7140213,,,24,unconfirmed,39776
SGD:7140217@2026,SGD,2026,7140217,Sư phạm Ngữ văn,7140217,,,57,unconfirmed,39782
SGD:7140218@2026,SGD,2026,7140218,Sư phạm Lịch sử,7140218,,,23,unconfirmed,39788
SGD:7140219@2026,SGD,2026,7140219,Sư phạm Địa lý,7140219,,,20,unconfirmed,39794
SGD:7140221@2026,SGD,2026,7140221,Sư phạm Âm nhạc,7140221,,,100,unconfirmed,39800
SGD:7140222@2026,SGD,2026,7140222,Sư phạm Mỹ thuật,7140222,,,100,unconfirmed,39806
SGD:7140231@2026,SGD,2026,7140231,Sư phạm Tiếng Anh,7140231,,,150,unconfirmed,39812
SGD:7140247@2026,SGD,2026,7140247,Sư phạm Khoa học tự nhiên (đào tạo giáo viên THCS),7140247,,,44,unconfirmed,39818
SGD:7140249@2026,SGD,2026,7140249,Sư phạm Lịch sử - Địa lý (đào tạo giáo viên THCS),7140249,,,60,unconfirmed,39824
SGD:7220201@2026,SGD,2026,7220201,Ngôn ngữ Anh,7220201,,,260,unconfirmed,39830
SGD:7220201C@2026,SGD,2026,7220201C,Ngôn ngữ Anh (Chương trình đào tạo chất lượng cao),7220201,,,100,unconfirmed,39836
SGD:7229010@2026,SGD,2026,7229010,Lịch sử,7229010,,,30,unconfirmed,39842
SGD:7310401@2026,SGD,2026,7310401,Tâm lý học,7310401,,,100,unconfirmed,39848
SGD:7310501@2026,SGD,2026,7310501,Địa lý học,7310501,,,30,unconfirmed,39854
SGD:7310601@2026,SGD,2026,7310601,Quốc tế học,7310601,,,80,unconfirmed,39860
SGD:7310630@2026,SGD,2026,7310630,Việt Nam học,7310630,,,140,unconfirmed,39866
SGD:7320201@2026,SGD,2026,7320201,Thông tin - Thư viện,7320201,,,30,unconfirmed,39872
SGD:7340101@2026,SGD,2026,7340101,Quân trị kinh doanh,7340101,,,350,unconfirmed,39878
SGD:7340101C@2026,SGD,2026,7340101C,Quản trị kinh doanh (Chương trình đào tạo chất lưọng cao),7340101,,,150,unconfirmed,39884
SGD:7340120@2026,SGD,2026,7340120,Kinh doanh quốc tế,7340120,,,200,unconfirmed,39890
SGD:7340201@2026,SGD,2026,7340201,Tài chính - Ngân hàng,7340201,,,500,unconfirmed,39896
SGD:7340301@2026,SGD,2026,7340301,Kế toán,7340301,,,310,unconfirmed,39902
SGD:7340301C@2026,SGD,2026,7340301C,Kế toán (Chương trình đào tạo chất lượng cao),7340301,,,100,unconfirmed,39908
SGD:7340302@2026,SGD,2026,7340302,Kiểm toán,7340302,,,80,unconfirmed,39914
SGD:7340406@2026,SGD,2026,7340406,Quản trị văn phòng,7340406,,,70,unconfirmed,39920
SGD:7380101@2026,SGD,2026,7380101,Luật,7380101,,,210,unconfirmed,39926
SGD:7440301@2026,SGD,2026,7440301,Khoa học môi trường,7440301,,,30,unconfirmed,39932
SGD:7460108@2026,SGD,2026,7460108,Khoa học dữ liệu,7460108,,,80,unconfirmed,39938
SGD:7460112@2026,SGD,2026,7460112,Toán ứng dụng,7460112,,,90,unconfirmed,39944
SGD:7480103@2026,SGD,2026,7480103,Kỹ thuật phần mềm,7480103,,,110,unconfirmed,39950
SGD:7480107@2026,SGD,2026,7480107,Tri tuệ nhân tạo,7480107,,,80,unconfirmed,39956
SGD:7480201@2026,SGD,2026,7480201,Công nghệ thông tin,7480201,,,400,unconfirmed,39962
SGD:7480201C@2026,SGD,2026,7480201C,Công nghệ thông tin (Chương trình đào tạo chất lượng cao),7480201,,,350,unconfirmed,39968
SGD:7510301@2026,SGD,2026,7510301,"Công nghệ kỹ thuật điện, điện tử",7510301,,,45,unconfirmed,39974
SGD:7510302@2026,SGD,2026,7510302,Công nghệ kỹ thuật điện tử - viễn thông,7510302,,,45,unconfirmed,39980
SGD:7510406@2026,SGD,2026,7510406,Công nghệ kỹ thuật môi trường,7510406,,,30,unconfirmed,39986
SGD:7520201@2026,SGD,2026,7520201,Kỹ thuật điện,7520201,,,30,unconfirmed,39992
SGD:7520207@2026,SGD,2026,7520207,Kỹ thuật điện từ - viễn thông (Thiết kế vi mạch),7520207,,,90,unconfirmed,39998
SGD:7810101@2026,SGD,2026,7810101,Du lịch,7810101,,,120,unconfirmed,40004
SGD:7810202@2026,SGD,2026,7810202,Quản trị nhà hàng và dịch vụ ăn uống,7810202,,,60,unconfirmed,40010
SIU:7140103@2026,SIU,2026,7140103,Công nghệ giáo dục,7140103,,,,unconfirmed,40022
SIU:7220201@2026,SIU,2026,7220201,Ngôn ngữ Anh,7220201,,,,unconfirmed,40028
SIU:7310401@2026,SIU,2026,7310401,Tâm lý học,7310401,,,,unconfirmed,40034
SIU:7310608@2026,SIU,2026,7310608,Đông phương học,7310608,,,,unconfirmed,40040
SIU:7320104@2026,SIU,2026,7320104,Truyền thông đa phương tiện,7320104,,,,unconfirmed,40046
SIU:7320108@2026,SIU,2026,7320108,Quan hệ công chúng,7320108,,,,unconfirmed,40052
SIU:7340101@2026,SIU,2026,7340101,Quản trị kinh doanh,7340101,,,,unconfirmed,40058
SIU:7340122@2026,SIU,2026,7340122,Thương mại điện tử,7340122,,,,unconfirmed,40064
SIU:7340301@2026,SIU,2026,7340301,Kế toán,7340301,,,,unconfirmed,40070
SIU:7380107@2026,SIU,2026,7380107,Luật kinh tế,7380107,,,,unconfirmed,40076
SIU:7480101@2026,SIU,2026,7480101,Khoa học máy tính,7480101,,,,unconfirmed,40082
SIU:7480201@2026,SIU,2026,7480201,Công nghệ thông tin,7480201,,,,unconfirmed,40088
SIU:7510605@2026,SIU,2026,7510605,Logistics và Quản lý chuỗi cung ứng,7510605,,,,unconfirmed,40094
SIU:7810201@2026,SIU,2026,7810201,Quản trị khách sạn,7810201,,,,unconfirmed,40100
SKD:7210226A@2026,SKD,2026,7210226A,Diễn viên cải lương,7210226,,,8,unconfirmed,40112
SKD:7210226B@2026,SKD,2026,7210226B,Diễn viên cải chèo,7210226,,,12,unconfirmed,40118
SKD:7210226C@2026,SKD,2026,7210226C,Diễn viên rối,7210226,,,8,unconfirmed,40124
SKD:7210226E@2026,SKD,2026,7210226E,Nhạc công kịch hát dân tộc,7210226,,,9,unconfirmed,40130
SKD:7210227A@2026,SKD,2026,7210227A,"Đạo diễn âm thanh, ánh sáng sân khấu",7210227,,,12,unconfirmed,40136
SKD:7210227B@2026,SKD,2026,7210227B,Đạo diễn sự kiện lễ hội,7210227,,,20,unconfirmed,40142
SKD:7210233A@2026,SKD,2026,7210233A,Biên kịch điện ảnh,7210233,,,16,unconfirmed,40148
SKD:7210233B@2026,SKD,2026,7210233B,Biên tập truyền hình,7210233,,,22,unconfirmed,40154
SKD:7210234@2026,SKD,2026,7210234,"Diễn viên kịch, điện ảnh – truyền hình",7210234,,,45,unconfirmed,40160
SKD:7210234A@2026,SKD,2026,7210234A,Diễn viên nhạc kịch,7210234,,,15,unconfirmed,40166
SKD:7210235A@2026,SKD,2026,7210235A,Đạo diễn điện ảnh,7210235,,,18,unconfirmed,40172
SKD:7210235B@2026,SKD,2026,7210235B,Đạo diễn truyền hình,7210235,,,15,unconfirmed,40178
SKD:7210235C@2026,SKD,2026,7210235C,"Đạo diễn, dựng phim",7210235,,,15,unconfirmed,40184
SKD:7210236A@2026,SKD,2026,7210236A,Quay phim điện ảnh,7210236,,,22,unconfirmed,40190
SKD:7210236B@2026,SKD,2026,7210236B,Quay phim truyền hình,7210236,,,16,unconfirmed,40196
SKD:7210243@2026,SKD,2026,7210243,Biên đạo múa,7210243,,,10,unconfirmed,40202
SKD:7210243A@2026,SKD,2026,7210243A,Biên đạo múa đại,7210243,,,34,unconfirmed,40208
SKD:7210244@2026,SKD,2026,7210244,Huấn luyện viên múa,7210244,,,10,unconfirmed,40214
SKD:7210301A@2026,SKD,2026,7210301A,Nhiếp ảnh nghệ thuật,7210301,,,27,unconfirmed,40220
SKD:7210301B@2026,SKD,2026,7210301B,Nhiếp ảnh báo chí,7210301,,,15,unconfirmed,40226
SKD:7210301C@2026,SKD,2026,7210301C,Nhiếp ảnh truyền thông,7210301,,,20,unconfirmed,40232
SKD:7210302A@2026,SKD,2026,7210302A,Công nghệ dựng phim,7210302,,,23,unconfirmed,40238
SKD:7210302B@2026,SKD,2026,7210302B,Âm thanh điện ảnh – truyền hình,7210302,,,10,unconfirmed,40244
SKD:7210406A@2026,SKD,2026,7210406A,Thiết kế mỹ thuật sân khấu,7210406,,,10,unconfirmed,40250
SKD:7210406B@2026,SKD,2026,7210406B,Thiết kế mỹ thuật điện ảnh,7210406,,,10,unconfirmed,40256
SKD:7210406C@2026,SKD,2026,7210406C,Thiết kế mỹ thuật hoạt hình,7210406,,,15,unconfirmed,40262
SKD:7210406D@2026,SKD,2026,7210406D,Thiết kế trang phục nghệ thuật,7210406,,,10,unconfirmed,40268
SKD:7210406E@2026,SKD,2026,7210406E,Thiết kế đồ họa ký xảo,7210406,,,22,unconfirmed,40274
SKD:7210406F@2026,SKD,2026,7210406F,Nghệ thuật hóa trang,7210406,,,25,unconfirmed,40280
SKH:7140103@2026,SKH,2026,7140103,Công nghệ giáo dục,7140103,,,30,unconfirmed,40292
SKH:7140231@2026,SKH,2026,7140231,Sư phạm Tiếng Anh,7140231,,,40,unconfirmed,40298
SKH:7140246@2026,SKH,2026,7140246,Sư phạm công nghệ,7140246,,,30,unconfirmed,40304
SKH:7220201@2026,SKH,2026,7220201,Ngôn ngữ Anh (04 chuyên ngành: Ngôn ngữ và Văn hóa; Tiếng Anh Thương mại; Song ngữ Anh – Trung; Phương pháp giảng dạy tiếng Anh),7220201,,,160,unconfirmed,40310
SKH:7220204@2026,SKH,2026,7220204,Ngôn ngữ Trung Quốc,7220204,,,90,unconfirmed,40316
SKH:7310101@2026,SKH,2026,7310101,Kinh tế (02 chuyên ngành: Kinh tế đầu tư; Logistics và Quản lý chuỗi cung ứng),7310101,,,70,unconfirmed,40322
SKH:7340101@2026,SKH,2026,7340101,Quản trị kinh doanh (03 chuyên ngành: Quản trị kinh doanh công nghiệp; Marketing; Thương mại điện tử),7340101,,,200,unconfirmed,40328
SKH:7340123@2026,SKH,2026,7340123,Kinh doanh thời trang và dệt may (02 chuyên ngành: Quản lý đơn hàng dệt may (Merchandising); Quản lý chuỗi cung ứng và bán lẻ thời trang),7340123,,,50,unconfirmed,40334
SKH:7340301@2026,SKH,2026,7340301,Kế toán (02 chuyên ngành: Kế toán doanh nghiệp; Kiểm toán),7340301,,,180,unconfirmed,40340
SKH:7340404@2026,SKH,2026,7340404,Quản trị nhân lực (02 chuyên ngành: Quản trị nhân lực số; Quản trị nhân lực quốc tế),7340404,,,20,unconfirmed,40346
SKH:7480101@2026,SKH,2026,7480101,Khoa học máy tính (03 chuyên ngành: Trí tuệ nhân tạo và Khoa học dữ liệu; Trí tuệ nhân tạo và Xử lý ngôn ngữ tự nhiên; Trí tuệ nhân tạo và Nhận dạng hình ảnh),7480101,,,90,unconfirmed,40352
SKH:7480103@2026,SKH,2026,7480103,Kỹ thuật phần mềm (02 chuyên ngành: Phát triển ứng dụng phần mềm; Kiểm thử và đảm bảo chất lượng phần mềm),7480103,,,160,unconfirmed,40358
SKH:7480107@2026,SKH,2026,7480107,Trí tuệ nhân tạo (02 chuyên ngành: Trí tuệ nhân tạo và ứng dụng; Trí tuệ nhân tạo và các hệ thống thông minh).,7480107,,,20,unconfirmed,40364
SKH:7480201@2026,SKH,2026,7480201,Công nghệ thông tin (02 chuyên ngành: An toàn thông tin; Đồ họa đa phương tiện),7480201,,,160,unconfirmed,40370
SKH:7510201@2026,SKH,2026,7510201,Công nghệ kỹ thuật cơ khí (03 chuyên ngành: Tự động hóa thiết kế công nghệ cơ khí; Công nghệ Hàn; Công nghệ kỹ thuật khuôn mẫu),7510201,,,300,unconfirmed,40376
SKH:7510202@2026,SKH,2026,7510202,Công nghệ chế tạo máy (02 chuyên ngành: Công nghệ chế tạo máy; Thiết kế cơ khí và kiểu dáng công nghiệp),7510202,,,140,unconfirmed,40382
SKH:7510205@2026,SKH,2026,7510205,Công nghệ kỹ thuật ô tô (02 chuyên ngành: Công nghệ kỹ thuật ô tô; Cơ điện tử ô tô và xe chuyên dụng),7510205,,,460,unconfirmed,40388
SKH:7510210@2026,SKH,2026,7510210,Điện lạnh và điều hòa không khí (02 chuyên ngành: Tự động hóa hệ thống lạnh & ĐHKK; Hệ thống lạnh & ĐHKK thông minh),7510210,,,90,unconfirmed,40394
SKH:7510301@2026,SKH,2026,7510301,"Công nghệ kỹ thuật điện, điện tử (5 chuyên ngành: Kỹ thuật điện lạnh công nghiệp và dân dụng; Điện công nghiệp; Điện tử công nghiệp; Hệ thống điện; Thiết kế vi mạch bán dẫn)",7510301,,,400,unconfirmed,40400
SKH:7510302@2026,SKH,2026,7510302,Công nghệ kỹ thuật điện tử - viễn thông,7510302,,,90,unconfirmed,40406
SKH:7510303@2026,SKH,2026,7510303,Công nghệ kỹ thuật điều khiển và tự động hoá (02 chuyên ngành: Tự động hóa công nghiệp; Điều khiển tự động),7510303,,,450,unconfirmed,40412
SKH:7510401@2026,SKH,2026,7510401,"Công nghệ kỹ thuật hóa học (02 chuyên ngành: Kỹ thuật hóa học ứng dụng, Kỹ thuật môi trường)",7510401,,,30,unconfirmed,40418
SKH:7510402@2026,SKH,2026,7510402,Công nghệ vật liệu,7510402,,,20,unconfirmed,40424
SKH:7520103@2026,SKH,2026,7520103,Kỹ thuật cơ khí (chuyên ngành Cơ khí tự động hóa),7520103,,,20,unconfirmed,40430
SKH:7520107@2026,SKH,2026,7520107,Kỹ thuật Robot (02 chuyên ngành: Kỹ thuật Robot; Robot và trí tuệ nhân tạo),7520107,,,70,unconfirmed,40436
SKH:7520118@2026,SKH,2026,7520118,Kỹ thuật hệ thống công nghiệp (02 chuyên ngành: Thiết kế và điều khiển hệ thống thông minh; Quản lý hệ thống công nghiệp),7520118,,,40,unconfirmed,40442
SKH:7540103@2026,SKH,2026,7540103,Công nghệ hóa thực phẩm (02 chuyên ngành: Công nghệ thực phẩm; Quản lý chất lượng),7540103,,,50,unconfirmed,40448
SKH:7540209@2026,SKH,2026,7540209,Công nghệ may (04 chuyên ngành: Thiết kế kỹ thuật sản phẩm may; Quản lý và sản xuất thông minh ngành may; Thiết kế Thời trang số; Thiết kế đồ họa Thời trang),7540209,,,150,unconfirmed,40454
SKN:7340101@2026,SKN,2026,7340101,Quản trị kinh doanh,7340101,,,,unconfirmed,40466
SKN:7340101_1@2026,SKN,2026,7340101_1,Logistics,7340101,,,,unconfirmed,40472
SKN:7340301@2026,SKN,2026,7340301,Kế toán,7340301,,,,unconfirmed,40478
SKN:7480101@2026,SKN,2026,7480101,Khoa học máy tính,7480101,,,,unconfirmed,40484
SKN:7480201@2026,SKN,2026,7480201,Công nghệ thông tin,7480201,,,,unconfirmed,40490
SKN:7480201_1@2026,SKN,2026,7480201_1,Đồ họa máy tính {chuyên ngành),7480201,,,,unconfirmed,40496
SKN:7510201@2026,SKN,2026,7510201,Công nghệ kỹ thuật cơ khí,7510201,,,,unconfirmed,40502
SKN:7510201_1@2026,SKN,2026,7510201_1,Công nghệ kỹ thuật khuôn mẫu,7510201,,,,unconfirmed,40508
SKN:7510202@2026,SKN,2026,7510202,Công nghệ chế tạo máy,7510202,,,,unconfirmed,40514
SKN:7510203@2026,SKN,2026,7510203,Công nghệ kỹ thuật cơ điện tử,7510203,,,,unconfirmed,40520
SKN:7510205@2026,SKN,2026,7510205,Công nghệ kỹ thuật ôtô,7510205,,,,unconfirmed,40526
SKN:7510301@2026,SKN,2026,7510301,"Công nghệ kỹ thuật điện, điện tủ'",7510301,,,,unconfirmed,40532
SKN:7510301_1@2026,SKN,2026,7510301_1,Công nghệ kỹ thuật điện,7510301,,,,unconfirmed,40538
SKN:7510301_2@2026,SKN,2026,7510301_2,Hệ thống điện,7510301,,,,unconfirmed,40544
SKN:7510301_3@2026,SKN,2026,7510301_3,Công nghệ điện lạnh và điều hoà không khí,7510301,,,,unconfirmed,40550
SKN:7510303@2026,SKN,2026,7510303,Công nghệ kỹ thuật điều khiển và tự động hóa,7510303,,,,unconfirmed,40556
SKV:7140103@2026,SKV,2026,7140103,Công nghệ giáo dục,7140103,,,,unconfirmed,40568
SKV:7140246@2026,SKV,2026,7140246,Sư phạm công nghệ,7140246,,,,unconfirmed,40574
SKV:7340101@2026,SKV,2026,7340101,Quản trị kinh doanh,7340101,,,,unconfirmed,40580
SKV:7340122@2026,SKV,2026,7340122,Thương mại điện tử,7340122,,,,unconfirmed,40586
SKV:7340301@2026,SKV,2026,7340301,Kế toán,7340301,,,,unconfirmed,40592
SKV:7480108@2026,SKV,2026,7480108,Công nghệ kỹ thuật máy tính,7480108,,,,unconfirmed,40598
SKV:7480201@2026,SKV,2026,7480201,Công nghệ thông tin,7480201,,,,unconfirmed,40604
SKV:7510201@2026,SKV,2026,7510201,Công nghệ kỹ thuật cơ khí,7510201,,,,unconfirmed,40610
SKV:7510202@2026,SKV,2026,7510202,Công nghệ chế tạo máy,7510202,,,,unconfirmed,40616
SKV:7510203@2026,SKV,2026,7510203,Công nghệ kỹ thuật cơ điện tử,7510203,,,,unconfirmed,40622
SKV:7510205@2026,SKV,2026,7510205,Công nghệ kỹ thuật ô tô,7510205,,,,unconfirmed,40628
SKV:7510206@2026,SKV,2026,7510206,Công nghệ kỹ thuật nhiệt,7510206,,,,unconfirmed,40634
SKV:7510301@2026,SKV,2026,7510301,"Công nghệ kỹ thuật điện, điện tử",7510301,,,,unconfirmed,40640
SKV:7510302@2026,SKV,2026,7510302,Công nghệ kỹ thuật điện tử - viễn thông,7510302,,,,unconfirmed,40646
SKV:7510303@2026,SKV,2026,7510303,Công nghệ kỹ thuật điều khiển và tự động hóa,7510303,,,,unconfirmed,40652
SKV:7510402@2026,SKV,2026,7510402,Công nghệ vật liệu,7510402,,,,unconfirmed,40658
SNH:7860228@2026,SNH,2026,7860228,Chỉ huy kỹ thuật Công binh (Thí sinh miền Bắc),7860228,,,117,unconfirmed,40670
SNH:7860228~2@2026,SNH,2026,7860228,Chỉ huy kỹ thuật Công binh (Thí sinh miền Nam),7860228,,,118,unconfirmed,40676
SP2:7140201@2026,SP2,2026,7140201,Giáo dục Mầm non,7140201,,,393,unconfirmed,40688
SP2:7140202@2026,SP2,2026,7140202,Giáo dục Tiểu học,7140202,,,244,unconfirmed,40694
SP2:7140204@2026,SP2,2026,7140204,Giáo dục Công dân,7140204,,,162,unconfirmed,40700
SP2:7140206@2026,SP2,2026,7140206,Giáo dục Thể chất,7140206,,,136,unconfirmed,40706
SP2:7140208@2026,SP2,2026,7140208,Giáo dục Quốc phòng - An ninh,7140208,,,134,unconfirmed,40712
SP2:7140209@2026,SP2,2026,7140209,Sư phạm Toán học,7140209,,,192,unconfirmed,40718
SP2:7140210@2026,SP2,2026,7140210,Sư phạm Tin học,7140210,,,180,unconfirmed,40724
SP2:7140211@2026,SP2,2026,7140211,Sư phạm Vật lý,7140211,,,90,unconfirmed,40730
SP2:7140212@2026,SP2,2026,7140212,Sư phạm Hóa học,7140212,,,80,unconfirmed,40736
SP2:7140213@2026,SP2,2026,7140213,Sư phạm Sinh học,7140213,,,65,unconfirmed,40742
SP2:7140217@2026,SP2,2026,7140217,Sư phạm Ngữ văn,7140217,,,201,unconfirmed,40748
SP2:7140218@2026,SP2,2026,7140218,Sư phạm Lịch sử,7140218,,,111,unconfirmed,40754
SP2:7140231@2026,SP2,2026,7140231,Sư phạm Tiếng Anh,7140231,,,160,unconfirmed,40760
SP2:7140247@2026,SP2,2026,7140247,Sư phạm Khoa học tự nhiên,7140247,,,135,unconfirmed,40766
SP2:7140249@2026,SP2,2026,7140249,Sư phạm Lịch sử - Địa lí,7140249,,,101,unconfirmed,40772
SP2:7220201@2026,SP2,2026,7220201,Ngôn ngữ Anh,7220201,,,164,unconfirmed,40778
SP2:7220204@2026,SP2,2026,7220204,Ngôn ngữ Trung Quốc,7220204,,,305,unconfirmed,40784
SP2:7310403@2026,SP2,2026,7310403,Tâm lý học giáo dục,7310403,,,163,unconfirmed,40790
SP2:7310630@2026,SP2,2026,7310630,Việt Nam học,7310630,,,109,unconfirmed,40796
SP2:7420201@2026,SP2,2026,7420201,Công nghệ sinh học,7420201,,,32,unconfirmed,40802
SP2:7440122@2026,SP2,2026,7440122,Khoa học Vật liệu,7440122,,,27,unconfirmed,40808
SP2:7460112@2026,SP2,2026,7460112,Toán ứng dụng,7460112,,,145,unconfirmed,40814
SP2:7480201@2026,SP2,2026,7480201,Công nghệ thông tin,7480201,,,160,unconfirmed,40820
SP2:7520301@2026,SP2,2026,7520301,Kỹ thuật hóa học,7520301,,,168,unconfirmed,40826
SP2:7810301@2026,SP2,2026,7810301,Quản lý thể dục thể thao,7810301,,,56,unconfirmed,40832
SPD:51140201@2026,SPD,2026,51140201,Giáo dục Mầm non (CĐ),,,,40,unconfirmed,40844
SPD:7140103@2026,SPD,2026,7140103,Công nghệ Giáo dục,7140103,,,100,unconfirmed,40849
SPD:7140201@2026,SPD,2026,7140201,Giáo dục Mầm non,7140201,,,390,unconfirmed,40855
SPD:7140202@2026,SPD,2026,7140202,Giáo dục Tiểu học,7140202,,,720,unconfirmed,40861
SPD:7140204@2026,SPD,2026,7140204,Giáo dục Công dân,7140204,,,70,unconfirmed,40867
SPD:7140205@2026,SPD,2026,7140205,Giáo dục Chính trị,7140205,,,20,unconfirmed,40873
SPD:7140206@2026,SPD,2026,7140206,Giáo dục Thể chất,7140206,,,115,unconfirmed,40879
SPD:7140209@2026,SPD,2026,7140209,Sư phạm Toán học,7140209,,,115,unconfirmed,40885
SPD:7140210@2026,SPD,2026,7140210,Sư phạm Tin học,7140210,,,205,unconfirmed,40891
SPD:7140211@2026,SPD,2026,7140211,Sư phạm Vật lý,7140211,,,45,unconfirmed,40897
SPD:7140212@2026,SPD,2026,7140212,Sư phạm Hóa học,7140212,,,44,unconfirmed,40903
SPD:7140213@2026,SPD,2026,7140213,Sư phạm Sinh học,7140213,,,37,unconfirmed,40909
SPD:7140217@2026,SPD,2026,7140217,Sư phạm Ngữ văn,7140217,,,100,unconfirmed,40915
SPD:7140218@2026,SPD,2026,7140218,Sư phạm Lịch sử,7140218,,,63,unconfirmed,40921
SPD:7140219@2026,SPD,2026,7140219,Sư phạm Địa lý,7140219,,,70,unconfirmed,40927
SPD:7140221@2026,SPD,2026,7140221,Sư phạm Âm nhạc,7140221,,,115,unconfirmed,40933
SPD:7140222@2026,SPD,2026,7140222,Sư phạm Mỹ thuật,7140222,,,115,unconfirmed,40939
SPD:7140231@2026,SPD,2026,7140231,Sư phạm Tiếng Anh,7140231,,,340,unconfirmed,40945
SPD:7140234@2026,SPD,2026,7140234,Sư phạm Tiếng Trung Quốc,7140234,,,20,unconfirmed,40951
SPD:7140246@2026,SPD,2026,7140246,Sư phạm Công nghệ,7140246,,,60,unconfirmed,40957
SPD:7140247@2026,SPD,2026,7140247,Sư phạm khoa học tự nhiên,7140247,,,160,unconfirmed,40963
SPD:7140249@2026,SPD,2026,7140249,Sư phạm Lịch sử và Địa lý,7140249,,,85,unconfirmed,40969
SPD:7220201@2026,SPD,2026,7220201,Ngôn ngữ Anh,7220201,,,264,unconfirmed,40975
SPD:7220204@2026,SPD,2026,7220204,Ngôn ngữ Trung Quốc,7220204,,,265,unconfirmed,40981
SPD:7229042@2026,SPD,2026,7229042,Quản lý văn hóa (Tổ chức sự kiện),7229042,,,70,unconfirmed,40987
SPD:7310110@2026,SPD,2026,7310110,Quản lý kinh tế,7310110,,,70,unconfirmed,40993
SPD:7310403@2026,SPD,2026,7310403,Tâm lý học giáo dục,7310403,,,52,unconfirmed,40999
SPD:7310501@2026,SPD,2026,7310501,Địa lý học (Địa lý du lịch),7310501,,,45,unconfirmed,41005
SPD:7310630@2026,SPD,2026,7310630,Việt Nam học,7310630,,,116,unconfirmed,41011
SPD:7320104@2026,SPD,2026,7320104,Truyền thông đa phương tiện,7320104,,,49,unconfirmed,41017
SPD:7340101@2026,SPD,2026,7340101,Quản trị kinh doanh,7340101,,,189,unconfirmed,41023
SPD:7340120@2026,SPD,2026,7340120,Kinh doanh quốc tế,7340120,,,57,unconfirmed,41029
SPD:7340201@2026,SPD,2026,7340201,Tài chính - Ngân hàng,7340201,,,139,unconfirmed,41035
SPD:7340301@2026,SPD,2026,7340301,Kế toán,7340301,,,208,unconfirmed,41041
SPD:7340403@2026,SPD,2026,7340403,Quản lý công,7340403,,,79,unconfirmed,41047
SPD:7380101@2026,SPD,2026,7380101,Luật,7380101,,,113,unconfirmed,41053
SPD:7420101@2026,SPD,2026,7420101,Sinh học,7420101,,,50,unconfirmed,41059
SPD:7420201@2026,SPD,2026,7420201,Công nghệ sinh học,7420201,,,75,unconfirmed,41065
SPD:7440102@2026,SPD,2026,7440102,Vật lý học (mới tuyển 2026),7440102,,,51,unconfirmed,41071
SPD:7440301@2026,SPD,2026,7440301,Khoa học môi trường,7440301,,,50,unconfirmed,41077
SPD:7480101@2026,SPD,2026,7480101,Khoa học máy tính,7480101,,,103,unconfirmed,41083
SPD:7480201@2026,SPD,2026,7480201,Công nghệ thông tin,7480201,,,191,unconfirmed,41089
SPD:7480208@2026,SPD,2026,7480208,An ninh mạng (mới tuyển năm 2026),7480208,,,120,unconfirmed,41095
SPD:7510205@2026,SPD,2026,7510205,Công nghệ kỹ thuật ô tô,7510205,,,55,unconfirmed,41101
SPD:7510605@2026,SPD,2026,7510605,Logistics và Quản lý chuỗi cung ứng,7510605,,,60,unconfirmed,41107
SPD:7519002@2026,SPD,2026,7519002,Công nghệ nông nghiệp (mới tuyển năm 2026),7519002,,,60,unconfirmed,41113
SPD:7520215@2026,SPD,2026,7520215,Kỹ thuật điện; điện tử (Vi mạch bán dẫn) (mới tuyển năm 2026),7520215,,,50,unconfirmed,41119
SPD:7540101@2026,SPD,2026,7540101,Công nghệ thực phẩm,7540101,,,54,unconfirmed,41125
SPD:7580201@2026,SPD,2026,7580201,Kỹ thuật xây dựng,7580201,,,85,unconfirmed,41131
SPD:7580205@2026,SPD,2026,7580205,Kỹ thuật xây dựng công trình giao thông (mới tuyển năm 2026),7580205,,,50,unconfirmed,41137
SPD:7620103@2026,SPD,2026,7620103,Khoa học đất,7620103,,,51,unconfirmed,41143
SPD:7620109@2026,SPD,2026,7620109,Nông học (Bảo vệ thực vật; Trồng trọt; Chăn nuôi thú y và thủy sản),7620109,,,51,unconfirmed,41149
SPD:7620301@2026,SPD,2026,7620301,Nuôi trồng thủy sản,7620301,,,93,unconfirmed,41155
SPD:7620302@2026,SPD,2026,7620302,Bệnh học thuỷ sản,7620302,,,50,unconfirmed,41161
SPD:7640101@2026,SPD,2026,7640101,Thú y,7640101,,,46,unconfirmed,41167
SPD:7760101@2026,SPD,2026,7760101,Công tác xã hội,7760101,,,57,unconfirmed,41173
SPD:7810302@2026,SPD,2026,7810302,Huấn luyện thể thao,7810302,,,120,unconfirmed,41179
SPD:7850101@2026,SPD,2026,7850101,Quản lý tài nguyên và môi trường,7850101,,,50,unconfirmed,41185
SPD:7850103@2026,SPD,2026,7850103,Quản lý đất đai,7850103,,,80,unconfirmed,41191
SPH:7140101@2026,SPH,2026,7140101,Giáo dục học (Giáo dục và truyền thông),7140101,,,80,unconfirmed,41203
SPH:7140114@2026,SPH,2026,7140114,Quản lí giáo dục,7140114,,,90,unconfirmed,41209
SPH:7140201@2026,SPH,2026,7140201,Giáo dục Mầm non,7140201,,,190,unconfirmed,41215
SPH:7140201K@2026,SPH,2026,7140201K,Giáo dục Mầm non - Sư phạm Tiếng Anh,7140201,,,60,unconfirmed,41221
SPH:7140202@2026,SPH,2026,7140202,Giáo dục Tiểu học,7140202,,,215,unconfirmed,41227
SPH:7140202K@2026,SPH,2026,7140202K,Giáo dục Tiểu học - Sư phạm Tiếng Anh,7140202,,,100,unconfirmed,41233
SPH:7140203@2026,SPH,2026,7140203,Giáo dục đặc biệt,7140203,,,80,unconfirmed,41239
SPH:7140204@2026,SPH,2026,7140204,Giáo dục công dân,7140204,,,110,unconfirmed,41245
SPH:7140205@2026,SPH,2026,7140205,Giáo dục chính trị,7140205,,,25,unconfirmed,41251
SPH:7140206@2026,SPH,2026,7140206,Giáo dục thể chất,7140206,,,160,unconfirmed,41257
SPH:7140208@2026,SPH,2026,7140208,Giáo dục Quốc phòng và An ninh,7140208,,,60,unconfirmed,41263
SPH:7140209@2026,SPH,2026,7140209,Sư phạm Toán học,7140209,,,300,unconfirmed,41269
SPH:7140209K@2026,SPH,2026,7140209K,Sư phạm Toán học (dạy Toán bằng tiếng Anh),7140209,,,60,unconfirmed,41275
SPH:7140210@2026,SPH,2026,7140210,Sư phạm Tin học,7140210,,,100,unconfirmed,41281
SPH:7140210K@2026,SPH,2026,7140210K,Sư phạm Tin học (dạy bằng Tiếng Anh),7140210,,,20,unconfirmed,41287
SPH:7140211@2026,SPH,2026,7140211,Sư phạm Vật lí,7140211,,,50,unconfirmed,41293
SPH:7140211K@2026,SPH,2026,7140211K,Sư phạm Vật lí (dạy Toán bằng tiếng Anh),7140211,,,20,unconfirmed,41299
SPH:7140212@2026,SPH,2026,7140212,Sư phạm Hoá học,7140212,,,50,unconfirmed,41305
SPH:7140212K@2026,SPH,2026,7140212K,Sư phạm Hoá học (dạy Hóa học bằng tiếng Anh),7140212,,,20,unconfirmed,41311
SPH:7140213@2026,SPH,2026,7140213,Sư phạm Sinh học,7140213,,,70,unconfirmed,41317
SPH:7140217@2026,SPH,2026,7140217,Sư phạm Ngữ văn,7140217,,,450,unconfirmed,41323
SPH:7140218@2026,SPH,2026,7140218,Sư phạm Lịch sử,7140218,,,85,unconfirmed,41329
SPH:7140219@2026,SPH,2026,7140219,Sư phạm Địa lí,7140219,,,100,unconfirmed,41335
SPH:7140221@2026,SPH,2026,7140221,Sư phạm Âm nhạc,7140221,,,80,unconfirmed,41341
SPH:7140222@2026,SPH,2026,7140222,Sư phạm Mỹ thuật,7140222,,,80,unconfirmed,41347
SPH:7140231@2026,SPH,2026,7140231,Sư phạm Tiếng Anh,7140231,,,160,unconfirmed,41353
SPH:7140233@2026,SPH,2026,7140233,Sư phạm Tiếng Pháp,7140233,,,20,unconfirmed,41359
SPH:7140246@2026,SPH,2026,7140246,Sư phạm Công nghệ,7140246,,,150,unconfirmed,41365
SPH:7140247@2026,SPH,2026,7140247,Sư phạm Khoa học tự nhiên,7140247,,,70,unconfirmed,41371
SPH:7140249@2026,SPH,2026,7140249,Sư phạm Lịch sử - Địa lí,7140249,,,100,unconfirmed,41377
SPH:7220101@2026,SPH,2026,7220101,Tiếng Việt và văn hóa Việt Nam,7220101,,,70,unconfirmed,41383
SPH:7220101~2@2026,SPH,2026,7220101,Tiếng Việt và văn hóa Việt Nam - Tuyển sinh người nước ngoài,7220101,,,10,unconfirmed,41389
SPH:7220201@2026,SPH,2026,7220201,Ngôn ngữ Anh,7220201,,,60,unconfirmed,41395
SPH:7220203@2026,SPH,2026,7220203,Ngôn ngữ Pháp (Tiếng Pháp ứng dụng và giao tiếp quốc tế),7220203,,,60,unconfirmed,41401
SPH:7220204@2026,SPH,2026,7220204,Ngôn ngữ Trung Quốc,7220204,,,45,unconfirmed,41407
SPH:7229001@2026,SPH,2026,7229001,Triết học (Triết học Mác Lê-nin),7229001,,,195,unconfirmed,41413
SPH:7229010@2026,SPH,2026,7229010,Lịch sử,7229010,,,60,unconfirmed,41419
SPH:7229030@2026,SPH,2026,7229030,Văn học,7229030,,,100,unconfirmed,41425
SPH:7310201@2026,SPH,2026,7310201,Chính trị học,7310201,,,100,unconfirmed,41431
SPH:7310301@2026,SPH,2026,7310301,Xã hội học,7310301,,,80,unconfirmed,41437
SPH:7310401@2026,SPH,2026,7310401,Tâm lý học (Tâm lý học trường học),7310401,,,200,unconfirmed,41443
SPH:7310403@2026,SPH,2026,7310403,Tâm lý học giáo dục,7310403,,,90,unconfirmed,41449
SPH:7310501@2026,SPH,2026,7310501,Địa lí học (Địa lí tài nguyên và môi trường),7310501,,,70,unconfirmed,41455
SPH:7310601@2026,SPH,2026,7310601,Quốc tế học (bắt đầu tuyển sinh từ 2026),7310601,,,60,unconfirmed,41461
SPH:7310630@2026,SPH,2026,7310630,Việt Nam học (Tuyển sinh người Việt Nam),7310630,,,210,unconfirmed,41467
SPH:7310630~2@2026,SPH,2026,7310630,Việt Nam học (Tuyển sinh người nước ngoài),7310630,,,10,unconfirmed,41473
SPH:7420101@2026,SPH,2026,7420101,Sinh học,7420101,,,120,unconfirmed,41479
SPH:7420201@2026,SPH,2026,7420201,Công nghệ sinh học (mới),7420201,,,80,unconfirmed,41485
SPH:7440102@2026,SPH,2026,7440102,Vật lí học (vật lí bán dẫn và kỹ thuật) (mới),7440102,,,120,unconfirmed,41491
SPH:7440112@2026,SPH,2026,7440112,Hóa học,7440112,,,120,unconfirmed,41497
SPH:7440112D@2026,SPH,2026,7440112D,Hóa học (Hóa dược),7440112,,,120,unconfirmed,41503
SPH:7460108@2026,SPH,2026,7460108,Khoa học dữ liệu,7460108,,,60,unconfirmed,41509
SPH:7460101@2026,SPH,2026,7460101,Toán học,7460101,,,100,unconfirmed,41515
SPH:7480107@2026,SPH,2026,7480107,Trí tuệ nhân tạo,7480107,,,60,unconfirmed,41521
SPH:7480201@2026,SPH,2026,7480201,Công nghệ thông tin,7480201,,,140,unconfirmed,41527
SPH:7760101@2026,SPH,2026,7760101,Công tác xã hội,7760101,,,220,unconfirmed,41533
SPH:7760103@2026,SPH,2026,7760103,Hỗ trợ giáo dục người khuyết tật,7760103,,,160,unconfirmed,41539
SPH:7810103@2026,SPH,2026,7810103,Quản trị dịch vụ du lịch và lữ hành,7810103,,,150,unconfirmed,41545
SPH:7810302@2026,SPH,2026,7810302,Huấn luyện thể thao,7810302,,,70,unconfirmed,41551
SPK:7140231V@2026,SPK,2026,7140231V,Sư phạm tiếng Anh (đào tạo bằng tiếng Việt),7140231,,,,unconfirmed,41562
SPK:7140246V@2026,SPK,2026,7140246V,Sư phạm công nghệ (đào tạo bằng tiếng Việt),7140246,,,,unconfirmed,41568
SPK:7210403V@2026,SPK,2026,7210403V,Thiết kế đồ họa (đào tạo bằng tiếng Việt),7210403,,,,unconfirmed,41574
SPK:7210404V@2026,SPK,2026,7210404V,Thiết kế thời trang (đào tạo bằng tiếng Việt),7210404,,,,unconfirmed,41580
SPK:7220201V@2026,SPK,2026,7220201V,Ngôn ngữ Anh (đào tạo bằng tiếng Việt),7220201,,,,unconfirmed,41586
SPK:7310403V@2026,SPK,2026,7310403V,Tâm lý học giáo dục (đào tạo bằng tiếng Việt),7310403,,,,unconfirmed,41592
SPK:7320106V@2026,SPK,2026,7320106V,Chương trình đào tạo Truyền thông số và Công nghệ đa phương tiện (thuộc ngành Công nghệ truyền thông) (đào tạo bằng tiếng Việt),7320106,,,,unconfirmed,41598
SPK:7340101V@2026,SPK,2026,7340101V,Quản trị kinh doanh (đào tạo bằng tiếng Việt),7340101,,,,unconfirmed,41604
SPK:7340120V@2026,SPK,2026,7340120V,Kinh doanh Quốc tế (đào tạo bằng tiếng Việt),7340120,,,,unconfirmed,41610
SPK:7340122V@2026,SPK,2026,7340122V,Thương mại điện tử (đào tạo bằng tiếng Việt),7340122,,,,unconfirmed,41616
SPK:7340205V@2026,SPK,2026,7340205V,Công nghệ tài chính (đào tạo bằng tiếng Việt),7340205,,,,unconfirmed,41622
SPK:7340301V@2026,SPK,2026,7340301V,Kế toán (đào tạo bằng tiếng Việt),7340301,,,,unconfirmed,41628
SPK:7380101V@2026,SPK,2026,7380101V,Luật (đào tạo bằng tiếng Việt),7380101,,,,unconfirmed,41634
SPK:7480108V@2026,SPK,2026,7480108V,Công nghệ Kỹ thuật máy tính (đào tạo bằng tiếng Việt),7480108,,,,unconfirmed,41640
SPK:7480118V@2026,SPK,2026,7480118V,Hệ thống nhúng và IoT (đào tạo bằng tiếng Việt),7480118,,,,unconfirmed,41646
SPK:7480201V@2026,SPK,2026,7480201V,Công nghệ thông tin (đào tạo bằng tiếng Việt),7480201,,,,unconfirmed,41652
SPK:7480202V@2026,SPK,2026,7480202V,An toàn thông tin (đào tạo bằng tiếng Việt),7480202,,,,unconfirmed,41658
SPK:7480203V@2026,SPK,2026,7480203V,Kỹ thuật dữ liệu (đào tạo bằng tiếng Việt),7480203,,,,unconfirmed,41664
SPK:7510102V@2026,SPK,2026,7510102V,Công nghệ Kỹ thuật công trình xây dựng* (đào tạo bằng tiếng Việt),7510102,,,,unconfirmed,41670
SPK:7510106V@2026,SPK,2026,7510106V,Hệ thống kỹ thuật công trình xây dựng (đào tạo bằng tiếng Việt),7510106,,,,unconfirmed,41676
SPK:7510201V@2026,SPK,2026,7510201V,Công nghệ Kỹ thuật cơ khí * (đào tạo bằng tiếng Việt),7510201,,,,unconfirmed,41682
SPK:7510202V@2026,SPK,2026,7510202V,Công nghệ chế tạo máy * (đào tạo bằng tiếng Việt),7510202,,,,unconfirmed,41688
SPK:7510203V@2026,SPK,2026,7510203V,Công nghệ Kỹ thuật cơ điện tử * (đào tạo bằng tiếng Việt),7510203,,,,unconfirmed,41694
SPK:7510205V@2026,SPK,2026,7510205V,Công nghệ Kỹ thuật ô tô * (đào tạo bằng tiếng Việt),7510205,,,,unconfirmed,41700
SPK:7510206V@2026,SPK,2026,7510206V,Công nghệ Kỹ thuật nhiệt (đào tạo bằng tiếng Việt),7510206,,,,unconfirmed,41706
SPK:7510208V@2026,SPK,2026,7510208V,Năng lượng tái tạo (đào tạo bằng tiếng Việt),7510208,,,,unconfirmed,41712
SPK:7510209V@2026,SPK,2026,7510209V,Robot và trí tuệ nhân tạo (đào tạo bằng tiếng Việt),7510209,,,,unconfirmed,41718
SPK:7510301V@2026,SPK,2026,7510301V,"Công nghệ Kỹ thuật điện, điện tử (đào tạo bằng tiếng Việt)",7510301,,,,unconfirmed,41724
SPK:7510302V@2026,SPK,2026,7510302V,Công nghệ Kỹ thuật điện tử - viễn thông (đào tạo bằng tiếng Việt),7510302,,,,unconfirmed,41730
SPK:7510302VM@2026,SPK,2026,7510302VM,Chương trình đào tạo Kỹ thuật Thiết kế vi mạch (thuộc ngành CNKT Điện tử - viễn thông),7510302,,,,unconfirmed,41736
SPK:7510303V@2026,SPK,2026,7510303V,Công nghệ Kỹ thuật điều khiển và tự động hóa (đào tạo bằng tiếng Việt),7510303,,,,unconfirmed,41742
SPK:7510401V@2026,SPK,2026,7510401V,Công nghệ Kỹ thuật hóa học (đào tạo bằng tiếng Việt),7510401,,,,unconfirmed,41748
SPK:7510402V@2026,SPK,2026,7510402V,Công nghệ vật liệu (đào tạo bằng tiếng Việt),7510402,,,,unconfirmed,41754
SPK:7510406V@2026,SPK,2026,7510406V,Công nghệ Kỹ thuật môi trường (đào tạo bằng tiếng Việt),7510406,,,,unconfirmed,41760
SPK:7510601V@2026,SPK,2026,7510601V,Quản lý công nghiệp (đào tạo bằng tiếng Việt),7510601,,,,unconfirmed,41766
SPK:7510605V@2026,SPK,2026,7510605V,Logistics và quản lý chuỗi cung ứng (đào tạo bằng tiếng Việt),7510605,,,,unconfirmed,41772
SPK:7510801V@2026,SPK,2026,7510801V,Công nghệ Kỹ thuật in (đào tạo bằng tiếng Việt),7510801,,,,unconfirmed,41778
SPK:7520117V@2026,SPK,2026,7520117V,Kỹ thuật công nghiệp (đào tạo bằng tiếng Việt),7520117,,,,unconfirmed,41784
SPK:7520212V@2026,SPK,2026,7520212V,Kỹ thuật y sinh (Điện tử y sinh) (đào tạo bằng tiếng Việt),7520212,,,,unconfirmed,41790
SPK:7520401V@2026,SPK,2026,7520401V,"Vật lý kỹ thuật (định hướng công nghệ bán dẫn và cảm biến, đo lường) (đào tạo bằng tiếng Việt)",7520401,,,,unconfirmed,41796
SPK:7540101DD@2026,SPK,2026,7540101DD,Chương trình đào tạo Khoa học thực phẩm & Dinh dưỡng (thuộc ngành Công nghệ thực phẩm),7540101,,,,unconfirmed,41802
SPK:7540101V@2026,SPK,2026,7540101V,Công nghệ thực phẩm (đào tạo bằng tiếng Việt),7540101,,,,unconfirmed,41808
SPK:7540209V@2026,SPK,2026,7540209V,Công nghệ may (đào tạo bằng tiếng Việt),7540209,,,,unconfirmed,41814
SPK:7549002V@2026,SPK,2026,7549002V,Kỹ nghệ gỗ và nội thất (đào tạo bằng tiếng Việt),7549002,,,,unconfirmed,41820
SPK:7580101V@2026,SPK,2026,7580101V,Kiến trúc (đào tạo bằng tiếng Việt),7580101,,,,unconfirmed,41826
SPK:7580103V@2026,SPK,2026,7580103V,Kiến trúc nội thấ (đào tạo bằng tiếng Việt),7580103,,,,unconfirmed,41832
SPK:7580205V@2026,SPK,2026,7580205V,Kỹ thuật xây dựng công trình giao thông * (đào tạo bằng tiếng Việt),7580205,,,,unconfirmed,41838
SPK:7580302V@2026,SPK,2026,7580302V,Quản lý xây dựng (đào tạo bằng tiếng Việt),7580302,,,,unconfirmed,41844
SPK:7810202V@2026,SPK,2026,7810202V,Quản trị NH và DV ăn uống (đào tạo bằng tiếng Việt),7810202,,,,unconfirmed,41850
SPK:7840110V@2026,SPK,2026,7840110V,Quản lý và vận hành hạ tầng (đào tạo bằng tiếng Việt),7840110,,,,unconfirmed,41856
SPK:7850101V@2026,SPK,2026,7850101V,Chương trình đào tạo Môi trường và Phát triển bền vững (thuộc ngành Quản lý tài nguyên & môi trường) (đào tạo bằng tiếng Việt),7850101,,,,unconfirmed,41862
SPK:7340120A@2026,SPK,2026,7340120A,Kinh doanh quốc tế (đào tạo bằng tiếng Anh),7340120,,,,unconfirmed,41868
SPK:7340122A@2026,SPK,2026,7340122A,Thương mại điện tử (đào tạo bằng tiếng Anh),7340122,,,,unconfirmed,41874
SPK:7340301A@2026,SPK,2026,7340301A,Kế toán (đào tạo bằng tiếng Anh),7340301,,,,unconfirmed,41880
SPK:7480108A@2026,SPK,2026,7480108A,Công nghệ Kỹ thuật máy tính (đào tạo bằng tiếng Anh),7480108,,,,unconfirmed,41886
SPK:7480201A@2026,SPK,2026,7480201A,Công nghệ thông tin (đào tạo bằng tiếng Anh),7480201,,,,unconfirmed,41892
SPK:7480203A@2026,SPK,2026,7480203A,Kỹ thuật dữ liệu (đào tạo bằng tiếng Anh),7480203,,,,unconfirmed,41898
SPK:7510102A@2026,SPK,2026,7510102A,Công nghệ Kỹ thuật công trình xây dựng* (đào tạo bằng tiếng Anh),7510102,,,,unconfirmed,41904
SPK:7510201A@2026,SPK,2026,7510201A,Công nghệ Kỹ thuật cơ khí * (đào tạo bằng tiếng Anh),7510201,,,,unconfirmed,41910
SPK:7510201TA@2026,SPK,2026,7510201TA,Cơ khí – Tự động Hóa (thuộc ngành Công nghệ Kỹ thuật Cơ khí) (đào tạo bằng tiếng Anh),7510201,,,,unconfirmed,41916
SPK:7510202A@2026,SPK,2026,7510202A,Công nghệ chế tạo máy * (đào tạo bằng tiếng Anh),7510202,,,,unconfirmed,41922
SPK:7510203A@2026,SPK,2026,7510203A,Công nghệ Kỹ thuật cơ điện tử * (đào tạo bằng tiếng Anh),7510203,,,,unconfirmed,41928
SPK:7510205A@2026,SPK,2026,7510205A,Công nghệ Kỹ thuật ô tô * (đào tạo bằng tiếng Anh),7510205,,,,unconfirmed,41934
SPK:7510206A@2026,SPK,2026,7510206A,Công nghệ Kỹ thuật nhiệt (đào tạo bằng tiếng Anh),7510206,,,,unconfirmed,41940
SPK:7510301A@2026,SPK,2026,7510301A,"Công nghệ Kỹ thuật điện, điện tử (đào tạo bằng tiếng Anh)",7510301,,,,unconfirmed,41946
SPK:7510302A@2026,SPK,2026,7510302A,Công nghệ Kỹ thuật điện tử - viễn thông (đào tạo bằng tiếng Anh),7510302,,,,unconfirmed,41952
SPK:7510303A@2026,SPK,2026,7510303A,Công nghệ Kỹ thuật điều khiển và tự động hóa (đào tạo bằng tiếng Anh),7510303,,,,unconfirmed,41958
SPK:7510401A@2026,SPK,2026,7510401A,Công nghệ Kỹ thuật hóa học (đào tạo bằng tiếng Anh),7510401,,,,unconfirmed,41964
SPK:7510402A@2026,SPK,2026,7510402A,Công nghệ vật liệu (đào tạo bằng tiếng Anh),7510402,,,,unconfirmed,41970
SPK:7510406A@2026,SPK,2026,7510406A,Công nghệ Kỹ thuật môi trường (đào tạo bằng tiếng Anh),7510406,,,,unconfirmed,41976
SPK:7510601A@2026,SPK,2026,7510601A,Quản lý công nghiệp (đào tạo bằng tiếng Anh),7510601,,,,unconfirmed,41982
SPK:7520212A@2026,SPK,2026,7520212A,Kỹ thuật y sinh (Điện tử y sinh) (đào tạo bằng tiếng Anh),7520212,,,,unconfirmed,41988
SPK:7540101A@2026,SPK,2026,7540101A,Công nghệ thực phẩm (đào tạo bằng tiếng Anh),7540101,,,,unconfirmed,41994
SPK:7580302A@2026,SPK,2026,7580302A,Quản lý xây dựng (đào tạo bằng tiếng Anh),7580302,,,,unconfirmed,42000
SPK:7480201N@2026,SPK,2026,7480201N,Công nghệ thông tin (đào tạo Việt - Nhật),7480201,,,,unconfirmed,42006
SPK:7510202N@2026,SPK,2026,7510202N,Công nghệ chế tạo máy * (đào tạo Việt - Nhật),7510202,,,,unconfirmed,42012
SPK:7510205N@2026,SPK,2026,7510205N,Công nghệ Kỹ thuật ô tô * (đào tạo Việt - Nhật),7510205,,,,unconfirmed,42018
SPK:7510206N@2026,SPK,2026,7510206N,Công nghệ Kỹ thuật nhiệt (đào tạo Việt - Nhật),7510206,,,,unconfirmed,42024
SPK:7510302N@2026,SPK,2026,7510302N,Công nghệ Kỹ thuật điện tử - viễn thông (đào tạo Việt - Nhật),7510302,,,,unconfirmed,42030
SPK:7310403BP@2026,SPK,2026,7310403BP,Tâm lý học giáo dục (đào tạo cơ sở Bình Phước),7310403,,,,unconfirmed,42036
SPK:7510601BP@2026,SPK,2026,7510601BP,Quản lý công nghiệp (đào tạo cơ sở Bình Phước),7510601,,,,unconfirmed,42042
SPK:7510605BP@2026,SPK,2026,7510605BP,Logistics và quản lý chuỗi cung ứng (đào tạo cơ sở Bình Phước),7510605,,,,unconfirmed,42048
SPS:7140101@2026,SPS,2026,7140101,Giáo dục học,7140101,,,80,unconfirmed,42060
SPS:7140103@2026,SPS,2026,7140103,Công nghệ giáo dục,7140103,,,50,unconfirmed,42066
SPS:7140114@2026,SPS,2026,7140114,Quản lý giáo dục,7140114,,,80,unconfirmed,42072
SPS:7140201@2026,SPS,2026,7140201,Giáo dục mầm non,7140201,,,450,unconfirmed,42078
SPS:7140202@2026,SPS,2026,7140202,Giáo dục Tiểu học,7140202,,,265,unconfirmed,42084
SPS:7140202SN@2026,SPS,2026,7140202SN,Giáo dục Tiểu học (dạy bằng song ngữ Việt - Anh),7140202,,,35,unconfirmed,42090
SPS:7140203@2026,SPS,2026,7140203,Giáo dục Đặc biệt,7140203,,,80,unconfirmed,42096
SPS:7140204@2026,SPS,2026,7140204,Giáo dục Công dân,7140204,,,50,unconfirmed,42102
SPS:7140205@2026,SPS,2026,7140205,Giáo dục Chính trị,7140205,,,50,unconfirmed,42108
SPS:7140206@2026,SPS,2026,7140206,Giáo dục Thể chất,7140206,,,100,unconfirmed,42114
SPS:7140208@2026,SPS,2026,7140208,Giáo dục Quốc phòng - An ninh,7140208,,,50,unconfirmed,42120
SPS:7140209@2026,SPS,2026,7140209,Sư phạm Toán học,7140209,,,140,unconfirmed,42126
SPS:7140210@2026,SPS,2026,7140210,Sư phạm Tin học,7140210,,,100,unconfirmed,42132
SPS:7140211@2026,SPS,2026,7140211,Sư phạm Vật lý,7140211,,,50,unconfirmed,42138
SPS:7140212@2026,SPS,2026,7140212,Sư phạm Hoá học,7140212,,,50,unconfirmed,42144
SPS:7140213@2026,SPS,2026,7140213,Sư phạm Sinh học,7140213,,,50,unconfirmed,42150
SPS:7140217@2026,SPS,2026,7140217,Sư phạm Ngữ văn,7140217,,,110,unconfirmed,42156
SPS:7140218@2026,SPS,2026,7140218,Sư phạm Lịch sử,7140218,,,50,unconfirmed,42162
SPS:7140219@2026,SPS,2026,7140219,Sư phạm Địa lý,7140219,,,40,unconfirmed,42168
SPS:7140231@2026,SPS,2026,7140231,Sư phạm Tiếng Anh,7140231,,,165,unconfirmed,42174
SPS:7140232@2026,SPS,2026,7140232,Sư phạm Tiếng Nga,7140232,,,30,unconfirmed,42180
SPS:7140233@2026,SPS,2026,7140233,Sư phạm Tiếng Pháp,7140233,,,30,unconfirmed,42186
SPS:7140234@2026,SPS,2026,7140234,Sư phạm Tiếng Trung Quốc,7140234,,,30,unconfirmed,42192
SPS:7140246@2026,SPS,2026,7140246,Sư phạm công nghệ,7140246,,,50,unconfirmed,42198
SPS:7140247@2026,SPS,2026,7140247,Sư phạm khoa học tự nhiên,7140247,,,200,unconfirmed,42204
SPS:7140249@2026,SPS,2026,7140249,Sư phạm Lịch sử - Địa lý,7140249,,,150,unconfirmed,42210
SPS:7220101@2026,SPS,2026,7220101,Tiếng Việt và văn hóa Việt Nam,7220101,,,10,unconfirmed,42216
SPS:7220201@2026,SPS,2026,7220201,Ngôn ngữ Anh,7220201,,,200,unconfirmed,42222
SPS:7220202@2026,SPS,2026,7220202,Ngôn ngữ Nga,7220202,,,100,unconfirmed,42228
SPS:7220203@2026,SPS,2026,7220203,Ngôn ngữ Pháp,7220203,,,100,unconfirmed,42234
SPS:7220204@2026,SPS,2026,7220204,Ngôn ngữ Trung Quốc,7220204,,,200,unconfirmed,42240
SPS:7220209@2026,SPS,2026,7220209,Ngôn ngữ Nhật,7220209,,,150,unconfirmed,42246
SPS:7220210@2026,SPS,2026,7220210,Ngôn ngữ Hàn Quốc,7220210,,,100,unconfirmed,42252
SPS:7229030@2026,SPS,2026,7229030,Văn học,7229030,,,120,unconfirmed,42258
SPS:7310201@2026,SPS,2026,7310201,Chính trị học,7310201,,,40,unconfirmed,42264
SPS:7310401@2026,SPS,2026,7310401,Tâm lý học,7310401,,,150,unconfirmed,42270
SPS:7310403@2026,SPS,2026,7310403,Tâm lý học giáo dục,7310403,,,120,unconfirmed,42276
SPS:7310501@2026,SPS,2026,7310501,Địa lý học,7310501,,,50,unconfirmed,42282
SPS:7310601@2026,SPS,2026,7310601,Quốc tế học,7310601,,,100,unconfirmed,42288
SPS:7310630@2026,SPS,2026,7310630,Việt Nam học,7310630,,,100,unconfirmed,42294
SPS:7420203@2026,SPS,2026,7420203,Sinh học ứng dụng,7420203,,,50,unconfirmed,42300
SPS:7440102@2026,SPS,2026,7440102,Vật lý học,7440102,,,100,unconfirmed,42306
SPS:7440112@2026,SPS,2026,7440112,Hoá học,7440112,,,100,unconfirmed,42312
SPS:7460112@2026,SPS,2026,7460112,Toán ứng dụng,7460112,,,100,unconfirmed,42318
SPS:7480201@2026,SPS,2026,7480201,Công nghệ thông tin,7480201,,,150,unconfirmed,42324
SPS:7760101@2026,SPS,2026,7760101,Công tác xã hội,7760101,,,100,unconfirmed,42330
SPS:7760103@2026,SPS,2026,7760103,Hỗ trợ giáo dục người khuyết tật,7760103,,,30,unconfirmed,42336
SPS:7810101@2026,SPS,2026,7810101,Du lịch,7810101,,,100,unconfirmed,42342
SPS:51140201_LA@2026,SPS,2026,51140201_LA,Giáo dục mầm non (cao đẳng),,,,100,unconfirmed,42348
SPS:7140201_LA@2026,SPS,2026,7140201_LA,Giáo dục mầm non (CS Long An),7140201,,,100,unconfirmed,42353
SPS:7140202_LA@2026,SPS,2026,7140202_LA,Giáo dục Tiểu học (CS Long An),7140202,,,100,unconfirmed,42359
SPS:7140206_LA@2026,SPS,2026,7140206_LA,Giáo dục Thể chất (CS Long An),7140206,,,50,unconfirmed,42365
SPS:7140208_LA@2026,SPS,2026,7140208_LA,Giáo dục Quốc phòng - An ninh (CS Long An),7140208,,,50,unconfirmed,42371
SPS:7140209_LA@2026,SPS,2026,7140209_LA,Sư phạm Toán học (CS Long An),7140209,,,40,unconfirmed,42377
SPS:7140217_LA@2026,SPS,2026,7140217_LA,Sư phạm Ngữ văn (CS Long An),7140217,,,50,unconfirmed,42383
SPS:7140231_LA@2026,SPS,2026,7140231_LA,Sư phạm Tiếng Anh (CS Long An),7140231,,,50,unconfirmed,42389
SPS:7140249_LA@2026,SPS,2026,7140249_LA,Sư phạm Lịch sử - Địa lý (CS Long An),7140249,,,50,unconfirmed,42395
SPS:7220210_LA@2026,SPS,2026,7220210_LA,Ngôn ngữ Hàn Quốc (CS Long An),7220210,,,30,unconfirmed,42401
SPS:51140201_GL@2026,SPS,2026,51140201_GL,Giáo dục mầm non (cao đẳng),,,,100,unconfirmed,42407
SPS:7140201_GL@2026,SPS,2026,7140201_GL,Giáo dục mầm non (cơ sở Gia Lai),7140201,,,50,unconfirmed,42412
SPS:7140202_GL@2026,SPS,2026,7140202_GL,Giáo dục Tiểu học (CS Gia Lai),7140202,,,100,unconfirmed,42418
SPS:7140247_GL@2026,SPS,2026,7140247_GL,Sư phạm khoa học tự nhiên (CS Gia Lai),7140247,,,50,unconfirmed,42424
SPS:7810101_GL@2026,SPS,2026,7810101_GL,Du lịch (CS Gia Lai),7810101,,,30,unconfirmed,42430
STS:7140206@2026,STS,2026,7140206,Ngành Giáo dục thể chất,7140206,,,300,unconfirmed,42442
STS:7810301@2026,STS,2026,7810301,Ngành Quản lý thể dục thể thao,7810301,,,100,unconfirmed,42448
STS:7810302@2026,STS,2026,7810302,Ngành Huấn luyện thể thao,7810302,,,100,unconfirmed,42454
TBD:7210403@2026,TBD,2026,7210403,Thiết kế đồ họa,7210403,,,,unconfirmed,42466
TBD:7220201@2026,TBD,2026,7220201,Ngôn ngữ Anh,7220201,,,,unconfirmed,42472
TBD:7229042@2026,TBD,2026,7229042,Quản lý văn hóa,7229042,,,,unconfirmed,42478
TBD:7310205@2026,TBD,2026,7310205,Quản lý Nhà nước,7310205,,,,unconfirmed,42484
TBD:7310401@2026,TBD,2026,7310401,Tâm lý học,7310401,,,,unconfirmed,42490
TBD:7310608_1@2026,TBD,2026,7310608_1,Tiếng Hàn Quốc,7310608,,,,unconfirmed,42496
TBD:7310608_2@2026,TBD,2026,7310608_2,Tiếng Trung Quốc,7310608,,,,unconfirmed,42502
TBD:7320104@2026,TBD,2026,7320104,Truyền thông đa phương tiện,7320104,,,,unconfirmed,42508
TBD:7340101@2026,TBD,2026,7340101,Quản trị Kinh doanh,7340101,,,,unconfirmed,42514
TBD:7340115@2026,TBD,2026,7340115,Marketing,7340115,,,,unconfirmed,42520
TBD:7340201@2026,TBD,2026,7340201,Tài chính – Ngân hàng,7340201,,,,unconfirmed,42526
TBD:7340301@2026,TBD,2026,7340301,Kế toán,7340301,,,,unconfirmed,42532
TBD:7380101@2026,TBD,2026,7380101,Luật,7380101,,,,unconfirmed,42538
TBD:7380107@2026,TBD,2026,7380107,Luật kinh tế,7380107,,,,unconfirmed,42544
TBD:7420204@2026,TBD,2026,7420204,Khoa học y sinh,7420204,,,,unconfirmed,42550
TBD:7480103@2026,TBD,2026,7480103,Kỹ thuật phần mềm,7480103,,,,unconfirmed,42556
TBD:7480201@2026,TBD,2026,7480201,Công nghệ thông tin,7480201,,,,unconfirmed,42562
TBD:7480207@2026,TBD,2026,7480207,Trí tuệ nhân tạo,7480207,,,,unconfirmed,42568
TBD:7510605@2026,TBD,2026,7510605,Logistics và quản lý chuỗi cung ứng,7510605,,,,unconfirmed,42574
TBD:7520114@2026,TBD,2026,7520114,Kỹ thuật cơ điện tử,7520114,,,,unconfirmed,42580
TBD:7720301@2026,TBD,2026,7720301,Điều dưỡng,7720301,,,,unconfirmed,42586
TBD:7810101@2026,TBD,2026,7810101,Du lịch,7810101,,,,unconfirmed,42592
TBD:7810201@2026,TBD,2026,7810201,Quản trị khách sạn,7810201,,,,unconfirmed,42598
TCT:7140201@2026,TCT,2026,7140201,Giáo dục mầm non,7140201,,,140,unconfirmed,42610
TCT:7140202@2026,TCT,2026,7140202,Giáo dục Tiểu học,7140202,,,100,unconfirmed,42616
TCT:7140204@2026,TCT,2026,7140204,Giáo dục Công dân,7140204,,,80,unconfirmed,42622
TCT:7140206@2026,TCT,2026,7140206,Giáo dục Thể chất,7140206,,,80,unconfirmed,42628
TCT:7140209@2026,TCT,2026,7140209,Sư phạm Toán học,7140209,,,90,unconfirmed,42634
TCT:7140210@2026,TCT,2026,7140210,Sư phạm Tin học,7140210,,,80,unconfirmed,42640
TCT:7140211@2026,TCT,2026,7140211,Sư phạm Vật lý,7140211,,,51,unconfirmed,42646
TCT:7140212@2026,TCT,2026,7140212,Sư phạm Hóa học,7140212,,,50,unconfirmed,42652
TCT:7140213@2026,TCT,2026,7140213,Sư phạm Sinh học,7140213,,,40,unconfirmed,42658
TCT:7140217@2026,TCT,2026,7140217,Sư phạm Ngữ văn,7140217,,,120,unconfirmed,42664
TCT:7140218@2026,TCT,2026,7140218,Sư phạm Lịch sử,7140218,,,72,unconfirmed,42670
TCT:7140219@2026,TCT,2026,7140219,Sư phạm Địa lý,7140219,,,80,unconfirmed,42676
TCT:7140231@2026,TCT,2026,7140231,Sư phạm Tiếng Anh,7140231,,,120,unconfirmed,42682
TCT:7140233@2026,TCT,2026,7140233,Sư phạm Tiếng Pháp,7140233,,,20,unconfirmed,42688
TCT:7140247@2026,TCT,2026,7140247,Sư phạm Khoa học tự nhiên,7140247,,,49,unconfirmed,42694
TCT:7140249@2026,TCT,2026,7140249,Sư phạm Lịch sử - Địa lý,7140249,,,70,unconfirmed,42700
TCT:7220201@2026,TCT,2026,7220201,Ngôn ngữ Anh,7220201,,,260,unconfirmed,42706
TCT:7220201C@2026,TCT,2026,7220201C,Ngôn ngữ Anh (CTCLC),7220201,,,120,unconfirmed,42712
TCT:7220201H@2026,TCT,2026,7220201H,Ngôn ngữ Anh - CS Hậu Giang,7220201,,,60,unconfirmed,42718
TCT:7220203@2026,TCT,2026,7220203,Ngôn ngữ Pháp,7220203,,,80,unconfirmed,42724
TCT:7229001@2026,TCT,2026,7229001,Triết học,7229001,,,80,unconfirmed,42730
TCT:7229030@2026,TCT,2026,7229030,Văn học,7229030,,,110,unconfirmed,42736
TCT:7310101@2026,TCT,2026,7310101,Kinh tế,7310101,,,85,unconfirmed,42742
TCT:7310201@2026,TCT,2026,7310201,Chính trị học,7310201,,,80,unconfirmed,42748
TCT:7310301@2026,TCT,2026,7310301,Xã hội học,7310301,,,90,unconfirmed,42754
TCT:7310403@2026,TCT,2026,7310403,Tâm lý học giáo dục,7310403,,,120,unconfirmed,42760
TCT:7320101@2026,TCT,2026,7320101,Báo chí,7320101,,,110,unconfirmed,42766
TCT:7320104@2026,TCT,2026,7320104,Truyền thông đa phương tiện,7320104,,,110,unconfirmed,42772
TCT:7320201@2026,TCT,2026,7320201,Thông tin - thư viện,7320201,,,65,unconfirmed,42778
TCT:7340101@2026,TCT,2026,7340101,Quản trị kinh doanh,7340101,,,140,unconfirmed,42784
TCT:7340101C@2026,TCT,2026,7340101C,Quản trị kinh doanh (CTCLC),7340101,,,80,unconfirmed,42790
TCT:7340101H@2026,TCT,2026,7340101H,Quản trị kinh doanh - CS Hậu Giang,7340101,,,60,unconfirmed,42796
TCT:7340115@2026,TCT,2026,7340115,Marketing,7340115,,,100,unconfirmed,42802
TCT:7340120@2026,TCT,2026,7340120,Kinh doanh quốc tế,7340120,,,120,unconfirmed,42808
TCT:7340120C@2026,TCT,2026,7340120C,Kinh doanh quốc tế (CTCLC),7340120,,,80,unconfirmed,42814
TCT:7340121@2026,TCT,2026,7340121,Kinh doanh thương mại,7340121,,,100,unconfirmed,42820
TCT:7340122@2026,TCT,2026,7340122,Thương mại điện tử,7340122,,,160,unconfirmed,42826
TCT:7340201@2026,TCT,2026,7340201,Tài chính – Ngân hàng,7340201,,,80,unconfirmed,42832
TCT:7340201C@2026,TCT,2026,7340201C,Tài chính – Ngân hàng (CTCLC),7340201,,,40,unconfirmed,42838
TCT:7340205@2026,TCT,2026,7340205,Công nghệ tài chính,7340205,,,80,unconfirmed,42844
TCT:7340301@2026,TCT,2026,7340301,Kế toán,7340301,,,100,unconfirmed,42850
TCT:7340301S@2026,TCT,2026,7340301S,Kế toán - CS Sóc Trăng,7340301,,,40,unconfirmed,42856
TCT:7340302@2026,TCT,2026,7340302,Kiểm toán,7340302,,,80,unconfirmed,42862
TCT:7380101@2026,TCT,2026,7380101,Luật,7380101,,,220,unconfirmed,42868
TCT:7380101H@2026,TCT,2026,7380101H,Luật - CS Hậu Giang,7380101,,,60,unconfirmed,42874
TCT:7380101S@2026,TCT,2026,7380101S,Luật - CS Sóc Trăng,7380101,,,60,unconfirmed,42880
TCT:7380103@2026,TCT,2026,7380103,Luật dân sự và tố tụng dân sự,7380103,,,240,unconfirmed,42886
TCT:7380107@2026,TCT,2026,7380107,Luật kinh tế,7380107,,,160,unconfirmed,42892
TCT:7420101@2026,TCT,2026,7420101,Sinh học,7420101,,,80,unconfirmed,42898
TCT:7420201@2026,TCT,2026,7420201,Công nghệ sinh học,7420201,,,160,unconfirmed,42904
TCT:7420201T@2026,TCT,2026,7420201T,Công nghệ sinh học (CTTT),7420201,,,80,unconfirmed,42910
TCT:7420203@2026,TCT,2026,7420203,Sinh học ứng dụng,7420203,,,80,unconfirmed,42916
TCT:7440112@2026,TCT,2026,7440112,Hóa học,7440112,,,100,unconfirmed,42922
TCT:7440301@2026,TCT,2026,7440301,Khoa học môi trường,7440301,,,90,unconfirmed,42928
TCT:7460108@2026,TCT,2026,7460108,Khoa học dữ liệu,7460108,,,80,unconfirmed,42934
TCT:7460112@2026,TCT,2026,7460112,Toán ứng dụng,7460112,,,90,unconfirmed,42940
TCT:7460201@2026,TCT,2026,7460201,Thống kê,7460201,,,90,unconfirmed,42946
TCT:7480101@2026,TCT,2026,7480101,Khoa học máy tính,7480101,,,83,unconfirmed,42952
TCT:7480102@2026,TCT,2026,7480102,Mạng máy tính và truyền thông dữ liệu,7480102,,,80,unconfirmed,42958
TCT:7480102C@2026,TCT,2026,7480102C,Mạng máy tính và truyền thông dữ liệu (CTCLC),7480102,,,80,unconfirmed,42964
TCT:7480103@2026,TCT,2026,7480103,Kỹ thuật phần mềm,7480103,,,105,unconfirmed,42970
TCT:7480103C@2026,TCT,2026,7480103C,Kỹ thuật phần mềm (CTCLC),7480103,,,40,unconfirmed,42976
TCT:7480104@2026,TCT,2026,7480104,Hệ thống thông tin,7480104,,,105,unconfirmed,42982
TCT:7480104C@2026,TCT,2026,7480104C,Hệ thống thông tin (CTCLC),7480104,,,40,unconfirmed,42988
TCT:7480106@2026,TCT,2026,7480106,Kỹ thuật máy tính (Chuyên ngành Thiết kế vi mạch bán dẫn),7480106,,,145,unconfirmed,42994
TCT:7480107@2026,TCT,2026,7480107,Trí tuệ nhân tạo,7480107,,,200,unconfirmed,43000
TCT:7480201@2026,TCT,2026,7480201,Công nghệ thông tin,7480201,,,145,unconfirmed,43006
TCT:7480201C@2026,TCT,2026,7480201C,Công nghệ thông tin (CTCLC),7480201,,,40,unconfirmed,43012
TCT:7480201H@2026,TCT,2026,7480201H,Công nghệ thông tin - CS Hậu Giang,7480201,,,40,unconfirmed,43018
TCT:7480202@2026,TCT,2026,7480202,An toàn thông tin,7480202,,,80,unconfirmed,43024
TCT:7510401@2026,TCT,2026,7510401,Công nghệ kỹ thuật hóa học,7510401,,,120,unconfirmed,43030
TCT:7510401C@2026,TCT,2026,7510401C,Công nghệ kỹ thuật hóa học (CTCLC),7510401,,,40,unconfirmed,43036
TCT:7510601@2026,TCT,2026,7510601,Quản lý công nghiệp,7510601,,,80,unconfirmed,43042
TCT:7510605@2026,TCT,2026,7510605,Logistics và quản lý chuỗi cung ứng,7510605,,,95,unconfirmed,43048
TCT:7510605S@2026,TCT,2026,7510605S,Logistics và quản lý chuỗi cung ứng - CS Sóc Trăng,7510605,,,60,unconfirmed,43054
TCT:7520103@2026,TCT,2026,7520103,Kỹ thuật cơ khí (Cơ khí chế tạo máy),7520103,,,100,unconfirmed,43060
TCT:7520103C@2026,TCT,2026,7520103C,Kỹ thuật cơ khí (CTCLC),7520103,,,40,unconfirmed,43066
TCT:7520114@2026,TCT,2026,7520114,Kỹ thuật cơ điện tử,7520114,,,80,unconfirmed,43072
TCT:7520130@2026,TCT,2026,7520130,Kỹ thuật ô tô,7520130,,,80,unconfirmed,43078
TCT:7520201@2026,TCT,2026,7520201,Kỹ thuật điện,7520201,,,120,unconfirmed,43084
TCT:7520201C@2026,TCT,2026,7520201C,Kỹ thuật điện (CTCLC),7520201,,,40,unconfirmed,43090
TCT:7520207@2026,TCT,2026,7520207,Kỹ thuật điện tử – viễn thông,7520207,,,110,unconfirmed,43096
TCT:7520212@2026,TCT,2026,7520212,Kỹ thuật y sinh,7520212,,,80,unconfirmed,43102
TCT:7520216@2026,TCT,2026,7520216,Kỹ thuật điều khiển và tự động hóa,7520216,,,100,unconfirmed,43108
TCT:7520216C@2026,TCT,2026,7520216C,Kỹ thuật điều khiển và tự động hóa (CTCLC),7520216,,,40,unconfirmed,43114
TCT:7520309@2026,TCT,2026,7520309,Kỹ thuật vật liệu,7520309,,,60,unconfirmed,43120
TCT:7520320@2026,TCT,2026,7520320,Kỹ thuật môi trường,7520320,,,90,unconfirmed,43126
TCT:7520401@2026,TCT,2026,7520401,Vật lý kỹ thuật,7520401,,,85,unconfirmed,43132
TCT:7540101@2026,TCT,2026,7540101,Công nghệ thực phẩm,7540101,,,220,unconfirmed,43138
TCT:7540101C@2026,TCT,2026,7540101C,Công nghệ thực phẩm (CTCLC),7540101,,,80,unconfirmed,43144
TCT:7540104@2026,TCT,2026,7540104,Công nghệ sau thu hoạch,7540104,,,80,unconfirmed,43150
TCT:7540105@2026,TCT,2026,7540105,Công nghệ chế biến thủy sản,7540105,,,120,unconfirmed,43156
TCT:7540106@2026,TCT,2026,7540106,Đảm bảo chất lượng và an toàn thực phẩm,7540106,,,100,unconfirmed,43162
TCT:7580101@2026,TCT,2026,7580101,Kiến trúc,7580101,,,100,unconfirmed,43168
TCT:7580105@2026,TCT,2026,7580105,Quy hoạch vùng và đô thị,7580105,,,75,unconfirmed,43174
TCT:7580201@2026,TCT,2026,7580201,Kỹ thuật xây dựng,7580201,,,210,unconfirmed,43180
TCT:7580201C@2026,TCT,2026,7580201C,Kỹ thuật xây dựng (CTCLC),7580201,,,40,unconfirmed,43186
TCT:7580202@2026,TCT,2026,7580202,Kỹ thuật xây dựng công trình thủy,7580202,,,60,unconfirmed,43192
TCT:7580205@2026,TCT,2026,7580205,Kỹ thuật xây dựng công trình giao thông,7580205,,,120,unconfirmed,43198
TCT:7580213@2026,TCT,2026,7580213,Kỹ thuật cấp thoát nước,7580213,,,70,unconfirmed,43204
TCT:7580302@2026,TCT,2026,7580302,Quản lý xây dựng,7580302,,,100,unconfirmed,43210
TCT:7620103@2026,TCT,2026,7620103,Khoa học đất (Chuyên ngành Quản lý đất và Công nghệ phân bón),7620103,,,60,unconfirmed,43216
TCT:7620105@2026,TCT,2026,7620105,Chăn nuôi,7620105,,,100,unconfirmed,43222
TCT:7620109@2026,TCT,2026,7620109,Nông học,7620109,,,100,unconfirmed,43228
TCT:7620110@2026,TCT,2026,7620110,Khoa học cây trồng,7620110,,,100,unconfirmed,43234
TCT:7620112@2026,TCT,2026,7620112,Bảo vệ thực vật,7620112,,,140,unconfirmed,43240
TCT:7620112C@2026,TCT,2026,7620112C,Bảo vệ thực vật (CTCLC),7620112,,,40,unconfirmed,43246
TCT:7620113@2026,TCT,2026,7620113,Công nghệ rau hoa quả và cảnh quan,7620113,,,60,unconfirmed,43252
TCT:7620114@2026,TCT,2026,7620114,Kinh doanh nông nghiệp,7620114,,,80,unconfirmed,43258
TCT:7620114H@2026,TCT,2026,7620114H,Kinh doanh nông nghiệp - CS Hậu Giang,7620114,,,40,unconfirmed,43264
TCT:7620115@2026,TCT,2026,7620115,Kinh tế nông nghiệp,7620115,,,80,unconfirmed,43270
TCT:7620115H@2026,TCT,2026,7620115H,Kinh tế nông nghiệp - CS Hậu Giang,7620115,,,40,unconfirmed,43276
TCT:7620301@2026,TCT,2026,7620301,Nuôi trồng thủy sản,7620301,,,280,unconfirmed,43282
TCT:7620301T@2026,TCT,2026,7620301T,Nuôi trồng thủy sản (CTTT),7620301,,,40,unconfirmed,43288
TCT:7620302@2026,TCT,2026,7620302,Bệnh học thủy sản,7620302,,,100,unconfirmed,43294
TCT:7620305@2026,TCT,2026,7620305,Quản lý thủy sản,7620305,,,100,unconfirmed,43300
TCT:7640101@2026,TCT,2026,7640101,Thú y,7640101,,,200,unconfirmed,43306
TCT:7640101C@2026,TCT,2026,7640101C,Thú y (CTCLC),7640101,,,40,unconfirmed,43312
TCT:7720203@2026,TCT,2026,7720203,Hóa dược,7720203,,,120,unconfirmed,43318
TCT:7810101@2026,TCT,2026,7810101,Du lịch,7810101,,,110,unconfirmed,43324
TCT:7810101H@2026,TCT,2026,7810101H,Du lịch - CS Hậu Giang,7810101,,,60,unconfirmed,43330
TCT:7810101S@2026,TCT,2026,7810101S,Du lịch - CS Sóc Trăng,7810101,,,60,unconfirmed,43336
TCT:7810103@2026,TCT,2026,7810103,Quản trị dịch vụ du lịch và lữ hành,7810103,,,100,unconfirmed,43342
TCT:7810103C@2026,TCT,2026,7810103C,Quản trị dịch vụ du lịch và lữ hành (CTCLC),7810103,,,40,unconfirmed,43348
TCT:7850101@2026,TCT,2026,7850101,Quản lý tài nguyên và môi trường,7850101,,,120,unconfirmed,43354
TCT:7850102@2026,TCT,2026,7850102,Kinh tế tài nguyên thiên nhiên,7850102,,,90,unconfirmed,43360
TCT:7850103@2026,TCT,2026,7850103,Quản lý đất đai,7850103,,,130,unconfirmed,43366
TCU:7480201@2026,TCU,2026,7480201,Công nghệ thông tin,7480201,,,50,unconfirmed,43377
TCU:7520207@2026,TCU,2026,7520207,Kỹ thuật Điện tử - Viễn thông,7520207,,,50,unconfirmed,43383
TDB:7140206@2026,TDB,2026,7140206,Giáo dục thể chất,7140206,,,200,unconfirmed,43395
TDB:7729001@2026,TDB,2026,7729001,Y sinh học TDTT,7729001,,,50,unconfirmed,43401
TDB:7810301@2026,TDB,2026,7810301,Quản lý TDTT,7810301,,,50,unconfirmed,43407
TDB:7810302@2026,TDB,2026,7810302,Huấn luyện thể thao,7810302,,,1500,unconfirmed,43413
TDD:7140101@2026,TDD,2026,7140101,Giáo dục học,7140101,,,60,unconfirmed,43425
TDD:7220201@2026,TDD,2026,7220201,Ngôn ngữ Anh,7220201,,,120,unconfirmed,43431
TDD:7220204@2026,TDD,2026,7220204,Ngôn ngữ Trung Quốc,7220204,,,180,unconfirmed,43437
TDD:7310630@2026,TDD,2026,7310630,Việt Nam học (Hướng dẫn du lịch),7310630,,,80,unconfirmed,43443
TDD:7340101@2026,TDD,2026,7340101,Quản trị Kinh doanh,7340101,,,100,unconfirmed,43449
TDD:7340301@2026,TDD,2026,7340301,Kế toán,7340301,,,120,unconfirmed,43455
TDD:7340406@2026,TDD,2026,7340406,Quản trị Văn phòng,7340406,,,120,unconfirmed,43461
TDD:7380101@2026,TDD,2026,7380101,Luật,7380101,,,60,unconfirmed,43467
TDD:7480201@2026,TDD,2026,7480201,Công nghệ thông tin,7480201,,,200,unconfirmed,43473
TDD:7510205@2026,TDD,2026,7510205,Công nghệ kỹ thuật Ô tô,7510205,,,100,unconfirmed,43479
TDD:7510301@2026,TDD,2026,7510301,"Công nghệ kỹ thuật Điện, Điện tử",7510301,,,60,unconfirmed,43485
TDD:7720201@2026,TDD,2026,7720201,Dược học,7720201,,,640,unconfirmed,43491
TDD:7720301@2026,TDD,2026,7720301,Điều dưỡng,7720301,,,80,unconfirmed,43497
TDD:7810201@2026,TDD,2026,7810201,Quản trị khách sạn,7810201,,,100,unconfirmed,43503
TDH:7140206@2026,TDH,2026,7140206,Giáo dục Thể chất,7140206,,,300,unconfirmed,43514
TDH:7140208@2026,TDH,2026,7140208,Giáo dục Quốc phòng và An ninh,7140208,,,50,unconfirmed,43520
TDH:7810301@2026,TDH,2026,7810301,Quản lý thể dục thể thao,7810301,,,30,unconfirmed,43526
TDH:7810302@2026,TDH,2026,7810302,Huấn luyện thể thao,7810302,,,500,unconfirmed,43532
TDL:7140202@2026,TDL,2026,7140202,Giáo dục tiểu học,7140202,,,220,unconfirmed,43544
TDL:7140209@2026,TDL,2026,7140209,Sư phạm Toán học,7140209,,,60,unconfirmed,43550
TDL:7140210@2026,TDL,2026,7140210,Sư phạm Tin học,7140210,,,30,unconfirmed,43556
TDL:7140211@2026,TDL,2026,7140211,Sư phạm Vật lý,7140211,,,40,unconfirmed,43562
TDL:7140212@2026,TDL,2026,7140212,Sư phạm Hóa học,7140212,,,40,unconfirmed,43568
TDL:7140213@2026,TDL,2026,7140213,Sư phạm Sinh học,7140213,,,30,unconfirmed,43574
TDL:7140217@2026,TDL,2026,7140217,Sư phạm Ngữ văn,7140217,,,60,unconfirmed,43580
TDL:7140218@2026,TDL,2026,7140218,Sư phạm Lịch sử,7140218,,,60,unconfirmed,43586
TDL:7140231@2026,TDL,2026,7140231,Sư phạm Tiếng Anh,7140231,,,60,unconfirmed,43592
TDL:7220201@2026,TDL,2026,7220201,Ngôn ngữ Anh,7220201,,,270,unconfirmed,43598
TDL:7229010@2026,TDL,2026,7229010,Lịch sử,7229010,,,100,unconfirmed,43604
TDL:7229030@2026,TDL,2026,7229030,"Văn học (Ngữ văn học, Ngữ văn báo chí)",7229030,,,60,unconfirmed,43610
TDL:7229040@2026,TDL,2026,7229040,"Văn hóa học (Quản trị tài nguyên di sản, Quản lý giải trí và sự kiện)",7229040,,,50,unconfirmed,43616
TDL:7310301@2026,TDL,2026,7310301,Xã hội học,7310301,,,30,unconfirmed,43622
TDL:7310601@2026,TDL,2026,7310601,Quốc tế học,7310601,,,20,unconfirmed,43628
TDL:7310608@2026,TDL,2026,7310608,"Đông phương học (Hàn Quốc học, Nhật Bản học)",7310608,,,200,unconfirmed,43634
TDL:7310612@2026,TDL,2026,7310612,Trung Quốc học,7310612,,,100,unconfirmed,43640
TDL:7310630@2026,TDL,2026,7310630,Việt Nam học,7310630,,,20,unconfirmed,43646
TDL:7340101@2026,TDL,2026,7340101,Quản trị Kinh doanh,7340101,,,220,unconfirmed,43652
TDL:7340201@2026,TDL,2026,7340201,Tài chính – Ngân hàng (Tài chính - Ngân hàng; Công nghệ Tài chính (FinTech),7340201,,,120,unconfirmed,43658
TDL:7340301@2026,TDL,2026,7340301,"Kế toán (Kế toán, Kiểm toán)",7340301,,,90,unconfirmed,43664
TDL:7380101@2026,TDL,2026,7380101,Luật,7380101,,,235,unconfirmed,43670
TDL:7380104@2026,TDL,2026,7380104,Luật hình sự và tố tụng hình sự,7380104,,,30,unconfirmed,43676
TDL:7420101@2026,TDL,2026,7420101,Sinh học,7420101,,,50,unconfirmed,43682
TDL:7420201@2026,TDL,2026,7420201,"Công nghệ Sinh học (Công nghệ Sinh học, Công nghệ Sinh dược)",7420201,,,100,unconfirmed,43688
TDL:7440102@2026,TDL,2026,7440102,"Vật lý học (Vật lý điện tử - Vi mạch bán dẫn, Vật lý nguyên tử và hạt nhân)",7440102,,,50,unconfirmed,43694
TDL:7440112@2026,TDL,2026,7440112,"Hóa học (Phân tích - Kiểm nghiệm, Hóa Hữu cơ, Hóa Phóng xạ, Hóa Vật liệu)",7440112,,,50,unconfirmed,43700
TDL:7460101@2026,TDL,2026,7460101,"Toán học (Toán – Tin, Toán ứng dụng)",7460101,,,80,unconfirmed,43706
TDL:7460108@2026,TDL,2026,7460108,Khoa học dữ liệu,7460108,,,40,unconfirmed,43712
TDL:7480201@2026,TDL,2026,7480201,Công nghệ Thông tin,7480201,,,180,unconfirmed,43718
TDL:7510302@2026,TDL,2026,7510302,Công nghệ Kỹ thuật Điện tử - Viễn thông,7510302,,,50,unconfirmed,43724
TDL:7510303@2026,TDL,2026,7510303,"Công nghệ Kỹ thuật điều khiển và tự động hóa (Tự động hóa, Kỹ thuật điện)",7510303,,,50,unconfirmed,43730
TDL:7510406@2026,TDL,2026,7510406,"Công nghệ Kỹ thuật môi trường (Quản lý Môi trường và Biến đổi Khí hậu, Kỹ thuật Môi trường)",7510406,,,30,unconfirmed,43736
TDL:7520402@2026,TDL,2026,7520402,Kỹ thuật hạt nhân,7520402,,,50,unconfirmed,43742
TDL:7540101@2026,TDL,2026,7540101,Công nghệ thực phẩm,7540101,,,35,unconfirmed,43748
TDL:7540104@2026,TDL,2026,7540104,Công nghệ Sau thu hoạch,7540104,,,25,unconfirmed,43754
TDL:7620109@2026,TDL,2026,7620109,Nông học,7620109,,,50,unconfirmed,43760
TDL:7720203@2026,TDL,2026,7720203,Hóa dược,7720203,,,50,unconfirmed,43766
TDL:7760101@2026,TDL,2026,7760101,"Công tác xã hội (Tâm lý - tham vấn, Công tác xã hội, Phát triển cộng đồng)",7760101,,,70,unconfirmed,43772
TDL:7810103@2026,TDL,2026,7810103,Quản trị dịch vụ du lịch và lữ hành,7810103,,,280,unconfirmed,43778
TDL:7810106@2026,TDL,2026,7810106,Du lịch Văn hóa,7810106,,,45,unconfirmed,43784
TDM:7140101@2026,TDM,2026,7140101,Giáo dục học*,7140101,,,,unconfirmed,43796
TDM:7140103@2026,TDM,2026,7140103,Công nghệ giáo dục,7140103,,,,unconfirmed,43802
TDM:7140201@2026,TDM,2026,7140201,Giáo dục Mầm non*,7140201,,,,unconfirmed,43808
TDM:7140202@2026,TDM,2026,7140202,Giáo dục Tiểu học*,7140202,,,,unconfirmed,43814
TDM:7140209@2026,TDM,2026,7140209,Sư phạm Toán,7140209,,,,unconfirmed,43820
TDM:7140217@2026,TDM,2026,7140217,Sư phạm Ngữ văn*,7140217,,,,unconfirmed,43826
TDM:7140218@2026,TDM,2026,7140218,Sư phạm Lịch sử,7140218,,,,unconfirmed,43832
TDM:7210403@2026,TDM,2026,7210403,Thiết kế đồ họa*,7210403,,,,unconfirmed,43838
TDM:7210405@2026,TDM,2026,7210405,Âm nhạc,7210405,,,,unconfirmed,43844
TDM:7220201@2026,TDM,2026,7220201,Ngôn ngữ Anh*,7220201,,,,unconfirmed,43850
TDM:7220204@2026,TDM,2026,7220204,Ngôn ngữ Trung Quốc*,7220204,,,,unconfirmed,43856
TDM:7220210@2026,TDM,2026,7220210,Ngôn ngữ Hàn Quốc,7220210,,,,unconfirmed,43862
TDM:7310205@2026,TDM,2026,7310205,Quản lý nhà nước*,7310205,,,,unconfirmed,43868
TDM:7310206@2026,TDM,2026,7310206,Quan hệ quốc tế,7310206,,,,unconfirmed,43874
TDM:7310401@2026,TDM,2026,7310401,Tâm lý học*,7310401,,,,unconfirmed,43880
TDM:7310403@2026,TDM,2026,7310403,Tâm lý học giáo dục,7310403,,,,unconfirmed,43886
TDM:7320104@2026,TDM,2026,7320104,Truyền thông đa phương tiện,7320104,,,,unconfirmed,43892
TDM:7340101@2026,TDM,2026,7340101,Quản trị kinh doanh**,7340101,,,,unconfirmed,43898
TDM:7340115@2026,TDM,2026,7340115,Marketing,7340115,,,,unconfirmed,43904
TDM:7340120@2026,TDM,2026,7340120,Kinh doanh quốc tế,7340120,,,,unconfirmed,43910
TDM:7340122@2026,TDM,2026,7340122,Thương mại điện tử,7340122,,,,unconfirmed,43916
TDM:7340201@2026,TDM,2026,7340201,Tài chính - Ngân hàng**,7340201,,,,unconfirmed,43922
TDM:7340301@2026,TDM,2026,7340301,Kế toán**,7340301,,,,unconfirmed,43928
TDM:7340302@2026,TDM,2026,7340302,Kiểm toán,7340302,,,,unconfirmed,43934
TDM:7380101@2026,TDM,2026,7380101,Luật*,7380101,,,,unconfirmed,43940
TDM:7420201@2026,TDM,2026,7420201,Công nghệ sinh học,7420201,,,,unconfirmed,43946
TDM:7440102@2026,TDM,2026,7440102,Vật lý học,7440102,,,,unconfirmed,43952
TDM:7440112@2026,TDM,2026,7440112,Hoá học**,7440112,,,,unconfirmed,43958
TDM:7460101@2026,TDM,2026,7460101,Toán học*,7460101,,,,unconfirmed,43964
TDM:7480103@2026,TDM,2026,7480103,Kỹ thuật phần mềm**,7480103,,,,unconfirmed,43970
TDM:7480201@2026,TDM,2026,7480201,Công nghệ thông tin,7480201,,,,unconfirmed,43976
TDM:7480205@2026,TDM,2026,7480205,Trí tuệ nhân tạo và khoa học dữ liệu,7480205,,,,unconfirmed,43982
TDM:7510205@2026,TDM,2026,7510205,Công nghệ kỹ thuật ô tô,7510205,,,,unconfirmed,43988
TDM:7510402@2026,TDM,2026,7510402,Công nghệ vật liệu,7510402,,,,unconfirmed,43994
TDM:7510601@2026,TDM,2026,7510601,Quản lý công nghiệp*,7510601,,,,unconfirmed,44000
TDM:7510605@2026,TDM,2026,7510605,Logistics và quản lý chuỗi cung ứng*,7510605,,,,unconfirmed,44006
TDM:7520103@2026,TDM,2026,7520103,Kỹ thuật cơ khí,7520103,,,,unconfirmed,44012
TDM:7520114@2026,TDM,2026,7520114,Kỹ thuật cơ điện tử,7520114,,,,unconfirmed,44018
TDM:7520201@2026,TDM,2026,7520201,Kỹ thuật điện**,7520201,,,,unconfirmed,44024
TDM:7520216@2026,TDM,2026,7520216,Kỹ thuật điều khiển và tự động hoá,7520216,,,,unconfirmed,44030
TDM:7520320@2026,TDM,2026,7520320,Kỹ thuật môi trường,7520320,,,,unconfirmed,44036
TDM:7540101@2026,TDM,2026,7540101,Công nghệ thực phẩm,7540101,,,,unconfirmed,44042
TDM:7549001@2026,TDM,2026,7549001,Công nghệ chế biến lâm sản,7549001,,,,unconfirmed,44048
TDM:7580101@2026,TDM,2026,7580101,Kiến trúc,7580101,,,,unconfirmed,44054
TDM:7580201@2026,TDM,2026,7580201,Kỹ thuật xây dựng*,7580201,,,,unconfirmed,44060
TDM:7580205@2026,TDM,2026,7580205,Kỹ thuật xây dựng công trình giao thông,7580205,,,,unconfirmed,44066
TDM:7760101@2026,TDM,2026,7760101,Công tác xã hội*,7760101,,,,unconfirmed,44072
TDM:7810101@2026,TDM,2026,7810101,Du lịch,7810101,,,,unconfirmed,44078
TDM:7850101@2026,TDM,2026,7850101,Quản lý tài nguyên và môi trường*,7850101,,,,unconfirmed,44084
TDM:7850103@2026,TDM,2026,7850103,Quản lý đất đai*,7850103,,,,unconfirmed,44090
TDS:7140206@2026,TDS,2026,7140206,Giáo dục thể chất,7140206,,,80,unconfirmed,44102
TDS:7729001@2026,TDS,2026,7729001,Y sinh học thể dục thể thao,7729001,,,100,unconfirmed,44108
TDS:7810301@2026,TDS,2026,7810301,Quản lý thể dục thể thao,7810301,,,150,unconfirmed,44114
TDS:7810302@2026,TDS,2026,7810302,Huấn luyện thể thao,7810302,,,970,unconfirmed,44120
TDV:7310101@2026,TDV,2026,7310101,Kinh tế,7310101,,,60,unconfirmed,44131
TDV:7310104@2026,TDV,2026,7310104,Kinh tế đầu tư,7310104,,,150,unconfirmed,44137
TDV:7310109@2026,TDV,2026,7310109,Kinh tế số,7310109,,,60,unconfirmed,44143
TDV:7310110@2026,TDV,2026,7310110,Quản lí kinh tế,7310110,,,50,unconfirmed,44149
TDV:7340101@2026,TDV,2026,7340101,Quản trị kinh doanh,7340101,,,150,unconfirmed,44155
TDV:7340101TA@2026,TDV,2026,7340101TA,Quản trị kinh doanh (Chương trình tăng cường Tiếng Anh),7340101,,,30,unconfirmed,44161
TDV:7340115@2026,TDV,2026,7340115,Marketing,7340115,,,50,unconfirmed,44167
TDV:7340122@2026,TDV,2026,7340122,Thương mại điện tử,7340122,,,70,unconfirmed,44173
TDV:7340201@2026,TDV,2026,7340201,Tài chính - Ngân hàng (Chuyên ngành: Tài chính doanh nghiệp; Ngân hàng thương mại),7340201,,,170,unconfirmed,44179
TDV:7340205@2026,TDV,2026,7340205,Công nghệ tài chính,7340205,,,50,unconfirmed,44185
TDV:7340301@2026,TDV,2026,7340301,Kế toán,7340301,,,260,unconfirmed,44191
TDV:7340302@2026,TDV,2026,7340302,Kiểm toán,7340302,,,50,unconfirmed,44197
TDV:7229042@2026,TDV,2026,7229042,Quản lý văn hoá,7229042,,,30,unconfirmed,44203
TDV:7310201@2026,TDV,2026,7310201,Chính trị học,7310201,,,25,unconfirmed,44209
TDV:7310205@2026,TDV,2026,7310205,Quản lý nhà nước,7310205,,,30,unconfirmed,44215
TDV:7310630@2026,TDV,2026,7310630,Việt Nam học (Chuyên ngành du lịch),7310630,,,80,unconfirmed,44221
TDV:7380101@2026,TDV,2026,7380101,Luật,7380101,,,180,unconfirmed,44227
TDV:7380102@2026,TDV,2026,7380102,Luật hiến pháp và luật hành chính,7380102,,,50,unconfirmed,44233
TDV:7380103@2026,TDV,2026,7380103,Luật dân sự và tố tụng dân sự,7380103,,,50,unconfirmed,44239
TDV:7380107@2026,TDV,2026,7380107,Luật kinh tế,7380107,,,180,unconfirmed,44245
TDV:7760101@2026,TDV,2026,7760101,Công tác xã hội,7760101,,,50,unconfirmed,44251
TDV:7480101@2026,TDV,2026,7480101,Khoa học máy tính,7480101,,,30,unconfirmed,44257
TDV:7480201@2026,TDV,2026,7480201,Công nghệ thông tin,7480201,,,250,unconfirmed,44263
TDV:7480201CN@2026,TDV,2026,7480201CN,Công nghệ thông tin (Chuyênngành Trí tuệ nhân tạo),7480201,,,50,unconfirmed,44269
TDV:7510205@2026,TDV,2026,7510205,Công nghệ kỹ thuật ô tô,7510205,,,120,unconfirmed,44275
TDV:7510206@2026,TDV,2026,7510206,Công nghệ kỹ thuật nhiệt (Chuyên ngành Điện lạnh),7510206,,,20,unconfirmed,44281
TDV:7510301@2026,TDV,2026,7510301,"Công nghệ kỹ thuật điện, điện tử",7510301,,,100,unconfirmed,44287
TDV:7510302@2026,TDV,2026,7510302,Công nghệ kỹ thuật điện tử -viễn thông,7510302,,,70,unconfirmed,44293
TDV:7510303@2026,TDV,2026,7510303,Công nghệ kỹ thuật điều khiển và tự động hoá,7510303,,,60,unconfirmed,44299
TDV:7520207@2026,TDV,2026,7520207,Kỹ thuật điện tử - viễn thông,7520207,,,70,unconfirmed,44305
TDV:7520216@2026,TDV,2026,7520216,Kỹ thuật điều khiển và tự động hóa,7520216,,,60,unconfirmed,44311
TDV:7140114@2026,TDV,2026,7140114,Quản lý giáo dục,7140114,,,40,unconfirmed,44317
TDV:7140201@2026,TDV,2026,7140201,Giáo dục Mầm non,7140201,,,300,unconfirmed,44323
TDV:7140202@2026,TDV,2026,7140202,Giáo dục Tiểu học,7140202,,,300,unconfirmed,44329
TDV:7140205@2026,TDV,2026,7140205,Giáo dục Chính trị,7140205,,,50,unconfirmed,44335
TDV:7140206@2026,TDV,2026,7140206,Giáo dục Thể chất,7140206,,,50,unconfirmed,44341
TDV:7140209@2026,TDV,2026,7140209,Sư phạm Toán học,7140209,,,200,unconfirmed,44347
TDV:7140209TN@2026,TDV,2026,7140209TN,Sư phạm Toán học (Chương trình tài năng),7140209,,,50,unconfirmed,44353
TDV:7140210@2026,TDV,2026,7140210,Sư phạm Tin học,7140210,,,50,unconfirmed,44359
TDV:7140211@2026,TDV,2026,7140211,Sư phạm Vật lý,7140211,,,50,unconfirmed,44365
TDV:7140212@2026,TDV,2026,7140212,Sư phạm Hoá học,7140212,,,50,unconfirmed,44371
TDV:7140213@2026,TDV,2026,7140213,Sư phạm Sinh học,7140213,,,50,unconfirmed,44377
TDV:7140217@2026,TDV,2026,7140217,Sư phạm Ngữ văn,7140217,,,200,unconfirmed,44383
TDV:7140218@2026,TDV,2026,7140218,Sư phạm Lịch sử,7140218,,,50,unconfirmed,44389
TDV:7140219@2026,TDV,2026,7140219,Sư phạm Địa lý,7140219,,,50,unconfirmed,44395
TDV:7140247@2026,TDV,2026,7140247,Sư phạm khoa học tự nhiên,7140247,,,100,unconfirmed,44401
TDV:7140249@2026,TDV,2026,7140249,Sư phạm Lịch sử - Địa lí,7140249,,,100,unconfirmed,44407
TDV:7310403@2026,TDV,2026,7310403,Tâm lý học giáo dục,7310403,,,60,unconfirmed,44413
TDV:7140208@2026,TDV,2026,7140208,Giáo dục Quốc phòng - An ninh,7140208,,,50,unconfirmed,44419
TDV:7140231@2026,TDV,2026,7140231,Sư phạm Tiếng Anh,7140231,,,120,unconfirmed,44425
TDV:7140231TN@2026,TDV,2026,7140231TN,Sư phạm Tiếng Anh (Chương trình tài năng),7140231,,,30,unconfirmed,44431
TDV:7220201@2026,TDV,2026,7220201,Ngôn ngữ Anh,7220201,,,170,unconfirmed,44437
TDV:7220204@2026,TDV,2026,7220204,Ngôn ngữ Trung Quốc,7220204,,,100,unconfirmed,44443
TDV:7310601@2026,TDV,2026,7310601,Quốc tế học,7310601,,,30,unconfirmed,44449
TDV:7580101@2026,TDV,2026,7580101,Kiến trúc,7580101,,,30,unconfirmed,44455
TDV:7580201@2026,TDV,2026,7580201,Kỹ thuật xây dựng,7580201,,,60,unconfirmed,44461
TDV:7580205@2026,TDV,2026,7580205,Kỹ thuật xây dựng công trình giao thông,7580205,,,20,unconfirmed,44467
TDV:7580301@2026,TDV,2026,7580301,Kinh tế xây dựng,7580301,,,50,unconfirmed,44473
TDV:7420201@2026,TDV,2026,7420201,Công nghệ sinh học,7420201,,,20,unconfirmed,44479
TDV:7540101@2026,TDV,2026,7540101,Công nghệ thực phẩm,7540101,,,40,unconfirmed,44485
TDV:7720301@2026,TDV,2026,7720301,Điều dưỡng,7720301,,,120,unconfirmed,44491
TDV:7620105@2026,TDV,2026,7620105,Chăn nuôi,7620105,,,15,unconfirmed,44497
TDV:7620109@2026,TDV,2026,7620109,Nông học (Chuyên ngành Bảo vệ thực vật),7620109,,,15,unconfirmed,44503
TDV:7620110@2026,TDV,2026,7620110,Khoa học cây trồng,7620110,,,15,unconfirmed,44509
TDV:7620301@2026,TDV,2026,7620301,Nuôi trồng thuỷ sản,7620301,,,20,unconfirmed,44515
TDV:7640101@2026,TDV,2026,7640101,Thú y,7640101,,,30,unconfirmed,44521
TDV:7850101@2026,TDV,2026,7850101,Quản lý tài nguyên và môi trường,7850101,,,15,unconfirmed,44527
TDV:7850103@2026,TDV,2026,7850103,Quản lý đất đai (Chuyên ngành Quản lý phát triển đô thị và bất động sản),7850103,,,15,unconfirmed,44533
TGH:7860206@2026,TGH,2026,7860206,Chỉ huy tham mưu Tăng Thiết giáp (Thí sinh nam miền Bắc),7860206,,,95,unconfirmed,44545
TGH:7860206~2@2026,TGH,2026,7860206,Chỉ huy tham mưu Tăng Thiết giáp (Thí sinh nam miền Nam),7860206,,,63,unconfirmed,44551
THP:7140201_01@2026,THP,2026,7140201_01,Giáo dục Mầm non,7140201,,,,unconfirmed,44563
THP:7140202_01@2026,THP,2026,7140202_01,Giáo dục Tiểu học,7140202,,,,unconfirmed,44569
THP:7140206_01@2026,THP,2026,7140206_01,Giáo dục Thể chất,7140206,,,,unconfirmed,44575
THP:7140209_01@2026,THP,2026,7140209_01,Sư phạm Toán học,7140209,,,,unconfirmed,44581
THP:7140217_01@2026,THP,2026,7140217_01,Sư phạm Ngữ văn,7140217,,,,unconfirmed,44587
THP:7140231_01@2026,THP,2026,7140231_01,Sư phạm Tiếng Anh,7140231,,,,unconfirmed,44593
THP:7220201_01@2026,THP,2026,7220201_01,Ngôn ngữ Anh,7220201,,,,unconfirmed,44599
THP:7220204_01@2026,THP,2026,7220204_01,Ngôn ngữ Trung Quốc,7220204,,,,unconfirmed,44605
THP:7229030_01@2026,THP,2026,7229030_01,Văn học,7229030,,,,unconfirmed,44611
THP:7310101_02@2026,THP,2026,7310101_02,Kinh tế ngoại thương,7310101,,,,unconfirmed,44617
THP:7310101_03@2026,THP,2026,7310101_03,Quản lý kinh tế,7310101,,,,unconfirmed,44623
THP:7310101_04@2026,THP,2026,7310101_04,Logistics và vận tải đa phương thức,7310101,,,,unconfirmed,44629
THP:7310101_20@2026,THP,2026,7310101_20,Logistics và vận tải đa phương thức (CLC),7310101,,,,unconfirmed,44635
THP:7310401_01@2026,THP,2026,7310401_01,Tâm lý học giáo dục,7310401,,,,unconfirmed,44641
THP:7310608_01@2026,THP,2026,7310608_01,Nhật Bản học,7310608,,,,unconfirmed,44647
THP:7340101_01@2026,THP,2026,7340101_01,Quản trị kinh doanh,7340101,,,,unconfirmed,44653
THP:7340101_02@2026,THP,2026,7340101_02,Quản trị tài chính kế toán,7340101,,,,unconfirmed,44659
THP:7340101_20@2026,THP,2026,7340101_20,Kinh doanh số và dôi mới sáng tạo (CLC),7340101,,,,unconfirmed,44665
THP:7340101_21@2026,THP,2026,7340101_21,Quàn trị kinh doanh quốc tế (CLC),7340101,,,,unconfirmed,44671
THP:7340115_01@2026,THP,2026,7340115_01,Marketing số,7340115,,,,unconfirmed,44677
THP:7340115_02@2026,THP,2026,7340115_02,Marketing,7340115,,,,unconfirmed,44683
THP:7340115_03@2026,THP,2026,7340115_03,Truyền thông marketing,7340115,,,,unconfirmed,44689
THP:7340122_01@2026,THP,2026,7340122_01,Thương mại điện tử,7340122,,,,unconfirmed,44695
THP:7340201_02@2026,THP,2026,7340201_02,Tài chính doanh nghiệp,7340201,,,,unconfirmed,44701
THP:7340301_02@2026,THP,2026,7340301_02,Kế toán doanh nghiệp,7340301,,,,unconfirmed,44707
THP:7340301_03@2026,THP,2026,7340301_03,Kế toán - Kiểm toán,7340301,,,,unconfirmed,44713
THP:7340301_20@2026,THP,2026,7340301_20,Ke toán doanh nghiệp theo dịnh hướng ACCA (CLC),7340301,,,,unconfirmed,44719
THP:7380101_01@2026,THP,2026,7380101_01,Luật,7380101,,,,unconfirmed,44725
THP:7480201_01@2026,THP,2026,7480201_01,Công nghệ thông tin,7480201,,,,unconfirmed,44731
THP:7480201_02@2026,THP,2026,7480201_02,Trí tuệ nhân tạo và Khoa học dữ liệu,7480201,,,,unconfirmed,44737
THP:7480201_20@2026,THP,2026,7480201_20,Thiết kế game và Multimedia (CLC),7480201,,,,unconfirmed,44743
THP:7510103_02@2026,THP,2026,7510103_02,Xây dựng dân dụng và công nghiệp,7510103,,,,unconfirmed,44749
THP:7510202_01@2026,THP,2026,7510202_01,Công nghệ chế tạo máy,7510202,,,,unconfirmed,44755
THP:7510203_01@2026,THP,2026,7510203_01,Công nghệ kỹ thuật cơ điện tử,7510203,,,,unconfirmed,44761
THP:7510301_02@2026,THP,2026,7510301_02,Điện công nghiệp và dân dụng,7510301,,,,unconfirmed,44767
THP:7510301_20@2026,THP,2026,7510301_20,"Công nghệ điẹn lử, vi mạch và bán dần (CLC)",7510301,,,,unconfirmed,44773
THP:7510303_02@2026,THP,2026,7510303_02,Điện tự động công nghiệp,7510303,,,,unconfirmed,44779
THP:7580101_01@2026,THP,2026,7580101_01,Kiến trúc,7580101,,,,unconfirmed,44785
THP:7760101_01@2026,THP,2026,7760101_01,Công tác xã hội,7760101,,,,unconfirmed,44791
THP:7810103_01@2026,THP,2026,7810103_01,Quản trị dịch vụ du lịch và lữ hành,7810103,,,,unconfirmed,44797
THP:7810103_02@2026,THP,2026,7810103_02,"Quản trị lữ hành, khách sạn",7810103,,,,unconfirmed,44803
THP:7810103_03@2026,THP,2026,7810103_03,Hướng dẫn du lịch,7810103,,,,unconfirmed,44809
THU:7720301@2026,THU,2026,7720301,Điều dưỡng,7720301,,,110,unconfirmed,44821
THU:7720601@2026,THU,2026,7720601,Kỹ thuật xét nghiệm y học,7720601,,,38,unconfirmed,44827
THU:7720602@2026,THU,2026,7720602,Kỹ thuật hình ảnh y học,7720602,,,38,unconfirmed,44833
THU:7720603@2026,THU,2026,7720603,Kỹ thuật phục hồi chức năng,7720603,,,80,unconfirmed,44839
THV:7140201@2026,THV,2026,7140201,Giáo dục Mầm non,7140201,,,30,unconfirmed,44851
THV:7140202@2026,THV,2026,7140202,Giáo dục Tiểu học,7140202,,,160,unconfirmed,44857
THV:7140206@2026,THV,2026,7140206,Giáo dục Thể chất,7140206,,,20,unconfirmed,44863
THV:7140209@2026,THV,2026,7140209,Sư phạm Toán học,7140209,,,40,unconfirmed,44869
THV:7140217@2026,THV,2026,7140217,Sư phạm Ngữ Văn,7140217,,,40,unconfirmed,44875
THV:7140221@2026,THV,2026,7140221,Sư phạm Âm nhạc,7140221,,,20,unconfirmed,44881
THV:7140222@2026,THV,2026,7140222,Sư phạm Mỹ thuật,7140222,,,20,unconfirmed,44887
THV:7140231@2026,THV,2026,7140231,Sư phạm Tiếng Anh,7140231,,,80,unconfirmed,44893
THV:7140247@2026,THV,2026,7140247,Sư phạm Khoa học tự nhiên,7140247,,,20,unconfirmed,44899
THV:7140249@2026,THV,2026,7140249,Sư phạm Lịch sử - Địa lí,7140249,,,20,unconfirmed,44905
THV:7220201@2026,THV,2026,7220201,Ngôn ngữ Anh,7220201,,,200,unconfirmed,44911
THV:7220204@2026,THV,2026,7220204,Ngôn ngữ Trung Quốc,7220204,,,500,unconfirmed,44917
THV:7310101@2026,THV,2026,7310101,Kinh tế,7310101,,,135,unconfirmed,44923
THV:7310401@2026,THV,2026,7310401,Tâm lý học,7310401,,,40,unconfirmed,44929
THV:7340101@2026,THV,2026,7340101,Quản trị kinh doanh,7340101,,,180,unconfirmed,44935
THV:7340201@2026,THV,2026,7340201,Tài chính - Ngân hàng,7340201,,,120,unconfirmed,44941
THV:7340301@2026,THV,2026,7340301,Kế toán,7340301,,,300,unconfirmed,44947
THV:7480201@2026,THV,2026,7480201,Công nghệ thông tin,7480201,,,240,unconfirmed,44953
THV:7510201@2026,THV,2026,7510201,Công nghệ Kỹ thuật Cơ khí,7510201,,,70,unconfirmed,44959
THV:7510301@2026,THV,2026,7510301,"Công nghệ Kỹ thuật điện, điện tử",7510301,,,200,unconfirmed,44965
THV:7620105@2026,THV,2026,7620105,Chăn nuôi,7620105,,,20,unconfirmed,44971
THV:7620110@2026,THV,2026,7620110,Khoa học cây trồng,7620110,,,20,unconfirmed,44977
THV:7640101@2026,THV,2026,7640101,Thú y,7640101,,,60,unconfirmed,44983
THV:7720301@2026,THV,2026,7720301,Điều dưỡng,7720301,,,180,unconfirmed,44989
THV:7760101@2026,THV,2026,7760101,Công tác xã hội,7760101,,,80,unconfirmed,44995
THV:7810101@2026,THV,2026,7810101,Du lịch,7810101,,,100,unconfirmed,45001
THV:7810103@2026,THV,2026,7810103,Quản trị dịch vụ du lịch và lữ hành,7810103,,,180,unconfirmed,45007
TKG:7140201@2026,TKG,2026,7140201,Giáo dục Mầm non,7140201,,,,unconfirmed,45019
TKG:7140202@2026,TKG,2026,7140202,Giáo dục tiểu học,7140202,,,,unconfirmed,45025
TKG:7140209@2026,TKG,2026,7140209,Sư phạm Toán học,7140209,,,,unconfirmed,45031
TKG:7140231@2026,TKG,2026,7140231,Sư phạm Tiếng Anh,7140231,,,,unconfirmed,45037
TKG:7140247@2026,TKG,2026,7140247,Sư phạm Khoa học tự nhiên,7140247,,,,unconfirmed,45043
TKG:7220101@2026,TKG,2026,7220101,Tiếng Việt và Văn hóa Việt Nam,7220101,,,,unconfirmed,45049
TKG:7220201@2026,TKG,2026,7220201,Ngôn ngữ Anh,7220201,,,,unconfirmed,45055
TKG:7320104@2026,TKG,2026,7320104,Truyền thông đa phương tiện,7320104,,,,unconfirmed,45061
TKG:7340101@2026,TKG,2026,7340101,Quản trị kinh doanh,7340101,,,,unconfirmed,45067
TKG:7340120@2026,TKG,2026,7340120,Kinh doanh quốc tế,7340120,,,,unconfirmed,45073
TKG:7340122@2026,TKG,2026,7340122,Thương mại điện tử,7340122,,,,unconfirmed,45079
TKG:7340201@2026,TKG,2026,7340201,Tài chính - Ngân hàng,7340201,,,,unconfirmed,45085
TKG:7340301@2026,TKG,2026,7340301,Kế toán,7340301,,,,unconfirmed,45091
TKG:7380101@2026,TKG,2026,7380101,Luật,7380101,,,,unconfirmed,45097
TKG:7420201@2026,TKG,2026,7420201,Công nghệ sinh học,7420201,,,,unconfirmed,45103
TKG:7480107@2026,TKG,2026,7480107,Trí tuệ nhân tạo,7480107,,,,unconfirmed,45109
TKG:7480201@2026,TKG,2026,7480201,Công nghệ thông tin,7480201,,,,unconfirmed,45115
TKG:7510103@2026,TKG,2026,7510103,Công nghệ kỹ thuật xây dựng,7510103,,,,unconfirmed,45121
TKG:7510205@2026,TKG,2026,7510205,Công nghệ kỹ thuật ô tô,7510205,,,,unconfirmed,45127
TKG:7510406@2026,TKG,2026,7510406,Công nghệ kỹ thuật môi trường,7510406,,,,unconfirmed,45133
TKG:7520216@2026,TKG,2026,7520216,Kỹ thuật điều khiển và Tự động hóa,7520216,,,,unconfirmed,45139
TKG:7540101@2026,TKG,2026,7540101,Công nghệ thực phẩm,7540101,,,,unconfirmed,45145
TKG:7580302@2026,TKG,2026,7580302,Quản lý xây dựng,7580302,,,,unconfirmed,45151
TKG:7620105@2026,TKG,2026,7620105,Chăn nuôi,7620105,,,,unconfirmed,45157
TKG:7620110@2026,TKG,2026,7620110,Khoa học cây trồng,7620110,,,,unconfirmed,45163
TKG:7620301@2026,TKG,2026,7620301,Nuôi trồng thủy sản,7620301,,,,unconfirmed,45169
TKG:7640101@2026,TKG,2026,7640101,Thú y,7640101,,,,unconfirmed,45175
TKG:7810101@2026,TKG,2026,7810101,Du lịch,7810101,,,,unconfirmed,45181
TKG:7810202@2026,TKG,2026,7810202,Quản trị nhà hàng và dịch vụ ăn uống,7810202,,,,unconfirmed,45187
TKG:7850101@2026,TKG,2026,7850101,Quản lý tài nguyên và môi trường,7850101,,,,unconfirmed,45193
TLA:TLA101@2026,TLA,2026,TLA101,Xây dựng và quản lý công trình thủy (Kỹ thuật xây dựng công trình thủy),,,,140,unconfirmed,45205
TLA:TLA102@2026,TLA,2026,TLA102,Kỹ thuật tài nguyên nước,,,,100,unconfirmed,45210
TLA:TLA103@2026,TLA,2026,TLA103,Tài nguyên nước và môi trường (Thủy văn học),,,,120,unconfirmed,45215
TLA:TLA104@2026,TLA,2026,TLA104,Kỹ thuật xây dựng dân dụng và công nghiệp (Kỹ thuật xây dựng),,,,210,unconfirmed,45220
TLA:TLA105@2026,TLA,2026,TLA105,Kỹ thuật cơ khí,,,,120,unconfirmed,45225
TLA:TLA106@2026,TLA,2026,TLA106,Công nghệ thông tin,,,,120,unconfirmed,45230
TLA:TLA107@2026,TLA,2026,TLA107,Xây dựng và quản lý cấp thoát nước đô thị (Kỹ thuật cấp thoát nước),,,,100,unconfirmed,45235
TLA:TLA109@2026,TLA,2026,TLA109,Kỹ thuật môi trường,,,,120,unconfirmed,45240
TLA:TLA110@2026,TLA,2026,TLA110,Xây dựng và quản lý hạ tầng đô thị (Kỹ thuật cơ sở hạ tầng),,,,120,unconfirmed,45245
TLA:TLA111@2026,TLA,2026,TLA111,Công nghệ kỹ thuật xây dựng,,,,150,unconfirmed,45250
TLA:TLA112@2026,TLA,2026,TLA112,Kỹ thuật điện,,,,180,unconfirmed,45255
TLA:TLA113@2026,TLA,2026,TLA113,"Kỹ thuật xây dựng công trình giao thông (gồm các chương trình: Kỹ thuật xây dựng cầu, đường bộ; Kỹ thuật xây dựng Đường sắt tốc độ cao và đường sắt đô thị)",,,,180,unconfirmed,45260
TLA:TLA114@2026,TLA,2026,TLA114,Quản lý xây dựng,,,,210,unconfirmed,45265
TLA:TLA116@2026,TLA,2026,TLA116,Hệ thống thông tin,,,,80,unconfirmed,45270
TLA:TLA117@2026,TLA,2026,TLA117,Kỹ thuật phần mềm,,,,80,unconfirmed,45275
TLA:TLA118@2026,TLA,2026,TLA118,Kỹ thuật hóa học,,,,90,unconfirmed,45280
TLA:TLA119@2026,TLA,2026,TLA119,Công nghệ sinh học,,,,70,unconfirmed,45285
TLA:TLA120@2026,TLA,2026,TLA120,Kỹ thuật cơ điện tử,,,,120,unconfirmed,45290
TLA:TLA121@2026,TLA,2026,TLA121,Kỹ thuật điều khiển và tự động hóa,,,,140,unconfirmed,45295
TLA:TLA122@2026,TLA,2026,TLA122,Công nghệ cơ khí tự động hóa (Công nghệ chế tạo máy),,,,120,unconfirmed,45300
TLA:TLA123@2026,TLA,2026,TLA123,Kỹ thuật Ô tô,,,,140,unconfirmed,45305
TLA:TLA124@2026,TLA,2026,TLA124,Kỹ thuật điện tử - viễn thông (gồm các chương trình: Kỹ thuật điện tử - viễn thông; Công nghệ bán dẫn và thiết kế vi mạch),,,,70,unconfirmed,45310
TLA:TLA126@2026,TLA,2026,TLA126,Trí tuệ nhân tạo và khoa học dữ liệu,,,,80,unconfirmed,45315
TLA:TLA127@2026,TLA,2026,TLA127,An ninh mạng,,,,80,unconfirmed,45320
TLA:TLA128@2026,TLA,2026,TLA128,Kỹ thuật Robot và Điều khiển thông minh,,,,120,unconfirmed,45325
TLA:TLA130@2026,TLA,2026,TLA130,Chương trình Kỹ thuật xe năng lượng mới thông minh,,,,70,unconfirmed,45330
TLA:TLA201@2026,TLA,2026,TLA201,Chương trình tiên tiến ngành Kỹ thuật và quản lý xây dựng (*),,,,30,unconfirmed,45335
TLA:TLA202@2026,TLA,2026,TLA202,Chương trình tiên tiến ngành Kỹ thuật và quản lý tài nguyên nước(**),,,,30,unconfirmed,45340
TLA:TLA203@2026,TLA,2026,TLA203,Ngôn ngữ Anh,,,,140,unconfirmed,45345
TLA:TLA204@2026,TLA,2026,TLA204,Ngôn ngữ Trung Quốc,,,,100,unconfirmed,45350
TLA:TLA301@2026,TLA,2026,TLA301,Luật,,,,120,unconfirmed,45355
TLA:TLA302@2026,TLA,2026,TLA302,Luật kinh tế,,,,120,unconfirmed,45360
TLA:TLA401@2026,TLA,2026,TLA401,Kinh tế,,,,130,unconfirmed,45365
TLA:TLA402@2026,TLA,2026,TLA402,Quản trị kinh doanh,,,,140,unconfirmed,45370
TLA:TLA403@2026,TLA,2026,TLA403,Kế toán,,,,120,unconfirmed,45375
TLA:TLA404@2026,TLA,2026,TLA404,Kinh tế xây dựng,,,,140,unconfirmed,45380
TLA:TLA405@2026,TLA,2026,TLA405,Thương mại điện tử,,,,120,unconfirmed,45385
TLA:TLA406@2026,TLA,2026,TLA406,Quản trị dịch vụ du lịch và lữ hành,,,,70,unconfirmed,45390
TLA:TLA407@2026,TLA,2026,TLA407,Logistics và quản lý chuỗi cung ứng,,,,70,unconfirmed,45395
TLA:TLA408@2026,TLA,2026,TLA408,Tài chính – Ngân hàng,,,,70,unconfirmed,45400
TLA:TLA409@2026,TLA,2026,TLA409,Kiểm toán,,,,120,unconfirmed,45405
TLA:TLA410@2026,TLA,2026,TLA410,Kinh tế số,,,,70,unconfirmed,45410
TLA:TLA411@2026,TLA,2026,TLA411,Chương trình Kế toán tích hợp chứng chỉ quốc tế,,,,70,unconfirmed,45415
TLA:TLA412@2026,TLA,2026,TLA412,Chương trình Công nghệ tài chính,,,,70,unconfirmed,45420
TLA:TLA413@2026,TLA,2026,TLA413,Kinh doanh thương mại,,,,70,unconfirmed,45425
TLA:TLA414@2026,TLA,2026,TLA414,Marketing,,,,50,unconfirmed,45430
TLS:TLS101@2026,TLS,2026,TLS101,Xây dựng và quản lí công trình thủy (Kỹ thuật xây dựng công trình thủy),,,,30,unconfirmed,45441
TLS:TLS102@2026,TLS,2026,TLS102,Kỹ thuật tài nguyên nước,,,,20,unconfirmed,45446
TLS:TLS104@2026,TLS,2026,TLS104,Kỹ thuật xây dựng dân dụng và công nghiệp (Kỹ thuật xây dựng),,,,35,unconfirmed,45451
TLS:TLS106@2026,TLS,2026,TLS106,Công nghệ thông tin,,,,45,unconfirmed,45456
TLS:TLS107@2026,TLS,2026,TLS107,Kỹ thuật cấp thoát nước,,,,30,unconfirmed,45461
TLS:TLS108@2026,TLS,2026,TLS108,Kỹ thuật thủy lợi thông minh,,,,20,unconfirmed,45466
TLS:TLS111@2026,TLS,2026,TLS111,Công nghệ kỹ thuật xây dựng,,,,30,unconfirmed,45471
TLS:TLS113@2026,TLS,2026,TLS113,Kỹ thuật xây dựng công trình giao thông,,,,20,unconfirmed,45476
TLS:TLS114@2026,TLS,2026,TLS114,Quản lí xây dựng,,,,30,unconfirmed,45481
TLS:TLS115@2026,TLS,2026,TLS115,Xây dựng và quản lý đô thị thông minh,,,,20,unconfirmed,45486
TLS:TLS126@2026,TLS,2026,TLS126,Trí tuệ nhân tạo và khoa học dữ liệu,,,,30,unconfirmed,45491
TLS:TLS203@2026,TLS,2026,TLS203,Ngôn ngữ Anh,,,,45,unconfirmed,45496
TLS:TLS301@2026,TLS,2026,TLS301,Luật,,,,40,unconfirmed,45501
TLS:TLS302@2026,TLS,2026,TLS302,Luật kinh tế,,,,40,unconfirmed,45506
TLS:TLS402@2026,TLS,2026,TLS402,Quản trị kinh doanh,,,,80,unconfirmed,45511
TLS:TLS403@2026,TLS,2026,TLS403,Kế toán,,,,70,unconfirmed,45516
TLS:TLS404@2026,TLS,2026,TLS404,Kinh tế xây dựng,,,,20,unconfirmed,45521
TLS:TLS405@2026,TLS,2026,TLS405,Thương mại điện tử,,,,60,unconfirmed,45526
TLS:TLS407@2026,TLS,2026,TLS407,Logistics và quản lí chuỗi cung ứng,,,,40,unconfirmed,45531
TLS:TSL412@2026,TLS,2026,TSL412,Chương trình Công nghệ tài chính,,,,45,unconfirmed,45536
TMU:TM01@2026,TMU,2026,TM01,Quản trị kinh doanh,,,,250,unconfirmed,45547
TMU:TM02@2026,TMU,2026,TM02,Quản trị kinh doanh - Chương trình định hướng chuyên sâu nghề nghiệp quốc tế - IPOP,,,,150,unconfirmed,45552
TMU:TM03@2026,TMU,2026,TM03,Quản trị kinh doanh (Khởi nghiệp và phát triển kinh doanh),,,,100,unconfirmed,45557
TMU:TM04@2026,TMU,2026,TM04,Quản trị khách sạn,,,,100,unconfirmed,45562
TMU:TM05@2026,TMU,2026,TM05,Quản trị khách sạn (Quản trị khách sạn - Chương trình định hướng chuyên sâu nghề nghiệp quốc tế - IPOP),,,,100,unconfirmed,45567
TMU:TM06@2026,TMU,2026,TM06,Quản trị dịch vụ du lịch và lữ hành,,,,80,unconfirmed,45572
TMU:TM07@2026,TMU,2026,TM07,Marketing (Marketing Thương mại),,,,160,unconfirmed,45577
TMU:TM08@2026,TMU,2026,TM08,Marketing (Marketing thương mại - Chương trình định hướng chuyên sâu nghề nghiệp quốc tế - IPOP),,,,150,unconfirmed,45582
TMU:TM09@2026,TMU,2026,TM09,Marketing (Marketing số),,,,100,unconfirmed,45587
TMU:TM10@2026,TMU,2026,TM10,Marketing (Quản trị Thương hiệu),,,,100,unconfirmed,45592
TMU:TM11@2026,TMU,2026,TM11,Marketing (Quản trị thương hiệu - Chương trình định hướng chuyên sâu nghề nghiệp quốc tế - IPOP),,,,100,unconfirmed,45597
TMU:TM12@2026,TMU,2026,TM12,Kế toán (Kế toán doanh nghiệp),,,,120,unconfirmed,45602
TMU:TM13@2026,TMU,2026,TM13,Kế toán (Kế toán tích hợp chứng chỉ quốc tế ICAEW CFAB - Chương trình định hướng chuyên sâu nghề nghiệp quốc tế - IPOP),,,,120,unconfirmed,45607
TMU:TM14@2026,TMU,2026,TM14,Kế toán (Kế toán công),,,,80,unconfirmed,45612
TMU:TM15@2026,TMU,2026,TM15,Kiểm toán (Kiểm toán),,,,100,unconfirmed,45617
TMU:TM16@2026,TMU,2026,TM16,Kiểm toán (Kiểm toán tích hợp chứng chỉ quốc tế ICAEW CFAB - Chương trình định hướng chuyên sâu nghề nghiệp quốc tế - IPOP),,,,120,unconfirmed,45622
TMU:TM17@2026,TMU,2026,TM17,Logistics và Quản lý chuỗi cung ứng (Logistics và Quản lý chuỗi cung ứng),,,,120,unconfirmed,45627
TMU:TM18@2026,TMU,2026,TM18,Logistics và Quản lý chuỗi cung ứng (Logistics và Xuất nhập khẩu - Chương trình định hướng chuyên sâu nghề nghiệp quốc tế - IPOP),,,,120,unconfirmed,45632
TMU:TM19@2026,TMU,2026,TM19,Kinh doanh quốc tế (Thương mại quốc tế),,,,160,unconfirmed,45637
TMU:TM20@2026,TMU,2026,TM20,Kinh doanh quốc tế (Thương mại quốc tế - Chương trình định hướng chuyên sâu nghề nghiệp quốc tế - IPOP),,,,140,unconfirmed,45642
TMU:TM21@2026,TMU,2026,TM21,Kinh tế quốc tế,,,,120,unconfirmed,45647
TMU:TM22@2026,TMU,2026,TM22,Kinh tế (Quản lý kinh tế),,,,170,unconfirmed,45652
TMU:TM23@2026,TMU,2026,TM23,Kinh tế (Kinh tế và Quản lý đầu tư - Chương trình định hướng chuyên sâu nghề nghiệp quốc tế - IPOP),,,,120,unconfirmed,45657
TMU:TM24@2026,TMU,2026,TM24,Tài chính - Ngân hàng (Tài chính - Ngân hàng thương mại),,,,120,unconfirmed,45662
TMU:TM25@2026,TMU,2026,TM25,Tài chính - Ngân hàng (Tài chính - Ngân hàng thương mại - Chương trình định hướng chuyên sâu nghề nghiệp quốc tế - IPOP),,,,140,unconfirmed,45667
TMU:TM26@2026,TMU,2026,TM26,Tài chính - Ngân hàng (Tài chính công),,,,60,unconfirmed,45672
TMU:TM27@2026,TMU,2026,TM27,Tài chính - Ngân hàng (Công nghệ tài chính ngân hàng),,,,120,unconfirmed,45677
TMU:TM28@2026,TMU,2026,TM28,Thương mại điện tử (Quản trị thương mại điện tử),,,,170,unconfirmed,45682
TMU:TM29@2026,TMU,2026,TM29,Thương mại điện tử (Thương mại điện tử - Chương trình định hướng chuyên sâu nghề nghiệp quốc tế - IPOP),,,,120,unconfirmed,45687
TMU:TM30@2026,TMU,2026,TM30,Thương mại điện tử (Kinh doanh số),,,,100,unconfirmed,45692
TMU:TM31@2026,TMU,2026,TM31,Hệ thống thông tin quản lý (Quản trị Hệ thống thông tin),,,,150,unconfirmed,45697
TMU:TM32@2026,TMU,2026,TM32,Hệ thống thông tin quản lý (Quản trị Hệ thống thông tin - Chương trình định hướng chuyên sâu nghề nghiệp quốc tế - IPOP),,,,80,unconfirmed,45702
TMU:TM33@2026,TMU,2026,TM33,Ngôn ngữ Anh (Tiếng Anh thương mại),,,,250,unconfirmed,45707
TMU:TM34@2026,TMU,2026,TM34,Luật kinh tế (Luật kinh tế),,,,130,unconfirmed,45712
TMU:TM35@2026,TMU,2026,TM35,Luật kinh tế (Luật kinh doanh - Chương trình định hướng chuyên sâu nghề nghiệp quốc tế - IPOP),,,,110,unconfirmed,45717
TMU:TM36@2026,TMU,2026,TM36,Luật kinh tế (Luật thương mại quốc tế),,,,110,unconfirmed,45722
TMU:TM37@2026,TMU,2026,TM37,Quản trị nhân lực (Quản trị nhân lực doanh nghiệp),,,,150,unconfirmed,45727
TMU:TM38@2026,TMU,2026,TM38,Quản trị nhân lực (Quản trị nhân lực doanh nghiệp - Chương trình định hướng chuyên sâu nghề nghiệp quốc tế - IPOP),,,,130,unconfirmed,45732
TMU:TM39@2026,TMU,2026,TM39,Kinh tế số (Phân tích kinh doanh trong môi trường số),,,,100,unconfirmed,45737
TMU:TM40@2026,TMU,2026,TM40,Ngôn ngữ Trung Quốc (Tiếng Trung thương mại),,,,140,unconfirmed,45742
TMU:TM41@2026,TMU,2026,TM41,Ngôn ngữ Trung Quốc (Tiếng Trung thương mại - Chương trình định hướng chuyên sâu nghề nghiệp quốc tế - IPOP),,,,120,unconfirmed,45747
TMU:TM42@2026,TMU,2026,TM42,Quản trị kinh doanh (Tiếng Pháp thương mại),,,,50,unconfirmed,45752
TMU:TM43@2026,TMU,2026,TM43,Quản trị kinh doanh (Quản trị kinh doanh) - Khởi nghiệp (Thành lập doanh nghiệp) - Chương trình đào tạo song bằng quốc tế,,,,40,unconfirmed,45757
TMU:TM44@2026,TMU,2026,TM44,Marketing (Marketing thương mại) - Thương mại sản phẩm và dịch vụ (Bán hàng) - Chương trình đào tạo song bằng quốc tế,,,,60,unconfirmed,45762
TMU:TM45@2026,TMU,2026,TM45,Quản trị kinh doanh (Quản trị kinh doanh - Chương trình đào tạo tiến tiến),,,,50,unconfirmed,45767
TMU:TM46@2026,TMU,2026,TM46,Logistics và quản lý chuỗi cung ứng (Logistics và quản lý chuỗi cung ứng) - Thương mại và phân phối (Quản lý chuỗi cung ứng và phân phối) - Chương trình đào tạo song bằng quốc tế,,,,40,unconfirmed,45772
TMU:TM47@2026,TMU,2026,TM47,"Kế toán (Kế toán tích hợp chứng chỉ quốc tế ICAEW CFAB) - Bảo hiểm, ngân hàng, tài chính: Quan hệ khách hàng (Thương mại sản phẩm ngân hàng và dịch vụ tài chính) - Chương trình đào tạo song bằng quốc tế",,,,40,unconfirmed,45777
TMU:TM48@2026,TMU,2026,TM48,Logistics và Quản lý chuỗi cung ứng (Logistics và Quản lý vận tải đa phương thức - Chương trình định hướng chuyên sâu nghề nghiệp quốc tế - IPOP),,,,90,unconfirmed,45782
TMU:TM49@2026,TMU,2026,TM49,Kinh tế số (Phân tích dữ liệu trong kinh tế và kinh doanh - Chương trình định hướng chuyên sâu nghề nghiệp quốc tế - IPOP),,,,90,unconfirmed,45787
TMU:TM50@2026,TMU,2026,TM50,Quản trị dịch vụ du lịch và lữ hành (Quản trị sự kiện và dịch vụ giải trí - Chương trình định hướng chuyên sâu nghề nghiệp quốc tế - IPOP),,,,80,unconfirmed,45792
TMU:TM51@2026,TMU,2026,TM51,Khoa học máy tính (Ứng dụng trí tuệ nhân tạo trong kinh doanh),,,,80,unconfirmed,45797
TQU:51140201@2026,TQU,2026,51140201,Giáo dục Mầm non (hệ cao đẳng),,,,70,unconfirmed,45808
TQU:7140201@2026,TQU,2026,7140201,Giáo dục Mầm non (hệ đại học),7140201,,,250,unconfirmed,45813
TQU:7140202@2026,TQU,2026,7140202,Giáo dục Tiểu học,7140202,,,280,unconfirmed,45819
TQU:7140209@2026,TQU,2026,7140209,Sư phạm Toán học,7140209,,,60,unconfirmed,45825
TQU:7140213@2026,TQU,2026,7140213,Sư phạm Sinh học,7140213,,,20,unconfirmed,45831
TQU:7140217@2026,TQU,2026,7140217,Sư phạm Ngữ văn,7140217,,,50,unconfirmed,45837
TQU:7140247@2026,TQU,2026,7140247,Sư phạm Khoa học tự nhiên,7140247,,,30,unconfirmed,45843
TQU:7229042@2026,TQU,2026,7229042,Quản lý văn hóa,7229042,,,30,unconfirmed,45849
TQU:7310101@2026,TQU,2026,7310101,Kinh tế,7310101,,,20,unconfirmed,45855
TQU:7310104@2026,TQU,2026,7310104,Kinh tế đầu tư,7310104,,,20,unconfirmed,45861
TQU:7310201@2026,TQU,2026,7310201,Chính trị học,7310201,,,20,unconfirmed,45867
TQU:7310401@2026,TQU,2026,7310401,Tâm lý học,7310401,,,20,unconfirmed,45873
TQU:7340301@2026,TQU,2026,7340301,Kế toán,7340301,,,70,unconfirmed,45879
TQU:7460108@2026,TQU,2026,7460108,Khoa học dữ liệu,7460108,,,20,unconfirmed,45885
TQU:7480201@2026,TQU,2026,7480201,Công nghệ thông tin,7480201,,,90,unconfirmed,45891
TQU:7620115@2026,TQU,2026,7620115,Kinh tế nông nghiệp,7620115,,,20,unconfirmed,45897
TQU:7620205@2026,TQU,2026,7620205,Lâm sinh,7620205,,,20,unconfirmed,45903
TQU:7720201@2026,TQU,2026,7720201,Dược học,7720201,,,30,unconfirmed,45909
TQU:7720301@2026,TQU,2026,7720301,Điều dưỡng,7720301,,,90,unconfirmed,45915
TQU:7760101@2026,TQU,2026,7760101,Công tác xã hội,7760101,,,35,unconfirmed,45921
TQU:7810103@2026,TQU,2026,7810103,Quản trị DVDL và lữ hành,7810103,,,35,unconfirmed,45927
TQU:7810302@2026,TQU,2026,7810302,Huấn luyện thể thao,7810302,,,30,unconfirmed,45933
TSN:7520115MP@2026,TSN,2026,7520115MP,Kỹ thuật cơ điện lạnh (chương trình MP - NTU),7520115,,,,unconfirmed,45945
TSN:7810201V@2026,TSN,2026,7810201V,Quản trị khách sạn (Chương trình Vin),7810201,,,,unconfirmed,45951
TSN:7220201@2026,TSN,2026,7220201,Ngôn ngữ Anh (04 chuyên ngành: Biên - phiên dịch; Tiếng Anh du lịch; Giảng dạy Tiếng Anh; Song ngữ Anh -Trung),7220201,,,,unconfirmed,45957
TSN:7220204@2026,TSN,2026,7220204,Ngôn ngữ Trung Quốc,7220204,,,,unconfirmed,45963
TSN:7310101@2026,TSN,2026,7310101,Kinh tế (02 chuyên ngành: Kinh tế thủy sản; Quản lý kinh tế),7310101,,,,unconfirmed,45969
TSN:7310105@2026,TSN,2026,7310105,Kinh tế phát triển,7310105,,,,unconfirmed,45975
TSN:7340101@2026,TSN,2026,7340101,Quản trị kinh doanh,7340101,,,,unconfirmed,45981
TSN:7340115@2026,TSN,2026,7340115,Marketing,7340115,,,,unconfirmed,45987
TSN:7340121@2026,TSN,2026,7340121,Kinh doanh thương mại,7340121,,,,unconfirmed,45993
TSN:7340201@2026,TSN,2026,7340201,Tài chính - Ngân hàng (02 chuyên ngành: Tài chính - Ngân hàng; Công nghệ tài chính),7340201,,,,unconfirmed,45999
TSN:7340301@2026,TSN,2026,7340301,Kế toán,7340301,,,,unconfirmed,46005
TSN:7340302@2026,TSN,2026,7340302,Kiểm toán,7340302,,,,unconfirmed,46011
TSN:7340405@2026,TSN,2026,7340405,Hệ thống thông tin quản lý,7340405,,,,unconfirmed,46017
TSN:7380101@2026,TSN,2026,7380101,Luật (02 chuyên ngành: Luật; Luật kinh tế),7380101,,,,unconfirmed,46023
TSN:7420201@2026,TSN,2026,7420201,Công nghệ sinh học,7420201,,,,unconfirmed,46029
TSN:7480101@2026,TSN,2026,7480101,Khoa học máy tính,7480101,,,,unconfirmed,46035
TSN:7480201@2026,TSN,2026,7480201,Công nghệ thông tin,7480201,,,,unconfirmed,46041
TSN:7510202@2026,TSN,2026,7510202,Công nghệ chế tạo máy,7510202,,,,unconfirmed,46047
TSN:7520103@2026,TSN,2026,7520103,Kỹ thuật cơ khí (02 chuyên ngành: Kỹ thuật cơ khí; Thiết kế và chế tạo số),7520103,,,,unconfirmed,46053
TSN:7520114@2026,TSN,2026,7520114,Kỹ thuật cơ điện tử (02 chuyên ngành: Kỹ thuật cơ điện tử; Hệ thống nhúng và IoT),7520114,,,,unconfirmed,46059
TSN:7520115@2026,TSN,2026,7520115,"Kỹ thuật nhiệt (03 chuyên ngành: Kỹ thuật cơ điện lạnh; Điện lạnh, Cơ điện lạnh)",7520115,,,,unconfirmed,46065
TSN:7520116@2026,TSN,2026,7520116,Kỹ thuật cơ khí động lực,7520116,,,,unconfirmed,46071
TSN:7520122@2026,TSN,2026,7520122,Kỹ thuật tàu thủy,7520122,,,,unconfirmed,46077
TSN:7520130@2026,TSN,2026,7520130,Kỹ thuật ô tô,7520130,,,,unconfirmed,46083
TSN:7520201@2026,TSN,2026,7520201,"Kỹ thuật điện (chuyên ngành Kỹ thuật điện, điện tử)",7520201,,,,unconfirmed,46089
TSN:7520206@2026,TSN,2026,7520206,Kỹ thuật biển (Giàn khoan và Tuabin gió),7520206,,,,unconfirmed,46095
TSN:7520216@2026,TSN,2026,7520216,Kỹ thuật điều khiển và tự động hóa,7520216,,,,unconfirmed,46101
TSN:7520301@2026,TSN,2026,7520301,Kỹ thuật hoá học,7520301,,,,unconfirmed,46107
TSN:7520320@2026,TSN,2026,7520320,Kỹ thuật môi trường (02 chuyên ngành: Kỹ thuật môi trường; Quản lý môi trường và an toàn vệ sinh lao động),7520320,,,,unconfirmed,46113
TSN:7540101@2026,TSN,2026,7540101,Công nghệ thực phẩm (02 chuyên ngành: Công nghệ thực phẩm; Dinh dưỡng và ẩm thực),7540101,,,,unconfirmed,46119
TSN:7540105@2026,TSN,2026,7540105,Công nghệ chế biến thuỷ sản,7540105,,,,unconfirmed,46125
TSN:7540106@2026,TSN,2026,7540106,Đảm bảo chất lượng và an toàn thưc phẩm,7540106,,,,unconfirmed,46131
TSN:7580201@2026,TSN,2026,7580201,Kỹ thuật xây dựng (02 chuyên ngành: Kỹ thuật xây dựng; Quản lý xây dựng),7580201,,,,unconfirmed,46137
TSN:7580205@2026,TSN,2026,7580205,Kỹ thuật xây dựng công trình giao thông,7580205,,,,unconfirmed,46143
TSN:7620301@2026,TSN,2026,7620301,Nuôi trồng thuỷ sản,7620301,,,,unconfirmed,46149
TSN:7620303@2026,TSN,2026,7620303,"Khoa học thủy sản (02 chuyên ngành: Khoa học thủy sản, Khai thác thủy sản)",7620303,,,,unconfirmed,46155
TSN:7620305@2026,TSN,2026,7620305,Quản lý thuỷ sản,7620305,,,,unconfirmed,46161
TSN:7810103@2026,TSN,2026,7810103,Quản trị dịch vụ du lịch và lữ hành,7810103,,,,unconfirmed,46167
TSN:7810201@2026,TSN,2026,7810201,Quản trị khách sạn,7810201,,,,unconfirmed,46173
TSN:7810201A@2026,TSN,2026,7810201A,Quản trị khách sạn (Chương trình đặc biệt),7810201,,,,unconfirmed,46179
TSN:7840106@2026,TSN,2026,7840106,Khoa học hàng hải (02 chuyên ngành: Khoa học hàng hải; Quản lý hàng hải và Logistics),7840106,,,,unconfirmed,46185
TSN:7340101A@2026,TSN,2026,7340101A,Quản trị kinh doanh (Chương trình đặc biệt),7340101,,,,unconfirmed,46191
TSN:7340201A@2026,TSN,2026,7340201A,Tài chính - Ngân hàng (Chương trình đặc biệt),7340201,,,,unconfirmed,46197
TSN:7340301A@2026,TSN,2026,7340301A,Kế toán (Chương trình đặc biệt),7340301,,,,unconfirmed,46203
TSN:7420201MP@2026,TSN,2026,7420201MP,Công nghệ sinh học (Chương trình Minh Phú -NTU),7420201,,,,unconfirmed,46209
TSN:7480201A@2026,TSN,2026,7480201A,Công nghệ thông tin (Chương trình đặc biệt),7480201,,,,unconfirmed,46215
TSN:7480201B@2026,TSN,2026,7480201B,Công nghệ thông tin Việt - Nhật,7480201,,,,unconfirmed,46221
TSN:7520103MP@2026,TSN,2026,7520103MP,Cơ khí thủy sản thông minh (Chương trình Minh Phú - NTU),7520103,,,,unconfirmed,46227
TSN:7520115MP~2@2026,TSN,2026,7520115MP,Kỹ thuật cơ điện lạnh (chương trình MP - NTU),7520115,,,,unconfirmed,46233
TSN:7540105HV@2026,TSN,2026,7540105HV,Công nghệ chế biến thủy sản (chương trình Hải Vương - NTU),7540105,,,,unconfirmed,46239
TSN:7540105MP@2026,TSN,2026,7540105MP,Công nghệ chế biến thuỷ sản (Chương trình Minh Phú - NTU),7540105,,,,unconfirmed,46245
TSN:7620301MP@2026,TSN,2026,7620301MP,Nuôi trồng thuỷ sản (Chương trình Minh Phú - NTU),7620301,,,,unconfirmed,46251
TSN:7810103A@2026,TSN,2026,7810103A,Quản trị dịch vụ du lịch lữ hành (Chương trình đặc biệt),7810103,,,,unconfirmed,46257
TSN:7810103P@2026,TSN,2026,7810103P,Quản trị dịch vụ du lịch và lữ hành (Chương trình song ngữ Pháp - Việt),7810103,,,,unconfirmed,46263
TSN:7810201~2@2026,TSN,2026,7810201,Quản trị khách sạn,7810201,,,,unconfirmed,46269
TSN:7810201A~2@2026,TSN,2026,7810201A,Quản trị khách sạn (Chương trình đặc biệt),7810201,,,,unconfirmed,46275
TSN:7810201V~2@2026,TSN,2026,7810201V,Quản trị khách sạn (Chương trình Vin),7810201,,,,unconfirmed,46281
TTB:7140201@2026,TTB,2026,7140201,Giáo dục mầm non,7140201,,,250,unconfirmed,46293
TTB:7140202@2026,TTB,2026,7140202,Giáo dục Tiểu học,7140202,,,250,unconfirmed,46299
TTB:7140205@2026,TTB,2026,7140205,Giáo dục Chính trị,7140205,,,75,unconfirmed,46305
TTB:7140206@2026,TTB,2026,7140206,Giáo dục Thể chất,7140206,,,40,unconfirmed,46311
TTB:7140209@2026,TTB,2026,7140209,Sư phạm Toán học,7140209,,,50,unconfirmed,46317
TTB:7140210@2026,TTB,2026,7140210,Sư phạm Tin học,7140210,,,60,unconfirmed,46323
TTB:7140211@2026,TTB,2026,7140211,Sư phạm Vật lí,7140211,,,100,unconfirmed,46329
TTB:7140212@2026,TTB,2026,7140212,Sư phạm Hóa học,7140212,,,100,unconfirmed,46335
TTB:7140213@2026,TTB,2026,7140213,Sư phạm Sinh học,7140213,,,100,unconfirmed,46341
TTB:7140217@2026,TTB,2026,7140217,Sư phạm Ngữ văn,7140217,,,100,unconfirmed,46347
TTB:7140218@2026,TTB,2026,7140218,Sư phạm Lịch sử,7140218,,,100,unconfirmed,46353
TTB:7140219@2026,TTB,2026,7140219,Sư phạm Địa lí,7140219,,,65,unconfirmed,46359
TTB:7140231@2026,TTB,2026,7140231,Sư phạm Tiếng Anh,7140231,,,70,unconfirmed,46365
TTB:7140247@2026,TTB,2026,7140247,Sư phạm Khoa học tự nhiên,7140247,,,50,unconfirmed,46371
TTB:7220101@2026,TTB,2026,7220101,Tiếng Việt và văn hóa Việt Nam,7220101,,,50,unconfirmed,46377
TTB:7220201@2026,TTB,2026,7220201,Ngôn ngữ Anh,7220201,,,50,unconfirmed,46383
TTB:7340101@2026,TTB,2026,7340101,Quản trị kinh doanh,7340101,,,40,unconfirmed,46389
TTB:7340201@2026,TTB,2026,7340201,Tài chính - Ngân hàng,7340201,,,40,unconfirmed,46395
TTB:7340301@2026,TTB,2026,7340301,Kế toán,7340301,,,70,unconfirmed,46401
TTB:7480201@2026,TTB,2026,7480201,Công nghệ thông tin,7480201,,,110,unconfirmed,46407
TTB:7620105@2026,TTB,2026,7620105,Chăn nuôi,7620105,,,30,unconfirmed,46413
TTB:7620106@2026,TTB,2026,7620106,Chăn nuôi - Thú y,7620106,,,30,unconfirmed,46419
TTB:7620109@2026,TTB,2026,7620109,Nông học,7620109,,,30,unconfirmed,46425
TTB:7620112@2026,TTB,2026,7620112,Bảo vệ thực vật,7620112,,,30,unconfirmed,46431
TTB:7620190@2026,TTB,2026,7620190,Nông nghiệp công nghệ cao,7620190,,,30,unconfirmed,46437
TTB:7620205@2026,TTB,2026,7620205,Lâm sinh,7620205,,,30,unconfirmed,46443
TTB:7620211@2026,TTB,2026,7620211,Quản lý tài nguyên rừng,7620211,,,30,unconfirmed,46449
TTB:7720401@2026,TTB,2026,7720401,Dinh dưỡng,7720401,,,50,unconfirmed,46455
TTB:7810103@2026,TTB,2026,7810103,Quản trị dịch vụ du lịch và lữ hành,7810103,,,50,unconfirmed,46461
TTB:7850101@2026,TTB,2026,7850101,Quản lý tài nguyên và môi trường,7850101,,,30,unconfirmed,46467
TTD:7140206@2026,TTD,2026,7140206,Giáo dục thể chất,7140206,,,,unconfirmed,46479
TTD:7810301@2026,TTD,2026,7810301,Quản lý TDTT,7810301,,,,unconfirmed,46485
TTD:7810302@2026,TTD,2026,7810302,Huấn luyện thể thao,7810302,,,,unconfirmed,46491
TTG:51140201@2026,TTG,2026,51140201,CĐ Sư phạm Mầm non,,,,200,unconfirmed,46500
TTG:7140202@2026,TTG,2026,7140202,ĐH Giáo dục tiểu học,7140202,,,100,unconfirmed,46505
TTG:7229040@2026,TTG,2026,7229040,ĐH Văn hóa học,7229040,,,50,unconfirmed,46511
TTG:7310101@2026,TTG,2026,7310101,ĐH Kinh tế,7310101,,,66,unconfirmed,46517
TTG:7340101@2026,TTG,2026,7340101,ĐH Quản trị kinh doanh,7340101,,,132,unconfirmed,46523
TTG:7340201@2026,TTG,2026,7340201,ĐH Tài chính ngân hàng,7340201,,,88,unconfirmed,46529
TTG:7340301@2026,TTG,2026,7340301,ĐH Kế toán,7340301,,,176,unconfirmed,46535
TTG:7380101@2026,TTG,2026,7380101,ĐH Luật,7380101,,,165,unconfirmed,46541
TTG:7420201@2026,TTG,2026,7420201,ĐH Công nghệ sinh học,7420201,,,50,unconfirmed,46547
TTG:7480201@2026,TTG,2026,7480201,ĐH Công nghệ thông tin,7480201,,,170,unconfirmed,46553
TTG:7510103@2026,TTG,2026,7510103,ĐH Công nghệ kỹ thuật xây dựng,7510103,,,50,unconfirmed,46559
TTG:7510201@2026,TTG,2026,7510201,ĐH Công nghệ kỹ thuật cơ khí,7510201,,,70,unconfirmed,46565
TTG:7510203@2026,TTG,2026,7510203,ĐH Công nghệ kỹ thuật cơ điện tử,7510203,,,50,unconfirmed,46571
TTG:7510205@2026,TTG,2026,7510205,ĐH Công nghệ kỹ thuật ô tô,7510205,,,80,unconfirmed,46577
TTG:7510303@2026,TTG,2026,7510303,ĐH Công nghệ kỹ thuật điều khiển & tự động hóa,7510303,,,90,unconfirmed,46583
TTG:7520201@2026,TTG,2026,7520201,ĐH Kỹ thuật Điện,7520201,,,80,unconfirmed,46589
TTG:7540101@2026,TTG,2026,7540101,ĐH Công nghệ thực phẩm,7540101,,,130,unconfirmed,46595
TTG:7620112@2026,TTG,2026,7620112,ĐH Bảo vệ thực vật,7620112,,,80,unconfirmed,46601
TTG:7620301@2026,TTG,2026,7620301,ĐH Nuôi trồng thủy sản,7620301,,,50,unconfirmed,46607
TTG:7640101@2026,TTG,2026,7640101,ĐH Thú y,7640101,,,80,unconfirmed,46613
TTG:7810101@2026,TTG,2026,7810101,ĐH Du lịch,7810101,,,88,unconfirmed,46619
TTH:7860219@2026,TTH,2026,7860219,Chỉ huy - Tham mưu Thông tin (miền Bắc),7860219,,,238,unconfirmed,46630
TTH:7860219~2@2026,TTH,2026,7860219,Chỉ huy - Tham mưu Thông tin (miền Nam),7860219,,,158,unconfirmed,46636
TTN:7140201@2026,TTN,2026,7140201,Giáo dục Mầm non,7140201,,,240,unconfirmed,46647
TTN:7140202@2026,TTN,2026,7140202,Giáo dục Tiểu học,7140202,,,190,unconfirmed,46653
TTN:7140202JR@2026,TTN,2026,7140202JR,Giáo dục Tiểu học - Tiếng Jrai,7140202,,,50,unconfirmed,46659
TTN:7140205@2026,TTN,2026,7140205,Giáo dục Chính trị,7140205,,,50,unconfirmed,46665
TTN:7140206@2026,TTN,2026,7140206,Giáo dục Thể chất,7140206,,,70,unconfirmed,46671
TTN:7140209@2026,TTN,2026,7140209,Sư phạm Toán học,7140209,,,50,unconfirmed,46677
TTN:7140211@2026,TTN,2026,7140211,Sư phạm Vật lý,7140211,,,50,unconfirmed,46683
TTN:7140212@2026,TTN,2026,7140212,Sư phạm Hóa học,7140212,,,50,unconfirmed,46689
TTN:7140213@2026,TTN,2026,7140213,Sư phạm Sinh học,7140213,,,50,unconfirmed,46695
TTN:7140217@2026,TTN,2026,7140217,Sư phạm Ngữ văn,7140217,,,50,unconfirmed,46701
TTN:7140231@2026,TTN,2026,7140231,Sư phạm Tiếng Anh,7140231,,,70,unconfirmed,46707
TTN:7140247@2026,TTN,2026,7140247,Sư phạm Khoa học tự nhiên,7140247,,,60,unconfirmed,46713
TTN:7220201@2026,TTN,2026,7220201,Ngôn ngữ Anh,7220201,,,170,unconfirmed,46719
TTN:7229001@2026,TTN,2026,7229001,Triết học,7229001,,,40,unconfirmed,46725
TTN:7229030@2026,TTN,2026,7229030,Văn học,7229030,,,50,unconfirmed,46731
TTN:7310101@2026,TTN,2026,7310101,Kinh tế,7310101,,,130,unconfirmed,46737
TTN:7310105@2026,TTN,2026,7310105,Kinh tế phát triển,7310105,,,50,unconfirmed,46743
TTN:7310403@2026,TTN,2026,7310403,Tâm lý học giáo dục,7310403,,,40,unconfirmed,46749
TTN:7340101@2026,TTN,2026,7340101,Quản trị kinh doanh,7340101,,,130,unconfirmed,46755
TTN:7340121@2026,TTN,2026,7340121,Kinh doanh thương mại,7340121,,,60,unconfirmed,46761
TTN:7340201@2026,TTN,2026,7340201,Tài chính - Ngân hàng,7340201,,,70,unconfirmed,46767
TTN:7340205@2026,TTN,2026,7340205,Công nghệ tài chính,7340205,,,30,unconfirmed,46773
TTN:7340301@2026,TTN,2026,7340301,Kế toán,7340301,,,130,unconfirmed,46779
TTN:7420201@2026,TTN,2026,7420201,Công nghệ sinh học,7420201,,,50,unconfirmed,46785
TTN:7420201YD@2026,TTN,2026,7420201YD,Công nghệ sinh học Y Dược,7420201,,,50,unconfirmed,46791
TTN:7480201@2026,TTN,2026,7480201,Công nghệ thông tin,7480201,,,90,unconfirmed,46797
TTN:7540101@2026,TTN,2026,7540101,Công nghệ thực phẩm,7540101,,,80,unconfirmed,46803
TTN:7620105@2026,TTN,2026,7620105,Chăn nuôi,7620105,,,60,unconfirmed,46809
TTN:7620110@2026,TTN,2026,7620110,Khoa học cây trồng,7620110,,,80,unconfirmed,46815
TTN:7620112@2026,TTN,2026,7620112,Bảo vệ thực vật,7620112,,,120,unconfirmed,46821
TTN:7620115@2026,TTN,2026,7620115,Kinh tế nông nghiệp,7620115,,,50,unconfirmed,46827
TTN:7620205@2026,TTN,2026,7620205,Lâm sinh,7620205,,,50,unconfirmed,46833
TTN:7640101@2026,TTN,2026,7640101,Thú y,7640101,,,150,unconfirmed,46839
TTN:7720101@2026,TTN,2026,7720101,Y khoa,7720101,,,320,unconfirmed,46845
TTN:7720301@2026,TTN,2026,7720301,Điều dưỡng,7720301,,,50,unconfirmed,46851
TTN:7720601@2026,TTN,2026,7720601,Kỹ thuật xét nghiệm y học,7720601,,,50,unconfirmed,46857
TTN:7850103@2026,TTN,2026,7850103,Quản lý đất đai,7850103,,,80,unconfirmed,46863
TTU:7220201@2026,TTU,2026,7220201,Ngôn ngữ Anh,7220201,,,,unconfirmed,46875
TTU:7220204@2026,TTU,2026,7220204,Ngôn ngữ Trung quốc (Mới),7220204,,,,unconfirmed,46881
TTU:7220210@2026,TTU,2026,7220210,Ngôn ngữ Hàn Quốc (Mới),7220210,,,,unconfirmed,46887
TTU:7320104@2026,TTU,2026,7320104,Truyền thông đa phương tiện (Mới),7320104,,,,unconfirmed,46893
TTU:7340101@2026,TTU,2026,7340101,Quản trị kinh doanh,7340101,,,,unconfirmed,46899
TTU:7340115@2026,TTU,2026,7340115,Marketing (Định hướng Digital Marketing),7340115,,,,unconfirmed,46905
TTU:7340120@2026,TTU,2026,7340120,Kinh doanh quốc tế,7340120,,,,unconfirmed,46911
TTU:7340201@2026,TTU,2026,7340201,Tài chính - Ngân hàng,7340201,,,,unconfirmed,46917
TTU:7340301@2026,TTU,2026,7340301,Kế toán,7340301,,,,unconfirmed,46923
TTU:7380101@2026,TTU,2026,7380101,Luật (Mới),7380101,,,,unconfirmed,46929
TTU:7380107@2026,TTU,2026,7380107,Luật Kinh tế (Mới),7380107,,,,unconfirmed,46935
TTU:7420201@2026,TTU,2026,7420201,Công nghệ sinh học,7420201,,,,unconfirmed,46941
TTU:7460108@2026,TTU,2026,7460108,Khoa học dữ liệu,7460108,,,,unconfirmed,46947
TTU:7480101@2026,TTU,2026,7480101,Khoa học máy tính,7480101,,,,unconfirmed,46953
TTU:7480107@2026,TTU,2026,7480107,Trí tuệ nhân tạo,7480107,,,,unconfirmed,46959
TTU:7480201@2026,TTU,2026,7480201,Công nghệ thông tin (Mới),7480201,,,,unconfirmed,46965
TTU:7510605@2026,TTU,2026,7510605,Logistic và Quản lý chuỗi cung ứng (Mới),7510605,,,,unconfirmed,46971
TTU:7620101@2026,TTU,2026,7620101,Nông nghiệp (Định hướng Nông nghiệp Công nghệ cao) (Mới),7620101,,,,unconfirmed,46977
TTU:7720101@2026,TTU,2026,7720101,Y khoa,7720101,,,,unconfirmed,46983
TTU:7720301@2026,TTU,2026,7720301,Điều dưỡng,7720301,,,,unconfirmed,46989
TTU:7720601@2026,TTU,2026,7720601,Kỹ thuật xét nghiệm y học,7720601,,,,unconfirmed,46995
TYS:7310401@2026,TYS,2026,7310401,Tâm lý học,7310401,,,50,unconfirmed,47006
TYS:7720101@2026,TYS,2026,7720101,Y khoa,7720101,,,830,unconfirmed,47012
TYS:7720115@2026,TYS,2026,7720115,Y học cổ truyền,7720115,,,75,unconfirmed,47018
TYS:7720201@2026,TYS,2026,7720201,Dược học,7720201,,,170,unconfirmed,47024
TYS:7720301@2026,TYS,2026,7720301,Điều dưỡng,7720301,,,400,unconfirmed,47030
TYS:7720302@2026,TYS,2026,7720302,Hộ sinh,7720302,,,33,unconfirmed,47036
TYS:7720401@2026,TYS,2026,7720401,Dinh dưỡng,7720401,,,75,unconfirmed,47042
TYS:7720501@2026,TYS,2026,7720501,Răng Hàm Mặt,7720501,,,115,unconfirmed,47048
TYS:7720601@2026,TYS,2026,7720601,Kỹ thuật xét nghiệm y học,7720601,,,60,unconfirmed,47054
TYS:7720602@2026,TYS,2026,7720602,Kỹ thuật hình ảnh y học,7720602,,,60,unconfirmed,47060
TYS:7720603@2026,TYS,2026,7720603,Kỹ thuật phục hồi chức năng,7720603,,,33,unconfirmed,47066
TYS:7720609@2026,TYS,2026,7720609,Khúc xạ nhãn khoa,7720609,,,65,unconfirmed,47072
TYS:7720610@2026,TYS,2026,7720610,Kỹ thuật Gây mê hồi sức,7720610,,,50,unconfirmed,47078
TYS:7720701@2026,TYS,2026,7720701,Y tế công cộng,7720701,,,100,unconfirmed,47084
UEF:7380109@2026,UEF,2026,7380109,Luật thương mại quốc tế,7380109,,,,unconfirmed,47096
UEF:7210403@2026,UEF,2026,7210403,Thiết kế đồ họa,7210403,,,,unconfirmed,47102
UEF:7220201@2026,UEF,2026,7220201,Ngôn ngữ Anh,7220201,,,,unconfirmed,47108
UEF:7220204@2026,UEF,2026,7220204,Ngôn ngữ Trung Quốc,7220204,,,,unconfirmed,47114
UEF:7220209@2026,UEF,2026,7220209,Ngôn ngữ Nhật (*),7220209,,,,unconfirmed,47120
UEF:7220210@2026,UEF,2026,7220210,Ngôn ngữ Hàn Quốc,7220210,,,,unconfirmed,47126
UEF:7310106@2026,UEF,2026,7310106,Kinh tế quốc tế,7310106,,,,unconfirmed,47132
UEF:7310109@2026,UEF,2026,7310109,Kinh tế số,7310109,,,,unconfirmed,47138
UEF:7310206@2026,UEF,2026,7310206,Quan hệ quốc tế,7310206,,,,unconfirmed,47144
UEF:7310401@2026,UEF,2026,7310401,Tâm lý học,7310401,,,,unconfirmed,47150
UEF:7320104@2026,UEF,2026,7320104,Truyền thông đa phương tiện,7320104,,,,unconfirmed,47156
UEF:7320106@2026,UEF,2026,7320106,Công nghệ truyền thông (Truyền thông số),7320106,,,,unconfirmed,47162
UEF:7320108@2026,UEF,2026,7320108,Quan hệ công chúng,7320108,,,,unconfirmed,47168
UEF:7340101@2026,UEF,2026,7340101,Quản trị kinh doanh,7340101,,,,unconfirmed,47174
UEF:7340101E@2026,UEF,2026,7340101E,Quản trị kinh doanh (Chương trình Tài năng UEF),7340101,,,,unconfirmed,47180
UEF:7340114@2026,UEF,2026,7340114,Digital Marketing,7340114,,,,unconfirmed,47186
UEF:7340115@2026,UEF,2026,7340115,Marketing,7340115,,,,unconfirmed,47192
UEF:7340115E@2026,UEF,2026,7340115E,Marketing (Chương trình Tài năng UEF),7340115,,,,unconfirmed,47198
UEF:7340116@2026,UEF,2026,7340116,Bất động sản,7340116,,,,unconfirmed,47204
UEF:7340120@2026,UEF,2026,7340120,Kinh doanh quốc tế,7340120,,,,unconfirmed,47210
UEF:7340120E@2026,UEF,2026,7340120E,Kinh doanh quốc tế (Chương trình Tài năng UEF),7340120,,,,unconfirmed,47216
UEF:7340121@2026,UEF,2026,7340121,Kinh doanh thương mại,7340121,,,,unconfirmed,47222
UEF:7340122@2026,UEF,2026,7340122,Thương mại điện tử,7340122,,,,unconfirmed,47228
UEF:7340201@2026,UEF,2026,7340201,Tài chính - ngân hàng,7340201,,,,unconfirmed,47234
UEF:7340201E@2026,UEF,2026,7340201E,Tài chính - ngân hàng (Chương trình Tài năng UEF),7340201,,,,unconfirmed,47240
UEF:7340205@2026,UEF,2026,7340205,Công nghệ tài chính (Fintech),7340205,,,,unconfirmed,47246
UEF:7340206@2026,UEF,2026,7340206,Tài chính quốc tế,7340206,,,,unconfirmed,47252
UEF:7340301@2026,UEF,2026,7340301,Kế toán,7340301,,,,unconfirmed,47258
UEF:7340302@2026,UEF,2026,7340302,Kiểm toán,7340302,,,,unconfirmed,47264
UEF:7340404@2026,UEF,2026,7340404,Quản trị nhân lực,7340404,,,,unconfirmed,47270
UEF:7340412@2026,UEF,2026,7340412,Quản trị sự kiện,7340412,,,,unconfirmed,47276
UEF:7380101@2026,UEF,2026,7380101,Luật,7380101,,,,unconfirmed,47282
UEF:7380107@2026,UEF,2026,7380107,Luật kinh tế,7380107,,,,unconfirmed,47288
UEF:7380108@2026,UEF,2026,7380108,Luật quốc tế,7380108,,,,unconfirmed,47294
UEF:7460108@2026,UEF,2026,7460108,Khoa học dữ liệu,7460108,,,,unconfirmed,47300
UEF:7480103@2026,UEF,2026,7480103,Kỹ thuật phần mềm,7480103,,,,unconfirmed,47306
UEF:7480201@2026,UEF,2026,7480201,Công nghệ thông tin,7480201,,,,unconfirmed,47312
UEF:7480208@2026,UEF,2026,7480208,An ninh mạng (dự kiến),7480208,,,,unconfirmed,47318
UEF:7510605@2026,UEF,2026,7510605,Logistics và quản lý chuỗi cung ứng,7510605,,,,unconfirmed,47324
UEF:7810103@2026,UEF,2026,7810103,Quản trị dịch vụ du lịch và lữ hành,7810103,,,,unconfirmed,47330
UEF:7810201@2026,UEF,2026,7810201,Quản trị khách sạn,7810201,,,,unconfirmed,47336
UEF:7810202@2026,UEF,2026,7810202,Quản trị nhà hàng và dịch vụ ăn uống,7810202,,,,unconfirmed,47342
UFA:7340101@2026,UFA,2026,7340101,Quản trị kinh doanh,7340101,,,95,unconfirmed,47354
UFA:7340101~2@2026,UFA,2026,7340101,Quản trị kinh doanh (phân hiệu Huế),7340101,,,50,unconfirmed,47360
UFA:7340120@2026,UFA,2026,7340120,Kinh doanh quốc tế,7340120,,,45,unconfirmed,47366
UFA:7340201@2026,UFA,2026,7340201,Tài chính - Ngân hàng,7340201,,,75,unconfirmed,47372
UFA:7340301@2026,UFA,2026,7340301,Kế toán,7340301,,,165,unconfirmed,47378
UFA:7340301~2@2026,UFA,2026,7340301,Kế toán (phân hiệu Huế),7340301,,,100,unconfirmed,47384
UKB:7220201@2026,UKB,2026,7220201,Ngôn ngữ Anh,7220201,,,50,unconfirmed,47396
UKB:7340101@2026,UKB,2026,7340101,Quản trị kinh doanh,7340101,,,100,unconfirmed,47402
UKB:7340301@2026,UKB,2026,7340301,Kế toán,7340301,,,100,unconfirmed,47408
UKB:7480201@2026,UKB,2026,7480201,Công nghệ thông tin,7480201,,,120,unconfirmed,47414
UKB:7720101@2026,UKB,2026,7720101,Y khoa,7720101,,,300,unconfirmed,47420
UKB:7720115@2026,UKB,2026,7720115,Y học cổ truyền,7720115,,,80,unconfirmed,47426
UKB:7720201@2026,UKB,2026,7720201,Dược học,7720201,,,50,unconfirmed,47432
UKB:7810103@2026,UKB,2026,7810103,Quản trị dịch vụ du lịch và lữ hành,7810103,,,60,unconfirmed,47438
UKH:7140202@2026,UKH,2026,7140202,Giáo dục Tiểu học,7140202,,,80,unconfirmed,47447
UKH:7140209@2026,UKH,2026,7140209,Sư phạm Toán học,7140209,,,40,unconfirmed,47453
UKH:7140211@2026,UKH,2026,7140211,Sư phạm Vật lý,7140211,,,30,unconfirmed,47459
UKH:7140217@2026,UKH,2026,7140217,Sư phạm Ngữ văn,7140217,,,40,unconfirmed,47465
UKH:7140231@2026,UKH,2026,7140231,Sư phạm Tiếng Anh,7140231,,,40,unconfirmed,47471
UKH:7140247@2026,UKH,2026,7140247,Sư phạm Khoa học tự nhiên,7140247,,,40,unconfirmed,47477
UKH:7140249@2026,UKH,2026,7140249,Sư phạm Lịch sử - Địa lý,7140249,,,30,unconfirmed,47483
UKH:7220201@2026,UKH,2026,7220201,Ngôn ngữ Anh,7220201,,,180,unconfirmed,47489
UKH:7220204@2026,UKH,2026,7220204,Ngôn ngữ Trung Quốc,7220204,,,50,unconfirmed,47495
UKH:7229020@2026,UKH,2026,7229020,Ngôn ngữ học,7229020,,,70,unconfirmed,47501
UKH:7229030@2026,UKH,2026,7229030,Văn học,7229030,,,70,unconfirmed,47507
UKH:7229040@2026,UKH,2026,7229040,Văn hóa học,7229040,,,70,unconfirmed,47513
UKH:7310630@2026,UKH,2026,7310630,Việt Nam học,7310630,,,60,unconfirmed,47519
UKH:7320104@2026,UKH,2026,7320104,Truyền thông đa phương tiện,7320104,,,50,unconfirmed,47525
UKH:7340101@2026,UKH,2026,7340101,Quản trị kinh doanh,7340101,,,190,unconfirmed,47531
UKH:7340115@2026,UKH,2026,7340115,Marketing,7340115,,,50,unconfirmed,47537
UKH:7420203@2026,UKH,2026,7420203,Sinh học ứng dụng,7420203,,,15,unconfirmed,47543
UKH:7440112@2026,UKH,2026,7440112,Hóa học,7440112,,,20,unconfirmed,47549
UKH:7810101@2026,UKH,2026,7810101,Du lịch,7810101,,,130,unconfirmed,47555
UKH:7810103@2026,UKH,2026,7810103,Quản trị dịch vụ du lịch và lữ hành,7810103,,,130,unconfirmed,47561
UKH:7810201@2026,UKH,2026,7810201,Quản trị khách sạn,7810201,,,140,unconfirmed,47567
UMT:7210403@2026,UMT,2026,7210403,Thiết kế đồ họa,7210403,,,,unconfirmed,47576
UMT:7320104@2026,UMT,2026,7320104,Truyền thông đa phương tiện,7320104,,,,unconfirmed,47582
UMT:7340101@2026,UMT,2026,7340101,Quản trị kinh doanh,7340101,,,,unconfirmed,47588
UMT:7340115@2026,UMT,2026,7340115,Marketing,7340115,,,,unconfirmed,47594
UMT:7340120@2026,UMT,2026,7340120,Kinh doanh quốc tế,7340120,,,,unconfirmed,47600
UMT:7480101@2026,UMT,2026,7480101,Khoa học máy tính,7480101,,,,unconfirmed,47606
UMT:7480201@2026,UMT,2026,7480201,Công nghệ thông tin,7480201,,,,unconfirmed,47612
UMT:7480202@2026,UMT,2026,7480202,An toàn thông tin,7480202,,,,unconfirmed,47618
UMT:7510605@2026,UMT,2026,7510605,Logistics và Quản lý chuỗi cung ứng,7510605,,,,unconfirmed,47624
UMT:7810301@2026,UMT,2026,7810301,Quản lý thể dục thể thao,7810301,,,,unconfirmed,47630
UTH:UTHKGT01D@2026,UTH,2026,UTHKGT01D,Kỹ thuật xây dựng công trình giao thông (chuyên ngành Xây dựng cầu đường; Xây dựng đường bộ; Xây dựng công trình giao thông đô thị),,,,,unconfirmed,47639
UTH:UTHKGT02D@2026,UTH,2026,UTHKGT02D,Kỹ thuật xây dựng công trình giao thông (chuyên ngành Xây dựng đường sắt tốc độ cao và đường sắt đô thị),,,,,unconfirmed,47644
UTH:UTHKHH03D@2026,UTH,2026,UTHKHH03D,Khoa học hàng hải (chuyên ngành Điều khiển và quản lý tàu biển),,,,,unconfirmed,47649
UTH:UTHKHH04D@2026,UTH,2026,UTHKHH04D,Khoa học hàng hải (chuyên ngành Khai thác máy tàu thủy và quản lý kỹ thuật),,,,,unconfirmed,47654
UTH:UTHKMT01D@2026,UTH,2026,UTHKMT01D,Kỹ thuật môi trường (chuyên ngành Kỹ thuật môi trường; Quản lý an toàn và môi trường),,,,,unconfirmed,47659
UTH:UTHKTT01D@2026,UTH,2026,UTHKTT01D,"Kỹ thuật tàu thủy (chuyên ngành Kỹ thuật tàu thủy, công trình nổi và quản lý hệ thống công nghiệp)",,,,,unconfirmed,47664
UTH:UTHKXT01D@2026,UTH,2026,UTHKXT01D,Kỹ thuật xây dựng công trình thủy (chuyên ngành Xây dựng và quản lý cảng - công trình giao thông thủy),,,,,unconfirmed,47669
UTH:UTHHQL02E@2026,UTH,2026,UTHHQL02E,Hệ thống thông tin quản lý (chuyên ngành Kinh tế số và Trí tuệ nhân tạo) - chương trình hoàn toàn bằng Tiếng Anh,,,,,unconfirmed,47674
UTH:UTHLOG01E@2026,UTH,2026,UTHLOG01E,Logistics và quản lý chuỗi cung ứng - chương trình hoàn toàn bằng Tiếng Anh,,,,,unconfirmed,47679
UTH:UTHNNA01E@2026,UTH,2026,UTHNNA01E,"Ngôn ngữ Anh (chuyên ngành Tiếng Anh thương mại, logistics và vận tải quốc tế) - chương trình hoàn toàn bằng Tiếng Anh",,,,,unconfirmed,47684
UTH:UTHUIT05E@2026,UTH,2026,UTHUIT05E,Công nghệ thông tin (chuyên ngành Công nghệ thông tin)- chương trình hoàn toàn bằng Tiếng Anh,,,,,unconfirmed,47689
UTH:UTHCCK01A@2026,UTH,2026,UTHCCK01A,Công nghệ kỹ thuật cơ khí - chương trình tiên tiến,,,,,unconfirmed,47694
UTH:UTHCDK01A@2026,UTH,2026,UTHCDK01A,Công nghệ kỹ thuật điều khiển và tự động hóa - chương trình tiên tiến,,,,,unconfirmed,47699
UTH:UTHCGT01D@2026,UTH,2026,UTHCGT01D,Công nghệ kỹ thuật giao thông (chuyên ngành Quy hoạch và quản lý giao thông; Logistics và hạ tầng giao thông) - chương trình tiên tiến,,,,,unconfirmed,47704
UTH:UTHCOT01A@2026,UTH,2026,UTHCOT01A,Công nghệ kỹ thuật ô tô - chương trình tiên tiến,,,,,unconfirmed,47709
UTH:UTHGIT01V@2026,UTH,2026,UTHGIT01V,Công nghệ thông tin (chuyên ngành Công nghệ thông tin; Khoa học dữ liệu và AI ) - chương trình tiên tiến - Campus: Bà Rịa - Vũng Tàu,,,,,unconfirmed,47714
UTH:UTHGIT02V@2026,UTH,2026,UTHGIT02V,Nhóm chương trình về Công nghệ số và kinh tế số (chuyên ngành Truyền thông số và Đổi mới sáng tạo; Kinh tế số và Trí tuệ nhân tạo) - chương trình tiên tiến - Campus: Bà Rịa - Vũng Tàu,,,,,unconfirmed,47719
UTH:UTHHQL01A@2026,UTH,2026,UTHHQL01A,Hệ thống thông tin quản lý - chương trình tiên tiến,,,,,unconfirmed,47724
UTH:UTHHQL02A@2026,UTH,2026,UTHHQL02A,Hệ thống thông tin quản lý (chuyên ngành Kinh tế số và Trí tuệ nhân tạo) - chương trình tiên tiến,,,,,unconfirmed,47729
UTH:UTHKCK01A@2026,UTH,2026,UTHKCK01A,Kỹ thuật cơ khí (chuyên ngành Cơ khí tự động)- chương trình tiên tiến,,,,,unconfirmed,47734
UTH:UTHKCK02A@2026,UTH,2026,UTHKCK02A,Kỹ thuật cơ khí (chuyên ngành Cơ khí đường sắt tốc độ cao và đường sắt đô thị) - chương trình tiên tiến,,,,,unconfirmed,47739
UTH:UTHKCK03A@2026,UTH,2026,UTHKCK03A,Kỹ thuật cơ khí (chuyên ngành kỹ thuật cơ khí hàng không) - chương trình tiên tiến,,,,,unconfirmed,47744
UTH:UTHKDK01A@2026,UTH,2026,UTHKDK01A,Kỹ thuật điều khiển và tự động hóa - chương trình tiên tiến,,,,,unconfirmed,47749
UTH:UTHKDK02A@2026,UTH,2026,UTHKDK02A,Kỹ thuật điều khiển và tự động hóa (chuyên ngành Hệ thống điều khiển thiết bị bay không người lái (UAS) - chương trình tiên tiến,,,,,unconfirmed,47754
UTH:UTHKDK03A@2026,UTH,2026,UTHKDK03A,Kỹ thuật điều khiển và tự động hóa (chuyên ngành Kỹ thuật năng lượng gió và Động lực) - chương trình tiên tiến,,,,,unconfirmed,47759
UTH:UTHKDK04A@2026,UTH,2026,UTHKDK04A,Kỹ thuật điều khiển và tự động hóa (chuyên ngành Kỹ thuật điều khiển tự động và thông tin tín hiệu đường sắt tốc độ cao) - chương trình tiên tiến,,,,,unconfirmed,47764
UTH:UTHKDL01A@2026,UTH,2026,UTHKDL01A,Khoa học dữ liệu (chuyên ngành Khoa học dữ liệu; Block chain và AI) - chương trình tiên tiến,,,,,unconfirmed,47769
UTH:UTHKDV01A@2026,UTH,2026,UTHKDV01A,Kỹ thuật điện tử - viễn thông - chương trình tiên tiến,,,,,unconfirmed,47774
UTH:UTHKHH01A@2026,UTH,2026,UTHKHH01A,"Khoa học hàng hải (chuyên ngành Kỹ thuật điện, điện tử và điều khiển; Cơ điện tử) - chương trình tiên tiến",,,,,unconfirmed,47779
UTH:UTHKHH01V@2026,UTH,2026,UTHKHH01V,Khoa học hàng hải (chuyên ngành Quản lý hàng hải và đường thủy; Quản lý cảng và logistics) - chương trình tiên tiến - Campus: Bà Rịa - Vũng Tàu,,,,,unconfirmed,47784
UTH:UTHKHH02A@2026,UTH,2026,UTHKHH02A,Khoa học hàng hải (chuyên ngành Quản lý hàng hải và đường thủy) - chương trình tiên tiến,,,,,unconfirmed,47789
UTH:UTHKHH05A@2026,UTH,2026,UTHKHH05A,Khoa học hàng hải (chuyên ngành Quản lý cảng và logistics) - chương trình tiên tiến,,,,,unconfirmed,47794
UTH:UTHKMT02A@2026,UTH,2026,UTHKMT02A,Hướng liên ngành: Logistics và Môi trường (chuyên ngành Logistics xanh và phát triển bền vững) – chương trình tiên tiến,,,,,unconfirmed,47799
UTH:UTHKMT02V@2026,UTH,2026,UTHKMT02V,Hướng liên ngành: Logistics và Môi trường (chuyên ngành Logistics xanh và phát triển bền vững) – chương trình tiên tiến - Campus: Bà Rịa - Vũng Tàu,,,,,unconfirmed,47804
UTH:UTHKOT01A@2026,UTH,2026,UTHKOT01A,Kỹ thuật ô tô (chuyên ngành Cơ khí ô tô; Cơ điện tử ô tô) - chương trình tiên tiến,,,,,unconfirmed,47809
UTH:UTHKQX01A@2026,UTH,2026,UTHKQX01A,Quản lý xây dựng - chương trình tiên tiến,,,,,unconfirmed,47814
UTH:UTHKTD01A@2026,UTH,2026,UTHKTD01A,Kỹ thuật điện (chuyên ngành Điện công nghiệp; Hệ thống điện giao thông; Năng lượng tái tạo) - chương trình tiên tiến,,,,,unconfirmed,47819
UTH:UTHKTH01A@2026,UTH,2026,UTHKTH01A,Khai thác vận tải (chuyên ngành Quản trị logistics và vận tải đa phương thức) - chương trình tiên tiến,,,,,unconfirmed,47824
UTH:UTHKTH01V@2026,UTH,2026,UTHKTH01V,Khai thác vận tải (chuyên ngành Quản lý và kinh doanh vận tải; Quản trị logistics và vận tải đa phương thức) - chương trình tiên tiến - Campus: Bà Rịa - Vũng Tàu,,,,,unconfirmed,47829
UTH:UTHKTH02A@2026,UTH,2026,UTHKTH02A,Khai thác vận tải (chuyên ngành Khai thác đường sắt tốc độ cao) - chương trình tiên tiến,,,,,unconfirmed,47834
UTH:UTHKTH03A@2026,UTH,2026,UTHKTH03A,Khai thác vận tải (chuyên ngành Quản lý và kinh doanh vận tải) - chương trình tiên tiến,,,,,unconfirmed,47839
UTH:UTHKTV01A@2026,UTH,2026,UTHKTV01A,Kinh tế vận tải (chuyên ngành Kinh tế hàng hải và đường thủy) - chương trình tiên tiến,,,,,unconfirmed,47844
UTH:UTHKTV01V@2026,UTH,2026,UTHKTV01V,Kinh tế vận tải (chuyên ngành Kinh tế hàng hải và đường thủy) - chương trình tiên tiến - Campus: Bà Rịa - Vũng Tàu,,,,,unconfirmed,47849
UTH:UTHKTV02A@2026,UTH,2026,UTHKTV02A,Kinh tế vận tải (chuyên ngành Kinh tế hàng không) - chương trình tiên tiến,,,,,unconfirmed,47854
UTH:UTHKTX01A@2026,UTH,2026,UTHKTX01A,Kinh tế xây dựng (chuyên ngành Kinh tế xây dựng) - chương trình tiên tiến,,,,,unconfirmed,47859
UTH:UTHKTX02A@2026,UTH,2026,UTHKTX02A,Kinh tế xây dựng (chuyên ngành Kinh tế và quản lý bất động sản) - chương trình tiên tiến,,,,,unconfirmed,47864
UTH:UTHKXD01A@2026,UTH,2026,UTHKXD01A,Kỹ thuật xây dựng (chuyên ngành Xây dựng dân dụng và công nghiệp) - chương trình tiên tiến,,,,,unconfirmed,47869
UTH:UTHKXD02A@2026,UTH,2026,UTHKXD02A,Kỹ thuật xây dựng (chuyên ngành Thiết kế nội thất) – chương trình tiên tiến,,,,,unconfirmed,47874
UTH:UTHKXD03A@2026,UTH,2026,UTHKXD03A,Kỹ thuật xây dựng (chuyên ngành Kỹ thuật xây dựng dân dụng Ứng dụng công nghệ số) – chương trình tiên tiến,,,,,unconfirmed,47879
UTH:UTHLAW01A@2026,UTH,2026,UTHLAW01A,Luật – chương trình tiên tiến,,,,,unconfirmed,47884
UTH:UTHLAW01V@2026,UTH,2026,UTHLAW01V,Luật – chương trình tiên tiến - Campus: Bà Rịa - Vũng Tàu,,,,,unconfirmed,47889
UTH:UTHLOG01A@2026,UTH,2026,UTHLOG01A,Logistics và quản lý chuỗi cung ứng - chương trình tiên tiến,,,,,unconfirmed,47894
UTH:UTHLOG01V@2026,UTH,2026,UTHLOG01V,Logistics và quản lý chuỗi cung ứng - chương trình tiên tiến - Campus: Bà Rịa - Vũng Tàu,,,,,unconfirmed,47899
UTH:UTHMMT01A@2026,UTH,2026,UTHMMT01A,Mạng máy tính và truyền thông dữ liệu (chuyên ngành Mạng máy tính và truyền thông dữ liệu; Kỹ thuật thiết kế vi mạch và AI) - chương trình tiên tiến,,,,,unconfirmed,47904
UTH:UTHNNA01A@2026,UTH,2026,UTHNNA01A,Ngôn ngữ Anh – chương trình tiên tiến,,,,,unconfirmed,47909
UTH:UTHNNA01V@2026,UTH,2026,UTHNNA01V,Ngôn ngữ Anh – chương trình tiên tiến - Campus: Bà Rịa - Vũng Tàu,,,,,unconfirmed,47914
UTH:UTHQTD01A@2026,UTH,2026,UTHQTD01A,Quản trị kinh doanh (chuyên ngành Quản trị kinh doanh; Kinh tế biển; Quản lý và công nghệ UAV; Kinh tế không gian tầm thấp) – chương trình tiên tiến,,,,,unconfirmed,47919
UTH:UTHQTD01V@2026,UTH,2026,UTHQTD01V,Quản trị kinh doanh (chuyên ngành Quản trị kinh doanh; Kinh tế biển; Quản lý và công nghệ UAV; Kinh tế không gian tầm thấp)– chương trình tiên tiến - Campus: Bà Rịa - Vũng Tàu,,,,,unconfirmed,47924
UTH:UTHUIT01A@2026,UTH,2026,UTHUIT01A,Công nghệ thông tin (chuyên ngành Truyền thông số và Đổi mới sáng tạo) - chương trình tiên tiến,,,,,unconfirmed,47929
UTH:UTHUIT02A@2026,UTH,2026,UTHUIT02A,Công nghệ thông tin (chuyên ngành Smart logistics) - chương trình tiên tiến,,,,,unconfirmed,47934
UTH:UTHUIT02V@2026,UTH,2026,UTHUIT02V,Công nghệ thông tin (chuyên ngành Smart logistics) - chương trình tiên tiến - Campus: Bà Rịa - Vũng Tàu,,,,,unconfirmed,47939
UTH:UTHUIT03A@2026,UTH,2026,UTHUIT03A,Công nghệ thông tin (chuyên ngành Khoa học dữ liệu và AI) - chương trình tiên tiến,,,,,unconfirmed,47944
UTH:UTHUIT04A@2026,UTH,2026,UTHUIT04A,Công nghệ thông tin (chuyên ngành Công nghệ ô tô số) - chương trình tiên tiến,,,,,unconfirmed,47949
UTH:UTHUIT05A@2026,UTH,2026,UTHUIT05A,Công nghệ thông tin (chuyên ngành Công nghệ thông tin) - chương trình tiên tiến,,,,,unconfirmed,47954
UTH:UTHIECKTV@2026,UTH,2026,UTHIECKTV,Quản lý Cảng và Logistics - chương trình LKQT,,,,,unconfirmed,47959
UTH:UTHIECLOG@2026,UTH,2026,UTHIECLOG,Logistics và quản lý chuỗi cung ứng - chương trình LKQT,,,,,unconfirmed,47964
UTH:UTHIECLOW@2026,UTH,2026,UTHIECLOW,Logistic và Quản lý chuỗi cung ứng toàn cầu - chương trình LKQT,,,,,unconfirmed,47969
VGU:7310101@2026,VGU,2026,7310101,Ngành Kinh tế (BSE),7310101,,,60,unconfirmed,47980
VGU:7340101@2026,VGU,2026,7340101,Quản trị Kinh doanh (BBA),7340101,,,140,unconfirmed,47986
VGU:7340122@2026,VGU,2026,7340122,Quản trị số và Kinh doanh Quốc tế (BDE),7340122,,,30,unconfirmed,47992
VGU:7340202@2026,VGU,2026,7340202,Tài chính và Kế toán (BFA),7340202,,,95,unconfirmed,47998
VGU:7480101@2026,VGU,2026,7480101,Khoa học Máy tính (CSE),7480101,,,250,unconfirmed,48004
VGU:7510104@2026,VGU,2026,7510104,Kỹ thuật Giao thông Thông minh (SME),7510104,,,60,unconfirmed,48010
VGU:7510206@2026,VGU,2026,7510206,Kỹ thuật Quy trình Sản xuất Bền vững (SPE),7510206,,,60,unconfirmed,48016
VGU:7520103@2026,VGU,2026,7520103,Kỹ thuật Cơ khí (MEN),7520103,,,95,unconfirmed,48022
VGU:7520114@2026,VGU,2026,7520114,Kỹ thuật Cơ điện tử (MEC),7520114,,,60,unconfirmed,48028
VGU:7520208@2026,VGU,2026,7520208,Kỹ thuật Điện và Máy tính (ECE),7520208,,,165,unconfirmed,48034
VGU:7520212@2026,VGU,2026,7520212,Kỹ thuật Y sinh (BME),7520212,,,30,unconfirmed,48040
VGU:7580101@2026,VGU,2026,7580101,Kiến trúc (ARC),7580101,,,90,unconfirmed,48046
VGU:7580201@2026,VGU,2026,7580201,Kỹ thuật và Quản lý Xây dựng (BCE),7580201,,,60,unconfirmed,48052
VHD:7140114@2026,VHD,2026,7140114,Quản lý giáo dục,7140114,,,,unconfirmed,48064
VHD:7310101@2026,VHD,2026,7310101,Kinh tế,7310101,,,,unconfirmed,48070
VHD:7310109@2026,VHD,2026,7310109,Kinh tế số,7310109,,,,unconfirmed,48076
VHD:7340101@2026,VHD,2026,7340101,Quản trị kinh doanh,7340101,,,,unconfirmed,48082
VHD:7340115@2026,VHD,2026,7340115,Marketing,7340115,,,,unconfirmed,48088
VHD:7340201@2026,VHD,2026,7340201,Tài chính ngân hàng,7340201,,,,unconfirmed,48094
VHD:7340205@2026,VHD,2026,7340205,Công nghệ tài chính,7340205,,,,unconfirmed,48100
VHD:7340301@2026,VHD,2026,7340301,Kế toán,7340301,,,,unconfirmed,48106
VHD:7460108@2026,VHD,2026,7460108,Khoa học dữ liệu,7460108,,,,unconfirmed,48112
VHD:7480101@2026,VHD,2026,7480101,Khoa học máy tính,7480101,,,,unconfirmed,48118
VHD:7480201@2026,VHD,2026,7480201,Công nghệ thông tin,7480201,,,,unconfirmed,48124
VHD:7510103@2026,VHD,2026,7510103,Công nghệ kỹ thuật xây dựng (*),7510103,,,,unconfirmed,48130
VHD:7510201@2026,VHD,2026,7510201,Công nghệ kỹ thuật cơ khí,7510201,,,,unconfirmed,48136
VHD:7510205@2026,VHD,2026,7510205,Công nghệ kỹ thuật ô tô,7510205,,,,unconfirmed,48142
VHD:7510301@2026,VHD,2026,7510301,"Công nghệ kỹ thuật điện, điện tử",7510301,,,,unconfirmed,48148
VHD:7510302@2026,VHD,2026,7510302,Công nghệ kỹ thuật điện tử viễn thông,7510302,,,,unconfirmed,48154
VHD:7520103@2026,VHD,2026,7520103,Kỹ thuật cơ khí,7520103,,,,unconfirmed,48160
VHD:7520114@2026,VHD,2026,7520114,Kỹ thuật cơ điện tử,7520114,,,,unconfirmed,48166
VHD:7520115@2026,VHD,2026,7520115,Kỹ thuật nhiệt,7520115,,,,unconfirmed,48172
VHD:7520130@2026,VHD,2026,7520130,Kỹ thuật ô tô,7520130,,,,unconfirmed,48178
VHD:7520320@2026,VHD,2026,7520320,Kỹ thuật môi trường,7520320,,,,unconfirmed,48184
VHH:7220110@2026,VHH,2026,7220110,Sáng tác văn học,7220110,,,30,unconfirmed,48196
VHH:7220201@2026,VHH,2026,7220201,Ngôn ngữ Anh,7220201,,,70,unconfirmed,48202
VHH:7229040A@2026,VHH,2026,7229040A,Nghiên cứu văn hóa,7229040,,,50,unconfirmed,48208
VHH:7229040B@2026,VHH,2026,7229040B,Văn hóa truyền thông,7229040,,,110,unconfirmed,48214
VHH:7229040C@2026,VHH,2026,7229040C,Văn hóa đối ngoại,7229040,,,50,unconfirmed,48220
VHH:7229042A@2026,VHH,2026,7229042A,Phát triển công nghiệp văn hóa,7229042,,,70,unconfirmed,48226
VHH:7229042B@2026,VHH,2026,7229042B,Quản lý di sản văn hóa,7229042,,,60,unconfirmed,48232
VHH:7229042C@2026,VHH,2026,7229042C,Tổ chức hoạt động nghệ thuật,7229042,,,70,unconfirmed,48238
VHH:7229042D@2026,VHH,2026,7229042D,Tổ chức sự kiện văn hóa,7229042,,,130,unconfirmed,48244
VHH:7320101@2026,VHH,2026,7320101,Báo chí,7320101,,,130,unconfirmed,48250
VHH:7320201A@2026,VHH,2026,7320201A,Quản trị thư viện,7320201,,,50,unconfirmed,48256
VHH:7320201B@2026,VHH,2026,7320201B,Thư viện và thiết bị trường học,7320201,,,50,unconfirmed,48262
VHH:7320205@2026,VHH,2026,7320205,Quản lý thông tin,7320205,,,90,unconfirmed,48268
VHH:7320305@2026,VHH,2026,7320305,Bảo tàng học,7320305,,,60,unconfirmed,48274
VHH:7320402@2026,VHH,2026,7320402,Kinh doanh xuất bản phẩm,7320402,,,100,unconfirmed,48280
VHH:7380101@2026,VHH,2026,7380101,Luật,7380101,,,110,unconfirmed,48286
VHH:7810101A@2026,VHH,2026,7810101A,Văn hóa du lịch,7810101,,,170,unconfirmed,48292
VHH:7810101B@2026,VHH,2026,7810101B,"Lữ hành, hướng dẫn du lịch",7810101,,,120,unconfirmed,48298
VHH:7810101C@2026,VHH,2026,7810101C,Hướng dẫn du lịch quốc tế,7810101,,,110,unconfirmed,48304
VHH:7810103A@2026,VHH,2026,7810103A,Quản trị kinh doanh du lịch,7810103,,,190,unconfirmed,48310
VHH:7810103B@2026,VHH,2026,7810103B,Quản trị du lịch cộng đồng,7810103,,,80,unconfirmed,48316
VJU:VJU1@2026,VJU,2026,VJU1,Nhật Bản học – BJS,,,,120,unconfirmed,48331
VJU:VJU2@2026,VJU,2026,VJU2,Khoa học & Kỹ thuật máy tính – BCSE,,,,150,unconfirmed,48336
VJU:VJU3@2026,VJU,2026,VJU3,Cơ điện tử thông minh và sản xuất theo phương thức Nhật Bản – EMJM,,,,55,unconfirmed,48341
VJU:VJU4@2026,VJU,2026,VJU4,Công nghệ Thực phẩm và sức khỏe – EFTH,,,,55,unconfirmed,48346
VJU:VJU5@2026,VJU,2026,VJU5,Nông nghiệp thông minh và bền vững – ESAS,,,,20,unconfirmed,48351
VJU:VJU6@2026,VJU,2026,VJU6,Kỹ thuật Xây dựng – ECE,,,,50,unconfirmed,48356
VJU:VJU7@2026,VJU,2026,VJU7,Đổi mới và phát triển toàn cầu (Quốc tế học) – BGDI,,,,100,unconfirmed,48361
VJU:VJU8@2026,VJU,2026,VJU8,Công nghệ kỹ thuật Chip bán dẫn – ESCT,,,,100,unconfirmed,48366
VJU:VJU9@2026,VJU,2026,VJU9,Điều khiển thông minh và Tự động hóa – BICA,,,,100,unconfirmed,48371
VLU:7140101TC@2026,VLU,2026,7140101TC,Giáo dục học,7140101,,,33,unconfirmed,48382
VLU:7140246TC@2026,VLU,2026,7140246TC,Sư phạm công nghệ,7140246,,,25,unconfirmed,48388
VLU:7220201TC@2026,VLU,2026,7220201TC,Ngôn ngữ Anh,7220201,,,100,unconfirmed,48394
VLU:7229001TC@2026,VLU,2026,7229001TC,Triết học,7229001,,,50,unconfirmed,48400
VLU:7310101HQ@2026,VLU,2026,7310101HQ,Kinh tế (CLC liên kết ĐH TONGMYONG - Hàn Quốc),7310101,,,5,unconfirmed,48406
VLU:7310101NB@2026,VLU,2026,7310101NB,Kinh tế (Đào tạo kỹ sư/cử nhân làm việc Nhật Bản),7310101,,,20,unconfirmed,48412
VLU:7310101TC@2026,VLU,2026,7310101TC,Kinh tế,7310101,,,230,unconfirmed,48418
VLU:7310201TC@2026,VLU,2026,7310201TC,Chính trị học,7310201,,,50,unconfirmed,48424
VLU:7310608TC@2026,VLU,2026,7310608TC,Đông phương học,7310608,,,70,unconfirmed,48430
VLU:7320104TC@2026,VLU,2026,7320104TC,Truyền thông đa phương tiện,7320104,,,150,unconfirmed,48436
VLU:7340115TC@2026,VLU,2026,7340115TC,Marketing,7340115,,,60,unconfirmed,48442
VLU:7340122TC@2026,VLU,2026,7340122TC,Thương mại điện tử,7340122,,,33,unconfirmed,48448
VLU:7380101TC@2026,VLU,2026,7380101TC,Luật,7380101,,,125,unconfirmed,48454
VLU:7420201NB@2026,VLU,2026,7420201NB,Công nghệ sinh học (Đào tạo kỹ sư/cử nhân làm việc Nhật Bản),7420201,,,10,unconfirmed,48460
VLU:7420201TC@2026,VLU,2026,7420201TC,Công nghệ sinh học,7420201,,,40,unconfirmed,48466
VLU:7460108TC@2026,VLU,2026,7460108TC,Khoa học dữ liệu,7460108,,,40,unconfirmed,48472
VLU:7460117TC@2026,VLU,2026,7460117TC,Toán tin,7460117,,,60,unconfirmed,48478
VLU:7480201HQ@2026,VLU,2026,7480201HQ,Công nghệ thông tin (CLC liên kết ĐH TONGMYONG - Hàn Quốc),7480201,,,5,unconfirmed,48484
VLU:7480201TC@2026,VLU,2026,7480201TC,Công nghệ thông tin,7480201,,,350,unconfirmed,48490
VLU:7510102NB@2026,VLU,2026,7510102NB,Công nghệ Kỹ thuật công trình xây dựng (Đào tạo kỹ sư/cử nhân làm việc Nhật Bản),7510102,,,10,unconfirmed,48496
VLU:7510102TC@2026,VLU,2026,7510102TC,Công nghệ Kỹ thuật công trình xây dựng,7510102,,,60,unconfirmed,48502
VLU:7510201HQ@2026,VLU,2026,7510201HQ,Công nghệ kỹ thuật cơ khí (CLC liên kết ĐH TONGMYONG - Hàn Quốc),7510201,,,5,unconfirmed,48508
VLU:7510201NB@2026,VLU,2026,7510201NB,Công nghệ kỹ thuật cơ khí (Đào tạo kỹ sư/cử nhân làm việc Nhật Bản),7510201,,,20,unconfirmed,48514
VLU:7510201TC@2026,VLU,2026,7510201TC,Công nghệ kỹ thuật cơ khí,7510201,,,170,unconfirmed,48520
VLU:7510203HQ@2026,VLU,2026,7510203HQ,Công nghệ kỹ thuật cơ điện tử (CLC liên kết ĐH TONGMYONG - Hàn Quốc),7510203,,,5,unconfirmed,48526
VLU:7510203TC@2026,VLU,2026,7510203TC,Công nghệ kỹ thuật cơ điện tử,7510203,,,70,unconfirmed,48532
VLU:7510205HQ@2026,VLU,2026,7510205HQ,Công nghệ kỹ thuật ô tô (CLC liên kết ĐH TONGMYONG - Hàn Quốc),7510205,,,10,unconfirmed,48538
VLU:7510205NB@2026,VLU,2026,7510205NB,Công nghệ kỹ thuật ô tô (Đào tạo kỹ sư/cử nhân làm việc Nhật Bản),7510205,,,50,unconfirmed,48544
VLU:7510205TC@2026,VLU,2026,7510205TC,Công nghệ kỹ thuật ô tô,7510205,,,450,unconfirmed,48550
VLU:7510206TC@2026,VLU,2026,7510206TC,Công nghệ kỹ thuật nhiệt (Điện lạnh),7510206,,,120,unconfirmed,48556
VLU:7510208TC@2026,VLU,2026,7510208TC,Năng lượng tái tạo,7510208,,,60,unconfirmed,48562
VLU:7510301HQ@2026,VLU,2026,7510301HQ,"Công nghệ kỹ thuật điện, điện tử (CLC liên kết ĐH TONGMYONG - Hàn Quốc)",7510301,,,5,unconfirmed,48568
VLU:7510301NB@2026,VLU,2026,7510301NB,"Công nghệ kỹ thuật điện, điện tử (Đào tạo kỹ sư/cử nhân làm việc Nhật Bản)",7510301,,,20,unconfirmed,48574
VLU:7510301TC@2026,VLU,2026,7510301TC,"Công nghệ kỹ thuật điện, điện tử",7510301,,,220,unconfirmed,48580
VLU:7510303HQ@2026,VLU,2026,7510303HQ,Công nghệ kỹ thuật điều khiển và Tự động hóa(CLC liên kết ĐH TONGMYONG - Hàn Quốc),7510303,,,5,unconfirmed,48586
VLU:7510303NB@2026,VLU,2026,7510303NB,Công nghệ kỹ thuật điều khiển và Tự động hóa(Đào tạo kỹ sư/cử nhân làm việc Nhật Bản),7510303,,,20,unconfirmed,48592
VLU:7510303TC@2026,VLU,2026,7510303TC,Công nghệ kỹ thuật điều khiển và Tự động hóa,7510303,,,100,unconfirmed,48598
VLU:7510605HQ@2026,VLU,2026,7510605HQ,Logistics và Quản lý chuỗi cung ứng (CLC liên kết ĐH TONGMYONG - Hàn Quốc),7510605,,,5,unconfirmed,48604
VLU:7510605TC@2026,VLU,2026,7510605TC,Logistics và Quản lý chuỗi cung ứng,7510605,,,77,unconfirmed,48610
VLU:7520107TC@2026,VLU,2026,7520107TC,Kỹ thuật Robot,7520107,,,40,unconfirmed,48616
VLU:7520130TC@2026,VLU,2026,7520130TC,Kỹ thuật ô tô,7520130,,,112,unconfirmed,48622
VLU:7520301TC@2026,VLU,2026,7520301TC,Kỹ thuật hóa học,7520301,,,43,unconfirmed,48628
VLU:7540101HQ@2026,VLU,2026,7540101HQ,Công nghệ thực phẩm (CLC liên kết ĐH TONGMYONG - Hàn Quốc),7540101,,,5,unconfirmed,48634
VLU:7540101NB@2026,VLU,2026,7540101NB,Công nghệ thực phẩm (Đào tạo kỹ sư/cử nhân làm việc Nhật Bản),7540101,,,20,unconfirmed,48640
VLU:7540101TC@2026,VLU,2026,7540101TC,Công nghệ thực phẩm,7540101,,,140,unconfirmed,48646
VLU:7620105TC@2026,VLU,2026,7620105TC,Chăn nuôi,7620105,,,50,unconfirmed,48652
VLU:7620112TC@2026,VLU,2026,7620112TC,Bảo vệ thực vật,7620112,,,50,unconfirmed,48658
VLU:7620301TC@2026,VLU,2026,7620301TC,Nuôi trồng thủy sản,7620301,,,50,unconfirmed,48664
VLU:7640101TC@2026,VLU,2026,7640101TC,Thú y,7640101,,,180,unconfirmed,48670
VLU:7760101NB@2026,VLU,2026,7760101NB,Công tác xã hội (Đào tạo kỹ sư/cử nhân làm việc Nhật Bản),7760101,,,10,unconfirmed,48676
VLU:7760101TC@2026,VLU,2026,7760101TC,Công tác xã hội,7760101,,,32,unconfirmed,48682
VLU:7810101HQ@2026,VLU,2026,7810101HQ,Du lịch (Đào tạo kỹ sư/cử nhân làm việc Nhật Bản),7810101,,,5,unconfirmed,48688
VLU:7810101TC@2026,VLU,2026,7810101TC,Du lịch,7810101,,,75,unconfirmed,48694
VLU:7810103NB@2026,VLU,2026,7810103NB,Quản trị dịch vụ du lịch và lữ hành (Đào tạo kỹ sư/cử nhân làm việc Nhật Bản),7810103,,,20,unconfirmed,48700
VLU:7810103TC@2026,VLU,2026,7810103TC,Quản trị dịch vụ du lịch và lữ hành,7810103,,,55,unconfirmed,48706
VPH:7510201@2026,VPH,2026,7510201,Công nghệ kỹ thuật cơ khí (Thí sinh miền Bắc),7510201,,,21,unconfirmed,48713
VPH:7510201~2@2026,VPH,2026,7510201,Công nghệ kỹ thuật cơ khí (Thí sinh miền Nam),7510201,,,39,unconfirmed,48719
VTT:7340101@2026,VTT,2026,7340101,Quản trị kinh doanh,7340101,,,50,unconfirmed,48731
VTT:7340201@2026,VTT,2026,7340201,Tài chính - Ngân hàng,7340201,,,50,unconfirmed,48737
VTT:7340301@2026,VTT,2026,7340301,Kế toán,7340301,,,50,unconfirmed,48743
VTT:7380101@2026,VTT,2026,7380101,Luật,7380101,,,30,unconfirmed,48749
VTT:7480201@2026,VTT,2026,7480201,Công nghệ thông tin,7480201,,,30,unconfirmed,48755
VTT:7510205@2026,VTT,2026,7510205,Công nghệ kỹ thuật ô tô,7510205,,,,unconfirmed,48761
VTT:7720101@2026,VTT,2026,7720101,Y khoa,7720101,,,750,unconfirmed,48767
VTT:7720201@2026,VTT,2026,7720201,Dược học,7720201,,,40,unconfirmed,48773
VTT:7720501@2026,VTT,2026,7720501,Răng - Hàm - Mặt,7720501,,,600,unconfirmed,48779
VUI:7220201@2026,VUI,2026,7220201,Ngôn ngữ Anh,7220201,,,50,unconfirmed,48790
VUI:7220204@2026,VUI,2026,7220204,Ngôn ngữ Trung Quốc,7220204,,,200,unconfirmed,48796
VUI:7220210@2026,VUI,2026,7220210,Ngôn ngữ Hàn Quốc,7220210,,,50,unconfirmed,48802
VUI:7340101@2026,VUI,2026,7340101,Quản trị kinh doanh,7340101,,,60,unconfirmed,48808
VUI:7340115@2026,VUI,2026,7340115,Marketing,7340115,,,50,unconfirmed,48814
VUI:7340301@2026,VUI,2026,7340301,Kế toán,7340301,,,80,unconfirmed,48820
VUI:7440112@2026,VUI,2026,7440112,Hóa học (Hóa phân tích),7440112,,,80,unconfirmed,48826
VUI:7480107@2026,VUI,2026,7480107,Trí tuệ nhân tạo,7480107,,,50,unconfirmed,48832
VUI:7480201@2026,VUI,2026,7480201,Công nghệ thông tin,7480201,,,100,unconfirmed,48838
VUI:7510201@2026,VUI,2026,7510201,Công nghệ kỹ thuật cơ khí,7510201,,,80,unconfirmed,48844
VUI:7510203@2026,VUI,2026,7510203,Công nghệ kỹ thuật cơ điện tử,7510203,,,50,unconfirmed,48850
VUI:7510205@2026,VUI,2026,7510205,Công nghệ kỹ thuật ô tô,7510205,,,200,unconfirmed,48856
VUI:7510301@2026,VUI,2026,7510301,"Công nghệ kỹ thuật điện, điện tử",7510301,,,200,unconfirmed,48862
VUI:7510302@2026,VUI,2026,7510302,Công nghệ kỹ thuật điện tử - viễn thông,7510302,,,50,unconfirmed,48868
VUI:7510303@2026,VUI,2026,7510303,Công nghệ kỹ thuật điều khiển và tự động hóa,7510303,,,150,unconfirmed,48874
VUI:7510401@2026,VUI,2026,7510401,Công nghệ kỹ thuật hóa học,7510401,,,80,unconfirmed,48880
VUI:7540101@2026,VUI,2026,7540101,Công nghệ thực phẩm,7540101,,,30,unconfirmed,48886
XDA:XDA01@2026,XDA,2026,XDA01,Kiến trúc,,,,300,unconfirmed,48898
XDA:XDA02@2026,XDA,2026,XDA02,Kiến trúc/Kiến trúc công nghệ,,,,50,unconfirmed,48903
XDA:XDA03@2026,XDA,2026,XDA03,Kiến trúc cảnh quan,,,,50,unconfirmed,48908
XDA:XDA04@2026,XDA,2026,XDA04,Kiến trúc nội thất,,,,100,unconfirmed,48913
XDA:XDA05@2026,XDA,2026,XDA05,Quy hoạch vùng và đô thị,,,,50,unconfirmed,48918
XDA:XDA06@2026,XDA,2026,XDA06,Mỹ thuật đô thị (*),,,,50,unconfirmed,48923
XDA:XDA07@2026,XDA,2026,XDA07,Kỹ thuật xây dựng,,,,300,unconfirmed,48928
XDA:XDA08@2026,XDA,2026,XDA08,Kỹ thuật xây dựng/ Xây dựng Dân dụng và Công nghiệp,,,,400,unconfirmed,48933
XDA:XDA09@2026,XDA,2026,XDA09,Kỹ thuật xây dựng/ Hệ thống kỹ thuật trong công trình,,,,100,unconfirmed,48938
XDA:XDA10@2026,XDA,2026,XDA10,Kỹ thuật xây dựng/ Tin học xây dựng,,,,150,unconfirmed,48943
XDA:XDA11@2026,XDA,2026,XDA11,Kỹ thuật xây dựng/ Kỹ thuật công trình biển,,,,50,unconfirmed,48948
XDA:XDA12@2026,XDA,2026,XDA12,Kỹ thuật xây dựng/ Kỹ thuật công trình thủy,,,,50,unconfirmed,48953
XDA:XDA13@2026,XDA,2026,XDA13,Kỹ thuật xây dựng công trình Giao thông/ Xây dựng Cầu đường,,,,150,unconfirmed,48958
XDA:XDA14@2026,XDA,2026,XDA14,Kỹ thuật xây dựng công trình giao thông/ Đường sắt tốc độ cao và đường sắt đô thị,,,,50,unconfirmed,48963
XDA:XDA15@2026,XDA,2026,XDA15,Kỹ thuật Cấp thoát nước/ Kỹ thuật nước - Môi trường nước,,,,100,unconfirmed,48968
XDA:XDA16@2026,XDA,2026,XDA16,Kinh tế xây dựng,,,,450,unconfirmed,48973
XDA:XDA17@2026,XDA,2026,XDA17,Quản lý xây dựng/ Kinh tế và quản lý đô thị,,,,100,unconfirmed,48978
XDA:XDA18@2026,XDA,2026,XDA18,Quản lý xây dựng/ Kinh tế và quản lý bất động sản,,,,100,unconfirmed,48983
XDA:XDA19@2026,XDA,2026,XDA19,"Quản lý xây dựng/ Quản lý hạ tầng, đất đai đô thị (*)",,,,100,unconfirmed,48988
XDA:XDA20@2026,XDA,2026,XDA20,Quản lý xây dựng/ Kiểm toán đầu tư xây dựng (*),,,,50,unconfirmed,48993
XDA:XDA21@2026,XDA,2026,XDA21,Công nghệ kỹ thuật xây dựng,,,,50,unconfirmed,48998
XDA:XDA22@2026,XDA,2026,XDA22,Công nghệ kỹ thuật vật liệu xây dựng,,,,100,unconfirmed,49003
XDA:XDA23@2026,XDA,2026,XDA23,Logistics và Quản lý chuỗi cung ứng (*),,,,200,unconfirmed,49008
XDA:XDA24@2026,XDA,2026,XDA24,Logistics và Quản lý chuỗi cung ứng/ Logistics đô thị (*),,,,50,unconfirmed,49013
XDA:XDA25@2026,XDA,2026,XDA25,Logistics và Quản lý chuỗi cung ứng/ Logistics công nghiệp (*),,,,50,unconfirmed,49018
XDA:XDA26@2026,XDA,2026,XDA26,Công nghệ thông tin,,,,250,unconfirmed,49023
XDA:XDA27@2026,XDA,2026,XDA27,Công nghệ thông tin/ Công nghệ đa phương tiện (*),,,,100,unconfirmed,49028
XDA:XDA28@2026,XDA,2026,XDA28,Công nghệ thông tin/ An toàn thông tin,,,,50,unconfirmed,49033
XDA:XDA29@2026,XDA,2026,XDA29,Khoa học máy tính,,,,100,unconfirmed,49038
XDA:XDA30@2026,XDA,2026,XDA30,Khoa học dữ liệu (*),,,,50,unconfirmed,49043
XDA:XDA31@2026,XDA,2026,XDA31,Kỹ thuật cơ khí,,,,100,unconfirmed,49048
XDA:XDA32@2026,XDA,2026,XDA32,Kỹ thuật cơ khí/ Máy xây dựng,,,,100,unconfirmed,49053
XDA:XDA33@2026,XDA,2026,XDA33,Kỹ thuật cơ khí/ Kỹ thuật cơ điện,,,,100,unconfirmed,49058
XDA:XDA34@2026,XDA,2026,XDA34,Kỹ thuật cơ khí/ Kỹ thuật ô tô,,,,100,unconfirmed,49063
XDA:XDA35@2026,XDA,2026,XDA35,Kỹ thuật cơ điện tử,,,,50,unconfirmed,49068
XDA:XDA36@2026,XDA,2026,XDA36,Kỹ thuật điện,,,,50,unconfirmed,49073
XDA:XDA37@2026,XDA,2026,XDA37,Kỹ thuật điều khiển và tự động hóa,,,,50,unconfirmed,49078
XDA:XDA38@2026,XDA,2026,XDA38,Kỹ thuật vật liệu,,,,50,unconfirmed,49083
XDA:XDA39@2026,XDA,2026,XDA39,Kỹ thuật Môi trường,,,,50,unconfirmed,49088
XDA:XDA40@2026,XDA,2026,XDA40,Quản lý dự án (*),,,,100,unconfirmed,49093
XDA:XDA41@2026,XDA,2026,XDA41,CTĐT Nghệ thuật và thiết kế (Thiết kế công nghiệp),,,,90,unconfirmed,49098
XDA:XDA41~2@2026,XDA,2026,XDA41,CTĐT Nghệ thuật và thiết kế (Thiết kế đồ họa),,,,90,unconfirmed,49103
XDA:XDA41~3@2026,XDA,2026,XDA41,CTĐT Nghệ thuật và thiết kế (Thiết kế thời trang),,,,90,unconfirmed,49108
XDA:XDA42@2026,XDA,2026,XDA42,Kỹ thuật xây dựng (Chương trình đào tạo Kỹ sư chất lượng cao - PFIEV),,,,100,unconfirmed,49113
XDA:XDA43@2026,XDA,2026,XDA43,"Kỹ thuật xây dựng (hợp tác với Đại học Mississippi, Hoa Kỳ)",,,,30,unconfirmed,49118
XDA:XDA44@2026,XDA,2026,XDA44,"Khoa học Máy tính (hợp tác với Đại học Mississippi, Hoa Kỳ)",,,,30,unconfirmed,49123
XDT:7340101@2026,XDT,2026,7340101,Quản trị kinh doanh,7340101,,,60,unconfirmed,49134
XDT:7340101-DN@2026,XDT,2026,7340101-DN,Quản trị kinh doanh (Phân hiệu Đà Nẵng),7340101,,,30,unconfirmed,49140
XDT:7340122@2026,XDT,2026,7340122,Thương mại điện tử,7340122,,,40,unconfirmed,49146
XDT:7340122-DN@2026,XDT,2026,7340122-DN,Thương mại điện tử (Phân hiệu Đà Nẵng),7340122,,,30,unconfirmed,49152
XDT:7340201@2026,XDT,2026,7340201,Tài chính - Ngân hàng,7340201,,,20,unconfirmed,49158
XDT:7340201-DN@2026,XDT,2026,7340201-DN,Tài chính - Ngân hàng (Phân hiệu Đà Nẵng),7340201,,,30,unconfirmed,49164
XDT:7340301@2026,XDT,2026,7340301,Kế toán,7340301,,,50,unconfirmed,49170
XDT:7340301-DN@2026,XDT,2026,7340301-DN,Kế toán (Phân hiệu Đà Nẵng),7340301,,,30,unconfirmed,49176
XDT:7480201@2026,XDT,2026,7480201,Công nghệ thông tin,7480201,,,80,unconfirmed,49182
XDT:7480201-DN@2026,XDT,2026,7480201-DN,Công nghệ thông tin (Phân hiệu Đà Nẵng),7480201,,,50,unconfirmed,49188
XDT:7510205@2026,XDT,2026,7510205,Công nghệ kỹ thuật ô tô,7510205,,,150,unconfirmed,49194
XDT:7510205-DN@2026,XDT,2026,7510205-DN,Công nghệ kỹ thuật ô tô (Phân hiệu Đà Nẵng),7510205,,,140,unconfirmed,49200
XDT:7510605@2026,XDT,2026,7510605,Logistics và Quản lý chuỗi cung ứng,7510605,,,60,unconfirmed,49206
XDT:7510605-DN@2026,XDT,2026,7510605-DN,Logistics và Quản lý chuỗi cung ứng (Phân hiệu Đà Nẵng),7510605,,,40,unconfirmed,49212
XDT:7520216@2026,XDT,2026,7520216,Kỹ thuật điều khiển và tự động hoá,7520216,,,50,unconfirmed,49218
XDT:7520216-DN@2026,XDT,2026,7520216-DN,Kỹ thuật điều khiển và tự động hoá (Phân hiệu Đà Nẵng),7520216,,,40,unconfirmed,49224
XDT:7580101@2026,XDT,2026,7580101,Kiến trúc,7580101,,,50,unconfirmed,49230
XDT:7580101-DN@2026,XDT,2026,7580101-DN,Kiến trúc (Phân hiệu Đà Nẵng),7580101,,,50,unconfirmed,49236
XDT:7580103@2026,XDT,2026,7580103,Kiến trúc nội thất,7580103,,,30,unconfirmed,49242
XDT:7580103-DN@2026,XDT,2026,7580103-DN,Kiến trúc nội thất (Phân hiệu Đà Nẵng),7580103,,,30,unconfirmed,49248
XDT:7580201@2026,XDT,2026,7580201,Kỹ thuật xây dựng,7580201,,,185,unconfirmed,49254
XDT:7580201-DN@2026,XDT,2026,7580201-DN,Kỹ thuật xây dựng (Phân hiệu Đà Nẵng),7580201,,,45,unconfirmed,49260
XDT:7580205@2026,XDT,2026,7580205,Kỹ thuật xây dựng công trình giao thông,7580205,,,30,unconfirmed,49266
XDT:7580205 -DN@2026,XDT,2026,7580205 -DN,Kỹ thuật xây dựng công trình giao thông (Phân hiệu Đà Nẵng),,,,20,unconfirmed,49272
XDT:7580213@2026,XDT,2026,7580213,Kỹ thuật cấp thoát nước,7580213,,,10,unconfirmed,49277
XDT:7580213-DN@2026,XDT,2026,7580213-DN,Kỹ thuật cấp thoát nước (Phân hiệu Đà Nẵng),7580213,,,10,unconfirmed,49283
XDT:7580301@2026,XDT,2026,7580301,Kinh tế xây dựng,7580301,,,25,unconfirmed,49289
XDT:7580301-DN@2026,XDT,2026,7580301-DN,Kinh tế xây dựng (Phân hiệu Đà Nẵng),7580301,,,20,unconfirmed,49295
XDT:7580302@2026,XDT,2026,7580302,Quản lý xây dựng,7580302,,,30,unconfirmed,49301
XDT:7580302-DN@2026,XDT,2026,7580302-DN,Quản lý xây dựng (Phân hiệu Đà Nẵng),7580302,,,30,unconfirmed,49307
YCT:7310401@2026,YCT,2026,7310401,Tâm lý học,7310401,,,50,unconfirmed,49319
YCT:7520212@2026,YCT,2026,7520212,Kỹ thuật Y sinh,7520212,,,60,unconfirmed,49325
YCT:7720101@2026,YCT,2026,7720101,Y khoa,7720101,,,1030,unconfirmed,49331
YCT:7720101E@2026,YCT,2026,7720101E,Y khoa tiếng Anh,7720101,,,100,unconfirmed,49337
YCT:7720110@2026,YCT,2026,7720110,Y học dự phòng,7720110,,,150,unconfirmed,49343
YCT:7720115@2026,YCT,2026,7720115,Y học cổ truyền,7720115,,,150,unconfirmed,49349
YCT:7720201@2026,YCT,2026,7720201,Dược học,7720201,,,200,unconfirmed,49355
YCT:7720301@2026,YCT,2026,7720301,Điều dưỡng,7720301,,,120,unconfirmed,49361
YCT:7720302@2026,YCT,2026,7720302,Hộ sinh,7720302,,,100,unconfirmed,49367
YCT:7720401@2026,YCT,2026,7720401,Dinh dưỡng,7720401,,,50,unconfirmed,49373
YCT:7720501@2026,YCT,2026,7720501,Răng hàm mặt,7720501,,,170,unconfirmed,49379
YCT:7720601@2026,YCT,2026,7720601,Kỹ thuật Xét nghiệm y học,7720601,,,120,unconfirmed,49385
YCT:7720602@2026,YCT,2026,7720602,Kỹ thuật Hình ảnh y học,7720602,,,60,unconfirmed,49391
YCT:7720603@2026,YCT,2026,7720603,Kỹ thuật Phục hồi chức năng,7720603,,,50,unconfirmed,49397
YCT:7720701@2026,YCT,2026,7720701,Y tế công cộng,7720701,,,50,unconfirmed,49403
YDD:7720301@2026,YDD,2026,7720301,Điều dưỡng,7720301,,,700,unconfirmed,49415
YDD:7720302@2026,YDD,2026,7720302,Hộ sinh,7720302,,,180,unconfirmed,49421
YDD:7720401@2026,YDD,2026,7720401,Dinh dưỡng,7720401,,,30,unconfirmed,49427
YDN:7720101@2026,YDN,2026,7720101,Y khoa,7720101,,,260,unconfirmed,49439
YDN:7720201@2026,YDN,2026,7720201,Dược học,7720201,,,135,unconfirmed,49445
YDN:7720301@2026,YDN,2026,7720301,Điều dưỡng đa khoa,7720301,,,345,unconfirmed,49451
YDN:7720301~2@2026,YDN,2026,7720301,Điều dưỡng nha khoa,7720301,,,345,unconfirmed,49457
YDN:7720301~3@2026,YDN,2026,7720301,Điều dưỡng gây mê hồi sức,7720301,,,345,unconfirmed,49463
YDN:7720601@2026,YDN,2026,7720601,Kỹ thuật xét nghiệm y học,7720601,,,160,unconfirmed,49469
YDN:7720602@2026,YDN,2026,7720602,Kỹ thuật hình ảnh y học,7720602,,,120,unconfirmed,49475
YDN:7720603@2026,YDN,2026,7720603,Kỹ thuật phục hồi chức năng,7720603,,,120,unconfirmed,49481
YDN:7720701@2026,YDN,2026,7720701,Y tế công cộng,7720701,,,30,unconfirmed,49487
YDS:7310401@2026,YDS,2026,7310401,Tâm lý học,7310401,,,60,unconfirmed,49499
YDS:7720101@2026,YDS,2026,7720101,Y khoa,7720101,,,420,unconfirmed,49505
YDS:7720110@2026,YDS,2026,7720110,Y học dự phòng,7720110,,,120,unconfirmed,49511
YDS:7720115@2026,YDS,2026,7720115,Y học cổ truyền,7720115,,,231,unconfirmed,49517
YDS:7720201@2026,YDS,2026,7720201,Dược học,7720201,,,530,unconfirmed,49523
YDS:7720202@2026,YDS,2026,7720202,Công nghệ dược phẩm,7720202,,,60,unconfirmed,49529
YDS:7720203@2026,YDS,2026,7720203,Hóa dược,7720203,,,60,unconfirmed,49535
YDS:7720301@2026,YDS,2026,7720301,Điều dưỡng,7720301,,,250,unconfirmed,49541
YDS:772030103@2026,YDS,2026,772030103,Điều dưỡng chuyên ngành Gây mê hồi sức,7720301,,,120,unconfirmed,49547
YDS:7720302@2026,YDS,2026,7720302,Hộ sinh,7720302,,,120,unconfirmed,49553
YDS:7720401@2026,YDS,2026,7720401,Dinh dưỡng,7720401,,,80,unconfirmed,49559
YDS:7720501@2026,YDS,2026,7720501,Răng - Hàm - Mặt,7720501,,,135,unconfirmed,49565
YDS:7720502@2026,YDS,2026,7720502,Kỹ thuật phục hình răng,7720502,,,40,unconfirmed,49571
YDS:7720601@2026,YDS,2026,7720601,Kỹ thuật xét nghiệm y học,7720601,,,170,unconfirmed,49577
YDS:7720602@2026,YDS,2026,7720602,Kỹ thuật hình ảnh y học,7720602,,,100,unconfirmed,49583
YDS:7720603@2026,YDS,2026,7720603,Kỹ thuật phục hồi chức năng,7720603,,,100,unconfirmed,49589
YDS:7720701@2026,YDS,2026,7720701,Y tế công cộng,7720701,,,90,unconfirmed,49595
YDS:7760101@2026,YDS,2026,7760101,Công tác xã hội,7760101,,,60,unconfirmed,49601
YHB:7310401@2026,YHB,2026,7310401,Tâm lý học,7310401,,,88,unconfirmed,49613
YHB:7720101@2026,YHB,2026,7720101,Y khoa,7720101,,,440,unconfirmed,49619
YHB:7720101TH@2026,YHB,2026,7720101TH,Y khoa Phân hiệu Thanh Hóa,7720101,,,150,unconfirmed,49625
YHB:7720110@2026,YHB,2026,7720110,Y học dự phòng,7720110,,,100,unconfirmed,49631
YHB:7720115@2026,YHB,2026,7720115,Y học cổ truyền,7720115,,,80,unconfirmed,49637
YHB:7720301@2026,YHB,2026,7720301,Điều dưỡng Chương trình tiên tiến (*),7720301,,,130,unconfirmed,49643
YHB:7720301TH@2026,YHB,2026,7720301TH,Điều dưỡng Phân hiệu Thanh Hóa,7720301,,,100,unconfirmed,49649
YHB:7720302@2026,YHB,2026,7720302,Hộ sinh,7720302,,,70,unconfirmed,49655
YHB:7720401@2026,YHB,2026,7720401,Dinh dưỡng,7720401,,,110,unconfirmed,49661
YHB:7720501@2026,YHB,2026,7720501,Răng-Hàm-Mặt,7720501,,,120,unconfirmed,49667
YHB:7720502@2026,YHB,2026,7720502,Kĩ thuật phục hình răng,7720502,,,50,unconfirmed,49673
YHB:7720601@2026,YHB,2026,7720601,Kĩ thuật xét nghiệm y học,7720601,,,80,unconfirmed,49679
YHB:7720601TH@2026,YHB,2026,7720601TH,Kĩ thuật xét nghiệm y học Phân hiệu Thanh Hóa,7720601,,,80,unconfirmed,49685
YHB:7720602@2026,YHB,2026,7720602,Kĩ thuật hình ảnh y học (**),7720602,,,100,unconfirmed,49691
YHB:7720602TH@2026,YHB,2026,7720602TH,Kĩ thuật hình ảnh y học Phân hiệu Thanh Hóa,7720602,,,50,unconfirmed,49697
YHB:7720603@2026,YHB,2026,7720603,Kĩ thuật phục hồi chức năng,7720603,,,70,unconfirmed,49703
YHB:7720603TH@2026,YHB,2026,7720603TH,Kĩ thuật phục hồi chức năng Phân hiệu Thanh Hóa,7720603,,,70,unconfirmed,49709
YHB:7720609@2026,YHB,2026,7720609,Khúc xạ nhãn khoa,7720609,,,80,unconfirmed,49715
YHB:7720701@2026,YHB,2026,7720701,Y tế công cộng,7720701,,,80,unconfirmed,49721
YHB:7760101@2026,YHB,2026,7760101,Công tác xã hội,7760101,,,60,unconfirmed,49727
YKV:7720101@2026,YKV,2026,7720101,Y khoa,7720101,,,450,unconfirmed,49739
YKV:7720110@2026,YKV,2026,7720110,Y học dự phòng,7720110,,,50,unconfirmed,49745
YKV:7720201@2026,YKV,2026,7720201,Dược học,7720201,,,150,unconfirmed,49751
YKV:7720301@2026,YKV,2026,7720301,Điều dưỡng,7720301,,,350,unconfirmed,49757
YKV:7720601@2026,YKV,2026,7720601,Kỹ thuật xét nghiệm y học,7720601,,,60,unconfirmed,49763
YPB:7720101@2026,YPB,2026,7720101,Y khoa,7720101,,,650,unconfirmed,49775
YPB:7720110@2026,YPB,2026,7720110,Y học dự phòng,7720110,,,120,unconfirmed,49781
YPB:7720115@2026,YPB,2026,7720115,Y học cổ truyền,7720115,,,180,unconfirmed,49787
YPB:7720201@2026,YPB,2026,7720201,Dược học,7720201,,,250,unconfirmed,49793
YPB:7720301@2026,YPB,2026,7720301,Điều dưỡng,7720301,,,300,unconfirmed,49799
YPB:7720501@2026,YPB,2026,7720501,Răng - Hàm - Mặt,7720501,,,200,unconfirmed,49805
YPB:7720601@2026,YPB,2026,7720601,Kỹ thuật xét nghiệm y học,7720601,,,180,unconfirmed,49811
YQH:7720101@2026,YQH,2026,7720101,"Ngành Y khoa (Thí sinh Nam, miền Bắc)",7720101,,,83,unconfirmed,49823
YQH:7720101~2@2026,YQH,2026,7720101,"Ngành Y khoa (Thí sinh Nam, miền Nam)",7720101,,,44,unconfirmed,49829
YQH:7720101~3@2026,YQH,2026,7720101,"Ngành Y khoa (Thí sinh Nữ, miền Bắc)",7720101,,,8,unconfirmed,49835
YQH:7720101~4@2026,YQH,2026,7720101,"Ngành Y khoa (Thí sinh Nữ, miền Nam)",7720101,,,5,unconfirmed,49841
YTB:7720101@2026,YTB,2026,7720101,Y khoa,7720101,,,700,unconfirmed,49853
YTB:7720110@2026,YTB,2026,7720110,Y học dự phòng,7720110,,,60,unconfirmed,49859
YTB:7720115@2026,YTB,2026,7720115,Y học cổ truyền,7720115,,,120,unconfirmed,49865
YTB:7720201@2026,YTB,2026,7720201,Dược học,7720201,,,240,unconfirmed,49871
YTB:7720301@2026,YTB,2026,7720301,Điều dưỡng,7720301,,,240,unconfirmed,49877
YTB:7720601@2026,YTB,2026,7720601,Kỹ thuật xét nghiệm y học,7720601,,,120,unconfirmed,49883
YTC:7460108@2026,YTC,2026,7460108,Khoa học dữ liệu,7460108,,,60,unconfirmed,49895
YTC:7720401@2026,YTC,2026,7720401,Dinh dưỡng,7720401,,,130,unconfirmed,49901
YTC:7720601@2026,YTC,2026,7720601,Kỹ thuật xét nghiệm y học,7720601,,,230,unconfirmed,49907
YTC:7720603@2026,YTC,2026,7720603,Kỹ thuật phục hồi chức năng,7720603,,,145,unconfirmed,49913
YTC:7720701@2026,YTC,2026,7720701,Y tế công cộng,7720701,,,220,unconfirmed,49919
YTC:7760101@2026,YTC,2026,7760101,Công tác xã hội,7760101,,,105,unconfirmed,49925
