program_id,school_code,program_code,name,major_code,field,kind,campus,combos,reference_combo,conditions,source_url
SIM-BKA:BF-E12,SIM-BKA,BF-E12,Chương trình tiên tiến Kỹ thuật Thực phẩm,,sinh_hoa,high_quality,,A00;B00;B03;C01;C02;D07;X02,A00,,https://diemthi.vnexpress.net/tra-cuu-dai-hoc/loadbenchmark/id/349/year/2026/sortby/1/block_name/-1
SIM-BKA:BF-E19,SIM-BKA,BF-E19,Kỹ thuật sinh học chương trình Tiên tiến,,sinh_hoa,high_quality,,A00;B00;B03;C01;C02;D07;X02,A00,,https://diemthi.vnexpress.net/tra-cuu-dai-hoc/loadbenchmark/id/349/year/2026/sortby/1/block_name/-1
SIM-BKA:BF1,SIM-BKA,BF1,Kỹ thuật Sinh học,,sinh_hoa,standard,,A00;B00;B03;C01;C02;D07;X02,A00,,https://diemthi.vnexpress.net/tra-cuu-dai-hoc/loadbenchmark/id/349/year/2026/sortby/1/block_name/-1
SIM-BKA:BF2,SIM-BKA,BF2,Kỹ thuật Thực phẩm,,sinh_hoa,standard,,A00;B00;B03;C01;C02;D07;X02,A00,,https://diemthi.vnexpress.net/tra-cuu-dai-hoc/loadbenchmark/id/349/year/2026/sortby/1/block_name/-1
SIM-BKA:CH-E11,SIM-BKA,CH-E11,Chương trình tiên tiến Kỹ thuật Hóa dược,,y_duoc,high_quality,,A00;B00;B03;C01;C02;D07;X02;A01,A00,Khối sức khỏe: có ngưỡng điểm sàn của Bộ,https://diemthi.vnexpress.net/tra-cuu-dai-hoc/loadbenchmark/id/349/year/2026/sortby/1/block_name/-1
SIM-BKA:CH-E20,SIM-BKA,CH-E20,Hóa học Mỹ phẩm (mới),,sinh_hoa,high_quality,,A00;A01;B03;C01;C02;X02;D07,A00,,https://diemthi.vnexpress.net/tra-cuu-dai-hoc/loadbenchmark/id/349/year/2026/sortby/1/block_name/-1
SIM-BKA:CH1,SIM-BKA,CH1,Kỹ thuật Hóa học,,sinh_hoa,standard,,A00;B00;B03;C01;C02;D07;X02,A00,,https://diemthi.vnexpress.net/tra-cuu-dai-hoc/loadbenchmark/id/349/year/2026/sortby/1/block_name/-1
SIM-BKA:CH2,SIM-BKA,CH2,Hóa học,,sinh_hoa,standard,,A00;B00;B03;C01;C02;D07;X02,A00,,https://diemthi.vnexpress.net/tra-cuu-dai-hoc/loadbenchmark/id/349/year/2026/sortby/1/block_name/-1
SIM-BKA:ED2,SIM-BKA,ED2,Công nghệ giáo dục,,su_pham,standard,,A00;A01;B03;C01;C02;D01;X02;B00;D07,A00,"Sư phạm: không nhận thí sinh bị dị hình, dị tật, nói ngọng, nói lắp; điểm sàn của Bộ",https://diemthi.vnexpress.net/tra-cuu-dai-hoc/loadbenchmark/id/349/year/2026/sortby/1/block_name/-1
SIM-BKA:ED3,SIM-BKA,ED3,Quản lý giáo dục,,su_pham,standard,,A00;A01;B03;C01;C02;D01;X02,A00,"Sư phạm: không nhận thí sinh bị dị hình, dị tật, nói ngọng, nói lắp; điểm sàn của Bộ",https://diemthi.vnexpress.net/tra-cuu-dai-hoc/loadbenchmark/id/349/year/2026/sortby/1/block_name/-1
SIM-BKA:ED5,SIM-BKA,ED5,Tâm lý học công nghiệp và tổ chức (mới),,xa_hoi,standard,,A00;A01;B03;C01;C02;D01;X02,A00,,https://diemthi.vnexpress.net/tra-cuu-dai-hoc/loadbenchmark/id/349/year/2026/sortby/1/block_name/-1
SIM-BKA:EE-E18,SIM-BKA,EE-E18,Chương trình tiên tiến Hệ thống điện và năng lượng tái tạo,,ky_thuat,high_quality,,A00;A01;B03;C01;C02;X02,A00,,https://diemthi.vnexpress.net/tra-cuu-dai-hoc/loadbenchmark/id/349/year/2026/sortby/1/block_name/-1
SIM-BKA:EE-E8,SIM-BKA,EE-E8,Chương trình tiên tiến Điều khiển - Tự động hóa và Hệ thống điện,,ky_thuat,high_quality,,A00;A01;B03;C01;C02;X02,A00,,https://diemthi.vnexpress.net/tra-cuu-dai-hoc/loadbenchmark/id/349/year/2026/sortby/1/block_name/-1
SIM-BKA:EE-EP,SIM-BKA,EE-EP,Tin học công nghiệp và Tự động hóa (Chương trình Việt - Pháp PFIEV),,ky_thuat,international,,A00;A01;B03;C01;C02;X02;D29,A00,"Học bằng tiếng Anh (thường cần trình độ tiếng Anh tốt, có thể yêu cầu IELTS/chứng chỉ khi nhập học) | Chương trình liên kết/quốc tế: học phí cao hơn chương trình chuẩn",https://diemthi.vnexpress.net/tra-cuu-dai-hoc/loadbenchmark/id/349/year/2026/sortby/1/block_name/-1
SIM-BKA:EE1,SIM-BKA,EE1,Kỹ thuật Điện,,ky_thuat,standard,,A00;A01;B03;C01;C02;X02,A00,,https://diemthi.vnexpress.net/tra-cuu-dai-hoc/loadbenchmark/id/349/year/2026/sortby/1/block_name/-1
SIM-BKA:EE2,SIM-BKA,EE2,Kỹ thuật Điều khiển - Tự động hóa,,ky_thuat,standard,,A00;A01;B03;C01;C02;X02,A00,,https://diemthi.vnexpress.net/tra-cuu-dai-hoc/loadbenchmark/id/349/year/2026/sortby/1/block_name/-1
SIM-BKA:EM-E13,SIM-BKA,EM-E13,Chương trình tiên tiến Phân tích kinh doanh,,kinh_te,high_quality,,A01;B03;C01;C02;D01;D07;X02,A01,,https://diemthi.vnexpress.net/tra-cuu-dai-hoc/loadbenchmark/id/349/year/2026/sortby/1/block_name/-1
SIM-BKA:EM-E14,SIM-BKA,EM-E14,Chương trình tiên tiến Logistics và Quản lý chuỗi cung ứng,,du_lich,high_quality,,A01;B03;C01;C02;D01;D07;X02,A01,,https://diemthi.vnexpress.net/tra-cuu-dai-hoc/loadbenchmark/id/349/year/2026/sortby/1/block_name/-1
SIM-BKA:EM-E17,SIM-BKA,EM-E17,Kế toán (mới),,tai_chinh,high_quality,,A01;B03;C01;C02;D01;D07;X02,A01,,https://diemthi.vnexpress.net/tra-cuu-dai-hoc/loadbenchmark/id/349/year/2026/sortby/1/block_name/-1
SIM-BKA:EM1,SIM-BKA,EM1,Quản lý năng lượng,,kinh_te,standard,,A00;A01;B03;C01;C02;D01;X02,A00,,https://diemthi.vnexpress.net/tra-cuu-dai-hoc/loadbenchmark/id/349/year/2026/sortby/1/block_name/-1
SIM-BKA:EM2,SIM-BKA,EM2,Quản lý công nghiệp,,xa_hoi,standard,,A00;A01;B03;C01;C02;D01;X02,A00,,https://diemthi.vnexpress.net/tra-cuu-dai-hoc/loadbenchmark/id/349/year/2026/sortby/1/block_name/-1
SIM-BKA:EM3,SIM-BKA,EM3,Quản trị kinh doanh,,kinh_te,standard,,A00;A01;B03;C01;C02;D01;X02,A00,,https://diemthi.vnexpress.net/tra-cuu-dai-hoc/loadbenchmark/id/349/year/2026/sortby/1/block_name/-1
SIM-BKA:EM5,SIM-BKA,EM5,Tài chính - Ngân hàng,,tai_chinh,standard,,A00;A01;B03;C01;C02;D01;X02,A00,,https://diemthi.vnexpress.net/tra-cuu-dai-hoc/loadbenchmark/id/349/year/2026/sortby/1/block_name/-1
SIM-BKA:ET-E16,SIM-BKA,ET-E16,Truyền thông số và Kỹ thuật đa phương tiện (CT tiên tiến),,bao_chi,high_quality,,A00;A01;B03;C01;C02;X02,A00,,https://diemthi.vnexpress.net/tra-cuu-dai-hoc/loadbenchmark/id/349/year/2026/sortby/1/block_name/-1
SIM-BKA:ET-E4,SIM-BKA,ET-E4,Chương trình tiên tiến Điện tử - Viễn thông,,ky_thuat,high_quality,,A00;A01;B03;C01;C02;X02,A00,,https://diemthi.vnexpress.net/tra-cuu-dai-hoc/loadbenchmark/id/349/year/2026/sortby/1/block_name/-1
SIM-BKA:ET-E5,SIM-BKA,ET-E5,Chương trình tiên tiến Kỹ thuật Y sinh,,y_duoc,high_quality,,A00;A01;B03;C01;C02;X02,A00,Khối sức khỏe: có ngưỡng điểm sàn của Bộ,https://diemthi.vnexpress.net/tra-cuu-dai-hoc/loadbenchmark/id/349/year/2026/sortby/1/block_name/-1
SIM-BKA:ET-E9,SIM-BKA,ET-E9,Chương trình tiên tiến Hệ thống nhúng thông minh và IoT,,cntt,high_quality,,A00;A01;B03;C01;C02;X02;D28,A00,,https://diemthi.vnexpress.net/tra-cuu-dai-hoc/loadbenchmark/id/349/year/2026/sortby/1/block_name/-1
SIM-BKA:ET-LUH,SIM-BKA,ET-LUH,Điện tử - Viễn thông - ĐH Leibniz Hannover (Đức),,ky_thuat,high_quality,,A00;A01;B03;C01;C02;X02;D26,A00,,https://diemthi.vnexpress.net/tra-cuu-dai-hoc/loadbenchmark/id/349/year/2026/sortby/1/block_name/-1
SIM-BKA:ET1,SIM-BKA,ET1,Kỹ thuật Điện tử - Viễn thông,,ky_thuat,standard,,A00;A01;B03;C01;C02;X02,A00,,https://diemthi.vnexpress.net/tra-cuu-dai-hoc/loadbenchmark/id/349/year/2026/sortby/1/block_name/-1
SIM-BKA:ET2,SIM-BKA,ET2,Kỹ thuật Y sinh,,y_duoc,standard,,A00;A01;B00;B03;C01;C02;X02,A00,Khối sức khỏe: có ngưỡng điểm sàn của Bộ,https://diemthi.vnexpress.net/tra-cuu-dai-hoc/loadbenchmark/id/349/year/2026/sortby/1/block_name/-1
SIM-BKA:EV1,SIM-BKA,EV1,Kỹ thuật Môi trường,,nong_lam_mt,standard,,A00;B00;B03;C01;C02;D07;X02,A00,,https://diemthi.vnexpress.net/tra-cuu-dai-hoc/loadbenchmark/id/349/year/2026/sortby/1/block_name/-1
SIM-BKA:EV2,SIM-BKA,EV2,Quản lý Tài nguyên và Môi trường,,nong_lam_mt,standard,,A00;B00;B03;C01;C02;D07;X02,A00,,https://diemthi.vnexpress.net/tra-cuu-dai-hoc/loadbenchmark/id/349/year/2026/sortby/1/block_name/-1
SIM-BKA:FL1,SIM-BKA,FL1,Tiếng Anh KHKT và Công nghệ,,ngon_ngu,standard,,D01;B03;C01;C02;X02,D01,"Học bằng tiếng Anh (thường cần trình độ tiếng Anh tốt, có thể yêu cầu IELTS/chứng chỉ khi nhập học)",https://diemthi.vnexpress.net/tra-cuu-dai-hoc/loadbenchmark/id/349/year/2026/sortby/1/block_name/-1
SIM-BKA:FL2,SIM-BKA,FL2,Tiếng Anh chuyên nghiệp quốc tế,,ngon_ngu,international,,B03;C01;C02;D01;X02,B03,"Học bằng tiếng Anh (thường cần trình độ tiếng Anh tốt, có thể yêu cầu IELTS/chứng chỉ khi nhập học) | Chương trình liên kết/quốc tế: học phí cao hơn chương trình chuẩn",https://diemthi.vnexpress.net/tra-cuu-dai-hoc/loadbenchmark/id/349/year/2026/sortby/1/block_name/-1
SIM-BKA:FL3,SIM-BKA,FL3,Tiếng Trung Khoa học và Công nghệ,,ngon_ngu,standard,,D01;B03;C01;C02;D04;X02,D01,,https://diemthi.vnexpress.net/tra-cuu-dai-hoc/loadbenchmark/id/349/year/2026/sortby/1/block_name/-1
SIM-BKA:FL4,SIM-BKA,FL4,Tiếng Hàn KHvàCN (mới),,ngon_ngu,standard,,D01;B03;C01;C02;X02,D01,,https://diemthi.vnexpress.net/tra-cuu-dai-hoc/loadbenchmark/id/349/year/2026/sortby/1/block_name/-1
SIM-BKA:HE1,SIM-BKA,HE1,Kỹ thuật Nhiệt,,ky_thuat,standard,,A00;A01;B03;C01;C02;X02,A00,,https://diemthi.vnexpress.net/tra-cuu-dai-hoc/loadbenchmark/id/349/year/2026/sortby/1/block_name/-1
SIM-BKA:IT-E10,SIM-BKA,IT-E10,Chương trình tiên tiến Khoa học dữ liệu và Trí tuệ nhân tạo,,cntt,high_quality,,A00;A01;B03;C01;C02;X02,A00,,https://diemthi.vnexpress.net/tra-cuu-dai-hoc/loadbenchmark/id/349/year/2026/sortby/1/block_name/-1
SIM-BKA:IT-E15,SIM-BKA,IT-E15,An toàn không gian số - Cyber Security (CT tiên tiến),,cntt,high_quality,,A00;A01;B03;C01;C02;X02,A00,,https://diemthi.vnexpress.net/tra-cuu-dai-hoc/loadbenchmark/id/349/year/2026/sortby/1/block_name/-1
SIM-BKA:IT-E6,SIM-BKA,IT-E6,Công nghệ thông tin Việt-Nhật,,cntt,high_quality,,A00;A01;B03;C01;C02;X02;D28,A00,,https://diemthi.vnexpress.net/tra-cuu-dai-hoc/loadbenchmark/id/349/year/2026/sortby/1/block_name/-1
SIM-BKA:IT-E7,SIM-BKA,IT-E7,Công nghệ thông tin ICT,,cntt,high_quality,,A00;A01;B03;C01;C02;X02,A00,,https://diemthi.vnexpress.net/tra-cuu-dai-hoc/loadbenchmark/id/349/year/2026/sortby/1/block_name/-1
SIM-BKA:IT-EP,SIM-BKA,IT-EP,Công nghệ thông tin (Việt - Pháp),,cntt,high_quality,,A00;A01;B03;C01;C02;X02;D29,A00,,https://diemthi.vnexpress.net/tra-cuu-dai-hoc/loadbenchmark/id/349/year/2026/sortby/1/block_name/-1
SIM-BKA:IT1,SIM-BKA,IT1,Khoa học Máy tính,,cntt,standard,,A00;A01;B03;C01;C02;X02,A00,,https://diemthi.vnexpress.net/tra-cuu-dai-hoc/loadbenchmark/id/349/year/2026/sortby/1/block_name/-1
SIM-BKA:IT2,SIM-BKA,IT2,Kỹ thuật Máy tính,,cntt,standard,,A00;A01;B03;C01;C02;X02,A00,,https://diemthi.vnexpress.net/tra-cuu-dai-hoc/loadbenchmark/id/349/year/2026/sortby/1/block_name/-1
SIM-BKA:ME-E1,SIM-BKA,ME-E1,Chương trình tiên tiến Cơ điện tử,,ky_thuat,high_quality,,A00;A01;B03;C01;C02;X02,A00,,https://diemthi.vnexpress.net/tra-cuu-dai-hoc/loadbenchmark/id/349/year/2026/sortby/1/block_name/-1
SIM-BKA:ME-GU,SIM-BKA,ME-GU,Cơ khí - Chế tạo máy - ĐH Griffith (Úc),,ky_thuat,high_quality,,A00;A01;B03;C01;C02;X02,A00,,https://diemthi.vnexpress.net/tra-cuu-dai-hoc/loadbenchmark/id/349/year/2026/sortby/1/block_name/-1
SIM-BKA:ME-LUH,SIM-BKA,ME-LUH,Cơ điện tử - ĐH Leibniz Hannover (Đức),,ky_thuat,high_quality,,A00;A01;B03;C01;C02;X02;D26,A00,,https://diemthi.vnexpress.net/tra-cuu-dai-hoc/loadbenchmark/id/349/year/2026/sortby/1/block_name/-1
SIM-BKA:ME-NUT,SIM-BKA,ME-NUT,Cơ điện tử - ĐH Nagaoka (Nhật Bản),,ky_thuat,high_quality,,A00;A01;B03;C01;C02;X02;D28,A00,,https://diemthi.vnexpress.net/tra-cuu-dai-hoc/loadbenchmark/id/349/year/2026/sortby/1/block_name/-1
SIM-BKA:ME1,SIM-BKA,ME1,Kỹ thuật Cơ điện tử,,ky_thuat,standard,,A00;A01;B03;C01;C02;X02,A00,,https://diemthi.vnexpress.net/tra-cuu-dai-hoc/loadbenchmark/id/349/year/2026/sortby/1/block_name/-1
SIM-BKA:ME2,SIM-BKA,ME2,Kỹ thuật Cơ khí,,ky_thuat,standard,,A00;A01;B03;C01;C02;X02,A00,,https://diemthi.vnexpress.net/tra-cuu-dai-hoc/loadbenchmark/id/349/year/2026/sortby/1/block_name/-1
SIM-BKA:MI-E22,SIM-BKA,MI-E22,Khoa học tính toán cho các hệ thống thông minh (mới),,khoa_hoc_tn,high_quality,,A00;A01;B03;C01;C02;X02,A00,,https://diemthi.vnexpress.net/tra-cuu-dai-hoc/loadbenchmark/id/349/year/2026/sortby/1/block_name/-1
SIM-BKA:MI1,SIM-BKA,MI1,Toán-Tin,,khoa_hoc_tn,standard,,A00;A01;B03;C01;C02;X02,A00,,https://diemthi.vnexpress.net/tra-cuu-dai-hoc/loadbenchmark/id/349/year/2026/sortby/1/block_name/-1
SIM-BKA:MI2,SIM-BKA,MI2,Hệ thống thông tin quản lý,,cntt,standard,,A00;A01;B03;C01;C02;X02,A00,,https://diemthi.vnexpress.net/tra-cuu-dai-hoc/loadbenchmark/id/349/year/2026/sortby/1/block_name/-1
SIM-BKA:MS-E3,SIM-BKA,MS-E3,Chương trình tiên tiến KHKT Vật liệu,,ky_thuat,high_quality,,A00;A01;B03;C01;C02;D07;X02,A00,,https://diemthi.vnexpress.net/tra-cuu-dai-hoc/loadbenchmark/id/349/year/2026/sortby/1/block_name/-1
SIM-BKA:MS1,SIM-BKA,MS1,Kỹ thuật Vật liệu,,ky_thuat,standard,,A00;A01;B03;C01;C02;D07;X02,A00,,https://diemthi.vnexpress.net/tra-cuu-dai-hoc/loadbenchmark/id/349/year/2026/sortby/1/block_name/-1
SIM-BKA:MS2,SIM-BKA,MS2,Kỹ thuật Vi điện tử và công nghệ nano,,ky_thuat,standard,,A00;A01;B03;C01;C02;D07;X02,A00,,https://diemthi.vnexpress.net/tra-cuu-dai-hoc/loadbenchmark/id/349/year/2026/sortby/1/block_name/-1
SIM-BKA:MS3,SIM-BKA,MS3,Công nghệ vật liệu Polime và Compozit,,ky_thuat,standard,,A00;A01;B03;C01;C02;D07;X02,A00,,https://diemthi.vnexpress.net/tra-cuu-dai-hoc/loadbenchmark/id/349/year/2026/sortby/1/block_name/-1
SIM-BKA:MS5,SIM-BKA,MS5,Kỹ thuật in,,ky_thuat,standard,,A00;A01;B03;C01;C02;D07;X02;B00,A00,,https://diemthi.vnexpress.net/tra-cuu-dai-hoc/loadbenchmark/id/349/year/2026/sortby/1/block_name/-1
SIM-BKA:PH1,SIM-BKA,PH1,Vật lý kỹ thuật,,khoa_hoc_tn,standard,,A00;A01;B03;C01;C02;X02,A00,,https://diemthi.vnexpress.net/tra-cuu-dai-hoc/loadbenchmark/id/349/year/2026/sortby/1/block_name/-1
SIM-BKA:PH2,SIM-BKA,PH2,Kỹ thuật hạt nhân,,ky_thuat,standard,,A00;A01;B03;C01;C02;X02;A02,A00,,https://diemthi.vnexpress.net/tra-cuu-dai-hoc/loadbenchmark/id/349/year/2026/sortby/1/block_name/-1
SIM-BKA:PH3,SIM-BKA,PH3,Vật lý y khoa,,y_duoc,standard,,A00;A01;B03;C01;C02;X02;A02,A00,Khối sức khỏe: có ngưỡng điểm sàn của Bộ,https://diemthi.vnexpress.net/tra-cuu-dai-hoc/loadbenchmark/id/349/year/2026/sortby/1/block_name/-1
SIM-BKA:TE-E2,SIM-BKA,TE-E2,Chương trình tiên tiến Kỹ thuật Ô tô,,ky_thuat,high_quality,,A00;A01;B03;C01;C02;X02,A00,,https://diemthi.vnexpress.net/tra-cuu-dai-hoc/loadbenchmark/id/349/year/2026/sortby/1/block_name/-1
SIM-BKA:TE-EP,SIM-BKA,TE-EP,Cơ khí hàng không (Chương trình Việt - Pháp PFIEV),,du_lich,international,,A00;A01;B03;C01;C02;X02;D29,A00,"Học bằng tiếng Anh (thường cần trình độ tiếng Anh tốt, có thể yêu cầu IELTS/chứng chỉ khi nhập học) | Chương trình liên kết/quốc tế: học phí cao hơn chương trình chuẩn",https://diemthi.vnexpress.net/tra-cuu-dai-hoc/loadbenchmark/id/349/year/2026/sortby/1/block_name/-1
SIM-BKA:TE1,SIM-BKA,TE1,Kỹ thuật Ô tô,,ky_thuat,standard,,A00;A01;B03;C01;C02;X02,A00,,https://diemthi.vnexpress.net/tra-cuu-dai-hoc/loadbenchmark/id/349/year/2026/sortby/1/block_name/-1
SIM-BKA:TE2,SIM-BKA,TE2,Kỹ thuật Cơ khí động lực,,ky_thuat,standard,,A00;A01;B03;C01;C02;X02,A00,,https://diemthi.vnexpress.net/tra-cuu-dai-hoc/loadbenchmark/id/349/year/2026/sortby/1/block_name/-1
SIM-BKA:TE3,SIM-BKA,TE3,Kỹ thuật Hàng không,,du_lich,standard,,A00;A01;B03;C01;C02;X02,A00,,https://diemthi.vnexpress.net/tra-cuu-dai-hoc/loadbenchmark/id/349/year/2026/sortby/1/block_name/-1
SIM-BKA:TEE2,SIM-BKA,TEE2,Kỹ thuật Ô tô (CT tiên tiến),,ky_thuat,high_quality,,A00;A01;B03;C01;C02;X02,A00,,https://vietnamnet.vn/newsapi-edu/UniversityDetail/GetDetail?pageId=49ff289efde0446f9ae2f5c385595744&componentId=COMPONENT002302&keyword=BKA&year=2026&pageSize=25&pageIndex=9&typeOfTraining=0&subjectGroup=
SIM-BKA:TROY-IT,SIM-BKA,TROY-IT,Khoa học máy tính - ĐH Troy (Hoa Kỳ),,cntt,international,,A00;A01;B03;C01;C02;D01;X02,A00,"Học bằng tiếng Anh (thường cần trình độ tiếng Anh tốt, có thể yêu cầu IELTS/chứng chỉ khi nhập học) | Chương trình liên kết/quốc tế: học phí cao hơn chương trình chuẩn",https://diemthi.vnexpress.net/tra-cuu-dai-hoc/loadbenchmark/id/349/year/2026/sortby/1/block_name/-1
SIM-BKA:TX1,SIM-BKA,TX1,Kỹ thuật Dệt,,ky_thuat,standard,,A00;A01;B03;C01;C02;D07;X02,A00,,https://diemthi.vnexpress.net/tra-cuu-dai-hoc/loadbenchmark/id/349/year/2026/sortby/1/block_name/-1
SIM-BVH:7320101,SIM-BVH,7320101,Báo chí,7320101,bao_chi,standard,,A00;A01;D01;X06;X26,A00,,https://diemthi.vnexpress.net/tra-cuu-dai-hoc/loadbenchmark/id/351/year/2026/sortby/1/block_name/-1
SIM-BVH:7320104,SIM-BVH,7320104,Truyền thông đa phương tiện,7320104,bao_chi,standard,,A00;A01;D01;X06;X26,A00,,https://diemthi.vnexpress.net/tra-cuu-dai-hoc/loadbenchmark/id/351/year/2026/sortby/1/block_name/-1
SIM-BVH:7320104CL,SIM-BVH,7320104CL,Truyền thông đa phương tiện CLC,7320104,bao_chi,high_quality,,A00;A01;D01;X06;X26,A00,,https://diemthi.vnexpress.net/tra-cuu-dai-hoc/loadbenchmark/id/351/year/2026/sortby/1/block_name/-1
SIM-BVH:7320104LK,SIM-BVH,7320104LK,"Truyền thông Đa phương tiện (Liên kết với đại học Công nghệ Queensland, Úc",7320104,bao_chi,international,,A00;A01;D01;X06;X26,A00,"Học bằng tiếng Anh (thường cần trình độ tiếng Anh tốt, có thể yêu cầu IELTS/chứng chỉ khi nhập học) | Chương trình liên kết/quốc tế: học phí cao hơn chương trình chuẩn",https://diemthi.vnexpress.net/tra-cuu-dai-hoc/loadbenchmark/id/351/year/2026/sortby/1/block_name/-1
SIM-BVH:7329001,SIM-BVH,7329001,Công nghệ đa phương tiện,7329001,ky_thuat,standard,,A00;A01;D01;X06;X26,A00,,https://diemthi.vnexpress.net/tra-cuu-dai-hoc/loadbenchmark/id/351/year/2026/sortby/1/block_name/-1
SIM-BVH:7329001GA,SIM-BVH,7329001GA,Thiết kế đồ họa game,7329001,cntt,standard,,A00;A01;D01;X06;X26,A00,,https://vietnamnet.vn/newsapi-edu/UniversityDetail/GetDetail?pageId=49ff289efde0446f9ae2f5c385595744&componentId=COMPONENT002302&keyword=BVH&year=2026&pageSize=25&pageIndex=8&typeOfTraining=0&subjectGroup=
SIM-BVH:7329001GM,SIM-BVH,7329001GM,Thiết kế và phát triển Game,7329001,cntt,standard,,A00;A01;D01;X06;X26,A00,,https://diemthi.vnexpress.net/tra-cuu-dai-hoc/loadbenchmark/id/351/year/2026/sortby/1/block_name/-1
SIM-BVH:7329001LK,SIM-BVH,7329001LK,"Công nghệ Đa phương tiện (Liên kết với đại học Canberra, Australia)",7329001,ky_thuat,international,,A00;A01;D01;X06;X26,A00,"Học bằng tiếng Anh (thường cần trình độ tiếng Anh tốt, có thể yêu cầu IELTS/chứng chỉ khi nhập học) | Chương trình liên kết/quốc tế: học phí cao hơn chương trình chuẩn",https://diemthi.vnexpress.net/tra-cuu-dai-hoc/loadbenchmark/id/351/year/2026/sortby/1/block_name/-1
SIM-BVH:7329001VH,SIM-BVH,7329001VH,Công nghệ công nghiệp văn hóa số (định hướng điện ảnh),7329001,ngon_ngu,standard,,A00;A01;D01;X06;X26,A00,,https://diemthi.vnexpress.net/tra-cuu-dai-hoc/loadbenchmark/id/351/year/2026/sortby/1/block_name/-1
SIM-BVH:7340101,SIM-BVH,7340101,Quản trị Kinh doanh,7340101,kinh_te,standard,,A00;A01;D01;X06;X26,A00,,https://diemthi.vnexpress.net/tra-cuu-dai-hoc/loadbenchmark/id/351/year/2026/sortby/1/block_name/-1
SIM-BVH:7340101DM,SIM-BVH,7340101DM,Quản trị kinh doanh - Chuyên ngành Marketing kỹ thuật số,7340101,kinh_te,standard,,A00;A01;D01;X06;X26,A00,,https://diemthi.vnexpress.net/tra-cuu-dai-hoc/loadbenchmark/id/351/year/2026/sortby/1/block_name/-1
SIM-BVH:7340101KT,SIM-BVH,7340101KT,Logistics trong kinh tế tầm thấp,7340101,du_lich,standard,,A00;A01;D01;X06;X26,A00,,https://diemthi.vnexpress.net/tra-cuu-dai-hoc/loadbenchmark/id/351/year/2026/sortby/1/block_name/-1
SIM-BVH:7340101LG,SIM-BVH,7340101LG,Logistics và quản trị chuỗi cung ứng,7340101,du_lich,standard,,A00;A01;D01;X06;X26,A00,,https://diemthi.vnexpress.net/tra-cuu-dai-hoc/loadbenchmark/id/351/year/2026/sortby/1/block_name/-1
SIM-BVH:7340115,SIM-BVH,7340115,Marketing,7340115,kinh_te,standard,,A00;A01;D01;X06;X26,A00,,https://diemthi.vnexpress.net/tra-cuu-dai-hoc/loadbenchmark/id/351/year/2026/sortby/1/block_name/-1
SIM-BVH:7340115CL,SIM-BVH,7340115CL,Marketing CLC,7340115,kinh_te,high_quality,,A00;A01;D01;X06;X26,A00,,https://diemthi.vnexpress.net/tra-cuu-dai-hoc/loadbenchmark/id/351/year/2026/sortby/1/block_name/-1
SIM-BVH:7340115QH,SIM-BVH,7340115QH,Quan hệ công chúng,7340115,bao_chi,standard,,A00;A01;D01;X06;X26,A00,,https://diemthi.vnexpress.net/tra-cuu-dai-hoc/loadbenchmark/id/351/year/2026/sortby/1/block_name/-1
SIM-BVH:7340122,SIM-BVH,7340122,Thương mại điện tử,7340122,kinh_te,standard,,A00;A01;D01;X06;X26,A00,,https://diemthi.vnexpress.net/tra-cuu-dai-hoc/loadbenchmark/id/351/year/2026/sortby/1/block_name/-1
SIM-BVH:7340201,SIM-BVH,7340201,"Phân tích dữ liệu trong tài chính, kinh doanh",7340201,tai_chinh,standard,,A00;A01;D01;X06;X26,A00,,https://vietnamnet.vn/newsapi-edu/UniversityDetail/GetDetail?pageId=49ff289efde0446f9ae2f5c385595744&componentId=COMPONENT002302&keyword=BVH&year=2026&pageSize=25&pageIndex=9&typeOfTraining=0&subjectGroup=
SIM-BVH:7340201DL,SIM-BVH,7340201DL,Tài chính ngân hàng Phân hiệu tại Đắk Lắk,7340201,tai_chinh,standard,Đắk Lắk,A00;A01;D01;X06;X26,A00,Học tại Đắk Lắk,https://diemthi.vnexpress.net/tra-cuu-dai-hoc/loadbenchmark/id/351/year/2026/sortby/1/block_name/-1
SIM-BVH:7340205,SIM-BVH,7340205,Công nghệ tài chính,7340205,tai_chinh,standard,,A00;A01;D01;X06;X26,A00,,https://diemthi.vnexpress.net/tra-cuu-dai-hoc/loadbenchmark/id/351/year/2026/sortby/1/block_name/-1
SIM-BVH:7340205LK,SIM-BVH,7340205LK,"Công nghệ tài chính (Liên kết đại học Huddersfield, Vương Quốc Anh)",7340205,tai_chinh,international,,A00;A01;D01;X06;X26,A00,"Học bằng tiếng Anh (thường cần trình độ tiếng Anh tốt, có thể yêu cầu IELTS/chứng chỉ khi nhập học) | Chương trình liên kết/quốc tế: học phí cao hơn chương trình chuẩn",https://diemthi.vnexpress.net/tra-cuu-dai-hoc/loadbenchmark/id/351/year/2026/sortby/1/block_name/-1
SIM-BVH:7340301,SIM-BVH,7340301,Kế toán,7340301,tai_chinh,standard,,A00;A01;D01;X06;X26,A00,,https://diemthi.vnexpress.net/tra-cuu-dai-hoc/loadbenchmark/id/351/year/2026/sortby/1/block_name/-1
SIM-BVH:7340301CL,SIM-BVH,7340301CL,Kế toán CLC (chuẩn quốc tế ACCA),7340301,tai_chinh,international,,A00;A01;D01;X06;X26,A00,"Học bằng tiếng Anh (thường cần trình độ tiếng Anh tốt, có thể yêu cầu IELTS/chứng chỉ khi nhập học) | Chương trình liên kết/quốc tế: học phí cao hơn chương trình chuẩn",https://diemthi.vnexpress.net/tra-cuu-dai-hoc/loadbenchmark/id/351/year/2026/sortby/1/block_name/-1
SIM-BVH:7480101,SIM-BVH,7480101,Khoa học máy tính,7480101,cntt,standard,,A00;A01;X06;X26,A00,,https://diemthi.vnexpress.net/tra-cuu-dai-hoc/loadbenchmark/id/351/year/2026/sortby/1/block_name/-1
SIM-BVH:7480102,SIM-BVH,7480102,Mạng máy tính và truyền thông dữ liệu,7480102,bao_chi,standard,,A00;A01;X06;X26,A00,,https://diemthi.vnexpress.net/tra-cuu-dai-hoc/loadbenchmark/id/351/year/2026/sortby/1/block_name/-1
SIM-BVH:7480107,SIM-BVH,7480107,Trí tuệ nhân tạo,7480107,cntt,standard,,A00;A01;X06;X26,A00,,https://diemthi.vnexpress.net/tra-cuu-dai-hoc/loadbenchmark/id/351/year/2026/sortby/1/block_name/-1
SIM-BVH:7480201,SIM-BVH,7480201,Công nghệ thông tin,7480201,cntt,standard,,A00;A01;X06;X26,A00,,https://diemthi.vnexpress.net/tra-cuu-dai-hoc/loadbenchmark/id/351/year/2026/sortby/1/block_name/-1
SIM-BVH:7480201CL,SIM-BVH,7480201CL,Công nghệ thông tin CLC,7480201,cntt,high_quality,,A00;A01;X06;X26,A00,,https://diemthi.vnexpress.net/tra-cuu-dai-hoc/loadbenchmark/id/351/year/2026/sortby/1/block_name/-1
SIM-BVH:7480201LK,SIM-BVH,7480201LK,"Công nghệ thông tin (Liên kết với Đại học Macquarie, Australia)",7480201,cntt,international,,A00;A01;X06;X26,A00,"Học bằng tiếng Anh (thường cần trình độ tiếng Anh tốt, có thể yêu cầu IELTS/chứng chỉ khi nhập học) | Chương trình liên kết/quốc tế: học phí cao hơn chương trình chuẩn",https://diemthi.vnexpress.net/tra-cuu-dai-hoc/loadbenchmark/id/351/year/2026/sortby/1/block_name/-1
SIM-BVH:7480201UD,SIM-BVH,7480201UD,Công nghệ thông tin (định hướng ứng dụng),7480201,cntt,standard,,A00;A01;X06;X26,A00,,https://diemthi.vnexpress.net/tra-cuu-dai-hoc/loadbenchmark/id/351/year/2026/sortby/1/block_name/-1
SIM-BVH:7480201VJ,SIM-BVH,7480201VJ,Công nghệ thông tin (Kỹ sư Việt - Nhật),7480201,cntt,standard,,A00;A01;X06;X26,A00,,https://diemthi.vnexpress.net/tra-cuu-dai-hoc/loadbenchmark/id/351/year/2026/sortby/1/block_name/-1
SIM-BVH:7480202,SIM-BVH,7480202,An toàn thông tin,7480202,cntt,standard,,A00;A01;X06;X26,A00,,https://diemthi.vnexpress.net/tra-cuu-dai-hoc/loadbenchmark/id/351/year/2026/sortby/1/block_name/-1
SIM-BVH:7480202CL,SIM-BVH,7480202CL,An toàn thông tin CLC,7480202,cntt,high_quality,,A00;A01;X06;X26,A00,,https://diemthi.vnexpress.net/tra-cuu-dai-hoc/loadbenchmark/id/351/year/2026/sortby/1/block_name/-1
SIM-BVH:7510301,SIM-BVH,7510301,"Công nghệ kỹ thuật điện, điện tử",7510301,ky_thuat,standard,,A00;A01;X06;X26,A00,,https://diemthi.vnexpress.net/tra-cuu-dai-hoc/loadbenchmark/id/351/year/2026/sortby/1/block_name/-1
SIM-BVH:7510301VM,SIM-BVH,7510301VM,Công nghệ vi mạch bán dẫn,7510301,cntt,standard,,A00;A01;X06;X26,A00,,https://diemthi.vnexpress.net/tra-cuu-dai-hoc/loadbenchmark/id/351/year/2026/sortby/1/block_name/-1
SIM-BVH:7520207,SIM-BVH,7520207,Ngành Kỹ thuật điện tử truyền thông,7520207,bao_chi,standard,,A00;A01;X06;X26,A00,,https://diemthi.vnexpress.net/tra-cuu-dai-hoc/loadbenchmark/id/351/year/2026/sortby/1/block_name/-1
SIM-BVH:7520207AT,SIM-BVH,7520207AT,Trí tuệ nhân tạo vạn vật (AIoT),7520207,cntt,standard,,A00;A01;X06;X26,A00,,https://diemthi.vnexpress.net/tra-cuu-dai-hoc/loadbenchmark/id/351/year/2026/sortby/1/block_name/-1
SIM-BVH:7520207HK,SIM-BVH,7520207HK,Kỹ thuật Truyền thông Hàng không vũ trụ,7520207,bao_chi,standard,,A00;A01;X06;X26,A00,,https://diemthi.vnexpress.net/tra-cuu-dai-hoc/loadbenchmark/id/351/year/2026/sortby/1/block_name/-1
SIM-BVH:7520216,SIM-BVH,7520216,Ngành Kỹ thuật điều khiển và Tự động hóa,7520216,ky_thuat,standard,,A00;A01;X06;X26,A00,,https://diemthi.vnexpress.net/tra-cuu-dai-hoc/loadbenchmark/id/351/year/2026/sortby/1/block_name/-1
SIM-BVH:7520216UR,SIM-BVH,7520216UR,UAV và Robot di động tự hành,7520216,cntt,standard,,A00;A01;X06;X26,A00,,https://diemthi.vnexpress.net/tra-cuu-dai-hoc/loadbenchmark/id/351/year/2026/sortby/1/block_name/-1
SIM-BVH:8480101TN,SIM-BVH,8480101TN,Khoa học máy tính,,cntt,standard,,A00;A01;X06;X26,A00,,https://diemthi.vnexpress.net/tra-cuu-dai-hoc/loadbenchmark/id/351/year/2026/sortby/1/block_name/-1
SIM-BVH:8480104 TN,SIM-BVH,8480104 TN,Hệ thống thông tin,,cntt,standard,,A00;A01;X06;X26,A00,,https://diemthi.vnexpress.net/tra-cuu-dai-hoc/loadbenchmark/id/351/year/2026/sortby/1/block_name/-1
SIM-BVH:8480202 TN,SIM-BVH,8480202 TN,An toàn thông tin,7480202,cntt,standard,,A00;A01;X06;X26,A00,,https://diemthi.vnexpress.net/tra-cuu-dai-hoc/loadbenchmark/id/351/year/2026/sortby/1/block_name/-1
SIM-BVH:8520203 TN,SIM-BVH,8520203 TN,Kỹ thuật điện tử,,ky_thuat,standard,,A00;A01;X06;X26,A00,,https://diemthi.vnexpress.net/tra-cuu-dai-hoc/loadbenchmark/id/351/year/2026/sortby/1/block_name/-1
SIM-BVH:8520208 TN,SIM-BVH,8520208 TN,Kỹ thuật viễn thông,,ky_thuat,standard,,A00;A01;X06;X26,A00,,https://diemthi.vnexpress.net/tra-cuu-dai-hoc/loadbenchmark/id/351/year/2026/sortby/1/block_name/-1
SIM-BVS:7320104,SIM-BVS,7320104,Truyền thông đa phương tiện,7320104,bao_chi,standard,,A00;A01;D01;X06;X26,A00,,https://diemthi.vnexpress.net/tra-cuu-dai-hoc/loadbenchmark/id/252/year/2026/sortby/1/block_name/-1
SIM-BVS:7329001,SIM-BVS,7329001,Công nghệ đa phương tiện,7329001,ky_thuat,standard,,A00;A01;D01;X06;X26,A00,,https://diemthi.vnexpress.net/tra-cuu-dai-hoc/loadbenchmark/id/252/year/2026/sortby/1/block_name/-1
SIM-BVS:7340101,SIM-BVS,7340101,Quản trị Kinh doanh,7340101,kinh_te,standard,,A00;A01;D01;X06;X26,A00,,https://diemthi.vnexpress.net/tra-cuu-dai-hoc/loadbenchmark/id/252/year/2026/sortby/1/block_name/-1
SIM-BVS:7340115,SIM-BVS,7340115,Marketing,7340115,kinh_te,standard,,A00;A01;D01;X06;X26,A00,,https://diemthi.vnexpress.net/tra-cuu-dai-hoc/loadbenchmark/id/252/year/2026/sortby/1/block_name/-1
SIM-BVS:7340115CL,SIM-BVS,7340115CL,Marketing CLC,7340115,kinh_te,high_quality,,A00;A01;D01;X06;X26,A00,,https://diemthi.vnexpress.net/tra-cuu-dai-hoc/loadbenchmark/id/252/year/2026/sortby/1/block_name/-1
SIM-BVS:7340205,SIM-BVS,7340205,Công nghệ tài chính,7340205,tai_chinh,standard,,A00;A01;D01;X06;X26,A00,,https://diemthi.vnexpress.net/tra-cuu-dai-hoc/loadbenchmark/id/252/year/2026/sortby/1/block_name/-1
SIM-BVS:7340301,SIM-BVS,7340301,Kế toán,7340301,tai_chinh,standard,,A00;A01;D01;X06;X26,A00,,https://diemthi.vnexpress.net/tra-cuu-dai-hoc/loadbenchmark/id/252/year/2026/sortby/1/block_name/-1
SIM-BVS:7480102,SIM-BVS,7480102,Mạng máy tính và truyền thông dữ liệu,7480102,bao_chi,standard,,A00;A01;X06;X26,A00,,https://diemthi.vnexpress.net/tra-cuu-dai-hoc/loadbenchmark/id/252/year/2026/sortby/1/block_name/-1
SIM-BVS:7480107,SIM-BVS,7480107,Trí tuệ nhân tạo,7480107,cntt,standard,,A00;A01;X06;X26,A00,,https://diemthi.vnexpress.net/tra-cuu-dai-hoc/loadbenchmark/id/252/year/2026/sortby/1/block_name/-1
SIM-BVS:7480201,SIM-BVS,7480201,Công nghệ thông tin,7480201,cntt,standard,,A00;A01;X06;X26,A00,,https://diemthi.vnexpress.net/tra-cuu-dai-hoc/loadbenchmark/id/252/year/2026/sortby/1/block_name/-1
SIM-BVS:7480201CL,SIM-BVS,7480201CL,Công nghệ thông tin CLC,7480201,cntt,high_quality,,A00;A01;X06;X26,A00,,https://diemthi.vnexpress.net/tra-cuu-dai-hoc/loadbenchmark/id/252/year/2026/sortby/1/block_name/-1
SIM-BVS:7480202,SIM-BVS,7480202,An toàn thông tin,7480202,cntt,standard,,A00;A01;X06;X26,A00,,https://diemthi.vnexpress.net/tra-cuu-dai-hoc/loadbenchmark/id/252/year/2026/sortby/1/block_name/-1
SIM-BVS:7480202CL,SIM-BVS,7480202CL,An toàn thông tin CLC,7480202,cntt,high_quality,,A00;A01;X06;X26,A00,,https://diemthi.vnexpress.net/tra-cuu-dai-hoc/loadbenchmark/id/252/year/2026/sortby/1/block_name/-1
SIM-BVS:7510301,SIM-BVS,7510301,"Công nghệ kỹ thuật điện, điện tử",7510301,ky_thuat,standard,,A00;A01;X06;X26,A00,,https://diemthi.vnexpress.net/tra-cuu-dai-hoc/loadbenchmark/id/252/year/2026/sortby/1/block_name/-1
SIM-BVS:7510301_VM,SIM-BVS,7510301_VM,Công nghệ vi mạch bán dẫn,7510301,cntt,standard,,A00;A01;X06;X26,A00,,https://diemthi.vnexpress.net/tra-cuu-dai-hoc/loadbenchmark/id/252/year/2026/sortby/1/block_name/-1
SIM-BVS:7520207,SIM-BVS,7520207,Ngành Kỹ thuật điện tử truyền thông,7520207,bao_chi,standard,,A00;A01;X06;X26,A00,,https://diemthi.vnexpress.net/tra-cuu-dai-hoc/loadbenchmark/id/252/year/2026/sortby/1/block_name/-1
SIM-BVS:7520208,SIM-BVS,7520208,Công nghệ Internet vạn vật,7520208,ky_thuat,standard,,A00;A01;X06;X26,A00,,https://diemthi.vnexpress.net/tra-cuu-dai-hoc/loadbenchmark/id/252/year/2026/sortby/1/block_name/-1
SIM-BVS:7520216,SIM-BVS,7520216,Ngành Kỹ thuật điều khiển và Tự động hóa,7520216,ky_thuat,standard,,A00;A01;X06;X26,A00,,https://diemthi.vnexpress.net/tra-cuu-dai-hoc/loadbenchmark/id/252/year/2026/sortby/1/block_name/-1
SIM-BVS:8480104 TN,SIM-BVS,8480104 TN,Hệ thống thông tin,,cntt,standard,,A00;A01;X06;X26,A00,,https://diemthi.vnexpress.net/tra-cuu-dai-hoc/loadbenchmark/id/252/year/2026/sortby/1/block_name/-1
SIM-DCN:7210404,SIM-DCN,7210404,Thiết kế thời trang,7210404,thiet_ke,standard,,C01;C03;C04;D01;A00;A01;D14,C01,,https://diemthi.vnexpress.net/tra-cuu-dai-hoc/loadbenchmark/id/356/year/2026/sortby/1/block_name/-1
SIM-DCN:7220201,SIM-DCN,7220201,Ngôn ngữ Anh,7220201,ngon_ngu,standard,,D01,D01,,https://diemthi.vnexpress.net/tra-cuu-dai-hoc/loadbenchmark/id/356/year/2026/sortby/1/block_name/-1
SIM-DCN:7220204,SIM-DCN,7220204,Ngôn ngữ Trung Quốc,7220204,ngon_ngu,standard,,D01;D04,D01,,https://diemthi.vnexpress.net/tra-cuu-dai-hoc/loadbenchmark/id/356/year/2026/sortby/1/block_name/-1
SIM-DCN:7220204LK,SIM-DCN,7220204LK,Ngôn ngữ Trung Quốc (Chương trình liên kết đào tạo 2+2 với ĐH Khoa học kỹ thuật Quảng Tây - Trung Quốc),7220204,ngon_ngu,international,,D01;D04,D01,"Học bằng tiếng Anh (thường cần trình độ tiếng Anh tốt, có thể yêu cầu IELTS/chứng chỉ khi nhập học) | Chương trình liên kết/quốc tế: học phí cao hơn chương trình chuẩn",https://diemthi.vnexpress.net/tra-cuu-dai-hoc/loadbenchmark/id/356/year/2026/sortby/1/block_name/-1
SIM-DCN:7220209,SIM-DCN,7220209,Ngôn ngữ Nhật,7220209,ngon_ngu,standard,,D01;D06,D01,,https://diemthi.vnexpress.net/tra-cuu-dai-hoc/loadbenchmark/id/356/year/2026/sortby/1/block_name/-1
SIM-DCN:7220210,SIM-DCN,7220210,Ngôn ngữ Hàn Quốc,7220210,ngon_ngu,standard,,D01,D01,,https://diemthi.vnexpress.net/tra-cuu-dai-hoc/loadbenchmark/id/356/year/2026/sortby/1/block_name/-1
SIM-DCN:7229020,SIM-DCN,7229020,Ngôn ngữ học,7229020,ngon_ngu,standard,,D01;D14;C00,D01,,https://diemthi.vnexpress.net/tra-cuu-dai-hoc/loadbenchmark/id/356/year/2026/sortby/1/block_name/-1
SIM-DCN:7310104,SIM-DCN,7310104,Kinh tế đầu tư,7310104,tai_chinh,standard,,A01;D01;X25;A00,A01,,https://diemthi.vnexpress.net/tra-cuu-dai-hoc/loadbenchmark/id/356/year/2026/sortby/1/block_name/-1
SIM-DCN:7310612,SIM-DCN,7310612,Trung Quốc học,7310612,ngon_ngu,standard,,D01;D04,D01,,https://diemthi.vnexpress.net/tra-cuu-dai-hoc/loadbenchmark/id/356/year/2026/sortby/1/block_name/-1
SIM-DCN:7340101,SIM-DCN,7340101,Quản trị Kinh doanh,7340101,kinh_te,standard,,A01;D01;X25;A00,A01,,https://diemthi.vnexpress.net/tra-cuu-dai-hoc/loadbenchmark/id/356/year/2026/sortby/1/block_name/-1
SIM-DCN:73401012,SIM-DCN,73401012,Phân tích dữ liệu kinh doanh,7340101,cntt,standard,,A01;D01;X25,A01,,https://diemthi.vnexpress.net/tra-cuu-dai-hoc/loadbenchmark/id/356/year/2026/sortby/1/block_name/-1
SIM-DCN:7340101TA,SIM-DCN,7340101TA,Quản trị kinh doanh (Đào tạo bằng tiếng Anh),7340101,ngon_ngu,standard,,A01;D01;X25;A00;X06;X07,A01,"Học bằng tiếng Anh (thường cần trình độ tiếng Anh tốt, có thể yêu cầu IELTS/chứng chỉ khi nhập học)",https://diemthi.vnexpress.net/tra-cuu-dai-hoc/loadbenchmark/id/356/year/2026/sortby/1/block_name/-1
SIM-DCN:7340115,SIM-DCN,7340115,Marketing,7340115,kinh_te,standard,,A01;D01;X25;A00,A01,,https://diemthi.vnexpress.net/tra-cuu-dai-hoc/loadbenchmark/id/356/year/2026/sortby/1/block_name/-1
SIM-DCN:7340115TA,SIM-DCN,7340115TA,Marketing (CTĐT bằng Tiếng Anh),7340115,ngon_ngu,standard,,A01;D01;X25;A00;X06;X07,A01,"Học bằng tiếng Anh (thường cần trình độ tiếng Anh tốt, có thể yêu cầu IELTS/chứng chỉ khi nhập học)",https://diemthi.vnexpress.net/tra-cuu-dai-hoc/loadbenchmark/id/356/year/2026/sortby/1/block_name/-1
SIM-DCN:7340201,SIM-DCN,7340201,Tài chính – Ngân hàng,7340201,tai_chinh,standard,,A01;D01;X25;A00,A01,,https://diemthi.vnexpress.net/tra-cuu-dai-hoc/loadbenchmark/id/356/year/2026/sortby/1/block_name/-1
SIM-DCN:7340201TA,SIM-DCN,7340201TA,Tài chính - Ngân hàng (CTĐT bằng Tiếng Anh),7340201,tai_chinh,standard,,A01;D01;X25;A00;X06;X07,A01,"Học bằng tiếng Anh (thường cần trình độ tiếng Anh tốt, có thể yêu cầu IELTS/chứng chỉ khi nhập học)",https://diemthi.vnexpress.net/tra-cuu-dai-hoc/loadbenchmark/id/356/year/2026/sortby/1/block_name/-1
SIM-DCN:7340301,SIM-DCN,7340301,Kế toán,7340301,tai_chinh,standard,,A01;D01;X25;A00,A01,,https://diemthi.vnexpress.net/tra-cuu-dai-hoc/loadbenchmark/id/356/year/2026/sortby/1/block_name/-1
SIM-DCN:7340301TA,SIM-DCN,7340301TA,Kế toán đào tạo bằng tiếng Anh,7340301,tai_chinh,standard,,A01;D01;X25;A00;X06;X07,A01,"Học bằng tiếng Anh (thường cần trình độ tiếng Anh tốt, có thể yêu cầu IELTS/chứng chỉ khi nhập học)",https://diemthi.vnexpress.net/tra-cuu-dai-hoc/loadbenchmark/id/356/year/2026/sortby/1/block_name/-1
SIM-DCN:7340302,SIM-DCN,7340302,Kiểm toán,7340302,tai_chinh,standard,,A01;D01;X25;A00,A01,,https://diemthi.vnexpress.net/tra-cuu-dai-hoc/loadbenchmark/id/356/year/2026/sortby/1/block_name/-1
SIM-DCN:7340404,SIM-DCN,7340404,Quản trị nhân lực,7340404,kinh_te,standard,,A01;D01;X25;A00,A01,,https://diemthi.vnexpress.net/tra-cuu-dai-hoc/loadbenchmark/id/356/year/2026/sortby/1/block_name/-1
SIM-DCN:7340406,SIM-DCN,7340406,Quản trị văn phòng,7340406,kinh_te,standard,,A01;D01;X25;A00,A01,,https://diemthi.vnexpress.net/tra-cuu-dai-hoc/loadbenchmark/id/356/year/2026/sortby/1/block_name/-1
SIM-DCN:7420201,SIM-DCN,7420201,Công nghệ sinh học,7420201,sinh_hoa,standard,,A02;B00;B03;D08,A02,,https://diemthi.vnexpress.net/tra-cuu-dai-hoc/loadbenchmark/id/356/year/2026/sortby/1/block_name/-1
SIM-DCN:7480101,SIM-DCN,7480101,Khoa học máy tính,7480101,cntt,standard,,A00;A01;X06;X07;D01,A00,,https://diemthi.vnexpress.net/tra-cuu-dai-hoc/loadbenchmark/id/356/year/2026/sortby/1/block_name/-1
SIM-DCN:74801012,SIM-DCN,74801012,Trí tuệ nhân tạo,7480101,cntt,standard,,A00;A01;X06;X07,A00,,https://diemthi.vnexpress.net/tra-cuu-dai-hoc/loadbenchmark/id/356/year/2026/sortby/1/block_name/-1
SIM-DCN:7480101TA,SIM-DCN,7480101TA,Khoa học máy tính (CTĐT bằng Tiếng Anh),7480101,cntt,standard,,A00;A01;X06;X07,A00,"Học bằng tiếng Anh (thường cần trình độ tiếng Anh tốt, có thể yêu cầu IELTS/chứng chỉ khi nhập học)",https://diemthi.vnexpress.net/tra-cuu-dai-hoc/loadbenchmark/id/356/year/2026/sortby/1/block_name/-1
SIM-DCN:7480102,SIM-DCN,7480102,Mạng máy tính và truyền thông dữ liệu,7480102,bao_chi,standard,,A00;A01;X06;X07,A00,,https://diemthi.vnexpress.net/tra-cuu-dai-hoc/loadbenchmark/id/356/year/2026/sortby/1/block_name/-1
SIM-DCN:7480103,SIM-DCN,7480103,Kỹ thuật phần mềm,7480103,cntt,standard,,A00;A01;X06;X07,A00,,https://diemthi.vnexpress.net/tra-cuu-dai-hoc/loadbenchmark/id/356/year/2026/sortby/1/block_name/-1
SIM-DCN:7480104,SIM-DCN,7480104,Hệ thống thông tin,7480104,cntt,standard,,A00;A01;X06;X07,A00,,https://diemthi.vnexpress.net/tra-cuu-dai-hoc/loadbenchmark/id/356/year/2026/sortby/1/block_name/-1
SIM-DCN:7480108,SIM-DCN,7480108,Công nghệ kỹ thuật máy tính,7480108,cntt,standard,,A00;A01;X06;X07,A00,,https://diemthi.vnexpress.net/tra-cuu-dai-hoc/loadbenchmark/id/356/year/2026/sortby/1/block_name/-1
SIM-DCN:74801081,SIM-DCN,74801081,Vi mạch bán dẫn,7480108,cntt,standard,,A00;A01;X06;X07,A00,,https://diemthi.vnexpress.net/tra-cuu-dai-hoc/loadbenchmark/id/356/year/2026/sortby/1/block_name/-1
SIM-DCN:7480201,SIM-DCN,7480201,Công nghệ thông tin,7480201,cntt,standard,,A00;A01;X06;X07,A00,,https://diemthi.vnexpress.net/tra-cuu-dai-hoc/loadbenchmark/id/356/year/2026/sortby/1/block_name/-1
SIM-DCN:74802012,SIM-DCN,74802012,Công nghệ đa phương tiện,7480201,ky_thuat,standard,,A00;A01;X06;X07,A00,,https://diemthi.vnexpress.net/tra-cuu-dai-hoc/loadbenchmark/id/356/year/2026/sortby/1/block_name/-1
SIM-DCN:7480201TA,SIM-DCN,7480201TA,Công nghệ thông tin (CTĐT bằng Tiếng Anh),7480201,cntt,standard,,A00;A01;X06;X07,A00,"Học bằng tiếng Anh (thường cần trình độ tiếng Anh tốt, có thể yêu cầu IELTS/chứng chỉ khi nhập học)",https://diemthi.vnexpress.net/tra-cuu-dai-hoc/loadbenchmark/id/356/year/2026/sortby/1/block_name/-1
SIM-DCN:7480202,SIM-DCN,7480202,An toàn thông tin,7480202,cntt,standard,,A00;A01;X06;X07,A00,,https://diemthi.vnexpress.net/tra-cuu-dai-hoc/loadbenchmark/id/356/year/2026/sortby/1/block_name/-1
SIM-DCN:7510201,SIM-DCN,7510201,Công nghệ kỹ thuật cơ khí chuyên ngành Cơ khí chế tạo,7510201,ky_thuat,standard,,A00;A01;X06;X07,A00,,https://diemthi.vnexpress.net/tra-cuu-dai-hoc/loadbenchmark/id/356/year/2026/sortby/1/block_name/-1
SIM-DCN:75102012,SIM-DCN,75102012,Công nghệ kỹ thuật khuôn mẫu,7510201,ky_thuat,standard,,A00;A01;X06;X07,A00,,https://diemthi.vnexpress.net/tra-cuu-dai-hoc/loadbenchmark/id/356/year/2026/sortby/1/block_name/-1
SIM-DCN:75102013,SIM-DCN,75102013,Thiết kế cơ khí và kiểu dáng công nghiệp,7510201,thiet_ke,standard,,A00;A01;X06;X07,A00,,https://diemthi.vnexpress.net/tra-cuu-dai-hoc/loadbenchmark/id/356/year/2026/sortby/1/block_name/-1
SIM-DCN:7510201TA,SIM-DCN,7510201TA,Công nghệ kỹ thuật cơ khí (CTĐT bằng Tiếng Anh),7510201,ngon_ngu,standard,,A00;A01;X06;X07,A00,"Học bằng tiếng Anh (thường cần trình độ tiếng Anh tốt, có thể yêu cầu IELTS/chứng chỉ khi nhập học)",https://diemthi.vnexpress.net/tra-cuu-dai-hoc/loadbenchmark/id/356/year/2026/sortby/1/block_name/-1
SIM-DCN:7510203,SIM-DCN,7510203,Công nghệ kỹ thuật cơ điện tử,7510203,ky_thuat,standard,,A00;A01;X06;X07,A00,,https://diemthi.vnexpress.net/tra-cuu-dai-hoc/loadbenchmark/id/356/year/2026/sortby/1/block_name/-1
SIM-DCN:75102032,SIM-DCN,75102032,Robot và trí tuệ nhân tạo,7510203,cntt,standard,,A00;A01;X06;X07,A00,,https://diemthi.vnexpress.net/tra-cuu-dai-hoc/loadbenchmark/id/356/year/2026/sortby/1/block_name/-1
SIM-DCN:75102033,SIM-DCN,75102033,Công nghệ kỹ thuật cơ điện tử ô tô,7510203,ky_thuat,standard,,A00;A01;X06;X07,A00,,https://diemthi.vnexpress.net/tra-cuu-dai-hoc/loadbenchmark/id/356/year/2026/sortby/1/block_name/-1
SIM-DCN:7510203TA,SIM-DCN,7510203TA,Công nghệ kỹ thuật cơ điện tử (CTĐT bằng Tiếng Anh),7510203,ngon_ngu,standard,,A00;A01;X06;X07,A00,"Học bằng tiếng Anh (thường cần trình độ tiếng Anh tốt, có thể yêu cầu IELTS/chứng chỉ khi nhập học)",https://diemthi.vnexpress.net/tra-cuu-dai-hoc/loadbenchmark/id/356/year/2026/sortby/1/block_name/-1
SIM-DCN:7510205,SIM-DCN,7510205,Công nghệ kỹ thuật ô tô,7510205,ky_thuat,standard,,A00;A01;X06;X07,A00,,https://diemthi.vnexpress.net/tra-cuu-dai-hoc/loadbenchmark/id/356/year/2026/sortby/1/block_name/-1
SIM-DCN:7510205TA,SIM-DCN,7510205TA,Công nghệ kỹ thuật ô tô (CTĐT bằng Tiếng Anh),7510205,ngon_ngu,standard,,A00;A01;X06;X07,A00,"Học bằng tiếng Anh (thường cần trình độ tiếng Anh tốt, có thể yêu cầu IELTS/chứng chỉ khi nhập học)",https://diemthi.vnexpress.net/tra-cuu-dai-hoc/loadbenchmark/id/356/year/2026/sortby/1/block_name/-1
SIM-DCN:7510206,SIM-DCN,7510206,Công nghệ kỹ thuật nhiệt,7510206,ky_thuat,standard,,A00;A01;X06;X07,A00,,https://diemthi.vnexpress.net/tra-cuu-dai-hoc/loadbenchmark/id/356/year/2026/sortby/1/block_name/-1
SIM-DCN:7510301,SIM-DCN,7510301,"Công nghệ kỹ thuật điện, điện tử",7510301,ky_thuat,standard,,A00;A01;X06;X07,A00,,https://diemthi.vnexpress.net/tra-cuu-dai-hoc/loadbenchmark/id/356/year/2026/sortby/1/block_name/-1
SIM-DCN:7510301TA,SIM-DCN,7510301TA,"Công nghệ kỹ thuật điện, điện tử (CTĐT bằng Tiếng Anh)",7510301,ngon_ngu,standard,,A00;A01;X06;X07,A00,"Học bằng tiếng Anh (thường cần trình độ tiếng Anh tốt, có thể yêu cầu IELTS/chứng chỉ khi nhập học)",https://diemthi.vnexpress.net/tra-cuu-dai-hoc/loadbenchmark/id/356/year/2026/sortby/1/block_name/-1
SIM-DCN:7510302,SIM-DCN,7510302,Điện tử - viễn thông,7510302,ky_thuat,standard,,A00;A01;X06;X07,A00,,https://diemthi.vnexpress.net/tra-cuu-dai-hoc/loadbenchmark/id/356/year/2026/sortby/1/block_name/-1
SIM-DCN:75103021,SIM-DCN,75103021,Công nghệ kỹ thuật điện tử y sinh,7510302,ky_thuat,standard,,A00;A01;X06;X07,A00,,https://diemthi.vnexpress.net/tra-cuu-dai-hoc/loadbenchmark/id/356/year/2026/sortby/1/block_name/-1
SIM-DCN:7510302TA,SIM-DCN,7510302TA,Công nghệ kỹ thuật điện tử - viễn thông (CTĐT bằng Tiếng Anh),7510302,ngon_ngu,standard,,A00;A01;X06;X07,A00,"Học bằng tiếng Anh (thường cần trình độ tiếng Anh tốt, có thể yêu cầu IELTS/chứng chỉ khi nhập học)",https://diemthi.vnexpress.net/tra-cuu-dai-hoc/loadbenchmark/id/356/year/2026/sortby/1/block_name/-1
SIM-DCN:7510303,SIM-DCN,7510303,Công nghệ kỹ thuật điều khiển và tự động hóa,7510303,ky_thuat,standard,,A00;A01;X06;X07,A00,,https://diemthi.vnexpress.net/tra-cuu-dai-hoc/loadbenchmark/id/356/year/2026/sortby/1/block_name/-1
SIM-DCN:75103031,SIM-DCN,75103031,Kỹ thuật sản xuất thông minh,7510303,ky_thuat,standard,,A00;A01;X06;X07,A00,,https://diemthi.vnexpress.net/tra-cuu-dai-hoc/loadbenchmark/id/356/year/2026/sortby/1/block_name/-1
SIM-DCN:7510401,SIM-DCN,7510401,Công nghệ kỹ thuật hoá học,7510401,sinh_hoa,standard,,A00;B00;C02;D07;A01;X06;X07,A00,,https://diemthi.vnexpress.net/tra-cuu-dai-hoc/loadbenchmark/id/356/year/2026/sortby/1/block_name/-1
SIM-DCN:7510402,SIM-DCN,7510402,Công nghệ vật liệu,7510402,ky_thuat,standard,,A00;B00;C02;D07,A00,,https://diemthi.vnexpress.net/tra-cuu-dai-hoc/loadbenchmark/id/356/year/2026/sortby/1/block_name/-1
SIM-DCN:7510406,SIM-DCN,7510406,Công nghệ kỹ thuật Môi trường,7510406,nong_lam_mt,standard,,A00;B00;C02;D07;A01;X06;X07,A00,,https://diemthi.vnexpress.net/tra-cuu-dai-hoc/loadbenchmark/id/356/year/2026/sortby/1/block_name/-1
SIM-DCN:7510605,SIM-DCN,7510605,Logistics và Quản lý chuỗi cung ứng,7510605,du_lich,standard,,A01;D01;X25;A00;B00,A01,,https://diemthi.vnexpress.net/tra-cuu-dai-hoc/loadbenchmark/id/356/year/2026/sortby/1/block_name/-1
SIM-DCN:75190071,SIM-DCN,75190071,Năng lượng tái tạo,7519007,ky_thuat,standard,,A00;A01;X06;X07,A00,,https://diemthi.vnexpress.net/tra-cuu-dai-hoc/loadbenchmark/id/356/year/2026/sortby/1/block_name/-1
SIM-DCN:7520116,SIM-DCN,7520116,Kỹ thuật cơ khí động lực,7520116,ky_thuat,standard,,A00;A01;X06;X07;B00;D07,A00,,https://diemthi.vnexpress.net/tra-cuu-dai-hoc/loadbenchmark/id/356/year/2026/sortby/1/block_name/-1
SIM-DCN:75201162,SIM-DCN,75201162,Kỹ thuật ô tô và năng lượng mới,7520116,ky_thuat,standard,,A00;A01;X06;X07,A00,,https://diemthi.vnexpress.net/tra-cuu-dai-hoc/loadbenchmark/id/356/year/2026/sortby/1/block_name/-1
SIM-DCN:7520118,SIM-DCN,7520118,Kỹ thuật hệ thống công nghiệp,7520118,ky_thuat,standard,,A00;A01;X06;X07,A00,,https://diemthi.vnexpress.net/tra-cuu-dai-hoc/loadbenchmark/id/356/year/2026/sortby/1/block_name/-1
SIM-DCN:7540101,SIM-DCN,7540101,Công nghệ thực phẩm,7540101,sinh_hoa,standard,,A00;B00;C02;D07,A00,,https://diemthi.vnexpress.net/tra-cuu-dai-hoc/loadbenchmark/id/356/year/2026/sortby/1/block_name/-1
SIM-DCN:7540203,SIM-DCN,7540203,Công nghệ vật liệu dệt. may,7540203,ky_thuat,standard,,A00;A01;A02;X05;D01;X27,A00,,https://diemthi.vnexpress.net/tra-cuu-dai-hoc/loadbenchmark/id/356/year/2026/sortby/1/block_name/-1
SIM-DCN:7540204,SIM-DCN,7540204,Công nghệ may,7540204,ky_thuat,standard,,A00;A01;A02;X05;D01;X27,A00,,https://diemthi.vnexpress.net/tra-cuu-dai-hoc/loadbenchmark/id/356/year/2026/sortby/1/block_name/-1
SIM-DCN:7720203,SIM-DCN,7720203,Hoá dược,7720203,y_duoc,standard,,A00;B00;C02;D07,A00,Khối sức khỏe: có ngưỡng điểm sàn của Bộ,https://diemthi.vnexpress.net/tra-cuu-dai-hoc/loadbenchmark/id/356/year/2026/sortby/1/block_name/-1
SIM-DCN:7810101,SIM-DCN,7810101,Du lịch,7810101,du_lich,standard,,D01;D14;D15;C00,D01,,https://diemthi.vnexpress.net/tra-cuu-dai-hoc/loadbenchmark/id/356/year/2026/sortby/1/block_name/-1
SIM-DCN:7810101TA,SIM-DCN,7810101TA,Du lịch (CTĐT bằng Tiếng Anh),7810101,du_lich,standard,,D01;D14;D15;A00;A01;X06;X07,D01,"Học bằng tiếng Anh (thường cần trình độ tiếng Anh tốt, có thể yêu cầu IELTS/chứng chỉ khi nhập học)",https://diemthi.vnexpress.net/tra-cuu-dai-hoc/loadbenchmark/id/356/year/2026/sortby/1/block_name/-1
SIM-DCN:7810103,SIM-DCN,7810103,Quản trị dịch vụ du lịch và lữ hành,7810103,du_lich,standard,,D01;D14;D15;A01,D01,,https://diemthi.vnexpress.net/tra-cuu-dai-hoc/loadbenchmark/id/356/year/2026/sortby/1/block_name/-1
SIM-DCN:7810103TA,SIM-DCN,7810103TA,Quản trị dịch vụ du lịch và lữ hành (CTĐT bằng Tiếng Anh),7810103,du_lich,standard,,D01;D14;D15;A00;A01;X06;X07,D01,"Học bằng tiếng Anh (thường cần trình độ tiếng Anh tốt, có thể yêu cầu IELTS/chứng chỉ khi nhập học)",https://diemthi.vnexpress.net/tra-cuu-dai-hoc/loadbenchmark/id/356/year/2026/sortby/1/block_name/-1
SIM-DCN:7810201,SIM-DCN,7810201,Quản trị khách sạn,7810201,du_lich,standard,,D01;D14;D15;A00;A01,D01,,https://diemthi.vnexpress.net/tra-cuu-dai-hoc/loadbenchmark/id/356/year/2026/sortby/1/block_name/-1
SIM-DCN:7810201TA,SIM-DCN,7810201TA,Quản trị khách sạn (CTĐT bằng Tiếng Anh),7810201,du_lich,standard,,D01;D14;D15;A00;A01;X06;X07,D01,"Học bằng tiếng Anh (thường cần trình độ tiếng Anh tốt, có thể yêu cầu IELTS/chứng chỉ khi nhập học)",https://diemthi.vnexpress.net/tra-cuu-dai-hoc/loadbenchmark/id/356/year/2026/sortby/1/block_name/-1
SIM-DCN:7810202,SIM-DCN,7810202,Quản trị nhà hàng và dịch vụ ăn uống,7810202,du_lich,standard,,D01;D14;D15;A01,D01,,https://diemthi.vnexpress.net/tra-cuu-dai-hoc/loadbenchmark/id/356/year/2026/sortby/1/block_name/-1
SIM-DCN:7810202TA,SIM-DCN,7810202TA,Quản trị nhà hàng và dịch vụ ăn uống (CTĐT bằng Tiếng Anh),7810202,du_lich,standard,,D01;D14;D15;A00;A01;X06;X07,D01,"Học bằng tiếng Anh (thường cần trình độ tiếng Anh tốt, có thể yêu cầu IELTS/chứng chỉ khi nhập học)",https://diemthi.vnexpress.net/tra-cuu-dai-hoc/loadbenchmark/id/356/year/2026/sortby/1/block_name/-1
SIM-DCT:7220201,SIM-DCT,7220201,Ngôn ngữ Anh,7220201,ngon_ngu,standard,,D01;A01;D09;D14;D10,D01,,https://diemthi.vnexpress.net/tra-cuu-dai-hoc/loadbenchmark/id/255/year/2026/sortby/1/block_name/-1
SIM-DCT:7220204,SIM-DCT,7220204,Ngôn ngữ Trung Quốc,7220204,ngon_ngu,standard,,D01;A01;D09;D14;D10,D01,,https://diemthi.vnexpress.net/tra-cuu-dai-hoc/loadbenchmark/id/255/year/2026/sortby/1/block_name/-1
SIM-DCT:7340101,SIM-DCT,7340101,Quản trị Kinh doanh,7340101,kinh_te,standard,,D01;A01;C01;A00;D10,D01,,https://diemthi.vnexpress.net/tra-cuu-dai-hoc/loadbenchmark/id/255/year/2026/sortby/1/block_name/-1
SIM-DCT:7340115,SIM-DCT,7340115,Marketing,7340115,kinh_te,standard,,D01;A01;C01;A00;D10,D01,,https://diemthi.vnexpress.net/tra-cuu-dai-hoc/loadbenchmark/id/255/year/2026/sortby/1/block_name/-1
SIM-DCT:7340120,SIM-DCT,7340120,Ngành Kinh doanh quốc tế,7340120,kinh_te,international,,D01;A01;C01;A00;D10,D01,"Học bằng tiếng Anh (thường cần trình độ tiếng Anh tốt, có thể yêu cầu IELTS/chứng chỉ khi nhập học) | Chương trình liên kết/quốc tế: học phí cao hơn chương trình chuẩn",https://diemthi.vnexpress.net/tra-cuu-dai-hoc/loadbenchmark/id/255/year/2026/sortby/1/block_name/-1
SIM-DCT:7340122,SIM-DCT,7340122,Thương mại điện tử,7340122,kinh_te,standard,,D01;A01;C01;A00;D10,D01,,https://diemthi.vnexpress.net/tra-cuu-dai-hoc/loadbenchmark/id/255/year/2026/sortby/1/block_name/-1
SIM-DCT:7340123,SIM-DCT,7340123,Kinh doanh thời trang và Dệt may,7340123,kinh_te,standard,,D01;A01;C01;A00;D10,D01,,https://diemthi.vnexpress.net/tra-cuu-dai-hoc/loadbenchmark/id/255/year/2026/sortby/1/block_name/-1
SIM-DCT:7340129,SIM-DCT,7340129,Quản trị kinh doanh thực phẩm,7340129,sinh_hoa,standard,,D01;B00;C02;D07;A00;A01;D10,D01,,https://diemthi.vnexpress.net/tra-cuu-dai-hoc/loadbenchmark/id/255/year/2026/sortby/1/block_name/-1
SIM-DCT:7340201,SIM-DCT,7340201,Tài chính – Ngân hàng,7340201,tai_chinh,standard,,D01;A01;C01;A00;D10,D01,,https://diemthi.vnexpress.net/tra-cuu-dai-hoc/loadbenchmark/id/255/year/2026/sortby/1/block_name/-1
SIM-DCT:7340205,SIM-DCT,7340205,Công nghệ tài chính,7340205,tai_chinh,standard,,D01;A01;C01;A00;D07,D01,,https://diemthi.vnexpress.net/tra-cuu-dai-hoc/loadbenchmark/id/255/year/2026/sortby/1/block_name/-1
SIM-DCT:7340301,SIM-DCT,7340301,Kế toán,7340301,tai_chinh,standard,,D01;A01;C01;A00;D10,D01,,https://diemthi.vnexpress.net/tra-cuu-dai-hoc/loadbenchmark/id/255/year/2026/sortby/1/block_name/-1
SIM-DCT:7380101,SIM-DCT,7380101,Ngành Luật,7380101,luat,standard,,D01;C03;X01;C00,D01,,https://diemthi.vnexpress.net/tra-cuu-dai-hoc/loadbenchmark/id/255/year/2026/sortby/1/block_name/-1
SIM-DCT:7380107,SIM-DCT,7380107,Luật kinh tế,7380107,luat,standard,,D01;C03;X01;C00;A00;A01;D15,D01,,https://diemthi.vnexpress.net/tra-cuu-dai-hoc/loadbenchmark/id/255/year/2026/sortby/1/block_name/-1
SIM-DCT:7420201,SIM-DCT,7420201,Công nghệ sinh học,7420201,sinh_hoa,standard,,B00;B08;A00;D07;A01,B00,,https://diemthi.vnexpress.net/tra-cuu-dai-hoc/loadbenchmark/id/255/year/2026/sortby/1/block_name/-1
SIM-DCT:7460108,SIM-DCT,7460108,Khoa học dữ liệu (Data Science),7460108,cntt,standard,,D01;A00;C01;X26;A01;D07,D01,,https://diemthi.vnexpress.net/tra-cuu-dai-hoc/loadbenchmark/id/255/year/2026/sortby/1/block_name/-1
SIM-DCT:7480107,SIM-DCT,7480107,Trí tuệ nhân tạo,7480107,cntt,standard,,D01;A00;C01;X26,D01,,https://diemthi.vnexpress.net/tra-cuu-dai-hoc/loadbenchmark/id/255/year/2026/sortby/1/block_name/-1
SIM-DCT:7480201,SIM-DCT,7480201,Công nghệ thông tin,7480201,cntt,standard,,D01;A00;C01;X26;A01;D07,D01,,https://diemthi.vnexpress.net/tra-cuu-dai-hoc/loadbenchmark/id/255/year/2026/sortby/1/block_name/-1
SIM-DCT:7480202,SIM-DCT,7480202,An toàn thông tin,7480202,cntt,standard,,D01;A00;C01;X26;A01;D07,D01,,https://diemthi.vnexpress.net/tra-cuu-dai-hoc/loadbenchmark/id/255/year/2026/sortby/1/block_name/-1
SIM-DCT:7510202,SIM-DCT,7510202,Công nghệ chế tạo máy,7510202,ky_thuat,standard,,D01;A01;C01;A00;D07,D01,,https://diemthi.vnexpress.net/tra-cuu-dai-hoc/loadbenchmark/id/255/year/2026/sortby/1/block_name/-1
SIM-DCT:7510203,SIM-DCT,7510203,Công nghệ kỹ thuật cơ điện tử,7510203,ky_thuat,standard,,D01;A01;C01;A00;D07,D01,,https://diemthi.vnexpress.net/tra-cuu-dai-hoc/loadbenchmark/id/255/year/2026/sortby/1/block_name/-1
SIM-DCT:7510301,SIM-DCT,7510301,"Công nghệ kỹ thuật điện, điện tử",7510301,ky_thuat,standard,,D01;A01;C01;A00;D07,D01,,https://diemthi.vnexpress.net/tra-cuu-dai-hoc/loadbenchmark/id/255/year/2026/sortby/1/block_name/-1
SIM-DCT:7510303,SIM-DCT,7510303,Công nghệ kỹ thuật điều khiển và tự động hóa,7510303,ky_thuat,standard,,D01;A01;C01;A00;D07,D01,,https://diemthi.vnexpress.net/tra-cuu-dai-hoc/loadbenchmark/id/255/year/2026/sortby/1/block_name/-1
SIM-DCT:7510401,SIM-DCT,7510401,Công nghệ kỹ thuật hoá học,7510401,sinh_hoa,standard,,B00;B08;A00;D07;A01,B00,,https://diemthi.vnexpress.net/tra-cuu-dai-hoc/loadbenchmark/id/255/year/2026/sortby/1/block_name/-1
SIM-DCT:7510402,SIM-DCT,7510402,Công nghệ vật liệu,7510402,ky_thuat,standard,,B00;B08;A00;D07,B00,,https://diemthi.vnexpress.net/tra-cuu-dai-hoc/loadbenchmark/id/255/year/2026/sortby/1/block_name/-1
SIM-DCT:7510406,SIM-DCT,7510406,Công nghệ kỹ thuật Môi trường,7510406,nong_lam_mt,standard,,B00;A01;A00;D07,B00,,https://diemthi.vnexpress.net/tra-cuu-dai-hoc/loadbenchmark/id/255/year/2026/sortby/1/block_name/-1
SIM-DCT:7510601,SIM-DCT,7510601,Quản lý công nghiệp,7510601,xa_hoi,standard,,D01;A01;C01;A00,D01,,https://diemthi.vnexpress.net/tra-cuu-dai-hoc/loadbenchmark/id/255/year/2026/sortby/1/block_name/-1
SIM-DCT:7510605,SIM-DCT,7510605,Logistics và Quản lý chuỗi cung ứng,7510605,du_lich,standard,,D01;A01;C01;A00;D10,D01,,https://diemthi.vnexpress.net/tra-cuu-dai-hoc/loadbenchmark/id/255/year/2026/sortby/1/block_name/-1
SIM-DCT:7520115,SIM-DCT,7520115,"Kỹ thuật nhiệt (3 chuyên ngành: Kỹ thuật điện lạnh; Máy lạnh, điều hòa không khí và thông gió; Máy lạnh và thiết bị thực phẩm)",7520115,sinh_hoa,standard,,D01;A01;C01;A00;D07,D01,,https://diemthi.vnexpress.net/tra-cuu-dai-hoc/loadbenchmark/id/255/year/2026/sortby/1/block_name/-1
SIM-DCT:7540101,SIM-DCT,7540101,Công nghệ thực phẩm,7540101,sinh_hoa,standard,,B00;B08;A00;D07;A01,B00,,https://diemthi.vnexpress.net/tra-cuu-dai-hoc/loadbenchmark/id/255/year/2026/sortby/1/block_name/-1
SIM-DCT:7540105,SIM-DCT,7540105,Công nghệ chế biến thủy sản,7540105,nong_lam_mt,standard,,B00;B08;A00;D07;A01,B00,,https://diemthi.vnexpress.net/tra-cuu-dai-hoc/loadbenchmark/id/255/year/2026/sortby/1/block_name/-1
SIM-DCT:7540106,SIM-DCT,7540106,Đảm bảo chất lượng và an toàn thực phẩm,7540106,sinh_hoa,standard,,B00;B08;A00;D07;A01,B00,,https://diemthi.vnexpress.net/tra-cuu-dai-hoc/loadbenchmark/id/255/year/2026/sortby/1/block_name/-1
SIM-DCT:7540204,SIM-DCT,7540204,Công nghệ may,7540204,ky_thuat,standard,,D01;A01;C01;A00;D07,D01,,https://diemthi.vnexpress.net/tra-cuu-dai-hoc/loadbenchmark/id/255/year/2026/sortby/1/block_name/-1
SIM-DCT:7810101,SIM-DCT,7810101,Du lịch,7810101,du_lich,standard,,D01;C03;D15;C00,D01,,https://diemthi.vnexpress.net/tra-cuu-dai-hoc/loadbenchmark/id/255/year/2026/sortby/1/block_name/-1
SIM-DCT:7810103,SIM-DCT,7810103,Quản trị dịch vụ du lịch và lữ hành,7810103,du_lich,standard,,D01;C03;D15;C00;A00;A01,D01,,https://diemthi.vnexpress.net/tra-cuu-dai-hoc/loadbenchmark/id/255/year/2026/sortby/1/block_name/-1
SIM-DCT:7810201,SIM-DCT,7810201,Quản trị khách sạn,7810201,du_lich,standard,,D01;C03;D15;C00;A00;A01,D01,,https://diemthi.vnexpress.net/tra-cuu-dai-hoc/loadbenchmark/id/255/year/2026/sortby/1/block_name/-1
SIM-DCT:7810202,SIM-DCT,7810202,Quản trị nhà hàng và dịch vụ ăn uống,7810202,du_lich,standard,,D01;C03;D15;C00;A00;A01,D01,,https://diemthi.vnexpress.net/tra-cuu-dai-hoc/loadbenchmark/id/255/year/2026/sortby/1/block_name/-1
SIM-DCT:7819009,SIM-DCT,7819009,Khoa học dinh dưỡng và ẩm thực,7819009,y_duoc,standard,,B00;A01;C02;D07;A00,B00,Khối sức khỏe: có ngưỡng điểm sàn của Bộ,https://diemthi.vnexpress.net/tra-cuu-dai-hoc/loadbenchmark/id/255/year/2026/sortby/1/block_name/-1
SIM-DCT:7819010,SIM-DCT,7819010,Khoa học chế biến món ăn,7819010,du_lich,standard,,B00;A01;C02;D07;A00,B00,,https://diemthi.vnexpress.net/tra-cuu-dai-hoc/loadbenchmark/id/255/year/2026/sortby/1/block_name/-1
SIM-DCT:7850101,SIM-DCT,7850101,Quản lý tài nguyên và môi trường,7850101,nong_lam_mt,standard,,B00;A01;A00;D07,B00,,https://diemthi.vnexpress.net/tra-cuu-dai-hoc/loadbenchmark/id/255/year/2026/sortby/1/block_name/-1
SIM-DCT:BL7220204,SIM-DCT,BL7220204,Ngôn ngữ Trung Quốc LKĐT ĐH Văn hóa Bắc Kinh,,ngon_ngu,standard,,A00;A01;B00;B08;C00;C01;C02;C03;D01;D07;D09;D14;D15;X01;X26,A00,,https://diemthi.vnexpress.net/tra-cuu-dai-hoc/loadbenchmark/id/255/year/2026/sortby/1/block_name/-1
SIM-DCT:CU7220204,SIM-DCT,CU7220204,"Ngôn ngữ Trung Quốc_LKQT_ĐH Văn hóa Trung Quốc, Đài Loan",,ngon_ngu,standard,,A00;A01;B00;B08;C00;C01;C02;C03;D01;D07;D09;D14;D15;X01;X26,A00,,https://diemthi.vnexpress.net/tra-cuu-dai-hoc/loadbenchmark/id/255/year/2026/sortby/1/block_name/-1
SIM-DCT:CU7340120,SIM-DCT,CU7340120,"Kinh doanh quốc tế_LKQT_ĐH Văn hóa Trung Quốc, Đài Loan",,ngon_ngu,international,,A00;A01;B00;B08;C00;C01;C02;C03;D01;D07;D09;D14;D15;X01;X26,A00,"Học bằng tiếng Anh (thường cần trình độ tiếng Anh tốt, có thể yêu cầu IELTS/chứng chỉ khi nhập học) | Chương trình liên kết/quốc tế: học phí cao hơn chương trình chuẩn",https://diemthi.vnexpress.net/tra-cuu-dai-hoc/loadbenchmark/id/255/year/2026/sortby/1/block_name/-1
SIM-DCT:LK7220204,SIM-DCT,LK7220204,"Ngôn ngữ Trung Quốc - Chương trình liên kết Đại học Ludong, Trung Quốc (LDU).",,ngon_ngu,international,,A00;A01;B00;B08;C00;C01;C02;C03;D01;D07;D09;D14;D15;X01;X26,A00,"Học bằng tiếng Anh (thường cần trình độ tiếng Anh tốt, có thể yêu cầu IELTS/chứng chỉ khi nhập học) | Chương trình liên kết/quốc tế: học phí cao hơn chương trình chuẩn",https://diemthi.vnexpress.net/tra-cuu-dai-hoc/loadbenchmark/id/255/year/2026/sortby/1/block_name/-1
SIM-DCT:LK7340101,SIM-DCT,LK7340101,"Quản trị kinh doanh - Chương trình liên kết Đại học Shinawatra, Thái Lan (SIU).",,kinh_te,international,,A00;A01;B00;B08;C00;C01;C02;C03;D01;D07;D09;D14;D15;X01;X26,A00,"Học bằng tiếng Anh (thường cần trình độ tiếng Anh tốt, có thể yêu cầu IELTS/chứng chỉ khi nhập học) | Chương trình liên kết/quốc tế: học phí cao hơn chương trình chuẩn",https://diemthi.vnexpress.net/tra-cuu-dai-hoc/loadbenchmark/id/255/year/2026/sortby/1/block_name/-1
SIM-DDL:7220201,SIM-DDL,7220201,Ngôn ngữ Anh,7220201,ngon_ngu,standard,,D01;D09;D10;D14;X78;X25,D01,,https://diemthi.vnexpress.net/tra-cuu-dai-hoc/loadbenchmark/id/358/year/2026/sortby/1/block_name/-1
SIM-DDL:7340101,SIM-DDL,7340101,Quản trị Kinh doanh,7340101,kinh_te,standard,,A00;A01;D01;D07,A00,,https://diemthi.vnexpress.net/tra-cuu-dai-hoc/loadbenchmark/id/358/year/2026/sortby/1/block_name/-1
SIM-DDL:7340115,SIM-DDL,7340115,Marketing,7340115,kinh_te,standard,,A00;A01;D01;D07,A00,,https://diemthi.vnexpress.net/tra-cuu-dai-hoc/loadbenchmark/id/358/year/2026/sortby/1/block_name/-1
SIM-DDL:7340120,SIM-DDL,7340120,Ngành Kinh doanh quốc tế,7340120,kinh_te,international,,A00;A01;D01;D07,A00,"Học bằng tiếng Anh (thường cần trình độ tiếng Anh tốt, có thể yêu cầu IELTS/chứng chỉ khi nhập học) | Chương trình liên kết/quốc tế: học phí cao hơn chương trình chuẩn",https://diemthi.vnexpress.net/tra-cuu-dai-hoc/loadbenchmark/id/358/year/2026/sortby/1/block_name/-1
SIM-DDL:7340122,SIM-DDL,7340122,Thương mại điện tử,7340122,kinh_te,standard,,A00;A01;D01;D07,A00,,https://diemthi.vnexpress.net/tra-cuu-dai-hoc/loadbenchmark/id/358/year/2026/sortby/1/block_name/-1
SIM-DDL:7340201,SIM-DDL,7340201,Tài chính – Ngân hàng,7340201,tai_chinh,standard,,A00;A01;D01;D07,A00,,https://diemthi.vnexpress.net/tra-cuu-dai-hoc/loadbenchmark/id/358/year/2026/sortby/1/block_name/-1
SIM-DDL:7340205,SIM-DDL,7340205,Công nghệ tài chính,7340205,tai_chinh,standard,,A00;A01;D01;D07,A00,,https://diemthi.vnexpress.net/tra-cuu-dai-hoc/loadbenchmark/id/358/year/2026/sortby/1/block_name/-1
SIM-DDL:7340301,SIM-DDL,7340301,Kế toán,7340301,tai_chinh,standard,,A00;A01;D01;D07,A00,,https://diemthi.vnexpress.net/tra-cuu-dai-hoc/loadbenchmark/id/358/year/2026/sortby/1/block_name/-1
SIM-DDL:7340302,SIM-DDL,7340302,Kiểm toán,7340302,tai_chinh,standard,,A00;A01;D01;D07,A00,,https://diemthi.vnexpress.net/tra-cuu-dai-hoc/loadbenchmark/id/358/year/2026/sortby/1/block_name/-1
SIM-DDL:7380107,SIM-DDL,7380107,Luật kinh tế,7380107,luat,standard,,D01;D09;D10;D14;X78;X25;C00,D01,,https://diemthi.vnexpress.net/tra-cuu-dai-hoc/loadbenchmark/id/358/year/2026/sortby/1/block_name/-1
SIM-DDL:7460108,SIM-DDL,7460108,Khoa học dữ liệu (Data Science),7460108,cntt,standard,,A00;A01;D01;D07;X02;X56,A00,,https://diemthi.vnexpress.net/tra-cuu-dai-hoc/loadbenchmark/id/358/year/2026/sortby/1/block_name/-1
SIM-DDL:7460117,SIM-DDL,7460117,Toán tin,7460117,khoa_hoc_tn,standard,,A00;A01;D01;D07;X02;X56,A00,,https://diemthi.vnexpress.net/tra-cuu-dai-hoc/loadbenchmark/id/358/year/2026/sortby/1/block_name/-1
SIM-DDL:7480102,SIM-DDL,7480102,Mạng máy tính và truyền thông dữ liệu,7480102,bao_chi,standard,,A00;A01;D01;D07,A00,,https://diemthi.vnexpress.net/tra-cuu-dai-hoc/loadbenchmark/id/358/year/2026/sortby/1/block_name/-1
SIM-DDL:7480106,SIM-DDL,7480106,Kỹ thuật máy tính,7480106,cntt,standard,,A00;A01;D01;D07,A00,,https://diemthi.vnexpress.net/tra-cuu-dai-hoc/loadbenchmark/id/358/year/2026/sortby/1/block_name/-1
SIM-DDL:7480107,SIM-DDL,7480107,Trí tuệ nhân tạo,7480107,cntt,standard,,A00;A01;D01;D07,A00,,https://diemthi.vnexpress.net/tra-cuu-dai-hoc/loadbenchmark/id/358/year/2026/sortby/1/block_name/-1
SIM-DDL:7480201,SIM-DDL,7480201,Công nghệ thông tin,7480201,cntt,standard,,A00;A01;D01;D07,A00,,https://diemthi.vnexpress.net/tra-cuu-dai-hoc/loadbenchmark/id/358/year/2026/sortby/1/block_name/-1
SIM-DDL:7510102,SIM-DDL,7510102,Công nghệ kỹ thuật xây dựng dân dụng và công nghiệp,7510102,xay_dung,standard,,A00;A01;D01;D07,A00,,https://diemthi.vnexpress.net/tra-cuu-dai-hoc/loadbenchmark/id/358/year/2026/sortby/1/block_name/-1
SIM-DDL:7510201,SIM-DDL,7510201,Công nghệ kỹ thuật cơ khí chuyên ngành Cơ khí chế tạo,7510201,ky_thuat,standard,,A00;A01;D01;D07,A00,,https://diemthi.vnexpress.net/tra-cuu-dai-hoc/loadbenchmark/id/358/year/2026/sortby/1/block_name/-1
SIM-DDL:7510203,SIM-DDL,7510203,Công nghệ kỹ thuật cơ điện tử,7510203,ky_thuat,standard,,A00;A01;D01;D07,A00,,https://diemthi.vnexpress.net/tra-cuu-dai-hoc/loadbenchmark/id/358/year/2026/sortby/1/block_name/-1
SIM-DDL:7510205,SIM-DDL,7510205,Công nghệ kỹ thuật ô tô,7510205,ky_thuat,standard,,A00;A01;D01;D07,A00,,https://diemthi.vnexpress.net/tra-cuu-dai-hoc/loadbenchmark/id/358/year/2026/sortby/1/block_name/-1
SIM-DDL:7510301,SIM-DDL,7510301,"Công nghệ kỹ thuật điện, điện tử",7510301,ky_thuat,standard,,A00;A01;D01;D07,A00,,https://diemthi.vnexpress.net/tra-cuu-dai-hoc/loadbenchmark/id/358/year/2026/sortby/1/block_name/-1
SIM-DDL:7510302,SIM-DDL,7510302,Điện tử - viễn thông,7510302,ky_thuat,standard,,A00;A01;D01;D07,A00,,https://diemthi.vnexpress.net/tra-cuu-dai-hoc/loadbenchmark/id/358/year/2026/sortby/1/block_name/-1
SIM-DDL:7510303,SIM-DDL,7510303,Công nghệ kỹ thuật điều khiển và tự động hóa,7510303,ky_thuat,standard,,A00;A01;D01;D07,A00,,https://diemthi.vnexpress.net/tra-cuu-dai-hoc/loadbenchmark/id/358/year/2026/sortby/1/block_name/-1
SIM-DDL:7510402,SIM-DDL,7510402,Công nghệ vật liệu,7510402,ky_thuat,standard,,A00;A01;A02;B00;D01;D07,A00,,https://diemthi.vnexpress.net/tra-cuu-dai-hoc/loadbenchmark/id/358/year/2026/sortby/1/block_name/-1
SIM-DDL:7510403,SIM-DDL,7510403,Công nghệ kỹ thuật năng lượng,7510403,ky_thuat,standard,,A00;A01;A02;B00;D01;D07,A00,,https://diemthi.vnexpress.net/tra-cuu-dai-hoc/loadbenchmark/id/358/year/2026/sortby/1/block_name/-1
SIM-DDL:7510406,SIM-DDL,7510406,Công nghệ kỹ thuật Môi trường,7510406,nong_lam_mt,standard,,A00;A01;A02;B00;D01;D07,A00,,https://diemthi.vnexpress.net/tra-cuu-dai-hoc/loadbenchmark/id/358/year/2026/sortby/1/block_name/-1
SIM-DDL:7510407,SIM-DDL,7510407,Công nghệ kỹ thuật hạt nhân,7510407,ky_thuat,standard,,A00;A01;A02;B00;D01;D07,A00,,https://diemthi.vnexpress.net/tra-cuu-dai-hoc/loadbenchmark/id/358/year/2026/sortby/1/block_name/-1
SIM-DDL:7510601,SIM-DDL,7510601,Quản lý công nghiệp,7510601,xa_hoi,standard,,A00;A01;D01;D07,A00,,https://diemthi.vnexpress.net/tra-cuu-dai-hoc/loadbenchmark/id/358/year/2026/sortby/1/block_name/-1
SIM-DDL:7510602,SIM-DDL,7510602,Quản lý năng lượng,7510602,kinh_te,standard,,A00;A01;D01;D07,A00,,https://diemthi.vnexpress.net/tra-cuu-dai-hoc/loadbenchmark/id/358/year/2026/sortby/1/block_name/-1
SIM-DDL:7510605,SIM-DDL,7510605,Logistics và Quản lý chuỗi cung ứng,7510605,du_lich,standard,,A00;A01;D01;D07,A00,,https://diemthi.vnexpress.net/tra-cuu-dai-hoc/loadbenchmark/id/358/year/2026/sortby/1/block_name/-1
SIM-DDL:7520107,SIM-DDL,7520107,Kỹ thuật Robot,7520107,cntt,standard,,A00;A01;D01;D07,A00,,https://diemthi.vnexpress.net/tra-cuu-dai-hoc/loadbenchmark/id/358/year/2026/sortby/1/block_name/-1
SIM-DDL:7520115,SIM-DDL,7520115,"Kỹ thuật nhiệt (3 chuyên ngành: Kỹ thuật điện lạnh; Máy lạnh, điều hòa không khí và thông gió; Máy lạnh và thiết bị thực phẩm)",7520115,sinh_hoa,standard,,A00;A01;D01;D07;A02;B00,A00,,https://diemthi.vnexpress.net/tra-cuu-dai-hoc/loadbenchmark/id/358/year/2026/sortby/1/block_name/-1
SIM-DDL:7520117,SIM-DDL,7520117,Kỹ thuật công nghiệp,7520117,ky_thuat,standard,,A00;A01;D01;D07,A00,,https://diemthi.vnexpress.net/tra-cuu-dai-hoc/loadbenchmark/id/358/year/2026/sortby/1/block_name/-1
SIM-DDL:7520118,SIM-DDL,7520118,Kỹ thuật hệ thống công nghiệp,7520118,ky_thuat,standard,,A00;A01;D01;D07,A00,,https://diemthi.vnexpress.net/tra-cuu-dai-hoc/loadbenchmark/id/358/year/2026/sortby/1/block_name/-1
SIM-DDL:7520401,SIM-DDL,7520401,Vật lý kỹ thuật,7520401,khoa_hoc_tn,standard,,A00;A01;D01;D07;X06;C01,A00,,https://diemthi.vnexpress.net/tra-cuu-dai-hoc/loadbenchmark/id/358/year/2026/sortby/1/block_name/-1
SIM-DDL:7580302,SIM-DDL,7580302,Quản lý xây dựng,7580302,xay_dung,standard,,A00;A01;D01;D07,A00,,https://diemthi.vnexpress.net/tra-cuu-dai-hoc/loadbenchmark/id/358/year/2026/sortby/1/block_name/-1
SIM-DDL:7810103,SIM-DDL,7810103,Quản trị dịch vụ du lịch và lữ hành,7810103,du_lich,standard,,A00;A01;D01;D07,A00,,https://diemthi.vnexpress.net/tra-cuu-dai-hoc/loadbenchmark/id/358/year/2026/sortby/1/block_name/-1
SIM-DDL:7810201,SIM-DDL,7810201,Quản trị khách sạn,7810201,du_lich,standard,,A00;A01;D01;D07,A00,,https://diemthi.vnexpress.net/tra-cuu-dai-hoc/loadbenchmark/id/358/year/2026/sortby/1/block_name/-1
SIM-DKC:7210205,SIM-DKC,7210205,Thanh nhạc,7210205,thiet_ke,standard,,D01;C00;D14;D15;X78;C03;C04;X01;X02,D01,,https://diemthi.vnexpress.net/tra-cuu-dai-hoc/loadbenchmark/id/256/year/2026/sortby/1/block_name/-1
SIM-DKC:7210302,SIM-DKC,7210302,Công nghệ điện ảnh. truyền hình,7210302,bao_chi,standard,,C01;D01;C03;C04;X01;A01;D09;D10;X25;C00;A00;X02,C01,,https://diemthi.vnexpress.net/tra-cuu-dai-hoc/loadbenchmark/id/256/year/2026/sortby/1/block_name/-1
SIM-DKC:7210403,SIM-DKC,7210403,Thiết kế đồ họa,7210403,thiet_ke,standard,,C01;D01;C03;C04;X01;A01;D09;D10;X25;C00;A00;X02,C01,,https://diemthi.vnexpress.net/tra-cuu-dai-hoc/loadbenchmark/id/256/year/2026/sortby/1/block_name/-1
SIM-DKC:7210404,SIM-DKC,7210404,Thiết kế thời trang,7210404,thiet_ke,standard,,C01;D01;C03;C04;X01;A01;D09;D10;X25;C00;A00;X02,C01,,https://diemthi.vnexpress.net/tra-cuu-dai-hoc/loadbenchmark/id/256/year/2026/sortby/1/block_name/-1
SIM-DKC:7210408,SIM-DKC,7210408,Nghệ thuật số,7210408,thiet_ke,standard,,C01;D01;C03;C04;X01;A01;D09;D10;X25;C00;A00;X02,C01,,https://diemthi.vnexpress.net/tra-cuu-dai-hoc/loadbenchmark/id/256/year/2026/sortby/1/block_name/-1
SIM-DKC:7220201,SIM-DKC,7220201,Ngôn ngữ Anh,7220201,ngon_ngu,standard,,D01;D04;D06;D03;D11;D55;D53;D54;D14;D65;D63;D64;D15;D45;D43;D44;X78;X90;X98;Y03;X86;X79;X99;X87;Y04;C01;C03;C04;C00;A01;D30;D28;D29;X25;X37;X45;X49;X33;X01,D01,,https://diemthi.vnexpress.net/tra-cuu-dai-hoc/loadbenchmark/id/256/year/2026/sortby/1/block_name/-1
SIM-DKC:7220204,SIM-DKC,7220204,Ngôn ngữ Trung Quốc,7220204,ngon_ngu,standard,,D01;D04;D06;D03;D11;D55;D53;D54;D14;D65;D63;D64;D15;D45;D43;D44;X78;X90;X98;Y03;X86;X79;X99;X87;Y04;C01;C03;C04;C00;A01;D30;D28;D29;X25;X37;X45;X49;X33;X01,D01,,https://diemthi.vnexpress.net/tra-cuu-dai-hoc/loadbenchmark/id/256/year/2026/sortby/1/block_name/-1
SIM-DKC:7220209,SIM-DKC,7220209,Ngôn ngữ Nhật,7220209,ngon_ngu,standard,,D01;D04;D06;D03;D11;D55;D53;D54;D14;D65;D63;D64;D15;D45;D43;D44;X78;X90;X98;Y03;X86;X79;X99;X87;Y04;C01;C03;C04;C00;A01;D30;D28;D29;X25;X37;X45;X49;X33;X01,D01,,https://diemthi.vnexpress.net/tra-cuu-dai-hoc/loadbenchmark/id/256/year/2026/sortby/1/block_name/-1
SIM-DKC:7220210,SIM-DKC,7220210,Ngôn ngữ Hàn Quốc,7220210,ngon_ngu,standard,,D01;D04;D06;D03;D11;D55;D53;D54;D14;D65;D63;D64;D15;D45;D43;D44;X78;X90;X98;Y03;X86;X79;X99;X87;Y04;C01;C03;C04;C00;A01;D30;D28;D29;X25;X37;X45;X49;X33;X01,D01,,https://diemthi.vnexpress.net/tra-cuu-dai-hoc/loadbenchmark/id/256/year/2026/sortby/1/block_name/-1
SIM-DKC:7310109,SIM-DKC,7310109,Kinh tế số,7310109,kinh_te,standard,,D01;C03;C04;X01;D09;D10;A00;A01;C00;D14;D15;X78;C01;X02,D01,,https://diemthi.vnexpress.net/tra-cuu-dai-hoc/loadbenchmark/id/256/year/2026/sortby/1/block_name/-1
SIM-DKC:7310401,SIM-DKC,7310401,Tâm lý học,7310401,xa_hoi,standard,,D01;C03;C04;X01;D09;D10;A00;A01;C00;D14;D15;X78;C01;X02,D01,,https://diemthi.vnexpress.net/tra-cuu-dai-hoc/loadbenchmark/id/256/year/2026/sortby/1/block_name/-1
SIM-DKC:7320104,SIM-DKC,7320104,Truyền thông đa phương tiện,7320104,bao_chi,standard,,D01;C03;C04;X01;D09;D10;A00;A01;C00;D14;D15;X78;C01;X02,D01,,https://diemthi.vnexpress.net/tra-cuu-dai-hoc/loadbenchmark/id/256/year/2026/sortby/1/block_name/-1
SIM-DKC:7320108,SIM-DKC,7320108,Quan hệ công chúng,7320108,bao_chi,standard,,D01;C03;C04;X01;D09;D10;A00;A01;C00;D14;D15;X78;C01;X02,D01,,https://diemthi.vnexpress.net/tra-cuu-dai-hoc/loadbenchmark/id/256/year/2026/sortby/1/block_name/-1
SIM-DKC:7340101,SIM-DKC,7340101,Quản trị Kinh doanh,7340101,kinh_te,standard,,D01;C03;C04;X01;D09;D10;A00;A01;C00;D14;D15;X78;C01;X02,D01,,https://diemthi.vnexpress.net/tra-cuu-dai-hoc/loadbenchmark/id/256/year/2026/sortby/1/block_name/-1
SIM-DKC:7340101I1,SIM-DKC,7340101I1,Quản trị và pháp chế doanh nghiệp (2),7340101,kinh_te,standard,,D01;C03;C04;X01;D09;D10;A00;A01;C00;D14;D15;X78,D01,,https://diemthi.vnexpress.net/tra-cuu-dai-hoc/loadbenchmark/id/256/year/2026/sortby/1/block_name/-1
SIM-DKC:7340114,SIM-DKC,7340114,Marketing kỹ thuật số,7340114,kinh_te,standard,,D01;C03;C04;X01;D09;D10;A00;A01;C00;D14;D15;X78;C01;X02,D01,,https://diemthi.vnexpress.net/tra-cuu-dai-hoc/loadbenchmark/id/256/year/2026/sortby/1/block_name/-1
SIM-DKC:7340115,SIM-DKC,7340115,Marketing,7340115,kinh_te,standard,,D01;C03;C04;X01;D09;D10;A00;A01;C00;D14;D15;X78;C01;X02,D01,,https://diemthi.vnexpress.net/tra-cuu-dai-hoc/loadbenchmark/id/256/year/2026/sortby/1/block_name/-1
SIM-DKC:7340115I1,SIM-DKC,7340115I1,Marketing và truyền thông sáng tạo (3),7340115,bao_chi,standard,,D01;C03;C04;X01;D09;D10;A00;A01;C00;D14;D15;X78,D01,,https://diemthi.vnexpress.net/tra-cuu-dai-hoc/loadbenchmark/id/256/year/2026/sortby/1/block_name/-1
SIM-DKC:7340116,SIM-DKC,7340116,Bất động sản,7340116,kinh_te,standard,,D01;C03;C04;X01;D09;D10;A00;A01;C00;D14;D15;X78;C01;X02,D01,,https://diemthi.vnexpress.net/tra-cuu-dai-hoc/loadbenchmark/id/256/year/2026/sortby/1/block_name/-1
SIM-DKC:7340120,SIM-DKC,7340120,Ngành Kinh doanh quốc tế,7340120,kinh_te,international,,D01;C03;C04;X01;D09;D10;A00;A01;C00;D14;D15;X78;C01;X02,D01,"Học bằng tiếng Anh (thường cần trình độ tiếng Anh tốt, có thể yêu cầu IELTS/chứng chỉ khi nhập học) | Chương trình liên kết/quốc tế: học phí cao hơn chương trình chuẩn",https://diemthi.vnexpress.net/tra-cuu-dai-hoc/loadbenchmark/id/256/year/2026/sortby/1/block_name/-1
SIM-DKC:7340121,SIM-DKC,7340121,Kinh doanh thương mại,7340121,kinh_te,standard,,D01;C03;C04;X01;D09;D10;A00;A01;C00;D14;D15;X78;C01;X02,D01,,https://diemthi.vnexpress.net/tra-cuu-dai-hoc/loadbenchmark/id/256/year/2026/sortby/1/block_name/-1
SIM-DKC:7340122,SIM-DKC,7340122,Thương mại điện tử,7340122,kinh_te,standard,,D01;C03;C04;X01;D09;D10;A00;A01;C00;D14;D15;X78;C01;X02,D01,,https://diemthi.vnexpress.net/tra-cuu-dai-hoc/loadbenchmark/id/256/year/2026/sortby/1/block_name/-1
SIM-DKC:7340201,SIM-DKC,7340201,Tài chính – Ngân hàng,7340201,tai_chinh,standard,,D01;C03;C04;X01;D09;D10;A00;A01;C00;D14;D15;X78;C01;X02,D01,,https://diemthi.vnexpress.net/tra-cuu-dai-hoc/loadbenchmark/id/256/year/2026/sortby/1/block_name/-1
SIM-DKC:7340205,SIM-DKC,7340205,Công nghệ tài chính,7340205,tai_chinh,standard,,D01;C03;C04;X01;D09;D10;A00;A01;C00;D14;D15;X78;C01;X02,D01,,https://diemthi.vnexpress.net/tra-cuu-dai-hoc/loadbenchmark/id/256/year/2026/sortby/1/block_name/-1
SIM-DKC:7340301,SIM-DKC,7340301,Kế toán,7340301,tai_chinh,standard,,D01;C03;C04;X01;D09;D10;A00;A01;C00;D14;D15;X78;C01;X02,D01,,https://diemthi.vnexpress.net/tra-cuu-dai-hoc/loadbenchmark/id/256/year/2026/sortby/1/block_name/-1
SIM-DKC:7340404,SIM-DKC,7340404,Quản trị nhân lực,7340404,kinh_te,standard,,D01;C03;C04;X01;D09;D10;A00;A01;C00;D14;D15;X78;C01;X02,D01,,https://diemthi.vnexpress.net/tra-cuu-dai-hoc/loadbenchmark/id/256/year/2026/sortby/1/block_name/-1
SIM-DKC:7340405,SIM-DKC,7340405,Hệ thống thông tin,7340405,cntt,standard,,D01;C03;C04;X01;D09;D10;A00;A01;C00;D14;D15;X78;C01;X02,D01,,https://diemthi.vnexpress.net/tra-cuu-dai-hoc/loadbenchmark/id/256/year/2026/sortby/1/block_name/-1
SIM-DKC:7340412,SIM-DKC,7340412,Quản trị sự kiện,7340412,du_lich,standard,,D01;C03;C04;X01;D09;D10;A00;A01;C00;D14;D15;X78;C01;X02,D01,,https://diemthi.vnexpress.net/tra-cuu-dai-hoc/loadbenchmark/id/256/year/2026/sortby/1/block_name/-1
SIM-DKC:7380101,SIM-DKC,7380101,Ngành Luật,7380101,luat,standard,,D01;C03;C04;X01;D09;D10;A00;A01;C00;D14;D15;X78;C01;X02,D01,,https://diemthi.vnexpress.net/tra-cuu-dai-hoc/loadbenchmark/id/256/year/2026/sortby/1/block_name/-1
SIM-DKC:7380107,SIM-DKC,7380107,Luật kinh tế,7380107,luat,standard,,D01;C03;C04;X01;D09;D10;A00;A01;C00;D14;D15;X78;C01;X02,D01,,https://diemthi.vnexpress.net/tra-cuu-dai-hoc/loadbenchmark/id/256/year/2026/sortby/1/block_name/-1
SIM-DKC:7420201,SIM-DKC,7420201,Công nghệ sinh học,7420201,sinh_hoa,standard,,D01;C02;B03;C01;C04;C03;X01;B02;B01;X13;X14;A00;B00;C08;D07;X02,D01,,https://diemthi.vnexpress.net/tra-cuu-dai-hoc/loadbenchmark/id/256/year/2026/sortby/1/block_name/-1
SIM-DKC:7420207,SIM-DKC,7420207,Công nghệ thẩm mỹ,7420207,ky_thuat,standard,,D01;C02;B03;C01;C04;C03;X01;B02;B01;X13;X14;A00;B00;C08;D07;X02,D01,,https://diemthi.vnexpress.net/tra-cuu-dai-hoc/loadbenchmark/id/256/year/2026/sortby/1/block_name/-1
SIM-DKC:7460108,SIM-DKC,7460108,Khoa học dữ liệu (Data Science),7460108,cntt,standard,,D01;C01;C02;C03;C04;X01;X02;X03;X04;D09;D10;A00;A01,D01,,https://diemthi.vnexpress.net/tra-cuu-dai-hoc/loadbenchmark/id/256/year/2026/sortby/1/block_name/-1
SIM-DKC:7480101,SIM-DKC,7480101,Khoa học máy tính,7480101,cntt,standard,,D01;C01;C02;C03;C04;X01;X02;X03;X04;D09;D10;A00;A01,D01,,https://diemthi.vnexpress.net/tra-cuu-dai-hoc/loadbenchmark/id/256/year/2026/sortby/1/block_name/-1
SIM-DKC:7480106,SIM-DKC,7480106,Kỹ thuật máy tính,7480106,cntt,standard,,D01;C01;C02;C03;C04;X01;X02;X03;X04;D09;D10;A00;A01,D01,,https://diemthi.vnexpress.net/tra-cuu-dai-hoc/loadbenchmark/id/256/year/2026/sortby/1/block_name/-1
SIM-DKC:7480107,SIM-DKC,7480107,Trí tuệ nhân tạo,7480107,cntt,standard,,D01;C01;C02;C03;C04;X01;X02;X03;X04;D09;D10;A00;A01,D01,,https://diemthi.vnexpress.net/tra-cuu-dai-hoc/loadbenchmark/id/256/year/2026/sortby/1/block_name/-1
SIM-DKC:7480201,SIM-DKC,7480201,Công nghệ thông tin,7480201,cntt,standard,,D01;C01;C02;C03;C04;X01;X02;X03;X04;D09;D10;A00;A01,D01,,https://diemthi.vnexpress.net/tra-cuu-dai-hoc/loadbenchmark/id/256/year/2026/sortby/1/block_name/-1
SIM-DKC:7480202,SIM-DKC,7480202,An toàn thông tin,7480202,cntt,standard,,D01;C01;C02;C03;C04;X01;X02;X03;X04;D09;D10;A00;A01,D01,,https://diemthi.vnexpress.net/tra-cuu-dai-hoc/loadbenchmark/id/256/year/2026/sortby/1/block_name/-1
SIM-DKC:7480208,SIM-DKC,7480208,An ninh mạng,7480208,cntt,standard,,D01;C01;C02;C03;C04;X01;X02;X03;X04;D09;D10;A00;A01,D01,,https://diemthi.vnexpress.net/tra-cuu-dai-hoc/loadbenchmark/id/256/year/2026/sortby/1/block_name/-1
SIM-DKC:7510205,SIM-DKC,7510205,Công nghệ kỹ thuật ô tô,7510205,ky_thuat,standard,,D01;C01;C02;C03;C04;X01;X02;X03;X04;D09;D10;A00;A01,D01,,https://diemthi.vnexpress.net/tra-cuu-dai-hoc/loadbenchmark/id/256/year/2026/sortby/1/block_name/-1
SIM-DKC:7510209,SIM-DKC,7510209,Robot và trí tuệ nhân tạo,7510209,cntt,standard,,D01;C01;C02;C03;C04;X01;X02;X03;X04;D09;D10;A00;A01,D01,,https://diemthi.vnexpress.net/tra-cuu-dai-hoc/loadbenchmark/id/256/year/2026/sortby/1/block_name/-1
SIM-DKC:7510605,SIM-DKC,7510605,Logistics và Quản lý chuỗi cung ứng,7510605,du_lich,standard,,D01;C03;C04;X01;D09;D10;A00;A01;C00;D14;D15;X78;C01;X02,D01,,https://diemthi.vnexpress.net/tra-cuu-dai-hoc/loadbenchmark/id/256/year/2026/sortby/1/block_name/-1
SIM-DKC:7520103,SIM-DKC,7520103,Kỹ thuật cơ khí,7520103,ky_thuat,standard,,D01;C01;C02;C03;C04;X01;X02;X03;X04;D09;D10;A00;A01,D01,,https://diemthi.vnexpress.net/tra-cuu-dai-hoc/loadbenchmark/id/256/year/2026/sortby/1/block_name/-1
SIM-DKC:7520114,SIM-DKC,7520114,Kỹ thuật cơ điện tử,7520114,ky_thuat,standard,,D01;C01;C02;C03;C04;X01;X02;X03;X04;D09;D10;A00;A01,D01,,https://diemthi.vnexpress.net/tra-cuu-dai-hoc/loadbenchmark/id/256/year/2026/sortby/1/block_name/-1
SIM-DKC:7520141,SIM-DKC,7520141,Công nghệ Ô tô điện,7520141,ky_thuat,standard,,D01;C01;C02;C03;C04;X01;X02;X03;X04;D09;D10;A00;A01,D01,,https://diemthi.vnexpress.net/tra-cuu-dai-hoc/loadbenchmark/id/256/year/2026/sortby/1/block_name/-1
SIM-DKC:7520141I1,SIM-DKC,7520141I1,Công nghệ ô tô thông minh,7520141,ky_thuat,standard,,D01;C01;C02;C03;C04;X01;X02;X03;X04;D09;D10;A00;A01,D01,,https://diemthi.vnexpress.net/tra-cuu-dai-hoc/loadbenchmark/id/256/year/2026/sortby/1/block_name/-1
SIM-DKC:7520201,SIM-DKC,7520201,Kỹ thuật điện,7520201,ky_thuat,standard,,D01;C01;C02;C03;C04;X01;X02;X03;X04;D09;D10;A00;A01,D01,,https://diemthi.vnexpress.net/tra-cuu-dai-hoc/loadbenchmark/id/256/year/2026/sortby/1/block_name/-1
SIM-DKC:7520207,SIM-DKC,7520207,Ngành Kỹ thuật điện tử truyền thông,7520207,bao_chi,standard,,D01;C01;C02;C03;C04;X01;X02;X03;X04;D09;D10;A00;A01,D01,,https://diemthi.vnexpress.net/tra-cuu-dai-hoc/loadbenchmark/id/256/year/2026/sortby/1/block_name/-1
SIM-DKC:7520216,SIM-DKC,7520216,Ngành Kỹ thuật điều khiển và Tự động hóa,7520216,ky_thuat,standard,,D01;C01;C02;C03;C04;X01;X02;X03;X04;D09;D10;A00;A01,D01,,https://diemthi.vnexpress.net/tra-cuu-dai-hoc/loadbenchmark/id/256/year/2026/sortby/1/block_name/-1
SIM-DKC:7540101,SIM-DKC,7540101,Công nghệ thực phẩm,7540101,sinh_hoa,standard,,D01;C02;B03;C01;C04;C03;X01;B02;B01;X13;X14;A00;B00;C08;D07;X02,D01,,https://diemthi.vnexpress.net/tra-cuu-dai-hoc/loadbenchmark/id/256/year/2026/sortby/1/block_name/-1
SIM-DKC:7580101,SIM-DKC,7580101,Kiến trúc,7580101,xay_dung,standard,,C01;D01;C03;C04;X01;A01;D09;D10;X25;C00;A00;X02,C01,,https://diemthi.vnexpress.net/tra-cuu-dai-hoc/loadbenchmark/id/256/year/2026/sortby/1/block_name/-1
SIM-DKC:7580108,SIM-DKC,7580108,Thiết kế nội thất,7580108,xay_dung,standard,,C01;D01;C03;C04;X01;A01;D09;D10;X25;C00;A00;X02,C01,,https://diemthi.vnexpress.net/tra-cuu-dai-hoc/loadbenchmark/id/256/year/2026/sortby/1/block_name/-1
SIM-DKC:7580201,SIM-DKC,7580201,Kỹ thuật xây dựng,7580201,xay_dung,standard,,D01;C01;C02;C03;C04;X01;X02;X03;X04;D09;D10;A00;A01,D01,,https://diemthi.vnexpress.net/tra-cuu-dai-hoc/loadbenchmark/id/256/year/2026/sortby/1/block_name/-1
SIM-DKC:7580302,SIM-DKC,7580302,Quản lý xây dựng,7580302,xay_dung,standard,,D01;C01;C02;C03;C04;X01;X02;X03;X04;D09;D10;A00;A01,D01,,https://diemthi.vnexpress.net/tra-cuu-dai-hoc/loadbenchmark/id/256/year/2026/sortby/1/block_name/-1
SIM-DKC:7640101,SIM-DKC,7640101,Thú y,7640101,y_duoc,standard,,D01;C02;B03;C01;C04;C03;X01;B02;B01;X13;X14;A00;B00;C08;D07;X09,D01,Khối sức khỏe: có ngưỡng điểm sàn của Bộ,https://diemthi.vnexpress.net/tra-cuu-dai-hoc/loadbenchmark/id/256/year/2026/sortby/1/block_name/-1
SIM-DKC:7640101I1,SIM-DKC,7640101I1,Thú y công nghệ số (4),7640101,y_duoc,standard,,D01;C02;B03;C01;C04;C03;X01;B02;B01;X13;X14;A00,D01,Khối sức khỏe: có ngưỡng điểm sàn của Bộ,https://diemthi.vnexpress.net/tra-cuu-dai-hoc/loadbenchmark/id/256/year/2026/sortby/1/block_name/-1
SIM-DKC:7720101,SIM-DKC,7720101,Y khoa,7720101,y_duoc,standard,,B00;D07;C02;A00;B08;B03,B00,Khối sức khỏe: có ngưỡng điểm sàn của Bộ,https://diemthi.vnexpress.net/tra-cuu-dai-hoc/loadbenchmark/id/256/year/2026/sortby/1/block_name/-1
SIM-DKC:7720201,SIM-DKC,7720201,Dược học,7720201,y_duoc,standard,,B00;D07;C02;A00;B08;B03;C08;X09,B00,Khối sức khỏe: có ngưỡng điểm sàn của Bộ,https://diemthi.vnexpress.net/tra-cuu-dai-hoc/loadbenchmark/id/256/year/2026/sortby/1/block_name/-1
SIM-DKC:7720301,SIM-DKC,7720301,Điều dưỡng,7720301,y_duoc,standard,,B00;D07;C02;A00;B08;B03;C08;X09,B00,Khối sức khỏe: có ngưỡng điểm sàn của Bộ,https://diemthi.vnexpress.net/tra-cuu-dai-hoc/loadbenchmark/id/256/year/2026/sortby/1/block_name/-1
SIM-DKC:7720601,SIM-DKC,7720601,Kỹ thuật xét nghiệm y học,7720601,y_duoc,standard,,B00;D07;C02;A00;B08;B03;C08;X09,B00,Khối sức khỏe: có ngưỡng điểm sàn của Bộ,https://diemthi.vnexpress.net/tra-cuu-dai-hoc/loadbenchmark/id/256/year/2026/sortby/1/block_name/-1
SIM-DKC:7810103,SIM-DKC,7810103,Quản trị dịch vụ du lịch và lữ hành,7810103,du_lich,standard,,D01;C03;C04;X01;D09;D10;A00;A01;C00;D14;D15;X78;C01;X02,D01,,https://diemthi.vnexpress.net/tra-cuu-dai-hoc/loadbenchmark/id/256/year/2026/sortby/1/block_name/-1
SIM-DKC:7810201,SIM-DKC,7810201,Quản trị khách sạn,7810201,du_lich,standard,,D01;C03;C04;X01;D09;D10;A00;A01;C00;D14;D15;X78;C01;X02,D01,,https://diemthi.vnexpress.net/tra-cuu-dai-hoc/loadbenchmark/id/256/year/2026/sortby/1/block_name/-1
SIM-DKC:7810202,SIM-DKC,7810202,Quản trị nhà hàng và dịch vụ ăn uống,7810202,du_lich,standard,,D01;C03;C04;X01;D09;D10;A00;A01;C00;D14;D15;X78;C01;X02,D01,,https://diemthi.vnexpress.net/tra-cuu-dai-hoc/loadbenchmark/id/256/year/2026/sortby/1/block_name/-1
SIM-DKC:7810301,SIM-DKC,7810301,Quản lý thể dục thể thao,7810301,kinh_te,standard,,D01;C03;C04;X01;D09;D10;A00;A01;C00;D14;D15;X78;C01;X02,D01,,https://diemthi.vnexpress.net/tra-cuu-dai-hoc/loadbenchmark/id/256/year/2026/sortby/1/block_name/-1
SIM-DMS:7220201,SIM-DMS,7220201,Ngôn ngữ Anh,7220201,ngon_ngu,standard,,C01;C02;C03;C04;X01;D01;A00;A03;A04;X05;A01;A05;A06;X09;D07;A07;X17;D09;X21;D10;X25,C01,,https://vietnamnet.vn/newsapi-edu/UniversityDetail/GetDetail?pageId=49ff289efde0446f9ae2f5c385595744&componentId=COMPONENT002302&keyword=DMS&year=2026&pageSize=25&pageIndex=1&typeOfTraining=0&subjectGroup=
SIM-DMS:7310101,SIM-DMS,7310101,Kinh tế,7310101,kinh_te,standard,,C01;C02;C03;C04;X01;D01;A00;A03;A04;X05;A01;A05;A06;X09;D07;A07;X17;D09;X21;D10;X25,C01,,https://vietnamnet.vn/newsapi-edu/UniversityDetail/GetDetail?pageId=49ff289efde0446f9ae2f5c385595744&componentId=COMPONENT002302&keyword=DMS&year=2026&pageSize=25&pageIndex=2&typeOfTraining=0&subjectGroup=
SIM-DMS:7310102,SIM-DMS,7310102,Kinh tế chính trị,7310102,xa_hoi,standard,,C01;C02;C03;C04;X01;D01;A00;A03;A04;X05;A01;A05;A06;X09;D07;A07;X17;D09;X21;D10;X25,C01,,https://vietnamnet.vn/newsapi-edu/UniversityDetail/GetDetail?pageId=49ff289efde0446f9ae2f5c385595744&componentId=COMPONENT002302&keyword=DMS&year=2026&pageSize=25&pageIndex=3&typeOfTraining=0&subjectGroup=
SIM-DMS:7310108,SIM-DMS,7310108,Toán kinh tế,7310108,kinh_te,standard,,C01;C02;C03;C04;X01;D01;A00;A03;A04;X05;A01;A05;A06;X09;D07;A07;X17;D09;X21;D10;X25,C01,,https://vietnamnet.vn/newsapi-edu/UniversityDetail/GetDetail?pageId=49ff289efde0446f9ae2f5c385595744&componentId=COMPONENT002302&keyword=DMS&year=2026&pageSize=25&pageIndex=3&typeOfTraining=0&subjectGroup=
SIM-DMS:7310110,SIM-DMS,7310110,Quản lý kinh tế,7310110,kinh_te,standard,,C01;C02;C03;C04;X01;D01;A00;A03;A04;X05;A01;A05;A06;X09;D07;A07;X17;D09;X21;D10;X25,C01,,https://vietnamnet.vn/newsapi-edu/UniversityDetail/GetDetail?pageId=49ff289efde0446f9ae2f5c385595744&componentId=COMPONENT002302&keyword=DMS&year=2026&pageSize=25&pageIndex=3&typeOfTraining=0&subjectGroup=
SIM-DMS:7340116,SIM-DMS,7340116,Bất động sản,7340116,kinh_te,standard,,C01;C02;C03;C04;X01;D01;A00;A03;A04;X05;A01;A05;A06;X09;D07;A07;X17;D09;X21;D10;X25,C01,,https://vietnamnet.vn/newsapi-edu/UniversityDetail/GetDetail?pageId=49ff289efde0446f9ae2f5c385595744&componentId=COMPONENT002302&keyword=DMS&year=2026&pageSize=25&pageIndex=2&typeOfTraining=0&subjectGroup=
SIM-DMS:7340405,SIM-DMS,7340405,Hệ thống thông tin quản lý,7340405,cntt,standard,,C01;C02;C03;C04;X01;D01;A00;A03;A04;X05;A01;A05;A06;X09;D07;A07;X17;D09;X21;D10;X25,C01,,https://vietnamnet.vn/newsapi-edu/UniversityDetail/GetDetail?pageId=49ff289efde0446f9ae2f5c385595744&componentId=COMPONENT002302&keyword=DMS&year=2026&pageSize=25&pageIndex=0&typeOfTraining=0&subjectGroup=
SIM-DMS:7380107,SIM-DMS,7380107,Luật kinh tế,7380107,luat,standard,,C01;C02;C03;C04;X01;D01;A00;A03;A04;X05;A01;A05;A06;X09;D07;A07;X17;D09;X21;D10;X25,C01,,https://vietnamnet.vn/newsapi-edu/UniversityDetail/GetDetail?pageId=49ff289efde0446f9ae2f5c385595744&componentId=COMPONENT002302&keyword=DMS&year=2026&pageSize=25&pageIndex=0&typeOfTraining=0&subjectGroup=
SIM-DMS:7460108,SIM-DMS,7460108,Khoa học dữ liệu,7460108,cntt,standard,,C01;C02;C03;C04;X01;D01;A00;A03;A04;X05;A01;A05;A06;X09;D07;A07;X17;D09;X21;D10;X25,C01,,https://vietnamnet.vn/newsapi-edu/UniversityDetail/GetDetail?pageId=49ff289efde0446f9ae2f5c385595744&componentId=COMPONENT002302&keyword=DMS&year=2026&pageSize=25&pageIndex=1&typeOfTraining=0&subjectGroup=
SIM-DMS:7480107,SIM-DMS,7480107,Trí tuệ nhân tạo,7480107,cntt,standard,,C01;C02;C03;C04;X01;D01;A00;A03;A04;X05;A01;A05;A06;X09;D07;A07;X17;D09;X21;D10;X25,C01,,https://vietnamnet.vn/newsapi-edu/UniversityDetail/GetDetail?pageId=49ff289efde0446f9ae2f5c385595744&componentId=COMPONENT002302&keyword=DMS&year=2026&pageSize=25&pageIndex=3&typeOfTraining=0&subjectGroup=
SIM-DTL:7220201,SIM-DTL,7220201,Ngôn ngữ Anh,7220201,ngon_ngu,standard,,D01;D14;D15,D01,,https://diemthi.vnexpress.net/tra-cuu-dai-hoc/loadbenchmark/id/373/year/2026/sortby/1/block_name/-1
SIM-DTL:7220204,SIM-DTL,7220204,Ngôn ngữ Trung Quốc,7220204,ngon_ngu,standard,,D01;D04;D14;D15;D45;D65,D01,,https://diemthi.vnexpress.net/tra-cuu-dai-hoc/loadbenchmark/id/373/year/2026/sortby/1/block_name/-1
SIM-DTL:7220209,SIM-DTL,7220209,Ngôn ngữ Nhật,7220209,ngon_ngu,standard,,D01;D06;D14;D15;D43;D63,D01,,https://diemthi.vnexpress.net/tra-cuu-dai-hoc/loadbenchmark/id/373/year/2026/sortby/1/block_name/-1
SIM-DTL:7220210,SIM-DTL,7220210,Ngôn ngữ Hàn Quốc,7220210,ngon_ngu,standard,,D01;D14;D15,D01,,https://diemthi.vnexpress.net/tra-cuu-dai-hoc/loadbenchmark/id/373/year/2026/sortby/1/block_name/-1
SIM-DTL:7310106,SIM-DTL,7310106,Kinh tế quốc tế,7310106,kinh_te,international,,A00;A01;D01;D07;X01;X25,A00,"Học bằng tiếng Anh (thường cần trình độ tiếng Anh tốt, có thể yêu cầu IELTS/chứng chỉ khi nhập học) | Chương trình liên kết/quốc tế: học phí cao hơn chương trình chuẩn",https://diemthi.vnexpress.net/tra-cuu-dai-hoc/loadbenchmark/id/373/year/2026/sortby/1/block_name/-1
SIM-DTL:7310630,SIM-DTL,7310630,Việt Nam học,7310630,ngon_ngu,standard,,C00;C03;C04;D01;D14;D15;D11,C00,,https://diemthi.vnexpress.net/tra-cuu-dai-hoc/loadbenchmark/id/373/year/2026/sortby/1/block_name/-1
SIM-DTL:7320104,SIM-DTL,7320104,Truyền thông đa phương tiện,7320104,bao_chi,standard,,C00;C03;C04;D01;D14;D15;A00;A01,C00,,https://diemthi.vnexpress.net/tra-cuu-dai-hoc/loadbenchmark/id/373/year/2026/sortby/1/block_name/-1
SIM-DTL:7340101,SIM-DTL,7340101,Quản trị Kinh doanh,7340101,kinh_te,standard,,A00;A01;D01;D07;X01;X25,A00,,https://diemthi.vnexpress.net/tra-cuu-dai-hoc/loadbenchmark/id/373/year/2026/sortby/1/block_name/-1
SIM-DTL:7340101A,SIM-DTL,7340101A,Quản trị kinh doanh,7340101,kinh_te,standard,,A01;D01;D07;D09;D10;X25,A01,,https://diemthi.vnexpress.net/tra-cuu-dai-hoc/loadbenchmark/id/373/year/2026/sortby/1/block_name/-1
SIM-DTL:7340115,SIM-DTL,7340115,Marketing,7340115,kinh_te,standard,,A00;A01;D01;D07;X01;X25,A00,,https://diemthi.vnexpress.net/tra-cuu-dai-hoc/loadbenchmark/id/373/year/2026/sortby/1/block_name/-1
SIM-DTL:7340122,SIM-DTL,7340122,Thương mại điện tử,7340122,kinh_te,standard,,A00;A01;D01;D07;X01;X25,A00,,https://diemthi.vnexpress.net/tra-cuu-dai-hoc/loadbenchmark/id/373/year/2026/sortby/1/block_name/-1
SIM-DTL:7340201,SIM-DTL,7340201,Tài chính – Ngân hàng,7340201,tai_chinh,standard,,A00;A01;D01;D07;X01;X25,A00,,https://diemthi.vnexpress.net/tra-cuu-dai-hoc/loadbenchmark/id/373/year/2026/sortby/1/block_name/-1
SIM-DTL:7340301,SIM-DTL,7340301,Kế toán,7340301,tai_chinh,standard,,A00;A01;D01;D07;X01;X25,A00,,https://diemthi.vnexpress.net/tra-cuu-dai-hoc/loadbenchmark/id/373/year/2026/sortby/1/block_name/-1
SIM-DTL:7340301A,SIM-DTL,7340301A,Kế toán,7340301,tai_chinh,standard,,A01;D01;D07;D09;D10;X25,A01,,https://diemthi.vnexpress.net/tra-cuu-dai-hoc/loadbenchmark/id/373/year/2026/sortby/1/block_name/-1
SIM-DTL:7380107,SIM-DTL,7380107,Luật kinh tế,7380107,luat,standard,,C00;C03;C04;D01;X01;X78;A00;A01;X70;X74,C00,,https://diemthi.vnexpress.net/tra-cuu-dai-hoc/loadbenchmark/id/373/year/2026/sortby/1/block_name/-1
SIM-DTL:7480101,SIM-DTL,7480101,Khoa học máy tính,7480101,cntt,standard,,A00;A01;D01;D07;X06;X26,A00,,https://diemthi.vnexpress.net/tra-cuu-dai-hoc/loadbenchmark/id/373/year/2026/sortby/1/block_name/-1
SIM-DTL:7480104,SIM-DTL,7480104,Hệ thống thông tin,7480104,cntt,standard,,A00;A01;D01;D07;X06;X26,A00,,https://diemthi.vnexpress.net/tra-cuu-dai-hoc/loadbenchmark/id/373/year/2026/sortby/1/block_name/-1
SIM-DTL:7480201,SIM-DTL,7480201,Công nghệ thông tin,7480201,cntt,standard,,A00;A01;D01;D07;X06;X26,A00,,https://diemthi.vnexpress.net/tra-cuu-dai-hoc/loadbenchmark/id/373/year/2026/sortby/1/block_name/-1
SIM-DTL:7480207,SIM-DTL,7480207,Trí tuệ nhân tạo,7480207,cntt,standard,,A00;A01;D01;D07;X06;X26,A00,,https://diemthi.vnexpress.net/tra-cuu-dai-hoc/loadbenchmark/id/373/year/2026/sortby/1/block_name/-1
SIM-DTL:7510605,SIM-DTL,7510605,Logistics và Quản lý chuỗi cung ứng,7510605,du_lich,standard,,A00;A01;D01;D07;X01;X25,A00,,https://diemthi.vnexpress.net/tra-cuu-dai-hoc/loadbenchmark/id/373/year/2026/sortby/1/block_name/-1
SIM-DTL:7720301,SIM-DTL,7720301,Điều dưỡng,7720301,y_duoc,standard,,A00;A02;B00;B03;B08;D07;C02,A00,Khối sức khỏe: có ngưỡng điểm sàn của Bộ,https://diemthi.vnexpress.net/tra-cuu-dai-hoc/loadbenchmark/id/373/year/2026/sortby/1/block_name/-1
SIM-DTL:7810103,SIM-DTL,7810103,Quản trị dịch vụ du lịch và lữ hành,7810103,du_lich,standard,,C01;C02;C03;C04;D01;X01;A00;A01;C00;D07;A07;D09;D10,C01,,https://diemthi.vnexpress.net/tra-cuu-dai-hoc/loadbenchmark/id/373/year/2026/sortby/1/block_name/-1
SIM-DTL:7810201,SIM-DTL,7810201,Quản trị khách sạn,7810201,du_lich,standard,,C01;C02;C03;C04;D01;X01;A00;A01;C00;D07;A07;D09;D10,C01,,https://diemthi.vnexpress.net/tra-cuu-dai-hoc/loadbenchmark/id/373/year/2026/sortby/1/block_name/-1
SIM-DVL:7210302,SIM-DVL,7210302,Công nghệ điện ảnh. truyền hình,7210302,bao_chi,standard,,A00;A01;C00;D01;C01;X78,A00,,https://diemthi.vnexpress.net/tra-cuu-dai-hoc/loadbenchmark/id/265/year/2026/sortby/1/block_name/-1
SIM-DVL:7210303,SIM-DVL,7210303,Thiết kế âm thanh ánh sáng,7210303,thiet_ke,standard,,A00;A01;C00;D01;X78,A00,,https://diemthi.vnexpress.net/tra-cuu-dai-hoc/loadbenchmark/id/265/year/2026/sortby/1/block_name/-1
SIM-DVL:7220201,SIM-DVL,7220201,Ngôn ngữ Anh,7220201,ngon_ngu,standard,,D01;D14;X78;D15;D08;D10,D01,,https://diemthi.vnexpress.net/tra-cuu-dai-hoc/loadbenchmark/id/265/year/2026/sortby/1/block_name/-1
SIM-DVL:7220204,SIM-DVL,7220204,Ngôn ngữ Trung Quốc,7220204,ngon_ngu,standard,,D01;D04;D14;X78;D15;A01,D01,,https://diemthi.vnexpress.net/tra-cuu-dai-hoc/loadbenchmark/id/265/year/2026/sortby/1/block_name/-1
SIM-DVL:7220210,SIM-DVL,7220210,Ngôn ngữ Hàn Quốc,7220210,ngon_ngu,standard,,D01;D14;D15;X78;D10,D01,,https://diemthi.vnexpress.net/tra-cuu-dai-hoc/loadbenchmark/id/265/year/2026/sortby/1/block_name/-1
SIM-DVL:7229030,SIM-DVL,7229030,Văn học,7229030,xa_hoi,standard,,D01;C03;C04;C00;D14;D15;X78,D01,,https://diemthi.vnexpress.net/tra-cuu-dai-hoc/loadbenchmark/id/265/year/2026/sortby/1/block_name/-1
SIM-DVL:7310106,SIM-DVL,7310106,Kinh tế quốc tế,7310106,kinh_te,international,,A00;A01;C01;D01;X25;D10;D07,A00,"Học bằng tiếng Anh (thường cần trình độ tiếng Anh tốt, có thể yêu cầu IELTS/chứng chỉ khi nhập học) | Chương trình liên kết/quốc tế: học phí cao hơn chương trình chuẩn",https://diemthi.vnexpress.net/tra-cuu-dai-hoc/loadbenchmark/id/265/year/2026/sortby/1/block_name/-1
SIM-DVL:7310401,SIM-DVL,7310401,Tâm lý học,7310401,xa_hoi,standard,,D01;B03;C02;B08;B00;C00,D01,,https://diemthi.vnexpress.net/tra-cuu-dai-hoc/loadbenchmark/id/265/year/2026/sortby/1/block_name/-1
SIM-DVL:7310608,SIM-DVL,7310608,Đông phương học,7310608,ngon_ngu,standard,,D01;C03;C04;C00;D14;D15;X78;A01;D04,D01,,https://diemthi.vnexpress.net/tra-cuu-dai-hoc/loadbenchmark/id/265/year/2026/sortby/1/block_name/-1
SIM-DVL:7320104,SIM-DVL,7320104,Truyền thông đa phương tiện,7320104,bao_chi,standard,,A00;A01;C00;D01;C01;X78,A00,,https://diemthi.vnexpress.net/tra-cuu-dai-hoc/loadbenchmark/id/265/year/2026/sortby/1/block_name/-1
SIM-DVL:7320105,SIM-DVL,7320105,Truyền thông đại chúng,7320105,bao_chi,standard,,A00;A01;C00;D01;C01;X78,A00,,https://diemthi.vnexpress.net/tra-cuu-dai-hoc/loadbenchmark/id/265/year/2026/sortby/1/block_name/-1
SIM-DVL:7320106,SIM-DVL,7320106,Công nghệ truyền thông,7320106,bao_chi,standard,,A00;A01;C00;D01;C01;X78,A00,,https://diemthi.vnexpress.net/tra-cuu-dai-hoc/loadbenchmark/id/265/year/2026/sortby/1/block_name/-1
SIM-DVL:7320108,SIM-DVL,7320108,Quan hệ công chúng,7320108,bao_chi,standard,,A00;A01;C00;D01;C01;X78,A00,,https://diemthi.vnexpress.net/tra-cuu-dai-hoc/loadbenchmark/id/265/year/2026/sortby/1/block_name/-1
SIM-DVL:7340101,SIM-DVL,7340101,Quản trị Kinh doanh,7340101,kinh_te,standard,,A00;A01;C01;D01;X25;D10;D07,A00,,https://diemthi.vnexpress.net/tra-cuu-dai-hoc/loadbenchmark/id/265/year/2026/sortby/1/block_name/-1
SIM-DVL:7340115,SIM-DVL,7340115,Marketing,7340115,kinh_te,standard,,A00;A01;C01;D01;X25;D10;D07,A00,,https://diemthi.vnexpress.net/tra-cuu-dai-hoc/loadbenchmark/id/265/year/2026/sortby/1/block_name/-1
SIM-DVL:7340116,SIM-DVL,7340116,Bất động sản,7340116,kinh_te,standard,,A00;A01;C01;D01;X25;D10;D07;C04,A00,,https://diemthi.vnexpress.net/tra-cuu-dai-hoc/loadbenchmark/id/265/year/2026/sortby/1/block_name/-1
SIM-DVL:7340120,SIM-DVL,7340120,Ngành Kinh doanh quốc tế,7340120,kinh_te,international,,A00;A01;C01;D01;X25;D10;D07,A00,"Học bằng tiếng Anh (thường cần trình độ tiếng Anh tốt, có thể yêu cầu IELTS/chứng chỉ khi nhập học) | Chương trình liên kết/quốc tế: học phí cao hơn chương trình chuẩn",https://diemthi.vnexpress.net/tra-cuu-dai-hoc/loadbenchmark/id/265/year/2026/sortby/1/block_name/-1
SIM-DVL:7340121,SIM-DVL,7340121,Kinh doanh thương mại,7340121,kinh_te,standard,,A00;A01;C01;D01;X25;D10;D07,A00,,https://diemthi.vnexpress.net/tra-cuu-dai-hoc/loadbenchmark/id/265/year/2026/sortby/1/block_name/-1
SIM-DVL:7340122,SIM-DVL,7340122,Thương mại điện tử,7340122,kinh_te,standard,,A00;A01;C01;D01;X25;D10;D07,A00,,https://diemthi.vnexpress.net/tra-cuu-dai-hoc/loadbenchmark/id/265/year/2026/sortby/1/block_name/-1
SIM-DVL:7340201,SIM-DVL,7340201,Tài chính – Ngân hàng,7340201,tai_chinh,standard,,A00;A01;C01;D01;X25;D10;D07;C04,A00,,https://diemthi.vnexpress.net/tra-cuu-dai-hoc/loadbenchmark/id/265/year/2026/sortby/1/block_name/-1
SIM-DVL:7340205,SIM-DVL,7340205,Công nghệ tài chính,7340205,tai_chinh,standard,,A00;A01;C01;D01;X25;D10;D07,A00,,https://diemthi.vnexpress.net/tra-cuu-dai-hoc/loadbenchmark/id/265/year/2026/sortby/1/block_name/-1
SIM-DVL:7340301,SIM-DVL,7340301,Kế toán,7340301,tai_chinh,standard,,A00;A01;C01;D01;X25;D10;D07,A00,,https://diemthi.vnexpress.net/tra-cuu-dai-hoc/loadbenchmark/id/265/year/2026/sortby/1/block_name/-1
SIM-DVL:7380101,SIM-DVL,7380101,Ngành Luật,7380101,luat,standard,,D01;D09;D10;X25;D14;D15;C00;A00;A01,D01,,https://diemthi.vnexpress.net/tra-cuu-dai-hoc/loadbenchmark/id/265/year/2026/sortby/1/block_name/-1
SIM-DVL:7380107,SIM-DVL,7380107,Luật kinh tế,7380107,luat,standard,,D01;D09;D10;X25;D14;D15;C00;A00;A01,D01,,https://diemthi.vnexpress.net/tra-cuu-dai-hoc/loadbenchmark/id/265/year/2026/sortby/1/block_name/-1
SIM-DVL:7420201,SIM-DVL,7420201,Công nghệ sinh học,7420201,sinh_hoa,standard,,B03;B08;A02;B00;C02;D07;A00;C01;A01;X14;X66,B03,,https://diemthi.vnexpress.net/tra-cuu-dai-hoc/loadbenchmark/id/265/year/2026/sortby/1/block_name/-1
SIM-DVL:7420207,SIM-DVL,7420207,Công nghệ thẩm mỹ,7420207,ky_thuat,standard,,B03;C01;B08;A02;B00;C02;D07;A00;A01;D08;X14;X66,B03,,https://diemthi.vnexpress.net/tra-cuu-dai-hoc/loadbenchmark/id/265/year/2026/sortby/1/block_name/-1
SIM-DVL:7460108,SIM-DVL,7460108,Khoa học dữ liệu (Data Science),7460108,cntt,standard,,A00;A01;C01;X06;D01;X26;X02;X79,A00,,https://diemthi.vnexpress.net/tra-cuu-dai-hoc/loadbenchmark/id/265/year/2026/sortby/1/block_name/-1
SIM-DVL:7480102,SIM-DVL,7480102,Mạng máy tính và truyền thông dữ liệu,7480102,bao_chi,standard,,A00;A01;C01;X06;D01;X26;X02;D07;X79,A00,,https://diemthi.vnexpress.net/tra-cuu-dai-hoc/loadbenchmark/id/265/year/2026/sortby/1/block_name/-1
SIM-DVL:7480103,SIM-DVL,7480103,Kỹ thuật phần mềm,7480103,cntt,standard,,A00;A01;C01;D01;X26;X02;D10;X06;X79,A00,,https://diemthi.vnexpress.net/tra-cuu-dai-hoc/loadbenchmark/id/265/year/2026/sortby/1/block_name/-1
SIM-DVL:7480104,SIM-DVL,7480104,Hệ thống thông tin,7480104,cntt,standard,,A00;A01;X06;D01;X26;X02;D07;D10;C01;X79,A00,,https://diemthi.vnexpress.net/tra-cuu-dai-hoc/loadbenchmark/id/265/year/2026/sortby/1/block_name/-1
SIM-DVL:7480107,SIM-DVL,7480107,Trí tuệ nhân tạo,7480107,cntt,standard,,A00;A01;C01;D01;X26;X02,A00,,https://diemthi.vnexpress.net/tra-cuu-dai-hoc/loadbenchmark/id/265/year/2026/sortby/1/block_name/-1
SIM-DVL:7480201,SIM-DVL,7480201,Công nghệ thông tin,7480201,cntt,standard,,A00;A01;C01;D01;X26;X02;D10;X06;X79,A00,,https://diemthi.vnexpress.net/tra-cuu-dai-hoc/loadbenchmark/id/265/year/2026/sortby/1/block_name/-1
SIM-DVL:7510205,SIM-DVL,7510205,Công nghệ kỹ thuật ô tô,7510205,ky_thuat,standard,,A00;A01;C01;X26;D01,A00,,https://diemthi.vnexpress.net/tra-cuu-dai-hoc/loadbenchmark/id/265/year/2026/sortby/1/block_name/-1
SIM-DVL:7510301,SIM-DVL,7510301,"Công nghệ kỹ thuật điện, điện tử",7510301,ky_thuat,standard,,A00;A01;C01;X26;D01,A00,,https://diemthi.vnexpress.net/tra-cuu-dai-hoc/loadbenchmark/id/265/year/2026/sortby/1/block_name/-1
SIM-DVL:7510406,SIM-DVL,7510406,Công nghệ kỹ thuật Môi trường,7510406,nong_lam_mt,standard,,A00;A01;B00;D07;D01;D08,A00,,https://diemthi.vnexpress.net/tra-cuu-dai-hoc/loadbenchmark/id/265/year/2026/sortby/1/block_name/-1
SIM-DVL:7510605,SIM-DVL,7510605,Logistics và Quản lý chuỗi cung ứng,7510605,du_lich,standard,,A00;A01;D01;C01;X26;X02;X06;X79,A00,,https://diemthi.vnexpress.net/tra-cuu-dai-hoc/loadbenchmark/id/265/year/2026/sortby/1/block_name/-1
SIM-DVL:7520114,SIM-DVL,7520114,Kỹ thuật cơ điện tử,7520114,ky_thuat,standard,,A00;A01;C01;X26;D01,A00,,https://diemthi.vnexpress.net/tra-cuu-dai-hoc/loadbenchmark/id/265/year/2026/sortby/1/block_name/-1
SIM-DVL:7520115,SIM-DVL,7520115,"Kỹ thuật nhiệt (3 chuyên ngành: Kỹ thuật điện lạnh; Máy lạnh, điều hòa không khí và thông gió; Máy lạnh và thiết bị thực phẩm)",7520115,sinh_hoa,standard,,A00;A01;C01;X26;D01;D07,A00,,https://diemthi.vnexpress.net/tra-cuu-dai-hoc/loadbenchmark/id/265/year/2026/sortby/1/block_name/-1
SIM-DVL:7520118,SIM-DVL,7520118,Kỹ thuật hệ thống công nghiệp,7520118,ky_thuat,standard,,A00;A01;D01;C01;X26;X02;X06,A00,,https://diemthi.vnexpress.net/tra-cuu-dai-hoc/loadbenchmark/id/265/year/2026/sortby/1/block_name/-1
SIM-DVL:7520120,SIM-DVL,7520120,Kỹ thuật hàng không,7520120,du_lich,standard,,A00;A01;C01;X26;D01,A00,,https://diemthi.vnexpress.net/tra-cuu-dai-hoc/loadbenchmark/id/265/year/2026/sortby/1/block_name/-1
SIM-DVL:7540101,SIM-DVL,7540101,Công nghệ thực phẩm,7540101,sinh_hoa,standard,,B03;B08;A02;B00;C02;D07;A00;C01;A01;C08;D08;X14;X66,B03,,https://diemthi.vnexpress.net/tra-cuu-dai-hoc/loadbenchmark/id/265/year/2026/sortby/1/block_name/-1
SIM-DVL:7580201,SIM-DVL,7580201,Kỹ thuật xây dựng,7580201,xay_dung,standard,,A00;A01;X06;X26;D01;D07,A00,,https://diemthi.vnexpress.net/tra-cuu-dai-hoc/loadbenchmark/id/265/year/2026/sortby/1/block_name/-1
SIM-DVL:7580205,SIM-DVL,7580205,Kỹ thuật xây dựng công trình giao thông,7580205,xay_dung,standard,,A00;A01;X06;X26;D01;D07,A00,,https://diemthi.vnexpress.net/tra-cuu-dai-hoc/loadbenchmark/id/265/year/2026/sortby/1/block_name/-1
SIM-DVL:7580302,SIM-DVL,7580302,Quản lý xây dựng,7580302,xay_dung,standard,,A00;A01;X06;X26;D01;D07,A00,,https://diemthi.vnexpress.net/tra-cuu-dai-hoc/loadbenchmark/id/265/year/2026/sortby/1/block_name/-1
SIM-DVL:7720101,SIM-DVL,7720101,Y khoa,7720101,y_duoc,standard,,A02;B00;B03;B08;A00;D08;D12;D07;X09;X10,A02,Khối sức khỏe: có ngưỡng điểm sàn của Bộ,https://diemthi.vnexpress.net/tra-cuu-dai-hoc/loadbenchmark/id/265/year/2026/sortby/1/block_name/-1
SIM-DVL:7720201,SIM-DVL,7720201,Dược học,7720201,y_duoc,standard,,A02;B00;B03;B08;A00;D07;X09;X10,A02,Khối sức khỏe: có ngưỡng điểm sàn của Bộ,https://diemthi.vnexpress.net/tra-cuu-dai-hoc/loadbenchmark/id/265/year/2026/sortby/1/block_name/-1
SIM-DVL:7720301,SIM-DVL,7720301,Điều dưỡng,7720301,y_duoc,standard,,A02;B00;B03;B08;C08;D07;D08;A00;X09;X10,A02,Khối sức khỏe: có ngưỡng điểm sàn của Bộ,https://diemthi.vnexpress.net/tra-cuu-dai-hoc/loadbenchmark/id/265/year/2026/sortby/1/block_name/-1
SIM-DVL:7720501,SIM-DVL,7720501,Răng- Hàm -Mặt,7720501,y_duoc,standard,,A02;B00;B03;B08;A00;D07;D08;X09;X10,A02,Khối sức khỏe: có ngưỡng điểm sàn của Bộ,https://diemthi.vnexpress.net/tra-cuu-dai-hoc/loadbenchmark/id/265/year/2026/sortby/1/block_name/-1
SIM-DVL:7720601,SIM-DVL,7720601,Kỹ thuật xét nghiệm y học,7720601,y_duoc,standard,,A02;B00;B03;B08;A00;D07;D08;X09;X10,A02,Khối sức khỏe: có ngưỡng điểm sàn của Bộ,https://diemthi.vnexpress.net/tra-cuu-dai-hoc/loadbenchmark/id/265/year/2026/sortby/1/block_name/-1
SIM-DVL:7810101,SIM-DVL,7810101,Du lịch,7810101,du_lich,standard,,D01;D14;D15;D09;D10;X26;A00;A01;C00,D01,,https://diemthi.vnexpress.net/tra-cuu-dai-hoc/loadbenchmark/id/265/year/2026/sortby/1/block_name/-1
SIM-DVL:7810103,SIM-DVL,7810103,Quản trị dịch vụ du lịch và lữ hành,7810103,du_lich,standard,,D01;D14;D15;D09;D10;X26;A00;A01;D03,D01,,https://diemthi.vnexpress.net/tra-cuu-dai-hoc/loadbenchmark/id/265/year/2026/sortby/1/block_name/-1
SIM-DVL:7810201,SIM-DVL,7810201,Quản trị khách sạn,7810201,du_lich,standard,,D01;D14;D15;D09;D10;X26;A00;A01;D03,D01,,https://diemthi.vnexpress.net/tra-cuu-dai-hoc/loadbenchmark/id/265/year/2026/sortby/1/block_name/-1
SIM-DVL:7810202,SIM-DVL,7810202,Quản trị nhà hàng và dịch vụ ăn uống,7810202,du_lich,standard,,D01;D14;D15;D09;D10;X26;A00;A01;D03,D01,,https://diemthi.vnexpress.net/tra-cuu-dai-hoc/loadbenchmark/id/265/year/2026/sortby/1/block_name/-1
SIM-DVL:7850101,SIM-DVL,7850101,Quản lý tài nguyên và môi trường,7850101,nong_lam_mt,standard,,A00;A01;B00;D07,A00,,https://diemthi.vnexpress.net/tra-cuu-dai-hoc/loadbenchmark/id/265/year/2026/sortby/1/block_name/-1
SIM-GHA:GHA01,SIM-GHA,GHA01,Ngôn ngữ Anh,,ngon_ngu,standard,,D01;D09;D10,D01,,https://diemthi.vnexpress.net/tra-cuu-dai-hoc/loadbenchmark/id/378/year/2026/sortby/1/block_name/-1
SIM-GHA:GHA02,SIM-GHA,GHA02,Toán ứng dụng (Chuyên ngành Toán tin ứng dụng),,khoa_hoc_tn,standard,,A00;A01;D01;C01;X06,A00,,https://diemthi.vnexpress.net/tra-cuu-dai-hoc/loadbenchmark/id/378/year/2026/sortby/1/block_name/-1
SIM-GHA:GHA03,SIM-GHA,GHA03,"Kinh tế (Chuyên ngành: Kinh tế và quản lý đầu tư, Kinh tế bưu chính viễn thông)",,tai_chinh,standard,,A00;A01;D01;C01,A00,,https://diemthi.vnexpress.net/tra-cuu-dai-hoc/loadbenchmark/id/378/year/2026/sortby/1/block_name/-1
SIM-GHA:GHA04,SIM-GHA,GHA04,Quản trị kinh doanh,,kinh_te,standard,,A00;A01;D01;C01,A00,,https://diemthi.vnexpress.net/tra-cuu-dai-hoc/loadbenchmark/id/378/year/2026/sortby/1/block_name/-1
SIM-GHA:GHA04QT,SIM-GHA,GHA04QT,Quản trị kinh doanh (Chương trình CLC Quản trị kinh doanh Việt - Anh),,kinh_te,high_quality,,A00;A01;D01;C01,A00,,https://diemthi.vnexpress.net/tra-cuu-dai-hoc/loadbenchmark/id/378/year/2026/sortby/1/block_name/-1
SIM-GHA:GHA05,SIM-GHA,GHA05,Tài chính - Ngân hàng,,tai_chinh,standard,,A00;A01;D01;C01,A00,,https://diemthi.vnexpress.net/tra-cuu-dai-hoc/loadbenchmark/id/378/year/2026/sortby/1/block_name/-1
SIM-GHA:GHA06,SIM-GHA,GHA06,Kế toán (Chuyên ngành Kế toán tổng hợp),,tai_chinh,standard,,A00;A01;D01;C01,A00,,https://diemthi.vnexpress.net/tra-cuu-dai-hoc/loadbenchmark/id/378/year/2026/sortby/1/block_name/-1
SIM-GHA:GHA06QT,SIM-GHA,GHA06QT,Kế toán (Chương trình CLC Kế toán tổng hợp Việt - Anh),,tai_chinh,high_quality,,A00;A01;D01;C01,A00,,https://diemthi.vnexpress.net/tra-cuu-dai-hoc/loadbenchmark/id/378/year/2026/sortby/1/block_name/-1
SIM-GHA:GHA07,SIM-GHA,GHA07,Quản trị dịch vụ du lịch và lữ hành,,du_lich,standard,,A00;A01;D01;C01,A00,,https://diemthi.vnexpress.net/tra-cuu-dai-hoc/loadbenchmark/id/378/year/2026/sortby/1/block_name/-1
SIM-GHA:GHA08,SIM-GHA,GHA08,"Khai thác vận tải (Chuyên ngành: Vận tải - Thương mại quốc tế, Quy hoạch và quản lý GTVT đô thị, Vận tải - Kinh tế đường bộ và thành phố, Vận tải đường sắt)",,du_lich,international,,A00;A01;D01;C01,A00,"Học bằng tiếng Anh (thường cần trình độ tiếng Anh tốt, có thể yêu cầu IELTS/chứng chỉ khi nhập học) | Chương trình liên kết/quốc tế: học phí cao hơn chương trình chuẩn",https://diemthi.vnexpress.net/tra-cuu-dai-hoc/loadbenchmark/id/378/year/2026/sortby/1/block_name/-1
SIM-GHA:GHA08DS,SIM-GHA,GHA08DS,"Khai thác vận tải (Chuyên ngành: Khai thác và quản lý đường sắt tốc độ cao, Khai thác và quản lý đường sắt đô thị)",,du_lich,standard,,A00;A01;D01;C01,A00,,https://diemthi.vnexpress.net/tra-cuu-dai-hoc/loadbenchmark/id/378/year/2026/sortby/1/block_name/-1
SIM-GHA:GHA09,SIM-GHA,GHA09,"Kinh tế vận tải (Chuyên ngành: Kinh tế vận tải ô tô, Kinh tế vận tải hàng không, Kinh tế vận tải đường sắt, Kinh tế vận tải thuỷ bộ)",,du_lich,standard,,A00;A01;D01;C01,A00,,https://diemthi.vnexpress.net/tra-cuu-dai-hoc/loadbenchmark/id/378/year/2026/sortby/1/block_name/-1
SIM-GHA:GHA10,SIM-GHA,GHA10,Logistics và quản lý chuỗi cung ứng,,du_lich,standard,,A00;A01;D01;C01,A00,,https://diemthi.vnexpress.net/tra-cuu-dai-hoc/loadbenchmark/id/378/year/2026/sortby/1/block_name/-1
SIM-GHA:GHA10QT,SIM-GHA,GHA10QT,Logistics và quản lý chuỗi cung ứng (Chương trình CLC Logistics và quản lý chuỗi cung ứng Việt - Anh),,du_lich,high_quality,,A00;A01;D01;C01,A00,,https://diemthi.vnexpress.net/tra-cuu-dai-hoc/loadbenchmark/id/378/year/2026/sortby/1/block_name/-1
SIM-GHA:GHA11,SIM-GHA,GHA11,"Kinh tế xây dựng (Chuyên ngành: Kinh tế và quản lý cơ sở hạ tầng, Kinh tế và quản lý đầu tư xây dựng)",,tai_chinh,standard,hạ tầng,A00;A01;D01;C01;X06,A00,Học tại hạ tầng,https://diemthi.vnexpress.net/tra-cuu-dai-hoc/loadbenchmark/id/378/year/2026/sortby/1/block_name/-1
SIM-GHA:GHA11QT,SIM-GHA,GHA11QT,Kinh tế xây dựng (Chương trình CLC Kinh tế xây dựng công trình giao thông Việt - Anh),,xay_dung,high_quality,,A00;A01;D01;C01;X06,A00,,https://diemthi.vnexpress.net/tra-cuu-dai-hoc/loadbenchmark/id/378/year/2026/sortby/1/block_name/-1
SIM-GHA:GHA12,SIM-GHA,GHA12,Quản lý xây dựng (Chuyên ngành Quản lý dự án),,xay_dung,standard,,A00;A01;D01;C01;X06,A00,,https://diemthi.vnexpress.net/tra-cuu-dai-hoc/loadbenchmark/id/378/year/2026/sortby/1/block_name/-1
SIM-GHA:GHA12QT,SIM-GHA,GHA12QT,Quản lý xây dựng (Chương trình CLC Quản lý xây dựng Việt - Anh),,xay_dung,high_quality,,A00;A01;D01;C01;X06,A00,,https://diemthi.vnexpress.net/tra-cuu-dai-hoc/loadbenchmark/id/378/year/2026/sortby/1/block_name/-1
SIM-GHA:GHA13,SIM-GHA,GHA13,Khoa học máy tính,,cntt,standard,,A00;A01;C01;X06,A00,,https://diemthi.vnexpress.net/tra-cuu-dai-hoc/loadbenchmark/id/378/year/2026/sortby/1/block_name/-1
SIM-GHA:GHA14,SIM-GHA,GHA14,Công nghệ thông tin,,cntt,standard,,A00;A01;C01;X06,A00,,https://diemthi.vnexpress.net/tra-cuu-dai-hoc/loadbenchmark/id/378/year/2026/sortby/1/block_name/-1
SIM-GHA:GHA14QT,SIM-GHA,GHA14QT,Công nghệ thông tin (Chương trình CLC Công nghệ thông tin Việt - Anh),,cntt,high_quality,,A00;A01;C01;X06,A00,,https://diemthi.vnexpress.net/tra-cuu-dai-hoc/loadbenchmark/id/378/year/2026/sortby/1/block_name/-1
SIM-GHA:GHA15,SIM-GHA,GHA15,Trí tuệ nhân tạo,,cntt,standard,,A00;A01;C01;X06,A00,,https://diemthi.vnexpress.net/tra-cuu-dai-hoc/loadbenchmark/id/378/year/2026/sortby/1/block_name/-1
SIM-GHA:GHA16,SIM-GHA,GHA16,"Kỹ thuật cơ khí (Chuyên ngành: Công nghệ chế tạo cơ khí, Tự động hoá thiết kế cơ khí)",,thiet_ke,standard,,A00;A01;D07;C01;X06,A00,,https://diemthi.vnexpress.net/tra-cuu-dai-hoc/loadbenchmark/id/378/year/2026/sortby/1/block_name/-1
SIM-GHA:GHA16QT,SIM-GHA,GHA16QT,Kỹ thuật cơ khí (Chương trình CLC Tự động hóa thiết kế cơ khí),,thiet_ke,high_quality,,A00;A01;C01;D07;X06,A00,,https://diemthi.vnexpress.net/tra-cuu-dai-hoc/loadbenchmark/id/378/year/2026/sortby/1/block_name/-1
SIM-GHA:GHA17,SIM-GHA,GHA17,Kỹ thuật cơ điện tử,,ky_thuat,standard,,A00;A01;D07;C01;X06,A00,,https://diemthi.vnexpress.net/tra-cuu-dai-hoc/loadbenchmark/id/378/year/2026/sortby/1/block_name/-1
SIM-GHA:GHA18,SIM-GHA,GHA18,Kỹ thuật nhiệt (Chuyên ngành Kỹ thuật nhiệt lạnh và điều hoà không khí),,ky_thuat,standard,,A00;A01;D07;C01;X06,A00,,https://diemthi.vnexpress.net/tra-cuu-dai-hoc/loadbenchmark/id/378/year/2026/sortby/1/block_name/-1
SIM-GHA:GHA19,SIM-GHA,GHA19,"Kỹ thuật cơ khí động lực (Chuyên ngành: Kỹ thuật phương tiện đường sắt, Máy xây dựng, Kỹ thuật máy động lực)",,xay_dung,standard,,A00;A01;D07;C01;X06,A00,,https://diemthi.vnexpress.net/tra-cuu-dai-hoc/loadbenchmark/id/378/year/2026/sortby/1/block_name/-1
SIM-GHA:GHA19DS,SIM-GHA,GHA19DS,Kỹ thuật cơ khí động lực (Chuyên ngành Kỹ thuật phương tiện đường sắt tốc độ cao),,xay_dung,standard,,A00;A01;D01;C01;X06,A00,,https://diemthi.vnexpress.net/tra-cuu-dai-hoc/loadbenchmark/id/378/year/2026/sortby/1/block_name/-1
SIM-GHA:GHA20,SIM-GHA,GHA20,Kỹ thuật ô tô,,ky_thuat,standard,,A00;A01;D07;C01;X06,A00,,https://diemthi.vnexpress.net/tra-cuu-dai-hoc/loadbenchmark/id/378/year/2026/sortby/1/block_name/-1
SIM-GHA:GHA20QT,SIM-GHA,GHA20QT,Kỹ thuật ô tô (Chương trình CLC Kỹ thuật ô tô),,ky_thuat,high_quality,,A00;A01;C01;D07;X06,A00,,https://diemthi.vnexpress.net/tra-cuu-dai-hoc/loadbenchmark/id/378/year/2026/sortby/1/block_name/-1
SIM-GHA:GHA21,SIM-GHA,GHA21,"Kỹ thuật điện (Chuyên ngành: Trang bị điện trong công nghiệp và GTVT, Hệ thống điện trong giao thông và công nghiệp)",,xay_dung,standard,,A00;A01;C01;X06,A00,,https://diemthi.vnexpress.net/tra-cuu-dai-hoc/loadbenchmark/id/378/year/2026/sortby/1/block_name/-1
SIM-GHA:GHA21DS,SIM-GHA,GHA21DS,"Kỹ thuật điện (Chuyên ngành Hệ thống điện đường sắt tốc độ cao, đường sắt đô thị)",,xay_dung,standard,,A00;A01;C01;X06,A00,,https://diemthi.vnexpress.net/tra-cuu-dai-hoc/loadbenchmark/id/378/year/2026/sortby/1/block_name/-1
SIM-GHA:GHA22,SIM-GHA,GHA22,"Kỹ thuật điện tử - viễn thông (Chuyên ngành: Kỹ thuật viễn thông, Kỹ thuật thông tin và truyền thông)",,bao_chi,standard,,A00;A01;C01;X06,A00,,https://diemthi.vnexpress.net/tra-cuu-dai-hoc/loadbenchmark/id/378/year/2026/sortby/1/block_name/-1
SIM-GHA:GHA22BD,SIM-GHA,GHA22BD,Kỹ thuật điện tử - viễn thông (Chuyên ngành Kỹ thuật điện tử và tin học công nghiệp),,ky_thuat,standard,,A00;A01;C01;X06,A00,,https://diemthi.vnexpress.net/tra-cuu-dai-hoc/loadbenchmark/id/378/year/2026/sortby/1/block_name/-1
SIM-GHA:GHA22QT,SIM-GHA,GHA22QT,Kỹ thuật điện tử - viễn thông (Chương trình CLC Kỹ thuật viễn thông),,ky_thuat,high_quality,,A00;A01;C01;X06,A00,,https://diemthi.vnexpress.net/tra-cuu-dai-hoc/loadbenchmark/id/378/year/2026/sortby/1/block_name/-1
SIM-GHA:GHA23,SIM-GHA,GHA23,"Kỹ thuật điều khiển và tự động hoá (Chuyên ngành: Tự động hoá, Kỹ thuật điều khiển và tự động hoá giao thông)",,xay_dung,standard,,A00;A01;C01;X06,A00,,https://diemthi.vnexpress.net/tra-cuu-dai-hoc/loadbenchmark/id/378/year/2026/sortby/1/block_name/-1
SIM-GHA:GHA23DS,SIM-GHA,GHA23DS,Kỹ thuật điều khiển và tự động hoá (Chuyên ngành Điều khiển và thông tin tín hiệu đường sắt hiện đại),,xay_dung,standard,,A00;A01;C01;X06,A00,,https://diemthi.vnexpress.net/tra-cuu-dai-hoc/loadbenchmark/id/378/year/2026/sortby/1/block_name/-1
SIM-GHA:GHA23TM,SIM-GHA,GHA23TM,Kỹ thuật điều khiển và tự động hoá (Chuyên ngành Hệ thống giao thông thông minh),,xay_dung,standard,,A00;A01;C01;X06,A00,,https://diemthi.vnexpress.net/tra-cuu-dai-hoc/loadbenchmark/id/378/year/2026/sortby/1/block_name/-1
SIM-GHA:GHA24,SIM-GHA,GHA24,Kỹ thuật robot (Chuyên ngành Kỹ thuật robot và trí tuệ nhân tạo),,cntt,standard,,A00;A01;C01;X06,A00,,https://diemthi.vnexpress.net/tra-cuu-dai-hoc/loadbenchmark/id/378/year/2026/sortby/1/block_name/-1
SIM-GHA:GHA25,SIM-GHA,GHA25,Kỹ thuật môi trường,,nong_lam_mt,standard,,A00;B00;D01;C01;X06,A00,,https://diemthi.vnexpress.net/tra-cuu-dai-hoc/loadbenchmark/id/378/year/2026/sortby/1/block_name/-1
SIM-GHA:GHA26,SIM-GHA,GHA26,Kỹ thuật an toàn giao thông,,xay_dung,standard,,A00;A01;D01;C01;X06,A00,,https://diemthi.vnexpress.net/tra-cuu-dai-hoc/loadbenchmark/id/378/year/2026/sortby/1/block_name/-1
SIM-GHA:GHA27,SIM-GHA,GHA27,Kiến trúc,,xay_dung,standard,,A00;A01,A00,,https://diemthi.vnexpress.net/tra-cuu-dai-hoc/loadbenchmark/id/378/year/2026/sortby/1/block_name/-1
SIM-GHA:GHA28,SIM-GHA,GHA28,"Kỹ thuật xây dựng (Chuyên ngành: Xây dựng dân dụng và công nghiệp, Kết cấu xây dựng, Vật liệu và công nghệ xây dựng)",,xay_dung,standard,,A00;A01;D01;C01;D07,A00,,https://diemthi.vnexpress.net/tra-cuu-dai-hoc/loadbenchmark/id/378/year/2026/sortby/1/block_name/-1
SIM-GHA:GHA28QT1,SIM-GHA,GHA28QT1,Kỹ thuật xây dựng (Chương trình tiên tiến Kỹ thuật xây dựng công trình giao thông),,xay_dung,advanced,,A00;A01;D01;C01;D07,A00,"Học bằng tiếng Anh (thường cần trình độ tiếng Anh tốt, có thể yêu cầu IELTS/chứng chỉ khi nhập học)",https://diemthi.vnexpress.net/tra-cuu-dai-hoc/loadbenchmark/id/378/year/2026/sortby/1/block_name/-1
SIM-GHA:GHA28QT2,SIM-GHA,GHA28QT2,Kỹ thuật xây dựng (Chương trình CLC Xây dựng dân dụng và công nghiệp),,xay_dung,high_quality,,A00;A01;D01;C01;D07,A00,,https://diemthi.vnexpress.net/tra-cuu-dai-hoc/loadbenchmark/id/378/year/2026/sortby/1/block_name/-1
SIM-GHA:GHA29,SIM-GHA,GHA29,Kỹ thuật cơ sở hạ tầng (Chuyên ngành Cơ sở hạ tầng kỹ thuật đô thị),,xay_dung,standard,hạ tầng,A00;A01;D01;C01;D07,A00,Học tại hạ tầng,https://diemthi.vnexpress.net/tra-cuu-dai-hoc/loadbenchmark/id/378/year/2026/sortby/1/block_name/-1
SIM-GHA:GHA30,SIM-GHA,GHA30,Quản lý đô thị và công trình,,xay_dung,standard,,A00;A01;D01;C01;X06,A00,,https://diemthi.vnexpress.net/tra-cuu-dai-hoc/loadbenchmark/id/378/year/2026/sortby/1/block_name/-1
SIM-GHA:GHA31,SIM-GHA,GHA31,Kỹ thuật xây dựng công trình thủy,,xay_dung,standard,,A00;A01;D01;C01;X06,A00,,https://diemthi.vnexpress.net/tra-cuu-dai-hoc/loadbenchmark/id/378/year/2026/sortby/1/block_name/-1
SIM-GHA:GHA32,SIM-GHA,GHA32,Kỹ thuật xây dựng công trình giao thông,,xay_dung,standard,,A00;A01;D01;C01;X06,A00,,https://vietnamnet.vn/newsapi-edu/UniversityDetail/GetDetail?pageId=49ff289efde0446f9ae2f5c385595744&componentId=COMPONENT002302&keyword=GHA&year=2026&pageSize=25&pageIndex=7&typeOfTraining=0&subjectGroup=
SIM-GHA:GHA32DS,SIM-GHA,GHA32DS,Kỹ thuật xây dựng công trình giao thông (Chuyên ngành Đường sắt tốc độ cao),,xay_dung,standard,,A00;A01;D01;C01;X06,A00,,https://vietnamnet.vn/newsapi-edu/UniversityDetail/GetDetail?pageId=49ff289efde0446f9ae2f5c385595744&componentId=COMPONENT002302&keyword=GHA&year=2026&pageSize=25&pageIndex=6&typeOfTraining=0&subjectGroup=
SIM-GHA:GHA32QT1,SIM-GHA,GHA32QT1,Kỹ thuật xây dựng công trình giao thông (Chương trình CLC Cầu - Đường bộ Việt - Pháp),,xay_dung,high_quality,,A00;A01;D03;C01;X06,A00,,https://vietnamnet.vn/newsapi-edu/UniversityDetail/GetDetail?pageId=49ff289efde0446f9ae2f5c385595744&componentId=COMPONENT002302&keyword=GHA&year=2026&pageSize=25&pageIndex=6&typeOfTraining=0&subjectGroup=
SIM-GHA:GHA32QT2,SIM-GHA,GHA32QT2,Kỹ thuật xây dựng công trình giao thông (Chương trình CLC Cầu- Đường bộ Việt - Anh),,xay_dung,high_quality,,A00;A01;D01;C01;X06,A00,,https://vietnamnet.vn/newsapi-edu/UniversityDetail/GetDetail?pageId=49ff289efde0446f9ae2f5c385595744&componentId=COMPONENT002302&keyword=GHA&year=2026&pageSize=25&pageIndex=6&typeOfTraining=0&subjectGroup=
SIM-GHA:GHA33,SIM-GHA,GHA33,"Kỹ thuật máy tính (theo hướng chuyên sâu vi mạch - bán dẫn, bao gồm lớp kỹ sư tài năng)",,cntt,standard,,A00;A01;C01;X06,A00,,https://vietnamnet.vn/newsapi-edu/UniversityDetail/GetDetail?pageId=49ff289efde0446f9ae2f5c385595744&componentId=COMPONENT002302&keyword=GHA&year=2026&pageSize=25&pageIndex=5&typeOfTraining=0&subjectGroup=
SIM-HBT:527,SIM-HBT,527,"Ngành Kinh tế, chương trình đào tạo Quản lý kinh tế",,kinh_te,standard,,D01;X02,D01,,https://vietnamnet.vn/newsapi-edu/UniversityDetail/GetDetail?pageId=49ff289efde0446f9ae2f5c385595744&componentId=COMPONENT002302&keyword=HBT&year=2026&pageSize=25&pageIndex=4&typeOfTraining=0&subjectGroup=
SIM-HBT:531,SIM-HBT,531,"Ngành Chính trị học, chương trình đào tạo Chính trị phát triển",,xa_hoi,standard,,D01;A01;X02,D01,,https://vietnamnet.vn/newsapi-edu/UniversityDetail/GetDetail?pageId=49ff289efde0446f9ae2f5c385595744&componentId=COMPONENT002302&keyword=HBT&year=2026&pageSize=25&pageIndex=5&typeOfTraining=0&subjectGroup=
SIM-HBT:532,SIM-HBT,532,Ngành Quản lý nhà nước,,xa_hoi,standard,,D01;A01;X02,D01,,https://vietnamnet.vn/newsapi-edu/UniversityDetail/GetDetail?pageId=49ff289efde0446f9ae2f5c385595744&componentId=COMPONENT002302&keyword=HBT&year=2026&pageSize=25&pageIndex=5&typeOfTraining=0&subjectGroup=
SIM-HBT:533,SIM-HBT,533,"Ngành Chính trị học, chương trình đào tạo Tư tưởng Hồ Chí Minh",,xa_hoi,standard,,D01;A01;X02,D01,,https://vietnamnet.vn/newsapi-edu/UniversityDetail/GetDetail?pageId=49ff289efde0446f9ae2f5c385595744&componentId=COMPONENT002302&keyword=HBT&year=2026&pageSize=25&pageIndex=5&typeOfTraining=0&subjectGroup=
SIM-HBT:538,SIM-HBT,538,"Ngành Chính trị học, chương trình đào tạo Truyền thông chính sách",,bao_chi,standard,,D01;A01;X02,D01,,https://vietnamnet.vn/newsapi-edu/UniversityDetail/GetDetail?pageId=49ff289efde0446f9ae2f5c385595744&componentId=COMPONENT002302&keyword=HBT&year=2026&pageSize=25&pageIndex=4&typeOfTraining=0&subjectGroup=
SIM-HBT:603,SIM-HBT,603,"Ngành Báo chí, chương trình đào tạo Ảnh báo chí",,bao_chi,standard,,D01,D01,,https://vietnamnet.vn/newsapi-edu/UniversityDetail/GetDetail?pageId=49ff289efde0446f9ae2f5c385595744&componentId=COMPONENT002302&keyword=HBT&year=2026&pageSize=25&pageIndex=1&typeOfTraining=0&subjectGroup=
SIM-HBT:610,SIM-HBT,610,"Ngành Quan hệ quốc tế, chương trình đào tạo Thông tin đối ngoại",,xa_hoi,international,,D01,D01,"Học bằng tiếng Anh (thường cần trình độ tiếng Anh tốt, có thể yêu cầu IELTS/chứng chỉ khi nhập học) | Chương trình liên kết/quốc tế: học phí cao hơn chương trình chuẩn",https://vietnamnet.vn/newsapi-edu/UniversityDetail/GetDetail?pageId=49ff289efde0446f9ae2f5c385595744&componentId=COMPONENT002302&keyword=HBT&year=2026&pageSize=25&pageIndex=4&typeOfTraining=0&subjectGroup=
SIM-HBT:611,SIM-HBT,611,"Ngành Quan hệ quốc tế, chương trình đào tạo Quan hệ chính trị và Truyền thông quốc tế",,bao_chi,international,,D01,D01,"Học bằng tiếng Anh (thường cần trình độ tiếng Anh tốt, có thể yêu cầu IELTS/chứng chỉ khi nhập học) | Chương trình liên kết/quốc tế: học phí cao hơn chương trình chuẩn",https://vietnamnet.vn/newsapi-edu/UniversityDetail/GetDetail?pageId=49ff289efde0446f9ae2f5c385595744&componentId=COMPONENT002302&keyword=HBT&year=2026&pageSize=25&pageIndex=4&typeOfTraining=0&subjectGroup=
SIM-HBT:612,SIM-HBT,612,"Ngành Quan hệ quốc tế, chương trình đào tạo Quan hệ quốc tế và Truyền thông toàn cầu",,bao_chi,international,,D01,D01,"Học bằng tiếng Anh (thường cần trình độ tiếng Anh tốt, có thể yêu cầu IELTS/chứng chỉ khi nhập học) | Chương trình liên kết/quốc tế: học phí cao hơn chương trình chuẩn",https://vietnamnet.vn/newsapi-edu/UniversityDetail/GetDetail?pageId=49ff289efde0446f9ae2f5c385595744&componentId=COMPONENT002302&keyword=HBT&year=2026&pageSize=25&pageIndex=3&typeOfTraining=0&subjectGroup=
SIM-HBT:613,SIM-HBT,613,"Ngành Quan hệ công chúng, chương trình đào tạo Quan hệ công chúng chuyên nghiệp",,bao_chi,standard,,X79;D01,X79,,https://vietnamnet.vn/newsapi-edu/UniversityDetail/GetDetail?pageId=49ff289efde0446f9ae2f5c385595744&componentId=COMPONENT002302&keyword=HBT&year=2026&pageSize=25&pageIndex=3&typeOfTraining=0&subjectGroup=
SIM-HBT:614,SIM-HBT,614,"Ngành Quan hệ công chúng, chương trình đào tạo Truyền thông marketing",,bao_chi,standard,,D01,D01,,https://vietnamnet.vn/newsapi-edu/UniversityDetail/GetDetail?pageId=49ff289efde0446f9ae2f5c385595744&componentId=COMPONENT002302&keyword=HBT&year=2026&pageSize=25&pageIndex=2&typeOfTraining=0&subjectGroup=
SIM-HBT:615,SIM-HBT,615,"Ngành Ngôn ngữ Anh, chương trình đào tạo Biên dịch Ngôn ngữ Anh",,ngon_ngu,standard,,D01,D01,,https://vietnamnet.vn/newsapi-edu/UniversityDetail/GetDetail?pageId=49ff289efde0446f9ae2f5c385595744&componentId=COMPONENT002302&keyword=HBT&year=2026&pageSize=25&pageIndex=4&typeOfTraining=0&subjectGroup=
SIM-HBT:616,SIM-HBT,616,Ngành Triết học,,xa_hoi,standard,,D01,D01,,https://vietnamnet.vn/newsapi-edu/UniversityDetail/GetDetail?pageId=49ff289efde0446f9ae2f5c385595744&componentId=COMPONENT002302&keyword=HBT&year=2026&pageSize=25&pageIndex=6&typeOfTraining=0&subjectGroup=
SIM-HBT:617,SIM-HBT,617,Ngành Chủ nghĩa xã hội khoa học,,xa_hoi,standard,,X02;D01,X02,,https://vietnamnet.vn/newsapi-edu/UniversityDetail/GetDetail?pageId=49ff289efde0446f9ae2f5c385595744&componentId=COMPONENT002302&keyword=HBT&year=2026&pageSize=25&pageIndex=6&typeOfTraining=0&subjectGroup=
SIM-HBT:618,SIM-HBT,618,"Ngành Quan hệ công chúng, chương trình đào tạo Truyền thông sáng tạo và Quảng cáo",,bao_chi,standard,,D01,D01,,https://vietnamnet.vn/newsapi-edu/UniversityDetail/GetDetail?pageId=49ff289efde0446f9ae2f5c385595744&componentId=COMPONENT002302&keyword=HBT&year=2026&pageSize=25&pageIndex=3&typeOfTraining=0&subjectGroup=
SIM-HBT:7229010,SIM-HBT,7229010,"Ngành Lịch sử, chương trình đào tạo Lịch sử Đảng Cộng sản Việt Nam",7229010,xa_hoi,standard,,C03;D14,C03,,https://vietnamnet.vn/newsapi-edu/UniversityDetail/GetDetail?pageId=49ff289efde0446f9ae2f5c385595744&componentId=COMPONENT002302&keyword=HBT&year=2026&pageSize=25&pageIndex=4&typeOfTraining=0&subjectGroup=
SIM-HBT:7310102,SIM-HBT,7310102,Ngành Kinh tế chính trị,7310102,xa_hoi,standard,,D01;X02,D01,,https://vietnamnet.vn/newsapi-edu/UniversityDetail/GetDetail?pageId=49ff289efde0446f9ae2f5c385595744&componentId=COMPONENT002302&keyword=HBT&year=2026&pageSize=25&pageIndex=4&typeOfTraining=0&subjectGroup=
SIM-HBT:7310202,SIM-HBT,7310202,Ngành Xây dựng Đảng và chính quyền nhà nước,7310202,xay_dung,standard,,D01;X02,D01,,https://vietnamnet.vn/newsapi-edu/UniversityDetail/GetDetail?pageId=49ff289efde0446f9ae2f5c385595744&componentId=COMPONENT002302&keyword=HBT&year=2026&pageSize=25&pageIndex=5&typeOfTraining=0&subjectGroup=
SIM-HBT:7310301,SIM-HBT,7310301,Ngành Xã hội học,7310301,xa_hoi,standard,,D01;X02,D01,,https://vietnamnet.vn/newsapi-edu/UniversityDetail/GetDetail?pageId=49ff289efde0446f9ae2f5c385595744&componentId=COMPONENT002302&keyword=HBT&year=2026&pageSize=25&pageIndex=6&typeOfTraining=0&subjectGroup=
SIM-HBT:7320104,SIM-HBT,7320104,Ngành Truyền thông đa phương tiện,7320104,bao_chi,standard,,D01,D01,,https://vietnamnet.vn/newsapi-edu/UniversityDetail/GetDetail?pageId=49ff289efde0446f9ae2f5c385595744&componentId=COMPONENT002302&keyword=HBT&year=2026&pageSize=25&pageIndex=3&typeOfTraining=0&subjectGroup=
SIM-HBT:7320105,SIM-HBT,7320105,Ngành Truyền thông đại chúng,7320105,bao_chi,standard,,D01,D01,,https://vietnamnet.vn/newsapi-edu/UniversityDetail/GetDetail?pageId=49ff289efde0446f9ae2f5c385595744&componentId=COMPONENT002302&keyword=HBT&year=2026&pageSize=25&pageIndex=3&typeOfTraining=0&subjectGroup=
SIM-HBT:7320107,SIM-HBT,7320107,Ngành Truyền thông quốc tế,7320107,bao_chi,international,,D01,D01,"Học bằng tiếng Anh (thường cần trình độ tiếng Anh tốt, có thể yêu cầu IELTS/chứng chỉ khi nhập học) | Chương trình liên kết/quốc tế: học phí cao hơn chương trình chuẩn",https://vietnamnet.vn/newsapi-edu/UniversityDetail/GetDetail?pageId=49ff289efde0446f9ae2f5c385595744&componentId=COMPONENT002302&keyword=HBT&year=2026&pageSize=25&pageIndex=3&typeOfTraining=0&subjectGroup=
SIM-HBT:7340403,SIM-HBT,7340403,Ngành Quản lý công,7340403,xa_hoi,standard,,D01;A01;X02,D01,,https://vietnamnet.vn/newsapi-edu/UniversityDetail/GetDetail?pageId=49ff289efde0446f9ae2f5c385595744&componentId=COMPONENT002302&keyword=HBT&year=2026&pageSize=25&pageIndex=6&typeOfTraining=0&subjectGroup=
SIM-HBT:7760101,SIM-HBT,7760101,Ngành Công tác xã hội,7760101,xa_hoi,standard,,D01;X02,D01,,https://vietnamnet.vn/newsapi-edu/UniversityDetail/GetDetail?pageId=49ff289efde0446f9ae2f5c385595744&componentId=COMPONENT002302&keyword=HBT&year=2026&pageSize=25&pageIndex=5&typeOfTraining=0&subjectGroup=
SIM-HBT:801,SIM-HBT,801,"Ngành Xuất bản, chương trình đào tạo Biên tập xuất bản",,bao_chi,standard,,D01,D01,,https://vietnamnet.vn/newsapi-edu/UniversityDetail/GetDetail?pageId=49ff289efde0446f9ae2f5c385595744&componentId=COMPONENT002302&keyword=HBT&year=2026&pageSize=25&pageIndex=1&typeOfTraining=0&subjectGroup=
SIM-HBT:802,SIM-HBT,802,"Ngành Xuất bản, chương trình đào tạo Xuất bản điện tử",,bao_chi,standard,,D01,D01,,https://vietnamnet.vn/newsapi-edu/UniversityDetail/GetDetail?pageId=49ff289efde0446f9ae2f5c385595744&componentId=COMPONENT002302&keyword=HBT&year=2026&pageSize=25&pageIndex=1&typeOfTraining=0&subjectGroup=
SIM-HBT:BC603,SIM-HBT,BC603,"Báo chí, chuyên ngành Ảnh báo chí",,bao_chi,standard,,D01;X78;D15;D14,D01,,https://diemthi.vnexpress.net/tra-cuu-dai-hoc/loadbenchmark/id/381/year/2026/sortby/1/block_name/-1
SIM-HBT:BC7320104,SIM-HBT,BC7320104,Truyền thông đa phương tiện,,bao_chi,standard,,D01;X78;D15;D14,D01,,https://diemthi.vnexpress.net/tra-cuu-dai-hoc/loadbenchmark/id/381/year/2026/sortby/1/block_name/-1
SIM-HBT:BC7320105,SIM-HBT,BC7320105,Truyền thông đại chúng,,bao_chi,standard,,D01;X78;D15;D14,D01,,https://diemthi.vnexpress.net/tra-cuu-dai-hoc/loadbenchmark/id/381/year/2026/sortby/1/block_name/-1
SIM-HBT:CN7229008,SIM-HBT,CN7229008,Chủ nghĩa xã hội khoa học,,xa_hoi,standard,,D01;C04;C03;X01,D01,,https://diemthi.vnexpress.net/tra-cuu-dai-hoc/loadbenchmark/id/381/year/2026/sortby/1/block_name/-1
SIM-HBT:CT531,SIM-HBT,CT531,"Chính trị học, chuyên ngành Chính trị phát triển",,xa_hoi,standard,,D01;C04;C03;X01,D01,,https://diemthi.vnexpress.net/tra-cuu-dai-hoc/loadbenchmark/id/381/year/2026/sortby/1/block_name/-1
SIM-HBT:CT7340403,SIM-HBT,CT7340403,Quản lý công,,xa_hoi,standard,,D01;C04;C03;X01,D01,,https://diemthi.vnexpress.net/tra-cuu-dai-hoc/loadbenchmark/id/381/year/2026/sortby/1/block_name/-1
SIM-HBT:KT527,SIM-HBT,KT527,"Kinh tế, chuyên ngành Quản lý kinh tế",,kinh_te,standard,,D01;C04;C03;X01,D01,,https://diemthi.vnexpress.net/tra-cuu-dai-hoc/loadbenchmark/id/381/year/2026/sortby/1/block_name/-1
SIM-HBT:KT7310102,SIM-HBT,KT7310102,Kinh tế chính trị,,xa_hoi,standard,,D01;C04;C03;X01,D01,,https://diemthi.vnexpress.net/tra-cuu-dai-hoc/loadbenchmark/id/381/year/2026/sortby/1/block_name/-1
SIM-HBT:LS7229010,SIM-HBT,LS7229010,"Lịch sử, chuyên ngành Lịch sử Đảng Cộng sản Việt Nam",,xa_hoi,standard,,D14;C03;A07,D14,,https://diemthi.vnexpress.net/tra-cuu-dai-hoc/loadbenchmark/id/381/year/2026/sortby/1/block_name/-1
SIM-HBT:NN7220201,SIM-HBT,NN7220201,Ngôn ngữ Anh,,ngon_ngu,standard,,D01;X78;D15;D14,D01,,https://diemthi.vnexpress.net/tra-cuu-dai-hoc/loadbenchmark/id/381/year/2026/sortby/1/block_name/-1
SIM-HBT:NP7310205,SIM-HBT,NP7310205,Quản lý nhà nước,,xa_hoi,standard,,D01;C04;C03;X01,D01,,https://diemthi.vnexpress.net/tra-cuu-dai-hoc/loadbenchmark/id/381/year/2026/sortby/1/block_name/-1
SIM-HBT:QQ615,SIM-HBT,QQ615,"Quan hệ công chúng, chuyên ngành Quan hệ công chúng chuyên nghiệp",,bao_chi,standard,,D01;X78;D15;D14,D01,,https://diemthi.vnexpress.net/tra-cuu-dai-hoc/loadbenchmark/id/381/year/2026/sortby/1/block_name/-1
SIM-HBT:QQ616,SIM-HBT,QQ616,"Quan hệ công chúng, chuyên ngành Truyền thông marketing",,bao_chi,standard,,D01;X78;D15;D14,D01,,https://diemthi.vnexpress.net/tra-cuu-dai-hoc/loadbenchmark/id/381/year/2026/sortby/1/block_name/-1
SIM-HBT:QQ618,SIM-HBT,QQ618,"Quan hệ công chúng, chuyên ngành Truyền thông sáng tạo và Quảng cáo",,bao_chi,standard,,D01;X78;D15;D14,D01,,https://diemthi.vnexpress.net/tra-cuu-dai-hoc/loadbenchmark/id/381/year/2026/sortby/1/block_name/-1
SIM-HBT:QT610,SIM-HBT,QT610,"Quan hệ quốc tế, chuyên ngành Thông tin đối ngoại",,xa_hoi,international,,D01;X78;D15;D14,D01,"Học bằng tiếng Anh (thường cần trình độ tiếng Anh tốt, có thể yêu cầu IELTS/chứng chỉ khi nhập học) | Chương trình liên kết/quốc tế: học phí cao hơn chương trình chuẩn",https://diemthi.vnexpress.net/tra-cuu-dai-hoc/loadbenchmark/id/381/year/2026/sortby/1/block_name/-1
SIM-HBT:QT611,SIM-HBT,QT611,"Quan hệ quốc tế, chuyên ngành Quan hệ chính trị và truyền thông quốc tế",,bao_chi,international,,D01;X78;D15;D14,D01,"Học bằng tiếng Anh (thường cần trình độ tiếng Anh tốt, có thể yêu cầu IELTS/chứng chỉ khi nhập học) | Chương trình liên kết/quốc tế: học phí cao hơn chương trình chuẩn",https://diemthi.vnexpress.net/tra-cuu-dai-hoc/loadbenchmark/id/381/year/2026/sortby/1/block_name/-1
SIM-HBT:QT614,SIM-HBT,QT614,"Quan hệ quốc tế, chuyên ngành Quan hệ quốc tế và Truyền thông toàn cầu",,bao_chi,international,,D01;X78;D15;D14,D01,"Học bằng tiếng Anh (thường cần trình độ tiếng Anh tốt, có thể yêu cầu IELTS/chứng chỉ khi nhập học) | Chương trình liên kết/quốc tế: học phí cao hơn chương trình chuẩn",https://diemthi.vnexpress.net/tra-cuu-dai-hoc/loadbenchmark/id/381/year/2026/sortby/1/block_name/-1
SIM-HBT:QT7320107,SIM-HBT,QT7320107,Truyền thông quốc tế,,bao_chi,international,,D01;X78;D15;D14,D01,"Học bằng tiếng Anh (thường cần trình độ tiếng Anh tốt, có thể yêu cầu IELTS/chứng chỉ khi nhập học) | Chương trình liên kết/quốc tế: học phí cao hơn chương trình chuẩn",https://diemthi.vnexpress.net/tra-cuu-dai-hoc/loadbenchmark/id/381/year/2026/sortby/1/block_name/-1
SIM-HBT:TH533,SIM-HBT,TH533,"Chính trị học, chuyên ngành Tư tưởng Hồ ChíMinh",,xa_hoi,standard,,D01;C04;C03;X01,D01,,https://diemthi.vnexpress.net/tra-cuu-dai-hoc/loadbenchmark/id/381/year/2026/sortby/1/block_name/-1
SIM-HBT:TM7229001,SIM-HBT,TM7229001,Triết học,,xa_hoi,standard,,D01;C04;C03;X01,D01,,https://diemthi.vnexpress.net/tra-cuu-dai-hoc/loadbenchmark/id/381/year/2026/sortby/1/block_name/-1
SIM-HBT:TT530,SIM-HBT,TT530,"Chính trị học, chuyên ngành Công tác tư tưởng -văn hóa",,ngon_ngu,standard,,D01;C04;C03;X01,D01,,https://diemthi.vnexpress.net/tra-cuu-dai-hoc/loadbenchmark/id/381/year/2026/sortby/1/block_name/-1
SIM-HBT:TT538,SIM-HBT,TT538,"Chính trị học, chuyên ngành Truyền thông chính sách",,bao_chi,standard,,D01;C04;C03;X01,D01,,https://diemthi.vnexpress.net/tra-cuu-dai-hoc/loadbenchmark/id/381/year/2026/sortby/1/block_name/-1
SIM-HBT:XB801,SIM-HBT,XB801,"Xuất bản, chuyên ngành Biên tập xuất bản",,bao_chi,standard,,D01;X78;D15;D14,D01,,https://diemthi.vnexpress.net/tra-cuu-dai-hoc/loadbenchmark/id/381/year/2026/sortby/1/block_name/-1
SIM-HBT:XB802,SIM-HBT,XB802,"Xuất bản, chuyên ngành Xuất bản điện tử",,bao_chi,standard,,D01;X78;D15;D14,D01,,https://diemthi.vnexpress.net/tra-cuu-dai-hoc/loadbenchmark/id/381/year/2026/sortby/1/block_name/-1
SIM-HBT:XD7310202,SIM-HBT,XD7310202,Xây dựng Đảng và Chính quyền nhà nước,,xay_dung,standard,,D01;C04;C03;X01,D01,,https://diemthi.vnexpress.net/tra-cuu-dai-hoc/loadbenchmark/id/381/year/2026/sortby/1/block_name/-1
SIM-HBT:XH7310301,SIM-HBT,XH7310301,Xã hội học,,xa_hoi,standard,,D01;C04;C03;X01,D01,,https://diemthi.vnexpress.net/tra-cuu-dai-hoc/loadbenchmark/id/381/year/2026/sortby/1/block_name/-1
SIM-HBT:XH7760101,SIM-HBT,XH7760101,Công tác xã hội,,xa_hoi,standard,,D01;C04;C03;X01,D01,,https://diemthi.vnexpress.net/tra-cuu-dai-hoc/loadbenchmark/id/381/year/2026/sortby/1/block_name/-1
SIM-HCP:7220201,SIM-HCP,7220201,Ngôn ngữ Anh,7220201,ngon_ngu,standard,,A01;D01;D07;D09;D10,A01,,https://diemthi.vnexpress.net/tra-cuu-dai-hoc/loadbenchmark/id/383/year/2026/sortby/1/block_name/-1
SIM-HCP:7310101,SIM-HCP,7310101,Kinh tế,7310101,kinh_te,standard,,A01;D01;D07;X25;A00;C01,A01,,https://diemthi.vnexpress.net/tra-cuu-dai-hoc/loadbenchmark/id/383/year/2026/sortby/1/block_name/-1
SIM-HCP:7310104,SIM-HCP,7310104,Kinh tế đầu tư,7310104,tai_chinh,standard,,A01;D01;D07;X25,A01,,https://diemthi.vnexpress.net/tra-cuu-dai-hoc/loadbenchmark/id/383/year/2026/sortby/1/block_name/-1
SIM-HCP:7310105,SIM-HCP,7310105,Kinh tế phát triển,7310105,kinh_te,standard,,A00;A01;D01;D07;C02;A02,A00,,https://diemthi.vnexpress.net/tra-cuu-dai-hoc/loadbenchmark/id/383/year/2026/sortby/1/block_name/-1
SIM-HCP:7310106,SIM-HCP,7310106,Kinh tế quốc tế,7310106,kinh_te,international,,A01;D01;D07;A00,A01,"Học bằng tiếng Anh (thường cần trình độ tiếng Anh tốt, có thể yêu cầu IELTS/chứng chỉ khi nhập học) | Chương trình liên kết/quốc tế: học phí cao hơn chương trình chuẩn",https://diemthi.vnexpress.net/tra-cuu-dai-hoc/loadbenchmark/id/383/year/2026/sortby/1/block_name/-1
SIM-HCP:7310106_1,SIM-HCP,7310106_1,Kinh tế đối ngoại CLC,7310106,kinh_te,high_quality,,A01;D01;D07;X25;D10,A01,,https://diemthi.vnexpress.net/tra-cuu-dai-hoc/loadbenchmark/id/383/year/2026/sortby/1/block_name/-1
SIM-HCP:7310109,SIM-HCP,7310109,Kinh tế số,7310109,kinh_te,standard,,A00;A01;D01;X25;C01;D07;C00,A00,,https://diemthi.vnexpress.net/tra-cuu-dai-hoc/loadbenchmark/id/383/year/2026/sortby/1/block_name/-1
SIM-HCP:7310205,SIM-HCP,7310205,Quản lý nhà nước,7310205,xa_hoi,standard,,C00;D01;X25;A01;D09,C00,,https://diemthi.vnexpress.net/tra-cuu-dai-hoc/loadbenchmark/id/383/year/2026/sortby/1/block_name/-1
SIM-HCP:7340101,SIM-HCP,7340101,Quản trị Kinh doanh,7340101,kinh_te,standard,,A01;D01;D07;X25;A00;C01,A01,,https://diemthi.vnexpress.net/tra-cuu-dai-hoc/loadbenchmark/id/383/year/2026/sortby/1/block_name/-1
SIM-HCP:7340101_1,SIM-HCP,7340101_1,"Quản trị kinh doanh (Liên kết với Đại học CityU, Hoa Kỳ)",7340101,kinh_te,high_quality,,A01;D01;D07;X25;D10,A01,,https://diemthi.vnexpress.net/tra-cuu-dai-hoc/loadbenchmark/id/383/year/2026/sortby/1/block_name/-1
SIM-HCP:7340101_2,SIM-HCP,7340101_2,Quản trị kinh doanh,7340101,kinh_te,high_quality,,A01;D01;D07;X25,A01,,https://diemthi.vnexpress.net/tra-cuu-dai-hoc/loadbenchmark/id/383/year/2026/sortby/1/block_name/-1
SIM-HCP:7340115,SIM-HCP,7340115,Marketing,7340115,kinh_te,standard,,A01;D01;D07;X25,A01,,https://diemthi.vnexpress.net/tra-cuu-dai-hoc/loadbenchmark/id/383/year/2026/sortby/1/block_name/-1
SIM-HCP:7340201,SIM-HCP,7340201,Tài chính – Ngân hàng,7340201,tai_chinh,standard,,A01;D01;D07;X25;A00,A01,,https://diemthi.vnexpress.net/tra-cuu-dai-hoc/loadbenchmark/id/383/year/2026/sortby/1/block_name/-1
SIM-HCP:7340201_1,SIM-HCP,7340201_1,Tài chính ngân hàng (chuyên ngành Tài chính doanh nghiệp),7340201,tai_chinh,high_quality,,A01;D01;D07;X25;D10,A01,,https://diemthi.vnexpress.net/tra-cuu-dai-hoc/loadbenchmark/id/383/year/2026/sortby/1/block_name/-1
SIM-HCP:7340301,SIM-HCP,7340301,Kế toán,7340301,tai_chinh,standard,,A00;A01;D01;D07;C01,A00,,https://diemthi.vnexpress.net/tra-cuu-dai-hoc/loadbenchmark/id/383/year/2026/sortby/1/block_name/-1
SIM-HCP:7340301_2,SIM-HCP,7340301_2,Kế toán,7340301,tai_chinh,international,,A00;A01;D01;D07,A00,"Học bằng tiếng Anh (thường cần trình độ tiếng Anh tốt, có thể yêu cầu IELTS/chứng chỉ khi nhập học) | Chương trình liên kết/quốc tế: học phí cao hơn chương trình chuẩn",https://diemthi.vnexpress.net/tra-cuu-dai-hoc/loadbenchmark/id/383/year/2026/sortby/1/block_name/-1
SIM-HCP:7340302,SIM-HCP,7340302,Kiểm toán,7340302,tai_chinh,standard,,A00;A01;D01;D07,A00,,https://diemthi.vnexpress.net/tra-cuu-dai-hoc/loadbenchmark/id/383/year/2026/sortby/1/block_name/-1
SIM-HCP:7380107,SIM-HCP,7380107,Luật kinh tế,7380107,luat,standard,,C00;A01;D01;X25;A00;D09,C00,,https://diemthi.vnexpress.net/tra-cuu-dai-hoc/loadbenchmark/id/383/year/2026/sortby/1/block_name/-1
SIM-HCP:7460108,SIM-HCP,7460108,Khoa học dữ liệu (Data Science),7460108,cntt,international,,A00;A01;D01;D07,A00,"Học bằng tiếng Anh (thường cần trình độ tiếng Anh tốt, có thể yêu cầu IELTS/chứng chỉ khi nhập học) | Chương trình liên kết/quốc tế: học phí cao hơn chương trình chuẩn",https://diemthi.vnexpress.net/tra-cuu-dai-hoc/loadbenchmark/id/383/year/2026/sortby/1/block_name/-1
SIM-HIU:7140114,SIM-HIU,7140114,Quản lý giáo dục,7140114,su_pham,standard,,A00;A01;B00;C00;C03;C04;D01;D09;D10;D14;D15;X01,A00,"Sư phạm: không nhận thí sinh bị dị hình, dị tật, nói ngọng, nói lắp; điểm sàn của Bộ",https://diemthi.vnexpress.net/tra-cuu-dai-hoc/loadbenchmark/id/270/year/2026/sortby/1/block_name/-1
SIM-HIU:7210403,SIM-HIU,7210403,Thiết kế đồ họa,7210403,thiet_ke,standard,,A00;A01;C00;C01;C03;C04;D09;X06;X26,A00,,https://diemthi.vnexpress.net/tra-cuu-dai-hoc/loadbenchmark/id/270/year/2026/sortby/1/block_name/-1
SIM-HIU:7220201,SIM-HIU,7220201,Ngôn ngữ Anh,7220201,ngon_ngu,standard,,A01;C00;C04;D01;D14;D15;X02,A01,,https://diemthi.vnexpress.net/tra-cuu-dai-hoc/loadbenchmark/id/270/year/2026/sortby/1/block_name/-1
SIM-HIU:7220204,SIM-HIU,7220204,Ngôn ngữ Trung Quốc,7220204,ngon_ngu,standard,,A01;C00;C04;D01;D06;D14;D15;D04,A01,,https://diemthi.vnexpress.net/tra-cuu-dai-hoc/loadbenchmark/id/270/year/2026/sortby/1/block_name/-1
SIM-HIU:7220209,SIM-HIU,7220209,Ngôn ngữ Nhật,7220209,ngon_ngu,standard,,A01;C00;C04;D01;D06;D14;D15;D04,A01,,https://diemthi.vnexpress.net/tra-cuu-dai-hoc/loadbenchmark/id/270/year/2026/sortby/1/block_name/-1
SIM-HIU:7220210,SIM-HIU,7220210,Ngôn ngữ Hàn Quốc,7220210,ngon_ngu,standard,,A01;C00;C04;D01;D14;D15;D04,A01,,https://diemthi.vnexpress.net/tra-cuu-dai-hoc/loadbenchmark/id/270/year/2026/sortby/1/block_name/-1
SIM-HIU:7310206,SIM-HIU,7310206,Quan hệ quốc tế,7310206,xa_hoi,international,,A00;A01;C00;C03;C04;D01;D09;D10;D14;D15;X01;X71,A00,"Học bằng tiếng Anh (thường cần trình độ tiếng Anh tốt, có thể yêu cầu IELTS/chứng chỉ khi nhập học) | Chương trình liên kết/quốc tế: học phí cao hơn chương trình chuẩn",https://diemthi.vnexpress.net/tra-cuu-dai-hoc/loadbenchmark/id/270/year/2026/sortby/1/block_name/-1
SIM-HIU:7310401,SIM-HIU,7310401,Tâm lý học,7310401,xa_hoi,standard,,A00;A01;C00;C03;C04;D01;D09;D10;D14;D15;X01;X71;B00;B03,A00,,https://diemthi.vnexpress.net/tra-cuu-dai-hoc/loadbenchmark/id/270/year/2026/sortby/1/block_name/-1
SIM-HIU:7310403,SIM-HIU,7310403,Tâm lý học giáo dục,7310403,su_pham,standard,,A00;A01;C00;C03;C04;D01;D09;D10;D14;D15;X01;X71,A00,"Sư phạm: không nhận thí sinh bị dị hình, dị tật, nói ngọng, nói lắp; điểm sàn của Bộ",https://diemthi.vnexpress.net/tra-cuu-dai-hoc/loadbenchmark/id/270/year/2026/sortby/1/block_name/-1
SIM-HIU:7310630,SIM-HIU,7310630,Việt Nam học,7310630,ngon_ngu,standard,,A00;A01;C00;C03;C04;D01;D09;D10;D14;D15;X01;X71;A07,A00,,https://diemthi.vnexpress.net/tra-cuu-dai-hoc/loadbenchmark/id/270/year/2026/sortby/1/block_name/-1
SIM-HIU:7320104,SIM-HIU,7320104,Truyền thông đa phương tiện,7320104,bao_chi,standard,,A01;C00;D01;D09;D10;D14;D15;X01;X71,A01,,https://diemthi.vnexpress.net/tra-cuu-dai-hoc/loadbenchmark/id/270/year/2026/sortby/1/block_name/-1
SIM-HIU:7320108,SIM-HIU,7320108,Quan hệ công chúng,7320108,bao_chi,standard,,A01;C00;D01;D09;D10;D14;D15;X01;X71;A00,A01,,https://diemthi.vnexpress.net/tra-cuu-dai-hoc/loadbenchmark/id/270/year/2026/sortby/1/block_name/-1
SIM-HIU:7340101,SIM-HIU,7340101,Quản trị Kinh doanh,7340101,kinh_te,standard,,A00;A01;C00;C03;C04;D01;D09;D10;D14;D15;X01;X26,A00,,https://diemthi.vnexpress.net/tra-cuu-dai-hoc/loadbenchmark/id/270/year/2026/sortby/1/block_name/-1
SIM-HIU:7340114,SIM-HIU,7340114,Marketing kỹ thuật số,7340114,kinh_te,standard,,A00;A01;C00;C03;C04;D01;D09;D10;D14;D15;X01;X26,A00,,https://diemthi.vnexpress.net/tra-cuu-dai-hoc/loadbenchmark/id/270/year/2026/sortby/1/block_name/-1
SIM-HIU:7340120,SIM-HIU,7340120,Ngành Kinh doanh quốc tế,7340120,kinh_te,international,,A00;A01;C00;C03;C04;D01;D09;D10;D14;D15;X01;X26,A00,"Học bằng tiếng Anh (thường cần trình độ tiếng Anh tốt, có thể yêu cầu IELTS/chứng chỉ khi nhập học) | Chương trình liên kết/quốc tế: học phí cao hơn chương trình chuẩn",https://diemthi.vnexpress.net/tra-cuu-dai-hoc/loadbenchmark/id/270/year/2026/sortby/1/block_name/-1
SIM-HIU:7340122,SIM-HIU,7340122,Thương mại điện tử,7340122,kinh_te,standard,,A00;A01;C00;C03;C04;D01;D09;D10;D14;D15;X01;X26,A00,,https://diemthi.vnexpress.net/tra-cuu-dai-hoc/loadbenchmark/id/270/year/2026/sortby/1/block_name/-1
SIM-HIU:7340201,SIM-HIU,7340201,Tài chính – Ngân hàng,7340201,tai_chinh,standard,,A00;A01;C00;C03;C04;D01;D09;D10;D14;D15;X01;X26;C01,A00,,https://diemthi.vnexpress.net/tra-cuu-dai-hoc/loadbenchmark/id/270/year/2026/sortby/1/block_name/-1
SIM-HIU:7340205,SIM-HIU,7340205,Công nghệ tài chính,7340205,tai_chinh,standard,,A00;A01;C00;C03;C04;D01;D09;D10;D14;D15;X01;X26,A00,,https://diemthi.vnexpress.net/tra-cuu-dai-hoc/loadbenchmark/id/270/year/2026/sortby/1/block_name/-1
SIM-HIU:7340301,SIM-HIU,7340301,Kế toán,7340301,tai_chinh,standard,,A00;A01;C00;C03;C04;D01;D09;D10;D14;D15;X01;X26;C01,A00,,https://diemthi.vnexpress.net/tra-cuu-dai-hoc/loadbenchmark/id/270/year/2026/sortby/1/block_name/-1
SIM-HIU:7340412,SIM-HIU,7340412,Quản trị sự kiện,7340412,du_lich,standard,,A00;A01;C00;C03;C04;D01;D09;D10;D14;D15;X01;X26,A00,,https://diemthi.vnexpress.net/tra-cuu-dai-hoc/loadbenchmark/id/270/year/2026/sortby/1/block_name/-1
SIM-HIU:7380101,SIM-HIU,7380101,Ngành Luật,7380101,luat,standard,,A00;A01;C00;C03;C04;D01;D09;D10;D15,A00,,https://diemthi.vnexpress.net/tra-cuu-dai-hoc/loadbenchmark/id/270/year/2026/sortby/1/block_name/-1
SIM-HIU:7380107,SIM-HIU,7380107,Luật kinh tế,7380107,luat,standard,,A00;A01;C00;C03;C04;D01;D09;D10;D15,A00,,https://diemthi.vnexpress.net/tra-cuu-dai-hoc/loadbenchmark/id/270/year/2026/sortby/1/block_name/-1
SIM-HIU:7420201,SIM-HIU,7420201,Công nghệ sinh học,7420201,sinh_hoa,standard,,A00;A02;B00;C01;C02;C03;C04;D07;D08;X01;X14,A00,,https://diemthi.vnexpress.net/tra-cuu-dai-hoc/loadbenchmark/id/270/year/2026/sortby/1/block_name/-1
SIM-HIU:7420207,SIM-HIU,7420207,Công nghệ thẩm mỹ,7420207,ky_thuat,standard,,A00;A01;B03;C01;C02;D01;X01;X02;X14,A00,,https://diemthi.vnexpress.net/tra-cuu-dai-hoc/loadbenchmark/id/270/year/2026/sortby/1/block_name/-1
SIM-HIU:7480201,SIM-HIU,7480201,Công nghệ thông tin,7480201,cntt,standard,,A00;A01;C01;C03;C04;D01;D07;D09;D10;X02;X06;X10;X26,A00,,https://diemthi.vnexpress.net/tra-cuu-dai-hoc/loadbenchmark/id/270/year/2026/sortby/1/block_name/-1
SIM-HIU:7510601,SIM-HIU,7510601,Quản lý công nghiệp,7510601,xa_hoi,standard,,A00;A01;C00;C02;C03;C04;D01;D09;X06;X26,A00,,https://diemthi.vnexpress.net/tra-cuu-dai-hoc/loadbenchmark/id/270/year/2026/sortby/1/block_name/-1
SIM-HIU:7510605,SIM-HIU,7510605,Logistics và Quản lý chuỗi cung ứng,7510605,du_lich,standard,,A00;A01;C00;C02;C03;C04;D01;D09;X06;X26,A00,,https://diemthi.vnexpress.net/tra-cuu-dai-hoc/loadbenchmark/id/270/year/2026/sortby/1/block_name/-1
SIM-HIU:7520114,SIM-HIU,7520114,Kỹ thuật cơ điện tử,7520114,ky_thuat,standard,,A00;A01;C01;C02;D01;D09;X06;X26,A00,,https://diemthi.vnexpress.net/tra-cuu-dai-hoc/loadbenchmark/id/270/year/2026/sortby/1/block_name/-1
SIM-HIU:7520212,SIM-HIU,7520212,Kỹ thuật y sinh,7520212,y_duoc,standard,,A00;A01;A02;A03;A04;B00;C01;D07;D08;X05;X06;X07;X10;X14,A00,Khối sức khỏe: có ngưỡng điểm sàn của Bộ,https://diemthi.vnexpress.net/tra-cuu-dai-hoc/loadbenchmark/id/270/year/2026/sortby/1/block_name/-1
SIM-HIU:7580101,SIM-HIU,7580101,Kiến trúc,7580101,xay_dung,standard,,A00;A01;C00;C03;C04;D01;D09;D10;X06;X10,A00,,https://diemthi.vnexpress.net/tra-cuu-dai-hoc/loadbenchmark/id/270/year/2026/sortby/1/block_name/-1
SIM-HIU:7720101,SIM-HIU,7720101,Y khoa,7720101,y_duoc,standard,,A00;A02;B00;B08;D07;D08;X14,A00,Khối sức khỏe: có ngưỡng điểm sàn của Bộ,https://diemthi.vnexpress.net/tra-cuu-dai-hoc/loadbenchmark/id/270/year/2026/sortby/1/block_name/-1
SIM-HIU:7720115,SIM-HIU,7720115,Y học cổ truyền,7720115,y_duoc,standard,,A00;A01;A02;B00;B08;D01;D07;D08;X14,A00,Khối sức khỏe: có ngưỡng điểm sàn của Bộ,https://diemthi.vnexpress.net/tra-cuu-dai-hoc/loadbenchmark/id/270/year/2026/sortby/1/block_name/-1
SIM-HIU:7720201,SIM-HIU,7720201,Dược học,7720201,y_duoc,standard,,A00;A01;B00;D07;D08;X10;X14,A00,Khối sức khỏe: có ngưỡng điểm sàn của Bộ,https://diemthi.vnexpress.net/tra-cuu-dai-hoc/loadbenchmark/id/270/year/2026/sortby/1/block_name/-1
SIM-HIU:7720301,SIM-HIU,7720301,Điều dưỡng,7720301,y_duoc,standard,,A00;A01;A02;B00;B01;B03;C01;C02;C12;D01;D07;D08;X10;X14,A00,Khối sức khỏe: có ngưỡng điểm sàn của Bộ,https://diemthi.vnexpress.net/tra-cuu-dai-hoc/loadbenchmark/id/270/year/2026/sortby/1/block_name/-1
SIM-HIU:7720302,SIM-HIU,7720302,Hộ sinh,7720302,y_duoc,standard,,A00;A01;A02;B00;B01;B03;C01;C02;C12;D01;D07;D08;X10;X14,A00,Khối sức khỏe: có ngưỡng điểm sàn của Bộ,https://diemthi.vnexpress.net/tra-cuu-dai-hoc/loadbenchmark/id/270/year/2026/sortby/1/block_name/-1
SIM-HIU:7720401,SIM-HIU,7720401,Dinh dưỡng,7720401,y_duoc,standard,,A00;A01;A02;B00;B01;B03;C01;C02;C12;D01;D07;D08;X10;X14,A00,Khối sức khỏe: có ngưỡng điểm sàn của Bộ,https://diemthi.vnexpress.net/tra-cuu-dai-hoc/loadbenchmark/id/270/year/2026/sortby/1/block_name/-1
SIM-HIU:7720501,SIM-HIU,7720501,Răng- Hàm -Mặt,7720501,y_duoc,standard,,A00;A02;B00;B08;D07;D08;X14,A00,Khối sức khỏe: có ngưỡng điểm sàn của Bộ,https://diemthi.vnexpress.net/tra-cuu-dai-hoc/loadbenchmark/id/270/year/2026/sortby/1/block_name/-1
SIM-HIU:7720601,SIM-HIU,7720601,Kỹ thuật xét nghiệm y học,7720601,y_duoc,standard,,A00;A01;A02;B00;B01;B03;C01;C02;C12;D01;D07;D08;X10;X14,A00,Khối sức khỏe: có ngưỡng điểm sàn của Bộ,https://diemthi.vnexpress.net/tra-cuu-dai-hoc/loadbenchmark/id/270/year/2026/sortby/1/block_name/-1
SIM-HIU:7720602,SIM-HIU,7720602,Kỹ thuật hình ảnh y học,7720602,y_duoc,standard,,A00;A01;A02;B00;B01;B03;C01;C02;C12;D01;D07;D08;X10;X14,A00,Khối sức khỏe: có ngưỡng điểm sàn của Bộ,https://diemthi.vnexpress.net/tra-cuu-dai-hoc/loadbenchmark/id/270/year/2026/sortby/1/block_name/-1
SIM-HIU:7720603,SIM-HIU,7720603,Kỹ thuật phục hồi chức năng,7720603,y_duoc,standard,,A00;A01;A02;B00;B01;B03;C01;C02;C12;D01;D07;D08;X10;X14,A00,Khối sức khỏe: có ngưỡng điểm sàn của Bộ,https://diemthi.vnexpress.net/tra-cuu-dai-hoc/loadbenchmark/id/270/year/2026/sortby/1/block_name/-1
SIM-HIU:7720701,SIM-HIU,7720701,Y tế công cộng,7720701,y_duoc,standard,,A00;A01;A02;B00;B01;B03;C01;C02;C12;D01;D07;D08;X10;X14,A00,Khối sức khỏe: có ngưỡng điểm sàn của Bộ,https://diemthi.vnexpress.net/tra-cuu-dai-hoc/loadbenchmark/id/270/year/2026/sortby/1/block_name/-1
SIM-HIU:7810103,SIM-HIU,7810103,Quản trị dịch vụ du lịch và lữ hành,7810103,du_lich,standard,,A00;A01;C00;C03;C04;D01;D09;D10;D14;D15;X01;X26;X71,A00,,https://diemthi.vnexpress.net/tra-cuu-dai-hoc/loadbenchmark/id/270/year/2026/sortby/1/block_name/-1
SIM-HIU:7810201,SIM-HIU,7810201,Quản trị khách sạn,7810201,du_lich,standard,,A00;A01;C00;C03;C04;D01;D09;D10;D14;D15;X01;X26;X71,A00,,https://diemthi.vnexpress.net/tra-cuu-dai-hoc/loadbenchmark/id/270/year/2026/sortby/1/block_name/-1
SIM-HQT:HQT01,SIM-HQT,HQT01,Quan hệ quốc tế,,xa_hoi,international,,A00;A01;C00;D01;D03;D04;D06;D07;D09;D10;D14;D15,A00,"Học bằng tiếng Anh (thường cần trình độ tiếng Anh tốt, có thể yêu cầu IELTS/chứng chỉ khi nhập học) | Chương trình liên kết/quốc tế: học phí cao hơn chương trình chuẩn",https://diemthi.vnexpress.net/tra-cuu-dai-hoc/loadbenchmark/id/386/year/2026/sortby/1/block_name/-1
SIM-HQT:HQT02,SIM-HQT,HQT02,Ngôn ngữ Anh,,ngon_ngu,standard,,A01;D01;D07;D09;D10;D14;D15,A01,,https://diemthi.vnexpress.net/tra-cuu-dai-hoc/loadbenchmark/id/386/year/2026/sortby/1/block_name/-1
SIM-HQT:HQT03,SIM-HQT,HQT03,Kinh tế quốc tế,,kinh_te,international,,A00;A01;D01;D03;D04;D06;D07;D09;D10,A00,"Học bằng tiếng Anh (thường cần trình độ tiếng Anh tốt, có thể yêu cầu IELTS/chứng chỉ khi nhập học) | Chương trình liên kết/quốc tế: học phí cao hơn chương trình chuẩn",https://diemthi.vnexpress.net/tra-cuu-dai-hoc/loadbenchmark/id/386/year/2026/sortby/1/block_name/-1
SIM-HQT:HQT04,SIM-HQT,HQT04,Luật quốc tế,,luat,international,,A00;A01;C00;D01;D03;D04;D06;D07;D09;D10;D14;D15,A00,"Học bằng tiếng Anh (thường cần trình độ tiếng Anh tốt, có thể yêu cầu IELTS/chứng chỉ khi nhập học) | Chương trình liên kết/quốc tế: học phí cao hơn chương trình chuẩn",https://diemthi.vnexpress.net/tra-cuu-dai-hoc/loadbenchmark/id/386/year/2026/sortby/1/block_name/-1
SIM-HQT:HQT05,SIM-HQT,HQT05,Truyền thông quốc tế,,bao_chi,international,,A00;A01;C00;D01;D03;D04;D06;D07;D09;D10;D14;D15,A00,"Học bằng tiếng Anh (thường cần trình độ tiếng Anh tốt, có thể yêu cầu IELTS/chứng chỉ khi nhập học) | Chương trình liên kết/quốc tế: học phí cao hơn chương trình chuẩn",https://diemthi.vnexpress.net/tra-cuu-dai-hoc/loadbenchmark/id/386/year/2026/sortby/1/block_name/-1
SIM-HQT:HQT06,SIM-HQT,HQT06,Kinh doanh quốc tế,,kinh_te,international,,A00;A01;D01;D03;D04;D06;D07;D09;D10,A00,"Học bằng tiếng Anh (thường cần trình độ tiếng Anh tốt, có thể yêu cầu IELTS/chứng chỉ khi nhập học) | Chương trình liên kết/quốc tế: học phí cao hơn chương trình chuẩn",https://diemthi.vnexpress.net/tra-cuu-dai-hoc/loadbenchmark/id/386/year/2026/sortby/1/block_name/-1
SIM-HQT:HQT07,SIM-HQT,HQT07,Luật thương mại quốc tế,,luat,international,,A00;A01;C00;D01;D03;D04;D06;D07;D09;D10;D14;D15,A00,"Học bằng tiếng Anh (thường cần trình độ tiếng Anh tốt, có thể yêu cầu IELTS/chứng chỉ khi nhập học) | Chương trình liên kết/quốc tế: học phí cao hơn chương trình chuẩn",https://diemthi.vnexpress.net/tra-cuu-dai-hoc/loadbenchmark/id/386/year/2026/sortby/1/block_name/-1
SIM-HQT:HQT08-01,SIM-HQT,HQT08-01,Hàn Quốc học,,ngon_ngu,standard,,A00;A01;C00;D01;D07;D09;D10;D14;D15,A00,,https://diemthi.vnexpress.net/tra-cuu-dai-hoc/loadbenchmark/id/386/year/2026/sortby/1/block_name/-1
SIM-HQT:HQT08-02,SIM-HQT,HQT08-02,Hoa Kỳ học,,ngon_ngu,standard,,A00;A01;C00;D01;D07;D09;D10;D14;D15,A00,,https://diemthi.vnexpress.net/tra-cuu-dai-hoc/loadbenchmark/id/386/year/2026/sortby/1/block_name/-1
SIM-HQT:HQT08-03,SIM-HQT,HQT08-03,Nhật Bản học,,ngon_ngu,standard,,A00;A01;C00;D01;D06;D07;D09;D10;D14;D15,A00,,https://diemthi.vnexpress.net/tra-cuu-dai-hoc/loadbenchmark/id/386/year/2026/sortby/1/block_name/-1
SIM-HQT:HQT08-04,SIM-HQT,HQT08-04,Trung Quốc học,,ngon_ngu,standard,,A00;A01;C00;D01;D04;D07;D09;D10;D14;D15,A00,,https://diemthi.vnexpress.net/tra-cuu-dai-hoc/loadbenchmark/id/386/year/2026/sortby/1/block_name/-1
SIM-HSU:7210403,SIM-HSU,7210403,Thiết kế đồ họa,7210403,thiet_ke,standard,,A00;A01;B03;C00;C01;C02;C03;C04;D01;D09;X01;X02;X03;X04;D14;C10,A00,,https://diemthi.vnexpress.net/tra-cuu-dai-hoc/loadbenchmark/id/261/year/2026/sortby/1/block_name/-1
SIM-HSU:7210404,SIM-HSU,7210404,Thiết kế thời trang,7210404,thiet_ke,standard,,A00;A01;B03;C00;C01;C02;C03;C04;D01;D09;X01;X02;X03;X04;D14;C10,A00,,https://diemthi.vnexpress.net/tra-cuu-dai-hoc/loadbenchmark/id/261/year/2026/sortby/1/block_name/-1
SIM-HSU:7210408,SIM-HSU,7210408,Nghệ thuật số,7210408,thiet_ke,standard,,A00;A01;B03;C00;C01;C02;C03;C04;D01;D09;X01;X02;X03;X04;D14;C10,A00,,https://diemthi.vnexpress.net/tra-cuu-dai-hoc/loadbenchmark/id/261/year/2026/sortby/1/block_name/-1
SIM-HSU:7220201,SIM-HSU,7220201,Ngôn ngữ Anh,7220201,ngon_ngu,standard,,A01;B03;C01;C02;C03;C04;D01;D14;X01;X02;X03;X04;D09;D15;X25;X79,A01,,https://diemthi.vnexpress.net/tra-cuu-dai-hoc/loadbenchmark/id/261/year/2026/sortby/1/block_name/-1
SIM-HSU:7220204,SIM-HSU,7220204,Ngôn ngữ Trung Quốc,7220204,ngon_ngu,standard,,A01;B03;C01;C02;C03;C04;D01;D04;X01;X02;X03;X04;D09;D14;X25;X79,A01,,https://diemthi.vnexpress.net/tra-cuu-dai-hoc/loadbenchmark/id/261/year/2026/sortby/1/block_name/-1
SIM-HSU:7220210,SIM-HSU,7220210,Ngôn ngữ Hàn Quốc,7220210,ngon_ngu,standard,,A01;B03;C01;C02;C03;C04;D01;X01;X02;X03;X04;D09;D14;X25;X79,A01,,https://diemthi.vnexpress.net/tra-cuu-dai-hoc/loadbenchmark/id/261/year/2026/sortby/1/block_name/-1
SIM-HSU:7310113,SIM-HSU,7310113,Kinh tế thể thao,7310113,kinh_te,standard,,A00;B03;C00;C01;C02;C03;C04;D01;X01;A01;X02;X03;X04;D03;D09,A00,,https://diemthi.vnexpress.net/tra-cuu-dai-hoc/loadbenchmark/id/261/year/2026/sortby/1/block_name/-1
SIM-HSU:7310401,SIM-HSU,7310401,Tâm lý học,7310401,xa_hoi,standard,,A00;A01;B03;C00;C01;C02;C03;C04;D01;D09;X01;X02;X03;X04;D08,A00,,https://diemthi.vnexpress.net/tra-cuu-dai-hoc/loadbenchmark/id/261/year/2026/sortby/1/block_name/-1
SIM-HSU:7320104,SIM-HSU,7320104,Truyền thông đa phương tiện,7320104,bao_chi,standard,,A00;A01;B03;C00;C01;C02;C03;C04;D01;D09;X01;X02;X03;X04,A00,,https://diemthi.vnexpress.net/tra-cuu-dai-hoc/loadbenchmark/id/261/year/2026/sortby/1/block_name/-1
SIM-HSU:7320108,SIM-HSU,7320108,Quan hệ công chúng,7320108,bao_chi,standard,,A00;A01;B03;C00;C01;C02;C03;C04;D01;D09;X01;X02;X03;X04;D03,A00,,https://diemthi.vnexpress.net/tra-cuu-dai-hoc/loadbenchmark/id/261/year/2026/sortby/1/block_name/-1
SIM-HSU:7340101,SIM-HSU,7340101,Quản trị Kinh doanh,7340101,kinh_te,standard,,A00;B03;C00;C01;C02;C03;C04;D01;X01;A01;X02;X03;X04;D03;D09,A00,,https://diemthi.vnexpress.net/tra-cuu-dai-hoc/loadbenchmark/id/261/year/2026/sortby/1/block_name/-1
SIM-HSU:7340114,SIM-HSU,7340114,Marketing kỹ thuật số,7340114,kinh_te,standard,,A00;B03;C00;C01;C02;C03;C04;D01;X01;A01;X02;X03;X04;D03;D09,A00,,https://diemthi.vnexpress.net/tra-cuu-dai-hoc/loadbenchmark/id/261/year/2026/sortby/1/block_name/-1
SIM-HSU:7340115,SIM-HSU,7340115,Marketing,7340115,kinh_te,standard,,A00;B03;C00;C01;C02;C03;C04;D01;X01;A01;X02;X03;X04;D03;D09,A00,,https://diemthi.vnexpress.net/tra-cuu-dai-hoc/loadbenchmark/id/261/year/2026/sortby/1/block_name/-1
SIM-HSU:7340120,SIM-HSU,7340120,Ngành Kinh doanh quốc tế,7340120,kinh_te,international,,A00;B03;C00;C01;C02;C03;C04;D01;X01;A01;X02;X03;X04;D03;D09,A00,"Học bằng tiếng Anh (thường cần trình độ tiếng Anh tốt, có thể yêu cầu IELTS/chứng chỉ khi nhập học) | Chương trình liên kết/quốc tế: học phí cao hơn chương trình chuẩn",https://diemthi.vnexpress.net/tra-cuu-dai-hoc/loadbenchmark/id/261/year/2026/sortby/1/block_name/-1
SIM-HSU:7340122,SIM-HSU,7340122,Thương mại điện tử,7340122,kinh_te,standard,,A00;B03;C00;C01;C02;C03;C04;D01;X01;A01;X02;X03;X04;D03;D09,A00,,https://diemthi.vnexpress.net/tra-cuu-dai-hoc/loadbenchmark/id/261/year/2026/sortby/1/block_name/-1
SIM-HSU:7340201,SIM-HSU,7340201,Tài chính – Ngân hàng,7340201,tai_chinh,standard,,A00;B03;C00;C01;C02;C03;C04;D01;X01;A01;X02;X03;X04;D03;D09,A00,,https://diemthi.vnexpress.net/tra-cuu-dai-hoc/loadbenchmark/id/261/year/2026/sortby/1/block_name/-1
SIM-HSU:7340205,SIM-HSU,7340205,Công nghệ tài chính,7340205,tai_chinh,standard,,A00;B03;C00;C01;C02;C03;C04;D01;X01;A01;X02;X03;X04;D03;D09,A00,,https://diemthi.vnexpress.net/tra-cuu-dai-hoc/loadbenchmark/id/261/year/2026/sortby/1/block_name/-1
SIM-HSU:7340301,SIM-HSU,7340301,Kế toán,7340301,tai_chinh,standard,,A00;B03;C00;C01;C02;C03;C04;D01;X01;A01;X02;X03;X04;D03;D09,A00,,https://diemthi.vnexpress.net/tra-cuu-dai-hoc/loadbenchmark/id/261/year/2026/sortby/1/block_name/-1
SIM-HSU:7340404,SIM-HSU,7340404,Quản trị nhân lực,7340404,kinh_te,standard,,A00;B03;C00;C01;C02;C03;C04;D01;X01;A01;X02;X03;X04;D03;D09,A00,,https://diemthi.vnexpress.net/tra-cuu-dai-hoc/loadbenchmark/id/261/year/2026/sortby/1/block_name/-1
SIM-HSU:7340410,SIM-HSU,7340410,Quản trị công nghệ truyền thông*,7340410,bao_chi,standard,,A00;B03;C00;C01;C02;C03;C04;D01;X01;A01;X02;X03;X04;D03;D09,A00,,https://diemthi.vnexpress.net/tra-cuu-dai-hoc/loadbenchmark/id/261/year/2026/sortby/1/block_name/-1
SIM-HSU:7340412,SIM-HSU,7340412,Quản trị sự kiện,7340412,du_lich,standard,,A00;B03;C00;C01;C02;C03;C04;D01;X01;A01;X02;X03;X04;D03;D09,A00,,https://diemthi.vnexpress.net/tra-cuu-dai-hoc/loadbenchmark/id/261/year/2026/sortby/1/block_name/-1
SIM-HSU:7380101,SIM-HSU,7380101,Ngành Luật,7380101,luat,standard,,A00;A01;B03;C00;C01;C02;C03;C04;D01;D09;X01;X02;X03;X04,A00,,https://diemthi.vnexpress.net/tra-cuu-dai-hoc/loadbenchmark/id/261/year/2026/sortby/1/block_name/-1
SIM-HSU:7380107,SIM-HSU,7380107,Luật kinh tế,7380107,luat,standard,,A00;A01;B03;C00;C01;C02;C03;C04;D01;D09;X01;X02;X03;X04;D03,A00,,https://diemthi.vnexpress.net/tra-cuu-dai-hoc/loadbenchmark/id/261/year/2026/sortby/1/block_name/-1
SIM-HSU:7380108,SIM-HSU,7380108,Luật quốc tế,7380108,luat,international,,A00;A01;B03;C00;C01;C02;C03;C04;D01;D09;X01;X02;X03;X04,A00,"Học bằng tiếng Anh (thường cần trình độ tiếng Anh tốt, có thể yêu cầu IELTS/chứng chỉ khi nhập học) | Chương trình liên kết/quốc tế: học phí cao hơn chương trình chuẩn",https://diemthi.vnexpress.net/tra-cuu-dai-hoc/loadbenchmark/id/261/year/2026/sortby/1/block_name/-1
SIM-HSU:7480103,SIM-HSU,7480103,Kỹ thuật phần mềm,7480103,cntt,standard,,A00;A01;B03;C01;C02;C03;C04;D01;X01;X02;X03;X04;D03;D07,A00,,https://diemthi.vnexpress.net/tra-cuu-dai-hoc/loadbenchmark/id/261/year/2026/sortby/1/block_name/-1
SIM-HSU:7480107,SIM-HSU,7480107,Trí tuệ nhân tạo,7480107,cntt,standard,,A00;A01;B03;C01;C02;C03;C04;D01;X01;X02;X03;X04;D07;D03,A00,,https://diemthi.vnexpress.net/tra-cuu-dai-hoc/loadbenchmark/id/261/year/2026/sortby/1/block_name/-1
SIM-HSU:7480201,SIM-HSU,7480201,Công nghệ thông tin,7480201,cntt,standard,,A00;A01;B03;C01;C02;C03;C04;D01;X01;X02;X03;X04;D03;D07,A00,,https://diemthi.vnexpress.net/tra-cuu-dai-hoc/loadbenchmark/id/261/year/2026/sortby/1/block_name/-1
SIM-HSU:7480208,SIM-HSU,7480208,An ninh mạng,7480208,cntt,standard,,A00;A01;B03;C01;C02;C03;C04;D01;X01;X02;X03;X04,A00,,https://diemthi.vnexpress.net/tra-cuu-dai-hoc/loadbenchmark/id/261/year/2026/sortby/1/block_name/-1
SIM-HSU:7510605,SIM-HSU,7510605,Logistics và Quản lý chuỗi cung ứng,7510605,du_lich,standard,,A00;A01;B03;C00;C01;C02;C03;C04;D01;D09;X01;X02;X03;X04;D03,A00,,https://diemthi.vnexpress.net/tra-cuu-dai-hoc/loadbenchmark/id/261/year/2026/sortby/1/block_name/-1
SIM-HSU:7580108,SIM-HSU,7580108,Thiết kế nội thất,7580108,xay_dung,standard,,A00;A01;B03;C00;C01;C02;C03;C04;D01;D09;X01;X02;X03;X04;D14,A00,,https://diemthi.vnexpress.net/tra-cuu-dai-hoc/loadbenchmark/id/261/year/2026/sortby/1/block_name/-1
SIM-HSU:7810103,SIM-HSU,7810103,Quản trị dịch vụ du lịch và lữ hành,7810103,du_lich,standard,,A00;A01;B03;C00;C01;C02;C03;C04;D01;D09;X01;X02;X03;X04;D03,A00,,https://diemthi.vnexpress.net/tra-cuu-dai-hoc/loadbenchmark/id/261/year/2026/sortby/1/block_name/-1
SIM-HSU:7810201,SIM-HSU,7810201,Quản trị khách sạn,7810201,du_lich,standard,,A00;A01;B03;C00;C01;C02;C03;C04;D01;D09;X01;X02;X03;X04;D03,A00,,https://diemthi.vnexpress.net/tra-cuu-dai-hoc/loadbenchmark/id/261/year/2026/sortby/1/block_name/-1
SIM-HSU:7810202,SIM-HSU,7810202,Quản trị nhà hàng và dịch vụ ăn uống,7810202,du_lich,standard,,A00;A01;B03;C00;C01;C02;C03;C04;D01;D09;X01;X02;X03;X04;D03,A00,,https://diemthi.vnexpress.net/tra-cuu-dai-hoc/loadbenchmark/id/261/year/2026/sortby/1/block_name/-1
SIM-HTC:HC0101QT,SIM-HTC,HC0101QT,Thuế và Quản trị thuế (Theo định hướng ACCA),,tai_chinh,standard,,A01;D01;D07;X26,A01,,https://diemthi.vnexpress.net/tra-cuu-dai-hoc/loadbenchmark/id/387/year/2026/sortby/1/block_name/-1
SIM-HTC:HC0106QT,SIM-HTC,HC0106QT,Hải quan và Logistics (Theo định hướng FIATA),,du_lich,standard,,A01;D01;D07;X26,A01,,https://diemthi.vnexpress.net/tra-cuu-dai-hoc/loadbenchmark/id/387/year/2026/sortby/1/block_name/-1
SIM-HTC:HC0108QT,SIM-HTC,HC0108QT,Tài chính quốc tế (Theo định hướng CMA) *,,tai_chinh,international,,A01;D01;D07;X26,A01,"Học bằng tiếng Anh (thường cần trình độ tiếng Anh tốt, có thể yêu cầu IELTS/chứng chỉ khi nhập học) | Chương trình liên kết/quốc tế: học phí cao hơn chương trình chuẩn",https://diemthi.vnexpress.net/tra-cuu-dai-hoc/loadbenchmark/id/387/year/2026/sortby/1/block_name/-1
SIM-HTC:HC0109QT,SIM-HTC,HC0109QT,Phân tích tài chính (Theo định hướng ICAEW CFAB),,tai_chinh,standard,,A01;D01;D07;X26,A01,,https://diemthi.vnexpress.net/tra-cuu-dai-hoc/loadbenchmark/id/387/year/2026/sortby/1/block_name/-1
SIM-HTC:HC0111QT,SIM-HTC,HC0111QT,Tài chính doanh nghiệp (Theo định hướng ACCA),,tai_chinh,standard,,A01;D01;D07;X26,A01,,https://diemthi.vnexpress.net/tra-cuu-dai-hoc/loadbenchmark/id/387/year/2026/sortby/1/block_name/-1
SIM-HTC:HC0115QT,SIM-HTC,HC0115QT,Ngân hàng (Theo định hướng ICAEW CFAB),,tai_chinh,standard,,A01;D01;D07;X26,A01,,https://diemthi.vnexpress.net/tra-cuu-dai-hoc/loadbenchmark/id/387/year/2026/sortby/1/block_name/-1
SIM-HTC:HC0119,SIM-HTC,HC0119,Tài chính - Ngân hàng (CTĐT Thuế; Hải quan và nghiệp vụ ngoại thương; Tài chính quốc tế; Phân tích tài chính; Tài chính doanh nghiệp; Ngân hàng; Đầu tư tải chính; Tài chính số *),,tai_chinh,international,,A00;A01;D01;D07;X06;X26,A00,"Học bằng tiếng Anh (thường cần trình độ tiếng Anh tốt, có thể yêu cầu IELTS/chứng chỉ khi nhập học) | Chương trình liên kết/quốc tế: học phí cao hơn chương trình chuẩn",https://diemthi.vnexpress.net/tra-cuu-dai-hoc/loadbenchmark/id/387/year/2026/sortby/1/block_name/-1
SIM-HTC:HC0119QT,SIM-HTC,HC0119QT,Đầu tư tài chính (Theo định hướng ICAEW CFAB),,tai_chinh,standard,,A01;D01;D07;X26,A01,,https://diemthi.vnexpress.net/tra-cuu-dai-hoc/loadbenchmark/id/387/year/2026/sortby/1/block_name/-1
SIM-HTC:HC0201QT,SIM-HTC,HC0201QT,Kế toán doanh nghiệp (Theo định hướng ACCA),,tai_chinh,standard,,A01;D01;D07;X26,A01,,https://diemthi.vnexpress.net/tra-cuu-dai-hoc/loadbenchmark/id/387/year/2026/sortby/1/block_name/-1
SIM-HTC:HC0202QT,SIM-HTC,HC0202QT,Kế toán quản trị và Kiểm soát quản lý (Theo định hướng CMA),,tai_chinh,standard,,A01;D01;D07;X26,A01,,https://diemthi.vnexpress.net/tra-cuu-dai-hoc/loadbenchmark/id/387/year/2026/sortby/1/block_name/-1
SIM-HTC:HC0203QT,SIM-HTC,HC0203QT,Kế toán công (Theo định hướng ACCA),,tai_chinh,standard,,A01;D01;D07;X26,A01,,https://diemthi.vnexpress.net/tra-cuu-dai-hoc/loadbenchmark/id/387/year/2026/sortby/1/block_name/-1
SIM-HTC:HC0214,SIM-HTC,HC0214,Kế toán (CTĐT Kế toán doanh nghiệp; Kế toán công; Kế toán và phân tích dữ liệu *),,tai_chinh,standard,,A00;A01;D01;D07;X06;X26,A00,,https://diemthi.vnexpress.net/tra-cuu-dai-hoc/loadbenchmark/id/387/year/2026/sortby/1/block_name/-1
SIM-HTC:HC0301QT,SIM-HTC,HC0301QT,Quản trị doanh nghiệp (Theo định hướng ICAEW CFAB),,kinh_te,standard,,A01;D01;D07;X26,A01,,https://diemthi.vnexpress.net/tra-cuu-dai-hoc/loadbenchmark/id/387/year/2026/sortby/1/block_name/-1
SIM-HTC:HC0303QT,SIM-HTC,HC0303QT,Quản trị kinh doanh khách sạn (Theo định hướng AHLEI) *,,du_lich,standard,,A01;D01;D07;X26,A01,,https://diemthi.vnexpress.net/tra-cuu-dai-hoc/loadbenchmark/id/387/year/2026/sortby/1/block_name/-1
SIM-HTC:HC0312,SIM-HTC,HC0312,Quản trị kinh doanh (CTĐT Quản trị doanh nghiệp; Quản trị kinh doanh du lịch),,du_lich,standard,,A00;A01;D01;D07;X06;X26,A00,,https://diemthi.vnexpress.net/tra-cuu-dai-hoc/loadbenchmark/id/387/year/2026/sortby/1/block_name/-1
SIM-HTC:HC0401,SIM-HTC,HC0401,Tin học tài chính kế toán,,tai_chinh,standard,,A00;A01;D01;D07;X06;X26,A00,,https://diemthi.vnexpress.net/tra-cuu-dai-hoc/loadbenchmark/id/387/year/2026/sortby/1/block_name/-1
SIM-HTC:HC0512,SIM-HTC,HC0512,Ngôn ngữ Anh (CTĐT Tiếng Anh tài chính kế toán; Tiếng Anh và tiếng Trung tài chính kế toán *),,tai_chinh,standard,,A01;D01;D07;X26,A01,"Học bằng tiếng Anh (thường cần trình độ tiếng Anh tốt, có thể yêu cầu IELTS/chứng chỉ khi nhập học)",https://diemthi.vnexpress.net/tra-cuu-dai-hoc/loadbenchmark/id/387/year/2026/sortby/1/block_name/-1
SIM-HTC:HC0613,SIM-HTC,HC0613,Kinh tế (CTĐT Kinh tế và quản lý nguồn lực tài chính; Kinh tế số *),,tai_chinh,standard,,A00;A01;D01;D07;X06;X26,A00,,https://diemthi.vnexpress.net/tra-cuu-dai-hoc/loadbenchmark/id/387/year/2026/sortby/1/block_name/-1
SIM-HTC:HC0701,SIM-HTC,HC0701,Quản lý tài chính công,,tai_chinh,standard,,A00;A01;D01;D07;X06;X26,A00,,https://diemthi.vnexpress.net/tra-cuu-dai-hoc/loadbenchmark/id/387/year/2026/sortby/1/block_name/-1
SIM-HTC:HC0801,SIM-HTC,HC0801,Tài chính bảo hiểm,,tai_chinh,standard,,A00;A01;D01;D07;X06;X26,A00,,https://diemthi.vnexpress.net/tra-cuu-dai-hoc/loadbenchmark/id/387/year/2026/sortby/1/block_name/-1
SIM-HTC:HC0901,SIM-HTC,HC0901,Thẩm định giá và kinh doanh bất động sản,,tai_chinh,standard,,A00;A01;D01;D07;X06;X26,A00,,https://diemthi.vnexpress.net/tra-cuu-dai-hoc/loadbenchmark/id/387/year/2026/sortby/1/block_name/-1
SIM-HTC:HC0901QT,SIM-HTC,HC0901QT,Thẩm định giá và kinh doanh bất động sản (Theo định hướng ACCA),,tai_chinh,standard,,A01;D01;D07;X26,A01,,https://diemthi.vnexpress.net/tra-cuu-dai-hoc/loadbenchmark/id/387/year/2026/sortby/1/block_name/-1
SIM-HTC:HC1001,SIM-HTC,HC1001,Kiểm toán,,tai_chinh,standard,,A00;A01;D01;D07;X06;X26,A00,,https://diemthi.vnexpress.net/tra-cuu-dai-hoc/loadbenchmark/id/387/year/2026/sortby/1/block_name/-1
SIM-HTC:HC1001QT,SIM-HTC,HC1001QT,Kiểm toán (Theo định hướng ICAEW CFAB),,tai_chinh,standard,,A01;D01;D07;X26,A01,,https://diemthi.vnexpress.net/tra-cuu-dai-hoc/loadbenchmark/id/387/year/2026/sortby/1/block_name/-1
SIM-HTC:HC1101,SIM-HTC,HC1101,Marketing,,kinh_te,standard,,A00;A01;D01;D07;X06;X26,A00,,https://diemthi.vnexpress.net/tra-cuu-dai-hoc/loadbenchmark/id/387/year/2026/sortby/1/block_name/-1
SIM-HTC:HC1102QT,SIM-HTC,HC1102QT,Digital Marketing (Theo định hướng ICDL),,kinh_te,standard,,A01;D01;D07;X26,A01,,https://diemthi.vnexpress.net/tra-cuu-dai-hoc/loadbenchmark/id/387/year/2026/sortby/1/block_name/-1
SIM-HTC:HC1201,SIM-HTC,HC1201,Kinh tế đầu tư,,tai_chinh,standard,,A00;A01;D01;D07;X06;X26,A00,,https://diemthi.vnexpress.net/tra-cuu-dai-hoc/loadbenchmark/id/387/year/2026/sortby/1/block_name/-1
SIM-HTC:HC1201QT,SIM-HTC,HC1201QT,Kinh tế đầu tư (Theo định hướng ACCA),,tai_chinh,standard,,A01;D01;D07;X26,A01,,https://diemthi.vnexpress.net/tra-cuu-dai-hoc/loadbenchmark/id/387/year/2026/sortby/1/block_name/-1
SIM-HTC:HC1301,SIM-HTC,HC1301,Trí tuệ nhân tạo trong tài chính kế toán,,tai_chinh,standard,,A00;A01;D01;D07;X06;X26,A00,,https://diemthi.vnexpress.net/tra-cuu-dai-hoc/loadbenchmark/id/387/year/2026/sortby/1/block_name/-1
SIM-HTC:HC1412,SIM-HTC,HC1412,Khoa học dữ liệu (CTĐT Khoa học dữ liệu trong tài chính An ninh tài chính *),,tai_chinh,standard,,A00;A01;D01;D07;X06;X26,A00,,https://diemthi.vnexpress.net/tra-cuu-dai-hoc/loadbenchmark/id/387/year/2026/sortby/1/block_name/-1
SIM-HTC:HC1501QT,SIM-HTC,HC1501QT,Kinh doanh quốc tế (Theo định hướng ICAEW CFAB),,kinh_te,international,,A01;D01;D07;X26,A01,"Học bằng tiếng Anh (thường cần trình độ tiếng Anh tốt, có thể yêu cầu IELTS/chứng chỉ khi nhập học) | Chương trình liên kết/quốc tế: học phí cao hơn chương trình chuẩn",https://diemthi.vnexpress.net/tra-cuu-dai-hoc/loadbenchmark/id/387/year/2026/sortby/1/block_name/-1
SIM-HTC:HC1601,SIM-HTC,HC1601,Kinh tế chính trị - Tài chính,,tai_chinh,standard,,A00;A01;D01;D07;X06;X26,A00,,https://diemthi.vnexpress.net/tra-cuu-dai-hoc/loadbenchmark/id/387/year/2026/sortby/1/block_name/-1
SIM-HTC:HC1701,SIM-HTC,HC1701,Luật kinh doanh,,luat,standard,,A00;A01;D01;D07;X06;X26,A00,,https://diemthi.vnexpress.net/tra-cuu-dai-hoc/loadbenchmark/id/387/year/2026/sortby/1/block_name/-1
SIM-HTC:HC1812,SIM-HTC,HC1812,Toán kinh tế (CTĐT Toán tài chính; Thống kê ứng dụng trong tài chính *),,tai_chinh,standard,,A00;A01;D01;D07;X06;X26,A00,,https://diemthi.vnexpress.net/tra-cuu-dai-hoc/loadbenchmark/id/387/year/2026/sortby/1/block_name/-1
SIM-HVN:HVN01,SIM-HVN,HVN01,Thú y,,y_duoc,standard,,A00;A01;B00;B08;C03;C04;D01;D07;X01;X07,A00,Khối sức khỏe: có ngưỡng điểm sàn của Bộ,https://vietnamnet.vn/newsapi-edu/UniversityDetail/GetDetail?pageId=49ff289efde0446f9ae2f5c385595744&componentId=COMPONENT002302&keyword=HVN&year=2026&pageSize=25&pageIndex=0&typeOfTraining=0&subjectGroup=
SIM-HVN:HVN02,SIM-HVN,HVN02,Chăn nuôi thú y - Thuỷ sản,,y_duoc,standard,,A00;A01;B00;B08;C03;C04;D01;D07;X01;X07;X08,A00,Khối sức khỏe: có ngưỡng điểm sàn của Bộ,https://vietnamnet.vn/newsapi-edu/UniversityDetail/GetDetail?pageId=49ff289efde0446f9ae2f5c385595744&componentId=COMPONENT002302&keyword=HVN&year=2026&pageSize=25&pageIndex=1&typeOfTraining=0&subjectGroup=
SIM-HVN:HVN03,SIM-HVN,HVN03,Nông nghiệp và cảnh quan,,nong_lam_mt,standard,,A00;A01;B00;B08;C03;C04;D01;D07;X01;X07;X08,A00,,https://vietnamnet.vn/newsapi-edu/UniversityDetail/GetDetail?pageId=49ff289efde0446f9ae2f5c385595744&componentId=COMPONENT002302&keyword=HVN&year=2026&pageSize=25&pageIndex=1&typeOfTraining=0&subjectGroup=
SIM-HVN:HVN04,SIM-HVN,HVN04,Công nghệ kỹ thuật ô tô và Cơ điện tử,,ky_thuat,standard,,A00;A01;A03;B08;C01;C02;C03;D01;X02;X07;X08,A00,,https://vietnamnet.vn/newsapi-edu/UniversityDetail/GetDetail?pageId=49ff289efde0446f9ae2f5c385595744&componentId=COMPONENT002302&keyword=HVN&year=2026&pageSize=25&pageIndex=0&typeOfTraining=0&subjectGroup=
SIM-HVN:HVN05,SIM-HVN,HVN05,Kỹ thuật cơ khí,,ky_thuat,standard,,A00;A01;A03;B08;C01;C02;C03;D01;X02;X07;X08,A00,,https://vietnamnet.vn/newsapi-edu/UniversityDetail/GetDetail?pageId=49ff289efde0446f9ae2f5c385595744&componentId=COMPONENT002302&keyword=HVN&year=2026&pageSize=25&pageIndex=0&typeOfTraining=0&subjectGroup=
SIM-HVN:HVN06,SIM-HVN,HVN06,"Kỹ thuật điện, Điện tử và Tự động hoá",,ky_thuat,standard,,A00;A01;A03;B08;C01;C02;C03;D01;X02;X07;X08,A00,,https://vietnamnet.vn/newsapi-edu/UniversityDetail/GetDetail?pageId=49ff289efde0446f9ae2f5c385595744&componentId=COMPONENT002302&keyword=HVN&year=2026&pageSize=25&pageIndex=0&typeOfTraining=0&subjectGroup=
SIM-HVN:HVN07,SIM-HVN,HVN07,Logistics và Quản lý chuỗi cung ứng,,du_lich,standard,,A00;A01;A07;B08;C02;C03;C04;D01;X01;X03;X04,A00,,https://vietnamnet.vn/newsapi-edu/UniversityDetail/GetDetail?pageId=49ff289efde0446f9ae2f5c385595744&componentId=COMPONENT002302&keyword=HVN&year=2026&pageSize=25&pageIndex=0&typeOfTraining=0&subjectGroup=
SIM-HVN:HVN08,SIM-HVN,HVN08,"Kế toán, Quản trị kinh doanh và Thương mại",,tai_chinh,standard,,A00;A01;A07;B08;C02;C03;C04;D01;X01;X03;X04,A00,,https://vietnamnet.vn/newsapi-edu/UniversityDetail/GetDetail?pageId=49ff289efde0446f9ae2f5c385595744&componentId=COMPONENT002302&keyword=HVN&year=2026&pageSize=25&pageIndex=1&typeOfTraining=0&subjectGroup=
SIM-HVN:HVN09,SIM-HVN,HVN09,Công nghệ sinh học và Công nghệ dược liệu,,y_duoc,standard,,A00;A01;B00;B01;B03;B08;C02;D01;D07;X07;X08,A00,Khối sức khỏe: có ngưỡng điểm sàn của Bộ,https://vietnamnet.vn/newsapi-edu/UniversityDetail/GetDetail?pageId=49ff289efde0446f9ae2f5c385595744&componentId=COMPONENT002302&keyword=HVN&year=2026&pageSize=25&pageIndex=1&typeOfTraining=0&subjectGroup=
SIM-HVN:HVN10,SIM-HVN,HVN10,Công nghệ thực phẩm và Chế biến,,sinh_hoa,standard,,A00;A01;B00;B01;B03;B08;C03;D01;D07;X07;X08,A00,,https://vietnamnet.vn/newsapi-edu/UniversityDetail/GetDetail?pageId=49ff289efde0446f9ae2f5c385595744&componentId=COMPONENT002302&keyword=HVN&year=2026&pageSize=25&pageIndex=0&typeOfTraining=0&subjectGroup=
SIM-HVN:HVN11,SIM-HVN,HVN11,Kinh tế và Quản lý,,kinh_te,standard,,A00;A01;A07;B08;C02;C03;C04;D01;X01;X03;X04;D07,A00,,https://vietnamnet.vn/newsapi-edu/UniversityDetail/GetDetail?pageId=49ff289efde0446f9ae2f5c385595744&componentId=COMPONENT002302&keyword=HVN&year=2026&pageSize=25&pageIndex=1&typeOfTraining=0&subjectGroup=
SIM-HVN:HVN12,SIM-HVN,HVN12,Xã hội học,,xa_hoi,standard,,A01;C00;C03;C04;D01;D14;D15;X03;X04;X70;X74,A01,,https://vietnamnet.vn/newsapi-edu/UniversityDetail/GetDetail?pageId=49ff289efde0446f9ae2f5c385595744&componentId=COMPONENT002302&keyword=HVN&year=2026&pageSize=25&pageIndex=1&typeOfTraining=0&subjectGroup=
SIM-HVN:HVN13,SIM-HVN,HVN13,Luật,,luat,standard,,A01;C00;C03;C04;D01;D14;D15;X03;X04;X70;X74,A01,,https://vietnamnet.vn/newsapi-edu/UniversityDetail/GetDetail?pageId=49ff289efde0446f9ae2f5c385595744&componentId=COMPONENT002302&keyword=HVN&year=2026&pageSize=25&pageIndex=0&typeOfTraining=0&subjectGroup=
SIM-HVN:HVN14,SIM-HVN,HVN14,Công nghệ thông tin và Kỹ thuật số,,cntt,standard,,A00;A01;A03;B08;C01;C02;C03;D01;X02;X07;X08;D07,A00,,https://vietnamnet.vn/newsapi-edu/UniversityDetail/GetDetail?pageId=49ff289efde0446f9ae2f5c385595744&componentId=COMPONENT002302&keyword=HVN&year=2026&pageSize=25&pageIndex=1&typeOfTraining=0&subjectGroup=
SIM-HVN:HVN15,SIM-HVN,HVN15,"Quản lý đất đai, Bất động sản và Môi trường",,nong_lam_mt,standard,,A00;A01;B00;B08;C01;C02;C03;C04;D01;X03;X04,A00,,https://vietnamnet.vn/newsapi-edu/UniversityDetail/GetDetail?pageId=49ff289efde0446f9ae2f5c385595744&componentId=COMPONENT002302&keyword=HVN&year=2026&pageSize=25&pageIndex=1&typeOfTraining=0&subjectGroup=
SIM-HVN:HVN16,SIM-HVN,HVN16,Khoa học môi trường,,nong_lam_mt,standard,,A00;A01;B00;B08;C01;C02;C03;C04;D01;X03;X04,A00,,https://vietnamnet.vn/newsapi-edu/UniversityDetail/GetDetail?pageId=49ff289efde0446f9ae2f5c385595744&componentId=COMPONENT002302&keyword=HVN&year=2026&pageSize=25&pageIndex=1&typeOfTraining=0&subjectGroup=
SIM-HVN:HVN17,SIM-HVN,HVN17,Ngôn ngữ Anh,,ngon_ngu,standard,,A01;D01;D09;D10;D11;D14;D15;X25;X27;X28;X78;D07,A01,,https://vietnamnet.vn/newsapi-edu/UniversityDetail/GetDetail?pageId=49ff289efde0446f9ae2f5c385595744&componentId=COMPONENT002302&keyword=HVN&year=2026&pageSize=25&pageIndex=1&typeOfTraining=0&subjectGroup=
SIM-HVN:HVN18,SIM-HVN,HVN18,Ngôn ngữ Trung Quốc,,ngon_ngu,standard,,D01;D04;D11;D12;D13;D14;D15;D45;D55;D65;A00;A01;B00,D01,,https://vietnamnet.vn/newsapi-edu/UniversityDetail/GetDetail?pageId=49ff289efde0446f9ae2f5c385595744&componentId=COMPONENT002302&keyword=HVN&year=2026&pageSize=25&pageIndex=0&typeOfTraining=0&subjectGroup=
SIM-HVN:HVN19,SIM-HVN,HVN19,Sư phạm công nghệ,,su_pham,standard,,A00;A01;B00;B08;C01;C02;C03;D01;X03;X04;X07;X08,A00,"Sư phạm: không nhận thí sinh bị dị hình, dị tật, nói ngọng, nói lắp; điểm sàn của Bộ",https://vietnamnet.vn/newsapi-edu/UniversityDetail/GetDetail?pageId=49ff289efde0446f9ae2f5c385595744&componentId=COMPONENT002302&keyword=HVN&year=2026&pageSize=25&pageIndex=0&typeOfTraining=0&subjectGroup=
SIM-HVN:HVN20,SIM-HVN,HVN20,Du lịch,,du_lich,standard,,A00;A01;A07;B08;C02;C03;C04;D01;X01;X03;X04,A00,,https://vietnamnet.vn/newsapi-edu/UniversityDetail/GetDetail?pageId=49ff289efde0446f9ae2f5c385595744&componentId=COMPONENT002302&keyword=HVN&year=2026&pageSize=25&pageIndex=0&typeOfTraining=0&subjectGroup=
SIM-HVN:HVN21,SIM-HVN,HVN21,Quản lý và phát triển du lịch,,du_lich,standard,,A00;A01;A07;B08;C02;C03;C04;D01;X01;X03;X04,A00,,https://vietnamnet.vn/newsapi-edu/UniversityDetail/GetDetail?pageId=49ff289efde0446f9ae2f5c385595744&componentId=COMPONENT002302&keyword=HVN&year=2026&pageSize=25&pageIndex=1&typeOfTraining=0&subjectGroup=
SIM-HVN:HVN22,SIM-HVN,HVN22,Quy hoạch vùng và Đô thị,,xay_dung,standard,,A00;A01;B00;B08;C01;C02;C03;C04;D01;X03;X04,A00,,https://vietnamnet.vn/newsapi-edu/UniversityDetail/GetDetail?pageId=49ff289efde0446f9ae2f5c385595744&componentId=COMPONENT002302&keyword=HVN&year=2026&pageSize=25&pageIndex=1&typeOfTraining=0&subjectGroup=
SIM-HVN:HVN23,SIM-HVN,HVN23,Di sản học,,,standard,,A01;C00;C03;C04;D01;D14;D15;X03;X04;X70;X74,A01,,https://vietnamnet.vn/newsapi-edu/UniversityDetail/GetDetail?pageId=49ff289efde0446f9ae2f5c385595744&componentId=COMPONENT002302&keyword=HVN&year=2026&pageSize=25&pageIndex=1&typeOfTraining=0&subjectGroup=
SIM-KHA:7220201,SIM-KHA,7220201,Ngôn ngữ Anh,7220201,ngon_ngu,standard,,A00;A01;D01;D07;D10;D09,A00,,https://diemthi.vnexpress.net/tra-cuu-dai-hoc/loadbenchmark/id/392/year/2026/sortby/1/block_name/-1
SIM-KHA:7310101P1,SIM-KHA,7310101P1,Kinh tế học,7310101,kinh_te,standard,,A00;A01;D01;D07,A00,,https://diemthi.vnexpress.net/tra-cuu-dai-hoc/loadbenchmark/id/392/year/2026/sortby/1/block_name/-1
SIM-KHA:7310101P2,SIM-KHA,7310101P2,Kinh tế và quản lý đô thị,7310101,xay_dung,standard,,A00;A01;D01;D07,A00,,https://diemthi.vnexpress.net/tra-cuu-dai-hoc/loadbenchmark/id/392/year/2026/sortby/1/block_name/-1
SIM-KHA:7310101P3,SIM-KHA,7310101P3,Kinh tế và quản lý nguồn nhân lực,7310101,kinh_te,standard,,A00;A01;D01;D07,A00,,https://diemthi.vnexpress.net/tra-cuu-dai-hoc/loadbenchmark/id/392/year/2026/sortby/1/block_name/-1
SIM-KHA:7310104,SIM-KHA,7310104,Kinh tế đầu tư,7310104,tai_chinh,standard,,A00;A01;D01;D07;B00,A00,,https://diemthi.vnexpress.net/tra-cuu-dai-hoc/loadbenchmark/id/392/year/2026/sortby/1/block_name/-1
SIM-KHA:7310105,SIM-KHA,7310105,Kinh tế phát triển,7310105,kinh_te,standard,,A00;A01;D01;D07,A00,,https://diemthi.vnexpress.net/tra-cuu-dai-hoc/loadbenchmark/id/392/year/2026/sortby/1/block_name/-1
SIM-KHA:7310106,SIM-KHA,7310106,Kinh tế quốc tế,7310106,kinh_te,international,,A00;A01;D01;D07,A00,"Học bằng tiếng Anh (thường cần trình độ tiếng Anh tốt, có thể yêu cầu IELTS/chứng chỉ khi nhập học) | Chương trình liên kết/quốc tế: học phí cao hơn chương trình chuẩn",https://diemthi.vnexpress.net/tra-cuu-dai-hoc/loadbenchmark/id/392/year/2026/sortby/1/block_name/-1
SIM-KHA:7310107,SIM-KHA,7310107,Thống kê kinh tế,7310107,kinh_te,standard,,A00;A01;D01;D07,A00,,https://diemthi.vnexpress.net/tra-cuu-dai-hoc/loadbenchmark/id/392/year/2026/sortby/1/block_name/-1
SIM-KHA:7310108,SIM-KHA,7310108,Toán kinh tế,7310108,kinh_te,standard,,A00;A01;D01;D07,A00,,https://diemthi.vnexpress.net/tra-cuu-dai-hoc/loadbenchmark/id/392/year/2026/sortby/1/block_name/-1
SIM-KHA:7320108,SIM-KHA,7320108,Quan hệ công chúng,7320108,bao_chi,standard,,A00;A01;D01;D07;C03;C04,A00,,https://diemthi.vnexpress.net/tra-cuu-dai-hoc/loadbenchmark/id/392/year/2026/sortby/1/block_name/-1
SIM-KHA:7340101,SIM-KHA,7340101,Quản trị Kinh doanh,7340101,kinh_te,standard,,A00;A01;D01;D07,A00,,https://diemthi.vnexpress.net/tra-cuu-dai-hoc/loadbenchmark/id/392/year/2026/sortby/1/block_name/-1
SIM-KHA:7340115,SIM-KHA,7340115,Marketing,7340115,kinh_te,standard,,A00;A01;D01;D07;D10,A00,,https://diemthi.vnexpress.net/tra-cuu-dai-hoc/loadbenchmark/id/392/year/2026/sortby/1/block_name/-1
SIM-KHA:7340116,SIM-KHA,7340116,Bất động sản,7340116,kinh_te,standard,,A00;A01;D01;D07,A00,,https://diemthi.vnexpress.net/tra-cuu-dai-hoc/loadbenchmark/id/392/year/2026/sortby/1/block_name/-1
SIM-KHA:7340120,SIM-KHA,7340120,Ngành Kinh doanh quốc tế,7340120,kinh_te,international,,A00;A01;D01;D07,A00,"Học bằng tiếng Anh (thường cần trình độ tiếng Anh tốt, có thể yêu cầu IELTS/chứng chỉ khi nhập học) | Chương trình liên kết/quốc tế: học phí cao hơn chương trình chuẩn",https://diemthi.vnexpress.net/tra-cuu-dai-hoc/loadbenchmark/id/392/year/2026/sortby/1/block_name/-1
SIM-KHA:7340121,SIM-KHA,7340121,Kinh doanh thương mại,7340121,kinh_te,standard,,A00;A01;D01;D07,A00,,https://diemthi.vnexpress.net/tra-cuu-dai-hoc/loadbenchmark/id/392/year/2026/sortby/1/block_name/-1
SIM-KHA:7340122,SIM-KHA,7340122,Thương mại điện tử,7340122,kinh_te,standard,,A00;A01;D01;D07,A00,,https://diemthi.vnexpress.net/tra-cuu-dai-hoc/loadbenchmark/id/392/year/2026/sortby/1/block_name/-1
SIM-KHA:7340201,SIM-KHA,7340201,Tài chính – Ngân hàng,7340201,tai_chinh,standard,,A00;A01;D01;D07,A00,,https://diemthi.vnexpress.net/tra-cuu-dai-hoc/loadbenchmark/id/392/year/2026/sortby/1/block_name/-1
SIM-KHA:7340204,SIM-KHA,7340204,Bảo hiểm,7340204,tai_chinh,standard,,A00;A01;D01;D07,A00,,https://diemthi.vnexpress.net/tra-cuu-dai-hoc/loadbenchmark/id/392/year/2026/sortby/1/block_name/-1
SIM-KHA:7340205,SIM-KHA,7340205,Công nghệ tài chính,7340205,tai_chinh,standard,,A00;A01;D01;D07,A00,,https://diemthi.vnexpress.net/tra-cuu-dai-hoc/loadbenchmark/id/392/year/2026/sortby/1/block_name/-1
SIM-KHA:7340301,SIM-KHA,7340301,Kế toán,7340301,tai_chinh,standard,,A00;A01;D01;D07,A00,,https://diemthi.vnexpress.net/tra-cuu-dai-hoc/loadbenchmark/id/392/year/2026/sortby/1/block_name/-1
SIM-KHA:7340302,SIM-KHA,7340302,Kiểm toán,7340302,tai_chinh,standard,,A00;A01;D01;D07,A00,,https://diemthi.vnexpress.net/tra-cuu-dai-hoc/loadbenchmark/id/392/year/2026/sortby/1/block_name/-1
SIM-KHA:7340401,SIM-KHA,7340401,Khoa học quản lý,7340401,kinh_te,standard,,A00;A01;D01;D07,A00,,https://diemthi.vnexpress.net/tra-cuu-dai-hoc/loadbenchmark/id/392/year/2026/sortby/1/block_name/-1
SIM-KHA:7340403,SIM-KHA,7340403,Quản lý công,7340403,xa_hoi,standard,,A00;A01;D01;D07,A00,,https://diemthi.vnexpress.net/tra-cuu-dai-hoc/loadbenchmark/id/392/year/2026/sortby/1/block_name/-1
SIM-KHA:7340404,SIM-KHA,7340404,Quản trị nhân lực,7340404,kinh_te,standard,,A00;A01;D01;D07,A00,,https://diemthi.vnexpress.net/tra-cuu-dai-hoc/loadbenchmark/id/392/year/2026/sortby/1/block_name/-1
SIM-KHA:7340405,SIM-KHA,7340405,Hệ thống thông tin,7340405,cntt,standard,,A00;A01;D01;D07,A00,,https://diemthi.vnexpress.net/tra-cuu-dai-hoc/loadbenchmark/id/392/year/2026/sortby/1/block_name/-1
SIM-KHA:7340408,SIM-KHA,7340408,Quan hệ lao động (CN Quản lý Quan hệ lao động. CN Hành vi tổ chức),7340408,kinh_te,standard,,A00;A01;D01;D07,A00,,https://diemthi.vnexpress.net/tra-cuu-dai-hoc/loadbenchmark/id/392/year/2026/sortby/1/block_name/-1
SIM-KHA:7340409,SIM-KHA,7340409,Quản lý dự án,7340409,kinh_te,standard,,A00;A01;D01;D07;B00,A00,,https://diemthi.vnexpress.net/tra-cuu-dai-hoc/loadbenchmark/id/392/year/2026/sortby/1/block_name/-1
SIM-KHA:7380101,SIM-KHA,7380101,Ngành Luật,7380101,luat,standard,,A00;A01;D01;D07;D10,A00,,https://diemthi.vnexpress.net/tra-cuu-dai-hoc/loadbenchmark/id/392/year/2026/sortby/1/block_name/-1
SIM-KHA:7380107,SIM-KHA,7380107,Luật kinh tế,7380107,luat,standard,,A00;A01;D01;D07;D10,A00,,https://diemthi.vnexpress.net/tra-cuu-dai-hoc/loadbenchmark/id/392/year/2026/sortby/1/block_name/-1
SIM-KHA:7380109,SIM-KHA,7380109,Luật Thương mại Quốc tế,7380109,luat,international,,A00;A01;D01;D07,A00,"Học bằng tiếng Anh (thường cần trình độ tiếng Anh tốt, có thể yêu cầu IELTS/chứng chỉ khi nhập học) | Chương trình liên kết/quốc tế: học phí cao hơn chương trình chuẩn",https://diemthi.vnexpress.net/tra-cuu-dai-hoc/loadbenchmark/id/392/year/2026/sortby/1/block_name/-1
SIM-KHA:7480101,SIM-KHA,7480101,Khoa học máy tính,7480101,cntt,standard,,A00;A01;D01;D07,A00,,https://diemthi.vnexpress.net/tra-cuu-dai-hoc/loadbenchmark/id/392/year/2026/sortby/1/block_name/-1
SIM-KHA:7480104,SIM-KHA,7480104,Hệ thống thông tin,7480104,cntt,standard,,A00;A01;D01;D07,A00,,https://diemthi.vnexpress.net/tra-cuu-dai-hoc/loadbenchmark/id/392/year/2026/sortby/1/block_name/-1
SIM-KHA:7480201,SIM-KHA,7480201,Công nghệ thông tin,7480201,cntt,standard,,A00;A01;D01;D07,A00,,https://diemthi.vnexpress.net/tra-cuu-dai-hoc/loadbenchmark/id/392/year/2026/sortby/1/block_name/-1
SIM-KHA:7480202,SIM-KHA,7480202,An toàn thông tin,7480202,cntt,standard,,A00;A01;D01;D07,A00,,https://diemthi.vnexpress.net/tra-cuu-dai-hoc/loadbenchmark/id/392/year/2026/sortby/1/block_name/-1
SIM-KHA:7510605,SIM-KHA,7510605,Logistics và Quản lý chuỗi cung ứng,7510605,du_lich,standard,,A00;A01;D01;D07,A00,,https://diemthi.vnexpress.net/tra-cuu-dai-hoc/loadbenchmark/id/392/year/2026/sortby/1/block_name/-1
SIM-KHA:7620114,SIM-KHA,7620114,Kinh doanh nông nghiệp,7620114,nong_lam_mt,standard,,A00;A01;D01;D07;B00,A00,,https://diemthi.vnexpress.net/tra-cuu-dai-hoc/loadbenchmark/id/392/year/2026/sortby/1/block_name/-1
SIM-KHA:7620115,SIM-KHA,7620115,Kinh tế nông nghiệp,7620115,nong_lam_mt,standard,,A00;A01;D01;D07,A00,,https://diemthi.vnexpress.net/tra-cuu-dai-hoc/loadbenchmark/id/392/year/2026/sortby/1/block_name/-1
SIM-KHA:7810103,SIM-KHA,7810103,Quản trị dịch vụ du lịch và lữ hành,7810103,du_lich,standard,,A00;A01;D01;D07,A00,,https://diemthi.vnexpress.net/tra-cuu-dai-hoc/loadbenchmark/id/392/year/2026/sortby/1/block_name/-1
SIM-KHA:7810201,SIM-KHA,7810201,Quản trị khách sạn,7810201,du_lich,standard,,A00;A01;D01;D07,A00,,https://diemthi.vnexpress.net/tra-cuu-dai-hoc/loadbenchmark/id/392/year/2026/sortby/1/block_name/-1
SIM-KHA:7850101,SIM-KHA,7850101,Quản lý tài nguyên và môi trường,7850101,nong_lam_mt,standard,,A00;A01;D01;D07,A00,,https://diemthi.vnexpress.net/tra-cuu-dai-hoc/loadbenchmark/id/392/year/2026/sortby/1/block_name/-1
SIM-KHA:7850102,SIM-KHA,7850102,Kinh tế tài nguyên thiên nhiên,7850102,nong_lam_mt,standard,,A00;A01;D01;D07,A00,,https://diemthi.vnexpress.net/tra-cuu-dai-hoc/loadbenchmark/id/392/year/2026/sortby/1/block_name/-1
SIM-KHA:7850103,SIM-KHA,7850103,Quản lý đất đai,7850103,nong_lam_mt,standard,,A00;A01;D01;D07,A00,,https://diemthi.vnexpress.net/tra-cuu-dai-hoc/loadbenchmark/id/392/year/2026/sortby/1/block_name/-1
SIM-KHA:C140201,SIM-KHA,C140201,Giáo dục Mầm non,,su_pham,standard,,A00;A01;D01;D07,A00,"Sư phạm: không nhận thí sinh bị dị hình, dị tật, nói ngọng, nói lắp; điểm sàn của Bộ",https://diemthi.vnexpress.net/tra-cuu-dai-hoc/loadbenchmark/id/392/year/2026/sortby/1/block_name/-1
SIM-KHA:CLC1,SIM-KHA,CLC1,"Chương trình CLC (Kinh tế phát triển, Ngân hàng, CNTT và chuyển đổi số, Bảo hiểm ANZIIF)",,tai_chinh,high_quality,,A00;A01;D01;D07,A00,,https://diemthi.vnexpress.net/tra-cuu-dai-hoc/loadbenchmark/id/392/year/2026/sortby/1/block_name/-1
SIM-KHA:CLC2,SIM-KHA,CLC2,"Chương trình CLC (Kinh tế đầu tư, Quản trị nhân lực, Quản trị kinh doanh, Quan hệ công chúng)",,bao_chi,high_quality,,A00;A01;D01;D07,A00,,https://diemthi.vnexpress.net/tra-cuu-dai-hoc/loadbenchmark/id/392/year/2026/sortby/1/block_name/-1
SIM-KHA:CLC3,SIM-KHA,CLC3,"Chương trình CLC (Tài chính doanh nghiệp, Marketing số, Quản trị Marketing, Quản trị KDQT, Kinh tế quốc tế, Logistics và QL CCU, Thương mại điện tử, Kiểm toán ACCA)",,tai_chinh,international,,A00;A01;D01;D07,A00,"Học bằng tiếng Anh (thường cần trình độ tiếng Anh tốt, có thể yêu cầu IELTS/chứng chỉ khi nhập học) | Chương trình liên kết/quốc tế: học phí cao hơn chương trình chuẩn",https://diemthi.vnexpress.net/tra-cuu-dai-hoc/loadbenchmark/id/392/year/2026/sortby/1/block_name/-1
SIM-KHA:EBBA,SIM-KHA,EBBA,Quản trị kinh doanh học bằng tiếng Anh (EBBA),,ngon_ngu,standard,,A00;A01;D01;D07,A00,"Học bằng tiếng Anh (thường cần trình độ tiếng Anh tốt, có thể yêu cầu IELTS/chứng chỉ khi nhập học)",https://diemthi.vnexpress.net/tra-cuu-dai-hoc/loadbenchmark/id/392/year/2026/sortby/1/block_name/-1
SIM-KHA:EP01,SIM-KHA,EP01,Khởi nghiệp và phát triển kinh doanh (BBAE) học bằng tiếng Anh (tiếng Anh hệ số 2),,ngon_ngu,standard,,A00;A01;D01;D07;D09,A00,"Học bằng tiếng Anh (thường cần trình độ tiếng Anh tốt, có thể yêu cầu IELTS/chứng chỉ khi nhập học)",https://diemthi.vnexpress.net/tra-cuu-dai-hoc/loadbenchmark/id/392/year/2026/sortby/1/block_name/-1
SIM-KHA:EP02,SIM-KHA,EP02,Định phí Bảo hiểm và Quản trị rủi ro (Actuary) học bằng tiếng Anh,,tai_chinh,standard,,A00;A01;D01;D07,A00,"Học bằng tiếng Anh (thường cần trình độ tiếng Anh tốt, có thể yêu cầu IELTS/chứng chỉ khi nhập học)",https://diemthi.vnexpress.net/tra-cuu-dai-hoc/loadbenchmark/id/392/year/2026/sortby/1/block_name/-1
SIM-KHA:EP03,SIM-KHA,EP03,Khoa học dữ liệu trong Kinh tế và Kinh doanh (DSEB),,cntt,standard,,A00;A01;D01;D07,A00,,https://diemthi.vnexpress.net/tra-cuu-dai-hoc/loadbenchmark/id/392/year/2026/sortby/1/block_name/-1
SIM-KHA:EP04,SIM-KHA,EP04,Kế toán tích hợp chứng chỉ quốc tế (ICAEW CFAB),,tai_chinh,international,,A00;A01;D01;D07,A00,"Học bằng tiếng Anh (thường cần trình độ tiếng Anh tốt, có thể yêu cầu IELTS/chứng chỉ khi nhập học) | Chương trình liên kết/quốc tế: học phí cao hơn chương trình chuẩn",https://diemthi.vnexpress.net/tra-cuu-dai-hoc/loadbenchmark/id/392/year/2026/sortby/1/block_name/-1
SIM-KHA:EP05,SIM-KHA,EP05,Kinh doanh số (E-BDB),,kinh_te,standard,,A00;A01;D01;D07,A00,,https://diemthi.vnexpress.net/tra-cuu-dai-hoc/loadbenchmark/id/392/year/2026/sortby/1/block_name/-1
SIM-KHA:EP06,SIM-KHA,EP06,Phân tích kinh doanh (BA),,kinh_te,standard,,A00;A01;D01;D07;D10,A00,,https://diemthi.vnexpress.net/tra-cuu-dai-hoc/loadbenchmark/id/392/year/2026/sortby/1/block_name/-1
SIM-KHA:EP07,SIM-KHA,EP07,Quản trị điều hành thông minh (E-SOM),,kinh_te,standard,,A00;A01;D01;D07;D10,A00,,https://diemthi.vnexpress.net/tra-cuu-dai-hoc/loadbenchmark/id/392/year/2026/sortby/1/block_name/-1
SIM-KHA:EP08,SIM-KHA,EP08,Quản trị chất lượng và Đổi mới (E-MQI),,kinh_te,standard,,A00;A01;D01;D07;D10,A00,,https://diemthi.vnexpress.net/tra-cuu-dai-hoc/loadbenchmark/id/392/year/2026/sortby/1/block_name/-1
SIM-KHA:EP09,SIM-KHA,EP09,Công nghệ tài chính (BFT),,tai_chinh,standard,,A00;A01;D01;D07;B00,A00,,https://diemthi.vnexpress.net/tra-cuu-dai-hoc/loadbenchmark/id/392/year/2026/sortby/1/block_name/-1
SIM-KHA:EP10,SIM-KHA,EP10,Đầu tư tài chính (BFI - tiếng Anh hệ số 2),,tai_chinh,standard,,A00;A01;D01;D07;D10,A00,"Học bằng tiếng Anh (thường cần trình độ tiếng Anh tốt, có thể yêu cầu IELTS/chứng chỉ khi nhập học)",https://diemthi.vnexpress.net/tra-cuu-dai-hoc/loadbenchmark/id/392/year/2026/sortby/1/block_name/-1
SIM-KHA:EP11,SIM-KHA,EP11,Quản trị khách sạn quốc tế (IHME - tiếng Anh hệ số 2),,du_lich,international,,A00;A01;D01;D07;D09;D10,A00,"Học bằng tiếng Anh (thường cần trình độ tiếng Anh tốt, có thể yêu cầu IELTS/chứng chỉ khi nhập học) | Chương trình liên kết/quốc tế: học phí cao hơn chương trình chuẩn",https://diemthi.vnexpress.net/tra-cuu-dai-hoc/loadbenchmark/id/392/year/2026/sortby/1/block_name/-1
SIM-KHA:EP12,SIM-KHA,EP12,Kiểm toán tích hợp chứng chỉ quốc tế (AUD-ICAEW),,tai_chinh,international,,A00;A01;D01;D07,A00,"Học bằng tiếng Anh (thường cần trình độ tiếng Anh tốt, có thể yêu cầu IELTS/chứng chỉ khi nhập học) | Chương trình liên kết/quốc tế: học phí cao hơn chương trình chuẩn",https://diemthi.vnexpress.net/tra-cuu-dai-hoc/loadbenchmark/id/392/year/2026/sortby/1/block_name/-1
SIM-KHA:EP13,SIM-KHA,EP13,Kinh tế học tài chính (FE),,tai_chinh,standard,,A00;A01;D01;D07;B00,A00,,https://diemthi.vnexpress.net/tra-cuu-dai-hoc/loadbenchmark/id/392/year/2026/sortby/1/block_name/-1
SIM-KHA:EP14,SIM-KHA,EP14,Logistics và Quản lý chuỗi cung ứng tích hợp chứng chỉ quốc tế (LSIC),,du_lich,international,,A00;A01;D01;D07;D10,A00,"Học bằng tiếng Anh (thường cần trình độ tiếng Anh tốt, có thể yêu cầu IELTS/chứng chỉ khi nhập học) | Chương trình liên kết/quốc tế: học phí cao hơn chương trình chuẩn",https://diemthi.vnexpress.net/tra-cuu-dai-hoc/loadbenchmark/id/392/year/2026/sortby/1/block_name/-1
SIM-KHA:EP15,SIM-KHA,EP15,Khoa học dữ liệu,,cntt,standard,,A00;A01;D01;D07,A00,,https://diemthi.vnexpress.net/tra-cuu-dai-hoc/loadbenchmark/id/392/year/2026/sortby/1/block_name/-1
SIM-KHA:EP16,SIM-KHA,EP16,Trí tuệ nhân tạo,,cntt,standard,,A00;A01;D01;D07,A00,,https://diemthi.vnexpress.net/tra-cuu-dai-hoc/loadbenchmark/id/392/year/2026/sortby/1/block_name/-1
SIM-KHA:EP17,SIM-KHA,EP17,Kỹ thuật phần mềm,,cntt,standard,,A00;A01;D01;D07,A00,,https://diemthi.vnexpress.net/tra-cuu-dai-hoc/loadbenchmark/id/392/year/2026/sortby/1/block_name/-1
SIM-KHA:EP18,SIM-KHA,EP18,Quản trị giải trí và sự kiện,,du_lich,standard,,A00;A01;D01;D07;D09;D10,A00,,https://diemthi.vnexpress.net/tra-cuu-dai-hoc/loadbenchmark/id/392/year/2026/sortby/1/block_name/-1
SIM-KHA:EP19,SIM-KHA,EP19,Công nghệ Marketing,,kinh_te,standard,,A00;A01;D01;D07,A00,,https://diemthi.vnexpress.net/tra-cuu-dai-hoc/loadbenchmark/id/392/year/2026/sortby/1/block_name/-1
SIM-KHA:EP20,SIM-KHA,EP20,Công nghệ Logistics,,du_lich,standard,,A00;A01;D01;D07,A00,,https://diemthi.vnexpress.net/tra-cuu-dai-hoc/loadbenchmark/id/392/year/2026/sortby/1/block_name/-1
SIM-KHA:EP21,SIM-KHA,EP21,Kiểm toán nội bộ,,tai_chinh,standard,,A00;A01;D01;D07,A00,,https://diemthi.vnexpress.net/tra-cuu-dai-hoc/loadbenchmark/id/392/year/2026/sortby/1/block_name/-1
SIM-KHA:EP22,SIM-KHA,EP22,Kinh tế quốc tế,,kinh_te,international,,A00;A01;D01;D07,A00,"Học bằng tiếng Anh (thường cần trình độ tiếng Anh tốt, có thể yêu cầu IELTS/chứng chỉ khi nhập học) | Chương trình liên kết/quốc tế: học phí cao hơn chương trình chuẩn",https://diemthi.vnexpress.net/tra-cuu-dai-hoc/loadbenchmark/id/392/year/2026/sortby/1/block_name/-1
SIM-KHA:EP23,SIM-KHA,EP23,Kinh tế số,,kinh_te,standard,,A00;A01;D01;D07,A00,,https://diemthi.vnexpress.net/tra-cuu-dai-hoc/loadbenchmark/id/392/year/2026/sortby/1/block_name/-1
SIM-KHA:EP24,SIM-KHA,EP24,Kinh tế Y tế,,kinh_te,standard,,A00;A01;D01;D07,A00,,https://diemthi.vnexpress.net/tra-cuu-dai-hoc/loadbenchmark/id/392/year/2026/sortby/1/block_name/-1
SIM-KHA:EP25,SIM-KHA,EP25,Phát triển quốc tế,,xa_hoi,international,,A00;A01;D01;D07,A00,"Học bằng tiếng Anh (thường cần trình độ tiếng Anh tốt, có thể yêu cầu IELTS/chứng chỉ khi nhập học) | Chương trình liên kết/quốc tế: học phí cao hơn chương trình chuẩn",https://diemthi.vnexpress.net/tra-cuu-dai-hoc/loadbenchmark/id/392/year/2026/sortby/1/block_name/-1
SIM-KHA:EP26,SIM-KHA,EP26,Công nghệ môi trường và phát triển bền vững,,nong_lam_mt,standard,,A00;A01;D01;D07,A00,,https://diemthi.vnexpress.net/tra-cuu-dai-hoc/loadbenchmark/id/392/year/2026/sortby/1/block_name/-1
SIM-KHA:EP27,SIM-KHA,EP27,Quản trị công nghiệp sáng tạo,,kinh_te,standard,,A00;A01;D01;D07,A00,,https://diemthi.vnexpress.net/tra-cuu-dai-hoc/loadbenchmark/id/392/year/2026/sortby/1/block_name/-1
SIM-KHA:EP28,SIM-KHA,EP28,Quản trị nhân lực quốc tế,,kinh_te,international,,A00;A01;D01;D07,A00,"Học bằng tiếng Anh (thường cần trình độ tiếng Anh tốt, có thể yêu cầu IELTS/chứng chỉ khi nhập học) | Chương trình liên kết/quốc tế: học phí cao hơn chương trình chuẩn",https://diemthi.vnexpress.net/tra-cuu-dai-hoc/loadbenchmark/id/392/year/2026/sortby/1/block_name/-1
SIM-KHA:EP29,SIM-KHA,EP29,Quản trị rủi ro định lượng,,kinh_te,standard,,A00;A01;D01;D07,A00,,https://diemthi.vnexpress.net/tra-cuu-dai-hoc/loadbenchmark/id/392/year/2026/sortby/1/block_name/-1
SIM-KHA:EP30,SIM-KHA,EP30,Toán ứng dụng,,khoa_hoc_tn,standard,,A00;A01;D01;D07,A00,,https://diemthi.vnexpress.net/tra-cuu-dai-hoc/loadbenchmark/id/392/year/2026/sortby/1/block_name/-1
SIM-KHA:EP31,SIM-KHA,EP31,Thẩm định giá/Ngành TC-NH,,tai_chinh,standard,,A00;A01;D01;D07,A00,,https://vietnamnet.vn/newsapi-edu/UniversityDetail/GetDetail?pageId=49ff289efde0446f9ae2f5c385595744&componentId=COMPONENT002302&keyword=KHA&year=2026&pageSize=25&pageIndex=3&typeOfTraining=0&subjectGroup=
SIM-KHA:EP32,SIM-KHA,EP32,Thống kê và Trí tuệ kinh doanh,,kinh_te,standard,,A00;A01;D01;D07,A00,,https://diemthi.vnexpress.net/tra-cuu-dai-hoc/loadbenchmark/id/392/year/2026/sortby/1/block_name/-1
SIM-KHA:EPMP,SIM-KHA,EPMP,Quản lý công và chính sách học bằng tiếng Anh (EPMP),,ngon_ngu,standard,,A00;A01;D01;D07,A00,"Học bằng tiếng Anh (thường cần trình độ tiếng Anh tốt, có thể yêu cầu IELTS/chứng chỉ khi nhập học)",https://diemthi.vnexpress.net/tra-cuu-dai-hoc/loadbenchmark/id/392/year/2026/sortby/1/block_name/-1
SIM-KHA:POHE1,SIM-KHA,POHE1,Quản trị khách sạn,,du_lich,standard,,A00;A01;D01;D07;D09,A00,,https://diemthi.vnexpress.net/tra-cuu-dai-hoc/loadbenchmark/id/392/year/2026/sortby/1/block_name/-1
SIM-KHA:POHE2,SIM-KHA,POHE2,Quản trị lữ hành,,du_lich,standard,,A00;A01;D01;D07;D09,A00,,https://diemthi.vnexpress.net/tra-cuu-dai-hoc/loadbenchmark/id/392/year/2026/sortby/1/block_name/-1
SIM-KHA:POHE3,SIM-KHA,POHE3,Truyền thông Marketing,,bao_chi,standard,,A00;A01;D01;D07;D09,A00,,https://diemthi.vnexpress.net/tra-cuu-dai-hoc/loadbenchmark/id/392/year/2026/sortby/1/block_name/-1
SIM-KHA:POHE4,SIM-KHA,POHE4,Luật kinh doanh,,luat,standard,,A00;A01;D01;D07;D09,A00,,https://diemthi.vnexpress.net/tra-cuu-dai-hoc/loadbenchmark/id/392/year/2026/sortby/1/block_name/-1
SIM-KHA:POHE5,SIM-KHA,POHE5,Quản trị kinh doanh thương mại,,kinh_te,standard,,A00;A01;D01;D07;D09,A00,,https://diemthi.vnexpress.net/tra-cuu-dai-hoc/loadbenchmark/id/392/year/2026/sortby/1/block_name/-1
SIM-KHA:POHE6,SIM-KHA,POHE6,Quản lí thị trường,,kinh_te,standard,,A00;A01;D01;D07;D09,A00,,https://diemthi.vnexpress.net/tra-cuu-dai-hoc/loadbenchmark/id/392/year/2026/sortby/1/block_name/-1
SIM-KHA:POHE7,SIM-KHA,POHE7,Thẩm định giá,,tai_chinh,standard,,A00;A01;D01;D07;D09,A00,,https://diemthi.vnexpress.net/tra-cuu-dai-hoc/loadbenchmark/id/392/year/2026/sortby/1/block_name/-1
SIM-KHA:TT1,SIM-KHA,TT1,"Chương trình Tiên tiến (Kế toán, Kế hoạch tài chính, Quản trị kinh doanh)",,tai_chinh,advanced,,A00;A01;D01;D07,A00,"Học bằng tiếng Anh (thường cần trình độ tiếng Anh tốt, có thể yêu cầu IELTS/chứng chỉ khi nhập học)",https://diemthi.vnexpress.net/tra-cuu-dai-hoc/loadbenchmark/id/392/year/2026/sortby/1/block_name/-1
SIM-KHA:TT2,SIM-KHA,TT2,"Chương trình Tiên tiến (Tài chính, Kinh doanh quốc tế)",,tai_chinh,international,,A00;A01;D01;D07,A00,"Học bằng tiếng Anh (thường cần trình độ tiếng Anh tốt, có thể yêu cầu IELTS/chứng chỉ khi nhập học) | Chương trình liên kết/quốc tế: học phí cao hơn chương trình chuẩn",https://diemthi.vnexpress.net/tra-cuu-dai-hoc/loadbenchmark/id/392/year/2026/sortby/1/block_name/-1
SIM-KTS:7580201,SIM-KTS,7580201,Kỹ thuật xây dựng,7580201,xay_dung,standard,,A00;A01;C01;C02,A00,,https://diemthi.vnexpress.net/tra-cuu-dai-hoc/loadbenchmark/id/273/year/2026/sortby/1/block_name/-1
SIM-KTS:7580201QT,SIM-KTS,7580201QT,Xây dựng (Tongmyong - Hàn Quốc),7580201,xay_dung,standard,,A00;A01;C01,A00,,https://diemthi.vnexpress.net/tra-cuu-dai-hoc/loadbenchmark/id/273/year/2026/sortby/1/block_name/-1
SIM-KTS:7580210,SIM-KTS,7580210,Kỹ thuật cơ sở hạ tầng,7580210,xay_dung,standard,hạ tầng,A01;D01;D07;A00;C01,A01,Học tại hạ tầng,https://diemthi.vnexpress.net/tra-cuu-dai-hoc/loadbenchmark/id/273/year/2026/sortby/1/block_name/-1
SIM-KTS:7580210QT,SIM-KTS,7580210QT,Kỹ thuật cơ sở hạ tầng &lpar;Chương trình ĐH Quốc tế - TP.HCM&rpar;,7580210,xay_dung,international,hạ tầng &lpar,A01;D01;D07,A01,"Học bằng tiếng Anh (thường cần trình độ tiếng Anh tốt, có thể yêu cầu IELTS/chứng chỉ khi nhập học) | Chương trình liên kết/quốc tế: học phí cao hơn chương trình chuẩn | Học tại hạ tầng &lpar",https://diemthi.vnexpress.net/tra-cuu-dai-hoc/loadbenchmark/id/273/year/2026/sortby/1/block_name/-1
SIM-KTS:7580302,SIM-KTS,7580302,Quản lý xây dựng,7580302,xay_dung,standard,,A00;A01;C01;C02,A00,,https://diemthi.vnexpress.net/tra-cuu-dai-hoc/loadbenchmark/id/273/year/2026/sortby/1/block_name/-1
SIM-LPH:7220201,SIM-LPH,7220201,Ngôn ngữ Anh,7220201,ngon_ngu,standard,,A01;D01,A01,,https://diemthi.vnexpress.net/tra-cuu-dai-hoc/loadbenchmark/id/399/year/2026/sortby/1/block_name/-1
SIM-LPH:7380101,SIM-LPH,7380101,Ngành Luật,7380101,luat,standard,,A00;A01;C00;D01;D02;D03;D04;D05;D06,A00,,https://diemthi.vnexpress.net/tra-cuu-dai-hoc/loadbenchmark/id/399/year/2026/sortby/1/block_name/-1
SIM-LPH:7380101PH,SIM-LPH,7380101PH,Luật (dành cho Phân hiệu Đắk Lắk),7380101,luat,standard,Đắk Lắk,A00;A01;C00;D01;D02;D03;D04;D05;D06,A00,Học tại Đắk Lắk,https://diemthi.vnexpress.net/tra-cuu-dai-hoc/loadbenchmark/id/399/year/2026/sortby/1/block_name/-1
SIM-LPH:7380107,SIM-LPH,7380107,Luật kinh tế,7380107,luat,standard,,A00;A01;C00;D01;D02;D03;D04;D05;D06,A00,,https://diemthi.vnexpress.net/tra-cuu-dai-hoc/loadbenchmark/id/399/year/2026/sortby/1/block_name/-1
SIM-LPH:7380109,SIM-LPH,7380109,Luật Thương mại Quốc tế,7380109,luat,international,,A01;D01,A01,"Học bằng tiếng Anh (thường cần trình độ tiếng Anh tốt, có thể yêu cầu IELTS/chứng chỉ khi nhập học) | Chương trình liên kết/quốc tế: học phí cao hơn chương trình chuẩn",https://diemthi.vnexpress.net/tra-cuu-dai-hoc/loadbenchmark/id/399/year/2026/sortby/1/block_name/-1
SIM-LPS:7220201,SIM-LPS,7220201,Ngôn ngữ Anh,7220201,ngon_ngu,standard,,D01;D14;X78;D15;D09;X25;D10,D01,,https://diemthi.vnexpress.net/tra-cuu-dai-hoc/loadbenchmark/id/274/year/2026/sortby/1/block_name/-1
SIM-LPS:7220204,SIM-LPS,7220204,Ngôn ngữ Trung Quốc,7220204,ngon_ngu,standard,,D01;D04;D14;D65;X78;X90;D15;D45;D09;D40;X25;X37;D10;D20,D01,,https://vietnamnet.vn/newsapi-edu/UniversityDetail/GetDetail?pageId=49ff289efde0446f9ae2f5c385595744&componentId=COMPONENT002302&keyword=LPS&year=2026&pageSize=25&pageIndex=0&typeOfTraining=0&subjectGroup=
SIM-LPS:7310109,SIM-LPS,7310109,Kinh tế số,7310109,kinh_te,standard,,A01;D07;D01;X25;X26;A00,A01,,https://vietnamnet.vn/newsapi-edu/UniversityDetail/GetDetail?pageId=49ff289efde0446f9ae2f5c385595744&componentId=COMPONENT002302&keyword=LPS&year=2026&pageSize=25&pageIndex=0&typeOfTraining=0&subjectGroup=
SIM-LPS:7340101,SIM-LPS,7340101,Quản trị Kinh doanh,7340101,kinh_te,standard,,A01;D07;D01;X25;X26;A00,A01,,https://diemthi.vnexpress.net/tra-cuu-dai-hoc/loadbenchmark/id/274/year/2026/sortby/1/block_name/-1
SIM-LPS:7340102,SIM-LPS,7340102,Quản trị - Luật,7340102,luat,standard,,A01;D07;D01;X25;X26;D11;D12;X78;X79;A00,A01,,https://diemthi.vnexpress.net/tra-cuu-dai-hoc/loadbenchmark/id/274/year/2026/sortby/1/block_name/-1
SIM-LPS:7340120,SIM-LPS,7340120,Ngành Kinh doanh quốc tế,7340120,kinh_te,international,,A01;D07;D01;X25;X26;A00,A01,"Học bằng tiếng Anh (thường cần trình độ tiếng Anh tốt, có thể yêu cầu IELTS/chứng chỉ khi nhập học) | Chương trình liên kết/quốc tế: học phí cao hơn chương trình chuẩn",https://diemthi.vnexpress.net/tra-cuu-dai-hoc/loadbenchmark/id/274/year/2026/sortby/1/block_name/-1
SIM-LPS:7340122,SIM-LPS,7340122,Thương mại điện tử,7340122,kinh_te,standard,,A01;D07;D01;X25;X26;A00,A01,,https://diemthi.vnexpress.net/tra-cuu-dai-hoc/loadbenchmark/id/274/year/2026/sortby/1/block_name/-1
SIM-LPS:7340201,SIM-LPS,7340201,Tài chính – Ngân hàng,7340201,tai_chinh,standard,,A01;D07;D01;X25;X26;A00,A01,,https://diemthi.vnexpress.net/tra-cuu-dai-hoc/loadbenchmark/id/274/year/2026/sortby/1/block_name/-1
SIM-LPS:7340205,SIM-LPS,7340205,Công nghệ tài chính,7340205,tai_chinh,standard,,A01;D07;D01;X25;X26;A00,A01,,https://diemthi.vnexpress.net/tra-cuu-dai-hoc/loadbenchmark/id/274/year/2026/sortby/1/block_name/-1
SIM-LPS:7380101,SIM-LPS,7380101,Ngành Luật,7380101,luat,standard,,D01;D03;D04;D06;X78;X86;X90;X98;D11;D53;D54;D55;D12;D48;D49;D50;D14;D63;D64;D65;D15;D43;D44;D45;X25;X33;X37;X45;A01;D28;D29;D30;D07;D23;D24;D25;D09;D38;D39;D40;D10;D18;D19;D20;A00,D01,,https://diemthi.vnexpress.net/tra-cuu-dai-hoc/loadbenchmark/id/274/year/2026/sortby/1/block_name/-1
SIM-LPS:7380109,SIM-LPS,7380109,Luật Thương mại Quốc tế,7380109,luat,international,,D11;D01;X78;D12;A01;X25;D07,D11,"Học bằng tiếng Anh (thường cần trình độ tiếng Anh tốt, có thể yêu cầu IELTS/chứng chỉ khi nhập học) | Chương trình liên kết/quốc tế: học phí cao hơn chương trình chuẩn",https://diemthi.vnexpress.net/tra-cuu-dai-hoc/loadbenchmark/id/274/year/2026/sortby/1/block_name/-1
SIM-MBS:7140103,SIM-MBS,7140103,Công nghệ Giáo dục,7140103,su_pham,international,,D01;A01;D07;D08;D09;D10;X25;X26;X27;X28;D11;D12;D13;D14;D15;X78;X79;X80;X81,D01,"Học bằng tiếng Anh (thường cần trình độ tiếng Anh tốt, có thể yêu cầu IELTS/chứng chỉ khi nhập học) | Chương trình liên kết/quốc tế: học phí cao hơn chương trình chuẩn | Sư phạm: không nhận thí sinh bị dị hình, dị tật, nói ngọng, nói lắp; điểm sàn của Bộ",https://diemthi.vnexpress.net/tra-cuu-dai-hoc/loadbenchmark/id/275/year/2026/sortby/1/block_name/-1
SIM-MBS:7220201,SIM-MBS,7220201,Ngôn ngữ Anh,7220201,ngon_ngu,international,,D01;A01;D07;D08;D09;D10;X25;X26;D11;D12;D13;D14;D15;X78;X79,D01,"Học bằng tiếng Anh (thường cần trình độ tiếng Anh tốt, có thể yêu cầu IELTS/chứng chỉ khi nhập học) | Chương trình liên kết/quốc tế: học phí cao hơn chương trình chuẩn",https://diemthi.vnexpress.net/tra-cuu-dai-hoc/loadbenchmark/id/275/year/2026/sortby/1/block_name/-1
SIM-MBS:7220201C,SIM-MBS,7220201C,Ngôn ngữ Anh (CTCLC),7220201,ngon_ngu,international,,D01;A01;D07;D08;D09;D10;X25;X26;D11;D12;D13;D14;D15;X78;X79,D01,"Học bằng tiếng Anh (thường cần trình độ tiếng Anh tốt, có thể yêu cầu IELTS/chứng chỉ khi nhập học) | Chương trình liên kết/quốc tế: học phí cao hơn chương trình chuẩn",https://diemthi.vnexpress.net/tra-cuu-dai-hoc/loadbenchmark/id/275/year/2026/sortby/1/block_name/-1
SIM-MBS:7220201D,SIM-MBS,7220201D,Ngôn ngữ Anh (hệ Đại trà),7220201,ngon_ngu,international,,D01;A01;D07;D08;D09;D10;X25;X26;D11;D12;D13;D14;D15;X78;X79,D01,"Học bằng tiếng Anh (thường cần trình độ tiếng Anh tốt, có thể yêu cầu IELTS/chứng chỉ khi nhập học) | Chương trình liên kết/quốc tế: học phí cao hơn chương trình chuẩn",https://diemthi.vnexpress.net/tra-cuu-dai-hoc/loadbenchmark/id/275/year/2026/sortby/1/block_name/-1
SIM-MBS:7220201FL,SIM-MBS,7220201FL,Ngôn ngữ Anh - CTLK ĐH Flinders,7220201,ngon_ngu,international,,A01;D01;D07;D14;D15;X78,A01,"Học bằng tiếng Anh (thường cần trình độ tiếng Anh tốt, có thể yêu cầu IELTS/chứng chỉ khi nhập học) | Chương trình liên kết/quốc tế: học phí cao hơn chương trình chuẩn",https://diemthi.vnexpress.net/tra-cuu-dai-hoc/loadbenchmark/id/275/year/2026/sortby/1/block_name/-1
SIM-MBS:7220204,SIM-MBS,7220204,Ngôn ngữ Trung Quốc,7220204,ngon_ngu,international,,D01;D04;D11;D55;D12;D13;D60;D14;D15;D65;D45;X78;X90;X79;D06;D22;A01;D07,D01,"Học bằng tiếng Anh (thường cần trình độ tiếng Anh tốt, có thể yêu cầu IELTS/chứng chỉ khi nhập học) | Chương trình liên kết/quốc tế: học phí cao hơn chương trình chuẩn",https://diemthi.vnexpress.net/tra-cuu-dai-hoc/loadbenchmark/id/275/year/2026/sortby/1/block_name/-1
SIM-MBS:7220204C,SIM-MBS,7220204C,Ngôn ngữ Trung Quốc - CLC,7220204,ngon_ngu,international,,D01;D04;D11;D55;D12;D13;D60;D14;D15;D65;D45;X78;X90;X79;D06;D22;A01;D07,D01,"Học bằng tiếng Anh (thường cần trình độ tiếng Anh tốt, có thể yêu cầu IELTS/chứng chỉ khi nhập học) | Chương trình liên kết/quốc tế: học phí cao hơn chương trình chuẩn",https://diemthi.vnexpress.net/tra-cuu-dai-hoc/loadbenchmark/id/275/year/2026/sortby/1/block_name/-1
SIM-MBS:7220209,SIM-MBS,7220209,Ngôn ngữ Nhật,7220209,ngon_ngu,international,,D01;D06;D53;D11;D48;D12;D13;D14;D58;D63;D15;X78;X79;D43;X98;X99;D22;A01;D07,D01,"Học bằng tiếng Anh (thường cần trình độ tiếng Anh tốt, có thể yêu cầu IELTS/chứng chỉ khi nhập học) | Chương trình liên kết/quốc tế: học phí cao hơn chương trình chuẩn",https://diemthi.vnexpress.net/tra-cuu-dai-hoc/loadbenchmark/id/275/year/2026/sortby/1/block_name/-1
SIM-MBS:7220209C,SIM-MBS,7220209C,Ngôn ngữ Nhật - CLC,7220209,ngon_ngu,international,,D01;D06;D53;D11;D48;D12;D13;D14;D58;D63;D15;X78;X79;D43;X98;X99;D22;A01;D07,D01,"Học bằng tiếng Anh (thường cần trình độ tiếng Anh tốt, có thể yêu cầu IELTS/chứng chỉ khi nhập học) | Chương trình liên kết/quốc tế: học phí cao hơn chương trình chuẩn",https://diemthi.vnexpress.net/tra-cuu-dai-hoc/loadbenchmark/id/275/year/2026/sortby/1/block_name/-1
SIM-MBS:7220210,SIM-MBS,7220210,Ngôn ngữ Hàn Quốc,7220210,ngon_ngu,international,,D01;D11;D12;D13;D14;D15;X78;X79;Y04;Y03;D06;D22;A01;D07,D01,"Học bằng tiếng Anh (thường cần trình độ tiếng Anh tốt, có thể yêu cầu IELTS/chứng chỉ khi nhập học) | Chương trình liên kết/quốc tế: học phí cao hơn chương trình chuẩn",https://diemthi.vnexpress.net/tra-cuu-dai-hoc/loadbenchmark/id/275/year/2026/sortby/1/block_name/-1
SIM-MBS:7310101,SIM-MBS,7310101,Kinh tế,7310101,kinh_te,international,,A00;A01;X06;D07;D01;D10;X10;X26;X11;X07;D09,A00,"Học bằng tiếng Anh (thường cần trình độ tiếng Anh tốt, có thể yêu cầu IELTS/chứng chỉ khi nhập học) | Chương trình liên kết/quốc tế: học phí cao hơn chương trình chuẩn",https://diemthi.vnexpress.net/tra-cuu-dai-hoc/loadbenchmark/id/275/year/2026/sortby/1/block_name/-1
SIM-MBS:7310101C,SIM-MBS,7310101C,Kinh tế CLC,7310101,kinh_te,international,,A01;D07;D01;X26;D09;D10;X27;A00;X06;X10;X02,A01,"Học bằng tiếng Anh (thường cần trình độ tiếng Anh tốt, có thể yêu cầu IELTS/chứng chỉ khi nhập học) | Chương trình liên kết/quốc tế: học phí cao hơn chương trình chuẩn",https://diemthi.vnexpress.net/tra-cuu-dai-hoc/loadbenchmark/id/275/year/2026/sortby/1/block_name/-1
SIM-MBS:7310104,SIM-MBS,7310104,Kinh tế đầu tư,7310104,tai_chinh,international,,A00;A01;X06;D07;D01;D10;X10;X26;X11;X07,A00,"Học bằng tiếng Anh (thường cần trình độ tiếng Anh tốt, có thể yêu cầu IELTS/chứng chỉ khi nhập học) | Chương trình liên kết/quốc tế: học phí cao hơn chương trình chuẩn",https://diemthi.vnexpress.net/tra-cuu-dai-hoc/loadbenchmark/id/275/year/2026/sortby/1/block_name/-1
SIM-MBS:7310301,SIM-MBS,7310301,Xã hội học,7310301,xa_hoi,international,,D01;C00;D14;D15;X01;X78;X70;X74;D02;D03;D04;D05;D06;D61;D62;D63;D64;D65;D41;D42;D43;D44;D45;X82;X86;X90;X94;X98;Y03;A01,D01,"Học bằng tiếng Anh (thường cần trình độ tiếng Anh tốt, có thể yêu cầu IELTS/chứng chỉ khi nhập học) | Chương trình liên kết/quốc tế: học phí cao hơn chương trình chuẩn",https://diemthi.vnexpress.net/tra-cuu-dai-hoc/loadbenchmark/id/275/year/2026/sortby/1/block_name/-1
SIM-MBS:7310401,SIM-MBS,7310401,Tâm lý học,7310401,xa_hoi,international,,D01;C00;D14;D15;X01;X78;X70;X74;D02;D03;D04;D05;D06;D61;D62;D63;D64;D65;D41;D42;D43;D44;D45;X82;X86;X90;X94;X98;Y03;A01;D22,D01,"Học bằng tiếng Anh (thường cần trình độ tiếng Anh tốt, có thể yêu cầu IELTS/chứng chỉ khi nhập học) | Chương trình liên kết/quốc tế: học phí cao hơn chương trình chuẩn",https://diemthi.vnexpress.net/tra-cuu-dai-hoc/loadbenchmark/id/275/year/2026/sortby/1/block_name/-1
SIM-MBS:7310620,SIM-MBS,7310620,Đông Nam Á học,7310620,ngon_ngu,international,,D01;C00;D14;D15;X01;X78;X70;X74;D02;D03;D04;D05;D06;D61;D62;D63;D64;D65;D41;D42;D43;D44;D45;X82;X86;X90;X94;X98;Y03;A01,D01,"Học bằng tiếng Anh (thường cần trình độ tiếng Anh tốt, có thể yêu cầu IELTS/chứng chỉ khi nhập học) | Chương trình liên kết/quốc tế: học phí cao hơn chương trình chuẩn",https://diemthi.vnexpress.net/tra-cuu-dai-hoc/loadbenchmark/id/275/year/2026/sortby/1/block_name/-1
SIM-MBS:7320104,SIM-MBS,7320104,Truyền thông đa phương tiện,7320104,bao_chi,international,,D01;C03;C04;C02;B03;C01;X02;X01;X03;X04,D01,"Học bằng tiếng Anh (thường cần trình độ tiếng Anh tốt, có thể yêu cầu IELTS/chứng chỉ khi nhập học) | Chương trình liên kết/quốc tế: học phí cao hơn chương trình chuẩn",https://diemthi.vnexpress.net/tra-cuu-dai-hoc/loadbenchmark/id/275/year/2026/sortby/1/block_name/-1
SIM-MBS:7340101,SIM-MBS,7340101,Quản trị Kinh doanh,7340101,kinh_te,international,,A00;A01;X06;D07;X10;D08;X26;C01;C02;B03;D01;X02;X79,A00,"Học bằng tiếng Anh (thường cần trình độ tiếng Anh tốt, có thể yêu cầu IELTS/chứng chỉ khi nhập học) | Chương trình liên kết/quốc tế: học phí cao hơn chương trình chuẩn",https://diemthi.vnexpress.net/tra-cuu-dai-hoc/loadbenchmark/id/275/year/2026/sortby/1/block_name/-1
SIM-MBS:7340101C,SIM-MBS,7340101C,Quản trị kinh doanh,7340101,kinh_te,international,,A01;D07;D08;D09;D01;X27;X25;X26;X79;A00;X06;X10;X02,A01,"Học bằng tiếng Anh (thường cần trình độ tiếng Anh tốt, có thể yêu cầu IELTS/chứng chỉ khi nhập học) | Chương trình liên kết/quốc tế: học phí cao hơn chương trình chuẩn",https://diemthi.vnexpress.net/tra-cuu-dai-hoc/loadbenchmark/id/275/year/2026/sortby/1/block_name/-1
SIM-MBS:7340101D,SIM-MBS,7340101D,Quản trị kinh doanh (Chuyên ngành Quản trị Nhà hàng - Khách sạn),7340101,du_lich,international,,A00;A01;D01;D07;X06;X10;X02;X26;B08;D08;C01;C02,A00,"Học bằng tiếng Anh (thường cần trình độ tiếng Anh tốt, có thể yêu cầu IELTS/chứng chỉ khi nhập học) | Chương trình liên kết/quốc tế: học phí cao hơn chương trình chuẩn",https://diemthi.vnexpress.net/tra-cuu-dai-hoc/loadbenchmark/id/275/year/2026/sortby/1/block_name/-1
SIM-MBS:7340101FL,SIM-MBS,7340101FL,Quản trị kinh doanh - CTLK ĐH Flinders,7340101,kinh_te,international,,A01;D01;D07;D09;D08;X27;X26;D10;X25,A01,"Học bằng tiếng Anh (thường cần trình độ tiếng Anh tốt, có thể yêu cầu IELTS/chứng chỉ khi nhập học) | Chương trình liên kết/quốc tế: học phí cao hơn chương trình chuẩn",https://diemthi.vnexpress.net/tra-cuu-dai-hoc/loadbenchmark/id/275/year/2026/sortby/1/block_name/-1
SIM-MBS:7340101SQ,SIM-MBS,7340101SQ,Quản trị kinh doanh - CTLK ĐH Southern Queensland,7340101,kinh_te,international,,A01;D01;D07;D09;D08;X27;X26;D10;X25,A01,"Học bằng tiếng Anh (thường cần trình độ tiếng Anh tốt, có thể yêu cầu IELTS/chứng chỉ khi nhập học) | Chương trình liên kết/quốc tế: học phí cao hơn chương trình chuẩn",https://diemthi.vnexpress.net/tra-cuu-dai-hoc/loadbenchmark/id/275/year/2026/sortby/1/block_name/-1
SIM-MBS:7340101SW,SIM-MBS,7340101SW,Quản trị kinh doanh - CTLK ĐH South Wales,7340101,kinh_te,international,,A01;D01;D07;D09;D08;X27;X26;D10;X25,A01,"Học bằng tiếng Anh (thường cần trình độ tiếng Anh tốt, có thể yêu cầu IELTS/chứng chỉ khi nhập học) | Chương trình liên kết/quốc tế: học phí cao hơn chương trình chuẩn",https://diemthi.vnexpress.net/tra-cuu-dai-hoc/loadbenchmark/id/275/year/2026/sortby/1/block_name/-1
SIM-MBS:7340115,SIM-MBS,7340115,Marketing,7340115,kinh_te,international,,A00;A01;X06;D07;X10;D08;X26;C01;C02;B03;D01;X02;X79,A00,"Học bằng tiếng Anh (thường cần trình độ tiếng Anh tốt, có thể yêu cầu IELTS/chứng chỉ khi nhập học) | Chương trình liên kết/quốc tế: học phí cao hơn chương trình chuẩn",https://diemthi.vnexpress.net/tra-cuu-dai-hoc/loadbenchmark/id/275/year/2026/sortby/1/block_name/-1
SIM-MBS:7340115C,SIM-MBS,7340115C,Marketing,7340115,kinh_te,international,,A01;D07;D08;D09;D01;X27;X25;X26;X79;A00;X06;X10;X02,A01,"Học bằng tiếng Anh (thường cần trình độ tiếng Anh tốt, có thể yêu cầu IELTS/chứng chỉ khi nhập học) | Chương trình liên kết/quốc tế: học phí cao hơn chương trình chuẩn",https://diemthi.vnexpress.net/tra-cuu-dai-hoc/loadbenchmark/id/275/year/2026/sortby/1/block_name/-1
SIM-MBS:7340120,SIM-MBS,7340120,Ngành Kinh doanh quốc tế,7340120,kinh_te,international,,A00;A01;X06;D07;X10;D08;X26;C01;C02;B03;D01;X02;X79,A00,"Học bằng tiếng Anh (thường cần trình độ tiếng Anh tốt, có thể yêu cầu IELTS/chứng chỉ khi nhập học) | Chương trình liên kết/quốc tế: học phí cao hơn chương trình chuẩn",https://diemthi.vnexpress.net/tra-cuu-dai-hoc/loadbenchmark/id/275/year/2026/sortby/1/block_name/-1
SIM-MBS:7340120C,SIM-MBS,7340120C,Kinh doanh quốc tế (Chương trình chất lượng cao),7340120,kinh_te,international,,A01;D07;D08;D09;D01;X27;X25;X26;X79;A00;X06;X10;X02,A01,"Học bằng tiếng Anh (thường cần trình độ tiếng Anh tốt, có thể yêu cầu IELTS/chứng chỉ khi nhập học) | Chương trình liên kết/quốc tế: học phí cao hơn chương trình chuẩn",https://diemthi.vnexpress.net/tra-cuu-dai-hoc/loadbenchmark/id/275/year/2026/sortby/1/block_name/-1
SIM-MBS:7340120RO,SIM-MBS,7340120RO,Kinh doanh quốc tế - CTLK ĐH Rouen,7340120,kinh_te,international,,A00;A01;C01;D07;C02;D01;C04;D10,A00,"Học bằng tiếng Anh (thường cần trình độ tiếng Anh tốt, có thể yêu cầu IELTS/chứng chỉ khi nhập học) | Chương trình liên kết/quốc tế: học phí cao hơn chương trình chuẩn",https://diemthi.vnexpress.net/tra-cuu-dai-hoc/loadbenchmark/id/275/year/2026/sortby/1/block_name/-1
SIM-MBS:7340201,SIM-MBS,7340201,Tài chính – Ngân hàng,7340201,tai_chinh,international,,A00;A01;X06;D07;X10;D08;X26;C01;C02;B03;D01;X02;X03;X04;X07;X08;X11;X12,A00,"Học bằng tiếng Anh (thường cần trình độ tiếng Anh tốt, có thể yêu cầu IELTS/chứng chỉ khi nhập học) | Chương trình liên kết/quốc tế: học phí cao hơn chương trình chuẩn",https://diemthi.vnexpress.net/tra-cuu-dai-hoc/loadbenchmark/id/275/year/2026/sortby/1/block_name/-1
SIM-MBS:7340201C,SIM-MBS,7340201C,Tài chính – Ngân hàng (Chương trình chất lượng cao),7340201,tai_chinh,international,,A01;D07;D08;D09;D01;X27;X25;X26;X79;A00;X06;X10;X02;D10;X28,A01,"Học bằng tiếng Anh (thường cần trình độ tiếng Anh tốt, có thể yêu cầu IELTS/chứng chỉ khi nhập học) | Chương trình liên kết/quốc tế: học phí cao hơn chương trình chuẩn",https://diemthi.vnexpress.net/tra-cuu-dai-hoc/loadbenchmark/id/275/year/2026/sortby/1/block_name/-1
SIM-MBS:7340201D,SIM-MBS,7340201D,Tài chính ngân hàng,7340201,tai_chinh,international,,A00;A01;D01;D07;X06;X10;X02;X26;B08;D08;C01;C02,A00,"Học bằng tiếng Anh (thường cần trình độ tiếng Anh tốt, có thể yêu cầu IELTS/chứng chỉ khi nhập học) | Chương trình liên kết/quốc tế: học phí cao hơn chương trình chuẩn",https://diemthi.vnexpress.net/tra-cuu-dai-hoc/loadbenchmark/id/275/year/2026/sortby/1/block_name/-1
SIM-MBS:7340201FL,SIM-MBS,7340201FL,Tài chính ngân hàng - CTLK ĐH Flinders,7340201,tai_chinh,international,,A01;D01;D07;D09;D08;X27;X26;D10;X25,A01,"Học bằng tiếng Anh (thường cần trình độ tiếng Anh tốt, có thể yêu cầu IELTS/chứng chỉ khi nhập học) | Chương trình liên kết/quốc tế: học phí cao hơn chương trình chuẩn",https://diemthi.vnexpress.net/tra-cuu-dai-hoc/loadbenchmark/id/275/year/2026/sortby/1/block_name/-1
SIM-MBS:7340204,SIM-MBS,7340204,Bảo hiểm,7340204,tai_chinh,international,,A00;A01;X06;D07;X10;D08;X26;C01;C02;B03;D01;X02;X03;X04;X07;X08;X11;X12,A00,"Học bằng tiếng Anh (thường cần trình độ tiếng Anh tốt, có thể yêu cầu IELTS/chứng chỉ khi nhập học) | Chương trình liên kết/quốc tế: học phí cao hơn chương trình chuẩn",https://diemthi.vnexpress.net/tra-cuu-dai-hoc/loadbenchmark/id/275/year/2026/sortby/1/block_name/-1
SIM-MBS:7340205,SIM-MBS,7340205,Công nghệ tài chính,7340205,tai_chinh,international,,A00;A01;X06;D07;X10;D08;X26;C01;C02;B03;D01;X02;X03;X04;X07;X08;X11;X12,A00,"Học bằng tiếng Anh (thường cần trình độ tiếng Anh tốt, có thể yêu cầu IELTS/chứng chỉ khi nhập học) | Chương trình liên kết/quốc tế: học phí cao hơn chương trình chuẩn",https://diemthi.vnexpress.net/tra-cuu-dai-hoc/loadbenchmark/id/275/year/2026/sortby/1/block_name/-1
SIM-MBS:7340301,SIM-MBS,7340301,Kế toán,7340301,tai_chinh,international,,A00;A01;X06;D07;X10;D08;X26;C01;C02;B03;D01;X02;X25;X79,A00,"Học bằng tiếng Anh (thường cần trình độ tiếng Anh tốt, có thể yêu cầu IELTS/chứng chỉ khi nhập học) | Chương trình liên kết/quốc tế: học phí cao hơn chương trình chuẩn",https://diemthi.vnexpress.net/tra-cuu-dai-hoc/loadbenchmark/id/275/year/2026/sortby/1/block_name/-1
SIM-MBS:7340301C,SIM-MBS,7340301C,Kế toán (CT chất lượng cao),7340301,tai_chinh,international,,A01;D07;D08;D09;D01;X27;X25;X26;X79;A00;X06;X10;X02;X78;X28,A01,"Học bằng tiếng Anh (thường cần trình độ tiếng Anh tốt, có thể yêu cầu IELTS/chứng chỉ khi nhập học) | Chương trình liên kết/quốc tế: học phí cao hơn chương trình chuẩn",https://diemthi.vnexpress.net/tra-cuu-dai-hoc/loadbenchmark/id/275/year/2026/sortby/1/block_name/-1
SIM-MBS:7340301D,SIM-MBS,7340301D,Kế toán (hệ Đại trà),7340301,tai_chinh,international,,A00;A01;D01;D07;X06;X10;X02;X26;B08;D08;C01;C02,A00,"Học bằng tiếng Anh (thường cần trình độ tiếng Anh tốt, có thể yêu cầu IELTS/chứng chỉ khi nhập học) | Chương trình liên kết/quốc tế: học phí cao hơn chương trình chuẩn",https://diemthi.vnexpress.net/tra-cuu-dai-hoc/loadbenchmark/id/275/year/2026/sortby/1/block_name/-1
SIM-MBS:7340302,SIM-MBS,7340302,Kiểm toán,7340302,tai_chinh,international,,A00;A01;X06;D07;X10;D08;X26;C01;C02;B03;D01;X02;X25;X79,A00,"Học bằng tiếng Anh (thường cần trình độ tiếng Anh tốt, có thể yêu cầu IELTS/chứng chỉ khi nhập học) | Chương trình liên kết/quốc tế: học phí cao hơn chương trình chuẩn",https://diemthi.vnexpress.net/tra-cuu-dai-hoc/loadbenchmark/id/275/year/2026/sortby/1/block_name/-1
SIM-MBS:7340302C,SIM-MBS,7340302C,Kiểm toán,7340302,tai_chinh,international,,A01;D07;D08;D09;D01;X27;X25;X26;X79;A00;X06;X10;X02;X78;X28,A01,"Học bằng tiếng Anh (thường cần trình độ tiếng Anh tốt, có thể yêu cầu IELTS/chứng chỉ khi nhập học) | Chương trình liên kết/quốc tế: học phí cao hơn chương trình chuẩn",https://diemthi.vnexpress.net/tra-cuu-dai-hoc/loadbenchmark/id/275/year/2026/sortby/1/block_name/-1
SIM-MBS:7340403,SIM-MBS,7340403,Quản lý công,7340403,xa_hoi,international,,A00;A01;X06;D07;D01;D10;X10;X26;X11;X07;D09,A00,"Học bằng tiếng Anh (thường cần trình độ tiếng Anh tốt, có thể yêu cầu IELTS/chứng chỉ khi nhập học) | Chương trình liên kết/quốc tế: học phí cao hơn chương trình chuẩn",https://diemthi.vnexpress.net/tra-cuu-dai-hoc/loadbenchmark/id/275/year/2026/sortby/1/block_name/-1
SIM-MBS:7340404,SIM-MBS,7340404,Quản trị nhân lực,7340404,kinh_te,international,,A00;A01;X06;D07;X10;D08;X26;C01;C02;B03;D01;X02;C03;D09;X27;X56;X79,A00,"Học bằng tiếng Anh (thường cần trình độ tiếng Anh tốt, có thể yêu cầu IELTS/chứng chỉ khi nhập học) | Chương trình liên kết/quốc tế: học phí cao hơn chương trình chuẩn",https://diemthi.vnexpress.net/tra-cuu-dai-hoc/loadbenchmark/id/275/year/2026/sortby/1/block_name/-1
SIM-MBS:7340404C,SIM-MBS,7340404C,Quản trị nhân lực và văn phòng,7340404,kinh_te,international,,A01;D07;D08;D09;D01;X27;X25;X26;X79;A00;X06;X10;X02,A01,"Học bằng tiếng Anh (thường cần trình độ tiếng Anh tốt, có thể yêu cầu IELTS/chứng chỉ khi nhập học) | Chương trình liên kết/quốc tế: học phí cao hơn chương trình chuẩn",https://diemthi.vnexpress.net/tra-cuu-dai-hoc/loadbenchmark/id/275/year/2026/sortby/1/block_name/-1
SIM-MBS:7340405,SIM-MBS,7340405,Hệ thống thông tin,7340405,cntt,international,,A00;A01;X06;D07;X10;B00;X26;D10;X22;X27;X28;X56;X57;D01;X02;B03;D08;X14;C01;C02,A00,"Học bằng tiếng Anh (thường cần trình độ tiếng Anh tốt, có thể yêu cầu IELTS/chứng chỉ khi nhập học) | Chương trình liên kết/quốc tế: học phí cao hơn chương trình chuẩn",https://diemthi.vnexpress.net/tra-cuu-dai-hoc/loadbenchmark/id/275/year/2026/sortby/1/block_name/-1
SIM-MBS:7340405C,SIM-MBS,7340405C,Hệ thống thông tin quản lý Chương trình Tiên tiến,7340405,cntt,international,,A00;A01;X06;D07;X10;B00;X26;D10;X22;X27;X28;X56;X57;D01;X02;B03;D08;X14,A00,"Học bằng tiếng Anh (thường cần trình độ tiếng Anh tốt, có thể yêu cầu IELTS/chứng chỉ khi nhập học) | Chương trình liên kết/quốc tế: học phí cao hơn chương trình chuẩn",https://diemthi.vnexpress.net/tra-cuu-dai-hoc/loadbenchmark/id/275/year/2026/sortby/1/block_name/-1
SIM-MBS:7380101,SIM-MBS,7380101,Ngành Luật,7380101,luat,international,,D01;C03;X01;X70;D14;X78;C00;X02;X79;X87;X95;X99;A00;A01;D03;D05;D06,D01,"Học bằng tiếng Anh (thường cần trình độ tiếng Anh tốt, có thể yêu cầu IELTS/chứng chỉ khi nhập học) | Chương trình liên kết/quốc tế: học phí cao hơn chương trình chuẩn",https://diemthi.vnexpress.net/tra-cuu-dai-hoc/loadbenchmark/id/275/year/2026/sortby/1/block_name/-1
SIM-MBS:7380107,SIM-MBS,7380107,Luật kinh tế,7380107,luat,international,,D01;C03;X01;X70;D14;X78;C00;X02;X79;X87;X95;X99;A00;A01;D03;D05;D06,D01,"Học bằng tiếng Anh (thường cần trình độ tiếng Anh tốt, có thể yêu cầu IELTS/chứng chỉ khi nhập học) | Chương trình liên kết/quốc tế: học phí cao hơn chương trình chuẩn",https://diemthi.vnexpress.net/tra-cuu-dai-hoc/loadbenchmark/id/275/year/2026/sortby/1/block_name/-1
SIM-MBS:7380107C,SIM-MBS,7380107C,Luật kinh tế (CT chất lượng cao),7380107,luat,international,,D01;D14;X78;D15;D11;X79;X80;D12;C01;C00;X70;A01;D07;A00;C03;X01,D01,"Học bằng tiếng Anh (thường cần trình độ tiếng Anh tốt, có thể yêu cầu IELTS/chứng chỉ khi nhập học) | Chương trình liên kết/quốc tế: học phí cao hơn chương trình chuẩn",https://diemthi.vnexpress.net/tra-cuu-dai-hoc/loadbenchmark/id/275/year/2026/sortby/1/block_name/-1
SIM-MBS:7420201,SIM-MBS,7420201,Công nghệ sinh học,7420201,sinh_hoa,international,,A00;B00;X11;X12;X10;C02;A02;X07;X08;C01;B08;B03;X14;X15;X16;X27;X28;D07;D08;X56;X57,A00,"Học bằng tiếng Anh (thường cần trình độ tiếng Anh tốt, có thể yêu cầu IELTS/chứng chỉ khi nhập học) | Chương trình liên kết/quốc tế: học phí cao hơn chương trình chuẩn",https://diemthi.vnexpress.net/tra-cuu-dai-hoc/loadbenchmark/id/275/year/2026/sortby/1/block_name/-1
SIM-MBS:7420201C,SIM-MBS,7420201C,Công nghệ sinh học,7420201,sinh_hoa,international,,A00;B00;D07;X11;X12;X10;C02;A02;X07;X08;C01;D08;B03;X14;X15;X16;X27;A01;B08;X28;X56,A00,"Học bằng tiếng Anh (thường cần trình độ tiếng Anh tốt, có thể yêu cầu IELTS/chứng chỉ khi nhập học) | Chương trình liên kết/quốc tế: học phí cao hơn chương trình chuẩn",https://diemthi.vnexpress.net/tra-cuu-dai-hoc/loadbenchmark/id/275/year/2026/sortby/1/block_name/-1
SIM-MBS:7420203,SIM-MBS,7420203,Sinh học ứng dụng,7420203,sinh_hoa,international,,A00;B00;D07;X11;X12;X10;C02;A02;X07;X08;C01;D08;B03;X14;X15;X16;X27,A00,"Học bằng tiếng Anh (thường cần trình độ tiếng Anh tốt, có thể yêu cầu IELTS/chứng chỉ khi nhập học) | Chương trình liên kết/quốc tế: học phí cao hơn chương trình chuẩn",https://diemthi.vnexpress.net/tra-cuu-dai-hoc/loadbenchmark/id/275/year/2026/sortby/1/block_name/-1
SIM-MBS:7460108,SIM-MBS,7460108,Khoa học dữ liệu (Data Science),7460108,cntt,international,,C01;C02;B03;X02;D01;A00;A01;D07;X06;X10;X26,C01,"Học bằng tiếng Anh (thường cần trình độ tiếng Anh tốt, có thể yêu cầu IELTS/chứng chỉ khi nhập học) | Chương trình liên kết/quốc tế: học phí cao hơn chương trình chuẩn",https://diemthi.vnexpress.net/tra-cuu-dai-hoc/loadbenchmark/id/275/year/2026/sortby/1/block_name/-1
SIM-MBS:7460112,SIM-MBS,7460112,ĐH Toán ứng dụng,7460112,khoa_hoc_tn,international,,C01;C02;B03;X02;D01,C01,"Học bằng tiếng Anh (thường cần trình độ tiếng Anh tốt, có thể yêu cầu IELTS/chứng chỉ khi nhập học) | Chương trình liên kết/quốc tế: học phí cao hơn chương trình chuẩn",https://diemthi.vnexpress.net/tra-cuu-dai-hoc/loadbenchmark/id/275/year/2026/sortby/1/block_name/-1
SIM-MBS:7480101,SIM-MBS,7480101,Khoa học máy tính,7480101,cntt,international,,A00;A01;X06;D07;X10;B00;X26;D10;X22;X27;X28;X56;X57;D01;X02;B03;D08;X14;C01;C02,A00,"Học bằng tiếng Anh (thường cần trình độ tiếng Anh tốt, có thể yêu cầu IELTS/chứng chỉ khi nhập học) | Chương trình liên kết/quốc tế: học phí cao hơn chương trình chuẩn",https://diemthi.vnexpress.net/tra-cuu-dai-hoc/loadbenchmark/id/275/year/2026/sortby/1/block_name/-1
SIM-MBS:7480101C,SIM-MBS,7480101C,Quản trị kinh doanh - CLC,7480101,kinh_te,international,,A00;A01;X06;D07;X10;B00;X26;D10;X22;X27;X28;X56;X57;D01;X02;B03;D08;X14;C01;C02,A00,"Học bằng tiếng Anh (thường cần trình độ tiếng Anh tốt, có thể yêu cầu IELTS/chứng chỉ khi nhập học) | Chương trình liên kết/quốc tế: học phí cao hơn chương trình chuẩn",https://diemthi.vnexpress.net/tra-cuu-dai-hoc/loadbenchmark/id/275/year/2026/sortby/1/block_name/-1
SIM-MBS:7480103,SIM-MBS,7480103,Kỹ thuật phần mềm,7480103,cntt,international,,A00;A01;X06;D07;X10;B00;X26;D10;X22;X27;X28;X56;X57;D01;X02;B03;D08;X14;C01;C02,A00,"Học bằng tiếng Anh (thường cần trình độ tiếng Anh tốt, có thể yêu cầu IELTS/chứng chỉ khi nhập học) | Chương trình liên kết/quốc tế: học phí cao hơn chương trình chuẩn",https://diemthi.vnexpress.net/tra-cuu-dai-hoc/loadbenchmark/id/275/year/2026/sortby/1/block_name/-1
SIM-MBS:7480107,SIM-MBS,7480107,Trí tuệ nhân tạo,7480107,cntt,international,,A00;A01;X06;D07;X10;B00;X26;D10;X22;X27;X28;X56;X57;D01;X02;B03;D08;X14;C01;C02,A00,"Học bằng tiếng Anh (thường cần trình độ tiếng Anh tốt, có thể yêu cầu IELTS/chứng chỉ khi nhập học) | Chương trình liên kết/quốc tế: học phí cao hơn chương trình chuẩn",https://diemthi.vnexpress.net/tra-cuu-dai-hoc/loadbenchmark/id/275/year/2026/sortby/1/block_name/-1
SIM-MBS:7480201,SIM-MBS,7480201,Công nghệ thông tin,7480201,cntt,international,,A00;A01;X06;D07;X10;B00;X26;D10;X22;X27;X28;X56;X57;D01;X02;B03;D08;X14;C01;C02,A00,"Học bằng tiếng Anh (thường cần trình độ tiếng Anh tốt, có thể yêu cầu IELTS/chứng chỉ khi nhập học) | Chương trình liên kết/quốc tế: học phí cao hơn chương trình chuẩn",https://diemthi.vnexpress.net/tra-cuu-dai-hoc/loadbenchmark/id/275/year/2026/sortby/1/block_name/-1
SIM-MBS:7480201C,SIM-MBS,7480201C,Công nghệ thông tin (CTCLC),7480201,cntt,international,,A00;A01;X06;D07;X10;B00;X26;D10;X22;X27;X28;X56;X57;D01;X02;B03;D08;X14;B08,A00,"Học bằng tiếng Anh (thường cần trình độ tiếng Anh tốt, có thể yêu cầu IELTS/chứng chỉ khi nhập học) | Chương trình liên kết/quốc tế: học phí cao hơn chương trình chuẩn",https://diemthi.vnexpress.net/tra-cuu-dai-hoc/loadbenchmark/id/275/year/2026/sortby/1/block_name/-1
SIM-MBS:7480202,SIM-MBS,7480202,An toàn thông tin,7480202,cntt,international,,A00;A01;X06;D07;X10;B00;X26;D10;X22;X27;X28;X56;X57;D01;X02;B03;D08;X14,A00,"Học bằng tiếng Anh (thường cần trình độ tiếng Anh tốt, có thể yêu cầu IELTS/chứng chỉ khi nhập học) | Chương trình liên kết/quốc tế: học phí cao hơn chương trình chuẩn",https://diemthi.vnexpress.net/tra-cuu-dai-hoc/loadbenchmark/id/275/year/2026/sortby/1/block_name/-1
SIM-MBS:7510102,SIM-MBS,7510102,Công nghệ kỹ thuật xây dựng dân dụng và công nghiệp,7510102,xay_dung,international,,A00;A01;D01;D07;X06;X10;X02;X26;X07;X11;X27;X56,A00,"Học bằng tiếng Anh (thường cần trình độ tiếng Anh tốt, có thể yêu cầu IELTS/chứng chỉ khi nhập học) | Chương trình liên kết/quốc tế: học phí cao hơn chương trình chuẩn",https://diemthi.vnexpress.net/tra-cuu-dai-hoc/loadbenchmark/id/275/year/2026/sortby/1/block_name/-1
SIM-MBS:7510102C,SIM-MBS,7510102C,CNKT công trình xây dựng CLC,7510102,xay_dung,international,,A00;A01;D01;D07;X06;X10;X02;X26;X07;X11;X27;X56,A00,"Học bằng tiếng Anh (thường cần trình độ tiếng Anh tốt, có thể yêu cầu IELTS/chứng chỉ khi nhập học) | Chương trình liên kết/quốc tế: học phí cao hơn chương trình chuẩn",https://diemthi.vnexpress.net/tra-cuu-dai-hoc/loadbenchmark/id/275/year/2026/sortby/1/block_name/-1
SIM-MBS:7510605,SIM-MBS,7510605,Logistics và Quản lý chuỗi cung ứng,7510605,du_lich,international,,A00;A01;X06;D07;X10;X26;D10;X22;X27;X56;D01;X02;X79,A00,"Học bằng tiếng Anh (thường cần trình độ tiếng Anh tốt, có thể yêu cầu IELTS/chứng chỉ khi nhập học) | Chương trình liên kết/quốc tế: học phí cao hơn chương trình chuẩn",https://diemthi.vnexpress.net/tra-cuu-dai-hoc/loadbenchmark/id/275/year/2026/sortby/1/block_name/-1
SIM-MBS:7540101,SIM-MBS,7540101,Công nghệ thực phẩm,7540101,sinh_hoa,international,,A00;B00;D07;X11;X12;X10;C02;A02;D08;A01,A00,"Học bằng tiếng Anh (thường cần trình độ tiếng Anh tốt, có thể yêu cầu IELTS/chứng chỉ khi nhập học) | Chương trình liên kết/quốc tế: học phí cao hơn chương trình chuẩn",https://diemthi.vnexpress.net/tra-cuu-dai-hoc/loadbenchmark/id/275/year/2026/sortby/1/block_name/-1
SIM-MBS:7580201,SIM-MBS,7580201,Kỹ thuật xây dựng,7580201,xay_dung,international,,A00;A01;D01;D07;X06;X10;X02;X26,A00,"Học bằng tiếng Anh (thường cần trình độ tiếng Anh tốt, có thể yêu cầu IELTS/chứng chỉ khi nhập học) | Chương trình liên kết/quốc tế: học phí cao hơn chương trình chuẩn",https://diemthi.vnexpress.net/tra-cuu-dai-hoc/loadbenchmark/id/275/year/2026/sortby/1/block_name/-1
SIM-MBS:7580302,SIM-MBS,7580302,Quản lý xây dựng,7580302,xay_dung,international,,A00;A01;D01;D07;X06;X10;X02;X26;X07;X11;X27;X56,A00,"Học bằng tiếng Anh (thường cần trình độ tiếng Anh tốt, có thể yêu cầu IELTS/chứng chỉ khi nhập học) | Chương trình liên kết/quốc tế: học phí cao hơn chương trình chuẩn",https://diemthi.vnexpress.net/tra-cuu-dai-hoc/loadbenchmark/id/275/year/2026/sortby/1/block_name/-1
SIM-MBS:7760101,SIM-MBS,7760101,Công tác xã hội,7760101,xa_hoi,international,,D01;C00;D14;D15;X01;X78;X70;X74;D02;D03;D04;D05;D06;D61;D62;D63;D64;D65;D41;D42;D43;D44;D45;X82;X86;X90;X94;X98;Y03;A01;D22,D01,"Học bằng tiếng Anh (thường cần trình độ tiếng Anh tốt, có thể yêu cầu IELTS/chứng chỉ khi nhập học) | Chương trình liên kết/quốc tế: học phí cao hơn chương trình chuẩn",https://diemthi.vnexpress.net/tra-cuu-dai-hoc/loadbenchmark/id/275/year/2026/sortby/1/block_name/-1
SIM-MBS:7810101,SIM-MBS,7810101,Du lịch,7810101,du_lich,international,,A00;A01;X06;D01;C03;D09;C04;D10;X27;X56;X26;D14;D15,A00,"Học bằng tiếng Anh (thường cần trình độ tiếng Anh tốt, có thể yêu cầu IELTS/chứng chỉ khi nhập học) | Chương trình liên kết/quốc tế: học phí cao hơn chương trình chuẩn",https://diemthi.vnexpress.net/tra-cuu-dai-hoc/loadbenchmark/id/275/year/2026/sortby/1/block_name/-1
SIM-MDA:7220201,SIM-MDA,7220201,Ngôn ngữ Anh,7220201,ngon_ngu,standard,,D01;D09;D10;A01;D07;B08;X27;D14;D15,D01,,https://diemthi.vnexpress.net/tra-cuu-dai-hoc/loadbenchmark/id/400/year/2026/sortby/1/block_name/-1
SIM-MDA:7220204,SIM-MDA,7220204,Ngôn ngữ Trung Quốc,7220204,ngon_ngu,standard,,D01;D04;C01;C03;C04;B03;C02;C00;D09;D14,D01,,https://vietnamnet.vn/newsapi-edu/UniversityDetail/GetDetail?pageId=49ff289efde0446f9ae2f5c385595744&componentId=COMPONENT002302&keyword=MDA&year=2026&pageSize=25&pageIndex=4&typeOfTraining=0&subjectGroup=
SIM-MDA:7340101,SIM-MDA,7340101,Quản trị Kinh doanh,7340101,kinh_te,standard,,D01;C01;C04;X01;X02;C03;D04;C02;A00;A01;D07;D09;D10,D01,,https://diemthi.vnexpress.net/tra-cuu-dai-hoc/loadbenchmark/id/400/year/2026/sortby/1/block_name/-1
SIM-MDA:7340201,SIM-MDA,7340201,Tài chính – Ngân hàng,7340201,tai_chinh,standard,,D01;C01;C04;X01;X02;C03;D04;C02;A00;A01;D07;D09;D10,D01,,https://diemthi.vnexpress.net/tra-cuu-dai-hoc/loadbenchmark/id/400/year/2026/sortby/1/block_name/-1
SIM-MDA:7340301,SIM-MDA,7340301,Kế toán,7340301,tai_chinh,standard,,D01;C01;C04;X01;X02;C03;D04;C02;A00;A01;D07;D09;D10,D01,,https://diemthi.vnexpress.net/tra-cuu-dai-hoc/loadbenchmark/id/400/year/2026/sortby/1/block_name/-1
SIM-MDA:7440201,SIM-MDA,7440201,Địa chất học,7440201,nong_lam_mt,standard,,C01;C02;C03;C04;D01;X02;X01;A00;D07;A04;A06;D10,C01,,https://diemthi.vnexpress.net/tra-cuu-dai-hoc/loadbenchmark/id/400/year/2026/sortby/1/block_name/-1
SIM-MDA:7440229,SIM-MDA,7440229,Quản lý và phân tích dữ liệu khoa học trái đất,7440229,cntt,standard,,A00;A01;A02;A03;A04;C01;X06;D07;A06;B00;B02;B08,A00,,https://diemthi.vnexpress.net/tra-cuu-dai-hoc/loadbenchmark/id/400/year/2026/sortby/1/block_name/-1
SIM-MDA:7460108,SIM-MDA,7460108,Khoa học dữ liệu (Data Science),7460108,cntt,standard,,A01;D01;B08;X25;X26;D10;D07;D09;A00,A01,,https://diemthi.vnexpress.net/tra-cuu-dai-hoc/loadbenchmark/id/400/year/2026/sortby/1/block_name/-1
SIM-MDA:7480201,SIM-MDA,7480201,Công nghệ thông tin,7480201,cntt,standard,,A01;D01;B08;X25;X26;D10;D07;D09;A00,A01,,https://diemthi.vnexpress.net/tra-cuu-dai-hoc/loadbenchmark/id/400/year/2026/sortby/1/block_name/-1
SIM-MDA:7480201TL,SIM-MDA,7480201TL,Trí tuệ nhân tạo ứng dụng và bản sao số trái đất,7480201,cntt,standard,,A00;C01;A01;A02;A03;A04;X06,A00,,https://diemthi.vnexpress.net/tra-cuu-dai-hoc/loadbenchmark/id/400/year/2026/sortby/1/block_name/-1
SIM-MDA:7480206,SIM-MDA,7480206,Địa tin học,7480206,cntt,standard,,A00;A01;A02;A03;A04;X06;C01;C04;D01;D10;C02;C03,A00,,https://diemthi.vnexpress.net/tra-cuu-dai-hoc/loadbenchmark/id/400/year/2026/sortby/1/block_name/-1
SIM-MDA:7510301,SIM-MDA,7510301,"Công nghệ kỹ thuật điện, điện tử",7510301,ky_thuat,standard,,A00;C01;A01;A02;A03;A04;X06;D01,A00,,https://diemthi.vnexpress.net/tra-cuu-dai-hoc/loadbenchmark/id/400/year/2026/sortby/1/block_name/-1
SIM-MDA:7510401,SIM-MDA,7510401,Công nghệ kỹ thuật hoá học,7510401,sinh_hoa,standard,,A00;A01;A02;A03;A04;C01;X06;A06;B00;D07;A05;C02;X10,A00,,https://diemthi.vnexpress.net/tra-cuu-dai-hoc/loadbenchmark/id/400/year/2026/sortby/1/block_name/-1
SIM-MDA:7510402,SIM-MDA,7510402,Công nghệ vật liệu,7510402,ky_thuat,standard,,A00;A01;A02;A03;A04;X05;C01;X06,A00,,https://diemthi.vnexpress.net/tra-cuu-dai-hoc/loadbenchmark/id/400/year/2026/sortby/1/block_name/-1
SIM-MDA:7510601,SIM-MDA,7510601,Quản lý công nghiệp,7510601,xa_hoi,standard,,D01;C01;C04;C02;X01;C03;D04;X02;A00;A01;D07;D09;D10,D01,,https://diemthi.vnexpress.net/tra-cuu-dai-hoc/loadbenchmark/id/400/year/2026/sortby/1/block_name/-1
SIM-MDA:7520103,SIM-MDA,7520103,Kỹ thuật cơ khí,7520103,ky_thuat,standard,,A00;C01;A01;A02;A03;A04;X06;D01,A00,,https://diemthi.vnexpress.net/tra-cuu-dai-hoc/loadbenchmark/id/400/year/2026/sortby/1/block_name/-1
SIM-MDA:7520107,SIM-MDA,7520107,Kỹ thuật Robot,7520107,cntt,standard,,A00;C01;A01;A02;A03;A04;X06;D01,A00,,https://diemthi.vnexpress.net/tra-cuu-dai-hoc/loadbenchmark/id/400/year/2026/sortby/1/block_name/-1
SIM-MDA:7520114,SIM-MDA,7520114,Kỹ thuật cơ điện tử,7520114,ky_thuat,standard,,A00;C01;A01;A02;A03;A04;X06;D01,A00,,https://diemthi.vnexpress.net/tra-cuu-dai-hoc/loadbenchmark/id/400/year/2026/sortby/1/block_name/-1
SIM-MDA:7520116,SIM-MDA,7520116,Kỹ thuật cơ khí động lực,7520116,ky_thuat,standard,,A00;C01;A01;A02;A03;A04;X06;D01,A00,,https://diemthi.vnexpress.net/tra-cuu-dai-hoc/loadbenchmark/id/400/year/2026/sortby/1/block_name/-1
SIM-MDA:7520121,SIM-MDA,7520121,Kỹ thuật không gian,7520121,ky_thuat,standard,,D01;C04;C01;C02;C03;B03;A01;A04;B02;D10,D01,,https://diemthi.vnexpress.net/tra-cuu-dai-hoc/loadbenchmark/id/400/year/2026/sortby/1/block_name/-1
SIM-MDA:7520130,SIM-MDA,7520130,Kỹ thuật ô tô,7520130,ky_thuat,standard,,A00;C01;A01;A02;A03;A04;X06;D01,A00,,https://diemthi.vnexpress.net/tra-cuu-dai-hoc/loadbenchmark/id/400/year/2026/sortby/1/block_name/-1
SIM-MDA:7520201,SIM-MDA,7520201,Kỹ thuật điện,7520201,ky_thuat,standard,,A00;C01;A01;A02;A03;A04;X06;D01,A00,,https://diemthi.vnexpress.net/tra-cuu-dai-hoc/loadbenchmark/id/400/year/2026/sortby/1/block_name/-1
SIM-MDA:7520216,SIM-MDA,7520216,Ngành Kỹ thuật điều khiển và Tự động hóa,7520216,ky_thuat,standard,,A00;C01;A01;A02;A03;A04;X06;D01,A00,,https://diemthi.vnexpress.net/tra-cuu-dai-hoc/loadbenchmark/id/400/year/2026/sortby/1/block_name/-1
SIM-MDA:7520216TL,SIM-MDA,7520216TL,Kỹ thuật điều khiển và tự động hóa phục vụ công nghiệp khai khoáng và năng lượng,7520216,ky_thuat,standard,,A00;C01;A01;A02;A03;A04;X06,A00,,https://diemthi.vnexpress.net/tra-cuu-dai-hoc/loadbenchmark/id/400/year/2026/sortby/1/block_name/-1
SIM-MDA:7520301,SIM-MDA,7520301,Kỹ thuật hóa học,7520301,sinh_hoa,standard,,A00;C02;A06;A05;D07;B00;X10;A01;A02,A00,,https://diemthi.vnexpress.net/tra-cuu-dai-hoc/loadbenchmark/id/400/year/2026/sortby/1/block_name/-1
SIM-MDA:7520309,SIM-MDA,7520309,Kỹ thuật vật liệu,7520309,ky_thuat,standard,,A00;A01;X06;X07;A02;C01;A04;A03;D01,A00,,https://diemthi.vnexpress.net/tra-cuu-dai-hoc/loadbenchmark/id/400/year/2026/sortby/1/block_name/-1
SIM-MDA:7520320,SIM-MDA,7520320,Ngành Kỹ thuật môi trường,7520320,nong_lam_mt,standard,,C01;C02;B03;C03;C04;D01;X02;X03;A00;B00;A01;A04,C01,,https://diemthi.vnexpress.net/tra-cuu-dai-hoc/loadbenchmark/id/400/year/2026/sortby/1/block_name/-1
SIM-MDA:7520501,SIM-MDA,7520501,Kỹ thuật địa chất,7520501,nong_lam_mt,standard,,C04;C01;D01;C02;C03;X02;X01;A00;A01;D07;D10,C04,,https://diemthi.vnexpress.net/tra-cuu-dai-hoc/loadbenchmark/id/400/year/2026/sortby/1/block_name/-1
SIM-MDA:7520501TL,SIM-MDA,7520501TL,Kỹ thuật địa chất phục vụ công nghiệp đất hiếm và khoáng sản chiến lược,7520501,nong_lam_mt,standard,,A00;C01;A01;A02;A03;A04;X06,A00,,https://diemthi.vnexpress.net/tra-cuu-dai-hoc/loadbenchmark/id/400/year/2026/sortby/1/block_name/-1
SIM-MDA:7520502,SIM-MDA,7520502,Kỹ thuật địa vật lý,7520502,khoa_hoc_tn,standard,,A00;A01;A02;A03;A04;C01;X06;D07;A06;B00;B02;B08,A00,,https://diemthi.vnexpress.net/tra-cuu-dai-hoc/loadbenchmark/id/400/year/2026/sortby/1/block_name/-1
SIM-MDA:7520503,SIM-MDA,7520503,Kỹ thuật trắc địa – bản đồ,7520503,ky_thuat,standard,,A00;A01;A02;A04;A03;C01;C04;D01;D10,A00,,https://diemthi.vnexpress.net/tra-cuu-dai-hoc/loadbenchmark/id/400/year/2026/sortby/1/block_name/-1
SIM-MDA:7520505,SIM-MDA,7520505,Đá quý Đá mỹ nghệ,7520505,ky_thuat,standard,,C01;C02;C03;C04;X01;D01;X02;X03;A00;D10;A04;D15,C01,,https://diemthi.vnexpress.net/tra-cuu-dai-hoc/loadbenchmark/id/400/year/2026/sortby/1/block_name/-1
SIM-MDA:7520601,SIM-MDA,7520601,Kỹ thuật mỏ,7520601,ky_thuat,standard,,A00;A01;A02;A03;A04;X05;C01;X06;D01;B03;C02;C03;C04;D10,A00,,https://diemthi.vnexpress.net/tra-cuu-dai-hoc/loadbenchmark/id/400/year/2026/sortby/1/block_name/-1
SIM-MDA:7520601TL,SIM-MDA,7520601TL,Kỹ thuật mỏ thông minh,7520601,ky_thuat,standard,,A00;C01;A01;A02;A03;A04;X06,A00,,https://diemthi.vnexpress.net/tra-cuu-dai-hoc/loadbenchmark/id/400/year/2026/sortby/1/block_name/-1
SIM-MDA:7520604,SIM-MDA,7520604,Kỹ thuật dầu khí,7520604,ky_thuat,standard,,A00;A01;A02;A03;A04;C01;X06;D01;D07;B00;B02;B08;C02,A00,,https://diemthi.vnexpress.net/tra-cuu-dai-hoc/loadbenchmark/id/400/year/2026/sortby/1/block_name/-1
SIM-MDA:7520605,SIM-MDA,7520605,Kỹ thuật khí thiên nhiên,7520605,ky_thuat,standard,,A00;A01;A02;A03;A04;C01;X06;D01;D07;B00;B02;B08;C02,A00,,https://diemthi.vnexpress.net/tra-cuu-dai-hoc/loadbenchmark/id/400/year/2026/sortby/1/block_name/-1
SIM-MDA:7520606,SIM-MDA,7520606,Công nghệ số trong thăm dò và khai thác tài nguyên thiên nhiên,7520606,nong_lam_mt,standard,,A00;A01;A02;A03;A04;C01;X06;D01;D07;A06;B00;B02;B08,A00,,https://diemthi.vnexpress.net/tra-cuu-dai-hoc/loadbenchmark/id/400/year/2026/sortby/1/block_name/-1
SIM-MDA:7520607,SIM-MDA,7520607,Kỹ thuật tuyển khoáng,7520607,ky_thuat,standard,,A00;A01;A02;A03;A04;X05;C01;X06;A06;B00;D07;B03;C02;C03;C04;D01;D10,A00,,https://diemthi.vnexpress.net/tra-cuu-dai-hoc/loadbenchmark/id/400/year/2026/sortby/1/block_name/-1
SIM-MDA:7580106,SIM-MDA,7580106,Quản lý đô thị và công trình,7580106,xay_dung,standard,,C01;C04;D01;C02;X02;X01;C03;A00;A07;D07;D10,C01,,https://diemthi.vnexpress.net/tra-cuu-dai-hoc/loadbenchmark/id/400/year/2026/sortby/1/block_name/-1
SIM-MDA:7580109,SIM-MDA,7580109,Quản lý phát triển đô thị và bất động sản,7580109,xay_dung,standard,,D01;C04;C01;C02;C03;B03;A00;D10;A01,D01,,https://diemthi.vnexpress.net/tra-cuu-dai-hoc/loadbenchmark/id/400/year/2026/sortby/1/block_name/-1
SIM-MDA:7580201,SIM-MDA,7580201,Kỹ thuật xây dựng,7580201,xay_dung,standard,,A00;A01;A02;A03;A04;X05;C01;X06;C04;D01;C02,A00,,https://diemthi.vnexpress.net/tra-cuu-dai-hoc/loadbenchmark/id/400/year/2026/sortby/1/block_name/-1
SIM-MDA:7580201TL,SIM-MDA,7580201TL,Kỹ thuật xây dựng công trình ngầm,7580201,xay_dung,standard,,A00;C01;A01;A02;A03;A04;X06,A00,,https://diemthi.vnexpress.net/tra-cuu-dai-hoc/loadbenchmark/id/400/year/2026/sortby/1/block_name/-1
SIM-MDA:7580204,SIM-MDA,7580204,Xây dựng công trình ngầm thành phố và Hệ thống tàu điện ngầm,7580204,xay_dung,standard,,A00;A01;A02;A03;A04;X05;C01;X06;C04;D01;C02,A00,,https://diemthi.vnexpress.net/tra-cuu-dai-hoc/loadbenchmark/id/400/year/2026/sortby/1/block_name/-1
SIM-MDA:7580205,SIM-MDA,7580205,Kỹ thuật xây dựng công trình giao thông,7580205,xay_dung,standard,,A00;A01;A02;A03;A04;X05;C01;X06;C04;D01,A00,,https://diemthi.vnexpress.net/tra-cuu-dai-hoc/loadbenchmark/id/400/year/2026/sortby/1/block_name/-1
SIM-MDA:7580211,SIM-MDA,7580211,Kỹ thuật cơ sở hạ tầng,7580211,xay_dung,standard,hạ tầng,C04;C02;D01;C01;X02;X01;A00;A01;A02;D07;D10,C04,Học tại hạ tầng,https://diemthi.vnexpress.net/tra-cuu-dai-hoc/loadbenchmark/id/400/year/2026/sortby/1/block_name/-1
SIM-MDA:7580212,SIM-MDA,7580212,Kỹ thuật tài nguyên nước,7580212,nong_lam_mt,standard,,C04;C01;C02;D01;C03;X02;A00;A01;A04;D07,C04,,https://diemthi.vnexpress.net/tra-cuu-dai-hoc/loadbenchmark/id/400/year/2026/sortby/1/block_name/-1
SIM-MDA:7580302,SIM-MDA,7580302,Quản lý xây dựng,7580302,xay_dung,standard,,A00;A01;A02;A03;A04;X05;C01;X06;C04;D01;C02,A00,,https://diemthi.vnexpress.net/tra-cuu-dai-hoc/loadbenchmark/id/400/year/2026/sortby/1/block_name/-1
SIM-MDA:7720203,SIM-MDA,7720203,Hoá dược,7720203,y_duoc,standard,,A00;D07;X10;X11;B00;C02;A06;A01;D01,A00,Khối sức khỏe: có ngưỡng điểm sàn của Bộ,https://diemthi.vnexpress.net/tra-cuu-dai-hoc/loadbenchmark/id/400/year/2026/sortby/1/block_name/-1
SIM-MDA:7810105,SIM-MDA,7810105,Du lịch địa chất,7810105,du_lich,standard,,C01;C02;C03;C04;D01;X02;X01;D07;D10;A04;A06;A07,C01,,https://diemthi.vnexpress.net/tra-cuu-dai-hoc/loadbenchmark/id/400/year/2026/sortby/1/block_name/-1
SIM-MDA:7850101,SIM-MDA,7850101,Quản lý tài nguyên và môi trường,7850101,nong_lam_mt,standard,,C01;C02;B03;C03;C04;D01;X01;X02;A00;B00;A07;D10,C01,,https://diemthi.vnexpress.net/tra-cuu-dai-hoc/loadbenchmark/id/400/year/2026/sortby/1/block_name/-1
SIM-MDA:7850103,SIM-MDA,7850103,Quản lý đất đai,7850103,nong_lam_mt,standard,,D01;C04;C01;X01;C03;B03;C02;X02;A00;D10;A01,D01,,https://diemthi.vnexpress.net/tra-cuu-dai-hoc/loadbenchmark/id/400/year/2026/sortby/1/block_name/-1
SIM-MDA:7850196,SIM-MDA,7850196,Quản lý tài nguyên khoáng sản,7850196,nong_lam_mt,standard,,C04;D01;C02;X02;X01;C03;A00;A01;A04;A06;B00;D10,C04,,https://diemthi.vnexpress.net/tra-cuu-dai-hoc/loadbenchmark/id/400/year/2026/sortby/1/block_name/-1
SIM-MDA:7850202,SIM-MDA,7850202,"An toàn, Vệ sinh lao động",7850202,khoa_hoc_tn,standard,,A00;A01;A02;A03;A04;X05;C01;X06;B00;D01;B03;C02;C03;C04;D10,A00,,https://diemthi.vnexpress.net/tra-cuu-dai-hoc/loadbenchmark/id/400/year/2026/sortby/1/block_name/-1
SIM-MHN:7220201,SIM-MHN,7220201,Ngôn ngữ Anh,7220201,ngon_ngu,standard,,D01,D01,,https://diemthi.vnexpress.net/tra-cuu-dai-hoc/loadbenchmark/id/401/year/2026/sortby/1/block_name/-1
SIM-MHN:7220204,SIM-MHN,7220204,Ngôn ngữ Trung Quốc,7220204,ngon_ngu,standard,,D01;D04,D01,,https://diemthi.vnexpress.net/tra-cuu-dai-hoc/loadbenchmark/id/401/year/2026/sortby/1/block_name/-1
SIM-MHN:7340101,SIM-MHN,7340101,Quản trị Kinh doanh,7340101,kinh_te,standard,,A00;A01;D01;X26,A00,,https://diemthi.vnexpress.net/tra-cuu-dai-hoc/loadbenchmark/id/401/year/2026/sortby/1/block_name/-1
SIM-MHN:7340122,SIM-MHN,7340122,Thương mại điện tử,7340122,kinh_te,standard,,A00;A01;D01;X26,A00,,https://diemthi.vnexpress.net/tra-cuu-dai-hoc/loadbenchmark/id/401/year/2026/sortby/1/block_name/-1
SIM-MHN:7340201,SIM-MHN,7340201,Tài chính – Ngân hàng,7340201,tai_chinh,standard,,A00;A01;D01,A00,,https://diemthi.vnexpress.net/tra-cuu-dai-hoc/loadbenchmark/id/401/year/2026/sortby/1/block_name/-1
SIM-MHN:7340204,SIM-MHN,7340204,Bảo hiểm,7340204,tai_chinh,standard,,A00;A01;D01,A00,,https://diemthi.vnexpress.net/tra-cuu-dai-hoc/loadbenchmark/id/401/year/2026/sortby/1/block_name/-1
SIM-MHN:7340301,SIM-MHN,7340301,Kế toán,7340301,tai_chinh,standard,,A00;A01;D01;X26,A00,,https://diemthi.vnexpress.net/tra-cuu-dai-hoc/loadbenchmark/id/401/year/2026/sortby/1/block_name/-1
SIM-MHN:7380101,SIM-MHN,7380101,Ngành Luật,7380101,luat,standard,,D01;C01;C00;X01;A00;A01;C03,D01,,https://diemthi.vnexpress.net/tra-cuu-dai-hoc/loadbenchmark/id/401/year/2026/sortby/1/block_name/-1
SIM-MHN:7380107,SIM-MHN,7380107,Luật kinh tế,7380107,luat,standard,,D01;C01;C00;X01;A00;A01;C03,D01,,https://diemthi.vnexpress.net/tra-cuu-dai-hoc/loadbenchmark/id/401/year/2026/sortby/1/block_name/-1
SIM-MHN:7380108,SIM-MHN,7380108,Luật quốc tế,7380108,luat,international,,D01;C01;C00;X01;A00;C03,D01,"Học bằng tiếng Anh (thường cần trình độ tiếng Anh tốt, có thể yêu cầu IELTS/chứng chỉ khi nhập học) | Chương trình liên kết/quốc tế: học phí cao hơn chương trình chuẩn",https://diemthi.vnexpress.net/tra-cuu-dai-hoc/loadbenchmark/id/401/year/2026/sortby/1/block_name/-1
SIM-MHN:7420201,SIM-MHN,7420201,Công nghệ sinh học,7420201,sinh_hoa,standard,,B00;A00;D07;A01,B00,,https://diemthi.vnexpress.net/tra-cuu-dai-hoc/loadbenchmark/id/401/year/2026/sortby/1/block_name/-1
SIM-MHN:7480106,SIM-MHN,7480106,Kỹ thuật máy tính,7480106,cntt,standard,,A00;A01;D01;X26,A00,,https://diemthi.vnexpress.net/tra-cuu-dai-hoc/loadbenchmark/id/401/year/2026/sortby/1/block_name/-1
SIM-MHN:7480201,SIM-MHN,7480201,Công nghệ thông tin,7480201,cntt,standard,,A00;A01;D01;X26,A00,,https://diemthi.vnexpress.net/tra-cuu-dai-hoc/loadbenchmark/id/401/year/2026/sortby/1/block_name/-1
SIM-MHN:7510302,SIM-MHN,7510302,Điện tử - viễn thông,7510302,ky_thuat,standard,,A00;A01;D01;X26;C01,A00,,https://diemthi.vnexpress.net/tra-cuu-dai-hoc/loadbenchmark/id/401/year/2026/sortby/1/block_name/-1
SIM-MHN:7540101,SIM-MHN,7540101,Công nghệ thực phẩm,7540101,sinh_hoa,standard,,B00;A00;D07;A01,B00,,https://diemthi.vnexpress.net/tra-cuu-dai-hoc/loadbenchmark/id/401/year/2026/sortby/1/block_name/-1
SIM-MHN:7810103,SIM-MHN,7810103,Quản trị dịch vụ du lịch và lữ hành,7810103,du_lich,standard,,D01;D09;D10,D01,,https://diemthi.vnexpress.net/tra-cuu-dai-hoc/loadbenchmark/id/401/year/2026/sortby/1/block_name/-1
SIM-MHN:7810201,SIM-MHN,7810201,Quản trị khách sạn,7810201,du_lich,standard,,D01;D09;D10,D01,,https://diemthi.vnexpress.net/tra-cuu-dai-hoc/loadbenchmark/id/401/year/2026/sortby/1/block_name/-1
SIM-NHF:7220202,SIM-NHF,7220202,Ngôn ngữ Nga,7220202,ngon_ngu,standard,,D01;D02;D03;D10,D01,,https://diemthi.vnexpress.net/tra-cuu-dai-hoc/loadbenchmark/id/404/year/2026/sortby/1/block_name/-1
SIM-NHF:7220203,SIM-NHF,7220203,Ngôn ngữ Pháp,7220203,ngon_ngu,standard,,D01;D03;D10,D01,,https://diemthi.vnexpress.net/tra-cuu-dai-hoc/loadbenchmark/id/404/year/2026/sortby/1/block_name/-1
SIM-NHF:7220205,SIM-NHF,7220205,Ngôn ngữ Đức,7220205,ngon_ngu,standard,,D01;D05,D01,,https://diemthi.vnexpress.net/tra-cuu-dai-hoc/loadbenchmark/id/404/year/2026/sortby/1/block_name/-1
SIM-NHF:7220206,SIM-NHF,7220206,Ngôn ngữ Tây Ban Nha,7220206,ngon_ngu,standard,,D01;D10,D01,,https://diemthi.vnexpress.net/tra-cuu-dai-hoc/loadbenchmark/id/404/year/2026/sortby/1/block_name/-1
SIM-NHF:7220207,SIM-NHF,7220207,Ngôn ngữ Bồ Đào Nha,7220207,ngon_ngu,standard,,D01;D04;D10,D01,,https://diemthi.vnexpress.net/tra-cuu-dai-hoc/loadbenchmark/id/404/year/2026/sortby/1/block_name/-1
SIM-NHF:7220208,SIM-NHF,7220208,Ngôn ngữ Italia,7220208,ngon_ngu,standard,,D01;D10,D01,,https://diemthi.vnexpress.net/tra-cuu-dai-hoc/loadbenchmark/id/404/year/2026/sortby/1/block_name/-1
SIM-NHF:7220208 TT,SIM-NHF,7220208 TT,Ngôn ngữ Italia - CTTT,,ngon_ngu,standard,,D01;D10,D01,,https://diemthi.vnexpress.net/tra-cuu-dai-hoc/loadbenchmark/id/404/year/2026/sortby/1/block_name/-1
SIM-NHF:7220209,SIM-NHF,7220209,Ngôn ngữ Nhật,7220209,ngon_ngu,standard,,D01;D06,D01,,https://diemthi.vnexpress.net/tra-cuu-dai-hoc/loadbenchmark/id/404/year/2026/sortby/1/block_name/-1
SIM-NHF:7220210 TT,SIM-NHF,7220210 TT,Ngôn ngữ Hàn Quốc - CTTT,,ngon_ngu,standard,,D01;D04;D06,D01,,https://diemthi.vnexpress.net/tra-cuu-dai-hoc/loadbenchmark/id/404/year/2026/sortby/1/block_name/-1
SIM-NHF:7310111,SIM-NHF,7310111,Nghiên cứu phát triển,7310111,xa_hoi,standard,,D01;D14;D15,D01,,https://diemthi.vnexpress.net/tra-cuu-dai-hoc/loadbenchmark/id/404/year/2026/sortby/1/block_name/-1
SIM-NHF:7310601,SIM-NHF,7310601,Quốc tế học,7310601,ngon_ngu,international,,D01;D14;D15,D01,"Học bằng tiếng Anh (thường cần trình độ tiếng Anh tốt, có thể yêu cầu IELTS/chứng chỉ khi nhập học) | Chương trình liên kết/quốc tế: học phí cao hơn chương trình chuẩn",https://diemthi.vnexpress.net/tra-cuu-dai-hoc/loadbenchmark/id/404/year/2026/sortby/1/block_name/-1
SIM-NHF:7320104,SIM-NHF,7320104,Truyền thông đa phương tiện,7320104,bao_chi,standard,,D01,D01,,https://diemthi.vnexpress.net/tra-cuu-dai-hoc/loadbenchmark/id/404/year/2026/sortby/1/block_name/-1
SIM-NHF:7320109,SIM-NHF,7320109,Truyền thông doanh nghiệp,7320109,bao_chi,standard,,D01;D03;D10,D01,,https://diemthi.vnexpress.net/tra-cuu-dai-hoc/loadbenchmark/id/404/year/2026/sortby/1/block_name/-1
SIM-NHF:7340101,SIM-NHF,7340101,Quản trị Kinh doanh,7340101,kinh_te,standard,,D01,D01,,https://diemthi.vnexpress.net/tra-cuu-dai-hoc/loadbenchmark/id/404/year/2026/sortby/1/block_name/-1
SIM-NHF:7340115,SIM-NHF,7340115,Marketing,7340115,kinh_te,standard,,D01,D01,,https://diemthi.vnexpress.net/tra-cuu-dai-hoc/loadbenchmark/id/404/year/2026/sortby/1/block_name/-1
SIM-NHF:7340201,SIM-NHF,7340201,Tài chính – Ngân hàng,7340201,tai_chinh,standard,,D01,D01,,https://diemthi.vnexpress.net/tra-cuu-dai-hoc/loadbenchmark/id/404/year/2026/sortby/1/block_name/-1
SIM-NHF:7340205,SIM-NHF,7340205,Công nghệ tài chính,7340205,tai_chinh,standard,,A01;D01,A01,,https://diemthi.vnexpress.net/tra-cuu-dai-hoc/loadbenchmark/id/404/year/2026/sortby/1/block_name/-1
SIM-NHF:7340301,SIM-NHF,7340301,Kế toán,7340301,tai_chinh,standard,,D01,D01,,https://diemthi.vnexpress.net/tra-cuu-dai-hoc/loadbenchmark/id/404/year/2026/sortby/1/block_name/-1
SIM-NHF:7480201,SIM-NHF,7480201,Công nghệ thông tin,7480201,cntt,standard,,A01;D01;X26,A01,,https://diemthi.vnexpress.net/tra-cuu-dai-hoc/loadbenchmark/id/404/year/2026/sortby/1/block_name/-1
SIM-NHF:7480201 TT,SIM-NHF,7480201 TT,Công nghệ thông tin - CTTT,,cntt,standard,,A01;D01;X26,A01,,https://diemthi.vnexpress.net/tra-cuu-dai-hoc/loadbenchmark/id/404/year/2026/sortby/1/block_name/-1
SIM-NHF:7810103,SIM-NHF,7810103,Quản trị dịch vụ du lịch và lữ hành,7810103,du_lich,standard,,D01;D10,D01,,https://diemthi.vnexpress.net/tra-cuu-dai-hoc/loadbenchmark/id/404/year/2026/sortby/1/block_name/-1
SIM-NHF:7810103 TT,SIM-NHF,7810103 TT,Quản trị dịch vụ du lịch và lữ hành - CTTT,,du_lich,standard,,D01;D10,D01,,https://diemthi.vnexpress.net/tra-cuu-dai-hoc/loadbenchmark/id/404/year/2026/sortby/1/block_name/-1
SIM-NHH:ACT01,SIM-NHH,ACT01,CLC Kế toán,,tai_chinh,high_quality,,A01;D01;D07;D09;A00,A01,,https://diemthi.vnexpress.net/tra-cuu-dai-hoc/loadbenchmark/id/405/year/2026/sortby/1/block_name/-1
SIM-NHH:ACT02,SIM-NHH,ACT02,Kế toán,,tai_chinh,standard,,A00;A01;D01;D07,A00,,https://diemthi.vnexpress.net/tra-cuu-dai-hoc/loadbenchmark/id/405/year/2026/sortby/1/block_name/-1
SIM-NHH:ACT03,SIM-NHH,ACT03,Kế toán,,tai_chinh,standard,,A00;A01;D01;D07;D08,A00,,https://diemthi.vnexpress.net/tra-cuu-dai-hoc/loadbenchmark/id/405/year/2026/sortby/1/block_name/-1
SIM-NHH:ACT04,SIM-NHH,ACT04,Kiểm toán,,tai_chinh,standard,,A00;A01;D01;D07,A00,,https://diemthi.vnexpress.net/tra-cuu-dai-hoc/loadbenchmark/id/405/year/2026/sortby/1/block_name/-1
SIM-NHH:ACT05,SIM-NHH,ACT05,Chất lượng cao Kiểm toán,,tai_chinh,high_quality,,A01;D01;D07;D09,A01,,https://diemthi.vnexpress.net/tra-cuu-dai-hoc/loadbenchmark/id/405/year/2026/sortby/1/block_name/-1
SIM-NHH:ACT06,SIM-NHH,ACT06,Kế toán (Định hướng Nhật bản). Học viện Ngân hàng cấp bằng,,tai_chinh,standard,,A00;A01;D01;D07,A00,,https://diemthi.vnexpress.net/tra-cuu-dai-hoc/loadbenchmark/id/405/year/2026/sortby/1/block_name/-1
SIM-NHH:BANK01,SIM-NHH,BANK01,CLC Ngân hàng,,tai_chinh,high_quality,,A01;D01;D07;D09;A00,A01,,https://diemthi.vnexpress.net/tra-cuu-dai-hoc/loadbenchmark/id/405/year/2026/sortby/1/block_name/-1
SIM-NHH:BANK02,SIM-NHH,BANK02,Ngân hàng,,tai_chinh,standard,,A00;A01;D01;D07,A00,,https://diemthi.vnexpress.net/tra-cuu-dai-hoc/loadbenchmark/id/405/year/2026/sortby/1/block_name/-1
SIM-NHH:BANK03,SIM-NHH,BANK03,Ngân hàng số,,tai_chinh,standard,,A00;A01;D01;D07,A00,,https://diemthi.vnexpress.net/tra-cuu-dai-hoc/loadbenchmark/id/405/year/2026/sortby/1/block_name/-1
SIM-NHH:BANK04,SIM-NHH,BANK04,"Tài chính - Ngân hàng liên kết Sunderland, song bằng",,tai_chinh,international,,A00;A01;D01;D07;D09,A00,"Học bằng tiếng Anh (thường cần trình độ tiếng Anh tốt, có thể yêu cầu IELTS/chứng chỉ khi nhập học) | Chương trình liên kết/quốc tế: học phí cao hơn chương trình chuẩn",https://diemthi.vnexpress.net/tra-cuu-dai-hoc/loadbenchmark/id/405/year/2026/sortby/1/block_name/-1
SIM-NHH:BANK06,SIM-NHH,BANK06,Ngân hàng và Tài chính quốc tế CLC,,tai_chinh,international,,A01;D01;D07;D09;A00,A01,"Học bằng tiếng Anh (thường cần trình độ tiếng Anh tốt, có thể yêu cầu IELTS/chứng chỉ khi nhập học) | Chương trình liên kết/quốc tế: học phí cao hơn chương trình chuẩn",https://diemthi.vnexpress.net/tra-cuu-dai-hoc/loadbenchmark/id/405/year/2026/sortby/1/block_name/-1
SIM-NHH:BANK07,SIM-NHH,BANK07,Ngân hàng trung ương và Chính sách công CLC,,tai_chinh,high_quality,,A01;D01;D07;D09,A01,,https://diemthi.vnexpress.net/tra-cuu-dai-hoc/loadbenchmark/id/405/year/2026/sortby/1/block_name/-1
SIM-NHH:BANK08,SIM-NHH,BANK08,"Ngân hàng Tài chính - Đại học West of England (UWE), Anh (Cấp song bằng)",,tai_chinh,international,,A00;A01;D01;D07,A00,"Học bằng tiếng Anh (thường cần trình độ tiếng Anh tốt, có thể yêu cầu IELTS/chứng chỉ khi nhập học) | Chương trình liên kết/quốc tế: học phí cao hơn chương trình chuẩn",https://diemthi.vnexpress.net/tra-cuu-dai-hoc/loadbenchmark/id/405/year/2026/sortby/1/block_name/-1
SIM-NHH:BUS01,SIM-NHH,BUS01,CLC Quản trị kinh doanh,,kinh_te,high_quality,,A01;D01;D07;D09;A00,A01,,https://diemthi.vnexpress.net/tra-cuu-dai-hoc/loadbenchmark/id/405/year/2026/sortby/1/block_name/-1
SIM-NHH:BUS02,SIM-NHH,BUS02,Quản trị kinh doanh,,kinh_te,standard,,A00;A01;D01;D07,A00,,https://diemthi.vnexpress.net/tra-cuu-dai-hoc/loadbenchmark/id/405/year/2026/sortby/1/block_name/-1
SIM-NHH:BUS03,SIM-NHH,BUS03,Quản trị du lịch,,du_lich,standard,,A01;D01;D07;D09,A01,,https://diemthi.vnexpress.net/tra-cuu-dai-hoc/loadbenchmark/id/405/year/2026/sortby/1/block_name/-1
SIM-NHH:BUS04,SIM-NHH,BUS04,"Quản trị kinh doanh Liên kết City U, song bằng",,kinh_te,international,,A00;A01;D01;D07,A00,"Học bằng tiếng Anh (thường cần trình độ tiếng Anh tốt, có thể yêu cầu IELTS/chứng chỉ khi nhập học) | Chương trình liên kết/quốc tế: học phí cao hơn chương trình chuẩn",https://diemthi.vnexpress.net/tra-cuu-dai-hoc/loadbenchmark/id/405/year/2026/sortby/1/block_name/-1
SIM-NHH:BUS06,SIM-NHH,BUS06,Marketing số CLC,,kinh_te,high_quality,,A01;D01;D07;D09;A00,A01,,https://diemthi.vnexpress.net/tra-cuu-dai-hoc/loadbenchmark/id/405/year/2026/sortby/1/block_name/-1
SIM-NHH:BUS07,SIM-NHH,BUS07,Marketing,,kinh_te,standard,,A00;A01;D01;D07,A00,,https://diemthi.vnexpress.net/tra-cuu-dai-hoc/loadbenchmark/id/405/year/2026/sortby/1/block_name/-1
SIM-NHH:BUS08,SIM-NHH,BUS08,Chất lượng cao Quản trị nhân lực,,kinh_te,high_quality,,A01;D01;D07;D09,A01,,https://diemthi.vnexpress.net/tra-cuu-dai-hoc/loadbenchmark/id/405/year/2026/sortby/1/block_name/-1
SIM-NHH:BUS09,SIM-NHH,BUS09,Chất lượng cao Kinh doanh số,,kinh_te,high_quality,,A01;D01;D07;D09,A01,,https://diemthi.vnexpress.net/tra-cuu-dai-hoc/loadbenchmark/id/405/year/2026/sortby/1/block_name/-1
SIM-NHH:BUS10,SIM-NHH,BUS10,"Quản trị kinh doanh, Hàng hải và Logistics - Đại học Genoa, CH Ý (Cấp song bằng)",,du_lich,international,,A00;A01;D01;D07,A00,"Học bằng tiếng Anh (thường cần trình độ tiếng Anh tốt, có thể yêu cầu IELTS/chứng chỉ khi nhập học) | Chương trình liên kết/quốc tế: học phí cao hơn chương trình chuẩn",https://diemthi.vnexpress.net/tra-cuu-dai-hoc/loadbenchmark/id/405/year/2026/sortby/1/block_name/-1
SIM-NHH:BUS11,SIM-NHH,BUS11,"Marketing - Đại học West of England (UWE), Anh (Cấp song bằng)",,kinh_te,international,,A00;A01;D01;D07,A00,"Học bằng tiếng Anh (thường cần trình độ tiếng Anh tốt, có thể yêu cầu IELTS/chứng chỉ khi nhập học) | Chương trình liên kết/quốc tế: học phí cao hơn chương trình chuẩn",https://diemthi.vnexpress.net/tra-cuu-dai-hoc/loadbenchmark/id/405/year/2026/sortby/1/block_name/-1
SIM-NHH:DS01,SIM-NHH,DS01,Khoa học dữ liệu trong kinh tế và kinh doanh,,cntt,standard,,A00;A01;D01;D07,A00,,https://diemthi.vnexpress.net/tra-cuu-dai-hoc/loadbenchmark/id/405/year/2026/sortby/1/block_name/-1
SIM-NHH:ECON01,SIM-NHH,ECON01,Kinh tế,,kinh_te,standard,,A01;D01;D07;D09,A01,,https://diemthi.vnexpress.net/tra-cuu-dai-hoc/loadbenchmark/id/405/year/2026/sortby/1/block_name/-1
SIM-NHH:ECON02,SIM-NHH,ECON02,Kinh tế đầu tư CLC,,tai_chinh,high_quality,,A01;D01;D07;D09,A01,,https://diemthi.vnexpress.net/tra-cuu-dai-hoc/loadbenchmark/id/405/year/2026/sortby/1/block_name/-1
SIM-NHH:ECON03,SIM-NHH,ECON03,Kinh tế quốc tế,,kinh_te,international,,A01;D01;D07;D09,A01,"Học bằng tiếng Anh (thường cần trình độ tiếng Anh tốt, có thể yêu cầu IELTS/chứng chỉ khi nhập học) | Chương trình liên kết/quốc tế: học phí cao hơn chương trình chuẩn",https://diemthi.vnexpress.net/tra-cuu-dai-hoc/loadbenchmark/id/405/year/2026/sortby/1/block_name/-1
SIM-NHH:FIN01,SIM-NHH,FIN01,CLC Tài chính,,tai_chinh,high_quality,,A01;D01;D07;D09;A00,A01,,https://diemthi.vnexpress.net/tra-cuu-dai-hoc/loadbenchmark/id/405/year/2026/sortby/1/block_name/-1
SIM-NHH:FIN02,SIM-NHH,FIN02,Tài chính,,tai_chinh,standard,,A00;A01;D01;D07,A00,,https://diemthi.vnexpress.net/tra-cuu-dai-hoc/loadbenchmark/id/405/year/2026/sortby/1/block_name/-1
SIM-NHH:FIN04,SIM-NHH,FIN04,Hoạch định và Tư vấn tài chính CLC,,tai_chinh,high_quality,,A01;D01;D07;D09,A01,,https://diemthi.vnexpress.net/tra-cuu-dai-hoc/loadbenchmark/id/405/year/2026/sortby/1/block_name/-1
SIM-NHH:FIN05,SIM-NHH,FIN05,Công nghệ tài chính,,tai_chinh,standard,,A00;A01;D01;D07,A00,,https://diemthi.vnexpress.net/tra-cuu-dai-hoc/loadbenchmark/id/405/year/2026/sortby/1/block_name/-1
SIM-NHH:FL01,SIM-NHH,FL01,Ngôn ngữ Anh,,ngon_ngu,standard,,A01;D01;D07;D09,A01,,https://diemthi.vnexpress.net/tra-cuu-dai-hoc/loadbenchmark/id/405/year/2026/sortby/1/block_name/-1
SIM-NHH:FL02,SIM-NHH,FL02,Ngôn ngữ Anh Tài chính - Ngân hàng CLC,,tai_chinh,high_quality,,A01;D01;D07;D09,A01,,https://diemthi.vnexpress.net/tra-cuu-dai-hoc/loadbenchmark/id/405/year/2026/sortby/1/block_name/-1
SIM-NHH:IB01,SIM-NHH,IB01,Kinh doanh quốc tế,,kinh_te,international,,A01;D01;D07;D09,A01,"Học bằng tiếng Anh (thường cần trình độ tiếng Anh tốt, có thể yêu cầu IELTS/chứng chỉ khi nhập học) | Chương trình liên kết/quốc tế: học phí cao hơn chương trình chuẩn",https://diemthi.vnexpress.net/tra-cuu-dai-hoc/loadbenchmark/id/405/year/2026/sortby/1/block_name/-1
SIM-NHH:IB02,SIM-NHH,IB02,Logistics và Quản lý chuỗi cung ứng,,du_lich,standard,,A01;D01;D07;D09,A01,,https://diemthi.vnexpress.net/tra-cuu-dai-hoc/loadbenchmark/id/405/year/2026/sortby/1/block_name/-1
SIM-NHH:IB04,SIM-NHH,IB04,Kinh doanh quốc tế CLC,,kinh_te,international,,A01;D01;D07;D09,A01,"Học bằng tiếng Anh (thường cần trình độ tiếng Anh tốt, có thể yêu cầu IELTS/chứng chỉ khi nhập học) | Chương trình liên kết/quốc tế: học phí cao hơn chương trình chuẩn",https://diemthi.vnexpress.net/tra-cuu-dai-hoc/loadbenchmark/id/405/year/2026/sortby/1/block_name/-1
SIM-NHH:IB05,SIM-NHH,IB05,Thương mại điện tử CLC,,kinh_te,high_quality,,A01;D01;D07;D09,A01,,https://diemthi.vnexpress.net/tra-cuu-dai-hoc/loadbenchmark/id/405/year/2026/sortby/1/block_name/-1
SIM-NHH:IB06,SIM-NHH,IB06,Chất lượng cao Logistics và Quản lý chuỗi cung ứng,,du_lich,high_quality,,A01;D01;D07;D09,A01,,https://diemthi.vnexpress.net/tra-cuu-dai-hoc/loadbenchmark/id/405/year/2026/sortby/1/block_name/-1
SIM-NHH:IB07,SIM-NHH,IB07,"Quản trị kinh doanh quốc tế - Đại học West of England (UWE), Anh (Cấp song bằng)",,kinh_te,international,,A00;A01;D01;D07,A00,"Học bằng tiếng Anh (thường cần trình độ tiếng Anh tốt, có thể yêu cầu IELTS/chứng chỉ khi nhập học) | Chương trình liên kết/quốc tế: học phí cao hơn chương trình chuẩn",https://diemthi.vnexpress.net/tra-cuu-dai-hoc/loadbenchmark/id/405/year/2026/sortby/1/block_name/-1
SIM-NHH:IT01,SIM-NHH,IT01,Công nghệ thông tin,,cntt,standard,,A00;A01;D01;D07,A00,,https://diemthi.vnexpress.net/tra-cuu-dai-hoc/loadbenchmark/id/405/year/2026/sortby/1/block_name/-1
SIM-NHH:LAW01,SIM-NHH,LAW01,Luật kinh tế,,luat,standard,,C00;C03;D01;D14;A01;D07;A00,C00,,https://diemthi.vnexpress.net/tra-cuu-dai-hoc/loadbenchmark/id/405/year/2026/sortby/1/block_name/-1
SIM-NHH:LAW03,SIM-NHH,LAW03,Chất lượng cao Luật Kinh tế,,luat,high_quality,,C00;C03;D01;D14,C00,,https://diemthi.vnexpress.net/tra-cuu-dai-hoc/loadbenchmark/id/405/year/2026/sortby/1/block_name/-1
SIM-NHH:LAW04,SIM-NHH,LAW04,Luật học,,luat,standard,,C00;C03;D01;D14,C00,,https://diemthi.vnexpress.net/tra-cuu-dai-hoc/loadbenchmark/id/405/year/2026/sortby/1/block_name/-1
SIM-NHH:MIS01,SIM-NHH,MIS01,Hệ thống thông tin quản lý,,cntt,standard,,A00;A01;D01;D07,A00,,https://diemthi.vnexpress.net/tra-cuu-dai-hoc/loadbenchmark/id/405/year/2026/sortby/1/block_name/-1
SIM-NHH:MIS02,SIM-NHH,MIS02,Hệ thống thông tin quản lý CLC,,cntt,high_quality,,A01;D01;D07;D09,A01,,https://diemthi.vnexpress.net/tra-cuu-dai-hoc/loadbenchmark/id/405/year/2026/sortby/1/block_name/-1
SIM-NHS:7220201,SIM-NHS,7220201,Ngôn ngữ Anh,7220201,ngon_ngu,standard,,A01;D01;D07;D09;D10;D14;D15,A01,,https://diemthi.vnexpress.net/tra-cuu-dai-hoc/loadbenchmark/id/277/year/2026/sortby/1/block_name/-1
SIM-NHS:7220201DB,SIM-NHS,7220201DB,Ngôn ngữ Anh ĐB,7220201,ngon_ngu,standard,,A01;D01;D07;D09;D10,A01,,https://diemthi.vnexpress.net/tra-cuu-dai-hoc/loadbenchmark/id/277/year/2026/sortby/1/block_name/-1
SIM-NHS:7220204,SIM-NHS,7220204,Ngôn ngữ Trung Quốc,7220204,ngon_ngu,standard,,A01;D01;D07;D09;D10,A01,,https://diemthi.vnexpress.net/tra-cuu-dai-hoc/loadbenchmark/id/277/year/2026/sortby/1/block_name/-1
SIM-NHS:7310106,SIM-NHS,7310106,Kinh tế quốc tế,7310106,kinh_te,international,,A00;A01;C01;C02;D01;D07;X02;X26,A00,"Học bằng tiếng Anh (thường cần trình độ tiếng Anh tốt, có thể yêu cầu IELTS/chứng chỉ khi nhập học) | Chương trình liên kết/quốc tế: học phí cao hơn chương trình chuẩn",https://diemthi.vnexpress.net/tra-cuu-dai-hoc/loadbenchmark/id/277/year/2026/sortby/1/block_name/-1
SIM-NHS:7310106TA,SIM-NHS,7310106TA,Kinh tế quốc tế TABP,7310106,kinh_te,international,,A00;A01;C01;C02;D01;D07;X02;X26,A00,"Học bằng tiếng Anh (thường cần trình độ tiếng Anh tốt, có thể yêu cầu IELTS/chứng chỉ khi nhập học) | Chương trình liên kết/quốc tế: học phí cao hơn chương trình chuẩn",https://diemthi.vnexpress.net/tra-cuu-dai-hoc/loadbenchmark/id/277/year/2026/sortby/1/block_name/-1
SIM-NHS:7340101,SIM-NHS,7340101,Quản trị Kinh doanh,7340101,kinh_te,standard,,A00;A01;C01;C02;D01;D07;X02;X26,A00,,https://diemthi.vnexpress.net/tra-cuu-dai-hoc/loadbenchmark/id/277/year/2026/sortby/1/block_name/-1
SIM-NHS:7340101QT,SIM-NHS,7340101QT,Quản trị kinh doanh (liên kết quốc tế do Đại học Troy - Hoa Kỳ cấp bằng),7340101,kinh_te,international,,A00;A01;A03;A04;A06;A07;C01;C02;D01;D07;D09;D10;X02;X26;A05,A00,"Học bằng tiếng Anh (thường cần trình độ tiếng Anh tốt, có thể yêu cầu IELTS/chứng chỉ khi nhập học) | Chương trình liên kết/quốc tế: học phí cao hơn chương trình chuẩn",https://diemthi.vnexpress.net/tra-cuu-dai-hoc/loadbenchmark/id/277/year/2026/sortby/1/block_name/-1
SIM-NHS:7340101SB,SIM-NHS,7340101SB,Quản trị kinh doanh (Quốc tế song bằng),7340101,kinh_te,international,,A00;A01;C01;C02;D01;D07;X02;X26,A00,"Học bằng tiếng Anh (thường cần trình độ tiếng Anh tốt, có thể yêu cầu IELTS/chứng chỉ khi nhập học) | Chương trình liên kết/quốc tế: học phí cao hơn chương trình chuẩn",https://diemthi.vnexpress.net/tra-cuu-dai-hoc/loadbenchmark/id/277/year/2026/sortby/1/block_name/-1
SIM-NHS:7340101TA,SIM-NHS,7340101TA,Quản trị kinh doanh (Đào tạo bằng tiếng Anh),7340101,ngon_ngu,standard,,A00;A01;C01;C02;D01;D07;X02;X26,A00,"Học bằng tiếng Anh (thường cần trình độ tiếng Anh tốt, có thể yêu cầu IELTS/chứng chỉ khi nhập học)",https://diemthi.vnexpress.net/tra-cuu-dai-hoc/loadbenchmark/id/277/year/2026/sortby/1/block_name/-1
SIM-NHS:7340115,SIM-NHS,7340115,Marketing,7340115,kinh_te,standard,,A00;A01;C01;C02;D01;D07;X02;X26,A00,,https://diemthi.vnexpress.net/tra-cuu-dai-hoc/loadbenchmark/id/277/year/2026/sortby/1/block_name/-1
SIM-NHS:7340120,SIM-NHS,7340120,Ngành Kinh doanh quốc tế,7340120,kinh_te,international,,A00;A01;C01;C02;D01;D07;X02;X26,A00,"Học bằng tiếng Anh (thường cần trình độ tiếng Anh tốt, có thể yêu cầu IELTS/chứng chỉ khi nhập học) | Chương trình liên kết/quốc tế: học phí cao hơn chương trình chuẩn",https://diemthi.vnexpress.net/tra-cuu-dai-hoc/loadbenchmark/id/277/year/2026/sortby/1/block_name/-1
SIM-NHS:7340120TA,SIM-NHS,7340120TA,Kinh doanh quốc tế TABP,7340120,kinh_te,international,,A00;A01;C01;C02;D01;D07;X02;X26,A00,"Học bằng tiếng Anh (thường cần trình độ tiếng Anh tốt, có thể yêu cầu IELTS/chứng chỉ khi nhập học) | Chương trình liên kết/quốc tế: học phí cao hơn chương trình chuẩn",https://diemthi.vnexpress.net/tra-cuu-dai-hoc/loadbenchmark/id/277/year/2026/sortby/1/block_name/-1
SIM-NHS:7340122,SIM-NHS,7340122,Thương mại điện tử,7340122,kinh_te,standard,,A00;A01;C01;C02;D01;D07;X02;X26,A00,,https://diemthi.vnexpress.net/tra-cuu-dai-hoc/loadbenchmark/id/277/year/2026/sortby/1/block_name/-1
SIM-NHS:7340122TA,SIM-NHS,7340122TA,Thương mại điện tử TABP,7340122,kinh_te,standard,,A00;A01;C01;C02;D01;D07;X02;X26,A00,,https://diemthi.vnexpress.net/tra-cuu-dai-hoc/loadbenchmark/id/277/year/2026/sortby/1/block_name/-1
SIM-NHS:7340201,SIM-NHS,7340201,Tài chính – Ngân hàng,7340201,tai_chinh,standard,,A00;A01;C01;C02;D01;D07;X02;X26,A00,,https://diemthi.vnexpress.net/tra-cuu-dai-hoc/loadbenchmark/id/277/year/2026/sortby/1/block_name/-1
SIM-NHS:7340201EL,SIM-NHS,7340201EL,Tài chính - Ngân hàng chương trình tinh hoa (Elite Class),7340201,tai_chinh,standard,,A00;A01;C01;C02;D01;D07;X02;X26,A00,,https://diemthi.vnexpress.net/tra-cuu-dai-hoc/loadbenchmark/id/277/year/2026/sortby/1/block_name/-1
SIM-NHS:7340201QT,SIM-NHS,7340201QT,ĐHCQ quốc tế Tài chính - Ngân hàng,7340201,tai_chinh,international,,A00;A01;A03;A04;A06;A07;C01;C02;D01;D07;D09;D10;X02;X26;A05,A00,"Học bằng tiếng Anh (thường cần trình độ tiếng Anh tốt, có thể yêu cầu IELTS/chứng chỉ khi nhập học) | Chương trình liên kết/quốc tế: học phí cao hơn chương trình chuẩn",https://diemthi.vnexpress.net/tra-cuu-dai-hoc/loadbenchmark/id/277/year/2026/sortby/1/block_name/-1
SIM-NHS:7340201SB,SIM-NHS,7340201SB,Tài chính - Ngân hàng (Quốc tế song bằng),7340201,tai_chinh,international,,A00;A01;C01;C02;D01;D07;X02;X26,A00,"Học bằng tiếng Anh (thường cần trình độ tiếng Anh tốt, có thể yêu cầu IELTS/chứng chỉ khi nhập học) | Chương trình liên kết/quốc tế: học phí cao hơn chương trình chuẩn",https://diemthi.vnexpress.net/tra-cuu-dai-hoc/loadbenchmark/id/277/year/2026/sortby/1/block_name/-1
SIM-NHS:7340201TA,SIM-NHS,7340201TA,Tài chính - Ngân hàng (CTĐT bằng Tiếng Anh),7340201,tai_chinh,standard,,A00;A01;C01;C02;D01;D07;X02;X26,A00,"Học bằng tiếng Anh (thường cần trình độ tiếng Anh tốt, có thể yêu cầu IELTS/chứng chỉ khi nhập học)",https://diemthi.vnexpress.net/tra-cuu-dai-hoc/loadbenchmark/id/277/year/2026/sortby/1/block_name/-1
SIM-NHS:7340204,SIM-NHS,7340204,Bảo hiểm,7340204,tai_chinh,standard,,A00;A01;C01;C02;D01;D07;X02;X26,A00,,https://diemthi.vnexpress.net/tra-cuu-dai-hoc/loadbenchmark/id/277/year/2026/sortby/1/block_name/-1
SIM-NHS:7340205,SIM-NHS,7340205,Công nghệ tài chính,7340205,tai_chinh,standard,,A00;A01;C01;C02;D01;D07;X02;X26,A00,,https://diemthi.vnexpress.net/tra-cuu-dai-hoc/loadbenchmark/id/277/year/2026/sortby/1/block_name/-1
SIM-NHS:7340301,SIM-NHS,7340301,Kế toán,7340301,tai_chinh,standard,,A00;A01;C01;C02;D01;D07;X02;X26,A00,,https://diemthi.vnexpress.net/tra-cuu-dai-hoc/loadbenchmark/id/277/year/2026/sortby/1/block_name/-1
SIM-NHS:7340301TA,SIM-NHS,7340301TA,Kế toán đào tạo bằng tiếng Anh,7340301,tai_chinh,standard,,A00;A01;C01;C02;D01;D07;X02;X26,A00,"Học bằng tiếng Anh (thường cần trình độ tiếng Anh tốt, có thể yêu cầu IELTS/chứng chỉ khi nhập học)",https://diemthi.vnexpress.net/tra-cuu-dai-hoc/loadbenchmark/id/277/year/2026/sortby/1/block_name/-1
SIM-NHS:7340302,SIM-NHS,7340302,Kiểm toán,7340302,tai_chinh,standard,,A00;A01;C01;C02;D01;D07;X02;X26,A00,,https://diemthi.vnexpress.net/tra-cuu-dai-hoc/loadbenchmark/id/277/year/2026/sortby/1/block_name/-1
SIM-NHS:7340405,SIM-NHS,7340405,Hệ thống thông tin,7340405,cntt,standard,,A00;A01;C01;C02;D01;D07;X02;X26,A00,,https://diemthi.vnexpress.net/tra-cuu-dai-hoc/loadbenchmark/id/277/year/2026/sortby/1/block_name/-1
SIM-NHS:7340405TA,SIM-NHS,7340405TA,Hệ thống thông tin quản lý TABP,7340405,cntt,standard,,A00;A01;C01;C02;D01;D07;X02;X26,A00,,https://diemthi.vnexpress.net/tra-cuu-dai-hoc/loadbenchmark/id/277/year/2026/sortby/1/block_name/-1
SIM-NHS:7380101,SIM-NHS,7380101,Ngành Luật,7380101,luat,standard,,A01;A03;D07;D09;A00;C00;D01;D14;C01;C02,A01,,https://diemthi.vnexpress.net/tra-cuu-dai-hoc/loadbenchmark/id/277/year/2026/sortby/1/block_name/-1
SIM-NHS:7380107,SIM-NHS,7380107,Luật kinh tế,7380107,luat,standard,,A01;A03;D07;D09;A00;D01;C00;D14;C01;C02,A01,,https://diemthi.vnexpress.net/tra-cuu-dai-hoc/loadbenchmark/id/277/year/2026/sortby/1/block_name/-1
SIM-NHS:7380107TA,SIM-NHS,7380107TA,Luật kinh tế TABP,7380107,luat,standard,,A00;A01;C01;C02;D01;D07,A00,,https://diemthi.vnexpress.net/tra-cuu-dai-hoc/loadbenchmark/id/277/year/2026/sortby/1/block_name/-1
SIM-NHS:7460108,SIM-NHS,7460108,Khoa học dữ liệu (Data Science),7460108,cntt,standard,,A00;A01;C01;C02;D01;D07;X02;X26,A00,,https://diemthi.vnexpress.net/tra-cuu-dai-hoc/loadbenchmark/id/277/year/2026/sortby/1/block_name/-1
SIM-NHS:7480107,SIM-NHS,7480107,Trí tuệ nhân tạo,7480107,cntt,standard,,A00;A01;C01;C02;D01;D07;X02;X26,A00,,https://diemthi.vnexpress.net/tra-cuu-dai-hoc/loadbenchmark/id/277/year/2026/sortby/1/block_name/-1
SIM-NHS:7480201,SIM-NHS,7480201,Công nghệ thông tin,7480201,cntt,standard,,A00;A01;C01;C02;D01;D07;X02;X26,A00,,https://diemthi.vnexpress.net/tra-cuu-dai-hoc/loadbenchmark/id/277/year/2026/sortby/1/block_name/-1
SIM-NHS:7510605,SIM-NHS,7510605,Logistics và Quản lý chuỗi cung ứng,7510605,du_lich,standard,,A00;A01;C01;C02;D01;D07;X02;X26,A00,,https://diemthi.vnexpress.net/tra-cuu-dai-hoc/loadbenchmark/id/277/year/2026/sortby/1/block_name/-1
SIM-NHS:7810201,SIM-NHS,7810201,Quản trị khách sạn,7810201,du_lich,standard,,A00;A01;C01;C02;D01;D07;X02;X26,A00,,https://diemthi.vnexpress.net/tra-cuu-dai-hoc/loadbenchmark/id/277/year/2026/sortby/1/block_name/-1
SIM-NLS:7140215,SIM-NLS,7140215,Sư phạm kỹ thuật nông nghiệp,7140215,su_pham,standard,,A01;B00;D08;X12;X16;X28;A00,A01,"Sư phạm: không nhận thí sinh bị dị hình, dị tật, nói ngọng, nói lắp; điểm sàn của Bộ",https://diemthi.vnexpress.net/tra-cuu-dai-hoc/loadbenchmark/id/278/year/2026/sortby/1/block_name/-1
SIM-NLS:7220201,SIM-NLS,7220201,Ngôn ngữ Anh,7220201,ngon_ngu,standard,,A01;C00;C03;C04;D01;D14;D15;X03;X04;X70;X74,A01,,https://diemthi.vnexpress.net/tra-cuu-dai-hoc/loadbenchmark/id/278/year/2026/sortby/1/block_name/-1
SIM-NLS:7220201N,SIM-NLS,7220201N,Ngôn ngữ Anh (phân hiệu Ninh Thuận),7220201,ngon_ngu,standard,Ninh Thuận,A01;C00;C03;C04;D01;D14;D15;X03;X04;X70;X74,A01,Học tại Ninh Thuận,https://diemthi.vnexpress.net/tra-cuu-dai-hoc/loadbenchmark/id/278/year/2026/sortby/1/block_name/-1
SIM-NLS:7310101,SIM-NLS,7310101,Kinh tế,7310101,kinh_te,standard,,A00;A01;D01;X01;X02;X25,A00,,https://diemthi.vnexpress.net/tra-cuu-dai-hoc/loadbenchmark/id/278/year/2026/sortby/1/block_name/-1
SIM-NLS:7310101C,SIM-NLS,7310101C,Kinh tế CLC,7310101,kinh_te,high_quality,,A00;A01;D01;X01;X02;X25,A00,,https://diemthi.vnexpress.net/tra-cuu-dai-hoc/loadbenchmark/id/278/year/2026/sortby/1/block_name/-1
SIM-NLS:7340101,SIM-NLS,7340101,Quản trị Kinh doanh,7340101,kinh_te,standard,,A00;A01;D01;X01;X02;X25,A00,,https://diemthi.vnexpress.net/tra-cuu-dai-hoc/loadbenchmark/id/278/year/2026/sortby/1/block_name/-1
SIM-NLS:7340101N,SIM-NLS,7340101N,Quản trị kinh doanh (Chuyên ngành Quản trị Nhà hàng - Khách sạn),7340101,du_lich,standard,,A00;A01;D01;X01;X02;X25,A00,,https://diemthi.vnexpress.net/tra-cuu-dai-hoc/loadbenchmark/id/278/year/2026/sortby/1/block_name/-1
SIM-NLS:7340116,SIM-NLS,7340116,Bất động sản,7340116,kinh_te,standard,,A00;A01;C01;C04;D01;X01;A04,A00,,https://diemthi.vnexpress.net/tra-cuu-dai-hoc/loadbenchmark/id/278/year/2026/sortby/1/block_name/-1
SIM-NLS:7340301,SIM-NLS,7340301,Kế toán,7340301,tai_chinh,standard,,A00;A01;D01;X01;X02;X25,A00,,https://diemthi.vnexpress.net/tra-cuu-dai-hoc/loadbenchmark/id/278/year/2026/sortby/1/block_name/-1
SIM-NLS:7340301N,SIM-NLS,7340301N,Kế toán,7340301,tai_chinh,standard,,A00;A01;D01;X01;X02;X25,A00,,https://diemthi.vnexpress.net/tra-cuu-dai-hoc/loadbenchmark/id/278/year/2026/sortby/1/block_name/-1
SIM-NLS:7420201,SIM-NLS,7420201,Công nghệ sinh học,7420201,sinh_hoa,standard,,A02;B00;B03;D08;X14;A00,A02,,https://diemthi.vnexpress.net/tra-cuu-dai-hoc/loadbenchmark/id/278/year/2026/sortby/1/block_name/-1
SIM-NLS:7440301,SIM-NLS,7440301,Khoa học môi trường,7440301,nong_lam_mt,standard,,A00;A01;A02;B00;D07;D08,A00,,https://diemthi.vnexpress.net/tra-cuu-dai-hoc/loadbenchmark/id/278/year/2026/sortby/1/block_name/-1
SIM-NLS:7480104,SIM-NLS,7480104,Hệ thống thông tin,7480104,cntt,standard,,A00;A01;A04;D01;D07;X26,A00,,https://diemthi.vnexpress.net/tra-cuu-dai-hoc/loadbenchmark/id/278/year/2026/sortby/1/block_name/-1
SIM-NLS:7480201,SIM-NLS,7480201,Công nghệ thông tin,7480201,cntt,standard,,A00;A01;D07;X06;X07;X10,A00,,https://diemthi.vnexpress.net/tra-cuu-dai-hoc/loadbenchmark/id/278/year/2026/sortby/1/block_name/-1
SIM-NLS:7480201C,SIM-NLS,7480201C,Công nghệ thông tin (CTCLC),7480201,cntt,standard,,A00;A01;D07;X06;X07;X10,A00,,https://diemthi.vnexpress.net/tra-cuu-dai-hoc/loadbenchmark/id/278/year/2026/sortby/1/block_name/-1
SIM-NLS:7480201N,SIM-NLS,7480201N,Công nghệ thông tin,7480201,cntt,standard,,A00;A01;D07;X06;X07;X10,A00,,https://diemthi.vnexpress.net/tra-cuu-dai-hoc/loadbenchmark/id/278/year/2026/sortby/1/block_name/-1
SIM-NLS:7510201,SIM-NLS,7510201,Công nghệ kỹ thuật cơ khí chuyên ngành Cơ khí chế tạo,7510201,ky_thuat,standard,,A00;A01;A02;C01;X06;X07;D07,A00,,https://diemthi.vnexpress.net/tra-cuu-dai-hoc/loadbenchmark/id/278/year/2026/sortby/1/block_name/-1
SIM-NLS:7510201C,SIM-NLS,7510201C,Công nghệ kỹ thuật cơ khí,7510201,ky_thuat,standard,,A00;A01;A02;C01;X06;X07;D07,A00,,https://diemthi.vnexpress.net/tra-cuu-dai-hoc/loadbenchmark/id/278/year/2026/sortby/1/block_name/-1
SIM-NLS:7510203,SIM-NLS,7510203,Công nghệ kỹ thuật cơ điện tử,7510203,ky_thuat,standard,,A00;A01;A02;C01;X06;X07;D07,A00,,https://diemthi.vnexpress.net/tra-cuu-dai-hoc/loadbenchmark/id/278/year/2026/sortby/1/block_name/-1
SIM-NLS:7510205,SIM-NLS,7510205,Công nghệ kỹ thuật ô tô,7510205,ky_thuat,standard,,A00;A01;A02;C01;X06;X07;D07,A00,,https://diemthi.vnexpress.net/tra-cuu-dai-hoc/loadbenchmark/id/278/year/2026/sortby/1/block_name/-1
SIM-NLS:7510206,SIM-NLS,7510206,Công nghệ kỹ thuật nhiệt,7510206,ky_thuat,standard,,A00;A01;A02;C01;X06;X07;D07,A00,,https://diemthi.vnexpress.net/tra-cuu-dai-hoc/loadbenchmark/id/278/year/2026/sortby/1/block_name/-1
SIM-NLS:7510401,SIM-NLS,7510401,Công nghệ kỹ thuật hoá học,7510401,sinh_hoa,standard,,A00;A01;A02;B00;D08;D07,A00,,https://diemthi.vnexpress.net/tra-cuu-dai-hoc/loadbenchmark/id/278/year/2026/sortby/1/block_name/-1
SIM-NLS:7510401C,SIM-NLS,7510401C,Công nghệ kỹ thuật hoá học (Chương trình chất lượng cao),7510401,sinh_hoa,high_quality,,A00;A01;A02;B00;D08;D07,A00,,https://diemthi.vnexpress.net/tra-cuu-dai-hoc/loadbenchmark/id/278/year/2026/sortby/1/block_name/-1
SIM-NLS:7519007,SIM-NLS,7519007,Công nghệ kỹ thuật năng lượng tái tạo,7519007,ky_thuat,standard,,A00;A01;A02;C01;X06;X07;D07,A00,,https://diemthi.vnexpress.net/tra-cuu-dai-hoc/loadbenchmark/id/278/year/2026/sortby/1/block_name/-1
SIM-NLS:7519007N,SIM-NLS,7519007N,Công nghệ kỹ thuật năng lượng tái tạo,7519007,ky_thuat,standard,,A00;A01;A02;C01;X06;X07,A00,,https://diemthi.vnexpress.net/tra-cuu-dai-hoc/loadbenchmark/id/278/year/2026/sortby/1/block_name/-1
SIM-NLS:7520216,SIM-NLS,7520216,Ngành Kỹ thuật điều khiển và Tự động hóa,7520216,ky_thuat,standard,,A00;A01;A02;C01;X06;X07;D07,A00,,https://diemthi.vnexpress.net/tra-cuu-dai-hoc/loadbenchmark/id/278/year/2026/sortby/1/block_name/-1
SIM-NLS:7520320,SIM-NLS,7520320,Ngành Kỹ thuật môi trường,7520320,nong_lam_mt,standard,,A00;A01;B00;D08;D07;X28,A00,,https://diemthi.vnexpress.net/tra-cuu-dai-hoc/loadbenchmark/id/278/year/2026/sortby/1/block_name/-1
SIM-NLS:7540101,SIM-NLS,7540101,Công nghệ thực phẩm,7540101,sinh_hoa,standard,,A00;A01;A02;B00;D07;D08,A00,,https://diemthi.vnexpress.net/tra-cuu-dai-hoc/loadbenchmark/id/278/year/2026/sortby/1/block_name/-1
SIM-NLS:7540101T,SIM-NLS,7540101T,Công nghệ thực phẩm (CT tiên tiến),7540101,sinh_hoa,advanced,,A00;A01;A02;B00;D07;D08,A00,"Học bằng tiếng Anh (thường cần trình độ tiếng Anh tốt, có thể yêu cầu IELTS/chứng chỉ khi nhập học)",https://diemthi.vnexpress.net/tra-cuu-dai-hoc/loadbenchmark/id/278/year/2026/sortby/1/block_name/-1
SIM-NLS:7540105,SIM-NLS,7540105,Công nghệ chế biến thủy sản,7540105,nong_lam_mt,standard,,A00;A01;B00;D01;B03;X04;D07;D08,A00,,https://diemthi.vnexpress.net/tra-cuu-dai-hoc/loadbenchmark/id/278/year/2026/sortby/1/block_name/-1
SIM-NLS:7540106,SIM-NLS,7540106,Đảm bảo chất lượng và an toàn thực phẩm,7540106,sinh_hoa,standard,,A00;A01;A02;B00;D07;D08,A00,,https://diemthi.vnexpress.net/tra-cuu-dai-hoc/loadbenchmark/id/278/year/2026/sortby/1/block_name/-1
SIM-NLS:7549001,SIM-NLS,7549001,Công nghệ chế biến lâm sản,7549001,ky_thuat,standard,,A00;A01;B00;C04;D01;X04,A00,,https://diemthi.vnexpress.net/tra-cuu-dai-hoc/loadbenchmark/id/278/year/2026/sortby/1/block_name/-1
SIM-NLS:7620105,SIM-NLS,7620105,Chăn nuôi,7620105,nong_lam_mt,standard,,A00;B00;B03;C02;D07;D08,A00,,https://diemthi.vnexpress.net/tra-cuu-dai-hoc/loadbenchmark/id/278/year/2026/sortby/1/block_name/-1
SIM-NLS:7620105C,SIM-NLS,7620105C,Chăn nuôi chương trình nâng cao,7620105,nong_lam_mt,standard,,A00;B00;B03;C02;D07;D08,A00,,https://diemthi.vnexpress.net/tra-cuu-dai-hoc/loadbenchmark/id/278/year/2026/sortby/1/block_name/-1
SIM-NLS:7620109,SIM-NLS,7620109,Nông học,7620109,nong_lam_mt,standard,,A00;B00;B03;A02;D07;D08,A00,,https://diemthi.vnexpress.net/tra-cuu-dai-hoc/loadbenchmark/id/278/year/2026/sortby/1/block_name/-1
SIM-NLS:7620112,SIM-NLS,7620112,Bảo vệ thực vật,7620112,nong_lam_mt,standard,,A00;B00;B03;A02;D07;D08,A00,,https://diemthi.vnexpress.net/tra-cuu-dai-hoc/loadbenchmark/id/278/year/2026/sortby/1/block_name/-1
SIM-NLS:7620114,SIM-NLS,7620114,Kinh doanh nông nghiệp,7620114,nong_lam_mt,standard,,A00;A01;D01;X01;X02;X25,A00,,https://diemthi.vnexpress.net/tra-cuu-dai-hoc/loadbenchmark/id/278/year/2026/sortby/1/block_name/-1
SIM-NLS:7620116,SIM-NLS,7620116,Phát triển nông thôn,7620116,nong_lam_mt,standard,,A00;A01;D01;X01;X02;X25,A00,,https://diemthi.vnexpress.net/tra-cuu-dai-hoc/loadbenchmark/id/278/year/2026/sortby/1/block_name/-1
SIM-NLS:7620201,SIM-NLS,7620201,Lâm học,7620201,nong_lam_mt,standard,,A00;B00;C04;X01;D01;D05;D08,A00,,https://diemthi.vnexpress.net/tra-cuu-dai-hoc/loadbenchmark/id/278/year/2026/sortby/1/block_name/-1
SIM-NLS:7620202,SIM-NLS,7620202,Lâm nghiệp đô thị,7620202,xay_dung,standard,,A00;B00;C04;X01;D01;D05;D08,A00,,https://diemthi.vnexpress.net/tra-cuu-dai-hoc/loadbenchmark/id/278/year/2026/sortby/1/block_name/-1
SIM-NLS:7620211,SIM-NLS,7620211,Quản lý tài nguyên rừng,7620211,nong_lam_mt,standard,,A00;B00;C04;X01;D01;D05;D08,A00,,https://diemthi.vnexpress.net/tra-cuu-dai-hoc/loadbenchmark/id/278/year/2026/sortby/1/block_name/-1
SIM-NLS:7620301,SIM-NLS,7620301,ĐH Nuôi trồng thủy sản,7620301,nong_lam_mt,standard,,B00;D07;D08;D01;B03;X04;A00,B00,,https://diemthi.vnexpress.net/tra-cuu-dai-hoc/loadbenchmark/id/278/year/2026/sortby/1/block_name/-1
SIM-NLS:7640101,SIM-NLS,7640101,Thú y,7640101,y_duoc,standard,,A00;B00;B03;C02;D07;D08,A00,Khối sức khỏe: có ngưỡng điểm sàn của Bộ,https://diemthi.vnexpress.net/tra-cuu-dai-hoc/loadbenchmark/id/278/year/2026/sortby/1/block_name/-1
SIM-NLS:7640101N,SIM-NLS,7640101N,Thú y,7640101,y_duoc,standard,,A00;B00;B03;C02;D07;D08,A00,Khối sức khỏe: có ngưỡng điểm sàn của Bộ,https://diemthi.vnexpress.net/tra-cuu-dai-hoc/loadbenchmark/id/278/year/2026/sortby/1/block_name/-1
SIM-NLS:7640101T,SIM-NLS,7640101T,Thú y (CT tiên tiến),7640101,y_duoc,advanced,,A00;B00;B03;C02;D07;D08,A00,"Học bằng tiếng Anh (thường cần trình độ tiếng Anh tốt, có thể yêu cầu IELTS/chứng chỉ khi nhập học) | Khối sức khỏe: có ngưỡng điểm sàn của Bộ",https://diemthi.vnexpress.net/tra-cuu-dai-hoc/loadbenchmark/id/278/year/2026/sortby/1/block_name/-1
SIM-NLS:7850101,SIM-NLS,7850101,Quản lý tài nguyên và môi trường,7850101,nong_lam_mt,standard,,A00;A01;B00;D01;D07;D08,A00,,https://diemthi.vnexpress.net/tra-cuu-dai-hoc/loadbenchmark/id/278/year/2026/sortby/1/block_name/-1
SIM-NLS:7850103,SIM-NLS,7850103,Quản lý đất đai,7850103,nong_lam_mt,standard,,A00;A01;C01;C04;D01;X01;A04,A00,,https://diemthi.vnexpress.net/tra-cuu-dai-hoc/loadbenchmark/id/278/year/2026/sortby/1/block_name/-1
SIM-NLS:7850103C,SIM-NLS,7850103C,Quản lý đất đai (chương trình nâng cao),7850103,nong_lam_mt,standard,,A00;A01;C01;C04;D01;X01,A00,,https://diemthi.vnexpress.net/tra-cuu-dai-hoc/loadbenchmark/id/278/year/2026/sortby/1/block_name/-1
SIM-NLS:7859002,SIM-NLS,7859002,Tài nguyên và du lịch sinh thái,7859002,du_lich,standard,,A00;B00;B02;D01;D07;D08,A00,,https://diemthi.vnexpress.net/tra-cuu-dai-hoc/loadbenchmark/id/278/year/2026/sortby/1/block_name/-1
SIM-NLS:7859007,SIM-NLS,7859007,Cảnh quan và kỹ thuật hoa viên,7859007,sinh_hoa,standard,,A00;B00;B02;D01;D07;D08,A00,,https://diemthi.vnexpress.net/tra-cuu-dai-hoc/loadbenchmark/id/278/year/2026/sortby/1/block_name/-1
SIM-NTH:NTHKD05,SIM-NTH,NTHKD05,"CT TT i-Hons Kinh doanh quốc tế và Phân tích dữ liệu kinh doanh (hợp tác với University of Queensland, Australia)",,cntt,international,,A00,A00,"Học bằng tiếng Anh (thường cần trình độ tiếng Anh tốt, có thể yêu cầu IELTS/chứng chỉ khi nhập học) | Chương trình liên kết/quốc tế: học phí cao hơn chương trình chuẩn",https://vietnamnet.vn/newsapi-edu/UniversityDetail/GetDetail?pageId=49ff289efde0446f9ae2f5c385595744&componentId=COMPONENT002302&keyword=NTH&year=2026&pageSize=25&pageIndex=0&typeOfTraining=0&subjectGroup=
SIM-NTH:NTHKD06,SIM-NTH,NTHKD06,CT CLC Kinh doanh quốc tế,,kinh_te,international,,A00,A00,"Học bằng tiếng Anh (thường cần trình độ tiếng Anh tốt, có thể yêu cầu IELTS/chứng chỉ khi nhập học) | Chương trình liên kết/quốc tế: học phí cao hơn chương trình chuẩn",https://vietnamnet.vn/newsapi-edu/UniversityDetail/GetDetail?pageId=49ff289efde0446f9ae2f5c385595744&componentId=COMPONENT002302&keyword=NTH&year=2026&pageSize=25&pageIndex=0&typeOfTraining=0&subjectGroup=
SIM-NTH:NTHKD07,SIM-NTH,NTHKD07,CT ĐHNNQT Kinh doanh quốc tế theo mô hình tiên tiến Nhật Bản,,kinh_te,international,,A00;A01;D01;D06;D07,A00,"Học bằng tiếng Anh (thường cần trình độ tiếng Anh tốt, có thể yêu cầu IELTS/chứng chỉ khi nhập học) | Chương trình liên kết/quốc tế: học phí cao hơn chương trình chuẩn",https://vietnamnet.vn/newsapi-edu/UniversityDetail/GetDetail?pageId=49ff289efde0446f9ae2f5c385595744&componentId=COMPONENT002302&keyword=NTH&year=2026&pageSize=25&pageIndex=0&typeOfTraining=0&subjectGroup=
SIM-NTH:NTHKD08,SIM-NTH,NTHKD08,CT ĐHNNQT Kinh doanh sáng tạo và Công nghiệp văn hóa,,ngon_ngu,standard,,A00;A01;D01;D07,A00,,https://vietnamnet.vn/newsapi-edu/UniversityDetail/GetDetail?pageId=49ff289efde0446f9ae2f5c385595744&componentId=COMPONENT002302&keyword=NTH&year=2026&pageSize=25&pageIndex=1&typeOfTraining=0&subjectGroup=
SIM-NTH:NTHKE16,SIM-NTH,NTHKE16,CT TC Kế toán - Kiểm toán,,tai_chinh,standard,,A00;A01;D01;D07,A00,,https://vietnamnet.vn/newsapi-edu/UniversityDetail/GetDetail?pageId=49ff289efde0446f9ae2f5c385595744&componentId=COMPONENT002302&keyword=NTH&year=2026&pageSize=25&pageIndex=1&typeOfTraining=0&subjectGroup=
SIM-NTH:NTHKT01,SIM-NTH,NTHKT01,CT TT Kinh tế đối ngoại,,kinh_te,standard,,A00,A00,,https://vietnamnet.vn/newsapi-edu/UniversityDetail/GetDetail?pageId=49ff289efde0446f9ae2f5c385595744&componentId=COMPONENT002302&keyword=NTH&year=2026&pageSize=25&pageIndex=0&typeOfTraining=0&subjectGroup=
SIM-NTH:NTHKT02,SIM-NTH,NTHKT02,CT CLC Kinh tế đối ngoại,,kinh_te,high_quality,,A00,A00,,https://vietnamnet.vn/newsapi-edu/UniversityDetail/GetDetail?pageId=49ff289efde0446f9ae2f5c385595744&componentId=COMPONENT002302&keyword=NTH&year=2026&pageSize=25&pageIndex=0&typeOfTraining=0&subjectGroup=
SIM-NTH:NTHKT03,SIM-NTH,NTHKT03,CT ĐHNNQT Logistics toàn cầu và đổi mới chuỗi cung ứng,,du_lich,standard,,A00;A01;D01;D07,A00,,https://vietnamnet.vn/newsapi-edu/UniversityDetail/GetDetail?pageId=49ff289efde0446f9ae2f5c385595744&componentId=COMPONENT002302&keyword=NTH&year=2026&pageSize=25&pageIndex=0&typeOfTraining=0&subjectGroup=
SIM-NTH:NTHKT04,SIM-NTH,NTHKT04,CT CLC Kinh tế quốc tế,,kinh_te,international,,A00,A00,"Học bằng tiếng Anh (thường cần trình độ tiếng Anh tốt, có thể yêu cầu IELTS/chứng chỉ khi nhập học) | Chương trình liên kết/quốc tế: học phí cao hơn chương trình chuẩn",https://vietnamnet.vn/newsapi-edu/UniversityDetail/GetDetail?pageId=49ff289efde0446f9ae2f5c385595744&componentId=COMPONENT002302&keyword=NTH&year=2026&pageSize=25&pageIndex=0&typeOfTraining=0&subjectGroup=
SIM-NTH:NTHLS17,SIM-NTH,NTHLS17,CT TC Luật thương mại quốc tế,,luat,international,,A00;A01;D01;D07,A00,"Học bằng tiếng Anh (thường cần trình độ tiếng Anh tốt, có thể yêu cầu IELTS/chứng chỉ khi nhập học) | Chương trình liên kết/quốc tế: học phí cao hơn chương trình chuẩn",https://vietnamnet.vn/newsapi-edu/UniversityDetail/GetDetail?pageId=49ff289efde0446f9ae2f5c385595744&componentId=COMPONENT002302&keyword=NTH&year=2026&pageSize=25&pageIndex=1&typeOfTraining=0&subjectGroup=
SIM-NTH:NTHQK12,SIM-NTH,NTHQK12,CT DHPTQT Kinh tế chính trị quốc tế,,xa_hoi,international,,A00;A01;D01;D07,A00,"Học bằng tiếng Anh (thường cần trình độ tiếng Anh tốt, có thể yêu cầu IELTS/chứng chỉ khi nhập học) | Chương trình liên kết/quốc tế: học phí cao hơn chương trình chuẩn",https://vietnamnet.vn/newsapi-edu/UniversityDetail/GetDetail?pageId=49ff289efde0446f9ae2f5c385595744&componentId=COMPONENT002302&keyword=NTH&year=2026&pageSize=25&pageIndex=1&typeOfTraining=0&subjectGroup=
SIM-NTH:NTHQT09,SIM-NTH,NTHQT09,CT TT Quản trị kinh doanh,,kinh_te,standard,,A00,A00,,https://vietnamnet.vn/newsapi-edu/UniversityDetail/GetDetail?pageId=49ff289efde0446f9ae2f5c385595744&componentId=COMPONENT002302&keyword=NTH&year=2026&pageSize=25&pageIndex=1&typeOfTraining=0&subjectGroup=
SIM-NTH:NTHQT10,SIM-NTH,NTHQT10,CT CLC Quản trị kinh doanh,,kinh_te,high_quality,,A00,A00,,https://vietnamnet.vn/newsapi-edu/UniversityDetail/GetDetail?pageId=49ff289efde0446f9ae2f5c385595744&componentId=COMPONENT002302&keyword=NTH&year=2026&pageSize=25&pageIndex=1&typeOfTraining=0&subjectGroup=
SIM-NTH:NTHTC14,SIM-NTH,NTHTC14,CT TT Tài chính - Ngân hàng,,tai_chinh,standard,,A00,A00,,https://vietnamnet.vn/newsapi-edu/UniversityDetail/GetDetail?pageId=49ff289efde0446f9ae2f5c385595744&componentId=COMPONENT002302&keyword=NTH&year=2026&pageSize=25&pageIndex=0&typeOfTraining=0&subjectGroup=
SIM-NTH:NTHTC15,SIM-NTH,NTHTC15,CT CLC Tài chính - Ngân hàng,,tai_chinh,high_quality,,A00,A00,,https://vietnamnet.vn/newsapi-edu/UniversityDetail/GetDetail?pageId=49ff289efde0446f9ae2f5c385595744&componentId=COMPONENT002302&keyword=NTH&year=2026&pageSize=25&pageIndex=1&typeOfTraining=0&subjectGroup=
SIM-NTH:NTHTM11,SIM-NTH,NTHTM11,CT ĐHNNQT Marketing số,,kinh_te,standard,,A00;A01;D01;D07,A00,,https://vietnamnet.vn/newsapi-edu/UniversityDetail/GetDetail?pageId=49ff289efde0446f9ae2f5c385595744&componentId=COMPONENT002302&keyword=NTH&year=2026&pageSize=25&pageIndex=1&typeOfTraining=0&subjectGroup=
SIM-NTH:NTKDH05,SIM-NTH,NTKDH05,Kinh doanh quốc tế và Phân tích dữ liệu kinh doanh CTTT i-Hons,,cntt,international,,A01;D01;D02;D03;D04;D06;D07,A01,"Học bằng tiếng Anh (thường cần trình độ tiếng Anh tốt, có thể yêu cầu IELTS/chứng chỉ khi nhập học) | Chương trình liên kết/quốc tế: học phí cao hơn chương trình chuẩn",https://diemthi.vnexpress.net/tra-cuu-dai-hoc/loadbenchmark/id/338/year/2026/sortby/1/block_name/-1
SIM-NTH:NTKDH06,SIM-NTH,NTKDH06,Kinh doanh quốc tế,,kinh_te,international,,A01;D01;D02;D03;D04;D06;D07,A01,"Học bằng tiếng Anh (thường cần trình độ tiếng Anh tốt, có thể yêu cầu IELTS/chứng chỉ khi nhập học) | Chương trình liên kết/quốc tế: học phí cao hơn chương trình chuẩn",https://diemthi.vnexpress.net/tra-cuu-dai-hoc/loadbenchmark/id/338/year/2026/sortby/1/block_name/-1
SIM-NTH:NTKDH07,SIM-NTH,NTKDH07,Kinh doanh số toàn cầu CT ĐHNNQT,,kinh_te,standard,,A01;D01;D02;D03;D04;D06;D07,A01,,https://diemthi.vnexpress.net/tra-cuu-dai-hoc/loadbenchmark/id/338/year/2026/sortby/1/block_name/-1
SIM-NTH:NTKDH08,SIM-NTH,NTKDH08,Kinh doanh sáng tạo và Công nghiệp văn hóa CT ĐHNNQT,,ngon_ngu,standard,,A01;D01;D02;D03;D04;D06;D07,A01,,https://diemthi.vnexpress.net/tra-cuu-dai-hoc/loadbenchmark/id/338/year/2026/sortby/1/block_name/-1
SIM-NTH:NTKEH16,SIM-NTH,NTKEH16,Kế toán - Kiểm toán,,tai_chinh,standard,,A01;D01;D02;D03;D04;D06;D07,A01,,https://diemthi.vnexpress.net/tra-cuu-dai-hoc/loadbenchmark/id/338/year/2026/sortby/1/block_name/-1
SIM-NTH:NTKTH01,SIM-NTH,NTKTH01,Kinh tế đối ngoại CTTT,,kinh_te,standard,,A01;D01;D02;D03;D04;D06;D07,A01,,https://diemthi.vnexpress.net/tra-cuu-dai-hoc/loadbenchmark/id/338/year/2026/sortby/1/block_name/-1
SIM-NTH:NTKTH02,SIM-NTH,NTKTH02,Kinh tế đối ngoại,,kinh_te,standard,,A01;D01;D02;D03;D04;D06;D07,A01,,https://diemthi.vnexpress.net/tra-cuu-dai-hoc/loadbenchmark/id/338/year/2026/sortby/1/block_name/-1
SIM-NTH:NTKTH03,SIM-NTH,NTKTH03,Logistics toàn cầu và đổi mới chuỗi cung ứng CT ĐHNNQT,,du_lich,standard,,A01;D01;D02;D03;D04;D06;D07,A01,,https://diemthi.vnexpress.net/tra-cuu-dai-hoc/loadbenchmark/id/338/year/2026/sortby/1/block_name/-1
SIM-NTH:NTKTH04,SIM-NTH,NTKTH04,Kinh tế quốc tế,,kinh_te,international,,A01;D01;D02;D03;D04;D06;D07,A01,"Học bằng tiếng Anh (thường cần trình độ tiếng Anh tốt, có thể yêu cầu IELTS/chứng chỉ khi nhập học) | Chương trình liên kết/quốc tế: học phí cao hơn chương trình chuẩn",https://diemthi.vnexpress.net/tra-cuu-dai-hoc/loadbenchmark/id/338/year/2026/sortby/1/block_name/-1
SIM-NTH:NTLSH17,SIM-NTH,NTLSH17,Luật thương mại quốc tế,,luat,international,,A01;D01;D02;D03;D04;D06;D07,A01,"Học bằng tiếng Anh (thường cần trình độ tiếng Anh tốt, có thể yêu cầu IELTS/chứng chỉ khi nhập học) | Chương trình liên kết/quốc tế: học phí cao hơn chương trình chuẩn",https://diemthi.vnexpress.net/tra-cuu-dai-hoc/loadbenchmark/id/338/year/2026/sortby/1/block_name/-1
SIM-NTH:NTQKH12,SIM-NTH,NTQKH12,Kinh tế chính trị quốc tế CT ĐHPTQT,,xa_hoi,international,,A01;D01;D02;D03;D04;D06;D07,A01,"Học bằng tiếng Anh (thường cần trình độ tiếng Anh tốt, có thể yêu cầu IELTS/chứng chỉ khi nhập học) | Chương trình liên kết/quốc tế: học phí cao hơn chương trình chuẩn",https://diemthi.vnexpress.net/tra-cuu-dai-hoc/loadbenchmark/id/338/year/2026/sortby/1/block_name/-1
SIM-NTH:NTQTH09,SIM-NTH,NTQTH09,Quản trị Kinh doanh CTTT,,kinh_te,standard,,A01;D01;D02;D03;D04;D06;D07,A01,,https://diemthi.vnexpress.net/tra-cuu-dai-hoc/loadbenchmark/id/338/year/2026/sortby/1/block_name/-1
SIM-NTH:NTQTH10,SIM-NTH,NTQTH10,Quản trị Kinh doanh,,kinh_te,standard,,A01;D01;D02;D03;D04;D06;D07,A01,,https://diemthi.vnexpress.net/tra-cuu-dai-hoc/loadbenchmark/id/338/year/2026/sortby/1/block_name/-1
SIM-NTH:NTSKE06,SIM-NTH,NTSKE06,CT TC Kế toán - Kiểm toán,,tai_chinh,standard,,A00;A01;D01;D07,A00,,https://vietnamnet.vn/newsapi-edu/UniversityDetail/GetDetail?pageId=49ff289efde0446f9ae2f5c385595744&componentId=COMPONENT002302&keyword=NTH&year=2026&pageSize=25&pageIndex=1&typeOfTraining=0&subjectGroup=
SIM-NTH:NTSKT01,SIM-NTH,NTSKT01,CT CLC Kinh tế đối ngoại,,kinh_te,high_quality,,A00,A00,,https://vietnamnet.vn/newsapi-edu/UniversityDetail/GetDetail?pageId=49ff289efde0446f9ae2f5c385595744&componentId=COMPONENT002302&keyword=NTH&year=2026&pageSize=25&pageIndex=0&typeOfTraining=0&subjectGroup=
SIM-NTH:NTSKT02,SIM-NTH,NTSKT02,CT ĐHNNQT Logistics toàn cầu và đổi mới chuỗi cung ứng,,du_lich,standard,,A00;A01;D01;D07,A00,,https://vietnamnet.vn/newsapi-edu/UniversityDetail/GetDetail?pageId=49ff289efde0446f9ae2f5c385595744&componentId=COMPONENT002302&keyword=NTH&year=2026&pageSize=25&pageIndex=0&typeOfTraining=0&subjectGroup=
SIM-NTH:NTSMT04,SIM-NTH,NTSMT04,CT ĐHNNQT Truyền thông Marketing tích hợp,,bao_chi,standard,,A00;A01;D01;D07,A00,,https://vietnamnet.vn/newsapi-edu/UniversityDetail/GetDetail?pageId=49ff289efde0446f9ae2f5c385595744&componentId=COMPONENT002302&keyword=NTH&year=2026&pageSize=25&pageIndex=0&typeOfTraining=0&subjectGroup=
SIM-NTH:NTSQT03,SIM-NTH,NTSQT03,CT CLC Quản trị kinh doanh,,kinh_te,high_quality,,A00,A00,,https://vietnamnet.vn/newsapi-edu/UniversityDetail/GetDetail?pageId=49ff289efde0446f9ae2f5c385595744&componentId=COMPONENT002302&keyword=NTH&year=2026&pageSize=25&pageIndex=1&typeOfTraining=0&subjectGroup=
SIM-NTH:NTSTC05,SIM-NTH,NTSTC05,CT CLC Tài chính - Ngân hàng,,tai_chinh,high_quality,,A00,A00,,https://vietnamnet.vn/newsapi-edu/UniversityDetail/GetDetail?pageId=49ff289efde0446f9ae2f5c385595744&componentId=COMPONENT002302&keyword=NTH&year=2026&pageSize=25&pageIndex=0&typeOfTraining=0&subjectGroup=
SIM-NTH:NTTCH14,SIM-NTH,NTTCH14,Tài chính - Ngân hàng CTTT,,tai_chinh,standard,,A01;D01;D02;D03;D04;D06;D07,A01,,https://diemthi.vnexpress.net/tra-cuu-dai-hoc/loadbenchmark/id/338/year/2026/sortby/1/block_name/-1
SIM-NTH:NTTCH15,SIM-NTH,NTTCH15,Tài chính - Ngân hàng,,tai_chinh,standard,,A01;D01;D02;D03;D04;D06;D07,A01,,https://diemthi.vnexpress.net/tra-cuu-dai-hoc/loadbenchmark/id/338/year/2026/sortby/1/block_name/-1
SIM-NTH:NTTMH11,SIM-NTH,NTTMH11,Marketing số CT ĐHNNQT,,kinh_te,standard,,A01;D01;D02;D03;D04;D06;D07,A01,,https://diemthi.vnexpress.net/tra-cuu-dai-hoc/loadbenchmark/id/338/year/2026/sortby/1/block_name/-1
SIM-NTS:NTKES28,SIM-NTS,NTKES28,Kế toán - Kiểm toán,,tai_chinh,standard,,A01;D01;D02;D03;D04;D06;D07,A01,,https://diemthi.vnexpress.net/tra-cuu-dai-hoc/loadbenchmark/id/279/year/2026/sortby/1/block_name/-1
SIM-NTS:NTKTS23,SIM-NTS,NTKTS23,Kinh tế đối ngoại,,kinh_te,standard,,A01;D01;D02;D03;D04;D06;D07,A01,,https://diemthi.vnexpress.net/tra-cuu-dai-hoc/loadbenchmark/id/279/year/2026/sortby/1/block_name/-1
SIM-NTS:NTKTS24,SIM-NTS,NTKTS24,Logistics toàn cầu và đổi mới chuỗi cung ứng CT ĐHNNQT,,du_lich,standard,,A01;D01;D02;D03;D04;D06;D07,A01,,https://diemthi.vnexpress.net/tra-cuu-dai-hoc/loadbenchmark/id/279/year/2026/sortby/1/block_name/-1
SIM-NTS:NTMTS26,SIM-NTS,NTMTS26,Truyền thông Marketing tích hợp CT ĐHNNQT,,bao_chi,standard,,A01;D01;D02;D03;D04;D06;D07,A01,,https://diemthi.vnexpress.net/tra-cuu-dai-hoc/loadbenchmark/id/279/year/2026/sortby/1/block_name/-1
SIM-NTS:NTQTS25,SIM-NTS,NTQTS25,Quản trị kinh doanh,,kinh_te,standard,,A01;D01;D02;D03;D04;D06;D07,A01,,https://diemthi.vnexpress.net/tra-cuu-dai-hoc/loadbenchmark/id/279/year/2026/sortby/1/block_name/-1
SIM-NTS:NTTCS27,SIM-NTS,NTTCS27,Tài chính - Ngân hàng,,tai_chinh,standard,,A01;D01;D02;D03;D04;D06;D07,A01,,https://diemthi.vnexpress.net/tra-cuu-dai-hoc/loadbenchmark/id/279/year/2026/sortby/1/block_name/-1
SIM-QHE:7310101,SIM-QHE,7310101,Kinh tế,7310101,kinh_te,standard,,D01;A01;D09;D10;C01;C03;C04;X01;D08,D01,,https://diemthi.vnexpress.net/tra-cuu-dai-hoc/loadbenchmark/id/413/year/2026/sortby/1/block_name/-1
SIM-QHE:7310105,SIM-QHE,7310105,Kinh tế phát triển,7310105,kinh_te,standard,,D01;A01;D09;D10;C01;C03;C04;X01;D08,D01,,https://diemthi.vnexpress.net/tra-cuu-dai-hoc/loadbenchmark/id/413/year/2026/sortby/1/block_name/-1
SIM-QHE:7310106,SIM-QHE,7310106,Kinh tế quốc tế,7310106,kinh_te,international,,D01;A01;D09;D10;C01;C03;C04;X01;D08,D01,"Học bằng tiếng Anh (thường cần trình độ tiếng Anh tốt, có thể yêu cầu IELTS/chứng chỉ khi nhập học) | Chương trình liên kết/quốc tế: học phí cao hơn chương trình chuẩn",https://diemthi.vnexpress.net/tra-cuu-dai-hoc/loadbenchmark/id/413/year/2026/sortby/1/block_name/-1
SIM-QHE:734010101,SIM-QHE,734010101,Quản trị kinh doanh,,kinh_te,standard,,A01;C01;C03;C04;D01;D08;D09;D10;X01,A01,,https://diemthi.vnexpress.net/tra-cuu-dai-hoc/loadbenchmark/id/413/year/2026/sortby/1/block_name/-1
SIM-QHE:7340201,SIM-QHE,7340201,Tài chính – Ngân hàng,7340201,tai_chinh,standard,,D01;A01;D09;D10;C01;C03;C04;X01;D08,D01,,https://diemthi.vnexpress.net/tra-cuu-dai-hoc/loadbenchmark/id/413/year/2026/sortby/1/block_name/-1
SIM-QHE:7340301,SIM-QHE,7340301,Kế toán,7340301,tai_chinh,standard,,D01;A01;D09;D10;C01;C03;C04;X01;D08,D01,,https://diemthi.vnexpress.net/tra-cuu-dai-hoc/loadbenchmark/id/413/year/2026/sortby/1/block_name/-1
SIM-QHF:7140231,SIM-QHF,7140231,Sư phạm Tiếng Anh,7140231,su_pham,standard,,A01;D01;D07;D08;D14;D15,A01,"Học bằng tiếng Anh (thường cần trình độ tiếng Anh tốt, có thể yêu cầu IELTS/chứng chỉ khi nhập học) | Sư phạm: không nhận thí sinh bị dị hình, dị tật, nói ngọng, nói lắp; điểm sàn của Bộ",https://diemthi.vnexpress.net/tra-cuu-dai-hoc/loadbenchmark/id/414/year/2026/sortby/1/block_name/-1
SIM-QHF:7140234,SIM-QHF,7140234,Sư phạm Tiếng Trung Quốc,7140234,su_pham,standard,,A01;D01;D07;D08;D14;D15;D04;D45;D65;D25;D30;D35,A01,"Sư phạm: không nhận thí sinh bị dị hình, dị tật, nói ngọng, nói lắp; điểm sàn của Bộ",https://diemthi.vnexpress.net/tra-cuu-dai-hoc/loadbenchmark/id/414/year/2026/sortby/1/block_name/-1
SIM-QHF:7140235,SIM-QHF,7140235,Sư phạm Tiếng Đức,7140235,su_pham,standard,,A01;D01;D07;D08;D14;D15;D05;D41;D61,A01,"Sư phạm: không nhận thí sinh bị dị hình, dị tật, nói ngọng, nói lắp; điểm sàn của Bộ",https://diemthi.vnexpress.net/tra-cuu-dai-hoc/loadbenchmark/id/414/year/2026/sortby/1/block_name/-1
SIM-QHF:7140236,SIM-QHF,7140236,Sư phạm tiếng Nhật,7140236,su_pham,standard,,A01;D01;D07;D08;D14;D15;D06;D43;D63;D23;D28;D33,A01,"Sư phạm: không nhận thí sinh bị dị hình, dị tật, nói ngọng, nói lắp; điểm sàn của Bộ",https://diemthi.vnexpress.net/tra-cuu-dai-hoc/loadbenchmark/id/414/year/2026/sortby/1/block_name/-1
SIM-QHF:7140237,SIM-QHF,7140237,Sư phạm tiếng Hàn Quốc,7140237,su_pham,standard,,A01;D01;D07;D08;D14;D15;D06,A01,"Sư phạm: không nhận thí sinh bị dị hình, dị tật, nói ngọng, nói lắp; điểm sàn của Bộ",https://diemthi.vnexpress.net/tra-cuu-dai-hoc/loadbenchmark/id/414/year/2026/sortby/1/block_name/-1
SIM-QHF:7220101,SIM-QHF,7220101,Tiếng Việt và Văn hóa Việt Nam,7220101,ngon_ngu,standard,,A01;D01;D07;D08;D14;D15,A01,,https://diemthi.vnexpress.net/tra-cuu-dai-hoc/loadbenchmark/id/414/year/2026/sortby/1/block_name/-1
SIM-QHF:7220201,SIM-QHF,7220201,Ngôn ngữ Anh,7220201,ngon_ngu,standard,,A01;D01;D07;D08;D14;D15,A01,,https://diemthi.vnexpress.net/tra-cuu-dai-hoc/loadbenchmark/id/414/year/2026/sortby/1/block_name/-1
SIM-QHF:7220202,SIM-QHF,7220202,Ngôn ngữ Nga,7220202,ngon_ngu,standard,,A01;D01;D07;D08;D14;D15;D02;D42;D62;D22;D27;D32,A01,,https://diemthi.vnexpress.net/tra-cuu-dai-hoc/loadbenchmark/id/414/year/2026/sortby/1/block_name/-1
SIM-QHF:7220203,SIM-QHF,7220203,Ngôn ngữ Pháp,7220203,ngon_ngu,standard,,A01;D01;D07;D08;D14;D15;D03;D44;D64;D24;D29;D34,A01,,https://diemthi.vnexpress.net/tra-cuu-dai-hoc/loadbenchmark/id/414/year/2026/sortby/1/block_name/-1
SIM-QHF:7220204,SIM-QHF,7220204,Ngôn ngữ Trung Quốc,7220204,ngon_ngu,standard,,A01;D01;D07;D08;D14;D15;D04;D45;D65;D25;D30;D35,A01,,https://diemthi.vnexpress.net/tra-cuu-dai-hoc/loadbenchmark/id/414/year/2026/sortby/1/block_name/-1
SIM-QHF:7220205,SIM-QHF,7220205,Ngôn ngữ Đức,7220205,ngon_ngu,standard,,A01;D01;D07;D08;D14;D15;D05;D41;D61;D21;D26;D31,A01,,https://diemthi.vnexpress.net/tra-cuu-dai-hoc/loadbenchmark/id/414/year/2026/sortby/1/block_name/-1
SIM-QHF:7220209,SIM-QHF,7220209,Ngôn ngữ Nhật,7220209,ngon_ngu,standard,,A01;D01;D07;D08;D14;D15;D06;D43;D63;D23;D28;D33,A01,,https://diemthi.vnexpress.net/tra-cuu-dai-hoc/loadbenchmark/id/414/year/2026/sortby/1/block_name/-1
SIM-QHF:7220210,SIM-QHF,7220210,Ngôn ngữ Hàn Quốc,7220210,ngon_ngu,standard,,A01;D01;D07;D08;D14;D15,A01,,https://diemthi.vnexpress.net/tra-cuu-dai-hoc/loadbenchmark/id/414/year/2026/sortby/1/block_name/-1
SIM-QHF:7220211,SIM-QHF,7220211,Ngôn ngữ Ả Rập,7220211,ngon_ngu,standard,,A01;D01;D07;D08;D14;D15,A01,,https://diemthi.vnexpress.net/tra-cuu-dai-hoc/loadbenchmark/id/414/year/2026/sortby/1/block_name/-1
SIM-QHF:7310403,SIM-QHF,7310403,Tâm lý học giáo dục,7310403,su_pham,standard,,D15;D14;D07;D01;D08;A01;D09;D10;D11;D12;D13,D15,"Sư phạm: không nhận thí sinh bị dị hình, dị tật, nói ngọng, nói lắp; điểm sàn của Bộ",https://diemthi.vnexpress.net/tra-cuu-dai-hoc/loadbenchmark/id/414/year/2026/sortby/1/block_name/-1
SIM-QHF:7320107,SIM-QHF,7320107,Truyền thông quốc tế,7320107,bao_chi,international,,A01;D01;D07;D08;D14;D15,A01,"Học bằng tiếng Anh (thường cần trình độ tiếng Anh tốt, có thể yêu cầu IELTS/chứng chỉ khi nhập học) | Chương trình liên kết/quốc tế: học phí cao hơn chương trình chuẩn",https://diemthi.vnexpress.net/tra-cuu-dai-hoc/loadbenchmark/id/414/year/2026/sortby/1/block_name/-1
SIM-QHI:CN1,SIM-QHI,CN1,Công nghệ Thông tin,,cntt,standard,,A00;A01;X06;D01;X26,A00,,https://diemthi.vnexpress.net/tra-cuu-dai-hoc/loadbenchmark/id/415/year/2026/sortby/1/block_name/-1
SIM-QHI:CN10,SIM-QHI,CN10,Công nghệ nông nghiệp*,,nong_lam_mt,standard,,A00;A01;A02;X06;B00;D01;X26,A00,,https://diemthi.vnexpress.net/tra-cuu-dai-hoc/loadbenchmark/id/415/year/2026/sortby/1/block_name/-1
SIM-QHI:CN11,SIM-QHI,CN11,Kỹ thuật điều khiển và tự động hóa,,ky_thuat,standard,,A00;A01;X06;D01;X26,A00,,https://diemthi.vnexpress.net/tra-cuu-dai-hoc/loadbenchmark/id/415/year/2026/sortby/1/block_name/-1
SIM-QHI:CN12,SIM-QHI,CN12,Trí tuệ nhân tạo,,cntt,standard,,A00;A01;X06;D01;X26,A00,,https://diemthi.vnexpress.net/tra-cuu-dai-hoc/loadbenchmark/id/415/year/2026/sortby/1/block_name/-1
SIM-QHI:CN13,SIM-QHI,CN13,Kỹ thuật năng lượng,,ky_thuat,standard,,A00;A01;X06;D01;X26,A00,,https://diemthi.vnexpress.net/tra-cuu-dai-hoc/loadbenchmark/id/415/year/2026/sortby/1/block_name/-1
SIM-QHI:CN14,SIM-QHI,CN14,Hệ thống thông tin,,cntt,standard,,A00;A01;X06;D01;X26,A00,,https://diemthi.vnexpress.net/tra-cuu-dai-hoc/loadbenchmark/id/415/year/2026/sortby/1/block_name/-1
SIM-QHI:CN15,SIM-QHI,CN15,Mạng máy tính và truyền thông dữ liệu,,bao_chi,standard,,A00;A01;X06;D01;X26,A00,,https://diemthi.vnexpress.net/tra-cuu-dai-hoc/loadbenchmark/id/415/year/2026/sortby/1/block_name/-1
SIM-QHI:CN17,SIM-QHI,CN17,Kỹ thuật Robot,,cntt,standard,,A00;A01;X06;D01;X26,A00,,https://diemthi.vnexpress.net/tra-cuu-dai-hoc/loadbenchmark/id/415/year/2026/sortby/1/block_name/-1
SIM-QHI:CN18,SIM-QHI,CN18,Thiết kế công nghiệp và đồ họa,,thiet_ke,standard,,A00;A01;X06;D01;X26,A00,,https://diemthi.vnexpress.net/tra-cuu-dai-hoc/loadbenchmark/id/415/year/2026/sortby/1/block_name/-1
SIM-QHI:CN19,SIM-QHI,CN19,Công nghệ vật liệu và vi điện tử,,ky_thuat,standard,,A00;A01;X06;D01;X26,A00,,https://diemthi.vnexpress.net/tra-cuu-dai-hoc/loadbenchmark/id/415/year/2026/sortby/1/block_name/-1
SIM-QHI:CN2,SIM-QHI,CN2,Máy tính và Robot,,cntt,standard,,A00;A01;X06;D01;X26,A00,,https://diemthi.vnexpress.net/tra-cuu-dai-hoc/loadbenchmark/id/415/year/2026/sortby/1/block_name/-1
SIM-QHI:CN20,SIM-QHI,CN20,Khoa học và kỹ thuật dữ liệu,,cntt,standard,,A00;A01;X06;D01;X26,A00,,https://diemthi.vnexpress.net/tra-cuu-dai-hoc/loadbenchmark/id/415/year/2026/sortby/1/block_name/-1
SIM-QHI:CN21,SIM-QHI,CN21,Công nghệ kỹ thuật sinh học,,sinh_hoa,standard,,A00;A01;A02;X06;B00;D01;X26,A00,,https://diemthi.vnexpress.net/tra-cuu-dai-hoc/loadbenchmark/id/415/year/2026/sortby/1/block_name/-1
SIM-QHI:CN3,SIM-QHI,CN3,Vật lý kỹ thuật,,khoa_hoc_tn,standard,,A00;A01;X06;D01;X26,A00,,https://diemthi.vnexpress.net/tra-cuu-dai-hoc/loadbenchmark/id/415/year/2026/sortby/1/block_name/-1
SIM-QHI:CN4,SIM-QHI,CN4,Cơ kỹ thuật,,ky_thuat,standard,,A00;A01;X06;D01;X26,A00,,https://diemthi.vnexpress.net/tra-cuu-dai-hoc/loadbenchmark/id/415/year/2026/sortby/1/block_name/-1
SIM-QHI:CN5,SIM-QHI,CN5,Công nghệ kỹ thuật xây dựng,,xay_dung,standard,,A00;A01;X06;D01;X26,A00,,https://diemthi.vnexpress.net/tra-cuu-dai-hoc/loadbenchmark/id/415/year/2026/sortby/1/block_name/-1
SIM-QHI:CN6,SIM-QHI,CN6,Công nghệ kỹ thuật cơ điện tử,,ky_thuat,standard,,A00;A01;X06;D01;X26,A00,,https://diemthi.vnexpress.net/tra-cuu-dai-hoc/loadbenchmark/id/415/year/2026/sortby/1/block_name/-1
SIM-QHI:CN7,SIM-QHI,CN7,Công nghệ Hàng không vũ trụ,,du_lich,standard,,A00;A01;X06;D01;X26,A00,,https://diemthi.vnexpress.net/tra-cuu-dai-hoc/loadbenchmark/id/415/year/2026/sortby/1/block_name/-1
SIM-QHI:CN8,SIM-QHI,CN8,Khoa học máy tính,,cntt,standard,,A00;A01;X06;D01;X26,A00,,https://diemthi.vnexpress.net/tra-cuu-dai-hoc/loadbenchmark/id/415/year/2026/sortby/1/block_name/-1
SIM-QHI:CN9,SIM-QHI,CN9,Công nghệ kỹ thuật điện tử - viễn thông,,ky_thuat,standard,,A00;A01;X06;D01;X26,A00,,https://diemthi.vnexpress.net/tra-cuu-dai-hoc/loadbenchmark/id/415/year/2026/sortby/1/block_name/-1
SIM-QHS:QHS01,SIM-QHS,QHS01,Sư phạm Toán học,,su_pham,standard,,A00;A01;B00;B03;C01;C02;D01,A00,"Sư phạm: không nhận thí sinh bị dị hình, dị tật, nói ngọng, nói lắp; điểm sàn của Bộ",https://diemthi.vnexpress.net/tra-cuu-dai-hoc/loadbenchmark/id/418/year/2026/sortby/1/block_name/-1
SIM-QHS:QHS02,SIM-QHS,QHS02,Sư phạm Vật lí,,su_pham,standard,,A00;A01;A02;C01,A00,"Sư phạm: không nhận thí sinh bị dị hình, dị tật, nói ngọng, nói lắp; điểm sàn của Bộ",https://diemthi.vnexpress.net/tra-cuu-dai-hoc/loadbenchmark/id/418/year/2026/sortby/1/block_name/-1
SIM-QHS:QHS03,SIM-QHS,QHS03,Sư phạm Hoá học,,su_pham,standard,,A00;B00;C02;D07,A00,"Sư phạm: không nhận thí sinh bị dị hình, dị tật, nói ngọng, nói lắp; điểm sàn của Bộ",https://diemthi.vnexpress.net/tra-cuu-dai-hoc/loadbenchmark/id/418/year/2026/sortby/1/block_name/-1
SIM-QHS:QHS04,SIM-QHS,QHS04,Sư phạm Sinh học,,su_pham,standard,,A02;B00;B03;B08,A02,"Sư phạm: không nhận thí sinh bị dị hình, dị tật, nói ngọng, nói lắp; điểm sàn của Bộ",https://diemthi.vnexpress.net/tra-cuu-dai-hoc/loadbenchmark/id/418/year/2026/sortby/1/block_name/-1
SIM-QHS:QHS05,SIM-QHS,QHS05,Sư phạm Khoa học Tự nhiên,,su_pham,standard,,A00;A02;B00,A00,"Sư phạm: không nhận thí sinh bị dị hình, dị tật, nói ngọng, nói lắp; điểm sàn của Bộ",https://diemthi.vnexpress.net/tra-cuu-dai-hoc/loadbenchmark/id/418/year/2026/sortby/1/block_name/-1
SIM-QHS:QHS06,SIM-QHS,QHS06,Sư phạm Ngữ văn,,su_pham,standard,,C00;C03;C04;D01;D14;D15,C00,"Sư phạm: không nhận thí sinh bị dị hình, dị tật, nói ngọng, nói lắp; điểm sàn của Bộ",https://diemthi.vnexpress.net/tra-cuu-dai-hoc/loadbenchmark/id/418/year/2026/sortby/1/block_name/-1
SIM-QHS:QHS07,SIM-QHS,QHS07,Sư phạm Lịch sử,,su_pham,standard,,A07;C00;C03;D09;D14,A07,"Sư phạm: không nhận thí sinh bị dị hình, dị tật, nói ngọng, nói lắp; điểm sàn của Bộ",https://diemthi.vnexpress.net/tra-cuu-dai-hoc/loadbenchmark/id/418/year/2026/sortby/1/block_name/-1
SIM-QHS:QHS08,SIM-QHS,QHS08,Sư phạm Lịch sử - Địa lý,,su_pham,standard,,A07;C00,A07,"Sư phạm: không nhận thí sinh bị dị hình, dị tật, nói ngọng, nói lắp; điểm sàn của Bộ",https://diemthi.vnexpress.net/tra-cuu-dai-hoc/loadbenchmark/id/418/year/2026/sortby/1/block_name/-1
SIM-QHS:QHS09,SIM-QHS,QHS09,Giáo dục Mầm non,,su_pham,standard,,A00;B00;C00;C01;C02;C03;C04;D01;D04,A00,"Sư phạm: không nhận thí sinh bị dị hình, dị tật, nói ngọng, nói lắp; điểm sàn của Bộ",https://diemthi.vnexpress.net/tra-cuu-dai-hoc/loadbenchmark/id/418/year/2026/sortby/1/block_name/-1
SIM-QHS:QHS10,SIM-QHS,QHS10,Giáo dục Tiểu học,,su_pham,standard,,A00;B00;C00;C01;C02;C03;C04;D01;D04,A00,"Sư phạm: không nhận thí sinh bị dị hình, dị tật, nói ngọng, nói lắp; điểm sàn của Bộ",https://diemthi.vnexpress.net/tra-cuu-dai-hoc/loadbenchmark/id/418/year/2026/sortby/1/block_name/-1
SIM-QHS:QHS11,SIM-QHS,QHS11,Khoa học giáo dục,,su_pham,standard,,A00;A01;B00;C00;C01;C02;C03;C04;D01;D04,A00,"Sư phạm: không nhận thí sinh bị dị hình, dị tật, nói ngọng, nói lắp; điểm sàn của Bộ",https://diemthi.vnexpress.net/tra-cuu-dai-hoc/loadbenchmark/id/418/year/2026/sortby/1/block_name/-1
SIM-QHS:QHS12,SIM-QHS,QHS12,"Tâm lý học, Tâm lý học giáo dục",,su_pham,standard,,A00;A01;B00;C00;C01;C02;C03;C04;D01;D04,A00,"Sư phạm: không nhận thí sinh bị dị hình, dị tật, nói ngọng, nói lắp; điểm sàn của Bộ",https://diemthi.vnexpress.net/tra-cuu-dai-hoc/loadbenchmark/id/418/year/2026/sortby/1/block_name/-1
SIM-QHT:QHT01,SIM-QHT,QHT01,Toán học,,khoa_hoc_tn,standard,,A00;A01;C01;D07;D08;X26,A00,,https://diemthi.vnexpress.net/tra-cuu-dai-hoc/loadbenchmark/id/419/year/2026/sortby/1/block_name/-1
SIM-QHT:QHT02,SIM-QHT,QHT02,Toán tin,,khoa_hoc_tn,standard,,A00;A01;C01;D07;D08;X26,A00,,https://diemthi.vnexpress.net/tra-cuu-dai-hoc/loadbenchmark/id/419/year/2026/sortby/1/block_name/-1
SIM-QHT:QHT03,SIM-QHT,QHT03,Vật lí học,,khoa_hoc_tn,standard,,A00;A01;A02;B00;C01;C02;D07;X06;X02;X26,A00,,https://diemthi.vnexpress.net/tra-cuu-dai-hoc/loadbenchmark/id/419/year/2026/sortby/1/block_name/-1
SIM-QHT:QHT04,SIM-QHT,QHT04,Khoa học vật liệu,,khoa_hoc_tn,standard,,A00;A01;A02;B00;C01;C02;D07;X06;X02;X26,A00,,https://diemthi.vnexpress.net/tra-cuu-dai-hoc/loadbenchmark/id/419/year/2026/sortby/1/block_name/-1
SIM-QHT:QHT05,SIM-QHT,QHT05,Công nghệ kỹ thuật hạt nhân,,ky_thuat,standard,,A00;A01;A02;B00;C01;C02;D07;X06;X02;X26,A00,,https://diemthi.vnexpress.net/tra-cuu-dai-hoc/loadbenchmark/id/419/year/2026/sortby/1/block_name/-1
SIM-QHT:QHT06,SIM-QHT,QHT06,Hoá học,,sinh_hoa,standard,,A00;A05;A06;B00;C02;D07;X09;X10;X11;X12,A00,,https://diemthi.vnexpress.net/tra-cuu-dai-hoc/loadbenchmark/id/419/year/2026/sortby/1/block_name/-1
SIM-QHT:QHT07,SIM-QHT,QHT07,Công nghệ kỹ thuật hoá học,,sinh_hoa,standard,,A00;A05;A06;B00;C02;D07;X09;X10;X11;X12,A00,,https://diemthi.vnexpress.net/tra-cuu-dai-hoc/loadbenchmark/id/419/year/2026/sortby/1/block_name/-1
SIM-QHT:QHT08,SIM-QHT,QHT08,Sinh học,,sinh_hoa,standard,,A00;A02;B00;B03;B08;D07;B01;B02;D08;X13;X14;X15;X16,A00,,https://diemthi.vnexpress.net/tra-cuu-dai-hoc/loadbenchmark/id/419/year/2026/sortby/1/block_name/-1
SIM-QHT:QHT09,SIM-QHT,QHT09,Công nghệ sinh học,,sinh_hoa,standard,,A00;A02;B00;B03;B08;D07;B01;B02;D08;X13;X14;X15;X16,A00,,https://diemthi.vnexpress.net/tra-cuu-dai-hoc/loadbenchmark/id/419/year/2026/sortby/1/block_name/-1
SIM-QHT:QHT10,SIM-QHT,QHT10,Địa lí tự nhiên,,xa_hoi,standard,,A00;A01;A04;A06;A07;B00;B02;C04;D01;D10;D20;X01;X21;X25,A00,,https://diemthi.vnexpress.net/tra-cuu-dai-hoc/loadbenchmark/id/419/year/2026/sortby/1/block_name/-1
SIM-QHT:QHT12,SIM-QHT,QHT12,Quản lý đất đai,,nong_lam_mt,standard,,A00;A01;A04;A06;A07;B00;B02;C04;D01;D10;D20;X01;X21;X25,A00,,https://diemthi.vnexpress.net/tra-cuu-dai-hoc/loadbenchmark/id/419/year/2026/sortby/1/block_name/-1
SIM-QHT:QHT13,SIM-QHT,QHT13,Khoa học môi trường,,nong_lam_mt,standard,,A00;A01;A02;B00;B03;C01;C02;C03;C04;D01;D07;D08;X01;X02;X09;X10;X11;X12;X13;X14;X15;X16,A00,,https://diemthi.vnexpress.net/tra-cuu-dai-hoc/loadbenchmark/id/419/year/2026/sortby/1/block_name/-1
SIM-QHT:QHT15,SIM-QHT,QHT15,Công nghệ kỹ thuật môi trường,,nong_lam_mt,standard,,A00;A01;A02;B00;B03;C01;C02;C03;C04;D01;D07;D08;X01;X02;X09;X10;X11;X12;X13;X14;X15;X16,A00,,https://diemthi.vnexpress.net/tra-cuu-dai-hoc/loadbenchmark/id/419/year/2026/sortby/1/block_name/-1
SIM-QHT:QHT16,SIM-QHT,QHT16,Khí tượng và khí hậu học,,nong_lam_mt,standard,,A00;A01;A02;B00;B03;C01;C02;C04;D01;D07;X02;X26;A04;A06;B02;B08;D10,A00,,https://diemthi.vnexpress.net/tra-cuu-dai-hoc/loadbenchmark/id/419/year/2026/sortby/1/block_name/-1
SIM-QHT:QHT17,SIM-QHT,QHT17,Hải dương học,,khoa_hoc_tn,standard,,A00;A01;A02;B00;B03;C01;C02;C04;D01;D07;X02;X26;A04;A06;B02;D10,A00,,https://diemthi.vnexpress.net/tra-cuu-dai-hoc/loadbenchmark/id/419/year/2026/sortby/1/block_name/-1
SIM-QHT:QHT18,SIM-QHT,QHT18,Địa chất học,,nong_lam_mt,standard,,A00;A01;A04;A07;B03;C01;C02;C03;C04;D01;D10;X01;X21;X25;B00;D07;A06;D08;D09;X05;X09,A00,,https://diemthi.vnexpress.net/tra-cuu-dai-hoc/loadbenchmark/id/419/year/2026/sortby/1/block_name/-1
SIM-QHT:QHT20,SIM-QHT,QHT20,Quản lý tài nguyên và môi trường,,nong_lam_mt,standard,,A00;A01;A04;A07;B03;C01;C02;C03;C04;D01;D10;X01;X21;X25;B00;D07;A06;D08;D09;X05;X09,A00,,https://diemthi.vnexpress.net/tra-cuu-dai-hoc/loadbenchmark/id/419/year/2026/sortby/1/block_name/-1
SIM-QHT:QHT43,SIM-QHT,QHT43,Hoá dược**,,y_duoc,standard,,A00;A05;A06;B00;C02;D07;X09;X10;X11;X12,A00,Khối sức khỏe: có ngưỡng điểm sàn của Bộ,https://diemthi.vnexpress.net/tra-cuu-dai-hoc/loadbenchmark/id/419/year/2026/sortby/1/block_name/-1
SIM-QHT:QHT81,SIM-QHT,QHT81,Sinh dược học,,y_duoc,standard,,A00;A02;B00;B03;B08;D07;B01;B02;D08;X13;X14;X15;X16,A00,Khối sức khỏe: có ngưỡng điểm sàn của Bộ,https://diemthi.vnexpress.net/tra-cuu-dai-hoc/loadbenchmark/id/419/year/2026/sortby/1/block_name/-1
SIM-QHT:QHT82,SIM-QHT,QHT82,"Môi trường, Sức khỏe và An toàn*",,y_duoc,standard,,A00;A01;A02;B00;B03;C01;C02;C03;C04;D01;D07;D08;X01;X02;X09;X10;X11;X12;X13;X14;X15;X16,A00,Khối sức khỏe: có ngưỡng điểm sàn của Bộ,https://diemthi.vnexpress.net/tra-cuu-dai-hoc/loadbenchmark/id/419/year/2026/sortby/1/block_name/-1
SIM-QHT:QHT91,SIM-QHT,QHT91,Khoa học thông tin địa không gian*,,cntt,standard,,A00;A01;A04;A06;A07;B00;B02;C04;D01;D10;D20;X01;X21;X25,A00,,https://diemthi.vnexpress.net/tra-cuu-dai-hoc/loadbenchmark/id/419/year/2026/sortby/1/block_name/-1
SIM-QHT:QHT92,SIM-QHT,QHT92,Tài nguyên và môi trường nước*,,nong_lam_mt,standard,,A00;A01;A02;B00;B03;C01;C02;C04;D01;D07;X02;X26;A04;A06;B02;B08;D10,A00,,https://diemthi.vnexpress.net/tra-cuu-dai-hoc/loadbenchmark/id/419/year/2026/sortby/1/block_name/-1
SIM-QHT:QHT93,SIM-QHT,QHT93,Khoa học dữ liệu,,cntt,standard,,A00;A01;C01;D07;D08;X26,A00,,https://diemthi.vnexpress.net/tra-cuu-dai-hoc/loadbenchmark/id/419/year/2026/sortby/1/block_name/-1
SIM-QHT:QHT94,SIM-QHT,QHT94,Kỹ thuật điện tử và tin học,,ky_thuat,standard,,A00;A01;A02;B00;C01;C02;D07;X06;X02;X26,A00,,https://diemthi.vnexpress.net/tra-cuu-dai-hoc/loadbenchmark/id/419/year/2026/sortby/1/block_name/-1
SIM-QHT:QHT95,SIM-QHT,QHT95,Quản lý phát triển đô thị và bất động sản,,xay_dung,standard,,A00;A01;A04;A06;A07;B00;B02;C04;D01;D10;D20;X01;X21;X25,A00,,https://diemthi.vnexpress.net/tra-cuu-dai-hoc/loadbenchmark/id/419/year/2026/sortby/1/block_name/-1
SIM-QHT:QHT96,SIM-QHT,QHT96,Khoa học và công nghệ thực phẩm,,sinh_hoa,standard,,A00;A01;A02;B00;B03;C01;C02;C03;C04;D01;D07;D08;X01;X02;X09;X10;X11;X12;X13;X14;X15;X16,A00,,https://diemthi.vnexpress.net/tra-cuu-dai-hoc/loadbenchmark/id/419/year/2026/sortby/1/block_name/-1
SIM-QHT:QHT98,SIM-QHT,QHT98,Khoa học máy tính và thông tin*,,cntt,standard,,A00;A01;C01;D07;D08;X26,A00,,https://diemthi.vnexpress.net/tra-cuu-dai-hoc/loadbenchmark/id/419/year/2026/sortby/1/block_name/-1
SIM-QHT:QHT99,SIM-QHT,QHT99,Công nghệ bán dẫn huộc ngành Khoa học vật liệu,,cntt,standard,,A00;A01;A02;B00;C01;C02;D07;X06;X02;X26,A00,,https://diemthi.vnexpress.net/tra-cuu-dai-hoc/loadbenchmark/id/419/year/2026/sortby/1/block_name/-1
SIM-QHX:QHX01,SIM-QHX,QHX01,Báo chí,,bao_chi,standard,,D01;D09;D10;D11;D14;D15;A01,D01,,https://diemthi.vnexpress.net/tra-cuu-dai-hoc/loadbenchmark/id/420/year/2026/sortby/1/block_name/-1
SIM-QHX:QHX02,SIM-QHX,QHX02,Chính trị hoc,,xa_hoi,standard,,D01;D09;D10;D11;D14;D15;C00;A01;C03;C04;D55,D01,,https://diemthi.vnexpress.net/tra-cuu-dai-hoc/loadbenchmark/id/420/year/2026/sortby/1/block_name/-1
SIM-QHX:QHX03,SIM-QHX,QHX03,Công tác xã hội,,xa_hoi,standard,,D01;D09;D10;D11;D14;D15;C00;A01;C03;C04;D55,D01,,https://diemthi.vnexpress.net/tra-cuu-dai-hoc/loadbenchmark/id/420/year/2026/sortby/1/block_name/-1
SIM-QHX:QHX04,SIM-QHX,QHX04,Đông Nam Á học,,ngon_ngu,standard,,D01;D09;D10;D11;D14;D15;C00;A01,D01,,https://diemthi.vnexpress.net/tra-cuu-dai-hoc/loadbenchmark/id/420/year/2026/sortby/1/block_name/-1
SIM-QHX:QHX05,SIM-QHX,QHX05,Đông phương học,,ngon_ngu,standard,,D01;D09;D10;D11;D14;D15;D04,D01,,https://diemthi.vnexpress.net/tra-cuu-dai-hoc/loadbenchmark/id/420/year/2026/sortby/1/block_name/-1
SIM-QHX:QHX06,SIM-QHX,QHX06,Hán Nôm,,ngon_ngu,standard,,D01;D09;D10;D11;D14;D15;D04;C03;C04,D01,,https://diemthi.vnexpress.net/tra-cuu-dai-hoc/loadbenchmark/id/420/year/2026/sortby/1/block_name/-1
SIM-QHX:QHX07,SIM-QHX,QHX07,Khoa học quản lý,,kinh_te,standard,,D01;D09;D10;D11;D14;D15;D04;C00;A01,D01,,https://diemthi.vnexpress.net/tra-cuu-dai-hoc/loadbenchmark/id/420/year/2026/sortby/1/block_name/-1
SIM-QHX:QHX08,SIM-QHX,QHX08,Lich sử,,xa_hoi,standard,,D01;D09;D10;D11;D14;D15;D04,D01,,https://diemthi.vnexpress.net/tra-cuu-dai-hoc/loadbenchmark/id/420/year/2026/sortby/1/block_name/-1
SIM-QHX:QHX09,SIM-QHX,QHX09,Lưu trữ học,,xa_hoi,standard,,D01;D09;D10;D11;D14;D15;A01,D01,,https://diemthi.vnexpress.net/tra-cuu-dai-hoc/loadbenchmark/id/420/year/2026/sortby/1/block_name/-1
SIM-QHX:QHX10,SIM-QHX,QHX10,Ngôn ngữ học,,ngon_ngu,standard,,D01;D09;D10;D11;D14;D15;C00;D04,D01,,https://diemthi.vnexpress.net/tra-cuu-dai-hoc/loadbenchmark/id/420/year/2026/sortby/1/block_name/-1
SIM-QHX:QHX11,SIM-QHX,QHX11,Nhân học,,xa_hoi,standard,,D01;D09;D10;D11;D14;D15;C00;A01,D01,,https://diemthi.vnexpress.net/tra-cuu-dai-hoc/loadbenchmark/id/420/year/2026/sortby/1/block_name/-1
SIM-QHX:QHX12,SIM-QHX,QHX12,Nhật Bản học,,ngon_ngu,standard,,D01;D09;D10;D11;D14;D15;C00;A01;D06;D04,D01,,https://diemthi.vnexpress.net/tra-cuu-dai-hoc/loadbenchmark/id/420/year/2026/sortby/1/block_name/-1
SIM-QHX:QHX13,SIM-QHX,QHX13,Quan hệ công chúng,,bao_chi,standard,,D01;D09;D10;D11;D14;D15;C00;D04;D06,D01,,https://diemthi.vnexpress.net/tra-cuu-dai-hoc/loadbenchmark/id/420/year/2026/sortby/1/block_name/-1
SIM-QHX:QHX14,SIM-QHX,QHX14,Quản lý thông tin,,kinh_te,standard,,D01;D09;D10;D11;D14;D15;D06;A01,D01,,https://diemthi.vnexpress.net/tra-cuu-dai-hoc/loadbenchmark/id/420/year/2026/sortby/1/block_name/-1
SIM-QHX:QHX15,SIM-QHX,QHX15,Quản trị dịch vụ du lịch và lữ hành,,du_lich,standard,,D01;D09;D10;D11;D14;D15;A01,D01,,https://diemthi.vnexpress.net/tra-cuu-dai-hoc/loadbenchmark/id/420/year/2026/sortby/1/block_name/-1
SIM-QHX:QHX16,SIM-QHX,QHX16,Quản trị khách sạn,,du_lich,standard,,D01;D09;D10;D11;D14;D15;A01,D01,,https://diemthi.vnexpress.net/tra-cuu-dai-hoc/loadbenchmark/id/420/year/2026/sortby/1/block_name/-1
SIM-QHX:QHX17,SIM-QHX,QHX17,Quản tri văn phòng,,kinh_te,standard,,D01;D09;D10;D11;D14;D15;A01,D01,,https://diemthi.vnexpress.net/tra-cuu-dai-hoc/loadbenchmark/id/420/year/2026/sortby/1/block_name/-1
SIM-QHX:QHX18,SIM-QHX,QHX18,Quốc tế học,,ngon_ngu,international,,D01;D09;D10;D11;D14;D15;A01,D01,"Học bằng tiếng Anh (thường cần trình độ tiếng Anh tốt, có thể yêu cầu IELTS/chứng chỉ khi nhập học) | Chương trình liên kết/quốc tế: học phí cao hơn chương trình chuẩn",https://diemthi.vnexpress.net/tra-cuu-dai-hoc/loadbenchmark/id/420/year/2026/sortby/1/block_name/-1
SIM-QHX:QHX19,SIM-QHX,QHX19,Tâm lý học,,xa_hoi,standard,,D01;D09;D10;D11;D14;D15;A01;D04,D01,,https://diemthi.vnexpress.net/tra-cuu-dai-hoc/loadbenchmark/id/420/year/2026/sortby/1/block_name/-1
SIM-QHX:QHX20,SIM-QHX,QHX20,Thông tin - thư viện,,xa_hoi,standard,,D01;D09;D10;D11;D14;D15;A01,D01,,https://diemthi.vnexpress.net/tra-cuu-dai-hoc/loadbenchmark/id/420/year/2026/sortby/1/block_name/-1
SIM-QHX:QHX21,SIM-QHX,QHX21,Tôn giáo học,,xa_hoi,standard,,D01;D09;D10;D11;D14;D15;A01,D01,,https://diemthi.vnexpress.net/tra-cuu-dai-hoc/loadbenchmark/id/420/year/2026/sortby/1/block_name/-1
SIM-QHX:QHX22,SIM-QHX,QHX22,Triết học,,xa_hoi,standard,,D01;D09;D10;D11;D14;D15;C00;A01,D01,,https://diemthi.vnexpress.net/tra-cuu-dai-hoc/loadbenchmark/id/420/year/2026/sortby/1/block_name/-1
SIM-QHX:QHX23,SIM-QHX,QHX23,Văn học,,xa_hoi,standard,,D01;D09;D10;D11;D14;D15;C00;D04,D01,,https://diemthi.vnexpress.net/tra-cuu-dai-hoc/loadbenchmark/id/420/year/2026/sortby/1/block_name/-1
SIM-QHX:QHX24,SIM-QHX,QHX24,Việt Nam học,,ngon_ngu,standard,,D01;D09;D10;D11;D14;D15;C00;D04,D01,,https://diemthi.vnexpress.net/tra-cuu-dai-hoc/loadbenchmark/id/420/year/2026/sortby/1/block_name/-1
SIM-QHX:QHX25,SIM-QHX,QHX25,Xã hội học,,xa_hoi,standard,,D01;D09;D10;D11;D14;D15;C00;A01,D01,,https://diemthi.vnexpress.net/tra-cuu-dai-hoc/loadbenchmark/id/420/year/2026/sortby/1/block_name/-1
SIM-QHX:QHX26,SIM-QHX,QHX26,Hàn Quốc học,,ngon_ngu,standard,,D01;D09;D10;D11;D14;D15;C00;D04,D01,,https://diemthi.vnexpress.net/tra-cuu-dai-hoc/loadbenchmark/id/420/year/2026/sortby/1/block_name/-1
SIM-QHX:QHX27,SIM-QHX,QHX27,Văn hóa học,,ngon_ngu,standard,,D01;D09;D10;D11;D14;D15;C00;A01;D04,D01,,https://diemthi.vnexpress.net/tra-cuu-dai-hoc/loadbenchmark/id/420/year/2026/sortby/1/block_name/-1
SIM-QHX:QHX28,SIM-QHX,QHX28,Điện ảnh và Nghệ thuật đại chúng,,thiet_ke,standard,,D01;D09;D10;D11;D14;D15;C00;A01,D01,,https://diemthi.vnexpress.net/tra-cuu-dai-hoc/loadbenchmark/id/420/year/2026/sortby/1/block_name/-1
SIM-QHX:QHX29,SIM-QHX,QHX29,Truyền thông đa phương tiện,,bao_chi,standard,,D01;D09;D10;D11;D14;D15;A01;D04,D01,,https://diemthi.vnexpress.net/tra-cuu-dai-hoc/loadbenchmark/id/420/year/2026/sortby/1/block_name/-1
SIM-QSC:7320104,SIM-QSC,7320104,Truyền thông đa phương tiện,7320104,bao_chi,standard,,A01;D01;D09;D10;X02;X26;A00;D07;X06,A01,,https://diemthi.vnexpress.net/tra-cuu-dai-hoc/loadbenchmark/id/284/year/2026/sortby/1/block_name/-1
SIM-QSC:7340122,SIM-QSC,7340122,Thương mại điện tử,7340122,kinh_te,standard,,A00;A01;D01;D07;X06;X26,A00,,https://diemthi.vnexpress.net/tra-cuu-dai-hoc/loadbenchmark/id/284/year/2026/sortby/1/block_name/-1
SIM-QSC:7460108,SIM-QSC,7460108,Khoa học dữ liệu (Data Science),7460108,cntt,standard,,A00;A01;D01;D07;A02;X06;X26,A00,,https://diemthi.vnexpress.net/tra-cuu-dai-hoc/loadbenchmark/id/284/year/2026/sortby/1/block_name/-1
SIM-QSC:7460108TA,SIM-QSC,7460108TA,Khoa học dữ liệu (Chương trình đào tạo bằng Tiếng Anh),7460108,cntt,standard,,A00;A01;A02;D01;D07;X06;X26,A00,"Học bằng tiếng Anh (thường cần trình độ tiếng Anh tốt, có thể yêu cầu IELTS/chứng chỉ khi nhập học)",https://diemthi.vnexpress.net/tra-cuu-dai-hoc/loadbenchmark/id/284/year/2026/sortby/1/block_name/-1
SIM-QSC:7480101,SIM-QSC,7480101,Khoa học máy tính,7480101,cntt,standard,,A00;A01;D01;D07;X06;X26,A00,,https://diemthi.vnexpress.net/tra-cuu-dai-hoc/loadbenchmark/id/284/year/2026/sortby/1/block_name/-1
SIM-QSC:7480101TA,SIM-QSC,7480101TA,Khoa học máy tính (CTĐT bằng Tiếng Anh),7480101,cntt,standard,,A00;A01;D01;D07;X06;X26,A00,"Học bằng tiếng Anh (thường cần trình độ tiếng Anh tốt, có thể yêu cầu IELTS/chứng chỉ khi nhập học)",https://diemthi.vnexpress.net/tra-cuu-dai-hoc/loadbenchmark/id/284/year/2026/sortby/1/block_name/-1
SIM-QSC:7480102,SIM-QSC,7480102,Mạng máy tính và truyền thông dữ liệu,7480102,bao_chi,standard,,A00;A01;D01;D07;X06;X14;X26,A00,,https://diemthi.vnexpress.net/tra-cuu-dai-hoc/loadbenchmark/id/284/year/2026/sortby/1/block_name/-1
SIM-QSC:7480103,SIM-QSC,7480103,Kỹ thuật phần mềm,7480103,cntt,standard,,A00;A01;D01;D07;X06;X26;X14,A00,,https://diemthi.vnexpress.net/tra-cuu-dai-hoc/loadbenchmark/id/284/year/2026/sortby/1/block_name/-1
SIM-QSC:7480103TA,SIM-QSC,7480103TA,Kỹ thuật phần mềm (Chương trình đào tạo bằng Tiếng Anh),7480103,cntt,standard,,A00;A01;D01;D07;X06;X14;X26,A00,"Học bằng tiếng Anh (thường cần trình độ tiếng Anh tốt, có thể yêu cầu IELTS/chứng chỉ khi nhập học)",https://diemthi.vnexpress.net/tra-cuu-dai-hoc/loadbenchmark/id/284/year/2026/sortby/1/block_name/-1
SIM-QSC:7480104,SIM-QSC,7480104,Hệ thống thông tin,7480104,cntt,standard,,A00;A01;D01;D07;D08;X06;X26,A00,,https://diemthi.vnexpress.net/tra-cuu-dai-hoc/loadbenchmark/id/284/year/2026/sortby/1/block_name/-1
SIM-QSC:7480104TT,SIM-QSC,7480104TT,Hệ thống thông tin (Tiên tiến),7480104,cntt,advanced,,A00;A01;D01;D07;D08;X06;X26,A00,"Học bằng tiếng Anh (thường cần trình độ tiếng Anh tốt, có thể yêu cầu IELTS/chứng chỉ khi nhập học)",https://diemthi.vnexpress.net/tra-cuu-dai-hoc/loadbenchmark/id/284/year/2026/sortby/1/block_name/-1
SIM-QSC:7480106,SIM-QSC,7480106,Kỹ thuật máy tính,7480106,cntt,standard,,A00;A01;X06;X26,A00,,https://diemthi.vnexpress.net/tra-cuu-dai-hoc/loadbenchmark/id/284/year/2026/sortby/1/block_name/-1
SIM-QSC:7480107,SIM-QSC,7480107,Trí tuệ nhân tạo,7480107,cntt,standard,,A00;A01;D01;D07;X06;X26,A00,,https://diemthi.vnexpress.net/tra-cuu-dai-hoc/loadbenchmark/id/284/year/2026/sortby/1/block_name/-1
SIM-QSC:7480201,SIM-QSC,7480201,Công nghệ thông tin,7480201,cntt,standard,,A00;A01;D01;D07;X06;X26,A00,,https://diemthi.vnexpress.net/tra-cuu-dai-hoc/loadbenchmark/id/284/year/2026/sortby/1/block_name/-1
SIM-QSC:7480201VN,SIM-QSC,7480201VN,Công nghệ Thông tin (Việt Nhật),7480201,cntt,standard,,A00;A01;D01;D06;D07;X06;X26,A00,,https://diemthi.vnexpress.net/tra-cuu-dai-hoc/loadbenchmark/id/284/year/2026/sortby/1/block_name/-1
SIM-QSC:7480202,SIM-QSC,7480202,An toàn thông tin,7480202,cntt,standard,,A00;A01;D01;D07;X06;X26,A00,,https://diemthi.vnexpress.net/tra-cuu-dai-hoc/loadbenchmark/id/284/year/2026/sortby/1/block_name/-1
SIM-QSC:7480202TA,SIM-QSC,7480202TA,An toàn thông tin (Chương trình đào tạo bằng Tiếng Anh),7480202,cntt,standard,,A00;A01;D01;D07;X06;X26,A00,"Học bằng tiếng Anh (thường cần trình độ tiếng Anh tốt, có thể yêu cầu IELTS/chứng chỉ khi nhập học)",https://diemthi.vnexpress.net/tra-cuu-dai-hoc/loadbenchmark/id/284/year/2026/sortby/1/block_name/-1
SIM-QSC:75202a1,SIM-QSC,75202a1,Thiết kế vi mạch,,cntt,standard,,A00;A01;X06;X26,A00,,https://diemthi.vnexpress.net/tra-cuu-dai-hoc/loadbenchmark/id/284/year/2026/sortby/1/block_name/-1
SIM-QSC:75202a1TA,SIM-QSC,75202a1TA,Thiết kế vi mạch (Chương trình đào tạo bằng Tiếng Anh),,cntt,standard,,A00;A01;X06;X26,A00,"Học bằng tiếng Anh (thường cần trình độ tiếng Anh tốt, có thể yêu cầu IELTS/chứng chỉ khi nhập học)",https://diemthi.vnexpress.net/tra-cuu-dai-hoc/loadbenchmark/id/284/year/2026/sortby/1/block_name/-1
SIM-QST:7140103,SIM-QST,7140103,Công nghệ Giáo dục,7140103,su_pham,standard,,D01;D07;A00;A01;B00;C01,D01,"Sư phạm: không nhận thí sinh bị dị hình, dị tật, nói ngọng, nói lắp; điểm sàn của Bộ",https://diemthi.vnexpress.net/tra-cuu-dai-hoc/loadbenchmark/id/287/year/2026/sortby/1/block_name/-1
SIM-QST:7420101,SIM-QST,7420101,Sinh hoc,7420101,sinh_hoa,standard,,A00;A01;B00;D07;A02;B08;D01;B03;X15;X16,A00,,https://diemthi.vnexpress.net/tra-cuu-dai-hoc/loadbenchmark/id/287/year/2026/sortby/1/block_name/-1
SIM-QST:7420101KD,SIM-QST,7420101KD,Sinh học (CT TCTA),,sinh_hoa,standard,,A02;B00;B03;B08;X15;X16,A02,,https://diemthi.vnexpress.net/tra-cuu-dai-hoc/loadbenchmark/id/287/year/2026/sortby/1/block_name/-1
SIM-QST:7420201,SIM-QST,7420201,Công nghệ sinh học,7420201,sinh_hoa,standard,,A02;B00;B08;D01;B03;X15;X16,A02,,https://diemthi.vnexpress.net/tra-cuu-dai-hoc/loadbenchmark/id/287/year/2026/sortby/1/block_name/-1
SIM-QST:7420201KD,SIM-QST,7420201KD,Công nghệ Sinh học (CT TCTA),,sinh_hoa,standard,,A02;B00;B03;B08;X15;X16,A02,,https://diemthi.vnexpress.net/tra-cuu-dai-hoc/loadbenchmark/id/287/year/2026/sortby/1/block_name/-1
SIM-QST:7440102KD,SIM-QST,7440102KD,Vật lý học (CT TCTA),,khoa_hoc_tn,standard,,A00;A01;A02;A03;C01;X06,A00,,https://diemthi.vnexpress.net/tra-cuu-dai-hoc/loadbenchmark/id/287/year/2026/sortby/1/block_name/-1
SIM-QST:7440102NN,SIM-QST,7440102NN,"Nhóm ngành Vật lý học, Công nghệ Vật lý điện tử và tin học",,khoa_hoc_tn,standard,,A00;A01;A02;A03;C01;X06,A00,,https://diemthi.vnexpress.net/tra-cuu-dai-hoc/loadbenchmark/id/287/year/2026/sortby/1/block_name/-1
SIM-QST:7440107KD,SIM-QST,7440107KD,Công nghệ Vật lý điện tử và tin học (CT TCTA),,khoa_hoc_tn,standard,,A00;A01;A02;A03;C01;X06,A00,,https://diemthi.vnexpress.net/tra-cuu-dai-hoc/loadbenchmark/id/287/year/2026/sortby/1/block_name/-1
SIM-QST:7440112,SIM-QST,7440112,Hóa học,7440112,sinh_hoa,standard,,B00;D07;A00;C02;X11;X12,B00,,https://diemthi.vnexpress.net/tra-cuu-dai-hoc/loadbenchmark/id/287/year/2026/sortby/1/block_name/-1
SIM-QST:7440112KD,SIM-QST,7440112KD,Hoá học (CT TCTA),,sinh_hoa,standard,,A00;B00;C02;D07;X11;X12,A00,,https://diemthi.vnexpress.net/tra-cuu-dai-hoc/loadbenchmark/id/287/year/2026/sortby/1/block_name/-1
SIM-QST:7440122,SIM-QST,7440122,Khoa học vật liệu,7440122,khoa_hoc_tn,standard,,B00;D07;A00;A01;C01;C02,B00,,https://diemthi.vnexpress.net/tra-cuu-dai-hoc/loadbenchmark/id/287/year/2026/sortby/1/block_name/-1
SIM-QST:7440122KD,SIM-QST,7440122KD,Khoa học Vật liệu (CT TCTA),,khoa_hoc_tn,standard,,A00;A01;B00;C01;C02;D07,A00,,https://diemthi.vnexpress.net/tra-cuu-dai-hoc/loadbenchmark/id/287/year/2026/sortby/1/block_name/-1
SIM-QST:74401a1,SIM-QST,74401a1,Công nghệ bán dẫn,,cntt,standard,,A00;A01;A02;A03;C01;X06,A00,,https://diemthi.vnexpress.net/tra-cuu-dai-hoc/loadbenchmark/id/287/year/2026/sortby/1/block_name/-1
SIM-QST:7440201NN,SIM-QST,7440201NN,"Nhóm ngành Địa chất học, Kinh tế đất đai",,nong_lam_mt,standard,,A00;A07;C01;C04;D01;D10,A00,,https://diemthi.vnexpress.net/tra-cuu-dai-hoc/loadbenchmark/id/287/year/2026/sortby/1/block_name/-1
SIM-QST:7440228,SIM-QST,7440228,Hải dương học,7440228,khoa_hoc_tn,standard,,B00;D07;A00;A01;A02;A04;C01;X06,B00,,https://diemthi.vnexpress.net/tra-cuu-dai-hoc/loadbenchmark/id/287/year/2026/sortby/1/block_name/-1
SIM-QST:7440228KD,SIM-QST,7440228KD,Hải dương học (CT TCTA),,khoa_hoc_tn,standard,,A00;A01;A02;A04;C01;X06,A00,,https://diemthi.vnexpress.net/tra-cuu-dai-hoc/loadbenchmark/id/287/year/2026/sortby/1/block_name/-1
SIM-QST:7440301,SIM-QST,7440301,Khoa học môi trường,7440301,nong_lam_mt,standard,,B00;D07;D24;A00;B08;X10;X14,B00,,https://diemthi.vnexpress.net/tra-cuu-dai-hoc/loadbenchmark/id/287/year/2026/sortby/1/block_name/-1
SIM-QST:7440301KD,SIM-QST,7440301KD,Khoa học Môi trường (CT TCTA),,nong_lam_mt,standard,,A00;B00;B08;D07;X10;X14,A00,,https://diemthi.vnexpress.net/tra-cuu-dai-hoc/loadbenchmark/id/287/year/2026/sortby/1/block_name/-1
SIM-QST:7460101NN,SIM-QST,7460101NN,"Nhóm ngành Toán học (Toán học, Toán ứng dụng, Toán tin)",7460101,khoa_hoc_tn,standard,,A00;A01;B00;B08;D01;X06,A00,,https://diemthi.vnexpress.net/tra-cuu-dai-hoc/loadbenchmark/id/287/year/2026/sortby/1/block_name/-1
SIM-QST:7460108KD,SIM-QST,7460108KD,Khoa học dữ liệu (CT TCTA),,cntt,standard,,A00;A01;B00;B08;D01;X06,A00,,https://diemthi.vnexpress.net/tra-cuu-dai-hoc/loadbenchmark/id/287/year/2026/sortby/1/block_name/-1
SIM-QST:7460108NN,SIM-QST,7460108NN,"Nhóm ngành Khoa học dữ liệu, Thống kê",,cntt,standard,,A00;A01;B00;B08;D01;X06,A00,,https://diemthi.vnexpress.net/tra-cuu-dai-hoc/loadbenchmark/id/287/year/2026/sortby/1/block_name/-1
SIM-QST:7460112KD,SIM-QST,7460112KD,Toán ứng dụng (CT TCTA),,khoa_hoc_tn,standard,,A00;A01;B00;B08;D01;X06,A00,,https://diemthi.vnexpress.net/tra-cuu-dai-hoc/loadbenchmark/id/287/year/2026/sortby/1/block_name/-1
SIM-QST:7460117KD,SIM-QST,7460117KD,Toán tin (CT TCTA),,khoa_hoc_tn,standard,,A00;A01;B00;B08;D01;X06,A00,,https://diemthi.vnexpress.net/tra-cuu-dai-hoc/loadbenchmark/id/287/year/2026/sortby/1/block_name/-1
SIM-QST:7480101TT,SIM-QST,7480101TT,Khoa học máy tính (CT Tiên tiến),,cntt,advanced,,A00;A01;B08;D07;X06;X26,A00,"Học bằng tiếng Anh (thường cần trình độ tiếng Anh tốt, có thể yêu cầu IELTS/chứng chỉ khi nhập học)",https://diemthi.vnexpress.net/tra-cuu-dai-hoc/loadbenchmark/id/287/year/2026/sortby/1/block_name/-1
SIM-QST:7480107,SIM-QST,7480107,Trí tuệ nhân tạo,7480107,cntt,standard,,A00;A01;A02;B08;D07;X06;X26,A00,,https://diemthi.vnexpress.net/tra-cuu-dai-hoc/loadbenchmark/id/287/year/2026/sortby/1/block_name/-1
SIM-QST:7480201KD,SIM-QST,7480201KD,Công nghệ thông tin (CT TCTA),,cntt,standard,,A00;A01;B08;D07;X06;X26,A00,,https://diemthi.vnexpress.net/tra-cuu-dai-hoc/loadbenchmark/id/287/year/2026/sortby/1/block_name/-1
SIM-QST:7480201NN,SIM-QST,7480201NN,Nhóm ngành máy tính và Công nghệ thông tin (Công nghệ thông tin; Kỹ thuật phần mềm; Hệ thống thông tin; Khoa học máy tính),,cntt,standard,,A00;A01;B08;D07;X06;X26,A00,,https://diemthi.vnexpress.net/tra-cuu-dai-hoc/loadbenchmark/id/287/year/2026/sortby/1/block_name/-1
SIM-QST:7510401KD,SIM-QST,7510401KD,Công nghệ kỹ thuật Hóa học (CT TCTA),,sinh_hoa,standard,,A00;B00;C02;D07;X11;X12,A00,,https://diemthi.vnexpress.net/tra-cuu-dai-hoc/loadbenchmark/id/287/year/2026/sortby/1/block_name/-1
SIM-QST:7510402,SIM-QST,7510402,Công nghệ vật liệu,7510402,ky_thuat,standard,,A00;B00;B08;D07;A01;C01;C02,A00,,https://diemthi.vnexpress.net/tra-cuu-dai-hoc/loadbenchmark/id/287/year/2026/sortby/1/block_name/-1
SIM-QST:7510402KD,SIM-QST,7510402KD,Công nghệ Vật liệu (CT TCTA),,ky_thuat,standard,,A00;A01;B00;C01;C02;D07,A00,,https://diemthi.vnexpress.net/tra-cuu-dai-hoc/loadbenchmark/id/287/year/2026/sortby/1/block_name/-1
SIM-QST:7510406,SIM-QST,7510406,Công nghệ kỹ thuật Môi trường,7510406,nong_lam_mt,standard,,A00;B00;B08;D07;X10;X14,A00,,https://diemthi.vnexpress.net/tra-cuu-dai-hoc/loadbenchmark/id/287/year/2026/sortby/1/block_name/-1
SIM-QST:7520207,SIM-QST,7520207,Ngành Kỹ thuật điện tử truyền thông,7520207,bao_chi,standard,,A00;A01;B00;D07;B08;X06;X26,A00,,https://diemthi.vnexpress.net/tra-cuu-dai-hoc/loadbenchmark/id/287/year/2026/sortby/1/block_name/-1
SIM-QST:7520207KD,SIM-QST,7520207KD,Kỹ thuật điện tử - viễn thông (CT TCTA),,ky_thuat,standard,,A00;A01;B08;D07;X06;X26,A00,,https://diemthi.vnexpress.net/tra-cuu-dai-hoc/loadbenchmark/id/287/year/2026/sortby/1/block_name/-1
SIM-QST:75202a1,SIM-QST,75202a1,Thiết kế vi mạch,,cntt,standard,,D07;A00;A01;B08;X06;X26,D07,,https://diemthi.vnexpress.net/tra-cuu-dai-hoc/loadbenchmark/id/287/year/2026/sortby/1/block_name/-1
SIM-QST:7520402,SIM-QST,7520402,Kỹ thuật hạt nhân,7520402,ky_thuat,standard,,A00;A01;B00;D07;A02;A03;C01;X06,A00,,https://diemthi.vnexpress.net/tra-cuu-dai-hoc/loadbenchmark/id/287/year/2026/sortby/1/block_name/-1
SIM-QST:7520403,SIM-QST,7520403,Vật lý Y khoa,7520403,y_duoc,standard,,A00;A01;B00;D07;A02;A03;C01;X06,A00,Khối sức khỏe: có ngưỡng điểm sàn của Bộ,https://diemthi.vnexpress.net/tra-cuu-dai-hoc/loadbenchmark/id/287/year/2026/sortby/1/block_name/-1
SIM-QST:7520403KD,SIM-QST,7520403KD,Vật lý y khoa (CT TCTA),,y_duoc,standard,,A00;A01;A02;A03;C01;X06,A00,Khối sức khỏe: có ngưỡng điểm sàn của Bộ,https://diemthi.vnexpress.net/tra-cuu-dai-hoc/loadbenchmark/id/287/year/2026/sortby/1/block_name/-1
SIM-QST:7520501,SIM-QST,7520501,Kỹ thuật địa chất,7520501,nong_lam_mt,standard,,A00;A01;B00;D07;C01;C02;C04;D01;D10,A00,,https://diemthi.vnexpress.net/tra-cuu-dai-hoc/loadbenchmark/id/287/year/2026/sortby/1/block_name/-1
SIM-QST:7850101,SIM-QST,7850101,Quản lý tài nguyên và môi trường,7850101,nong_lam_mt,standard,,A00;A01;B00;D07;B08;X10;X14,A00,,https://diemthi.vnexpress.net/tra-cuu-dai-hoc/loadbenchmark/id/287/year/2026/sortby/1/block_name/-1
SIM-SGD:7140114,SIM-SGD,7140114,Quản lý giáo dục,7140114,su_pham,standard,,B03;C01;C02;C03;C04;D01;X01;X02;X03;X04,B03,"Sư phạm: không nhận thí sinh bị dị hình, dị tật, nói ngọng, nói lắp; điểm sàn của Bộ",https://diemthi.vnexpress.net/tra-cuu-dai-hoc/loadbenchmark/id/289/year/2026/sortby/1/block_name/-1
SIM-SGD:7140202,SIM-SGD,7140202,Giáo dục Tiểu học,7140202,su_pham,standard,,B03;C01;C02;C03;C04;D01;X01;X02;X03;X04,B03,"Sư phạm: không nhận thí sinh bị dị hình, dị tật, nói ngọng, nói lắp; điểm sàn của Bộ",https://diemthi.vnexpress.net/tra-cuu-dai-hoc/loadbenchmark/id/289/year/2026/sortby/1/block_name/-1
SIM-SGD:7140205,SIM-SGD,7140205,Giáo dục Chính trị,7140205,su_pham,standard,,B03;C01;C02;C03;C04;D01;X01;X02;X03;X04;X58;X62;X66;X70;X74;X78;Y07;Y08;Y09;C00,B03,"Sư phạm: không nhận thí sinh bị dị hình, dị tật, nói ngọng, nói lắp; điểm sàn của Bộ",https://diemthi.vnexpress.net/tra-cuu-dai-hoc/loadbenchmark/id/289/year/2026/sortby/1/block_name/-1
SIM-SGD:7140209,SIM-SGD,7140209,Sư phạm Toán học,7140209,su_pham,standard,,A00;A01;A02;A03;A04;A05;A06;A07;B00;B01;B02;B03;B08;C01;C02;C03;C04;D01;D07;D09;D10;X01;X02;X03;X04;X05;X06;X07;X08;X09;X10;X11;X12;X13;X14;X15;X16;X17;X18;X19;X20;X21;X22;X23;X24;X25;X26;X27;X28;X53;X54;X55;X56;X57,A00,"Sư phạm: không nhận thí sinh bị dị hình, dị tật, nói ngọng, nói lắp; điểm sàn của Bộ",https://diemthi.vnexpress.net/tra-cuu-dai-hoc/loadbenchmark/id/289/year/2026/sortby/1/block_name/-1
SIM-SGD:7140211,SIM-SGD,7140211,Sư phạm Vật lý,7140211,su_pham,standard,,A00;A01;A02;A03;A04;C01;X05;X06;X07;X08,A00,"Sư phạm: không nhận thí sinh bị dị hình, dị tật, nói ngọng, nói lắp; điểm sàn của Bộ",https://diemthi.vnexpress.net/tra-cuu-dai-hoc/loadbenchmark/id/289/year/2026/sortby/1/block_name/-1
SIM-SGD:7140212,SIM-SGD,7140212,Sư phạm Hóa học,7140212,su_pham,standard,,A00;C02;D07;B00;A05;A06;X09;X10;X11;X12,A00,"Sư phạm: không nhận thí sinh bị dị hình, dị tật, nói ngọng, nói lắp; điểm sàn của Bộ",https://diemthi.vnexpress.net/tra-cuu-dai-hoc/loadbenchmark/id/289/year/2026/sortby/1/block_name/-1
SIM-SGD:7140213,SIM-SGD,7140213,Sư phạm Sinh học,7140213,su_pham,standard,,B00;A02;B01;B08;D08;B03;X13;X14;X15;X16;B02,B00,"Sư phạm: không nhận thí sinh bị dị hình, dị tật, nói ngọng, nói lắp; điểm sàn của Bộ",https://diemthi.vnexpress.net/tra-cuu-dai-hoc/loadbenchmark/id/289/year/2026/sortby/1/block_name/-1
SIM-SGD:7140217,SIM-SGD,7140217,Sư phạm Ngữ văn,7140217,su_pham,standard,,C01;C00;B03;C02;C03;C04;D01;X01;X02;X03;X04,C01,"Sư phạm: không nhận thí sinh bị dị hình, dị tật, nói ngọng, nói lắp; điểm sàn của Bộ",https://diemthi.vnexpress.net/tra-cuu-dai-hoc/loadbenchmark/id/289/year/2026/sortby/1/block_name/-1
SIM-SGD:7140218,SIM-SGD,7140218,Sư phạm Lịch sử,7140218,su_pham,standard,,C00;C03;C07;C10;C12;D14;X70;X71;X72;X73,C00,"Sư phạm: không nhận thí sinh bị dị hình, dị tật, nói ngọng, nói lắp; điểm sàn của Bộ",https://diemthi.vnexpress.net/tra-cuu-dai-hoc/loadbenchmark/id/289/year/2026/sortby/1/block_name/-1
SIM-SGD:7140219,SIM-SGD,7140219,Sư phạm Địa lý,7140219,su_pham,standard,,C00;C04;D10;X21;A07;A04;A06;B02;X22;X23;X24;D15;X74;C13;X75;C11;X76;X77;C09,C00,"Sư phạm: không nhận thí sinh bị dị hình, dị tật, nói ngọng, nói lắp; điểm sàn của Bộ",https://diemthi.vnexpress.net/tra-cuu-dai-hoc/loadbenchmark/id/289/year/2026/sortby/1/block_name/-1
SIM-SGD:7140231,SIM-SGD,7140231,Sư phạm Tiếng Anh,7140231,su_pham,standard,,D01;D11;D12;D13;D14;D15;X78;X79;X80;X81;A01;B08;D07;D09;D10;X25;X26;X27;X28,D01,"Học bằng tiếng Anh (thường cần trình độ tiếng Anh tốt, có thể yêu cầu IELTS/chứng chỉ khi nhập học) | Sư phạm: không nhận thí sinh bị dị hình, dị tật, nói ngọng, nói lắp; điểm sàn của Bộ",https://diemthi.vnexpress.net/tra-cuu-dai-hoc/loadbenchmark/id/289/year/2026/sortby/1/block_name/-1
SIM-SGD:7140247,SIM-SGD,7140247,Sư phạm khoa học tự nhiên,7140247,su_pham,standard,,A00;A02;B00;B08;X13;B02;B01;X14;X15;X16;C01;A01;A04;X05;A03;X06;X08;X07;D07;C02;A05;A06;X09;X11;X12;X10;B03,A00,"Sư phạm: không nhận thí sinh bị dị hình, dị tật, nói ngọng, nói lắp; điểm sàn của Bộ",https://diemthi.vnexpress.net/tra-cuu-dai-hoc/loadbenchmark/id/289/year/2026/sortby/1/block_name/-1
SIM-SGD:7140249,SIM-SGD,7140249,Sư phạm Lịch sử - Địa lý,7140249,su_pham,standard,,C00;C03;D14;X70;C07;C10;C12;X71;X72;X73;C04;D15;X74;C13;C09;C11;X75;X76;X77,C00,"Sư phạm: không nhận thí sinh bị dị hình, dị tật, nói ngọng, nói lắp; điểm sàn của Bộ",https://diemthi.vnexpress.net/tra-cuu-dai-hoc/loadbenchmark/id/289/year/2026/sortby/1/block_name/-1
SIM-SGD:7220201,SIM-SGD,7220201,Ngôn ngữ Anh,7220201,ngon_ngu,standard,,D01;D11;D12;D13;D14;D15;X78;X79;X80;X81;A01;B08;D07;D09;D10;X25;X26;X27;X28,D01,,https://diemthi.vnexpress.net/tra-cuu-dai-hoc/loadbenchmark/id/289/year/2026/sortby/1/block_name/-1
SIM-SGD:7220201CLC,SIM-SGD,7220201CLC,Ngôn ngữ Anh (Chất lượng cao),,ngon_ngu,high_quality,,D01;A01;B08;D07;D09;D10;D11;D12;D13;D14;D15;X25;X26;X27;X28;X78;X79;X80;X81,D01,,https://diemthi.vnexpress.net/tra-cuu-dai-hoc/loadbenchmark/id/289/year/2026/sortby/1/block_name/-1
SIM-SGD:7229010,SIM-SGD,7229010,Lịch sử,7229010,xa_hoi,standard,,C00;C03;C07;C10;C12;D14;X70;X71;X72;X73,C00,,https://diemthi.vnexpress.net/tra-cuu-dai-hoc/loadbenchmark/id/289/year/2026/sortby/1/block_name/-1
SIM-SGD:7310401,SIM-SGD,7310401,Tâm lý học,7310401,xa_hoi,standard,,B03;C01;C02;C03;C04;D01;X01;X02;X03;X04,B03,,https://diemthi.vnexpress.net/tra-cuu-dai-hoc/loadbenchmark/id/289/year/2026/sortby/1/block_name/-1
SIM-SGD:7310501,SIM-SGD,7310501,Địa lý học,7310501,xa_hoi,standard,,C00;C04;D10;X21;A07;A04;A06;B02;X22;X23;X24;D15;X74;C13;X75;C11;X76;X77;C09,C00,,https://diemthi.vnexpress.net/tra-cuu-dai-hoc/loadbenchmark/id/289/year/2026/sortby/1/block_name/-1
SIM-SGD:7310601,SIM-SGD,7310601,Quốc tế học,7310601,ngon_ngu,international,,D01;B03;C01;C02;C03;C04;X01;X02;X03;X04,D01,"Học bằng tiếng Anh (thường cần trình độ tiếng Anh tốt, có thể yêu cầu IELTS/chứng chỉ khi nhập học) | Chương trình liên kết/quốc tế: học phí cao hơn chương trình chuẩn",https://diemthi.vnexpress.net/tra-cuu-dai-hoc/loadbenchmark/id/289/year/2026/sortby/1/block_name/-1
SIM-SGD:7310630,SIM-SGD,7310630,Việt Nam học,7310630,ngon_ngu,standard,,D01;C00;B03;C01;C02;C03;C04;X01;X02;X03;X04,D01,,https://diemthi.vnexpress.net/tra-cuu-dai-hoc/loadbenchmark/id/289/year/2026/sortby/1/block_name/-1
SIM-SGD:7320201,SIM-SGD,7320201,Thông tin - thư viện,7320201,xa_hoi,standard,,C00;C04;D01;B03;C01;C02;C03;C05;C06;C07;C08;C09;C10;C11;C12;C13;D11;D12;D13;D14;D15;X01;X02;X03;X04;X58;X59;X60;X61;X62;X63;X64;X65;X66;X67;X68;X69;X70;X71;X72;X73;X74;X75;X76;X77;X78;X79;X80;X81;Y07;Y08;Y09;Y10;Y11,C00,,https://diemthi.vnexpress.net/tra-cuu-dai-hoc/loadbenchmark/id/289/year/2026/sortby/1/block_name/-1
SIM-SGD:7340101,SIM-SGD,7340101,Quản trị Kinh doanh,7340101,kinh_te,standard,,D01;A00;A01;A02;A03;A04;A05;A06;A07;B00;B01;B02;B03;B08;C01;C02;C03;C04;D07;D09;D10;X01;X02;X03;X04;X05;X06;X07;X08;X09;X10;X11;X12;X13;X14;X15;X16;X17;X18;X19;X20;X21;X22;X23;X24;X25;X26;X27;X28;X53;X54;X55;X56;X57,D01,,https://diemthi.vnexpress.net/tra-cuu-dai-hoc/loadbenchmark/id/289/year/2026/sortby/1/block_name/-1
SIM-SGD:7340101CLC,SIM-SGD,7340101CLC,Quản trị kinh doanh CLC (TT23),,kinh_te,high_quality,,D01;A00;A01;A02;A03;A04;A05;A06;A07;B00;B01;B02;B03;B08;C01;C02;C03;C04;D07;D09;D10;X01;X02;X03;X04;X05;X06;X07;X08;X09;X10;X11;X12;X13;X14;X15;X16;X17;X18;X19;X20;X21;X22;X23;X24;X25;X26;X27;X28;X53;X54;X55;X56;X57,D01,,https://diemthi.vnexpress.net/tra-cuu-dai-hoc/loadbenchmark/id/289/year/2026/sortby/1/block_name/-1
SIM-SGD:7340120,SIM-SGD,7340120,Ngành Kinh doanh quốc tế,7340120,kinh_te,international,,D01;A01;A00;A02;A03;A04;A05;A06;A07;B00;B01;B02;B03;B08;C01;C02;C03;C04;D07;D09;D10;X01;X02;X03;X04;X05;X06;X07;X08;X09;X10;X11;X12;X13;X14;X15;X16;X17;X18;X19;X20;X21;X22;X23;X24;X25;X26;X27;X28;X53;X54;X55;X56;X57,D01,"Học bằng tiếng Anh (thường cần trình độ tiếng Anh tốt, có thể yêu cầu IELTS/chứng chỉ khi nhập học) | Chương trình liên kết/quốc tế: học phí cao hơn chương trình chuẩn",https://diemthi.vnexpress.net/tra-cuu-dai-hoc/loadbenchmark/id/289/year/2026/sortby/1/block_name/-1
SIM-SGD:7340201,SIM-SGD,7340201,Tài chính – Ngân hàng,7340201,tai_chinh,standard,,D01;A00;A01;A02;A03;A04;A05;A06;A07;B00;B01;B02;B03;B08;C01;C02;C03;C04;D07;D09;D10;X01;X02;X03;X04;X05;X06;X07;X08;X09;X10;X11;X12;X13;X14;X15;X16;X17;X18;X19;X20;X21;X22;X23;X24;X25;X26;X27;X28;X53;X54;X55;X56;X57,D01,,https://diemthi.vnexpress.net/tra-cuu-dai-hoc/loadbenchmark/id/289/year/2026/sortby/1/block_name/-1
SIM-SGD:7340301,SIM-SGD,7340301,Kế toán,7340301,tai_chinh,standard,,D01;C01;A00;A01;A02;A03;A04;A05;A06;A07;B00;B01;B02;B03;B08;C02;C03;C04;D07;D09;D10;X01;X02;X03;X04;X05;X06;X07;X08;X09;X10;X11;X12;X13;X14;X15;X16;X17;X18;X19;X20;X21;X22;X23;X24;X25;X26;X27;X28;X53;X54;X55;X56;X57,D01,,https://diemthi.vnexpress.net/tra-cuu-dai-hoc/loadbenchmark/id/289/year/2026/sortby/1/block_name/-1
SIM-SGD:7340301CLC,SIM-SGD,7340301CLC,Kế toán CLC,,tai_chinh,high_quality,,D01;A00;A01;A02;A03;A04;A05;A06;A07;B00;B01;B02;B03;B08;C01;C02;C03;C04;D07;D09;D10;X01;X02;X03;X04;X05;X06;X07;X08;X09;X10;X11;X12;X13;X14;X15;X16;X17;X18;X19;X20;X21;X22;X23;X24;X25;X26;X27;X28;X53;X54;X55;X56;X57,D01,,https://diemthi.vnexpress.net/tra-cuu-dai-hoc/loadbenchmark/id/289/year/2026/sortby/1/block_name/-1
SIM-SGD:7340302,SIM-SGD,7340302,Kiểm toán,7340302,tai_chinh,standard,,D01;A00;A01;A02;A03;A04;A05;A06;A07;B00;B01;B02;B03;B08;C01;C02;C03;C04;D07;D09;D10;X01;X02;X03;X04;X05;X06;X07;X08;X09;X10;X11;X12;X13;X14;X15;X16;X17;X18;X19;X20;X21;X22;X23;X24;X25;X26;X27;X28;X53;X54;X55;X56;X57,D01,,https://diemthi.vnexpress.net/tra-cuu-dai-hoc/loadbenchmark/id/289/year/2026/sortby/1/block_name/-1
SIM-SGD:7340406,SIM-SGD,7340406,Quản trị văn phòng,7340406,kinh_te,standard,,B03;C01;C02;C03;C04;D01;X01;X02;X03;X04,B03,,https://diemthi.vnexpress.net/tra-cuu-dai-hoc/loadbenchmark/id/289/year/2026/sortby/1/block_name/-1
SIM-SGD:7380101,SIM-SGD,7380101,Ngành Luật,7380101,luat,standard,,D01;B03;C01;C02;C03;C04;X01;X02;X03;X04,D01,,https://diemthi.vnexpress.net/tra-cuu-dai-hoc/loadbenchmark/id/289/year/2026/sortby/1/block_name/-1
SIM-SGD:7440301,SIM-SGD,7440301,Khoa học môi trường,7440301,nong_lam_mt,standard,,B00;A00;A01;A02;A03;A04;A05;A06;A07;B01;B02;B03;B08;C01;C02;C03;C04;D01;D07;D09;D10;X01;X02;X03;X04;X05;X06;X07;X08;X09;X10;X11;X12;X13;X14;X15;X16;X17;X18;X19;X20;X21;X22;X23;X24;X25;X26;X27;X28;X53;X54;X55;X56;X57,B00,,https://diemthi.vnexpress.net/tra-cuu-dai-hoc/loadbenchmark/id/289/year/2026/sortby/1/block_name/-1
SIM-SGD:7460108,SIM-SGD,7460108,Khoa học dữ liệu (Data Science),7460108,cntt,standard,,A00;A01;A02;A03;A04;A05;A06;A07;B00;B01;B02;B03;B08;C01;C02;C03;C04;D01;D07;D09;D10;X01;X02;X03;X04;X05;X06;X07;X08;X09;X10;X11;X12;X13;X14;X15;X16;X17;X18;X19;X20;X21;X22;X23;X24;X25;X26;X27;X28;X53;X54;X55;X56;X57,A00,,https://diemthi.vnexpress.net/tra-cuu-dai-hoc/loadbenchmark/id/289/year/2026/sortby/1/block_name/-1
SIM-SGD:7460112,SIM-SGD,7460112,ĐH Toán ứng dụng,7460112,khoa_hoc_tn,standard,,A00;A01;A02;A03;A04;A05;A06;A07;B00;B01;B02;B03;B08;C01;C02;C03;C04;D01;D07;D09;D10;X01;X02;X03;X04;X05;X06;X07;X08;X09;X10;X11;X12;X13;X14;X15;X16;X17;X18;X19;X20;X21;X22;X23;X24;X25;X26;X27;X28;X53;X54;X55;X56;X57,A00,,https://diemthi.vnexpress.net/tra-cuu-dai-hoc/loadbenchmark/id/289/year/2026/sortby/1/block_name/-1
SIM-SGD:7480103,SIM-SGD,7480103,Kỹ thuật phần mềm,7480103,cntt,standard,,D01;A00;A01;A02;A03;A04;A05;A06;A07;B00;B01;B02;B03;B08;C01;C02;C03;C04;D07;D09;D10;X01;X02;X03;X04;X05;X06;X07;X08;X09;X10;X11;X12;X13;X14;X15;X16;X17;X18;X19;X20;X21;X22;X23;X24;X25;X26;X27;X28;X53;X54;X55;X56;X57,D01,,https://diemthi.vnexpress.net/tra-cuu-dai-hoc/loadbenchmark/id/289/year/2026/sortby/1/block_name/-1
SIM-SGD:7480107,SIM-SGD,7480107,Trí tuệ nhân tạo,7480107,cntt,standard,,D01;A00;A01;A02;A03;A04;A05;A06;A07;B00;B01;B02;B03;B08;C01;C02;C03;C04;D07;D09;D10;X01;X02;X03;X04;X05;X06;X07;X08;X09;X10;X11;X12;X13;X14;X15;X16;X17;X18;X19;X20;X21;X22;X23;X24;X25;X26;X27;X28;X53;X54;X55;X56;X57,D01,,https://diemthi.vnexpress.net/tra-cuu-dai-hoc/loadbenchmark/id/289/year/2026/sortby/1/block_name/-1
SIM-SGD:7480201,SIM-SGD,7480201,Công nghệ thông tin,7480201,cntt,standard,,D01;A00;A01;A02;A03;A04;A05;A06;A07;B00;B01;B02;B03;B08;C01;C02;C03;C04;D07;D09;D10;X01;X02;X03;X04;X05;X06;X07;X08;X09;X10;X11;X12;X13;X14;X15;X16;X17;X18;X19;X20;X21;X22;X23;X24;X25;X26;X27;X28;X53;X54;X55;X56;X57,D01,,https://diemthi.vnexpress.net/tra-cuu-dai-hoc/loadbenchmark/id/289/year/2026/sortby/1/block_name/-1
SIM-SGD:7480201CLC,SIM-SGD,7480201CLC,Công nghệ thông tin (chương trình chất lượng cao),,cntt,high_quality,,A00;A01;A02;A03;A04;A05;A06;A07;B00;B01;B02;B03;B08;C01;C02;C03;C04;D01;D07;D09;D10;X01;X02;X03;X04;X05;X06;X07;X08;X09;X10;X11;X12;X13;X14;X15;X16;X17;X18;X19;X20;X21;X22;X23;X24;X25;X26;X27;X28;X53;X54;X55;X56;X57,A00,,https://diemthi.vnexpress.net/tra-cuu-dai-hoc/loadbenchmark/id/289/year/2026/sortby/1/block_name/-1
SIM-SGD:7510301,SIM-SGD,7510301,"Công nghệ kỹ thuật điện, điện tử",7510301,ky_thuat,standard,,A01;A00;A02;A03;A04;A05;A06;A07;B00;B01;B02;B03;B08;C01;C02;C03;C04;D01;D07;D09;D10;X01;X02;X03;X04;X05;X06;X07;X08;X09;X10;X11;X12;X13;X14;X15;X16;X17;X18;X19;X20;X21;X22;X23;X24;X25;X26;X27;X28;X53;X54;X55;X56;X57,A01,,https://diemthi.vnexpress.net/tra-cuu-dai-hoc/loadbenchmark/id/289/year/2026/sortby/1/block_name/-1
SIM-SGD:7510302,SIM-SGD,7510302,Điện tử - viễn thông,7510302,ky_thuat,standard,,A01;A00;A02;A03;A04;A05;A06;A07;B00;B01;B02;B03;B08;C01;C02;C03;C04;D01;D07;D09;D10;X01;X02;X03;X04;X05;X06;X07;X08;X09;X10;X11;X12;X13;X14;X15;X16;X17;X18;X19;X20;X21;X22;X23;X24;X25;X26;X27;X28;X53;X54;X55;X56;X57,A01,,https://diemthi.vnexpress.net/tra-cuu-dai-hoc/loadbenchmark/id/289/year/2026/sortby/1/block_name/-1
SIM-SGD:7510406,SIM-SGD,7510406,Công nghệ kỹ thuật Môi trường,7510406,nong_lam_mt,standard,,B00;A00;A01;A02;A03;A04;A05;A06;A07;B01;B02;B03;B08;C01;C02;C03;C04;D01;D07;D09;D10;X01;X02;X03;X04;X05;X06;X07;X08;X09;X10;X11;X12;X13;X14;X15;X16;X17;X18;X19;X20;X21;X22;X23;X24;X25;X26;X27;X28;X53;X54;X55;X56;X57,B00,,https://diemthi.vnexpress.net/tra-cuu-dai-hoc/loadbenchmark/id/289/year/2026/sortby/1/block_name/-1
SIM-SGD:7520201,SIM-SGD,7520201,Kỹ thuật điện,7520201,ky_thuat,standard,,A01;A00;A02;A03;A04;A05;A06;A07;B00;B01;B02;B03;B08;C01;C02;C03;C04;D01;D07;D09;D10;X01;X02;X03;X04;X05;X06;X07;X08;X09;X10;X11;X12;X13;X14;X15;X16;X17;X18;X19;X20;X21;X22;X23;X24;X25;X26;X27;X28;X53;X54;X55;X56;X57,A01,,https://diemthi.vnexpress.net/tra-cuu-dai-hoc/loadbenchmark/id/289/year/2026/sortby/1/block_name/-1
SIM-SGD:7520207,SIM-SGD,7520207,Ngành Kỹ thuật điện tử truyền thông,7520207,bao_chi,standard,,A01;A00;A02;A03;A04;A05;A06;A07;B00;B01;B02;B03;B08;C01;C02;C03;C04;D01;D07;D09;D10;X01;X02;X03;X04;X05;X06;X07;X08;X09;X10;X11;X12;X13;X14;X15;X16;X17;X18;X19;X20;X21;X22;X23;X24;X25;X26;X27;X28;X53;X54;X55;X56;X57,A01,,https://diemthi.vnexpress.net/tra-cuu-dai-hoc/loadbenchmark/id/289/year/2026/sortby/1/block_name/-1
SIM-SGD:7810101,SIM-SGD,7810101,Du lịch,7810101,du_lich,standard,,D01;C00;B03;C01;C02;C03;C04;X01;X02;X03;X04,D01,,https://diemthi.vnexpress.net/tra-cuu-dai-hoc/loadbenchmark/id/289/year/2026/sortby/1/block_name/-1
SIM-SGD:7810202,SIM-SGD,7810202,Quản trị nhà hàng và dịch vụ ăn uống,7810202,du_lich,standard,,D01;C00;A00;A01;A02;A03;A04;A05;A06;A07;B00;B01;B02;B03;B08;C01;C02;C03;C04;D07;D09;D10;X01;X02;X03;X04;X05;X06;X07;X08;X09;X10;X11;X12;X13;X14;X15;X16;X17;X18;X19;X20;X21;X22;X23;X24;X25;X26;X27;X28;X53;X54;X55;X56;X57,D01,,https://diemthi.vnexpress.net/tra-cuu-dai-hoc/loadbenchmark/id/289/year/2026/sortby/1/block_name/-1
SIM-SIU:7140103,SIM-SIU,7140103,Công nghệ giáo dục,7140103,su_pham,standard,,A00;A01;X06;X02;X10;D07;D01,A00,"Sư phạm: không nhận thí sinh bị dị hình, dị tật, nói ngọng, nói lắp; điểm sàn của Bộ",https://vietnamnet.vn/newsapi-edu/UniversityDetail/GetDetail?pageId=49ff289efde0446f9ae2f5c385595744&componentId=COMPONENT002302&keyword=SIU&year=2026&pageSize=25&pageIndex=1&typeOfTraining=0&subjectGroup=
SIM-SIU:7220201,SIM-SIU,7220201,Ngôn ngữ Anh,7220201,ngon_ngu,standard,,A01;D01;D09;D14;D15;X78;D11;D12;A00;A07;X01;X02,A01,,https://diemthi.vnexpress.net/tra-cuu-dai-hoc/loadbenchmark/id/293/year/2026/sortby/1/block_name/-1
SIM-SIU:7310401,SIM-SIU,7310401,Tâm lý học,7310401,xa_hoi,standard,,B00;C00;A07;D01;X01;X78;D14;D15;A00;A01;C01,B00,,https://diemthi.vnexpress.net/tra-cuu-dai-hoc/loadbenchmark/id/293/year/2026/sortby/1/block_name/-1
SIM-SIU:7310608,SIM-SIU,7310608,Đông phương học,7310608,ngon_ngu,standard,,C00;D01;D14;D15;X17;A01;D63;D65;A00;A07;X21,C00,,https://diemthi.vnexpress.net/tra-cuu-dai-hoc/loadbenchmark/id/293/year/2026/sortby/1/block_name/-1
SIM-SIU:7320104,SIM-SIU,7320104,Truyền thông đa phương tiện,7320104,bao_chi,standard,,A01;C00;C03;D01;D09;D10;A00,A01,,https://vietnamnet.vn/newsapi-edu/UniversityDetail/GetDetail?pageId=49ff289efde0446f9ae2f5c385595744&componentId=COMPONENT002302&keyword=SIU&year=2026&pageSize=25&pageIndex=1&typeOfTraining=0&subjectGroup=
SIM-SIU:7320108,SIM-SIU,7320108,Quan hệ công chúng,7320108,bao_chi,standard,,A01;C00;C03;D01;D09;D10;A00,A01,,https://vietnamnet.vn/newsapi-edu/UniversityDetail/GetDetail?pageId=49ff289efde0446f9ae2f5c385595744&componentId=COMPONENT002302&keyword=SIU&year=2026&pageSize=25&pageIndex=1&typeOfTraining=0&subjectGroup=
SIM-SIU:7340101,SIM-SIU,7340101,Quản trị Kinh doanh,7340101,kinh_te,standard,,A00;A01;A07;D01;X01;X02;D07;X06,A00,,https://diemthi.vnexpress.net/tra-cuu-dai-hoc/loadbenchmark/id/293/year/2026/sortby/1/block_name/-1
SIM-SIU:7340122,SIM-SIU,7340122,Thương mại điện tử,7340122,kinh_te,standard,,A00;A01;A07;X02;D01;X01;D07;X06;X10,A00,,https://diemthi.vnexpress.net/tra-cuu-dai-hoc/loadbenchmark/id/293/year/2026/sortby/1/block_name/-1
SIM-SIU:7340301,SIM-SIU,7340301,Kế toán,7340301,tai_chinh,standard,,A00;A01;C01;D01;X01;D07;X02;X06;X10,A00,,https://diemthi.vnexpress.net/tra-cuu-dai-hoc/loadbenchmark/id/293/year/2026/sortby/1/block_name/-1
SIM-SIU:7380107,SIM-SIU,7380107,Luật kinh tế,7380107,luat,standard,,A00;A01;C00;D01;X74;X78;C03;D09;D10,A00,,https://diemthi.vnexpress.net/tra-cuu-dai-hoc/loadbenchmark/id/293/year/2026/sortby/1/block_name/-1
SIM-SIU:7480101,SIM-SIU,7480101,Khoa học máy tính,7480101,cntt,standard,,A00;A01;X06;X02;X10;D07;D01;C00;C03;D09;D10,A00,,https://diemthi.vnexpress.net/tra-cuu-dai-hoc/loadbenchmark/id/293/year/2026/sortby/1/block_name/-1
SIM-SIU:7480201,SIM-SIU,7480201,Công nghệ thông tin,7480201,cntt,standard,,A00;A01;X06;X02;D01;D07,A00,,https://vietnamnet.vn/newsapi-edu/UniversityDetail/GetDetail?pageId=49ff289efde0446f9ae2f5c385595744&componentId=COMPONENT002302&keyword=SIU&year=2026&pageSize=25&pageIndex=1&typeOfTraining=0&subjectGroup=
SIM-SIU:7510605,SIM-SIU,7510605,Logistics và Quản lý chuỗi cung ứng,7510605,du_lich,standard,,A00;A01;A07;D01;X01;X78;D09;D14;D15,A00,,https://diemthi.vnexpress.net/tra-cuu-dai-hoc/loadbenchmark/id/293/year/2026/sortby/1/block_name/-1
SIM-SIU:7810201,SIM-SIU,7810201,Quản trị khách sạn,7810201,du_lich,standard,,A00;A01;A07;C00;D01;X21;X01;X02,A00,,https://diemthi.vnexpress.net/tra-cuu-dai-hoc/loadbenchmark/id/293/year/2026/sortby/1/block_name/-1
SIM-SPH:7140101,SIM-SPH,7140101,Giáo dục học,7140101,su_pham,standard,,C00;D01,C00,"Sư phạm: không nhận thí sinh bị dị hình, dị tật, nói ngọng, nói lắp; điểm sàn của Bộ",https://diemthi.vnexpress.net/tra-cuu-dai-hoc/loadbenchmark/id/423/year/2026/sortby/1/block_name/-1
SIM-SPH:7140114,SIM-SPH,7140114,Quản lý giáo dục,7140114,su_pham,standard,,C03;D01;X01,C03,"Sư phạm: không nhận thí sinh bị dị hình, dị tật, nói ngọng, nói lắp; điểm sàn của Bộ",https://diemthi.vnexpress.net/tra-cuu-dai-hoc/loadbenchmark/id/423/year/2026/sortby/1/block_name/-1
SIM-SPH:7140202,SIM-SPH,7140202,Giáo dục Tiểu học,7140202,su_pham,standard,,D01,D01,"Sư phạm: không nhận thí sinh bị dị hình, dị tật, nói ngọng, nói lắp; điểm sàn của Bộ",https://diemthi.vnexpress.net/tra-cuu-dai-hoc/loadbenchmark/id/423/year/2026/sortby/1/block_name/-1
SIM-SPH:7140202K,SIM-SPH,7140202K,Giáo dục Tiểu học - Sư phạm tiếng Anh,7140202,su_pham,standard,,D01,D01,"Học bằng tiếng Anh (thường cần trình độ tiếng Anh tốt, có thể yêu cầu IELTS/chứng chỉ khi nhập học) | Sư phạm: không nhận thí sinh bị dị hình, dị tật, nói ngọng, nói lắp; điểm sàn của Bộ",https://diemthi.vnexpress.net/tra-cuu-dai-hoc/loadbenchmark/id/423/year/2026/sortby/1/block_name/-1
SIM-SPH:7140203,SIM-SPH,7140203,Giáo dục Đặc biệt,7140203,su_pham,standard,,C00;D01,C00,"Sư phạm: không nhận thí sinh bị dị hình, dị tật, nói ngọng, nói lắp; điểm sàn của Bộ",https://diemthi.vnexpress.net/tra-cuu-dai-hoc/loadbenchmark/id/423/year/2026/sortby/1/block_name/-1
SIM-SPH:7140204,SIM-SPH,7140204,Giáo dục Công dân,7140204,su_pham,standard,,X70;X74;X78,X70,"Sư phạm: không nhận thí sinh bị dị hình, dị tật, nói ngọng, nói lắp; điểm sàn của Bộ",https://diemthi.vnexpress.net/tra-cuu-dai-hoc/loadbenchmark/id/423/year/2026/sortby/1/block_name/-1
SIM-SPH:7140205,SIM-SPH,7140205,Giáo dục Chính trị,7140205,su_pham,standard,,X70;X74;X78,X70,"Sư phạm: không nhận thí sinh bị dị hình, dị tật, nói ngọng, nói lắp; điểm sàn của Bộ",https://diemthi.vnexpress.net/tra-cuu-dai-hoc/loadbenchmark/id/423/year/2026/sortby/1/block_name/-1
SIM-SPH:7140208,SIM-SPH,7140208,Giáo dục Quốc phòng - An ninh,7140208,su_pham,standard,,C03;C04;C00;D01,C03,"Sư phạm: không nhận thí sinh bị dị hình, dị tật, nói ngọng, nói lắp; điểm sàn của Bộ",https://diemthi.vnexpress.net/tra-cuu-dai-hoc/loadbenchmark/id/423/year/2026/sortby/1/block_name/-1
SIM-SPH:7140209,SIM-SPH,7140209,Sư phạm Toán học,7140209,su_pham,standard,,A00;A01,A00,"Sư phạm: không nhận thí sinh bị dị hình, dị tật, nói ngọng, nói lắp; điểm sàn của Bộ",https://diemthi.vnexpress.net/tra-cuu-dai-hoc/loadbenchmark/id/423/year/2026/sortby/1/block_name/-1
SIM-SPH:7140209K,SIM-SPH,7140209K,Sư phạm Toán học (học bằng tiếng Anh),7140209,su_pham,standard,,A01;D01,A01,"Học bằng tiếng Anh (thường cần trình độ tiếng Anh tốt, có thể yêu cầu IELTS/chứng chỉ khi nhập học) | Sư phạm: không nhận thí sinh bị dị hình, dị tật, nói ngọng, nói lắp; điểm sàn của Bộ",https://diemthi.vnexpress.net/tra-cuu-dai-hoc/loadbenchmark/id/423/year/2026/sortby/1/block_name/-1
SIM-SPH:7140210,SIM-SPH,7140210,Sư phạm Tin học (Chuyên ngành Tin học – Công nghệ Tiểu học),7140210,su_pham,standard,,A01;X06;A00,A01,"Sư phạm: không nhận thí sinh bị dị hình, dị tật, nói ngọng, nói lắp; điểm sàn của Bộ",https://diemthi.vnexpress.net/tra-cuu-dai-hoc/loadbenchmark/id/423/year/2026/sortby/1/block_name/-1
SIM-SPH:7140210K,SIM-SPH,7140210K,Sư phạm Tin học (dạy bằng Tiếng Anh),7140210,su_pham,standard,,A01;X06,A01,"Học bằng tiếng Anh (thường cần trình độ tiếng Anh tốt, có thể yêu cầu IELTS/chứng chỉ khi nhập học) | Sư phạm: không nhận thí sinh bị dị hình, dị tật, nói ngọng, nói lắp; điểm sàn của Bộ",https://diemthi.vnexpress.net/tra-cuu-dai-hoc/loadbenchmark/id/423/year/2026/sortby/1/block_name/-1
SIM-SPH:7140211,SIM-SPH,7140211,Sư phạm Vật lý,7140211,su_pham,standard,,A00;A01,A00,"Sư phạm: không nhận thí sinh bị dị hình, dị tật, nói ngọng, nói lắp; điểm sàn của Bộ",https://diemthi.vnexpress.net/tra-cuu-dai-hoc/loadbenchmark/id/423/year/2026/sortby/1/block_name/-1
SIM-SPH:7140211K,SIM-SPH,7140211K,Sư phạm Vật lí (học bằng tiếng Anh),7140211,su_pham,standard,,A00;A01,A00,"Học bằng tiếng Anh (thường cần trình độ tiếng Anh tốt, có thể yêu cầu IELTS/chứng chỉ khi nhập học) | Sư phạm: không nhận thí sinh bị dị hình, dị tật, nói ngọng, nói lắp; điểm sàn của Bộ",https://diemthi.vnexpress.net/tra-cuu-dai-hoc/loadbenchmark/id/423/year/2026/sortby/1/block_name/-1
SIM-SPH:7140212,SIM-SPH,7140212,Sư phạm Hóa học,7140212,su_pham,standard,,A00;B00,A00,"Sư phạm: không nhận thí sinh bị dị hình, dị tật, nói ngọng, nói lắp; điểm sàn của Bộ",https://diemthi.vnexpress.net/tra-cuu-dai-hoc/loadbenchmark/id/423/year/2026/sortby/1/block_name/-1
SIM-SPH:7140212K,SIM-SPH,7140212K,Sư phạm Hóa học (học bằng tiếng Anh),7140212,su_pham,standard,,D07,D07,"Học bằng tiếng Anh (thường cần trình độ tiếng Anh tốt, có thể yêu cầu IELTS/chứng chỉ khi nhập học) | Sư phạm: không nhận thí sinh bị dị hình, dị tật, nói ngọng, nói lắp; điểm sàn của Bộ",https://diemthi.vnexpress.net/tra-cuu-dai-hoc/loadbenchmark/id/423/year/2026/sortby/1/block_name/-1
SIM-SPH:7140213,SIM-SPH,7140213,Sư phạm Sinh học,7140213,su_pham,standard,,B00;D08;B08,B00,"Sư phạm: không nhận thí sinh bị dị hình, dị tật, nói ngọng, nói lắp; điểm sàn của Bộ",https://diemthi.vnexpress.net/tra-cuu-dai-hoc/loadbenchmark/id/423/year/2026/sortby/1/block_name/-1
SIM-SPH:7140217,SIM-SPH,7140217,Sư phạm Ngữ văn,7140217,su_pham,standard,,C00;D01,C00,"Sư phạm: không nhận thí sinh bị dị hình, dị tật, nói ngọng, nói lắp; điểm sàn của Bộ",https://diemthi.vnexpress.net/tra-cuu-dai-hoc/loadbenchmark/id/423/year/2026/sortby/1/block_name/-1
SIM-SPH:7140218,SIM-SPH,7140218,Sư phạm Lịch sử,7140218,su_pham,standard,,C00;D14,C00,"Sư phạm: không nhận thí sinh bị dị hình, dị tật, nói ngọng, nói lắp; điểm sàn của Bộ",https://diemthi.vnexpress.net/tra-cuu-dai-hoc/loadbenchmark/id/423/year/2026/sortby/1/block_name/-1
SIM-SPH:7140219,SIM-SPH,7140219,Sư phạm Địa lý,7140219,su_pham,standard,,C00;C04,C00,"Sư phạm: không nhận thí sinh bị dị hình, dị tật, nói ngọng, nói lắp; điểm sàn của Bộ",https://diemthi.vnexpress.net/tra-cuu-dai-hoc/loadbenchmark/id/423/year/2026/sortby/1/block_name/-1
SIM-SPH:7140231,SIM-SPH,7140231,Sư phạm Tiếng Anh,7140231,su_pham,standard,,D01,D01,"Học bằng tiếng Anh (thường cần trình độ tiếng Anh tốt, có thể yêu cầu IELTS/chứng chỉ khi nhập học) | Sư phạm: không nhận thí sinh bị dị hình, dị tật, nói ngọng, nói lắp; điểm sàn của Bộ",https://diemthi.vnexpress.net/tra-cuu-dai-hoc/loadbenchmark/id/423/year/2026/sortby/1/block_name/-1
SIM-SPH:7140233,SIM-SPH,7140233,Sư phạm Tiếng Pháp,7140233,su_pham,standard,,D01;D03,D01,"Sư phạm: không nhận thí sinh bị dị hình, dị tật, nói ngọng, nói lắp; điểm sàn của Bộ",https://diemthi.vnexpress.net/tra-cuu-dai-hoc/loadbenchmark/id/423/year/2026/sortby/1/block_name/-1
SIM-SPH:7140246,SIM-SPH,7140246,Sư phạm công nghệ,7140246,su_pham,standard,,A00;A01;X07;X08,A00,"Sư phạm: không nhận thí sinh bị dị hình, dị tật, nói ngọng, nói lắp; điểm sàn của Bộ",https://diemthi.vnexpress.net/tra-cuu-dai-hoc/loadbenchmark/id/423/year/2026/sortby/1/block_name/-1
SIM-SPH:7140247,SIM-SPH,7140247,Sư phạm khoa học tự nhiên,7140247,su_pham,standard,,A00;B00,A00,"Sư phạm: không nhận thí sinh bị dị hình, dị tật, nói ngọng, nói lắp; điểm sàn của Bộ",https://diemthi.vnexpress.net/tra-cuu-dai-hoc/loadbenchmark/id/423/year/2026/sortby/1/block_name/-1
SIM-SPH:7140249,SIM-SPH,7140249,Sư phạm Lịch sử - Địa lý,7140249,su_pham,standard,,C00,C00,"Sư phạm: không nhận thí sinh bị dị hình, dị tật, nói ngọng, nói lắp; điểm sàn của Bộ",https://diemthi.vnexpress.net/tra-cuu-dai-hoc/loadbenchmark/id/423/year/2026/sortby/1/block_name/-1
SIM-SPH:7220101,SIM-SPH,7220101,Tiếng Việt và Văn hóa Việt Nam,7220101,ngon_ngu,standard,,C00;D14,C00,,https://diemthi.vnexpress.net/tra-cuu-dai-hoc/loadbenchmark/id/423/year/2026/sortby/1/block_name/-1
SIM-SPH:7220201,SIM-SPH,7220201,Ngôn ngữ Anh,7220201,ngon_ngu,standard,,D01,D01,,https://diemthi.vnexpress.net/tra-cuu-dai-hoc/loadbenchmark/id/423/year/2026/sortby/1/block_name/-1
SIM-SPH:7220203,SIM-SPH,7220203,Ngôn ngữ Pháp,7220203,ngon_ngu,standard,,D01;D03,D01,,https://diemthi.vnexpress.net/tra-cuu-dai-hoc/loadbenchmark/id/423/year/2026/sortby/1/block_name/-1
SIM-SPH:7220204,SIM-SPH,7220204,Ngôn ngữ Trung Quốc,7220204,ngon_ngu,standard,,D01;D04,D01,,https://diemthi.vnexpress.net/tra-cuu-dai-hoc/loadbenchmark/id/423/year/2026/sortby/1/block_name/-1
SIM-SPH:7229001,SIM-SPH,7229001,Triết học,7229001,xa_hoi,standard,,C00;D14;X70,C00,,https://diemthi.vnexpress.net/tra-cuu-dai-hoc/loadbenchmark/id/423/year/2026/sortby/1/block_name/-1
SIM-SPH:7229010,SIM-SPH,7229010,Lịch sử,7229010,xa_hoi,standard,,C00;C03;D14,C00,,https://diemthi.vnexpress.net/tra-cuu-dai-hoc/loadbenchmark/id/423/year/2026/sortby/1/block_name/-1
SIM-SPH:7229030,SIM-SPH,7229030,Văn học,7229030,xa_hoi,standard,,C00;D01,C00,,https://diemthi.vnexpress.net/tra-cuu-dai-hoc/loadbenchmark/id/423/year/2026/sortby/1/block_name/-1
SIM-SPH:7310201,SIM-SPH,7310201,Chính trị học,7310201,xa_hoi,standard,,X70;X74;X78,X70,,https://diemthi.vnexpress.net/tra-cuu-dai-hoc/loadbenchmark/id/423/year/2026/sortby/1/block_name/-1
SIM-SPH:7310301,SIM-SPH,7310301,Xã hội học,7310301,xa_hoi,standard,,C00;D14;X70,C00,,https://diemthi.vnexpress.net/tra-cuu-dai-hoc/loadbenchmark/id/423/year/2026/sortby/1/block_name/-1
SIM-SPH:7310401,SIM-SPH,7310401,Tâm lý học,7310401,xa_hoi,standard,,C00;D01;D14;D15,C00,,https://diemthi.vnexpress.net/tra-cuu-dai-hoc/loadbenchmark/id/423/year/2026/sortby/1/block_name/-1
SIM-SPH:7310403,SIM-SPH,7310403,Tâm lý học giáo dục,7310403,su_pham,standard,,C00;D01;D14;D15,C00,"Sư phạm: không nhận thí sinh bị dị hình, dị tật, nói ngọng, nói lắp; điểm sàn của Bộ",https://diemthi.vnexpress.net/tra-cuu-dai-hoc/loadbenchmark/id/423/year/2026/sortby/1/block_name/-1
SIM-SPH:7310501,SIM-SPH,7310501,Địa lý học,7310501,xa_hoi,standard,,C04;C00;X74,C04,,https://diemthi.vnexpress.net/tra-cuu-dai-hoc/loadbenchmark/id/423/year/2026/sortby/1/block_name/-1
SIM-SPH:7310601,SIM-SPH,7310601,Quốc tế học,7310601,ngon_ngu,international,,D14;C00;C03,D14,"Học bằng tiếng Anh (thường cần trình độ tiếng Anh tốt, có thể yêu cầu IELTS/chứng chỉ khi nhập học) | Chương trình liên kết/quốc tế: học phí cao hơn chương trình chuẩn",https://diemthi.vnexpress.net/tra-cuu-dai-hoc/loadbenchmark/id/423/year/2026/sortby/1/block_name/-1
SIM-SPH:7310630,SIM-SPH,7310630,Việt Nam học,7310630,ngon_ngu,standard,,D14;C00;X70;D01,D14,,https://diemthi.vnexpress.net/tra-cuu-dai-hoc/loadbenchmark/id/423/year/2026/sortby/1/block_name/-1
SIM-SPH:7420101,SIM-SPH,7420101,Sinh hoc,7420101,sinh_hoa,standard,,B02;B00;B08;X16,B00,,https://diemthi.vnexpress.net/tra-cuu-dai-hoc/loadbenchmark/id/423/year/2026/sortby/1/block_name/-1
SIM-SPH:7420201,SIM-SPH,7420201,Công nghệ sinh học,7420201,sinh_hoa,standard,,A02;B00;B08;X16,A02,,https://diemthi.vnexpress.net/tra-cuu-dai-hoc/loadbenchmark/id/423/year/2026/sortby/1/block_name/-1
SIM-SPH:7440102,SIM-SPH,7440102,Vật lý học,7440102,khoa_hoc_tn,standard,,A00;A01;X06,A00,,https://diemthi.vnexpress.net/tra-cuu-dai-hoc/loadbenchmark/id/423/year/2026/sortby/1/block_name/-1
SIM-SPH:7440112,SIM-SPH,7440112,Hóa học,7440112,sinh_hoa,standard,,A00;B00;D07,A00,,https://diemthi.vnexpress.net/tra-cuu-dai-hoc/loadbenchmark/id/423/year/2026/sortby/1/block_name/-1
SIM-SPH:7440112D,SIM-SPH,7440112D,Hóa học (Hóa dược),7440112,y_duoc,standard,,A00;B00;D07,A00,Khối sức khỏe: có ngưỡng điểm sàn của Bộ,https://diemthi.vnexpress.net/tra-cuu-dai-hoc/loadbenchmark/id/423/year/2026/sortby/1/block_name/-1
SIM-SPH:7460101,SIM-SPH,7460101,Toán học,7460101,khoa_hoc_tn,standard,,A00;A01,A00,,https://diemthi.vnexpress.net/tra-cuu-dai-hoc/loadbenchmark/id/423/year/2026/sortby/1/block_name/-1
SIM-SPH:7460108,SIM-SPH,7460108,Khoa học dữ liệu (Data Science),7460108,cntt,standard,,X06;A01,X06,,https://diemthi.vnexpress.net/tra-cuu-dai-hoc/loadbenchmark/id/423/year/2026/sortby/1/block_name/-1
SIM-SPH:7480107,SIM-SPH,7480107,Trí tuệ nhân tạo,7480107,cntt,standard,,X06;A01,X06,,https://diemthi.vnexpress.net/tra-cuu-dai-hoc/loadbenchmark/id/423/year/2026/sortby/1/block_name/-1
SIM-SPH:7480201,SIM-SPH,7480201,Công nghệ thông tin,7480201,cntt,standard,,A01;X06;A00,A01,,https://diemthi.vnexpress.net/tra-cuu-dai-hoc/loadbenchmark/id/423/year/2026/sortby/1/block_name/-1
SIM-SPH:7760101,SIM-SPH,7760101,Công tác xã hội,7760101,xa_hoi,standard,,C00;D14;X70,C00,,https://diemthi.vnexpress.net/tra-cuu-dai-hoc/loadbenchmark/id/423/year/2026/sortby/1/block_name/-1
SIM-SPH:7760103,SIM-SPH,7760103,Hỗ trợ giáo dục người khuyết tật,7760103,su_pham,standard,,C00;D01,C00,"Sư phạm: không nhận thí sinh bị dị hình, dị tật, nói ngọng, nói lắp; điểm sàn của Bộ",https://diemthi.vnexpress.net/tra-cuu-dai-hoc/loadbenchmark/id/423/year/2026/sortby/1/block_name/-1
SIM-SPH:7810103,SIM-SPH,7810103,Quản trị dịch vụ du lịch và lữ hành,7810103,du_lich,standard,,D14;C00;X70;D01,D14,,https://diemthi.vnexpress.net/tra-cuu-dai-hoc/loadbenchmark/id/423/year/2026/sortby/1/block_name/-1
SIM-SPK:7140231V,SIM-SPK,7140231V,Sư phạm Tiếng Anh,7140231,su_pham,standard,,D01;D09;D10;X26,D01,"Học bằng tiếng Anh (thường cần trình độ tiếng Anh tốt, có thể yêu cầu IELTS/chứng chỉ khi nhập học) | Sư phạm: không nhận thí sinh bị dị hình, dị tật, nói ngọng, nói lắp; điểm sàn của Bộ",https://diemthi.vnexpress.net/tra-cuu-dai-hoc/loadbenchmark/id/290/year/2026/sortby/1/block_name/-1
SIM-SPK:7140246V,SIM-SPK,7140246V,Sư phạm Công nghệ,7140246,su_pham,standard,,A00;A01;C01;X07;X08;D01,A00,"Sư phạm: không nhận thí sinh bị dị hình, dị tật, nói ngọng, nói lắp; điểm sàn của Bộ",https://diemthi.vnexpress.net/tra-cuu-dai-hoc/loadbenchmark/id/290/year/2026/sortby/1/block_name/-1
SIM-SPK:7220201V,SIM-SPK,7220201V,Ngôn ngữ Anh,7220201,ngon_ngu,standard,,D01;D09;D10;X26,D01,,https://diemthi.vnexpress.net/tra-cuu-dai-hoc/loadbenchmark/id/290/year/2026/sortby/1/block_name/-1
SIM-SPK:7310403BP,SIM-SPK,7310403BP,"Tâm lý học giáo dục (đào tạo bằng tiếng Việt, đào tạo nguồn nhân lực cho tỉnh Bình Phước cũ)",7310403,su_pham,standard,,C00;X70;D14;X74;D01;X78,C00,"Sư phạm: không nhận thí sinh bị dị hình, dị tật, nói ngọng, nói lắp; điểm sàn của Bộ",https://diemthi.vnexpress.net/tra-cuu-dai-hoc/loadbenchmark/id/290/year/2026/sortby/1/block_name/-1
SIM-SPK:7310403V,SIM-SPK,7310403V,Tâm lý học giáo dục,7310403,su_pham,standard,,C00;X70;D14;X74;D01;X78,C00,"Sư phạm: không nhận thí sinh bị dị hình, dị tật, nói ngọng, nói lắp; điểm sàn của Bộ",https://diemthi.vnexpress.net/tra-cuu-dai-hoc/loadbenchmark/id/290/year/2026/sortby/1/block_name/-1
SIM-SPK:7320106V,SIM-SPK,7320106V,Công nghệ truyền thông (Truyền thông số và Công nghệ đa phương tiện),7320106,bao_chi,standard,,C03;X02;D01;X26,C03,,https://diemthi.vnexpress.net/tra-cuu-dai-hoc/loadbenchmark/id/290/year/2026/sortby/1/block_name/-1
SIM-SPK:7340101V,SIM-SPK,7340101V,Quản trị kinh doanh,7340101,kinh_te,standard,,A00;A01;C01;D01,A00,,https://diemthi.vnexpress.net/tra-cuu-dai-hoc/loadbenchmark/id/290/year/2026/sortby/1/block_name/-1
SIM-SPK:7340120A,SIM-SPK,7340120A,Kinh doanh quốc tế,7340120,kinh_te,international,,A00;A01;C01;D01,A00,"Học bằng tiếng Anh (thường cần trình độ tiếng Anh tốt, có thể yêu cầu IELTS/chứng chỉ khi nhập học) | Chương trình liên kết/quốc tế: học phí cao hơn chương trình chuẩn",https://diemthi.vnexpress.net/tra-cuu-dai-hoc/loadbenchmark/id/290/year/2026/sortby/1/block_name/-1
SIM-SPK:7340120V,SIM-SPK,7340120V,Kinh doanh quốc tế,7340120,kinh_te,international,,A00;A01;C01;D01,A00,"Học bằng tiếng Anh (thường cần trình độ tiếng Anh tốt, có thể yêu cầu IELTS/chứng chỉ khi nhập học) | Chương trình liên kết/quốc tế: học phí cao hơn chương trình chuẩn",https://diemthi.vnexpress.net/tra-cuu-dai-hoc/loadbenchmark/id/290/year/2026/sortby/1/block_name/-1
SIM-SPK:7340122A,SIM-SPK,7340122A,Thương mại điện tử (đào tạo bằng tiếng Anh),7340122,ngon_ngu,standard,,A00;A01;C01;D01,A00,"Học bằng tiếng Anh (thường cần trình độ tiếng Anh tốt, có thể yêu cầu IELTS/chứng chỉ khi nhập học)",https://diemthi.vnexpress.net/tra-cuu-dai-hoc/loadbenchmark/id/290/year/2026/sortby/1/block_name/-1
SIM-SPK:7340122V,SIM-SPK,7340122V,Thương mại điện tử,7340122,kinh_te,standard,,A00;A01;C01;D01,A00,,https://diemthi.vnexpress.net/tra-cuu-dai-hoc/loadbenchmark/id/290/year/2026/sortby/1/block_name/-1
SIM-SPK:7340205V,SIM-SPK,7340205V,Công nghệ tài chính,7340205,tai_chinh,standard,,A00;A01;C01;D01,A00,,https://diemthi.vnexpress.net/tra-cuu-dai-hoc/loadbenchmark/id/290/year/2026/sortby/1/block_name/-1
SIM-SPK:7340301V,SIM-SPK,7340301V,Kế toán,7340301,tai_chinh,standard,,A00;A01;C01;D01,A00,,https://diemthi.vnexpress.net/tra-cuu-dai-hoc/loadbenchmark/id/290/year/2026/sortby/1/block_name/-1
SIM-SPK:7380101V,SIM-SPK,7380101V,Luật,7380101,luat,standard,,C00;X70;D14;D01;X74;X78;A00;A01,C00,,https://diemthi.vnexpress.net/tra-cuu-dai-hoc/loadbenchmark/id/290/year/2026/sortby/1/block_name/-1
SIM-SPK:7480108A,SIM-SPK,7480108A,Công nghệ kỹ thuật máy tinh (hệ ('hất lượng cao ticng Anh),7480108,cntt,standard,,A00;A01;C01;D01,A00,,https://diemthi.vnexpress.net/tra-cuu-dai-hoc/loadbenchmark/id/290/year/2026/sortby/1/block_name/-1
SIM-SPK:7480108V,SIM-SPK,7480108V,Công nghệ kỹ thuật máy tính,7480108,cntt,standard,,A00;A01;C01;D01,A00,,https://diemthi.vnexpress.net/tra-cuu-dai-hoc/loadbenchmark/id/290/year/2026/sortby/1/block_name/-1
SIM-SPK:7480118V,SIM-SPK,7480118V,Hệ thống những và IoT,7480118,cntt,standard,,A00;A01;C01;D01,A00,,https://diemthi.vnexpress.net/tra-cuu-dai-hoc/loadbenchmark/id/290/year/2026/sortby/1/block_name/-1
SIM-SPK:7480201A,SIM-SPK,7480201A,Công nghệ thông tin,7480201,cntt,standard,,A00;A01;C01;D01;X06,A00,,https://diemthi.vnexpress.net/tra-cuu-dai-hoc/loadbenchmark/id/290/year/2026/sortby/1/block_name/-1
SIM-SPK:7480201N,SIM-SPK,7480201N,Công nghệ thông tin,7480201,cntt,standard,,A00;A01;C01;D01;X06,A00,,https://diemthi.vnexpress.net/tra-cuu-dai-hoc/loadbenchmark/id/290/year/2026/sortby/1/block_name/-1
SIM-SPK:7480201V,SIM-SPK,7480201V,Công nghệ thông tin,7480201,cntt,standard,,A00;A01;C01;D01;X06,A00,,https://diemthi.vnexpress.net/tra-cuu-dai-hoc/loadbenchmark/id/290/year/2026/sortby/1/block_name/-1
SIM-SPK:7480202V,SIM-SPK,7480202V,An toàn thông tin,7480202,cntt,standard,,A00;A01;C01;D01;X06,A00,,https://diemthi.vnexpress.net/tra-cuu-dai-hoc/loadbenchmark/id/290/year/2026/sortby/1/block_name/-1
SIM-SPK:7480203A,SIM-SPK,7480203A,Kỹ thuật dữ liệu (đào tạo bằng tiếng Anh),7480203,cntt,standard,,A00;A01;C01;D01;X06,A00,"Học bằng tiếng Anh (thường cần trình độ tiếng Anh tốt, có thể yêu cầu IELTS/chứng chỉ khi nhập học)",https://diemthi.vnexpress.net/tra-cuu-dai-hoc/loadbenchmark/id/290/year/2026/sortby/1/block_name/-1
SIM-SPK:7480203V,SIM-SPK,7480203V,Kỹ thuật dữ liệu,7480203,cntt,standard,,A00;A01;C01;D01;X06,A00,,https://diemthi.vnexpress.net/tra-cuu-dai-hoc/loadbenchmark/id/290/year/2026/sortby/1/block_name/-1
SIM-SPK:7510102A,SIM-SPK,7510102A,Cóng nghệ kỹ thuật công trình xây dựng (hệ Chất lượng cao tiếng Anh),7510102,ngon_ngu,high_quality,,A00;A01;C01;D01,A00,"Học bằng tiếng Anh (thường cần trình độ tiếng Anh tốt, có thể yêu cầu IELTS/chứng chỉ khi nhập học)",https://diemthi.vnexpress.net/tra-cuu-dai-hoc/loadbenchmark/id/290/year/2026/sortby/1/block_name/-1
SIM-SPK:7510102V,SIM-SPK,7510102V,Công nghệ kỹ thuật công trình xây dựng,7510102,xay_dung,standard,,A00;A01;C01;D01,A00,,https://diemthi.vnexpress.net/tra-cuu-dai-hoc/loadbenchmark/id/290/year/2026/sortby/1/block_name/-1
SIM-SPK:7510106V,SIM-SPK,7510106V,Hệ thống kỹ thuật công trình xây dựng,7510106,xay_dung,standard,,A00;A01;C01;D01,A00,,https://diemthi.vnexpress.net/tra-cuu-dai-hoc/loadbenchmark/id/290/year/2026/sortby/1/block_name/-1
SIM-SPK:7510201A,SIM-SPK,7510201A,Công nghệ kỳ thuật cơ khi (hệ Chát lượng cao tiếng Anh),7510201,ngon_ngu,high_quality,,A00;A01;C01;D01,A00,"Học bằng tiếng Anh (thường cần trình độ tiếng Anh tốt, có thể yêu cầu IELTS/chứng chỉ khi nhập học)",https://diemthi.vnexpress.net/tra-cuu-dai-hoc/loadbenchmark/id/290/year/2026/sortby/1/block_name/-1
SIM-SPK:7510201TA,SIM-SPK,7510201TA,Công nghệ kỹ thuật cơ khí (CTĐT bằng Tiếng Anh),7510201,ngon_ngu,standard,,A00;A01;C01;D01,A00,"Học bằng tiếng Anh (thường cần trình độ tiếng Anh tốt, có thể yêu cầu IELTS/chứng chỉ khi nhập học)",https://diemthi.vnexpress.net/tra-cuu-dai-hoc/loadbenchmark/id/290/year/2026/sortby/1/block_name/-1
SIM-SPK:7510201V,SIM-SPK,7510201V,Công nghệ kỹ thuật cơ khí,7510201,ky_thuat,standard,,A00;A01;C01;D01,A00,,https://diemthi.vnexpress.net/tra-cuu-dai-hoc/loadbenchmark/id/290/year/2026/sortby/1/block_name/-1
SIM-SPK:7510202A,SIM-SPK,7510202A,Công nghệ chc tạo máy (hệ Chắt lượng cao tiếng Anh),7510202,ngon_ngu,high_quality,,A00;A01;C01;D01,A00,"Học bằng tiếng Anh (thường cần trình độ tiếng Anh tốt, có thể yêu cầu IELTS/chứng chỉ khi nhập học)",https://diemthi.vnexpress.net/tra-cuu-dai-hoc/loadbenchmark/id/290/year/2026/sortby/1/block_name/-1
SIM-SPK:7510202N,SIM-SPK,7510202N,Công nghệ chế tạo máy (Việt - Nhật),7510202,ky_thuat,standard,,A00;A01;C01;D01,A00,,https://diemthi.vnexpress.net/tra-cuu-dai-hoc/loadbenchmark/id/290/year/2026/sortby/1/block_name/-1
SIM-SPK:7510202V,SIM-SPK,7510202V,Công nghệ chế tạo máy,7510202,ky_thuat,standard,,A00;A01;C01;D01,A00,,https://diemthi.vnexpress.net/tra-cuu-dai-hoc/loadbenchmark/id/290/year/2026/sortby/1/block_name/-1
SIM-SPK:7510203A,SIM-SPK,7510203A,Công nghệ kỹ thuật cơ điện tử (hệ chất lượng cao tiếng Anh),7510203,ngon_ngu,high_quality,,A00;A01;C01;D01,A00,"Học bằng tiếng Anh (thường cần trình độ tiếng Anh tốt, có thể yêu cầu IELTS/chứng chỉ khi nhập học)",https://diemthi.vnexpress.net/tra-cuu-dai-hoc/loadbenchmark/id/290/year/2026/sortby/1/block_name/-1
SIM-SPK:7510203V,SIM-SPK,7510203V,Công nghệ kỹ thuật cơ điện tử,7510203,ky_thuat,standard,,A00;A01;C01;D01,A00,,https://diemthi.vnexpress.net/tra-cuu-dai-hoc/loadbenchmark/id/290/year/2026/sortby/1/block_name/-1
SIM-SPK:7510205A,SIM-SPK,7510205A,Công nghệ kỳ thuật ỏ tô (hệ Chat lượng cao ticng Anh),7510205,ky_thuat,high_quality,,A00;A01;C01;D01,A00,,https://diemthi.vnexpress.net/tra-cuu-dai-hoc/loadbenchmark/id/290/year/2026/sortby/1/block_name/-1
SIM-SPK:7510205N,SIM-SPK,7510205N,Công nghệ kỹ thuật ô tô,7510205,ky_thuat,standard,,A00;A01;C01;D01,A00,,https://diemthi.vnexpress.net/tra-cuu-dai-hoc/loadbenchmark/id/290/year/2026/sortby/1/block_name/-1
SIM-SPK:7510205V,SIM-SPK,7510205V,Công nghệ kỹ thuật ô tô,7510205,ky_thuat,standard,,A00;A01;C01;D01,A00,,https://diemthi.vnexpress.net/tra-cuu-dai-hoc/loadbenchmark/id/290/year/2026/sortby/1/block_name/-1
SIM-SPK:7510206A,SIM-SPK,7510206A,Công nghệ kỹ thuật nhiệt (hệ Chắt lượng cao tiếng Anh),7510206,ngon_ngu,high_quality,,A00;A01;C01;D01,A00,"Học bằng tiếng Anh (thường cần trình độ tiếng Anh tốt, có thể yêu cầu IELTS/chứng chỉ khi nhập học)",https://diemthi.vnexpress.net/tra-cuu-dai-hoc/loadbenchmark/id/290/year/2026/sortby/1/block_name/-1
SIM-SPK:7510206V,SIM-SPK,7510206V,Công nghệ kỹ thuật nhiệt,7510206,ky_thuat,standard,,A00;A01;C01;D01,A00,,https://diemthi.vnexpress.net/tra-cuu-dai-hoc/loadbenchmark/id/290/year/2026/sortby/1/block_name/-1
SIM-SPK:7510208V,SIM-SPK,7510208V,Năng lượng tái tạo,7510208,ky_thuat,standard,,A00;A01;C01;D01,A00,,https://diemthi.vnexpress.net/tra-cuu-dai-hoc/loadbenchmark/id/290/year/2026/sortby/1/block_name/-1
SIM-SPK:7510209V,SIM-SPK,7510209V,Robot và trí tuệ nhân tạo,7510209,cntt,standard,,A00;A01;C01;D01,A00,,https://diemthi.vnexpress.net/tra-cuu-dai-hoc/loadbenchmark/id/290/year/2026/sortby/1/block_name/-1
SIM-SPK:7510301A,SIM-SPK,7510301A,Công nghệ kỹ thuật điện - Điện tử (hệ Chất lượng cao tiếng Anh),7510301,ngon_ngu,high_quality,,A00;A01;C01;D01,A00,"Học bằng tiếng Anh (thường cần trình độ tiếng Anh tốt, có thể yêu cầu IELTS/chứng chỉ khi nhập học)",https://diemthi.vnexpress.net/tra-cuu-dai-hoc/loadbenchmark/id/290/year/2026/sortby/1/block_name/-1
SIM-SPK:7510301V,SIM-SPK,7510301V,"Công nghệ kỹ thuật điện, điện tử",7510301,ky_thuat,standard,,A00;A01;C01;D01,A00,,https://diemthi.vnexpress.net/tra-cuu-dai-hoc/loadbenchmark/id/290/year/2026/sortby/1/block_name/-1
SIM-SPK:7510302A,SIM-SPK,7510302A,Công nghệ kỷ thuật Diện từ - Viễn thông (hệ Chất lưựng cao tiếng Anh),7510302,ngon_ngu,standard,,A00;A01;C01;D01,A00,"Học bằng tiếng Anh (thường cần trình độ tiếng Anh tốt, có thể yêu cầu IELTS/chứng chỉ khi nhập học)",https://diemthi.vnexpress.net/tra-cuu-dai-hoc/loadbenchmark/id/290/year/2026/sortby/1/block_name/-1
SIM-SPK:7510302N,SIM-SPK,7510302N,"Công nghệ kỹ thuật điện tử, viễn thông (Việt - Nhật)",7510302,ky_thuat,standard,,A00;A01;C01;D01,A00,,https://diemthi.vnexpress.net/tra-cuu-dai-hoc/loadbenchmark/id/290/year/2026/sortby/1/block_name/-1
SIM-SPK:7510302V,SIM-SPK,7510302V,Công nghệ điện tử - viễn thông,7510302,ky_thuat,standard,,A00;A01;C01;D01,A00,,https://diemthi.vnexpress.net/tra-cuu-dai-hoc/loadbenchmark/id/290/year/2026/sortby/1/block_name/-1
SIM-SPK:7510302VM,SIM-SPK,7510302VM,Kỹ thuật thiết kế vi mạch (thuộc ngành CNKT Điện tử - viễn thông),7510302,cntt,standard,,A00;A01;C01,A00,,https://diemthi.vnexpress.net/tra-cuu-dai-hoc/loadbenchmark/id/290/year/2026/sortby/1/block_name/-1
SIM-SPK:7510303A,SIM-SPK,7510303A,Công nghệ kỹ thuật điều khiển và tự động hoá (hệ chất lượng cao tiếng Anh),7510303,ngon_ngu,high_quality,,A00;A01;C01;D01,A00,"Học bằng tiếng Anh (thường cần trình độ tiếng Anh tốt, có thể yêu cầu IELTS/chứng chỉ khi nhập học)",https://diemthi.vnexpress.net/tra-cuu-dai-hoc/loadbenchmark/id/290/year/2026/sortby/1/block_name/-1
SIM-SPK:7510303V,SIM-SPK,7510303V,Công nghệ kỹ thuật điều khiển và tự động hóa,7510303,ky_thuat,standard,,A00;A01;C01;D01,A00,,https://diemthi.vnexpress.net/tra-cuu-dai-hoc/loadbenchmark/id/290/year/2026/sortby/1/block_name/-1
SIM-SPK:7510401A,SIM-SPK,7510401A,Công nghệ Kỹ thuật hóa học (hệ chất lượng cao tiếng Anh),7510401,ngon_ngu,high_quality,,A00;D07;B00;C02,A00,"Học bằng tiếng Anh (thường cần trình độ tiếng Anh tốt, có thể yêu cầu IELTS/chứng chỉ khi nhập học)",https://diemthi.vnexpress.net/tra-cuu-dai-hoc/loadbenchmark/id/290/year/2026/sortby/1/block_name/-1
SIM-SPK:7510401V,SIM-SPK,7510401V,Công nghệ kỹ thuật hóa học,7510401,sinh_hoa,standard,,A00;B00;C02;D07,A00,,https://diemthi.vnexpress.net/tra-cuu-dai-hoc/loadbenchmark/id/290/year/2026/sortby/1/block_name/-1
SIM-SPK:7510402A,SIM-SPK,7510402A,Công nghệ vật liệu (hệ chất lượng cao tiếng Anh),7510402,ngon_ngu,high_quality,,A00;B00;A02;A01;D07,A00,"Học bằng tiếng Anh (thường cần trình độ tiếng Anh tốt, có thể yêu cầu IELTS/chứng chỉ khi nhập học)",https://diemthi.vnexpress.net/tra-cuu-dai-hoc/loadbenchmark/id/290/year/2026/sortby/1/block_name/-1
SIM-SPK:7510402V,SIM-SPK,7510402V,Công nghệ vật liệu,7510402,ky_thuat,standard,,A00;B00;A01;A02;D07,A00,,https://diemthi.vnexpress.net/tra-cuu-dai-hoc/loadbenchmark/id/290/year/2026/sortby/1/block_name/-1
SIM-SPK:7510406A,SIM-SPK,7510406A,Công nghệ kĩ thuật môi trường,7510406,nong_lam_mt,standard,,A00;D07;B00;C02,A00,,https://diemthi.vnexpress.net/tra-cuu-dai-hoc/loadbenchmark/id/290/year/2026/sortby/1/block_name/-1
SIM-SPK:7510406V,SIM-SPK,7510406V,Công nghệ kỹ thuật môi trường,7510406,nong_lam_mt,standard,,A00;B00;C02;D07,A00,,https://diemthi.vnexpress.net/tra-cuu-dai-hoc/loadbenchmark/id/290/year/2026/sortby/1/block_name/-1
SIM-SPK:7510601A,SIM-SPK,7510601A,Quản lý Công nghiệp (hệ Chất lượng cao tiếng Anh),7510601,ngon_ngu,high_quality,,A00;A01;C01;D01,A00,"Học bằng tiếng Anh (thường cần trình độ tiếng Anh tốt, có thể yêu cầu IELTS/chứng chỉ khi nhập học)",https://diemthi.vnexpress.net/tra-cuu-dai-hoc/loadbenchmark/id/290/year/2026/sortby/1/block_name/-1
SIM-SPK:7510601BP,SIM-SPK,7510601BP,Quản lý công nghiệp (phân hiệu Bình Phước),7510601,xa_hoi,standard,Bình Phước,A00;A01;C01;D01,A00,Học tại Bình Phước,https://diemthi.vnexpress.net/tra-cuu-dai-hoc/loadbenchmark/id/290/year/2026/sortby/1/block_name/-1
SIM-SPK:7510601V,SIM-SPK,7510601V,Quản lý công nghiệp,7510601,xa_hoi,standard,,A00;A01;C01;D01,A00,,https://diemthi.vnexpress.net/tra-cuu-dai-hoc/loadbenchmark/id/290/year/2026/sortby/1/block_name/-1
SIM-SPK:7510605BP,SIM-SPK,7510605BP,Logistics và quản lý chuỗi cung ứng (phân hiệu Bình Phước),7510605,du_lich,standard,Bình Phước,A00;A01;C01;D01,A00,Học tại Bình Phước,https://diemthi.vnexpress.net/tra-cuu-dai-hoc/loadbenchmark/id/290/year/2026/sortby/1/block_name/-1
SIM-SPK:7510605V,SIM-SPK,7510605V,Logistics và quản lý chuỗi cung ứng,7510605,du_lich,standard,,A00;A01;C01;D01,A00,,https://diemthi.vnexpress.net/tra-cuu-dai-hoc/loadbenchmark/id/290/year/2026/sortby/1/block_name/-1
SIM-SPK:7510801V,SIM-SPK,7510801V,Công nghệ kỹ thuật in,7510801,ky_thuat,standard,,A00;A01;C01;D07;D01,A00,,https://diemthi.vnexpress.net/tra-cuu-dai-hoc/loadbenchmark/id/290/year/2026/sortby/1/block_name/-1
SIM-SPK:7520117V,SIM-SPK,7520117V,Kỹ thuật công nghiệp,7520117,ky_thuat,standard,,A00;A01;C01;D01,A00,,https://diemthi.vnexpress.net/tra-cuu-dai-hoc/loadbenchmark/id/290/year/2026/sortby/1/block_name/-1
SIM-SPK:7520212A,SIM-SPK,7520212A,Kỹ thuật Y sinh (hệ chất lượng cao tiếng Anh),7520212,y_duoc,high_quality,,A00;A01;C01;D01,A00,"Học bằng tiếng Anh (thường cần trình độ tiếng Anh tốt, có thể yêu cầu IELTS/chứng chỉ khi nhập học) | Khối sức khỏe: có ngưỡng điểm sàn của Bộ",https://diemthi.vnexpress.net/tra-cuu-dai-hoc/loadbenchmark/id/290/year/2026/sortby/1/block_name/-1
SIM-SPK:7520212V,SIM-SPK,7520212V,Kỹ thuật y sinh,7520212,y_duoc,standard,,A00;A01;C01;D01,A00,Khối sức khỏe: có ngưỡng điểm sàn của Bộ,https://diemthi.vnexpress.net/tra-cuu-dai-hoc/loadbenchmark/id/290/year/2026/sortby/1/block_name/-1
SIM-SPK:7520401V,SIM-SPK,7520401V,"Vật lý kỹ thuật (định hướng công nghệ bán dẫn và cảm biến, đo lường)",7520401,cntt,standard,,A00;A01;A02;X06,A00,,https://diemthi.vnexpress.net/tra-cuu-dai-hoc/loadbenchmark/id/290/year/2026/sortby/1/block_name/-1
SIM-SPK:7540101A,SIM-SPK,7540101A,Công nghệ Thực phẩm (hệ Chất lượng cao tiếng Anh),7540101,ngon_ngu,high_quality,,A00;D07;B00;C02,A00,"Học bằng tiếng Anh (thường cần trình độ tiếng Anh tốt, có thể yêu cầu IELTS/chứng chỉ khi nhập học)",https://diemthi.vnexpress.net/tra-cuu-dai-hoc/loadbenchmark/id/290/year/2026/sortby/1/block_name/-1
SIM-SPK:7540101DD,SIM-SPK,7540101DD,Khoa học thực phẩm và Dinh dưỡng,7540101,y_duoc,standard,,A00;B00;C02;D07,A00,Khối sức khỏe: có ngưỡng điểm sàn của Bộ,https://diemthi.vnexpress.net/tra-cuu-dai-hoc/loadbenchmark/id/290/year/2026/sortby/1/block_name/-1
SIM-SPK:7540101V,SIM-SPK,7540101V,Công nghệ thực phẩm,7540101,sinh_hoa,standard,,A00;B00;C02;D07,A00,,https://diemthi.vnexpress.net/tra-cuu-dai-hoc/loadbenchmark/id/290/year/2026/sortby/1/block_name/-1
SIM-SPK:7540209V,SIM-SPK,7540209V,Công nghệ may,7540209,ky_thuat,standard,,A00;A01;C01;D01,A00,,https://diemthi.vnexpress.net/tra-cuu-dai-hoc/loadbenchmark/id/290/year/2026/sortby/1/block_name/-1
SIM-SPK:7549002V,SIM-SPK,7549002V,Kỹ thuật gỗ và nội thất,7549002,xay_dung,standard,,A00;A01;C01;D01,A00,,https://diemthi.vnexpress.net/tra-cuu-dai-hoc/loadbenchmark/id/290/year/2026/sortby/1/block_name/-1
SIM-SPK:7580205V,SIM-SPK,7580205V,Kỹ thuật xây dựng công trình giao thông,7580205,xay_dung,standard,,A00;A01;C01;D01,A00,,https://diemthi.vnexpress.net/tra-cuu-dai-hoc/loadbenchmark/id/290/year/2026/sortby/1/block_name/-1
SIM-SPK:7580302A,SIM-SPK,7580302A,Quản lý xây dựng CTTT,7580302,xay_dung,standard,,A00;A01;C01;D01,A00,,https://diemthi.vnexpress.net/tra-cuu-dai-hoc/loadbenchmark/id/290/year/2026/sortby/1/block_name/-1
SIM-SPK:7580302V,SIM-SPK,7580302V,Quản lý xây dựng,7580302,xay_dung,standard,,A00;A01;C01;D01,A00,,https://diemthi.vnexpress.net/tra-cuu-dai-hoc/loadbenchmark/id/290/year/2026/sortby/1/block_name/-1
SIM-SPK:7810202V,SIM-SPK,7810202V,Quản trị nhà hàng và dịch vụ ăn uống,7810202,du_lich,standard,,A00;A01;C02;D01;D07,A00,,https://diemthi.vnexpress.net/tra-cuu-dai-hoc/loadbenchmark/id/290/year/2026/sortby/1/block_name/-1
SIM-SPK:7840110V,SIM-SPK,7840110V,Quản lý và vận hành hạ tầng,7840110,xay_dung,standard,,A00;A01;C01;D01,A00,,https://diemthi.vnexpress.net/tra-cuu-dai-hoc/loadbenchmark/id/290/year/2026/sortby/1/block_name/-1
SIM-SPK:7850101V,SIM-SPK,7850101V,Môi trường và Phát triển bền vững,7850101,nong_lam_mt,standard,,D01;D07;B08;A01;X25,D01,,https://diemthi.vnexpress.net/tra-cuu-dai-hoc/loadbenchmark/id/290/year/2026/sortby/1/block_name/-1
SIM-TLA:TLA101,SIM-TLA,TLA101,Kỹ thuật xây dựng công trình thủy,,xay_dung,standard,,A00;A01;D01;D07;C01;C02;X02;X06,A00,,https://diemthi.vnexpress.net/tra-cuu-dai-hoc/loadbenchmark/id/425/year/2026/sortby/1/block_name/-1
SIM-TLA:TLA102,SIM-TLA,TLA102,Kỹ thuật tài nguyên nước,,nong_lam_mt,standard,,A00;A01;D01;D07;C01;C02;X02;X06,A00,,https://diemthi.vnexpress.net/tra-cuu-dai-hoc/loadbenchmark/id/425/year/2026/sortby/1/block_name/-1
SIM-TLA:TLA103,SIM-TLA,TLA103,Thủy văn học,,xa_hoi,standard,,A00;A01;D01;D07;C01;C02;X02;X06,A00,,https://diemthi.vnexpress.net/tra-cuu-dai-hoc/loadbenchmark/id/425/year/2026/sortby/1/block_name/-1
SIM-TLA:TLA104,SIM-TLA,TLA104,Kỹ thuật xây dựng,,xay_dung,standard,,A00;A01;D01;D07;C01;C02;X02;X06,A00,,https://diemthi.vnexpress.net/tra-cuu-dai-hoc/loadbenchmark/id/425/year/2026/sortby/1/block_name/-1
SIM-TLA:TLA105,SIM-TLA,TLA105,Kỹ thuật cơ khí,,ky_thuat,standard,,A00;A01;D01;D07;C01;X02;X06;X26,A00,,https://diemthi.vnexpress.net/tra-cuu-dai-hoc/loadbenchmark/id/425/year/2026/sortby/1/block_name/-1
SIM-TLA:TLA106,SIM-TLA,TLA106,Công nghệ thông tin,,cntt,standard,,A00;A01;D01;D07;C01;X02;X06;X26,A00,,https://diemthi.vnexpress.net/tra-cuu-dai-hoc/loadbenchmark/id/425/year/2026/sortby/1/block_name/-1
SIM-TLA:TLA107,SIM-TLA,TLA107,Kỷ thuật cắp thoát nước,,ky_thuat,standard,,A00;A01;D01;D07;C01;C02;X02;X06,A00,,https://diemthi.vnexpress.net/tra-cuu-dai-hoc/loadbenchmark/id/425/year/2026/sortby/1/block_name/-1
SIM-TLA:TLA109,SIM-TLA,TLA109,Kỹ thuật môi trường,,nong_lam_mt,standard,,A00;A01;D01;D07;C01;C02;X02;X10,A00,,https://diemthi.vnexpress.net/tra-cuu-dai-hoc/loadbenchmark/id/425/year/2026/sortby/1/block_name/-1
SIM-TLA:TLA110,SIM-TLA,TLA110,Kỹ thuật cơ sở hạ tầng,,xay_dung,standard,hạ tầng,A00;A01;D01;D07;C01;C02;X02;X06,A00,Học tại hạ tầng,https://diemthi.vnexpress.net/tra-cuu-dai-hoc/loadbenchmark/id/425/year/2026/sortby/1/block_name/-1
SIM-TLA:TLA111,SIM-TLA,TLA111,Công nghệ kỹ thuật xây dựng,,xay_dung,standard,,A00;A01;D01;D07;C01;C02;X02;X06,A00,,https://diemthi.vnexpress.net/tra-cuu-dai-hoc/loadbenchmark/id/425/year/2026/sortby/1/block_name/-1
SIM-TLA:TLA112,SIM-TLA,TLA112,"Kỹ thuật điện (Chuyên ngành: Hệ thống điện, Điện công nghiệp và dân dụng.)",,ky_thuat,standard,,A00;A01;D01;D07;C01;X02;X06;X26,A00,,https://diemthi.vnexpress.net/tra-cuu-dai-hoc/loadbenchmark/id/425/year/2026/sortby/1/block_name/-1
SIM-TLA:TLA113,SIM-TLA,TLA113,Kỹ thuật xây dựng công trình giao thông,,xay_dung,standard,,A00;A01;D01;D07;C01;C02;X02;X06,A00,,https://diemthi.vnexpress.net/tra-cuu-dai-hoc/loadbenchmark/id/425/year/2026/sortby/1/block_name/-1
SIM-TLA:TLA114,SIM-TLA,TLA114,Quản lý xây dựng,,xay_dung,standard,,A00;A01;D01;D07;C01;C02;X02;X06,A00,,https://diemthi.vnexpress.net/tra-cuu-dai-hoc/loadbenchmark/id/425/year/2026/sortby/1/block_name/-1
SIM-TLA:TLA116,SIM-TLA,TLA116,Hệ thống thông tin,,cntt,standard,,A00;A01;D01;D07;C01;X02;X06;X26,A00,,https://diemthi.vnexpress.net/tra-cuu-dai-hoc/loadbenchmark/id/425/year/2026/sortby/1/block_name/-1
SIM-TLA:TLA117,SIM-TLA,TLA117,Kỹ thuật phần mềm,,cntt,standard,,A00;A01;D01;D07;C01;X02;X06;X26,A00,,https://diemthi.vnexpress.net/tra-cuu-dai-hoc/loadbenchmark/id/425/year/2026/sortby/1/block_name/-1
SIM-TLA:TLA118,SIM-TLA,TLA118,Kỹ thuật hóa học,,sinh_hoa,standard,,A00;D07;C02;C05;B00;X09;X10;A01;D01,A00,,https://diemthi.vnexpress.net/tra-cuu-dai-hoc/loadbenchmark/id/425/year/2026/sortby/1/block_name/-1
SIM-TLA:TLA119,SIM-TLA,TLA119,Công nghệ sinh học,,sinh_hoa,standard,,A00;A02;B00;D08;B01;B02;B03;X14;A01;D01;D07;X13,A00,,https://diemthi.vnexpress.net/tra-cuu-dai-hoc/loadbenchmark/id/425/year/2026/sortby/1/block_name/-1
SIM-TLA:TLA120,SIM-TLA,TLA120,Kỹ thuật cơ điện tử,,ky_thuat,standard,,A00;A01;D01;D07;C01;X02;X06;X26,A00,,https://diemthi.vnexpress.net/tra-cuu-dai-hoc/loadbenchmark/id/425/year/2026/sortby/1/block_name/-1
SIM-TLA:TLA121,SIM-TLA,TLA121,Kỹ thuật điều khiển và tự động hóa,,ky_thuat,standard,,A00;A01;D01;D07;C01;X02;X06;X26,A00,,https://diemthi.vnexpress.net/tra-cuu-dai-hoc/loadbenchmark/id/425/year/2026/sortby/1/block_name/-1
SIM-TLA:TLA122,SIM-TLA,TLA122,Công nghệ chế tạo máy,,ky_thuat,standard,,A00;A01;D01;D07;C01;X02;X06;X26,A00,,https://diemthi.vnexpress.net/tra-cuu-dai-hoc/loadbenchmark/id/425/year/2026/sortby/1/block_name/-1
SIM-TLA:TLA123,SIM-TLA,TLA123,Kỹ thuật Ô tô (Chuyên ngành: Kỹ thuật ô tô; Công nghệ ô tô định hướng việc làm tại Nhật Bản),,ky_thuat,standard,,A00;A01;D01;D07;C01;X02;X06;X26,A00,,https://diemthi.vnexpress.net/tra-cuu-dai-hoc/loadbenchmark/id/425/year/2026/sortby/1/block_name/-1
SIM-TLA:TLA124,SIM-TLA,TLA124,Kỹ thuật điện tử - viễn thông,,ky_thuat,standard,,A00;A01;D01;D07;C01;X02;X06;X26,A00,,https://diemthi.vnexpress.net/tra-cuu-dai-hoc/loadbenchmark/id/425/year/2026/sortby/1/block_name/-1
SIM-TLA:TLA126,SIM-TLA,TLA126,Trí tuệ nhân tạo và khoa học,,cntt,standard,,A00;A01;D01;D07;C01;X02;X06;X26,A00,,https://diemthi.vnexpress.net/tra-cuu-dai-hoc/loadbenchmark/id/425/year/2026/sortby/1/block_name/-1
SIM-TLA:TLA127,SIM-TLA,TLA127,An ninh mạng,,cntt,standard,,A00;A01;D01;D07;C01;X02;X06;X26,A00,,https://diemthi.vnexpress.net/tra-cuu-dai-hoc/loadbenchmark/id/425/year/2026/sortby/1/block_name/-1
SIM-TLA:TLA128,SIM-TLA,TLA128,Kĩ thuật Robot và Điều khiển thông minh,,cntt,standard,,A00;A01;D01;D07;C01;X02;X06;X26,A00,,https://diemthi.vnexpress.net/tra-cuu-dai-hoc/loadbenchmark/id/425/year/2026/sortby/1/block_name/-1
SIM-TLA:TLA130,SIM-TLA,TLA130,Chương trình Kỹ thuật xe năng lượng mới thông minh,,ky_thuat,standard,,A00;A01;D01;D07;C01;X02;X06;X26,A00,,https://diemthi.vnexpress.net/tra-cuu-dai-hoc/loadbenchmark/id/425/year/2026/sortby/1/block_name/-1
SIM-TLA:TLA201,SIM-TLA,TLA201,"Chương trình tiên tiến ngành Kỹ thuật xây dựng (Hợp tác với Đại học Arkansas, Hoa Kỳ)",,xay_dung,advanced,,A00;A01;D01;D07;C01;C02;X02;X06,A00,"Học bằng tiếng Anh (thường cần trình độ tiếng Anh tốt, có thể yêu cầu IELTS/chứng chỉ khi nhập học)",https://diemthi.vnexpress.net/tra-cuu-dai-hoc/loadbenchmark/id/425/year/2026/sortby/1/block_name/-1
SIM-TLA:TLA202,SIM-TLA,TLA202,"Chương trình tiên tiến ngành Kỹ thuật tải nguyên nước (Hợp tác với Đợi học bang Colorado, Hoa Kỳ)",,nong_lam_mt,advanced,,A00;A01;D01;D07;C01;C02;X02;X06,A00,"Học bằng tiếng Anh (thường cần trình độ tiếng Anh tốt, có thể yêu cầu IELTS/chứng chỉ khi nhập học)",https://diemthi.vnexpress.net/tra-cuu-dai-hoc/loadbenchmark/id/425/year/2026/sortby/1/block_name/-1
SIM-TLA:TLA203,SIM-TLA,TLA203,Ngôn ngữ Anh,,ngon_ngu,standard,,A01;D01;D07;D08;D09;D10;D14;D15,A01,,https://diemthi.vnexpress.net/tra-cuu-dai-hoc/loadbenchmark/id/425/year/2026/sortby/1/block_name/-1
SIM-TLA:TLA204,SIM-TLA,TLA204,Ngôn ngữ Trung Quốc,,ngon_ngu,standard,,D01;D04;D45;D55;D65;X78;A01;D07;D63;X37,D01,,https://diemthi.vnexpress.net/tra-cuu-dai-hoc/loadbenchmark/id/425/year/2026/sortby/1/block_name/-1
SIM-TLA:TLA301,SIM-TLA,TLA301,Luật,,luat,standard,,C00;C03;C04;D01;D14;D15;X01;A00;A01,C00,,https://diemthi.vnexpress.net/tra-cuu-dai-hoc/loadbenchmark/id/425/year/2026/sortby/1/block_name/-1
SIM-TLA:TLA302,SIM-TLA,TLA302,Luật kinh tế,,luat,standard,,C00;C03;C04;D01;D14;D15;X01;A00;A01,C00,,https://diemthi.vnexpress.net/tra-cuu-dai-hoc/loadbenchmark/id/425/year/2026/sortby/1/block_name/-1
SIM-TLA:TLA401,SIM-TLA,TLA401,Kinh tế,,kinh_te,standard,,A00;A01;D01;D07;X02;X26,A00,,https://diemthi.vnexpress.net/tra-cuu-dai-hoc/loadbenchmark/id/425/year/2026/sortby/1/block_name/-1
SIM-TLA:TLA402,SIM-TLA,TLA402,Quản trị kinh doanh,,kinh_te,standard,,A00;A01;D01;D07;X02;X26,A00,,https://diemthi.vnexpress.net/tra-cuu-dai-hoc/loadbenchmark/id/425/year/2026/sortby/1/block_name/-1
SIM-TLA:TLA403,SIM-TLA,TLA403,Kế toán,,tai_chinh,standard,,A00;A01;D01;D07;X02;X26,A00,,https://diemthi.vnexpress.net/tra-cuu-dai-hoc/loadbenchmark/id/425/year/2026/sortby/1/block_name/-1
SIM-TLA:TLA404,SIM-TLA,TLA404,Kinh tế xây dựng,,xay_dung,standard,,A00;A01;D01;D07;X02;X26,A00,,https://diemthi.vnexpress.net/tra-cuu-dai-hoc/loadbenchmark/id/425/year/2026/sortby/1/block_name/-1
SIM-TLA:TLA405,SIM-TLA,TLA405,Thương mại điện tử,,kinh_te,standard,,A00;A01;D01;D07;X02;X26,A00,,https://diemthi.vnexpress.net/tra-cuu-dai-hoc/loadbenchmark/id/425/year/2026/sortby/1/block_name/-1
SIM-TLA:TLA406,SIM-TLA,TLA406,Quản trị dịch vụ du lịch và lữ hành,,du_lich,standard,,A00;A01;D01;D07;X02;X26;D09;D10,A00,,https://diemthi.vnexpress.net/tra-cuu-dai-hoc/loadbenchmark/id/425/year/2026/sortby/1/block_name/-1
SIM-TLA:TLA407,SIM-TLA,TLA407,Logistics và quản lý chuỗi cung ứng,,du_lich,standard,,A00;A01;D01;D07;X02;X26,A00,,https://diemthi.vnexpress.net/tra-cuu-dai-hoc/loadbenchmark/id/425/year/2026/sortby/1/block_name/-1
SIM-TLA:TLA408,SIM-TLA,TLA408,Tài chính - Ngân hàng,,tai_chinh,standard,,A00;A01;D01;D07;X02;X26,A00,,https://diemthi.vnexpress.net/tra-cuu-dai-hoc/loadbenchmark/id/425/year/2026/sortby/1/block_name/-1
SIM-TLA:TLA409,SIM-TLA,TLA409,Kiểm toán,,tai_chinh,standard,,A00;A01;D01;D07;X02;X26,A00,,https://diemthi.vnexpress.net/tra-cuu-dai-hoc/loadbenchmark/id/425/year/2026/sortby/1/block_name/-1
SIM-TLA:TLA410,SIM-TLA,TLA410,Kinh tế số,,kinh_te,standard,,A00;A01;D01;D07;X02;X26,A00,,https://diemthi.vnexpress.net/tra-cuu-dai-hoc/loadbenchmark/id/425/year/2026/sortby/1/block_name/-1
SIM-TLA:TLA411,SIM-TLA,TLA411,Chương trình Kế toán tích hợp chứng chỉ quốc tế,,tai_chinh,international,,A00;A01;D01;D07;X02;X26,A00,"Học bằng tiếng Anh (thường cần trình độ tiếng Anh tốt, có thể yêu cầu IELTS/chứng chỉ khi nhập học) | Chương trình liên kết/quốc tế: học phí cao hơn chương trình chuẩn",https://diemthi.vnexpress.net/tra-cuu-dai-hoc/loadbenchmark/id/425/year/2026/sortby/1/block_name/-1
SIM-TLA:TLA412,SIM-TLA,TLA412,Chương trình Công nghệ tài chính,,tai_chinh,standard,,A00;A01;D01;D07;X02;X26,A00,,https://diemthi.vnexpress.net/tra-cuu-dai-hoc/loadbenchmark/id/425/year/2026/sortby/1/block_name/-1
SIM-TLA:TLA413,SIM-TLA,TLA413,Kinh doanh thương mại,,kinh_te,standard,,A00;A01;D01;D07;X02;X26,A00,,https://diemthi.vnexpress.net/tra-cuu-dai-hoc/loadbenchmark/id/425/year/2026/sortby/1/block_name/-1
SIM-TLA:TLA414,SIM-TLA,TLA414,Marketing,,kinh_te,standard,,A00;A01;D01;D07;X02;X26,A00,,https://diemthi.vnexpress.net/tra-cuu-dai-hoc/loadbenchmark/id/425/year/2026/sortby/1/block_name/-1
SIM-UEF:7210403,SIM-UEF,7210403,Thiết kế đồ họa,7210403,thiet_ke,standard,,C01;C03;C04;D01;X01;X02;A00;A01;D09;D10;D11;D14;D15,C01,,https://diemthi.vnexpress.net/tra-cuu-dai-hoc/loadbenchmark/id/294/year/2026/sortby/1/block_name/-1
SIM-UEF:7220201,SIM-UEF,7220201,Ngôn ngữ Anh,7220201,ngon_ngu,standard,,D01;D11;D14;D15;X78;X79;A01;C01;C03;C04;D09;D10,D01,,https://diemthi.vnexpress.net/tra-cuu-dai-hoc/loadbenchmark/id/294/year/2026/sortby/1/block_name/-1
SIM-UEF:7220204,SIM-UEF,7220204,Ngôn ngữ Trung Quốc,7220204,ngon_ngu,standard,,D01;D11;D14;D15;X78;X79;A01;C01;C03;C04;D09;D10,D01,,https://diemthi.vnexpress.net/tra-cuu-dai-hoc/loadbenchmark/id/294/year/2026/sortby/1/block_name/-1
SIM-UEF:7220209,SIM-UEF,7220209,Ngôn ngữ Nhật,7220209,ngon_ngu,standard,,D01;D11;D14;D15;X78;X79;A01;C01;C03;C04;D09;D10,D01,,https://diemthi.vnexpress.net/tra-cuu-dai-hoc/loadbenchmark/id/294/year/2026/sortby/1/block_name/-1
SIM-UEF:7220210,SIM-UEF,7220210,Ngôn ngữ Hàn Quốc,7220210,ngon_ngu,standard,,D01;D11;D14;D15;X78;X79;A01;C01;C03;C04;D09;D10,D01,,https://diemthi.vnexpress.net/tra-cuu-dai-hoc/loadbenchmark/id/294/year/2026/sortby/1/block_name/-1
SIM-UEF:7310106,SIM-UEF,7310106,Kinh tế quốc tế,7310106,kinh_te,international,,C01;C03;C04;D01;X01;X02;A00;A01;C00;D09;D10;D11;D14;D15,C01,"Học bằng tiếng Anh (thường cần trình độ tiếng Anh tốt, có thể yêu cầu IELTS/chứng chỉ khi nhập học) | Chương trình liên kết/quốc tế: học phí cao hơn chương trình chuẩn",https://diemthi.vnexpress.net/tra-cuu-dai-hoc/loadbenchmark/id/294/year/2026/sortby/1/block_name/-1
SIM-UEF:7310109,SIM-UEF,7310109,Kinh tế số,7310109,kinh_te,standard,,C01;C03;C04;D01;X01;X02;A00;A01;D09;D10;D11;D14;D15,C01,,https://diemthi.vnexpress.net/tra-cuu-dai-hoc/loadbenchmark/id/294/year/2026/sortby/1/block_name/-1
SIM-UEF:7310206,SIM-UEF,7310206,Quan hệ quốc tế,7310206,xa_hoi,international,,D01;D11;D14;D15;X78;X79;A01;C01;C03;C04;D09;D10,D01,"Học bằng tiếng Anh (thường cần trình độ tiếng Anh tốt, có thể yêu cầu IELTS/chứng chỉ khi nhập học) | Chương trình liên kết/quốc tế: học phí cao hơn chương trình chuẩn",https://diemthi.vnexpress.net/tra-cuu-dai-hoc/loadbenchmark/id/294/year/2026/sortby/1/block_name/-1
SIM-UEF:7310401,SIM-UEF,7310401,Tâm lý học,7310401,xa_hoi,standard,,C01;C03;C04;D01;X01;X02;C00;D14;D15;A01;D09;D10;D11,C01,,https://diemthi.vnexpress.net/tra-cuu-dai-hoc/loadbenchmark/id/294/year/2026/sortby/1/block_name/-1
SIM-UEF:7320104,SIM-UEF,7320104,Truyền thông đa phương tiện,7320104,bao_chi,standard,,C01;C03;C04;D01;X01;X02;A00;A01;C00;D09;D10;D11;D14;D15,C01,,https://diemthi.vnexpress.net/tra-cuu-dai-hoc/loadbenchmark/id/294/year/2026/sortby/1/block_name/-1
SIM-UEF:7320106,SIM-UEF,7320106,Công nghệ truyền thông,7320106,bao_chi,standard,,C01;C03;C04;D01;X01;X02;A00;A01;C00;D09;D10;D11;D14;D15,C01,,https://diemthi.vnexpress.net/tra-cuu-dai-hoc/loadbenchmark/id/294/year/2026/sortby/1/block_name/-1
SIM-UEF:7320108,SIM-UEF,7320108,Quan hệ công chúng,7320108,bao_chi,standard,,C01;C03;C04;D01;X01;X02;A00;A01;C00;D09;D10;D11;D14;D15,C01,,https://diemthi.vnexpress.net/tra-cuu-dai-hoc/loadbenchmark/id/294/year/2026/sortby/1/block_name/-1
SIM-UEF:7340101,SIM-UEF,7340101,Quản trị Kinh doanh,7340101,kinh_te,standard,,C01;C03;C04;D01;X01;X02;A00;A01;C00;D09;D10;D11;D14;D15,C01,,https://diemthi.vnexpress.net/tra-cuu-dai-hoc/loadbenchmark/id/294/year/2026/sortby/1/block_name/-1
SIM-UEF:7340101E,SIM-UEF,7340101E,Quản trị kinh doanh - Tiếng Anh,7340101,ngon_ngu,standard,,C01;C03;C04;D01;X01;X02;A01;D09;D10;D11;D14;D15,C01,"Học bằng tiếng Anh (thường cần trình độ tiếng Anh tốt, có thể yêu cầu IELTS/chứng chỉ khi nhập học)",https://diemthi.vnexpress.net/tra-cuu-dai-hoc/loadbenchmark/id/294/year/2026/sortby/1/block_name/-1
SIM-UEF:7340114,SIM-UEF,7340114,Marketing kỹ thuật số,7340114,kinh_te,standard,,C01;C03;C04;D01;X01;X02;A00;A01;C00;D09;D10;D11;D14;D15,C01,,https://diemthi.vnexpress.net/tra-cuu-dai-hoc/loadbenchmark/id/294/year/2026/sortby/1/block_name/-1
SIM-UEF:7340115,SIM-UEF,7340115,Marketing,7340115,kinh_te,standard,,C01;C03;C04;D01;X01;X02;A00;A01;C00;D09;D10;D11;D14;D15,C01,,https://diemthi.vnexpress.net/tra-cuu-dai-hoc/loadbenchmark/id/294/year/2026/sortby/1/block_name/-1
SIM-UEF:7340115E,SIM-UEF,7340115E,Marketing - Chương trình Marketing số E - Toàn phần tiếng Anh,7340115,ngon_ngu,standard,,C01;C03;C04;D01;X01;X02;A01;D09;D10;D11;D14;D15,C01,"Học bằng tiếng Anh (thường cần trình độ tiếng Anh tốt, có thể yêu cầu IELTS/chứng chỉ khi nhập học)",https://diemthi.vnexpress.net/tra-cuu-dai-hoc/loadbenchmark/id/294/year/2026/sortby/1/block_name/-1
SIM-UEF:7340116,SIM-UEF,7340116,Bất động sản,7340116,kinh_te,standard,,C01;C03;C04;D01;X01;X02;A00;A01;C00;D09;D10;D11;D14;D15,C01,,https://diemthi.vnexpress.net/tra-cuu-dai-hoc/loadbenchmark/id/294/year/2026/sortby/1/block_name/-1
SIM-UEF:7340120,SIM-UEF,7340120,Ngành Kinh doanh quốc tế,7340120,kinh_te,international,,C01;C03;C04;D01;X01;X02;A00;A01;C00;D09;D10;D11;D14;D15,C01,"Học bằng tiếng Anh (thường cần trình độ tiếng Anh tốt, có thể yêu cầu IELTS/chứng chỉ khi nhập học) | Chương trình liên kết/quốc tế: học phí cao hơn chương trình chuẩn",https://diemthi.vnexpress.net/tra-cuu-dai-hoc/loadbenchmark/id/294/year/2026/sortby/1/block_name/-1
SIM-UEF:7340120E,SIM-UEF,7340120E,Kinh doanh quốc tế - Chương trình Ngoại thương E - tiếng Anh toàn phần,7340120,ngon_ngu,international,,C01;C03;C04;D01;X01;X02;A01;D09;D10;D11;D14;D15,C01,"Học bằng tiếng Anh (thường cần trình độ tiếng Anh tốt, có thể yêu cầu IELTS/chứng chỉ khi nhập học) | Chương trình liên kết/quốc tế: học phí cao hơn chương trình chuẩn",https://diemthi.vnexpress.net/tra-cuu-dai-hoc/loadbenchmark/id/294/year/2026/sortby/1/block_name/-1
SIM-UEF:7340121,SIM-UEF,7340121,Kinh doanh thương mại,7340121,kinh_te,standard,,C01;C03;C04;D01;X01;X02;A00;A01;C00;D09;D10;D11;D14;D15,C01,,https://diemthi.vnexpress.net/tra-cuu-dai-hoc/loadbenchmark/id/294/year/2026/sortby/1/block_name/-1
SIM-UEF:7340122,SIM-UEF,7340122,Thương mại điện tử,7340122,kinh_te,standard,,C01;C03;C04;D01;X01;X02;A00;A01;D09;D10;D11;D14;D15,C01,,https://diemthi.vnexpress.net/tra-cuu-dai-hoc/loadbenchmark/id/294/year/2026/sortby/1/block_name/-1
SIM-UEF:7340201,SIM-UEF,7340201,Tài chính – Ngân hàng,7340201,tai_chinh,standard,,C01;C03;C04;D01;X01;X02;A00;A01;D09;D10;D11;D14;D15,C01,,https://diemthi.vnexpress.net/tra-cuu-dai-hoc/loadbenchmark/id/294/year/2026/sortby/1/block_name/-1
SIM-UEF:7340201E,SIM-UEF,7340201E,Tài chính - Ngân hàng Chương trình Tài năng UEF,7340201,tai_chinh,standard,,C01;C03;C04;D01;X01;X02;A01;D09;D10;D11;D14;D15,C01,,https://diemthi.vnexpress.net/tra-cuu-dai-hoc/loadbenchmark/id/294/year/2026/sortby/1/block_name/-1
SIM-UEF:7340205,SIM-UEF,7340205,Công nghệ tài chính,7340205,tai_chinh,standard,,C01;C03;C04;D01;X01;X02;A00;A01;D09;D10;D11;D14;D15,C01,,https://diemthi.vnexpress.net/tra-cuu-dai-hoc/loadbenchmark/id/294/year/2026/sortby/1/block_name/-1
SIM-UEF:7340206,SIM-UEF,7340206,Tài chính quốc tế,7340206,tai_chinh,international,,C01;C03;C04;D01;X01;X02;A00;A01;D09;D10;D11;D14;D15,C01,"Học bằng tiếng Anh (thường cần trình độ tiếng Anh tốt, có thể yêu cầu IELTS/chứng chỉ khi nhập học) | Chương trình liên kết/quốc tế: học phí cao hơn chương trình chuẩn",https://diemthi.vnexpress.net/tra-cuu-dai-hoc/loadbenchmark/id/294/year/2026/sortby/1/block_name/-1
SIM-UEF:7340301,SIM-UEF,7340301,Kế toán,7340301,tai_chinh,standard,,C01;C03;C04;D01;X01;X02;A00;A01;D09;D10;D11;D14;D15,C01,,https://diemthi.vnexpress.net/tra-cuu-dai-hoc/loadbenchmark/id/294/year/2026/sortby/1/block_name/-1
SIM-UEF:7340302,SIM-UEF,7340302,Kiểm toán,7340302,tai_chinh,standard,,C01;C03;C04;D01;X01;X02;A00;A01;D09;D10;D11;D14;D15,C01,,https://diemthi.vnexpress.net/tra-cuu-dai-hoc/loadbenchmark/id/294/year/2026/sortby/1/block_name/-1
SIM-UEF:7340404,SIM-UEF,7340404,Quản trị nhân lực,7340404,kinh_te,standard,,C01;C03;C04;D01;X01;X02;A00;A01;C00;D09;D10;D11;D14;D15,C01,,https://diemthi.vnexpress.net/tra-cuu-dai-hoc/loadbenchmark/id/294/year/2026/sortby/1/block_name/-1
SIM-UEF:7340412,SIM-UEF,7340412,Quản trị sự kiện,7340412,du_lich,standard,,C01;C03;C04;D01;X01;X02;A00;A01;C00;D09;D10;D11;D14;D15,C01,,https://diemthi.vnexpress.net/tra-cuu-dai-hoc/loadbenchmark/id/294/year/2026/sortby/1/block_name/-1
SIM-UEF:7380101,SIM-UEF,7380101,Ngành Luật,7380101,luat,standard,,C01;C03;C04;D01;X01;X02;A00;A01;C00;D09;D10;D11;D14;D15,C01,,https://diemthi.vnexpress.net/tra-cuu-dai-hoc/loadbenchmark/id/294/year/2026/sortby/1/block_name/-1
SIM-UEF:7380107,SIM-UEF,7380107,Luật kinh tế,7380107,luat,standard,,C01;C03;C04;D01;X01;X02;A00;A01;C00;D09;D10;D11;D14;D15,C01,,https://diemthi.vnexpress.net/tra-cuu-dai-hoc/loadbenchmark/id/294/year/2026/sortby/1/block_name/-1
SIM-UEF:7380108,SIM-UEF,7380108,Luật quốc tế,7380108,luat,international,,C01;C03;C04;D01;X01;X02;A00;A01;C00;D09;D10;D11;D14;D15,C01,"Học bằng tiếng Anh (thường cần trình độ tiếng Anh tốt, có thể yêu cầu IELTS/chứng chỉ khi nhập học) | Chương trình liên kết/quốc tế: học phí cao hơn chương trình chuẩn",https://diemthi.vnexpress.net/tra-cuu-dai-hoc/loadbenchmark/id/294/year/2026/sortby/1/block_name/-1
SIM-UEF:7380109,SIM-UEF,7380109,Luật Thương mại Quốc tế,7380109,luat,international,,C01;C03;C04;D01;X01;X02;A01;D09;D10;D11;D14;D15,C01,"Học bằng tiếng Anh (thường cần trình độ tiếng Anh tốt, có thể yêu cầu IELTS/chứng chỉ khi nhập học) | Chương trình liên kết/quốc tế: học phí cao hơn chương trình chuẩn",https://diemthi.vnexpress.net/tra-cuu-dai-hoc/loadbenchmark/id/294/year/2026/sortby/1/block_name/-1
SIM-UEF:7460108,SIM-UEF,7460108,Khoa học dữ liệu (Data Science),7460108,cntt,standard,,C01;C03;C04;D01;X01;X02;A00;A01;D09;D10;D11;D14;D15,C01,,https://diemthi.vnexpress.net/tra-cuu-dai-hoc/loadbenchmark/id/294/year/2026/sortby/1/block_name/-1
SIM-UEF:7480103,SIM-UEF,7480103,Kỹ thuật phần mềm,7480103,cntt,standard,,C01;C03;C04;D01;X01;X02;A00;A01;D09;D10;D11;D14;D15,C01,,https://diemthi.vnexpress.net/tra-cuu-dai-hoc/loadbenchmark/id/294/year/2026/sortby/1/block_name/-1
SIM-UEF:7480201,SIM-UEF,7480201,Công nghệ thông tin,7480201,cntt,standard,,C01;C03;C04;D01;X01;X02;A00;A01;D09;D10;D11;D14;D15,C01,,https://diemthi.vnexpress.net/tra-cuu-dai-hoc/loadbenchmark/id/294/year/2026/sortby/1/block_name/-1
SIM-UEF:7480208,SIM-UEF,7480208,An ninh mạng,7480208,cntt,standard,,C01;C03;C04;D01;X01;X02;A01;D09;D10;D11;D14;D15,C01,,https://diemthi.vnexpress.net/tra-cuu-dai-hoc/loadbenchmark/id/294/year/2026/sortby/1/block_name/-1
SIM-UEF:7510605,SIM-UEF,7510605,Logistics và Quản lý chuỗi cung ứng,7510605,du_lich,standard,,C01;C03;C04;D01;X01;X02;A00;A01;C00;D09;D10;D11;D14;D15,C01,,https://diemthi.vnexpress.net/tra-cuu-dai-hoc/loadbenchmark/id/294/year/2026/sortby/1/block_name/-1
SIM-UEF:7810103,SIM-UEF,7810103,Quản trị dịch vụ du lịch và lữ hành,7810103,du_lich,standard,,C01;C03;C04;D01;X01;X02;A00;A01;C00;D09;D10;D11;D14;D15,C01,,https://diemthi.vnexpress.net/tra-cuu-dai-hoc/loadbenchmark/id/294/year/2026/sortby/1/block_name/-1
SIM-UEF:7810201,SIM-UEF,7810201,Quản trị khách sạn,7810201,du_lich,standard,,C01;C03;C04;D01;X01;X02;A00;A01;C00;D09;D10;D11;D14;D15,C01,,https://diemthi.vnexpress.net/tra-cuu-dai-hoc/loadbenchmark/id/294/year/2026/sortby/1/block_name/-1
SIM-UEF:7810202,SIM-UEF,7810202,Quản trị nhà hàng và dịch vụ ăn uống,7810202,du_lich,standard,,C01;C03;C04;D01;X01;X02;A00;A01;C00;D09;D10;D11;D14;D15,C01,,https://diemthi.vnexpress.net/tra-cuu-dai-hoc/loadbenchmark/id/294/year/2026/sortby/1/block_name/-1
SIM-XDA:XDA07,SIM-XDA,XDA07,Kỹ thuật xây dựng,,xay_dung,standard,,A00;A01;C01;D01;D07;X06,A00,,https://diemthi.vnexpress.net/tra-cuu-dai-hoc/loadbenchmark/id/429/year/2026/sortby/1/block_name/-1
SIM-XDA:XDA08,SIM-XDA,XDA08,Xây dựng dân dụng và công nghiệp,,xay_dung,standard,,A00;A01;C01;D07;D24;D29;X06,A00,,https://diemthi.vnexpress.net/tra-cuu-dai-hoc/loadbenchmark/id/429/year/2026/sortby/1/block_name/-1
SIM-XDA:XDA09,SIM-XDA,XDA09,Hệ thống kỹ thuật trong công trình,,xay_dung,standard,,A00;A01;C01;D07;X06,A00,,https://diemthi.vnexpress.net/tra-cuu-dai-hoc/loadbenchmark/id/429/year/2026/sortby/1/block_name/-1
SIM-XDA:XDA10,SIM-XDA,XDA10,Tin học xây dựng,,xay_dung,standard,,A00;A01;C01;D01;X06,A00,,https://diemthi.vnexpress.net/tra-cuu-dai-hoc/loadbenchmark/id/429/year/2026/sortby/1/block_name/-1
SIM-XDA:XDA11,SIM-XDA,XDA11,Kỹ thuật công trình biển,,xay_dung,standard,,A00;A01;C01;D01;D07;X06,A00,,https://diemthi.vnexpress.net/tra-cuu-dai-hoc/loadbenchmark/id/429/year/2026/sortby/1/block_name/-1
SIM-XDA:XDA12,SIM-XDA,XDA12,Kỹ thuật xây dựng công trình thủy,,xay_dung,standard,,A00;A01;C01;D01;D07;X06,A00,,https://diemthi.vnexpress.net/tra-cuu-dai-hoc/loadbenchmark/id/429/year/2026/sortby/1/block_name/-1
SIM-XDA:XDA13,SIM-XDA,XDA13,Xây dựng cầu đường,,xay_dung,standard,,A00;A01;C01;D01;D07;X06,A00,,https://diemthi.vnexpress.net/tra-cuu-dai-hoc/loadbenchmark/id/429/year/2026/sortby/1/block_name/-1
SIM-XDA:XDA14,SIM-XDA,XDA14,Đường sắt tốc độ cao và đường sắt đô thị,,xay_dung,standard,,A00;A01;C01;D01;D07;X06,A00,,https://diemthi.vnexpress.net/tra-cuu-dai-hoc/loadbenchmark/id/429/year/2026/sortby/1/block_name/-1
SIM-XDA:XDA15,SIM-XDA,XDA15,Kỹ thuật Cấp thoát nước/Kỹ thuật nước - Môi trường nước,,nong_lam_mt,standard,,A00;A01;A02;B00;C01;C02;D07;X06;X14,A00,,https://diemthi.vnexpress.net/tra-cuu-dai-hoc/loadbenchmark/id/429/year/2026/sortby/1/block_name/-1
SIM-XDA:XDA16,SIM-XDA,XDA16,Kinh tế xây dựng,,xay_dung,standard,,A00;A01;C01;D01;D07;X05;X06;X26,A00,,https://diemthi.vnexpress.net/tra-cuu-dai-hoc/loadbenchmark/id/429/year/2026/sortby/1/block_name/-1
SIM-XDA:XDA17,SIM-XDA,XDA17,Quản lý xây dựng/ Kinh tế và quản lý đô thị,,xay_dung,standard,,A00;A01;C01;D01;D07;X05;X06;X26,A00,,https://diemthi.vnexpress.net/tra-cuu-dai-hoc/loadbenchmark/id/429/year/2026/sortby/1/block_name/-1
SIM-XDA:XDA18,SIM-XDA,XDA18,Quản lý xây dựng/ Kinh tê và quản lý bất động sản,,xay_dung,standard,,A00;A01;C01;D01;D07;X05;X06;X26,A00,,https://diemthi.vnexpress.net/tra-cuu-dai-hoc/loadbenchmark/id/429/year/2026/sortby/1/block_name/-1
SIM-XDA:XDA19,SIM-XDA,XDA19,"Quản lý xây dựng/ Quả lý hạ tầng, đất đai đô thị (*)",,xay_dung,standard,,A00;A01;C01;D01;D07;X05;X06;X26,A00,,https://diemthi.vnexpress.net/tra-cuu-dai-hoc/loadbenchmark/id/429/year/2026/sortby/1/block_name/-1
SIM-XDA:XDA20,SIM-XDA,XDA20,Quản lý xây dựng/ Kiểm toán đầu tư xây dựng (*),,tai_chinh,standard,,A00;A01;C01;D01;D07;X05;X06;X26,A00,,https://diemthi.vnexpress.net/tra-cuu-dai-hoc/loadbenchmark/id/429/year/2026/sortby/1/block_name/-1
SIM-XDA:XDA21,SIM-XDA,XDA21,Công nghệ kỹ thuật xây dựng,,xay_dung,standard,,A00;A01;C01;D07;X06;X26,A00,,https://diemthi.vnexpress.net/tra-cuu-dai-hoc/loadbenchmark/id/429/year/2026/sortby/1/block_name/-1
SIM-XDA:XDA22,SIM-XDA,XDA22,Công nghệ kỹ thuật vật liệu xây dựng,,xay_dung,standard,,A00;A01;A02;B00;C01;C02;D07;X06,A00,,https://diemthi.vnexpress.net/tra-cuu-dai-hoc/loadbenchmark/id/429/year/2026/sortby/1/block_name/-1
SIM-XDA:XDA23,SIM-XDA,XDA23,Logistics và Quản lý chuỗi cung ứng (*),,du_lich,standard,,A00;A01;C01;D01;D07;X05;X06;X26,A00,,https://diemthi.vnexpress.net/tra-cuu-dai-hoc/loadbenchmark/id/429/year/2026/sortby/1/block_name/-1
SIM-XDA:XDA24,SIM-XDA,XDA24,Logistics và Quản lý chuỗi cung ứng/ Logistics đô thị (*),,du_lich,standard,,A00;A01;C01;D01;D07;X05;X06;X26,A00,,https://diemthi.vnexpress.net/tra-cuu-dai-hoc/loadbenchmark/id/429/year/2026/sortby/1/block_name/-1
SIM-XDA:XDA25,SIM-XDA,XDA25,Logistics và Quản lý chuỗi cung ứng/ Logistics công nghiệp (*),,du_lich,standard,,A00;A01;C01;D01;D07;X05;X06;X26,A00,,https://diemthi.vnexpress.net/tra-cuu-dai-hoc/loadbenchmark/id/429/year/2026/sortby/1/block_name/-1
SIM-XDA:XDA26,SIM-XDA,XDA26,Công nghệ thông tin,,cntt,standard,,A00;A01;C01;D01;X06;X26,A00,,https://diemthi.vnexpress.net/tra-cuu-dai-hoc/loadbenchmark/id/429/year/2026/sortby/1/block_name/-1
SIM-XDA:XDA27,SIM-XDA,XDA27,Công nghệ thông tin/Công nghệ đa phương tiện (*),,cntt,standard,,A00;A01;C01;D01;X06;X26,A00,,https://diemthi.vnexpress.net/tra-cuu-dai-hoc/loadbenchmark/id/429/year/2026/sortby/1/block_name/-1
SIM-XDA:XDA28,SIM-XDA,XDA28,Công nghệ thông tin/ An toàn thông tin,,cntt,standard,,A00;A01;C01;D01;X06;X26,A00,,https://diemthi.vnexpress.net/tra-cuu-dai-hoc/loadbenchmark/id/429/year/2026/sortby/1/block_name/-1
SIM-XDA:XDA29,SIM-XDA,XDA29,Khoa học máy tính,,cntt,standard,,A00;A01;C01;D01;X06;X26,A00,,https://diemthi.vnexpress.net/tra-cuu-dai-hoc/loadbenchmark/id/429/year/2026/sortby/1/block_name/-1
SIM-XDA:XDA30,SIM-XDA,XDA30,Khoa học dữ liệu (*),,cntt,standard,,A00;A01;C01;D01;X06;X26,A00,,https://diemthi.vnexpress.net/tra-cuu-dai-hoc/loadbenchmark/id/429/year/2026/sortby/1/block_name/-1
SIM-XDA:XDA31,SIM-XDA,XDA31,Kỹ thuật cơ khí,,ky_thuat,standard,,A00;A01;C01;X06,A00,,https://diemthi.vnexpress.net/tra-cuu-dai-hoc/loadbenchmark/id/429/year/2026/sortby/1/block_name/-1
SIM-XDA:XDA32,SIM-XDA,XDA32,Kỹ thuật cơ khí/ Máy xây dựng,,xay_dung,standard,,A00;A01;C01;X06,A00,,https://diemthi.vnexpress.net/tra-cuu-dai-hoc/loadbenchmark/id/429/year/2026/sortby/1/block_name/-1
SIM-XDA:XDA33,SIM-XDA,XDA33,Kỹ thuật cơ khí/ Kỹ thuật cơ điện,,ky_thuat,standard,,A00;A01;C01;X06,A00,,https://diemthi.vnexpress.net/tra-cuu-dai-hoc/loadbenchmark/id/429/year/2026/sortby/1/block_name/-1
SIM-XDA:XDA34,SIM-XDA,XDA34,Kỹ thuật cơ khí/ Kỹ thuật ô tô,,ky_thuat,standard,,A00;A01;C01;X06,A00,,https://diemthi.vnexpress.net/tra-cuu-dai-hoc/loadbenchmark/id/429/year/2026/sortby/1/block_name/-1
SIM-XDA:XDA35,SIM-XDA,XDA35,Kỹ thuật cơ điện tử,,ky_thuat,standard,,A00;A01;C01;X06,A00,,https://diemthi.vnexpress.net/tra-cuu-dai-hoc/loadbenchmark/id/429/year/2026/sortby/1/block_name/-1
SIM-XDA:XDA36,SIM-XDA,XDA36,Kỹ thuật điện,,ky_thuat,standard,,A00;A01;C01;X06,A00,,https://diemthi.vnexpress.net/tra-cuu-dai-hoc/loadbenchmark/id/429/year/2026/sortby/1/block_name/-1
SIM-XDA:XDA37,SIM-XDA,XDA37,Kỹ thuật điều khiển và tự động hóa,,ky_thuat,standard,,A00;A01;C01;X06,A00,,https://diemthi.vnexpress.net/tra-cuu-dai-hoc/loadbenchmark/id/429/year/2026/sortby/1/block_name/-1
SIM-XDA:XDA38,SIM-XDA,XDA38,Kỹ thuật vật liệu,,ky_thuat,standard,,A00;A01;A02;B00;C01;C02;D07;X06,A00,,https://diemthi.vnexpress.net/tra-cuu-dai-hoc/loadbenchmark/id/429/year/2026/sortby/1/block_name/-1
SIM-XDA:XDA39,SIM-XDA,XDA39,Kỹ thuật Môi trường,,nong_lam_mt,standard,,A00;A01;A02;B00;C01;C02;D07;X06;X14,A00,,https://diemthi.vnexpress.net/tra-cuu-dai-hoc/loadbenchmark/id/429/year/2026/sortby/1/block_name/-1
SIM-XDA:XDA40,SIM-XDA,XDA40,Quản lý dự án (*),,kinh_te,standard,,A00;A01;C01;D01;D07;X05;X06;X26,A00,,https://diemthi.vnexpress.net/tra-cuu-dai-hoc/loadbenchmark/id/429/year/2026/sortby/1/block_name/-1
SIM-XDA:XDA42,SIM-XDA,XDA42,Kỹ thuật xây dựng (Chương trình đào tạo Kỹ sư chất lượng cao -PFIEV),,xay_dung,high_quality,,A00;A01;C01;D07;D24;D29;X06,A00,,https://diemthi.vnexpress.net/tra-cuu-dai-hoc/loadbenchmark/id/429/year/2026/sortby/1/block_name/-1
SIM-XDA:XDA43,SIM-XDA,XDA43,Kỹ thuật xây dựng,,xay_dung,standard,,A00;A01;C01;D01;D07;X06,A00,,https://diemthi.vnexpress.net/tra-cuu-dai-hoc/loadbenchmark/id/429/year/2026/sortby/1/block_name/-1
SIM-XDA:XDA44,SIM-XDA,XDA44,Khoa học Máy tính,,cntt,standard,,A00;A01;C01;D01;X06;X26,A00,,https://diemthi.vnexpress.net/tra-cuu-dai-hoc/loadbenchmark/id/429/year/2026/sortby/1/block_name/-1
SIM-YDS:7310401,SIM-YDS,7310401,Tâm lý học,7310401,xa_hoi,standard,,A00;B00;D01,A00,,https://diemthi.vnexpress.net/tra-cuu-dai-hoc/loadbenchmark/id/298/year/2026/sortby/1/block_name/-1
SIM-YDS:7720101,SIM-YDS,7720101,Y khoa,7720101,y_duoc,standard,,B00,B00,Khối sức khỏe: có ngưỡng điểm sàn của Bộ,https://diemthi.vnexpress.net/tra-cuu-dai-hoc/loadbenchmark/id/298/year/2026/sortby/1/block_name/-1
SIM-YDS:7720110,SIM-YDS,7720110,Y học dự phòng,7720110,y_duoc,standard,,A00;B00;B08,A00,Khối sức khỏe: có ngưỡng điểm sàn của Bộ,https://diemthi.vnexpress.net/tra-cuu-dai-hoc/loadbenchmark/id/298/year/2026/sortby/1/block_name/-1
SIM-YDS:7720115,SIM-YDS,7720115,Y học cổ truyền,7720115,y_duoc,standard,,B00;B08;D07,B00,Khối sức khỏe: có ngưỡng điểm sàn của Bộ,https://vietnamnet.vn/newsapi-edu/UniversityDetail/GetDetail?pageId=49ff289efde0446f9ae2f5c385595744&componentId=COMPONENT002302&keyword=YDS&year=2026&pageSize=25&pageIndex=1&typeOfTraining=0&subjectGroup=
SIM-YDS:7720201,SIM-YDS,7720201,Dược học,7720201,y_duoc,standard,,A00;B00;D07,A00,Khối sức khỏe: có ngưỡng điểm sàn của Bộ,https://diemthi.vnexpress.net/tra-cuu-dai-hoc/loadbenchmark/id/298/year/2026/sortby/1/block_name/-1
SIM-YDS:7720202,SIM-YDS,7720202,Công nghệ dược phẩm,7720202,y_duoc,standard,,A00;B00;D07,A00,Khối sức khỏe: có ngưỡng điểm sàn của Bộ,https://diemthi.vnexpress.net/tra-cuu-dai-hoc/loadbenchmark/id/298/year/2026/sortby/1/block_name/-1
SIM-YDS:7720203,SIM-YDS,7720203,Hoá dược,7720203,y_duoc,standard,,A00;B00;D07,A00,Khối sức khỏe: có ngưỡng điểm sàn của Bộ,https://diemthi.vnexpress.net/tra-cuu-dai-hoc/loadbenchmark/id/298/year/2026/sortby/1/block_name/-1
SIM-YDS:7720301,SIM-YDS,7720301,Điều dưỡng,7720301,y_duoc,standard,,A00;B00;D07,A00,Khối sức khỏe: có ngưỡng điểm sàn của Bộ,https://diemthi.vnexpress.net/tra-cuu-dai-hoc/loadbenchmark/id/298/year/2026/sortby/1/block_name/-1
SIM-YDS:7720301_03,SIM-YDS,7720301_03,Điều dưỡng chuyên ngành Gây mê hồi sức,7720301,y_duoc,standard,,A00;B00;D07,A00,Khối sức khỏe: có ngưỡng điểm sàn của Bộ,https://diemthi.vnexpress.net/tra-cuu-dai-hoc/loadbenchmark/id/298/year/2026/sortby/1/block_name/-1
SIM-YDS:7720302,SIM-YDS,7720302,Hộ sinh,7720302,y_duoc,standard,,A00;B00;D07,A00,Khối sức khỏe: có ngưỡng điểm sàn của Bộ,https://diemthi.vnexpress.net/tra-cuu-dai-hoc/loadbenchmark/id/298/year/2026/sortby/1/block_name/-1
SIM-YDS:7720401,SIM-YDS,7720401,Dinh dưỡng,7720401,y_duoc,standard,,A00;B00;D07,A00,Khối sức khỏe: có ngưỡng điểm sàn của Bộ,https://diemthi.vnexpress.net/tra-cuu-dai-hoc/loadbenchmark/id/298/year/2026/sortby/1/block_name/-1
SIM-YDS:7720501,SIM-YDS,7720501,Răng- Hàm -Mặt,7720501,y_duoc,standard,,B00,B00,Khối sức khỏe: có ngưỡng điểm sàn của Bộ,https://diemthi.vnexpress.net/tra-cuu-dai-hoc/loadbenchmark/id/298/year/2026/sortby/1/block_name/-1
SIM-YDS:7720502,SIM-YDS,7720502,Kỹ thuật phục hình răng,7720502,y_duoc,standard,,A00;B00,A00,Khối sức khỏe: có ngưỡng điểm sàn của Bộ,https://diemthi.vnexpress.net/tra-cuu-dai-hoc/loadbenchmark/id/298/year/2026/sortby/1/block_name/-1
SIM-YDS:7720601,SIM-YDS,7720601,Kỹ thuật xét nghiệm y học,7720601,y_duoc,standard,,A00;B00;D07,A00,Khối sức khỏe: có ngưỡng điểm sàn của Bộ,https://diemthi.vnexpress.net/tra-cuu-dai-hoc/loadbenchmark/id/298/year/2026/sortby/1/block_name/-1
SIM-YDS:7720602,SIM-YDS,7720602,Kỹ thuật hình ảnh y học,7720602,y_duoc,standard,,A00;B00;D07,A00,Khối sức khỏe: có ngưỡng điểm sàn của Bộ,https://diemthi.vnexpress.net/tra-cuu-dai-hoc/loadbenchmark/id/298/year/2026/sortby/1/block_name/-1
SIM-YDS:7720603,SIM-YDS,7720603,Kỹ thuật phục hồi chức năng,7720603,y_duoc,standard,,A00;B00;D07,A00,Khối sức khỏe: có ngưỡng điểm sàn của Bộ,https://diemthi.vnexpress.net/tra-cuu-dai-hoc/loadbenchmark/id/298/year/2026/sortby/1/block_name/-1
SIM-YDS:7720701,SIM-YDS,7720701,Y tế công cộng,7720701,y_duoc,standard,,A00;B00;B08,A00,Khối sức khỏe: có ngưỡng điểm sàn của Bộ,https://diemthi.vnexpress.net/tra-cuu-dai-hoc/loadbenchmark/id/298/year/2026/sortby/1/block_name/-1
SIM-YDS:7760101,SIM-YDS,7760101,Công tác xã hội,7760101,xa_hoi,standard,,A00;B00;D01;B03;B08;A01,A00,,https://diemthi.vnexpress.net/tra-cuu-dai-hoc/loadbenchmark/id/298/year/2026/sortby/1/block_name/-1
SIM-YHB:7310401,SIM-YHB,7310401,Tâm lý học,7310401,xa_hoi,standard,,A01;D01;D07;D10;B00,A01,,https://diemthi.vnexpress.net/tra-cuu-dai-hoc/loadbenchmark/id/432/year/2026/sortby/1/block_name/-1
SIM-YHB:7720101,SIM-YHB,7720101,Y khoa,7720101,y_duoc,standard,,B00,B00,Khối sức khỏe: có ngưỡng điểm sàn của Bộ,https://diemthi.vnexpress.net/tra-cuu-dai-hoc/loadbenchmark/id/432/year/2026/sortby/1/block_name/-1
SIM-YHB:7720101YHT,SIM-YHB,7720101YHT,Y khoa phân hiệu Thanh Hóa,7720101,y_duoc,standard,Thanh Hóa,B00,B00,Khối sức khỏe: có ngưỡng điểm sàn của Bộ | Học tại Thanh Hóa,https://diemthi.vnexpress.net/tra-cuu-dai-hoc/loadbenchmark/id/432/year/2026/sortby/1/block_name/-1
SIM-YHB:7720110,SIM-YHB,7720110,Y học dự phòng,7720110,y_duoc,standard,,A00;B00;D07,A00,Khối sức khỏe: có ngưỡng điểm sàn của Bộ,https://diemthi.vnexpress.net/tra-cuu-dai-hoc/loadbenchmark/id/432/year/2026/sortby/1/block_name/-1
SIM-YHB:7720115,SIM-YHB,7720115,Y học cổ truyền,7720115,y_duoc,standard,,A00;B00,A00,Khối sức khỏe: có ngưỡng điểm sàn của Bộ,https://diemthi.vnexpress.net/tra-cuu-dai-hoc/loadbenchmark/id/432/year/2026/sortby/1/block_name/-1
SIM-YHB:7720301,SIM-YHB,7720301,Điều dưỡng,7720301,y_duoc,standard,,A00;B00;D07,A00,Khối sức khỏe: có ngưỡng điểm sàn của Bộ,https://diemthi.vnexpress.net/tra-cuu-dai-hoc/loadbenchmark/id/432/year/2026/sortby/1/block_name/-1
SIM-YHB:7720301YHT,SIM-YHB,7720301YHT,Điều dưỡng phân hiệu Thanh Hóa,7720301,y_duoc,standard,Thanh Hóa,A00;B00;D07,A00,Khối sức khỏe: có ngưỡng điểm sàn của Bộ | Học tại Thanh Hóa,https://diemthi.vnexpress.net/tra-cuu-dai-hoc/loadbenchmark/id/432/year/2026/sortby/1/block_name/-1
SIM-YHB:7720302,SIM-YHB,7720302,Hộ sinh,7720302,y_duoc,standard,,A00;B00;D07,A00,Khối sức khỏe: có ngưỡng điểm sàn của Bộ,https://diemthi.vnexpress.net/tra-cuu-dai-hoc/loadbenchmark/id/432/year/2026/sortby/1/block_name/-1
SIM-YHB:7720401,SIM-YHB,7720401,Dinh dưỡng,7720401,y_duoc,standard,,A00;B00;D07,A00,Khối sức khỏe: có ngưỡng điểm sàn của Bộ,https://diemthi.vnexpress.net/tra-cuu-dai-hoc/loadbenchmark/id/432/year/2026/sortby/1/block_name/-1
SIM-YHB:7720501,SIM-YHB,7720501,Răng- Hàm -Mặt,7720501,y_duoc,standard,,B00,B00,Khối sức khỏe: có ngưỡng điểm sàn của Bộ,https://diemthi.vnexpress.net/tra-cuu-dai-hoc/loadbenchmark/id/432/year/2026/sortby/1/block_name/-1
SIM-YHB:7720502,SIM-YHB,7720502,Kỹ thuật phục hình răng,7720502,y_duoc,standard,,A00;B00,A00,Khối sức khỏe: có ngưỡng điểm sàn của Bộ,https://diemthi.vnexpress.net/tra-cuu-dai-hoc/loadbenchmark/id/432/year/2026/sortby/1/block_name/-1
SIM-YHB:7720601,SIM-YHB,7720601,Kỹ thuật xét nghiệm y học,7720601,y_duoc,standard,,A00;B00,A00,Khối sức khỏe: có ngưỡng điểm sàn của Bộ,https://diemthi.vnexpress.net/tra-cuu-dai-hoc/loadbenchmark/id/432/year/2026/sortby/1/block_name/-1
SIM-YHB:7720601YHT,SIM-YHB,7720601YHT,Kỹ thuật Xét nghiệm y học Phân hiệu Thanh Hóa,,y_duoc,standard,Thanh Hóa,B00;A00,B00,Khối sức khỏe: có ngưỡng điểm sàn của Bộ | Học tại Thanh Hóa,https://diemthi.vnexpress.net/tra-cuu-dai-hoc/loadbenchmark/id/432/year/2026/sortby/1/block_name/-1
SIM-YHB:7720602,SIM-YHB,7720602,Kỹ thuật hình ảnh y học,7720602,y_duoc,standard,,A00;B00,A00,Khối sức khỏe: có ngưỡng điểm sàn của Bộ,https://diemthi.vnexpress.net/tra-cuu-dai-hoc/loadbenchmark/id/432/year/2026/sortby/1/block_name/-1
SIM-YHB:7720602YHT,SIM-YHB,7720602YHT,Kỹ thuật hình ảnh y học (Phân hiệu Thanh Hóa),,y_duoc,standard,Thanh Hóa,A00;B00,A00,Khối sức khỏe: có ngưỡng điểm sàn của Bộ | Học tại Thanh Hóa,https://diemthi.vnexpress.net/tra-cuu-dai-hoc/loadbenchmark/id/432/year/2026/sortby/1/block_name/-1
SIM-YHB:7720603,SIM-YHB,7720603,Kỹ thuật phục hồi chức năng,7720603,y_duoc,standard,,A00;B00,A00,Khối sức khỏe: có ngưỡng điểm sàn của Bộ,https://diemthi.vnexpress.net/tra-cuu-dai-hoc/loadbenchmark/id/432/year/2026/sortby/1/block_name/-1
SIM-YHB:7720603YHT,SIM-YHB,7720603YHT,Kỹ thuật phục hồi chức năng Phân hiệu Thanh Hóa,,y_duoc,standard,Thanh Hóa,B00;A00,B00,Khối sức khỏe: có ngưỡng điểm sàn của Bộ | Học tại Thanh Hóa,https://diemthi.vnexpress.net/tra-cuu-dai-hoc/loadbenchmark/id/432/year/2026/sortby/1/block_name/-1
SIM-YHB:7720609,SIM-YHB,7720609,Khúc xạ nhãn khoa,7720609,y_duoc,standard,,A00;B00,A00,Khối sức khỏe: có ngưỡng điểm sàn của Bộ,https://diemthi.vnexpress.net/tra-cuu-dai-hoc/loadbenchmark/id/432/year/2026/sortby/1/block_name/-1
SIM-YHB:7720701,SIM-YHB,7720701,Y tế công cộng,7720701,y_duoc,standard,,A01;D01;D07;D10;B00;B08,A01,Khối sức khỏe: có ngưỡng điểm sàn của Bộ,https://diemthi.vnexpress.net/tra-cuu-dai-hoc/loadbenchmark/id/432/year/2026/sortby/1/block_name/-1
SIM-YHB:7760101,SIM-YHB,7760101,Công tác xã hội,7760101,xa_hoi,standard,,A01;D01;D07;D10;A00;B00;B08,A01,,https://diemthi.vnexpress.net/tra-cuu-dai-hoc/loadbenchmark/id/432/year/2026/sortby/1/block_name/-1
