id,question,options,text_a,text_b,human_label,labeller,note
eb6f5d947916e1d0,ability_fit,1 | 2 | 3 | 4 | 5 | insufficient,"Câu hỏi: Điểm mạnh học tập của học sinh (điểm các môn, tự nhận xét) phù hợp với yêu cầu của ngành này đến mức nào (1-5)? Hồ sơ: Điểm thi: Toán 4, Văn 7, Anh 5.25, Địa 8.25. Nhà ở: Ninh Bình. Giới tính: nam. Học sinh chia sẻ: Tôi là phụ huynh. Ước mơ của cháu là làm việc trong cơ quan nhà nước. Quan trọng nhất là học phí rẻ. Vợ chồng tôi nói chỉ chi được khoảng 18 triệu một năm tiền học. cháu ở nội trú.",Ngành: Quản trị sự kiện - Trường Đại học Công nghệ Tp. Hồ Chí Minh. Lĩnh vực: Du lịch - Khách sạn - Logistics - Hàng không - Dịch vụ. Nơi học: nan. Chương trình: chuẩn. Học phí: không rõ. Điều kiện riêng: không có.,,,
e3e55db33080ebfb,ability_fit,1 | 2 | 3 | 4 | 5 | insufficient,"Câu hỏi: Điểm mạnh học tập của học sinh (điểm các môn, tự nhận xét) phù hợp với yêu cầu của ngành này đến mức nào (1-5)? Hồ sơ: Điểm thi: Toán 5.5, Văn 2.75, Tin 5.25, Lý 4.75. Nhà ở: Thanh Hóa. Giới tính: nam. Học sinh chia sẻ: e rất thích ngành công nghệ thông tin, sau này muốn làm kỹ sư phần mềm. e muốn thử một vài trường cao hơn sức mình nhưng vẫn phải có trường dự phòng. kinh tế gia đình e ko khá lắm. e cần ngành ổn định, ra trường có việc ngay. môn văn e học kém. e chỉ muốn học ở hn. e thi ielts được 6.0.",Ngành: Quản trị nhà hàng và dịch vụ ăn uống - Trường Đại học Công nghệ Tp. Hồ Chí Minh. Lĩnh vực: Du lịch - Khách sạn - Logistics - Hàng không - Dịch vụ. Nơi học: nan. Chương trình: chuẩn. Học phí: không rõ. Điều kiện riêng: không có.,,,
77788a5caee6a222,ability_fit,1 | 2 | 3 | 4 | 5 | insufficient,"Câu hỏi: Điểm mạnh học tập của học sinh (điểm các môn, tự nhận xét) phù hợp với yêu cầu của ngành này đến mức nào (1-5)? Hồ sơ: Điểm thi: Toán 3.75, Văn 5.75, Lý 3.75, Sử 4.5. Nhà ở: Lào Cai. Giới tính: nữ. Học sinh chia sẻ: Em sợ đứng trước đông người. Em học ở đâu cũng được. Bố mẹ dặn phải đỗ ngay năm nay. Em muốn học Hóa học. Môn Sử em học kém. Em yếu môn Lý.","Ngành: Công nghệ giáo dục - Trường Đại học Quốc tế Sài Gòn. Lĩnh vực: Sư phạm - Giáo dục. Nơi học: nan. Chương trình: chuẩn. Học phí: không rõ. Điều kiện riêng: Sư phạm: không nhận thí sinh bị dị hình, dị tật, nói ngọng, nói lắp; điểm sàn của Bộ.",,,
1057c282c9442985,ability_fit,1 | 2 | 3 | 4 | 5 | insufficient,"Câu hỏi: Điểm mạnh học tập của học sinh (điểm các môn, tự nhận xét) phù hợp với yêu cầu của ngành này đến mức nào (1-5)? Hồ sơ: Điểm thi: Toán 4.75, Văn 7.75, Lý 7.5, Anh 6.25. Nhà ở: Hưng Yên. Giới tính: nam. Học sinh chia sẻ: Tôi là phụ huynh. Nhà cháu khó khăn, vợ chồng tôi làm nông. Bắc hay Nam cháu đều đi được. cháu rất thích ngành điện - điện tử, sau này muốn làm kỹ sư điện. Nói thật là cháu không hợp ngành luật. cháu yếu môn Toán. cháu muốn ngành có thu nhập cao. cháu sợ nhất là môn tiếng Anh.",Ngành: Tâm lý học - Trường Đại học Quốc tế Sài Gòn. Lĩnh vực: Y - Dược - Điều dưỡng - Sức khỏe. Nơi học: nan. Chương trình: chuẩn. Học phí: không rõ. Điều kiện riêng: Khối sức khỏe: có ngưỡng điểm sàn của Bộ.,,,
51bab63934aeeee9,ability_fit,1 | 2 | 3 | 4 | 5 | insufficient,"Câu hỏi: Điểm mạnh học tập của học sinh (điểm các môn, tự nhận xét) phù hợp với yêu cầu của ngành này đến mức nào (1-5)? Hồ sơ: Điểm thi: Toán 1.75, Văn 3.5, KTPL 4.5, Sử 3.5. Nhà ở: Quảng Ninh. Giới tính: nữ. Học sinh chia sẻ: Địa điểm không quan trọng với em. Em chỉ cần chắc chắn đỗ, không muốn mạo hiểm.","Ngành: Công nghệ kỹ thuật cơ điện tử - Trường Đại học Công nghệ - Đại học Quốc gia Hà Nội. Lĩnh vực: Kỹ thuật - Công nghệ (cơ khí, điện, điện tử, ô tô, tự động hóa, vật liệu). Nơi học: nan. Chương trình: chuẩn. Học phí: 44 triệu/năm. Điều kiện riêng: không có.",,,
aaca88bfa711425f,ability_fit,1 | 2 | 3 | 4 | 5 | insufficient,"Câu hỏi: Điểm mạnh học tập của học sinh (điểm các môn, tự nhận xét) phù hợp với yêu cầu của ngành này đến mức nào (1-5)? Hồ sơ: Điểm thi: Toán 7, Văn 7.75, Anh 7, Địa 5.5. Nhà ở: Lai Châu. Giới tính: nam. Học sinh chia sẻ: Dạo này ôn thi mệt quá. Em cần ngành ổn định, ra trường có việc ngay. Em thích giảng bài cho bạn bè.",Ngành: Thú y - Trường Đại học Công nghệ Tp. Hồ Chí Minh. Lĩnh vực: Y - Dược - Điều dưỡng - Sức khỏe. Nơi học: nan. Chương trình: chuẩn. Học phí: không rõ. Điều kiện riêng: Khối sức khỏe: có ngưỡng điểm sàn của Bộ.,,,
307cb1a0340f221b,ability_fit,1 | 2 | 3 | 4 | 5 | insufficient,"Câu hỏi: Điểm mạnh học tập của học sinh (điểm các môn, tự nhận xét) phù hợp với yêu cầu của ngành này đến mức nào (1-5)? Hồ sơ: Điểm thi thử: Toán 7.25, Văn 7.75, Sử 6.25, Địa 7.75. Nhà ở: Ninh Bình. Giới tính: nữ. Học sinh chia sẻ: minh hay doc truyen tranh. minh so nhat la mon tieng Anh. Moi nguoi bao minh hay cham soc ong ba khi om. minh thich moi truong o TP.HCM nen muon hoc o do. Gia dinh minh khong lo ve hoc phi.",Ngành: Thú y công nghệ số (4) - Trường Đại học Công nghệ Tp. Hồ Chí Minh. Lĩnh vực: Y - Dược - Điều dưỡng - Sức khỏe. Nơi học: nan. Chương trình: chuẩn. Học phí: không rõ. Điều kiện riêng: Khối sức khỏe: có ngưỡng điểm sàn của Bộ.,,,
2e99dc54b26ea52d,ability_fit,1 | 2 | 3 | 4 | 5 | insufficient,"Câu hỏi: Điểm mạnh học tập của học sinh (điểm các môn, tự nhận xét) phù hợp với yêu cầu của ngành này đến mức nào (1-5)? Hồ sơ: Điểm thi: Toán 4, Văn 7, Hóa 8, Sử 6.75. Nhà ở: Hà Nội. Giới tính: nữ. Học sinh chia sẻ: mình muốn học trường có tên tuổi để sau này dễ xin việc. mình thích môi trường ở TP.HCM nên muốn học ở đó. Nhà mình khó khăn, bố mẹ làm nông.",Ngành: Thiết kế thời trang - Trường Đại học Công nghệ Tp. Hồ Chí Minh. Lĩnh vực: Y - Dược - Điều dưỡng - Sức khỏe. Nơi học: nan. Chương trình: chuẩn. Học phí: không rõ. Điều kiện riêng: Khối sức khỏe: có ngưỡng điểm sàn của Bộ.,,,
18fde5a9a597681e,ability_fit,1 | 2 | 3 | 4 | 5 | insufficient,"Câu hỏi: Điểm mạnh học tập của học sinh (điểm các môn, tự nhận xét) phù hợp với yêu cầu của ngành này đến mức nào (1-5)? Hồ sơ: Điểm thi: Toán 7.25, Văn 6, Hóa 6.5, Sinh 6. Nhà ở: Đồng Tháp. Giới tính: nữ. Học sinh chia sẻ: Em cần trường học phí thấp để đỡ cho bố mẹ. Học phí em có thể đóng khoảng 40 triệu một năm. Em định học Công nghệ thực phẩm vì muốn làm kỹ sư thực phẩm. Em thích môi trường ở HCM nên muốn học ở đó. Nói thật là em sợ tiêm.",Ngành: Công nghệ sinh học - Trường Đại học Công nghệ Tp. Hồ Chí Minh. Lĩnh vực: Sinh học - Hóa học - Công nghệ sinh học - Thực phẩm. Nơi học: nan. Chương trình: chuẩn. Học phí: không rõ. Điều kiện riêng: không có.,,,
0107356a5d06eca1,ability_fit,1 | 2 | 3 | 4 | 5 | insufficient,"Câu hỏi: Điểm mạnh học tập của học sinh (điểm các môn, tự nhận xét) phù hợp với yêu cầu của ngành này đến mức nào (1-5)? Hồ sơ: Điểm thi: Toán 10, Văn 7.5, Sử 10, Anh 8.75. Nhà ở: Nghệ An. Giới tính: nữ. Học sinh chia sẻ: e dinh hoc cong nghe thuc pham vi muon nghien cuu sinh hoc. ngoai gio hoc e thich tranh bien, hay di thi debate. chon vua suc la chinh, them 1-2 nguyen vong thu thach. e ko muon hoc xa nha. bo me noi chi chi duoc khoang 15 trieu mot nam tien hoc. e hoc tot mon su.",Ngành: Công nghệ thực phẩm - Trường Đại học Công nghệ Tp. Hồ Chí Minh. Lĩnh vực: Sinh học - Hóa học - Công nghệ sinh học - Thực phẩm. Nơi học: nan. Chương trình: chuẩn. Học phí: không rõ. Điều kiện riêng: không có.,,,
6a7ad10427efa4c9,ability_fit,1 | 2 | 3 | 4 | 5 | insufficient,"Câu hỏi: Điểm mạnh học tập của học sinh (điểm các môn, tự nhận xét) phù hợp với yêu cầu của ngành này đến mức nào (1-5)? Hồ sơ: Điểm thi: Toán 8.25, Văn 7, Anh 6.25, Hóa 6.25. Nhà ở: Lạng Sơn. Giới tính: nam. Học sinh chia sẻ: Ngoài giờ học mình hay kèm bài cho mình nhỏ hàng xóm. Nhà mình không cho thi lại nên phải đỗ bằng được. mình sợ nhất là môn tiếng Anh.",Ngành: Quản trị kinh doanh - Trường Đại học Giao thông Vận tải. Lĩnh vực: Kinh tế - Kinh doanh - Quản trị - Marketing - Thương mại. Nơi học: nan. Chương trình: chuẩn. Học phí: 24-26 triệu/năm. Điều kiện riêng: không có.,,,
76c6c95e7a394427,ability_fit,1 | 2 | 3 | 4 | 5 | insufficient,"Câu hỏi: Điểm mạnh học tập của học sinh (điểm các môn, tự nhận xét) phù hợp với yêu cầu của ngành này đến mức nào (1-5)? Hồ sơ: Điểm thi: Toán 8, Văn 5.25, Địa 6.25, Tin 6.25. Nhà ở: Gia Lai. Giới tính: nam. Học sinh chia sẻ: Em muốn học sư phạm tiếng Anh. Em muốn ngành có thu nhập cao. Em không thích học lý thuyết khô khan. Nói thật là em không thích viết lách. Tiếng Anh em rất kém. Nhà em có 3 anh chị em. Ưu tiên của em là an toàn, đỗ là được. Ngoài giờ học em đang bán quần áo online kiếm thêm. Nhưng mà em muốn thử một vài trường cao hơn sức mình nhưng vẫn phải có trường dự phòng.","Ngành: Kinh tế quốc tế - Học viện Chính sách và Phát triển. Lĩnh vực: Kinh tế - Kinh doanh - Quản trị - Marketing - Thương mại. Nơi học: nan. Chương trình: liên kết/quốc tế. Học phí: 28 triệu/năm. Điều kiện riêng: Học bằng tiếng Anh (thường cần trình độ tiếng Anh tốt, có thể yêu cầu IELTS/chứng chỉ khi nhập học) | Chương trình liên kết/quốc tế: học phí cao hơn chương trình chuẩn.",,,
152e3b01be415fa8,ability_fit,1 | 2 | 3 | 4 | 5 | insufficient,"Câu hỏi: Điểm mạnh học tập của học sinh (điểm các môn, tự nhận xét) phù hợp với yêu cầu của ngành này đến mức nào (1-5)? Hồ sơ: Điểm thi: Toán 8.25, Văn 8.5, Anh 5.25, Hóa 7.5. Nhà ở: Thái Nguyên. Giới tính: nam. Học sinh chia sẻ: Tôi là phụ huynnh. cháu thuộc hộ cận nghèo nên rất lo tiền họọc. cháu rất thích ngành kinh tế, sau này muốn làm marketing. cháu chỉ muốn học ở thành phố Hồ Chí Minh. cháu có nuôi ột con mèo tên Mướp. cháu chấp nậhn rủi ro, không đỗ trờng mình thích thì ôn thêm một năm.",Ngành: Quản trị kinh doanh - Trường Đại học Giao thông Vận tải. Lĩnh vực: Kinh tế - Kinh doanh - Quản trị - Marketing - Thương mại. Nơi học: nan. Chương trình: chuẩn. Học phí: 24-26 triệu/năm. Điều kiện riêng: không có.,,,
ed2431ed4f594b2e,ability_fit,1 | 2 | 3 | 4 | 5 | insufficient,"Câu hỏi: Điểm mạnh học tập của học sinh (điểm các môn, tự nhận xét) phù hợp với yêu cầu của ngành này đến mức nào (1-5)? Hồ sơ: Điểm thi thử: Toán 9, Văn 8, KTPL 7.25, Địa 7.5. Nhà ở: Lào Cai. Giới tính: nam. Học sinh chia sẻ: Nhà em không cho thi lại nên phải đỗ bằng được. Mẹ em muốn em học Vật lý, còn em thì không thích lắm. Em học ở đâu cũng được. Em là lớp trưởng. Ngoài giờ học em đi dạy gia sư từ lớp 11. Em chỉ học cơ sở chính thôi.",Ngành: Nghệ thuật số - Trường Đại học Công nghệ Tp. Hồ Chí Minh. Lĩnh vực: Thiết kế - Nghệ thuật - Sáng tạo số. Nơi học: nan. Chương trình: chuẩn. Học phí: không rõ. Điều kiện riêng: không có.,,,
90906ad770402544,ability_fit,1 | 2 | 3 | 4 | 5 | insufficient,"Câu hỏi: Điểm mạnh học tập của học sinh (điểm các môn, tự nhận xét) phù hợp với yêu cầu của ngành này đến mức nào (1-5)? Hồ sơ: Điểm thi: Toán 9, Văn 8, Sử 7, Lý 8.5. Nhà ở: Lạng Sơn. Học sinh chia sẻ: Bố mẹ muốn em học khoa học cơ bản, em thấy cũng được. Em học tốt môn Lý. Em muốn lên thủ đô học. Nói thật là em không thích học thuộc luật. Mọi người bảo em viết bài cho báo tường. Em có IELTS 6.5. Em học tốt môn Toán. Nhà em có 3 anh chị em.",Ngành: Luật kinh tế - Trường Đại học Công nghệ Tp. Hồ Chí Minh. Lĩnh vực: Luật. Nơi học: nan. Chương trình: chuẩn. Học phí: không rõ. Điều kiện riêng: không có.,,,
b5aa864df8857159,ability_fit,1 | 2 | 3 | 4 | 5 | insufficient,"Câu hỏi: Điểm mạnh học tập của học sinh (điểm các môn, tự nhận xét) phù hợp với yêu cầu của ngành này đến mức nào (1-5)? Hồ sơ: Điểm thi: Toán 3.25, Văn 4.5, Anh 5.25, Địa 3.5. Nhà ở: Gia Lai. Học sinh chia sẻ: Tôi là phụ huynh. Nhà cháu không cho thi lại nên phải đỗ bằng được. cháu học ở đâu cũng được. Nhưng mà cháu muốn thử sức hết mình với trường thật cao. Ngoài giờ học cháu thích giao tiếp với người nước ngoài. cháu ở nội trú. Môn Toán cháu học kém. Quan trọng nhất là trường top, có tiếng. Kinh tế nhà cháu khá thoải mái.","Ngành: Kỹ thuật cơ khí - Trường Đại học Công nghệ Tp. Hồ Chí Minh. Lĩnh vực: Kỹ thuật - Công nghệ (cơ khí, điện, điện tử, ô tô, tự động hóa, vật liệu). Nơi học: nan. Chương trình: chuẩn. Học phí: không rõ. Điều kiện riêng: không có.",,,
81c465e1d8d62ea0,ability_fit,1 | 2 | 3 | 4 | 5 | insufficient,"Câu hỏi: Điểm mạnh học tập của học sinh (điểm các môn, tự nhận xét) phù hợp với yêu cầu của ngành này đến mức nào (1-5)? Hồ sơ: Điểm thi: Toán 7.25, Văn 7.75, Sử 9.25, Lý 6.25. Nhà ở: Tây Ninh. Giới tính: nữ. Học sinh chia sẻ: Em muốn lên Hà Nội học. Sử là môn mạnh nhất của em. Nói thật là em không muốn về nông thôn làm việc. Nguyện vọng của em là học Quản trị kinh doanh.",Ngành: Vật lý kỹ thuật - Trường Đại học Công nghệ - Đại học Quốc gia Hà Nội. Lĩnh vực: Khoa học tự nhiên - Toán - Vật lý - Thống kê. Nơi học: nan. Chương trình: chuẩn. Học phí: 44 triệu/năm. Điều kiện riêng: không có.,,,
acbdf522309a3845,ability_fit,1 | 2 | 3 | 4 | 5 | insufficient,"Câu hỏi: Điểm mạnh học tập của học sinh (điểm các môn, tự nhận xét) phù hợp với yêu cầu của ngành này đến mức nào (1-5)? Hồ sơ: Điểm thi thử: Toán 6.25, Văn 7, Sử 8.75, Anh 7.5. Nhà ở: Sơn La. Giới tính: nam. Học sinh chia sẻ: Học phí em có thể đóng khoảng 40 triệu một năm. Em muốn học Điều dưỡng. Em thích ăn bún chả. Em muốn thử một vài trường cao hơn sức mình nhưng vẫn phải có trường dự phòng. Em giao tiếp tiếng Anh ổn. Sử là môn mạnh nhất của em. Địa điểm không quan trọng với em. Em muốn học trường có tên tuổi để sau này dễ xin việc.",Ngành: Y khoa - Trường Đại học Công nghệ Tp. Hồ Chí Minh. Lĩnh vực: Y - Dược - Điều dưỡng - Sức khỏe. Nơi học: nan. Chương trình: chuẩn. Học phí: không rõ. Điều kiện riêng: Khối sức khỏe: có ngưỡng điểm sàn của Bộ.,,,
08e6d09b50a7be5f,ability_fit,1 | 2 | 3 | 4 | 5 | insufficient,"Câu hỏi: Điểm mạnh học tập của học sinh (điểm các môn, tự nhận xét) phù hợp với yêu cầu của ngành này đến mức nào (1-5)? Hồ sơ: Điểm thi: Toán 5.5, Văn 6.75, Anh 4, Sử 5.75. Nhà ở: Ninh Bình. Học sinh chia sẻ: Em ở nội trú. Em ưu tiên học ở gần để còn về phụ bố mẹ. Gia đình em chỉ lo được học phí khoảng 40 triệu một năm. Ước mơ của em là làm pháp chế doanh nghiệp. Mẹ em muốn em học Toán ứng dụng, còn em thì không thích lắm. Em muốn học Kế toán. Em muốn lên HCM học.",Ngành: Toán tin - Trường Đại học Điện lực. Lĩnh vực: Khoa học tự nhiên - Toán - Vật lý - Thống kê. Nơi học: nan. Chương trình: chuẩn. Học phí: không rõ. Điều kiện riêng: không có.,,,
948cf115bb5933bd,ability_fit,1 | 2 | 3 | 4 | 5 | insufficient,"Câu hỏi: Điểm mạnh học tập của học sinh (điểm các môn, tự nhận xét) phù hợp với yêu cầu của ngành này đến mức nào (1-5)? Hồ sơ: Điểm thi: Toán 4.75, Văn 5.5, Lý 6, Sử 6.75. Nhà ở: Hà Tĩnh. Giới tính: nam. Học sinh chia sẻ: Em không muốn học xa nhà. Gia đình em chỉ lo được học phí tầm 3.5 triệu mỗi tháng. Nguyện vọng của em là học quy hoạch. Quan trọng nhất là được học gần nhà. Em yếu môn Toán. Bố mẹ bắt em học Du lịch nhưng em không muốn. Em muốn cân bằng, vừa thử sức vừa có đường lui.",Ngành: Logistics và Quản lý chuỗi cung ứng - Trường Đại học Điện lực. Lĩnh vực: Du lịch - Khách sạn - Logistics - Hàng không - Dịch vụ. Nơi học: nan. Chương trình: chuẩn. Học phí: không rõ. Điều kiện riêng: không có.,,,
8eb6a2b721be1483,ability_fit,1 | 2 | 3 | 4 | 5 | insufficient,"Câu hỏi: Điểm mạnh học tập của học sinh (điểm các môn, tự nhận xét) phù hợp với yêu cầu của ngành này đến mức nào (1-5)? Hồ sơ: Điểm thi: Toán 6.5, Văn 6.5, Hóa 5.75, Anh 7.25. Nhà ở: Bắc Ninh. Giới tính: nam. Học sinh chia sẻ: Nhà em khó khăn, bố mẹ làm nông. Em cần trường học phí thấp để đỡ cho bố mẹ. Em sẵn sàng liều để vào trường mơ ước, trượt thì năm sau thi lại. Cuối tuần em hay đá bóng với bạn. Em muốn lên HN học. Em thích lên kế hoạch, tổ chức sự kiện ở trường.",Ngành: Công nghệ thông tin (Chương trình CLC Công nghệ thông tin Việt - Anh) - Trường Đại học Giao thông Vận tải. Lĩnh vực: Công nghệ thông tin - Máy tính - Dữ liệu - AI. Nơi học: nan. Chương trình: chất lượng cao. Học phí: 24 triệu/năm (ước tính theo mức chung của trường). Điều kiện riêng: không có.,,,
9c9001c5e460d77a,ability_fit,1 | 2 | 3 | 4 | 5 | insufficient,"Câu hỏi: Điểm mạnh học tập của học sinh (điểm các môn, tự nhận xét) phù hợp với yêu cầu của ngành này đến mức nào (1-5)? Hồ sơ: Điểm thi: Toán 7, Văn 6.75, KTPL 5.75, Sử 7.5. Nhà ở: Thanh Hóa. Giới tính: nữ. Học sinh chia sẻ: Bố mẹ dặn phải đỗ ngay năm nay. mình không thích viết lách. Gia đình mình chỉ lo được học phí tầm 2 triệu mỗi tháng. mình muốn học ngành Luật kinh tế. Quan trọng nhất là ra trường dễ xin việc. mình sợ cuộc sống ở Hà Nội hay Sài Gòn.",Ngành: Khoa học và kỹ thuật dữ liệu - Trường Đại học Công nghệ - Đại học Quốc gia Hà Nội. Lĩnh vực: Công nghệ thông tin - Máy tính - Dữ liệu - AI. Nơi học: nan. Chương trình: chuẩn. Học phí: 38 triệu/năm. Điều kiện riêng: không có.,,,
2878771bd70d727f,ability_fit,1 | 2 | 3 | 4 | 5 | insufficient,"Câu hỏi: Điểm mạnh học tập của học sinh (điểm các môn, tự nhận xét) phù hợp với yêu cầu của ngành này đến mức nào (1-5)? Hồ sơ: Điểm thi: Toán 7.5, Văn 7.25, Anh 7.75, Địa 8.25. Nhà ở: Đồng Nai. Giới tính: nam. Học sinh chia sẻ: Tôôi là phụ hunyh. cháu muốn tửh ộmt vài trường cao hơn sức mình nhưng vẫn phải có trường dự phòng. cháu thuộc hộ cận nghèo nên rất lo tiền học. hcáu học ở đââu cũng được. cháu muốn họcc ngôn ngữ Turng. Ước mơ của cháu là làm ở ngân hàng. chá hay đọc truyện tranh.","Ngành: Kinh tế xây dựng (Chuyên ngành: Kinh tế và quản lý cơ sở hạ tầng, Kinh tế và quản lý đầu tư xây dựng) - Trường Đại học Giao thông Vận tải. Lĩnh vực: Tài chính - Ngân hàng - Kế toán - Kiểm toán - Bảo hiểm. Nơi học: hạ tầng. Chương trình: chuẩn. Học phí: 24-26 triệu/năm. Điều kiện riêng: Học tại hạ tầng.",,,
44f180f7d94af5aa,ability_fit,1 | 2 | 3 | 4 | 5 | insufficient,"Câu hỏi: Điểm mạnh học tập của học sinh (điểm các môn, tự nhận xét) phù hợp với yêu cầu của ngành này đến mức nào (1-5)? Hồ sơ: Điểm thi thử: Toán 8.5, Văn 7.75, Địa 5, Sử 8.25. Nhà ở: Lào Cai. Giới tính: nam. Học sinh chia sẻ: Bằng của trường xịn là quan trọng nhất. Em rất thích ngành kỹ thuật hóa, sau này muốn làm kỹ sư thực phẩm. Em giao tiếp tiếng Anh ổn. Toán là môn mạnh nhất của em. Môn Địa em học kém. Học phí em có thể đóng khoảng 25 triệu một năm. Em muốn học gần nhà để tiện về thăm bố mẹ.",Ngành: Quản trị dịch vụ du lịch và lữ hành - Trường Đại học Công nghệ Tp. Hồ Chí Minh. Lĩnh vực: Du lịch - Khách sạn - Logistics - Hàng không - Dịch vụ. Nơi học: nan. Chương trình: chuẩn. Học phí: không rõ. Điều kiện riêng: không có.,,,
282359d6c1ee9407,ability_fit,1 | 2 | 3 | 4 | 5 | insufficient,"Câu hỏi: Điểm mạnh học tập của học sinh (điểm các môn, tự nhận xét) phù hợp với yêu cầu của ngành này đến mức nào (1-5)? Hồ sơ: Điểm thi: Toán 5.25, Văn 8, Lý 6.5, Địa 5. Nhà ở: Tây Ninh. Giới tính: nam. Học sinh chia sẻ: Gia dinh minh chi lo duoc hoc phi khoang 30 trieu mot nam. minh san sang lieu de vao truong mo uoc, truot thi nam sau thi lai. Uoc mo cua minh la thiet ke nha. Mon Dia minh hoc kem. Gia dinh dinh huong minh hoc giao duc tieu hoc va minh cung khong phan doi. minh muon hoc gan nha de tien ve tham bo me.","Ngành: Sư phạm công nghệ - Học viện Nông nghiệp Việt Nam. Lĩnh vực: Sư phạm - Giáo dục. Nơi học: nan. Chương trình: chuẩn. Học phí: không rõ. Điều kiện riêng: Sư phạm: không nhận thí sinh bị dị hình, dị tật, nói ngọng, nói lắp; điểm sàn của Bộ.",,,
12ef0d9370aad91a,ability_fit,1 | 2 | 3 | 4 | 5 | insufficient,"Câu hỏi: Điểm mạnh học tập của học sinh (điểm các môn, tự nhận xét) phù hợp với yêu cầu của ngành này đến mức nào (1-5)? Hồ sơ: Điểm thi thử: Toán 6.25, Văn 7, Sử 6, Anh 5. Nhà ở: Tây Ninh. Giới tính: nữ. Học sinh chia sẻ: Bằng của trường xịn là quan trọng nhất. Bố mẹ bắt em học Thiết kế đồ họa nhưng em không muốn. Em từng đạt giải khuyến khích văn nghệ. Bố mẹ nói chỉ chi được tối đa 18tr/năm tiền học. Em muốn học gần nhà để tiện về thăm bố mẹ. Em không muốn làm công trường.",Ngành: Kỹ thuật cơ sở hạ tầng (Chuyên ngành Cơ sở hạ tầng kỹ thuật đô thị) - Trường Đại học Giao thông Vận tải. Lĩnh vực: Kiến trúc - Xây dựng - Giao thông - Quy hoạch. Nơi học: hạ tầng. Chương trình: chuẩn. Học phí: 24-26 triệu/năm. Điều kiện riêng: Học tại hạ tầng.,,,
c0828e1cb776623b,ability_fit,1 | 2 | 3 | 4 | 5 | insufficient,"Câu hỏi: Điểm mạnh học tập của học sinh (điểm các môn, tự nhận xét) phù hợp với yêu cầu của ngành này đến mức nào (1-5)? Hồ sơ: Điểm thi thử: Toán 8, Văn 6.75, Lý 4.5, Anh 4.5. Nhà ở: Quảng Ninh. Giới tính: nam. Học sinh chia sẻ: Em muốn thử sức hết mình với trường thật cao. Em muốn học gần nhà để tiện về thăm bố mẹ. Em yếu môn Lý. Nhà em khó khăn, bố mẹ làm nông. Em yếu môn Anh. Em thích nghe nhạc Sơn Tùng. Nguyện vọng của em là học Du lịch. Em hay sửa xe máy cùng bố. Em không muốn đi xa gia đình.",Ngành: Ngôn ngữ Hàn Quốc - Trường Đại học Công nghệ Tp. Hồ Chí Minh. Lĩnh vực: Ngôn ngữ - Văn hóa - Quốc tế học. Nơi học: nan. Chương trình: chuẩn. Học phí: không rõ. Điều kiện riêng: không có.,,,
a258afe42ede18c6,ability_fit,1 | 2 | 3 | 4 | 5 | insufficient,"Câu hỏi: Điểm mạnh học tập của học sinh (điểm các môn, tự nhận xét) phù hợp với yêu cầu của ngành này đến mức nào (1-5)? Hồ sơ: Điểm thi: Toán 3.5, Văn 5.25, Hóa 3.5, Anh 3. Nhà ở: Cần Thơ. Giới tính: nữ. Học sinh chia sẻ: Tôi là phụ huynh. Học phí cháu có thể đóng khoảng 60 triệu một năm. Nói thật là cháu không thích mấy ngành xã hội. cháu rất thích ngành khoa học cơ bản, sau này muốn làm giảng viên đại học. cháu yếu môn Hóa. Nhưng mà cháu muốn cân bằng, vừa thử sức vừa có đường lui. cháu cần trường học phí thấp để đỡ cho vợ chồng tôi. cháu muốn học kỹ thuật xây dựng. cháu yếu môn Toán. Ưu tiên của cháu là an toàn, đỗ là được.",Ngành: Vật lý kỹ thuật - Trường Đại học Điện lực. Lĩnh vực: Khoa học tự nhiên - Toán - Vật lý - Thống kê. Nơi học: nan. Chương trình: chuẩn. Học phí: không rõ. Điều kiện riêng: không có.,,,
98e24ea22fa9fe84,ability_fit,1 | 2 | 3 | 4 | 5 | insufficient,"Câu hỏi: Điểm mạnh học tập của học sinh (điểm các môn, tự nhận xét) phù hợp với yêu cầu của ngành này đến mức nào (1-5)? Hồ sơ: Điểm thi thử: Toán 9, Văn 8, KTPL 7.25, Địa 7.5. Nhà ở: Lào Cai. Giới tính: nam. Học sinh chia sẻ: Nhà em không cho thi lại nên phải đỗ bằng được. Mẹ em muốn em học Vật lý, còn em thì không thích lắm. Em học ở đâu cũng được. Em là lớp trưởng. Ngoài giờ học em đi dạy gia sư từ lớp 11. Em chỉ học cơ sở chính thôi.","Ngành: Công nghệ giáo dục - Trường Đại học Quốc tế Sài Gòn. Lĩnh vực: Sư phạm - Giáo dục. Nơi học: nan. Chương trình: chuẩn. Học phí: không rõ. Điều kiện riêng: Sư phạm: không nhận thí sinh bị dị hình, dị tật, nói ngọng, nói lắp; điểm sàn của Bộ.",,,
a01f42ec3d3637e9,ability_fit,1 | 2 | 3 | 4 | 5 | insufficient,"Câu hỏi: Điểm mạnh học tập của học sinh (điểm các môn, tự nhận xét) phù hợp với yêu cầu của ngành này đến mức nào (1-5)? Hồ sơ: Điểm thi: Toán 5.75, Văn 7.25, Sử 6.75, Anh 5.5. Nhà ở: Đắk Lắk. Giới tính: nữ. Học sinh chia sẻ: em sợ nhất là môn tiếng anh. em muốn ngành có thu nhập cao. ước mơ của em là tự mở công ty riêng. em sợ cuộc sống ở hà nội hay sài gòn. bố mẹ dặn phải đỗ ngay năm nay.",Ngành: Quản trị kinh doanh - Học viện Chính sách và Phát triển. Lĩnh vực: Kinh tế - Kinh doanh - Quản trị - Marketing - Thương mại. Nơi học: nan. Chương trình: chất lượng cao. Học phí: 35 triệu/năm. Điều kiện riêng: không có.,,,
6526935362044b85,ability_fit,1 | 2 | 3 | 4 | 5 | insufficient,"Câu hỏi: Điểm mạnh học tập của học sinh (điểm các môn, tự nhận xét) phù hợp với yêu cầu của ngành này đến mức nào (1-5)? Hồ sơ: Điểm thi thử: Toán 7, Văn 6.25, Lý 7, Sinh 6. Nhà ở: Hưng Yên. Giới tính: nam. Học sinh chia sẻ: tiếng anh e rất kém. nói thật là e học ngoại ngữ rất chán. e muốn thử một vài trường cao hơn sức mình nhưng vẫn phải có trường dự phòng. bố mẹ ko cho e đi học xa. mẹ e muốn e học kiến trúc, còn e thì ko thích lắm.",Ngành: Quản trị nhà hàng và dịch vụ ăn uống - Trường Đại học Công nghệ Tp. Hồ Chí Minh. Lĩnh vực: Du lịch - Khách sạn - Logistics - Hàng không - Dịch vụ. Nơi học: nan. Chương trình: chuẩn. Học phí: không rõ. Điều kiện riêng: không có.,,,
675df55124cd5c09,ability_fit,1 | 2 | 3 | 4 | 5 | insufficient,"Câu hỏi: Điểm mạnh học tập của học sinh (điểm các môn, tự nhận xét) phù hợp với yêu cầu của ngành này đến mức nào (1-5)? Hồ sơ: Điểm thi thử: Toán 7.25, Văn 7.5, Lý 4.25, Hóa 7. Nhà ở: Hưng Yên. Học sinh chia sẻ: em từng đạt giải khuyến khích văn nghệ. vs em đam mê là số 1. em thích môi trường ở thủ đô nên muốn học ở đó. em rất thích ngành quan hệ công chúng, sau này muốn làm mc. em ko dám liều, năm nay nhất định phải có trường.",Ngành: Toán tin - Trường Đại học Điện lực. Lĩnh vực: Khoa học tự nhiên - Toán - Vật lý - Thống kê. Nơi học: nan. Chương trình: chuẩn. Học phí: không rõ. Điều kiện riêng: không có.,,,
412656efb211df46,ability_fit,1 | 2 | 3 | 4 | 5 | insufficient,"Câu hỏi: Điểm mạnh học tập của học sinh (điểm các môn, tự nhận xét) phù hợp với yêu cầu của ngành này đến mức nào (1-5)? Hồ sơ: Điểm thi thử: Toán 8.5, Văn 8, Lý 8, Sử 8.75. Nhà ở: Phú Thọ. Giới tính: nữ. Học sinh chia sẻ: Mọi người bảo em hay xem các công trình cu đường. Em cần trường học phí thấp để đỡ ch obố mẹ. Học phí em có thể đóng khonảg 80 triệu một năm. Em khôông muốn làm kỹ sư trong nhà máy. Em định học Quan hệ công chúng vì muốn làm nhà báo. Nói thật là em không thích mấyy ngành xã hội. E mmhọc tốt môn Toán. Em muốn học gần nhà để tiện về htăm b mẹ. Em học tốt môn Sử.",Ngành: Quan hệ công chúng - Trường Đại học Quốc tế Sài Gòn. Lĩnh vực: Báo chí - Truyền thông - Quan hệ công chúng. Nơi học: nan. Chương trình: chuẩn. Học phí: không rõ. Điều kiện riêng: không có.,,,
ead61de50e437154,ability_fit,1 | 2 | 3 | 4 | 5 | insufficient,"Câu hỏi: Điểm mạnh học tập của học sinh (điểm các môn, tự nhận xét) phù hợp với yêu cầu của ngành này đến mức nào (1-5)? Hồ sơ: Điểm thi: Toán 7.5, Văn 8, Sinh 5.25, Lý 8.25. Nhà ở: Hưng Yên. Giới tính: nam. Học sinh chia sẻ: Quan trọng nhất là được học đúng ngành mình thích. Nói thật là em không muốn đi lại nhiều. Em muốn học Xây dựng. Em giao tiếp tiếng Anh ổn. Nói thật là em học ngoại ngữ rất chán. Em muốn lên thành phố Hồ Chí Minh học.",Ngành: Y khoa - Trường Đại học Công nghệ Tp. Hồ Chí Minh. Lĩnh vực: Y - Dược - Điều dưỡng - Sức khỏe. Nơi học: nan. Chương trình: chuẩn. Học phí: không rõ. Điều kiện riêng: Khối sức khỏe: có ngưỡng điểm sàn của Bộ.,,,
ae23bb0d05314d57,ability_fit,1 | 2 | 3 | 4 | 5 | insufficient,"Câu hỏi: Điểm mạnh học tập của học sinh (điểm các môn, tự nhận xét) phù hợp với yêu cầu của ngành này đến mức nào (1-5)? Hồ sơ: Điểm thi: Toán 8, Văn 7.75, Hóa 9, Anh 7.75. Nhà ở: Bắc Ninh. Giới tính: nữ. Học sinh chia sẻ: Em thích môi trường ở HN nên muốn học ở đó. Quan trọng nhất là học phí rẻ. Em giao tiếp tiếng Anh ổn. Ước mơ của em là làm bác sĩ nha khoa. Nhà em không cho thi lại nên phải đỗ bằng được. Học phí em có thể đóng khoảng 40 triệu một năm. Hóa là môn mạnh nhất của em.","Ngành: Điện tử - viễn thông - Trường Đại học Điện lực. Lĩnh vực: Kỹ thuật - Công nghệ (cơ khí, điện, điện tử, ô tô, tự động hóa, vật liệu). Nơi học: nan. Chương trình: chuẩn. Học phí: không rõ. Điều kiện riêng: không có.",,,
28f70486f2b8209a,ability_fit,1 | 2 | 3 | 4 | 5 | insufficient,"Câu hỏi: Điểm mạnh học tập của học sinh (điểm các môn, tự nhận xét) phù hợp với yêu cầu của ngành này đến mức nào (1-5)? Hồ sơ: Điểm thi thử: Toán 8.75, Văn 8.25, Lý 7, Sử 9.25. Nhà ở: TP. Hồ Chí Minh. Học sinh chia sẻ: em thích nghe nhạc sơn tùng. sử là môn mạnh hnất của em. em thuộc hộ cận nghèo nên rất lo tiền học. bắc hay nam em đều đi đc. toán là môn ạnh nhất của em. em không muốn học ở phân hiệu hay cơ sở tỉnh. nguyện vọng của em là học điện - điện tử. lương cao là ưu tiê ncủa em.","Ngành: Ngành Kinh doanh quốc tế - Trường Đại học Công nghệ Tp. Hồ Chí Minh. Lĩnh vực: Kinh tế - Kinh doanh - Quản trị - Marketing - Thương mại. Nơi học: nan. Chương trình: liên kết/quốc tế. Học phí: không rõ. Điều kiện riêng: Học bằng tiếng Anh (thường cần trình độ tiếng Anh tốt, có thể yêu cầu IELTS/chứng chỉ khi nhập học) | Chương trình liên kết/quốc tế: học phí cao hơn chương trình chuẩn.",,,
0e21ece891b53afb,ability_fit,1 | 2 | 3 | 4 | 5 | insufficient,"Câu hỏi: Điểm mạnh học tập của học sinh (điểm các môn, tự nhận xét) phù hợp với yêu cầu của ngành này đến mức nào (1-5)? Hồ sơ: Điểm thi: Toán 7.75, Văn 8.25, Sử 9, Địa 8.25. Nhà ở: Thái Nguyên. Học sinh chia sẻ: Ngoài giờ học mình thích đi phượt. Học phí mình có thể đóng khoảng 25 triệu một năm. mình học ngoại ngữ rất chán. mình mất gốc tiếng Anh. mình từng đạt giải khuyến khích văn nghệ.","Ngành: Kỹ thuật điện tử - viễn thông (Chuyên ngành Kỹ thuật điện tử và tin học công nghiệp) - Trường Đại học Giao thông Vận tải. Lĩnh vực: Kỹ thuật - Công nghệ (cơ khí, điện, điện tử, ô tô, tự động hóa, vật liệu). Nơi học: nan. Chương trình: chuẩn. Học phí: 24-26 triệu/năm. Điều kiện riêng: không có.",,,
47883e7af351640a,ability_fit,1 | 2 | 3 | 4 | 5 | insufficient,"Câu hỏi: Điểm mạnh học tập của học sinh (điểm các môn, tự nhận xét) phù hợp với yêu cầu của ngành này đến mức nào (1-5)? Hồ sơ: Điểm thi thử: Toán 4.5, Văn 6.5, Anh 4.25, Địa 4. Nhà ở: Ninh Bình. Giới tính: nữ. Học sinh chia sẻ: Nhà em khó khăn, bố mẹ làm nông. Nguyện vng của em là học an toàn thông tin. Em muốn học trờng có tên tuổi để sau này dễ xin việc. Em chỉ muốn học ở thủ đô. Em không dáám liều, năm nay hất ịnh phải có trường. Ngoài giờ học em từng đ itih học sinh giỏi Lý. Em thích ăn bún chả.",Ngành: Khoa học máy tính - Trường Đại học Công nghệ - Đại học Quốc gia Hà Nội. Lĩnh vực: Công nghệ thông tin - Máy tính - Dữ liệu - AI. Nơi học: nan. Chương trình: chuẩn. Học phí: 44 triệu/năm. Điều kiện riêng: không có.,,,
4936a5cb8db06b7c,ability_fit,1 | 2 | 3 | 4 | 5 | insufficient,"Câu hỏi: Điểm mạnh học tập của học sinh (điểm các môn, tự nhận xét) phù hợp với yêu cầu của ngành này đến mức nào (1-5)? Hồ sơ: Điểm thi thử: Toán 4.5, Văn 5.75, KTPL 3, Hóa 6.75. Nhà ở: Quảng Trị. Học sinh chia sẻ: Học phí em có thể đóng khoảng 40 triệu một năm. Em muốn học gần nhà để tiện về thăm bố mẹ. Ngoài giờ học em thích lắp mạch Arduino. Nguyện vọng của em là học Thống kê. Em không thích mấy ngành xã hội. Em có IELTS 6.5. Gia đình định hướng em học Kiến trúc và em cũng không phản đối.",Ngành: Vật lý kỹ thuật - Trường Đại học Công nghệ - Đại học Quốc gia Hà Nội. Lĩnh vực: Khoa học tự nhiên - Toán - Vật lý - Thống kê. Nơi học: nan. Chương trình: chuẩn. Học phí: 44 triệu/năm. Điều kiện riêng: không có.,,,
f7b04cc8b673458e,ability_fit,1 | 2 | 3 | 4 | 5 | insufficient,"Câu hỏi: Điểm mạnh học tập của học sinh (điểm các môn, tự nhận xét) phù hợp với yêu cầu của ngành này đến mức nào (1-5)? Hồ sơ: Điểm thi: Toán 7.5, Văn 8.5, Lý 7.75, Sử 8.25. Nhà ở: Ninh Bình. Giới tính: nam. Học sinh chia sẻ: mình quen công trường vì bố làm thầu xây dựng. mình ở nội trú. Với mình đam mê là số 1. mình sợ trượt lắm, muốn chọn chỗ chắc ăn. mình học tốt môn Văn.",Ngành: An toàn thông tin - Trường Đại học Công nghệ Tp. Hồ Chí Minh. Lĩnh vực: Công nghệ thông tin - Máy tính - Dữ liệu - AI. Nơi học: nan. Chương trình: chuẩn. Học phí: không rõ. Điều kiện riêng: không có.,,,
c2c9bc0714e43da1,ability_fit,1 | 2 | 3 | 4 | 5 | insufficient,"Câu hỏi: Điểm mạnh học tập của học sinh (điểm các môn, tự nhận xét) phù hợp với yêu cầu của ngành này đến mức nào (1-5)? Hồ sơ: Điểm thi: Toán 5.5, Văn 6.75, KTPL 7, Sử 8. Nhà ở: Tuyên Quang. Học sinh chia sẻ: quan trọng nhất là ra trường dễ xin việc. e muốn học gần nhà để tiện về thăm bố mẹ. e muốn học hóa học. e đang học thêm ở trung tâm gần nhà. e sợ nắng nóng ngoài công trường. nguyện vọng của e là học ngành it. e chỉ cần chắc chắn đỗ, ko muốn mạo hiểm. tiếng anh của e khá tốt.",Ngành: Tâm lý học - Trường Đại học Quốc tế Sài Gòn. Lĩnh vực: Y - Dược - Điều dưỡng - Sức khỏe. Nơi học: nan. Chương trình: chuẩn. Học phí: không rõ. Điều kiện riêng: Khối sức khỏe: có ngưỡng điểm sàn của Bộ.,,,
0ba42be84c82ed6c,ability_fit,1 | 2 | 3 | 4 | 5 | insufficient,"Câu hỏi: Điểm mạnh học tập của học sinh (điểm các môn, tự nhận xét) phù hợp với yêu cầu của ngành này đến mức nào (1-5)? Hồ sơ: Điểm thi: Toán 6.75, Văn 8, Anh 5.75, Tin 6.25. Nhà ở: Khánh Hòa. Giới tính: nam. Học sinh chia sẻ: e muốn thử sức hết mình vs trường thật cao. nhưng mà e muốn có cả phương án an toàn lẫn phương án cao. e muốn lên thành phố hồ chí minh học. nói thật là e sợ đứng trước đông người. nói thật là e ko thích viết lách.","Ngành: Cơ kỹ thuật - Trường Đại học Công nghệ - Đại học Quốc gia Hà Nội. Lĩnh vực: Kỹ thuật - Công nghệ (cơ khí, điện, điện tử, ô tô, tự động hóa, vật liệu). Nơi học: nan. Chương trình: chuẩn. Học phí: 44 triệu/năm. Điều kiện riêng: không có.",,,
0aa0c52c2724dc2e,budget_ok,yes | no | insufficient,"Câu hỏi: Học phí của chương trình này có nằm trong khả năng tài chính học sinh đã nêu không? Hồ sơ: Điểm thi: Toán 4, Văn 7, Anh 5.25, Địa 8.25. Nhà ở: Ninh Bình. Giới tính: nam. Học sinh chia sẻ: Tôi là phụ huynh. Ước mơ của cháu là làm việc trong cơ quan nhà nước. Quan trọng nhất là học phí rẻ. Vợ chồng tôi nói chỉ chi được khoảng 18 triệu một năm tiền học. cháu ở nội trú.",Ngành: Quản trị sự kiện - Trường Đại học Công nghệ Tp. Hồ Chí Minh. Lĩnh vực: Du lịch - Khách sạn - Logistics - Hàng không - Dịch vụ. Nơi học: nan. Chương trình: chuẩn. Học phí: không rõ. Điều kiện riêng: không có.,,,
6b7b21818a66574a,budget_ok,yes | no | insufficient,"Câu hỏi: Học phí của chương trình này có nằm trong khả năng tài chính học sinh đã nêu không? Hồ sơ: Điểm thi: Toán 5.5, Văn 2.75, Tin 5.25, Lý 4.75. Nhà ở: Thanh Hóa. Giới tính: nam. Học sinh chia sẻ: e rất thích ngành công nghệ thông tin, sau này muốn làm kỹ sư phần mềm. e muốn thử một vài trường cao hơn sức mình nhưng vẫn phải có trường dự phòng. kinh tế gia đình e ko khá lắm. e cần ngành ổn định, ra trường có việc ngay. môn văn e học kém. e chỉ muốn học ở hn. e thi ielts được 6.0.",Ngành: Quản trị nhà hàng và dịch vụ ăn uống - Trường Đại học Công nghệ Tp. Hồ Chí Minh. Lĩnh vực: Du lịch - Khách sạn - Logistics - Hàng không - Dịch vụ. Nơi học: nan. Chương trình: chuẩn. Học phí: không rõ. Điều kiện riêng: không có.,,,
7fa5689f544b5777,budget_ok,yes | no | insufficient,"Câu hỏi: Học phí của chương trình này có nằm trong khả năng tài chính học sinh đã nêu không? Hồ sơ: Điểm thi: Toán 3.75, Văn 5.75, Lý 3.75, Sử 4.5. Nhà ở: Lào Cai. Giới tính: nữ. Học sinh chia sẻ: Em sợ đứng trước đông người. Em học ở đâu cũng được. Bố mẹ dặn phải đỗ ngay năm nay. Em muốn học Hóa học. Môn Sử em học kém. Em yếu môn Lý.","Ngành: Công nghệ giáo dục - Trường Đại học Quốc tế Sài Gòn. Lĩnh vực: Sư phạm - Giáo dục. Nơi học: nan. Chương trình: chuẩn. Học phí: không rõ. Điều kiện riêng: Sư phạm: không nhận thí sinh bị dị hình, dị tật, nói ngọng, nói lắp; điểm sàn của Bộ.",,,
89ed61ce7a006db8,budget_ok,yes | no | insufficient,"Câu hỏi: Học phí của chương trình này có nằm trong khả năng tài chính học sinh đã nêu không? Hồ sơ: Điểm thi: Toán 4.75, Văn 7.75, Lý 7.5, Anh 6.25. Nhà ở: Hưng Yên. Giới tính: nam. Học sinh chia sẻ: Tôi là phụ huynh. Nhà cháu khó khăn, vợ chồng tôi làm nông. Bắc hay Nam cháu đều đi được. cháu rất thích ngành điện - điện tử, sau này muốn làm kỹ sư điện. Nói thật là cháu không hợp ngành luật. cháu yếu môn Toán. cháu muốn ngành có thu nhập cao. cháu sợ nhất là môn tiếng Anh.",Ngành: Tâm lý học - Trường Đại học Quốc tế Sài Gòn. Lĩnh vực: Y - Dược - Điều dưỡng - Sức khỏe. Nơi học: nan. Chương trình: chuẩn. Học phí: không rõ. Điều kiện riêng: Khối sức khỏe: có ngưỡng điểm sàn của Bộ.,,,
1d7cb7eec12f5209,budget_ok,yes | no | insufficient,"Câu hỏi: Học phí của chương trình này có nằm trong khả năng tài chính học sinh đã nêu không? Hồ sơ: Điểm thi: Toán 1.75, Văn 3.5, KTPL 4.5, Sử 3.5. Nhà ở: Quảng Ninh. Giới tính: nữ. Học sinh chia sẻ: Địa điểm không quan trọng với em. Em chỉ cần chắc chắn đỗ, không muốn mạo hiểm.","Ngành: Công nghệ kỹ thuật cơ điện tử - Trường Đại học Công nghệ - Đại học Quốc gia Hà Nội. Lĩnh vực: Kỹ thuật - Công nghệ (cơ khí, điện, điện tử, ô tô, tự động hóa, vật liệu). Nơi học: nan. Chương trình: chuẩn. Học phí: 44 triệu/năm. Điều kiện riêng: không có.",,,
73b1c2da88816ded,budget_ok,yes | no | insufficient,"Câu hỏi: Học phí của chương trình này có nằm trong khả năng tài chính học sinh đã nêu không? Hồ sơ: Điểm thi: Toán 7, Văn 7.75, Anh 7, Địa 5.5. Nhà ở: Lai Châu. Giới tính: nam. Học sinh chia sẻ: Dạo này ôn thi mệt quá. Em cần ngành ổn định, ra trường có việc ngay. Em thích giảng bài cho bạn bè.",Ngành: Thú y - Trường Đại học Công nghệ Tp. Hồ Chí Minh. Lĩnh vực: Y - Dược - Điều dưỡng - Sức khỏe. Nơi học: nan. Chương trình: chuẩn. Học phí: không rõ. Điều kiện riêng: Khối sức khỏe: có ngưỡng điểm sàn của Bộ.,,,
f11f9f4d6366f771,budget_ok,yes | no | insufficient,"Câu hỏi: Học phí của chương trình này có nằm trong khả năng tài chính học sinh đã nêu không? Hồ sơ: Điểm thi thử: Toán 7.25, Văn 7.75, Sử 6.25, Địa 7.75. Nhà ở: Ninh Bình. Giới tính: nữ. Học sinh chia sẻ: minh hay doc truyen tranh. minh so nhat la mon tieng Anh. Moi nguoi bao minh hay cham soc ong ba khi om. minh thich moi truong o TP.HCM nen muon hoc o do. Gia dinh minh khong lo ve hoc phi.",Ngành: Thú y công nghệ số (4) - Trường Đại học Công nghệ Tp. Hồ Chí Minh. Lĩnh vực: Y - Dược - Điều dưỡng - Sức khỏe. Nơi học: nan. Chương trình: chuẩn. Học phí: không rõ. Điều kiện riêng: Khối sức khỏe: có ngưỡng điểm sàn của Bộ.,,,
d461381e150bc66b,budget_ok,yes | no | insufficient,"Câu hỏi: Học phí của chương trình này có nằm trong khả năng tài chính học sinh đã nêu không? Hồ sơ: Điểm thi: Toán 4, Văn 7, Hóa 8, Sử 6.75. Nhà ở: Hà Nội. Giới tính: nữ. Học sinh chia sẻ: mình muốn học trường có tên tuổi để sau này dễ xin việc. mình thích môi trường ở TP.HCM nên muốn học ở đó. Nhà mình khó khăn, bố mẹ làm nông.",Ngành: Thiết kế thời trang - Trường Đại học Công nghệ Tp. Hồ Chí Minh. Lĩnh vực: Y - Dược - Điều dưỡng - Sức khỏe. Nơi học: nan. Chương trình: chuẩn. Học phí: không rõ. Điều kiện riêng: Khối sức khỏe: có ngưỡng điểm sàn của Bộ.,,,
f25eed45d4ccf139,budget_ok,yes | no | insufficient,"Câu hỏi: Học phí của chương trình này có nằm trong khả năng tài chính học sinh đã nêu không? Hồ sơ: Điểm thi: Toán 7.25, Văn 6, Hóa 6.5, Sinh 6. Nhà ở: Đồng Tháp. Giới tính: nữ. Học sinh chia sẻ: Em cần trường học phí thấp để đỡ cho bố mẹ. Học phí em có thể đóng khoảng 40 triệu một năm. Em định học Công nghệ thực phẩm vì muốn làm kỹ sư thực phẩm. Em thích môi trường ở HCM nên muốn học ở đó. Nói thật là em sợ tiêm.",Ngành: Công nghệ sinh học - Trường Đại học Công nghệ Tp. Hồ Chí Minh. Lĩnh vực: Sinh học - Hóa học - Công nghệ sinh học - Thực phẩm. Nơi học: nan. Chương trình: chuẩn. Học phí: không rõ. Điều kiện riêng: không có.,,,
c18093d99540463f,budget_ok,yes | no | insufficient,"Câu hỏi: Học phí của chương trình này có nằm trong khả năng tài chính học sinh đã nêu không? Hồ sơ: Điểm thi: Toán 10, Văn 7.5, Sử 10, Anh 8.75. Nhà ở: Nghệ An. Giới tính: nữ. Học sinh chia sẻ: e dinh hoc cong nghe thuc pham vi muon nghien cuu sinh hoc. ngoai gio hoc e thich tranh bien, hay di thi debate. chon vua suc la chinh, them 1-2 nguyen vong thu thach. e ko muon hoc xa nha. bo me noi chi chi duoc khoang 15 trieu mot nam tien hoc. e hoc tot mon su.",Ngành: Công nghệ thực phẩm - Trường Đại học Công nghệ Tp. Hồ Chí Minh. Lĩnh vực: Sinh học - Hóa học - Công nghệ sinh học - Thực phẩm. Nơi học: nan. Chương trình: chuẩn. Học phí: không rõ. Điều kiện riêng: không có.,,,
5e5a674a60a5401f,budget_ok,yes | no | insufficient,"Câu hỏi: Học phí của chương trình này có nằm trong khả năng tài chính học sinh đã nêu không? Hồ sơ: Điểm thi: Toán 8.25, Văn 7, Anh 6.25, Hóa 6.25. Nhà ở: Lạng Sơn. Giới tính: nam. Học sinh chia sẻ: Ngoài giờ học mình hay kèm bài cho mình nhỏ hàng xóm. Nhà mình không cho thi lại nên phải đỗ bằng được. mình sợ nhất là môn tiếng Anh.",Ngành: Quản trị kinh doanh - Trường Đại học Giao thông Vận tải. Lĩnh vực: Kinh tế - Kinh doanh - Quản trị - Marketing - Thương mại. Nơi học: nan. Chương trình: chuẩn. Học phí: 24-26 triệu/năm. Điều kiện riêng: không có.,,,
e08734232a8bf385,budget_ok,yes | no | insufficient,"Câu hỏi: Học phí của chương trình này có nằm trong khả năng tài chính học sinh đã nêu không? Hồ sơ: Điểm thi: Toán 8, Văn 5.25, Địa 6.25, Tin 6.25. Nhà ở: Gia Lai. Giới tính: nam. Học sinh chia sẻ: Em muốn học sư phạm tiếng Anh. Em muốn ngành có thu nhập cao. Em không thích học lý thuyết khô khan. Nói thật là em không thích viết lách. Tiếng Anh em rất kém. Nhà em có 3 anh chị em. Ưu tiên của em là an toàn, đỗ là được. Ngoài giờ học em đang bán quần áo online kiếm thêm. Nhưng mà em muốn thử một vài trường cao hơn sức mình nhưng vẫn phải có trường dự phòng.","Ngành: Kinh tế quốc tế - Học viện Chính sách và Phát triển. Lĩnh vực: Kinh tế - Kinh doanh - Quản trị - Marketing - Thương mại. Nơi học: nan. Chương trình: liên kết/quốc tế. Học phí: 28 triệu/năm. Điều kiện riêng: Học bằng tiếng Anh (thường cần trình độ tiếng Anh tốt, có thể yêu cầu IELTS/chứng chỉ khi nhập học) | Chương trình liên kết/quốc tế: học phí cao hơn chương trình chuẩn.",,,
640202371db0686b,budget_ok,yes | no | insufficient,"Câu hỏi: Học phí của chương trình này có nằm trong khả năng tài chính học sinh đã nêu không? Hồ sơ: Điểm thi: Toán 8.25, Văn 8.5, Anh 5.25, Hóa 7.5. Nhà ở: Thái Nguyên. Giới tính: nam. Học sinh chia sẻ: Tôi là phụ huynnh. cháu thuộc hộ cận nghèo nên rất lo tiền họọc. cháu rất thích ngành kinh tế, sau này muốn làm marketing. cháu chỉ muốn học ở thành phố Hồ Chí Minh. cháu có nuôi ột con mèo tên Mướp. cháu chấp nậhn rủi ro, không đỗ trờng mình thích thì ôn thêm một năm.",Ngành: Quản trị kinh doanh - Trường Đại học Giao thông Vận tải. Lĩnh vực: Kinh tế - Kinh doanh - Quản trị - Marketing - Thương mại. Nơi học: nan. Chương trình: chuẩn. Học phí: 24-26 triệu/năm. Điều kiện riêng: không có.,,,
9c5452909908841f,budget_ok,yes | no | insufficient,"Câu hỏi: Học phí của chương trình này có nằm trong khả năng tài chính học sinh đã nêu không? Hồ sơ: Điểm thi thử: Toán 9, Văn 8, KTPL 7.25, Địa 7.5. Nhà ở: Lào Cai. Giới tính: nam. Học sinh chia sẻ: Nhà em không cho thi lại nên phải đỗ bằng được. Mẹ em muốn em học Vật lý, còn em thì không thích lắm. Em học ở đâu cũng được. Em là lớp trưởng. Ngoài giờ học em đi dạy gia sư từ lớp 11. Em chỉ học cơ sở chính thôi.",Ngành: Nghệ thuật số - Trường Đại học Công nghệ Tp. Hồ Chí Minh. Lĩnh vực: Thiết kế - Nghệ thuật - Sáng tạo số. Nơi học: nan. Chương trình: chuẩn. Học phí: không rõ. Điều kiện riêng: không có.,,,
758a169958ac9afc,budget_ok,yes | no | insufficient,"Câu hỏi: Học phí của chương trình này có nằm trong khả năng tài chính học sinh đã nêu không? Hồ sơ: Điểm thi: Toán 9, Văn 8, Sử 7, Lý 8.5. Nhà ở: Lạng Sơn. Học sinh chia sẻ: Bố mẹ muốn em học khoa học cơ bản, em thấy cũng được. Em học tốt môn Lý. Em muốn lên thủ đô học. Nói thật là em không thích học thuộc luật. Mọi người bảo em viết bài cho báo tường. Em có IELTS 6.5. Em học tốt môn Toán. Nhà em có 3 anh chị em.",Ngành: Luật kinh tế - Trường Đại học Công nghệ Tp. Hồ Chí Minh. Lĩnh vực: Luật. Nơi học: nan. Chương trình: chuẩn. Học phí: không rõ. Điều kiện riêng: không có.,,,
e4f571bcb9996e86,budget_ok,yes | no | insufficient,"Câu hỏi: Học phí của chương trình này có nằm trong khả năng tài chính học sinh đã nêu không? Hồ sơ: Điểm thi: Toán 3.25, Văn 4.5, Anh 5.25, Địa 3.5. Nhà ở: Gia Lai. Học sinh chia sẻ: Tôi là phụ huynh. Nhà cháu không cho thi lại nên phải đỗ bằng được. cháu học ở đâu cũng được. Nhưng mà cháu muốn thử sức hết mình với trường thật cao. Ngoài giờ học cháu thích giao tiếp với người nước ngoài. cháu ở nội trú. Môn Toán cháu học kém. Quan trọng nhất là trường top, có tiếng. Kinh tế nhà cháu khá thoải mái.","Ngành: Kỹ thuật cơ khí - Trường Đại học Công nghệ Tp. Hồ Chí Minh. Lĩnh vực: Kỹ thuật - Công nghệ (cơ khí, điện, điện tử, ô tô, tự động hóa, vật liệu). Nơi học: nan. Chương trình: chuẩn. Học phí: không rõ. Điều kiện riêng: không có.",,,
cd0a78cae0ae8b0e,budget_ok,yes | no | insufficient,"Câu hỏi: Học phí của chương trình này có nằm trong khả năng tài chính học sinh đã nêu không? Hồ sơ: Điểm thi: Toán 7.25, Văn 7.75, Sử 9.25, Lý 6.25. Nhà ở: Tây Ninh. Giới tính: nữ. Học sinh chia sẻ: Em muốn lên Hà Nội học. Sử là môn mạnh nhất của em. Nói thật là em không muốn về nông thôn làm việc. Nguyện vọng của em là học Quản trị kinh doanh.",Ngành: Vật lý kỹ thuật - Trường Đại học Công nghệ - Đại học Quốc gia Hà Nội. Lĩnh vực: Khoa học tự nhiên - Toán - Vật lý - Thống kê. Nơi học: nan. Chương trình: chuẩn. Học phí: 44 triệu/năm. Điều kiện riêng: không có.,,,
991efebd6d929293,budget_ok,yes | no | insufficient,"Câu hỏi: Học phí của chương trình này có nằm trong khả năng tài chính học sinh đã nêu không? Hồ sơ: Điểm thi thử: Toán 6.25, Văn 7, Sử 8.75, Anh 7.5. Nhà ở: Sơn La. Giới tính: nam. Học sinh chia sẻ: Học phí em có thể đóng khoảng 40 triệu một năm. Em muốn học Điều dưỡng. Em thích ăn bún chả. Em muốn thử một vài trường cao hơn sức mình nhưng vẫn phải có trường dự phòng. Em giao tiếp tiếng Anh ổn. Sử là môn mạnh nhất của em. Địa điểm không quan trọng với em. Em muốn học trường có tên tuổi để sau này dễ xin việc.",Ngành: Y khoa - Trường Đại học Công nghệ Tp. Hồ Chí Minh. Lĩnh vực: Y - Dược - Điều dưỡng - Sức khỏe. Nơi học: nan. Chương trình: chuẩn. Học phí: không rõ. Điều kiện riêng: Khối sức khỏe: có ngưỡng điểm sàn của Bộ.,,,
fbccb17ce43f35fa,budget_ok,yes | no | insufficient,"Câu hỏi: Học phí của chương trình này có nằm trong khả năng tài chính học sinh đã nêu không? Hồ sơ: Điểm thi: Toán 5.5, Văn 6.75, Anh 4, Sử 5.75. Nhà ở: Ninh Bình. Học sinh chia sẻ: Em ở nội trú. Em ưu tiên học ở gần để còn về phụ bố mẹ. Gia đình em chỉ lo được học phí khoảng 40 triệu một năm. Ước mơ của em là làm pháp chế doanh nghiệp. Mẹ em muốn em học Toán ứng dụng, còn em thì không thích lắm. Em muốn học Kế toán. Em muốn lên HCM học.",Ngành: Toán tin - Trường Đại học Điện lực. Lĩnh vực: Khoa học tự nhiên - Toán - Vật lý - Thống kê. Nơi học: nan. Chương trình: chuẩn. Học phí: không rõ. Điều kiện riêng: không có.,,,
ed28e4cbdb3e83fd,budget_ok,yes | no | insufficient,"Câu hỏi: Học phí của chương trình này có nằm trong khả năng tài chính học sinh đã nêu không? Hồ sơ: Điểm thi: Toán 4.75, Văn 5.5, Lý 6, Sử 6.75. Nhà ở: Hà Tĩnh. Giới tính: nam. Học sinh chia sẻ: Em không muốn học xa nhà. Gia đình em chỉ lo được học phí tầm 3.5 triệu mỗi tháng. Nguyện vọng của em là học quy hoạch. Quan trọng nhất là được học gần nhà. Em yếu môn Toán. Bố mẹ bắt em học Du lịch nhưng em không muốn. Em muốn cân bằng, vừa thử sức vừa có đường lui.",Ngành: Logistics và Quản lý chuỗi cung ứng - Trường Đại học Điện lực. Lĩnh vực: Du lịch - Khách sạn - Logistics - Hàng không - Dịch vụ. Nơi học: nan. Chương trình: chuẩn. Học phí: không rõ. Điều kiện riêng: không có.,,,
d34d8347dd30f602,budget_ok,yes | no | insufficient,"Câu hỏi: Học phí của chương trình này có nằm trong khả năng tài chính học sinh đã nêu không? Hồ sơ: Điểm thi: Toán 6.5, Văn 6.5, Hóa 5.75, Anh 7.25. Nhà ở: Bắc Ninh. Giới tính: nam. Học sinh chia sẻ: Nhà em khó khăn, bố mẹ làm nông. Em cần trường học phí thấp để đỡ cho bố mẹ. Em sẵn sàng liều để vào trường mơ ước, trượt thì năm sau thi lại. Cuối tuần em hay đá bóng với bạn. Em muốn lên HN học. Em thích lên kế hoạch, tổ chức sự kiện ở trường.",Ngành: Công nghệ thông tin (Chương trình CLC Công nghệ thông tin Việt - Anh) - Trường Đại học Giao thông Vận tải. Lĩnh vực: Công nghệ thông tin - Máy tính - Dữ liệu - AI. Nơi học: nan. Chương trình: chất lượng cao. Học phí: 24 triệu/năm (ước tính theo mức chung của trường). Điều kiện riêng: không có.,,,
6b7c226052623f6f,budget_ok,yes | no | insufficient,"Câu hỏi: Học phí của chương trình này có nằm trong khả năng tài chính học sinh đã nêu không? Hồ sơ: Điểm thi: Toán 7, Văn 6.75, KTPL 5.75, Sử 7.5. Nhà ở: Thanh Hóa. Giới tính: nữ. Học sinh chia sẻ: Bố mẹ dặn phải đỗ ngay năm nay. mình không thích viết lách. Gia đình mình chỉ lo được học phí tầm 2 triệu mỗi tháng. mình muốn học ngành Luật kinh tế. Quan trọng nhất là ra trường dễ xin việc. mình sợ cuộc sống ở Hà Nội hay Sài Gòn.",Ngành: Khoa học và kỹ thuật dữ liệu - Trường Đại học Công nghệ - Đại học Quốc gia Hà Nội. Lĩnh vực: Công nghệ thông tin - Máy tính - Dữ liệu - AI. Nơi học: nan. Chương trình: chuẩn. Học phí: 38 triệu/năm. Điều kiện riêng: không có.,,,
eb4df659c8c0837e,budget_ok,yes | no | insufficient,"Câu hỏi: Học phí của chương trình này có nằm trong khả năng tài chính học sinh đã nêu không? Hồ sơ: Điểm thi: Toán 7.5, Văn 7.25, Anh 7.75, Địa 8.25. Nhà ở: Đồng Nai. Giới tính: nam. Học sinh chia sẻ: Tôôi là phụ hunyh. cháu muốn tửh ộmt vài trường cao hơn sức mình nhưng vẫn phải có trường dự phòng. cháu thuộc hộ cận nghèo nên rất lo tiền học. hcáu học ở đââu cũng được. cháu muốn họcc ngôn ngữ Turng. Ước mơ của cháu là làm ở ngân hàng. chá hay đọc truyện tranh.","Ngành: Kinh tế xây dựng (Chuyên ngành: Kinh tế và quản lý cơ sở hạ tầng, Kinh tế và quản lý đầu tư xây dựng) - Trường Đại học Giao thông Vận tải. Lĩnh vực: Tài chính - Ngân hàng - Kế toán - Kiểm toán - Bảo hiểm. Nơi học: hạ tầng. Chương trình: chuẩn. Học phí: 24-26 triệu/năm. Điều kiện riêng: Học tại hạ tầng.",,,
ef668d85463b475c,budget_ok,yes | no | insufficient,"Câu hỏi: Học phí của chương trình này có nằm trong khả năng tài chính học sinh đã nêu không? Hồ sơ: Điểm thi thử: Toán 8.5, Văn 7.75, Địa 5, Sử 8.25. Nhà ở: Lào Cai. Giới tính: nam. Học sinh chia sẻ: Bằng của trường xịn là quan trọng nhất. Em rất thích ngành kỹ thuật hóa, sau này muốn làm kỹ sư thực phẩm. Em giao tiếp tiếng Anh ổn. Toán là môn mạnh nhất của em. Môn Địa em học kém. Học phí em có thể đóng khoảng 25 triệu một năm. Em muốn học gần nhà để tiện về thăm bố mẹ.",Ngành: Quản trị dịch vụ du lịch và lữ hành - Trường Đại học Công nghệ Tp. Hồ Chí Minh. Lĩnh vực: Du lịch - Khách sạn - Logistics - Hàng không - Dịch vụ. Nơi học: nan. Chương trình: chuẩn. Học phí: không rõ. Điều kiện riêng: không có.,,,
9efea73b17f3155d,budget_ok,yes | no | insufficient,"Câu hỏi: Học phí của chương trình này có nằm trong khả năng tài chính học sinh đã nêu không? Hồ sơ: Điểm thi: Toán 5.25, Văn 8, Lý 6.5, Địa 5. Nhà ở: Tây Ninh. Giới tính: nam. Học sinh chia sẻ: Gia dinh minh chi lo duoc hoc phi khoang 30 trieu mot nam. minh san sang lieu de vao truong mo uoc, truot thi nam sau thi lai. Uoc mo cua minh la thiet ke nha. Mon Dia minh hoc kem. Gia dinh dinh huong minh hoc giao duc tieu hoc va minh cung khong phan doi. minh muon hoc gan nha de tien ve tham bo me.","Ngành: Sư phạm công nghệ - Học viện Nông nghiệp Việt Nam. Lĩnh vực: Sư phạm - Giáo dục. Nơi học: nan. Chương trình: chuẩn. Học phí: không rõ. Điều kiện riêng: Sư phạm: không nhận thí sinh bị dị hình, dị tật, nói ngọng, nói lắp; điểm sàn của Bộ.",,,
8bf4aa4f582d653f,budget_ok,yes | no | insufficient,"Câu hỏi: Học phí của chương trình này có nằm trong khả năng tài chính học sinh đã nêu không? Hồ sơ: Điểm thi thử: Toán 6.25, Văn 7, Sử 6, Anh 5. Nhà ở: Tây Ninh. Giới tính: nữ. Học sinh chia sẻ: Bằng của trường xịn là quan trọng nhất. Bố mẹ bắt em học Thiết kế đồ họa nhưng em không muốn. Em từng đạt giải khuyến khích văn nghệ. Bố mẹ nói chỉ chi được tối đa 18tr/năm tiền học. Em muốn học gần nhà để tiện về thăm bố mẹ. Em không muốn làm công trường.",Ngành: Kỹ thuật cơ sở hạ tầng (Chuyên ngành Cơ sở hạ tầng kỹ thuật đô thị) - Trường Đại học Giao thông Vận tải. Lĩnh vực: Kiến trúc - Xây dựng - Giao thông - Quy hoạch. Nơi học: hạ tầng. Chương trình: chuẩn. Học phí: 24-26 triệu/năm. Điều kiện riêng: Học tại hạ tầng.,,,
068f391e1dd419b7,budget_ok,yes | no | insufficient,"Câu hỏi: Học phí của chương trình này có nằm trong khả năng tài chính học sinh đã nêu không? Hồ sơ: Điểm thi thử: Toán 8, Văn 6.75, Lý 4.5, Anh 4.5. Nhà ở: Quảng Ninh. Giới tính: nam. Học sinh chia sẻ: Em muốn thử sức hết mình với trường thật cao. Em muốn học gần nhà để tiện về thăm bố mẹ. Em yếu môn Lý. Nhà em khó khăn, bố mẹ làm nông. Em yếu môn Anh. Em thích nghe nhạc Sơn Tùng. Nguyện vọng của em là học Du lịch. Em hay sửa xe máy cùng bố. Em không muốn đi xa gia đình.",Ngành: Ngôn ngữ Hàn Quốc - Trường Đại học Công nghệ Tp. Hồ Chí Minh. Lĩnh vực: Ngôn ngữ - Văn hóa - Quốc tế học. Nơi học: nan. Chương trình: chuẩn. Học phí: không rõ. Điều kiện riêng: không có.,,,
0cefef95887a889b,budget_ok,yes | no | insufficient,"Câu hỏi: Học phí của chương trình này có nằm trong khả năng tài chính học sinh đã nêu không? Hồ sơ: Điểm thi: Toán 3.5, Văn 5.25, Hóa 3.5, Anh 3. Nhà ở: Cần Thơ. Giới tính: nữ. Học sinh chia sẻ: Tôi là phụ huynh. Học phí cháu có thể đóng khoảng 60 triệu một năm. Nói thật là cháu không thích mấy ngành xã hội. cháu rất thích ngành khoa học cơ bản, sau này muốn làm giảng viên đại học. cháu yếu môn Hóa. Nhưng mà cháu muốn cân bằng, vừa thử sức vừa có đường lui. cháu cần trường học phí thấp để đỡ cho vợ chồng tôi. cháu muốn học kỹ thuật xây dựng. cháu yếu môn Toán. Ưu tiên của cháu là an toàn, đỗ là được.",Ngành: Vật lý kỹ thuật - Trường Đại học Điện lực. Lĩnh vực: Khoa học tự nhiên - Toán - Vật lý - Thống kê. Nơi học: nan. Chương trình: chuẩn. Học phí: không rõ. Điều kiện riêng: không có.,,,
62da13c171d109ef,budget_ok,yes | no | insufficient,"Câu hỏi: Học phí của chương trình này có nằm trong khả năng tài chính học sinh đã nêu không? Hồ sơ: Điểm thi thử: Toán 9, Văn 8, KTPL 7.25, Địa 7.5. Nhà ở: Lào Cai. Giới tính: nam. Học sinh chia sẻ: Nhà em không cho thi lại nên phải đỗ bằng được. Mẹ em muốn em học Vật lý, còn em thì không thích lắm. Em học ở đâu cũng được. Em là lớp trưởng. Ngoài giờ học em đi dạy gia sư từ lớp 11. Em chỉ học cơ sở chính thôi.","Ngành: Công nghệ giáo dục - Trường Đại học Quốc tế Sài Gòn. Lĩnh vực: Sư phạm - Giáo dục. Nơi học: nan. Chương trình: chuẩn. Học phí: không rõ. Điều kiện riêng: Sư phạm: không nhận thí sinh bị dị hình, dị tật, nói ngọng, nói lắp; điểm sàn của Bộ.",,,
0765ebb240ae3961,budget_ok,yes | no | insufficient,"Câu hỏi: Học phí của chương trình này có nằm trong khả năng tài chính học sinh đã nêu không? Hồ sơ: Điểm thi: Toán 5.75, Văn 7.25, Sử 6.75, Anh 5.5. Nhà ở: Đắk Lắk. Giới tính: nữ. Học sinh chia sẻ: em sợ nhất là môn tiếng anh. em muốn ngành có thu nhập cao. ước mơ của em là tự mở công ty riêng. em sợ cuộc sống ở hà nội hay sài gòn. bố mẹ dặn phải đỗ ngay năm nay.",Ngành: Quản trị kinh doanh - Học viện Chính sách và Phát triển. Lĩnh vực: Kinh tế - Kinh doanh - Quản trị - Marketing - Thương mại. Nơi học: nan. Chương trình: chất lượng cao. Học phí: 35 triệu/năm. Điều kiện riêng: không có.,,,
f7e714146e20281f,budget_ok,yes | no | insufficient,"Câu hỏi: Học phí của chương trình này có nằm trong khả năng tài chính học sinh đã nêu không? Hồ sơ: Điểm thi thử: Toán 7, Văn 6.25, Lý 7, Sinh 6. Nhà ở: Hưng Yên. Giới tính: nam. Học sinh chia sẻ: tiếng anh e rất kém. nói thật là e học ngoại ngữ rất chán. e muốn thử một vài trường cao hơn sức mình nhưng vẫn phải có trường dự phòng. bố mẹ ko cho e đi học xa. mẹ e muốn e học kiến trúc, còn e thì ko thích lắm.",Ngành: Quản trị nhà hàng và dịch vụ ăn uống - Trường Đại học Công nghệ Tp. Hồ Chí Minh. Lĩnh vực: Du lịch - Khách sạn - Logistics - Hàng không - Dịch vụ. Nơi học: nan. Chương trình: chuẩn. Học phí: không rõ. Điều kiện riêng: không có.,,,
8c8f4b1411a2e5a3,budget_ok,yes | no | insufficient,"Câu hỏi: Học phí của chương trình này có nằm trong khả năng tài chính học sinh đã nêu không? Hồ sơ: Điểm thi thử: Toán 7.25, Văn 7.5, Lý 4.25, Hóa 7. Nhà ở: Hưng Yên. Học sinh chia sẻ: em từng đạt giải khuyến khích văn nghệ. vs em đam mê là số 1. em thích môi trường ở thủ đô nên muốn học ở đó. em rất thích ngành quan hệ công chúng, sau này muốn làm mc. em ko dám liều, năm nay nhất định phải có trường.",Ngành: Toán tin - Trường Đại học Điện lực. Lĩnh vực: Khoa học tự nhiên - Toán - Vật lý - Thống kê. Nơi học: nan. Chương trình: chuẩn. Học phí: không rõ. Điều kiện riêng: không có.,,,
bf9ad8342214c41f,budget_ok,yes | no | insufficient,"Câu hỏi: Học phí của chương trình này có nằm trong khả năng tài chính học sinh đã nêu không? Hồ sơ: Điểm thi thử: Toán 8.5, Văn 8, Lý 8, Sử 8.75. Nhà ở: Phú Thọ. Giới tính: nữ. Học sinh chia sẻ: Mọi người bảo em hay xem các công trình cu đường. Em cần trường học phí thấp để đỡ ch obố mẹ. Học phí em có thể đóng khonảg 80 triệu một năm. Em khôông muốn làm kỹ sư trong nhà máy. Em định học Quan hệ công chúng vì muốn làm nhà báo. Nói thật là em không thích mấyy ngành xã hội. E mmhọc tốt môn Toán. Em muốn học gần nhà để tiện về htăm b mẹ. Em học tốt môn Sử.",Ngành: Quan hệ công chúng - Trường Đại học Quốc tế Sài Gòn. Lĩnh vực: Báo chí - Truyền thông - Quan hệ công chúng. Nơi học: nan. Chương trình: chuẩn. Học phí: không rõ. Điều kiện riêng: không có.,,,
1c1c4724db8f3092,budget_ok,yes | no | insufficient,"Câu hỏi: Học phí của chương trình này có nằm trong khả năng tài chính học sinh đã nêu không? Hồ sơ: Điểm thi: Toán 7.5, Văn 8, Sinh 5.25, Lý 8.25. Nhà ở: Hưng Yên. Giới tính: nam. Học sinh chia sẻ: Quan trọng nhất là được học đúng ngành mình thích. Nói thật là em không muốn đi lại nhiều. Em muốn học Xây dựng. Em giao tiếp tiếng Anh ổn. Nói thật là em học ngoại ngữ rất chán. Em muốn lên thành phố Hồ Chí Minh học.",Ngành: Y khoa - Trường Đại học Công nghệ Tp. Hồ Chí Minh. Lĩnh vực: Y - Dược - Điều dưỡng - Sức khỏe. Nơi học: nan. Chương trình: chuẩn. Học phí: không rõ. Điều kiện riêng: Khối sức khỏe: có ngưỡng điểm sàn của Bộ.,,,
3b177f3fe3c530d7,budget_ok,yes | no | insufficient,"Câu hỏi: Học phí của chương trình này có nằm trong khả năng tài chính học sinh đã nêu không? Hồ sơ: Điểm thi: Toán 8, Văn 7.75, Hóa 9, Anh 7.75. Nhà ở: Bắc Ninh. Giới tính: nữ. Học sinh chia sẻ: Em thích môi trường ở HN nên muốn học ở đó. Quan trọng nhất là học phí rẻ. Em giao tiếp tiếng Anh ổn. Ước mơ của em là làm bác sĩ nha khoa. Nhà em không cho thi lại nên phải đỗ bằng được. Học phí em có thể đóng khoảng 40 triệu một năm. Hóa là môn mạnh nhất của em.","Ngành: Điện tử - viễn thông - Trường Đại học Điện lực. Lĩnh vực: Kỹ thuật - Công nghệ (cơ khí, điện, điện tử, ô tô, tự động hóa, vật liệu). Nơi học: nan. Chương trình: chuẩn. Học phí: không rõ. Điều kiện riêng: không có.",,,
4c341c2d59feb3a2,budget_ok,yes | no | insufficient,"Câu hỏi: Học phí của chương trình này có nằm trong khả năng tài chính học sinh đã nêu không? Hồ sơ: Điểm thi thử: Toán 8.75, Văn 8.25, Lý 7, Sử 9.25. Nhà ở: TP. Hồ Chí Minh. Học sinh chia sẻ: em thích nghe nhạc sơn tùng. sử là môn mạnh hnất của em. em thuộc hộ cận nghèo nên rất lo tiền học. bắc hay nam em đều đi đc. toán là môn ạnh nhất của em. em không muốn học ở phân hiệu hay cơ sở tỉnh. nguyện vọng của em là học điện - điện tử. lương cao là ưu tiê ncủa em.","Ngành: Ngành Kinh doanh quốc tế - Trường Đại học Công nghệ Tp. Hồ Chí Minh. Lĩnh vực: Kinh tế - Kinh doanh - Quản trị - Marketing - Thương mại. Nơi học: nan. Chương trình: liên kết/quốc tế. Học phí: không rõ. Điều kiện riêng: Học bằng tiếng Anh (thường cần trình độ tiếng Anh tốt, có thể yêu cầu IELTS/chứng chỉ khi nhập học) | Chương trình liên kết/quốc tế: học phí cao hơn chương trình chuẩn.",,,
ef3a742c362665bb,budget_ok,yes | no | insufficient,"Câu hỏi: Học phí của chương trình này có nằm trong khả năng tài chính học sinh đã nêu không? Hồ sơ: Điểm thi: Toán 7.75, Văn 8.25, Sử 9, Địa 8.25. Nhà ở: Thái Nguyên. Học sinh chia sẻ: Ngoài giờ học mình thích đi phượt. Học phí mình có thể đóng khoảng 25 triệu một năm. mình học ngoại ngữ rất chán. mình mất gốc tiếng Anh. mình từng đạt giải khuyến khích văn nghệ.","Ngành: Kỹ thuật điện tử - viễn thông (Chuyên ngành Kỹ thuật điện tử và tin học công nghiệp) - Trường Đại học Giao thông Vận tải. Lĩnh vực: Kỹ thuật - Công nghệ (cơ khí, điện, điện tử, ô tô, tự động hóa, vật liệu). Nơi học: nan. Chương trình: chuẩn. Học phí: 24-26 triệu/năm. Điều kiện riêng: không có.",,,
b3483896aa02cfd2,budget_ok,yes | no | insufficient,"Câu hỏi: Học phí của chương trình này có nằm trong khả năng tài chính học sinh đã nêu không? Hồ sơ: Điểm thi thử: Toán 4.5, Văn 6.5, Anh 4.25, Địa 4. Nhà ở: Ninh Bình. Giới tính: nữ. Học sinh chia sẻ: Nhà em khó khăn, bố mẹ làm nông. Nguyện vng của em là học an toàn thông tin. Em muốn học trờng có tên tuổi để sau này dễ xin việc. Em chỉ muốn học ở thủ đô. Em không dáám liều, năm nay hất ịnh phải có trường. Ngoài giờ học em từng đ itih học sinh giỏi Lý. Em thích ăn bún chả.",Ngành: Khoa học máy tính - Trường Đại học Công nghệ - Đại học Quốc gia Hà Nội. Lĩnh vực: Công nghệ thông tin - Máy tính - Dữ liệu - AI. Nơi học: nan. Chương trình: chuẩn. Học phí: 44 triệu/năm. Điều kiện riêng: không có.,,,
62d2bde395db6a8f,budget_ok,yes | no | insufficient,"Câu hỏi: Học phí của chương trình này có nằm trong khả năng tài chính học sinh đã nêu không? Hồ sơ: Điểm thi thử: Toán 4.5, Văn 5.75, KTPL 3, Hóa 6.75. Nhà ở: Quảng Trị. Học sinh chia sẻ: Học phí em có thể đóng khoảng 40 triệu một năm. Em muốn học gần nhà để tiện về thăm bố mẹ. Ngoài giờ học em thích lắp mạch Arduino. Nguyện vọng của em là học Thống kê. Em không thích mấy ngành xã hội. Em có IELTS 6.5. Gia đình định hướng em học Kiến trúc và em cũng không phản đối.",Ngành: Vật lý kỹ thuật - Trường Đại học Công nghệ - Đại học Quốc gia Hà Nội. Lĩnh vực: Khoa học tự nhiên - Toán - Vật lý - Thống kê. Nơi học: nan. Chương trình: chuẩn. Học phí: 44 triệu/năm. Điều kiện riêng: không có.,,,
c22797e060acc9d4,budget_ok,yes | no | insufficient,"Câu hỏi: Học phí của chương trình này có nằm trong khả năng tài chính học sinh đã nêu không? Hồ sơ: Điểm thi: Toán 7.5, Văn 8.5, Lý 7.75, Sử 8.25. Nhà ở: Ninh Bình. Giới tính: nam. Học sinh chia sẻ: mình quen công trường vì bố làm thầu xây dựng. mình ở nội trú. Với mình đam mê là số 1. mình sợ trượt lắm, muốn chọn chỗ chắc ăn. mình học tốt môn Văn.",Ngành: An toàn thông tin - Trường Đại học Công nghệ Tp. Hồ Chí Minh. Lĩnh vực: Công nghệ thông tin - Máy tính - Dữ liệu - AI. Nơi học: nan. Chương trình: chuẩn. Học phí: không rõ. Điều kiện riêng: không có.,,,
75d05190989198de,budget_ok,yes | no | insufficient,"Câu hỏi: Học phí của chương trình này có nằm trong khả năng tài chính học sinh đã nêu không? Hồ sơ: Điểm thi: Toán 5.5, Văn 6.75, KTPL 7, Sử 8. Nhà ở: Tuyên Quang. Học sinh chia sẻ: quan trọng nhất là ra trường dễ xin việc. e muốn học gần nhà để tiện về thăm bố mẹ. e muốn học hóa học. e đang học thêm ở trung tâm gần nhà. e sợ nắng nóng ngoài công trường. nguyện vọng của e là học ngành it. e chỉ cần chắc chắn đỗ, ko muốn mạo hiểm. tiếng anh của e khá tốt.",Ngành: Tâm lý học - Trường Đại học Quốc tế Sài Gòn. Lĩnh vực: Y - Dược - Điều dưỡng - Sức khỏe. Nơi học: nan. Chương trình: chuẩn. Học phí: không rõ. Điều kiện riêng: Khối sức khỏe: có ngưỡng điểm sàn của Bộ.,,,
822c3e2b7f0ea481,budget_ok,yes | no | insufficient,"Câu hỏi: Học phí của chương trình này có nằm trong khả năng tài chính học sinh đã nêu không? Hồ sơ: Điểm thi: Toán 6.75, Văn 8, Anh 5.75, Tin 6.25. Nhà ở: Khánh Hòa. Giới tính: nam. Học sinh chia sẻ: e muốn thử sức hết mình vs trường thật cao. nhưng mà e muốn có cả phương án an toàn lẫn phương án cao. e muốn lên thành phố hồ chí minh học. nói thật là e sợ đứng trước đông người. nói thật là e ko thích viết lách.","Ngành: Cơ kỹ thuật - Trường Đại học Công nghệ - Đại học Quốc gia Hà Nội. Lĩnh vực: Kỹ thuật - Công nghệ (cơ khí, điện, điện tử, ô tô, tự động hóa, vật liệu). Nơi học: nan. Chương trình: chuẩn. Học phí: 44 triệu/năm. Điều kiện riêng: không có.",,,
2f0915d636d6714c,conditions_ok,yes | no | insufficient,"Câu hỏi: Học sinh có đáp ứng/chấp nhận được các điều kiện riêng của chương trình này không? Hồ sơ: Điểm thi: Toán 4, Văn 7, Anh 5.25, Địa 8.25. Nhà ở: Ninh Bình. Giới tính: nam. Học sinh chia sẻ: Tôi là phụ huynh. Ước mơ của cháu là làm việc trong cơ quan nhà nước. Quan trọng nhất là học phí rẻ. Vợ chồng tôi nói chỉ chi được khoảng 18 triệu một năm tiền học. cháu ở nội trú.",Ngành: Quản trị sự kiện - Trường Đại học Công nghệ Tp. Hồ Chí Minh. Lĩnh vực: Du lịch - Khách sạn - Logistics - Hàng không - Dịch vụ. Nơi học: nan. Chương trình: chuẩn. Học phí: không rõ. Điều kiện riêng: không có.,,,
e30da333c201e359,conditions_ok,yes | no | insufficient,"Câu hỏi: Học sinh có đáp ứng/chấp nhận được các điều kiện riêng của chương trình này không? Hồ sơ: Điểm thi: Toán 5.5, Văn 2.75, Tin 5.25, Lý 4.75. Nhà ở: Thanh Hóa. Giới tính: nam. Học sinh chia sẻ: e rất thích ngành công nghệ thông tin, sau này muốn làm kỹ sư phần mềm. e muốn thử một vài trường cao hơn sức mình nhưng vẫn phải có trường dự phòng. kinh tế gia đình e ko khá lắm. e cần ngành ổn định, ra trường có việc ngay. môn văn e học kém. e chỉ muốn học ở hn. e thi ielts được 6.0.",Ngành: Quản trị nhà hàng và dịch vụ ăn uống - Trường Đại học Công nghệ Tp. Hồ Chí Minh. Lĩnh vực: Du lịch - Khách sạn - Logistics - Hàng không - Dịch vụ. Nơi học: nan. Chương trình: chuẩn. Học phí: không rõ. Điều kiện riêng: không có.,,,
e0cd4509545b4e4b,conditions_ok,yes | no | insufficient,"Câu hỏi: Học sinh có đáp ứng/chấp nhận được các điều kiện riêng của chương trình này không? Hồ sơ: Điểm thi: Toán 3.75, Văn 5.75, Lý 3.75, Sử 4.5. Nhà ở: Lào Cai. Giới tính: nữ. Học sinh chia sẻ: Em sợ đứng trước đông người. Em học ở đâu cũng được. Bố mẹ dặn phải đỗ ngay năm nay. Em muốn học Hóa học. Môn Sử em học kém. Em yếu môn Lý.","Ngành: Công nghệ giáo dục - Trường Đại học Quốc tế Sài Gòn. Lĩnh vực: Sư phạm - Giáo dục. Nơi học: nan. Chương trình: chuẩn. Học phí: không rõ. Điều kiện riêng: Sư phạm: không nhận thí sinh bị dị hình, dị tật, nói ngọng, nói lắp; điểm sàn của Bộ.",,,
ad70a0eb4ee6a2a0,conditions_ok,yes | no | insufficient,"Câu hỏi: Học sinh có đáp ứng/chấp nhận được các điều kiện riêng của chương trình này không? Hồ sơ: Điểm thi: Toán 4.75, Văn 7.75, Lý 7.5, Anh 6.25. Nhà ở: Hưng Yên. Giới tính: nam. Học sinh chia sẻ: Tôi là phụ huynh. Nhà cháu khó khăn, vợ chồng tôi làm nông. Bắc hay Nam cháu đều đi được. cháu rất thích ngành điện - điện tử, sau này muốn làm kỹ sư điện. Nói thật là cháu không hợp ngành luật. cháu yếu môn Toán. cháu muốn ngành có thu nhập cao. cháu sợ nhất là môn tiếng Anh.",Ngành: Tâm lý học - Trường Đại học Quốc tế Sài Gòn. Lĩnh vực: Y - Dược - Điều dưỡng - Sức khỏe. Nơi học: nan. Chương trình: chuẩn. Học phí: không rõ. Điều kiện riêng: Khối sức khỏe: có ngưỡng điểm sàn của Bộ.,,,
5cd6f8f26874197e,conditions_ok,yes | no | insufficient,"Câu hỏi: Học sinh có đáp ứng/chấp nhận được các điều kiện riêng của chương trình này không? Hồ sơ: Điểm thi: Toán 1.75, Văn 3.5, KTPL 4.5, Sử 3.5. Nhà ở: Quảng Ninh. Giới tính: nữ. Học sinh chia sẻ: Địa điểm không quan trọng với em. Em chỉ cần chắc chắn đỗ, không muốn mạo hiểm.","Ngành: Công nghệ kỹ thuật cơ điện tử - Trường Đại học Công nghệ - Đại học Quốc gia Hà Nội. Lĩnh vực: Kỹ thuật - Công nghệ (cơ khí, điện, điện tử, ô tô, tự động hóa, vật liệu). Nơi học: nan. Chương trình: chuẩn. Học phí: 44 triệu/năm. Điều kiện riêng: không có.",,,
cdd996f507b2b91d,conditions_ok,yes | no | insufficient,"Câu hỏi: Học sinh có đáp ứng/chấp nhận được các điều kiện riêng của chương trình này không? Hồ sơ: Điểm thi: Toán 7, Văn 7.75, Anh 7, Địa 5.5. Nhà ở: Lai Châu. Giới tính: nam. Học sinh chia sẻ: Dạo này ôn thi mệt quá. Em cần ngành ổn định, ra trường có việc ngay. Em thích giảng bài cho bạn bè.",Ngành: Thú y - Trường Đại học Công nghệ Tp. Hồ Chí Minh. Lĩnh vực: Y - Dược - Điều dưỡng - Sức khỏe. Nơi học: nan. Chương trình: chuẩn. Học phí: không rõ. Điều kiện riêng: Khối sức khỏe: có ngưỡng điểm sàn của Bộ.,,,
e0172faf2efbeb42,conditions_ok,yes | no | insufficient,"Câu hỏi: Học sinh có đáp ứng/chấp nhận được các điều kiện riêng của chương trình này không? Hồ sơ: Điểm thi thử: Toán 7.25, Văn 7.75, Sử 6.25, Địa 7.75. Nhà ở: Ninh Bình. Giới tính: nữ. Học sinh chia sẻ: minh hay doc truyen tranh. minh so nhat la mon tieng Anh. Moi nguoi bao minh hay cham soc ong ba khi om. minh thich moi truong o TP.HCM nen muon hoc o do. Gia dinh minh khong lo ve hoc phi.",Ngành: Thú y công nghệ số (4) - Trường Đại học Công nghệ Tp. Hồ Chí Minh. Lĩnh vực: Y - Dược - Điều dưỡng - Sức khỏe. Nơi học: nan. Chương trình: chuẩn. Học phí: không rõ. Điều kiện riêng: Khối sức khỏe: có ngưỡng điểm sàn của Bộ.,,,
574cf978395cde56,conditions_ok,yes | no | insufficient,"Câu hỏi: Học sinh có đáp ứng/chấp nhận được các điều kiện riêng của chương trình này không? Hồ sơ: Điểm thi: Toán 4, Văn 7, Hóa 8, Sử 6.75. Nhà ở: Hà Nội. Giới tính: nữ. Học sinh chia sẻ: mình muốn học trường có tên tuổi để sau này dễ xin việc. mình thích môi trường ở TP.HCM nên muốn học ở đó. Nhà mình khó khăn, bố mẹ làm nông.",Ngành: Thiết kế thời trang - Trường Đại học Công nghệ Tp. Hồ Chí Minh. Lĩnh vực: Y - Dược - Điều dưỡng - Sức khỏe. Nơi học: nan. Chương trình: chuẩn. Học phí: không rõ. Điều kiện riêng: Khối sức khỏe: có ngưỡng điểm sàn của Bộ.,,,
1f1147fc8ae427fd,conditions_ok,yes | no | insufficient,"Câu hỏi: Học sinh có đáp ứng/chấp nhận được các điều kiện riêng của chương trình này không? Hồ sơ: Điểm thi: Toán 7.25, Văn 6, Hóa 6.5, Sinh 6. Nhà ở: Đồng Tháp. Giới tính: nữ. Học sinh chia sẻ: Em cần trường học phí thấp để đỡ cho bố mẹ. Học phí em có thể đóng khoảng 40 triệu một năm. Em định học Công nghệ thực phẩm vì muốn làm kỹ sư thực phẩm. Em thích môi trường ở HCM nên muốn học ở đó. Nói thật là em sợ tiêm.",Ngành: Công nghệ sinh học - Trường Đại học Công nghệ Tp. Hồ Chí Minh. Lĩnh vực: Sinh học - Hóa học - Công nghệ sinh học - Thực phẩm. Nơi học: nan. Chương trình: chuẩn. Học phí: không rõ. Điều kiện riêng: không có.,,,
2c76aaeb1a337e8e,conditions_ok,yes | no | insufficient,"Câu hỏi: Học sinh có đáp ứng/chấp nhận được các điều kiện riêng của chương trình này không? Hồ sơ: Điểm thi: Toán 10, Văn 7.5, Sử 10, Anh 8.75. Nhà ở: Nghệ An. Giới tính: nữ. Học sinh chia sẻ: e dinh hoc cong nghe thuc pham vi muon nghien cuu sinh hoc. ngoai gio hoc e thich tranh bien, hay di thi debate. chon vua suc la chinh, them 1-2 nguyen vong thu thach. e ko muon hoc xa nha. bo me noi chi chi duoc khoang 15 trieu mot nam tien hoc. e hoc tot mon su.",Ngành: Công nghệ thực phẩm - Trường Đại học Công nghệ Tp. Hồ Chí Minh. Lĩnh vực: Sinh học - Hóa học - Công nghệ sinh học - Thực phẩm. Nơi học: nan. Chương trình: chuẩn. Học phí: không rõ. Điều kiện riêng: không có.,,,
cb59983d46d925d4,conditions_ok,yes | no | insufficient,"Câu hỏi: Học sinh có đáp ứng/chấp nhận được các điều kiện riêng của chương trình này không? Hồ sơ: Điểm thi: Toán 8.25, Văn 7, Anh 6.25, Hóa 6.25. Nhà ở: Lạng Sơn. Giới tính: nam. Học sinh chia sẻ: Ngoài giờ học mình hay kèm bài cho mình nhỏ hàng xóm. Nhà mình không cho thi lại nên phải đỗ bằng được. mình sợ nhất là môn tiếng Anh.",Ngành: Quản trị kinh doanh - Trường Đại học Giao thông Vận tải. Lĩnh vực: Kinh tế - Kinh doanh - Quản trị - Marketing - Thương mại. Nơi học: nan. Chương trình: chuẩn. Học phí: 24-26 triệu/năm. Điều kiện riêng: không có.,,,
766f68572b7855d0,conditions_ok,yes | no | insufficient,"Câu hỏi: Học sinh có đáp ứng/chấp nhận được các điều kiện riêng của chương trình này không? Hồ sơ: Điểm thi: Toán 8, Văn 5.25, Địa 6.25, Tin 6.25. Nhà ở: Gia Lai. Giới tính: nam. Học sinh chia sẻ: Em muốn học sư phạm tiếng Anh. Em muốn ngành có thu nhập cao. Em không thích học lý thuyết khô khan. Nói thật là em không thích viết lách. Tiếng Anh em rất kém. Nhà em có 3 anh chị em. Ưu tiên của em là an toàn, đỗ là được. Ngoài giờ học em đang bán quần áo online kiếm thêm. Nhưng mà em muốn thử một vài trường cao hơn sức mình nhưng vẫn phải có trường dự phòng.","Ngành: Kinh tế quốc tế - Học viện Chính sách và Phát triển. Lĩnh vực: Kinh tế - Kinh doanh - Quản trị - Marketing - Thương mại. Nơi học: nan. Chương trình: liên kết/quốc tế. Học phí: 28 triệu/năm. Điều kiện riêng: Học bằng tiếng Anh (thường cần trình độ tiếng Anh tốt, có thể yêu cầu IELTS/chứng chỉ khi nhập học) | Chương trình liên kết/quốc tế: học phí cao hơn chương trình chuẩn.",,,
26889421abf5bd16,conditions_ok,yes | no | insufficient,"Câu hỏi: Học sinh có đáp ứng/chấp nhận được các điều kiện riêng của chương trình này không? Hồ sơ: Điểm thi: Toán 8.25, Văn 8.5, Anh 5.25, Hóa 7.5. Nhà ở: Thái Nguyên. Giới tính: nam. Học sinh chia sẻ: Tôi là phụ huynnh. cháu thuộc hộ cận nghèo nên rất lo tiền họọc. cháu rất thích ngành kinh tế, sau này muốn làm marketing. cháu chỉ muốn học ở thành phố Hồ Chí Minh. cháu có nuôi ột con mèo tên Mướp. cháu chấp nậhn rủi ro, không đỗ trờng mình thích thì ôn thêm một năm.",Ngành: Quản trị kinh doanh - Trường Đại học Giao thông Vận tải. Lĩnh vực: Kinh tế - Kinh doanh - Quản trị - Marketing - Thương mại. Nơi học: nan. Chương trình: chuẩn. Học phí: 24-26 triệu/năm. Điều kiện riêng: không có.,,,
0d4d4e7f04c9ccca,conditions_ok,yes | no | insufficient,"Câu hỏi: Học sinh có đáp ứng/chấp nhận được các điều kiện riêng của chương trình này không? Hồ sơ: Điểm thi thử: Toán 9, Văn 8, KTPL 7.25, Địa 7.5. Nhà ở: Lào Cai. Giới tính: nam. Học sinh chia sẻ: Nhà em không cho thi lại nên phải đỗ bằng được. Mẹ em muốn em học Vật lý, còn em thì không thích lắm. Em học ở đâu cũng được. Em là lớp trưởng. Ngoài giờ học em đi dạy gia sư từ lớp 11. Em chỉ học cơ sở chính thôi.",Ngành: Nghệ thuật số - Trường Đại học Công nghệ Tp. Hồ Chí Minh. Lĩnh vực: Thiết kế - Nghệ thuật - Sáng tạo số. Nơi học: nan. Chương trình: chuẩn. Học phí: không rõ. Điều kiện riêng: không có.,,,
64f162953a230104,conditions_ok,yes | no | insufficient,"Câu hỏi: Học sinh có đáp ứng/chấp nhận được các điều kiện riêng của chương trình này không? Hồ sơ: Điểm thi: Toán 9, Văn 8, Sử 7, Lý 8.5. Nhà ở: Lạng Sơn. Học sinh chia sẻ: Bố mẹ muốn em học khoa học cơ bản, em thấy cũng được. Em học tốt môn Lý. Em muốn lên thủ đô học. Nói thật là em không thích học thuộc luật. Mọi người bảo em viết bài cho báo tường. Em có IELTS 6.5. Em học tốt môn Toán. Nhà em có 3 anh chị em.",Ngành: Luật kinh tế - Trường Đại học Công nghệ Tp. Hồ Chí Minh. Lĩnh vực: Luật. Nơi học: nan. Chương trình: chuẩn. Học phí: không rõ. Điều kiện riêng: không có.,,,
f501fc30dacb357c,conditions_ok,yes | no | insufficient,"Câu hỏi: Học sinh có đáp ứng/chấp nhận được các điều kiện riêng của chương trình này không? Hồ sơ: Điểm thi: Toán 3.25, Văn 4.5, Anh 5.25, Địa 3.5. Nhà ở: Gia Lai. Học sinh chia sẻ: Tôi là phụ huynh. Nhà cháu không cho thi lại nên phải đỗ bằng được. cháu học ở đâu cũng được. Nhưng mà cháu muốn thử sức hết mình với trường thật cao. Ngoài giờ học cháu thích giao tiếp với người nước ngoài. cháu ở nội trú. Môn Toán cháu học kém. Quan trọng nhất là trường top, có tiếng. Kinh tế nhà cháu khá thoải mái.","Ngành: Kỹ thuật cơ khí - Trường Đại học Công nghệ Tp. Hồ Chí Minh. Lĩnh vực: Kỹ thuật - Công nghệ (cơ khí, điện, điện tử, ô tô, tự động hóa, vật liệu). Nơi học: nan. Chương trình: chuẩn. Học phí: không rõ. Điều kiện riêng: không có.",,,
15354ced73e8fd9e,conditions_ok,yes | no | insufficient,"Câu hỏi: Học sinh có đáp ứng/chấp nhận được các điều kiện riêng của chương trình này không? Hồ sơ: Điểm thi: Toán 7.25, Văn 7.75, Sử 9.25, Lý 6.25. Nhà ở: Tây Ninh. Giới tính: nữ. Học sinh chia sẻ: Em muốn lên Hà Nội học. Sử là môn mạnh nhất của em. Nói thật là em không muốn về nông thôn làm việc. Nguyện vọng của em là học Quản trị kinh doanh.",Ngành: Vật lý kỹ thuật - Trường Đại học Công nghệ - Đại học Quốc gia Hà Nội. Lĩnh vực: Khoa học tự nhiên - Toán - Vật lý - Thống kê. Nơi học: nan. Chương trình: chuẩn. Học phí: 44 triệu/năm. Điều kiện riêng: không có.,,,
46ad80b2d82616aa,conditions_ok,yes | no | insufficient,"Câu hỏi: Học sinh có đáp ứng/chấp nhận được các điều kiện riêng của chương trình này không? Hồ sơ: Điểm thi thử: Toán 6.25, Văn 7, Sử 8.75, Anh 7.5. Nhà ở: Sơn La. Giới tính: nam. Học sinh chia sẻ: Học phí em có thể đóng khoảng 40 triệu một năm. Em muốn học Điều dưỡng. Em thích ăn bún chả. Em muốn thử một vài trường cao hơn sức mình nhưng vẫn phải có trường dự phòng. Em giao tiếp tiếng Anh ổn. Sử là môn mạnh nhất của em. Địa điểm không quan trọng với em. Em muốn học trường có tên tuổi để sau này dễ xin việc.",Ngành: Y khoa - Trường Đại học Công nghệ Tp. Hồ Chí Minh. Lĩnh vực: Y - Dược - Điều dưỡng - Sức khỏe. Nơi học: nan. Chương trình: chuẩn. Học phí: không rõ. Điều kiện riêng: Khối sức khỏe: có ngưỡng điểm sàn của Bộ.,,,
3644408c7899419e,conditions_ok,yes | no | insufficient,"Câu hỏi: Học sinh có đáp ứng/chấp nhận được các điều kiện riêng của chương trình này không? Hồ sơ: Điểm thi: Toán 5.5, Văn 6.75, Anh 4, Sử 5.75. Nhà ở: Ninh Bình. Học sinh chia sẻ: Em ở nội trú. Em ưu tiên học ở gần để còn về phụ bố mẹ. Gia đình em chỉ lo được học phí khoảng 40 triệu một năm. Ước mơ của em là làm pháp chế doanh nghiệp. Mẹ em muốn em học Toán ứng dụng, còn em thì không thích lắm. Em muốn học Kế toán. Em muốn lên HCM học.",Ngành: Toán tin - Trường Đại học Điện lực. Lĩnh vực: Khoa học tự nhiên - Toán - Vật lý - Thống kê. Nơi học: nan. Chương trình: chuẩn. Học phí: không rõ. Điều kiện riêng: không có.,,,
85e54f4d0212e00d,conditions_ok,yes | no | insufficient,"Câu hỏi: Học sinh có đáp ứng/chấp nhận được các điều kiện riêng của chương trình này không? Hồ sơ: Điểm thi: Toán 4.75, Văn 5.5, Lý 6, Sử 6.75. Nhà ở: Hà Tĩnh. Giới tính: nam. Học sinh chia sẻ: Em không muốn học xa nhà. Gia đình em chỉ lo được học phí tầm 3.5 triệu mỗi tháng. Nguyện vọng của em là học quy hoạch. Quan trọng nhất là được học gần nhà. Em yếu môn Toán. Bố mẹ bắt em học Du lịch nhưng em không muốn. Em muốn cân bằng, vừa thử sức vừa có đường lui.",Ngành: Logistics và Quản lý chuỗi cung ứng - Trường Đại học Điện lực. Lĩnh vực: Du lịch - Khách sạn - Logistics - Hàng không - Dịch vụ. Nơi học: nan. Chương trình: chuẩn. Học phí: không rõ. Điều kiện riêng: không có.,,,
e0fac60f6a8e2e1c,conditions_ok,yes | no | insufficient,"Câu hỏi: Học sinh có đáp ứng/chấp nhận được các điều kiện riêng của chương trình này không? Hồ sơ: Điểm thi: Toán 6.5, Văn 6.5, Hóa 5.75, Anh 7.25. Nhà ở: Bắc Ninh. Giới tính: nam. Học sinh chia sẻ: Nhà em khó khăn, bố mẹ làm nông. Em cần trường học phí thấp để đỡ cho bố mẹ. Em sẵn sàng liều để vào trường mơ ước, trượt thì năm sau thi lại. Cuối tuần em hay đá bóng với bạn. Em muốn lên HN học. Em thích lên kế hoạch, tổ chức sự kiện ở trường.",Ngành: Công nghệ thông tin (Chương trình CLC Công nghệ thông tin Việt - Anh) - Trường Đại học Giao thông Vận tải. Lĩnh vực: Công nghệ thông tin - Máy tính - Dữ liệu - AI. Nơi học: nan. Chương trình: chất lượng cao. Học phí: 24 triệu/năm (ước tính theo mức chung của trường). Điều kiện riêng: không có.,,,
134279781b130d9f,conditions_ok,yes | no | insufficient,"Câu hỏi: Học sinh có đáp ứng/chấp nhận được các điều kiện riêng của chương trình này không? Hồ sơ: Điểm thi: Toán 7, Văn 6.75, KTPL 5.75, Sử 7.5. Nhà ở: Thanh Hóa. Giới tính: nữ. Học sinh chia sẻ: Bố mẹ dặn phải đỗ ngay năm nay. mình không thích viết lách. Gia đình mình chỉ lo được học phí tầm 2 triệu mỗi tháng. mình muốn học ngành Luật kinh tế. Quan trọng nhất là ra trường dễ xin việc. mình sợ cuộc sống ở Hà Nội hay Sài Gòn.",Ngành: Khoa học và kỹ thuật dữ liệu - Trường Đại học Công nghệ - Đại học Quốc gia Hà Nội. Lĩnh vực: Công nghệ thông tin - Máy tính - Dữ liệu - AI. Nơi học: nan. Chương trình: chuẩn. Học phí: 38 triệu/năm. Điều kiện riêng: không có.,,,
871a8895c3e48102,conditions_ok,yes | no | insufficient,"Câu hỏi: Học sinh có đáp ứng/chấp nhận được các điều kiện riêng của chương trình này không? Hồ sơ: Điểm thi: Toán 7.5, Văn 7.25, Anh 7.75, Địa 8.25. Nhà ở: Đồng Nai. Giới tính: nam. Học sinh chia sẻ: Tôôi là phụ hunyh. cháu muốn tửh ộmt vài trường cao hơn sức mình nhưng vẫn phải có trường dự phòng. cháu thuộc hộ cận nghèo nên rất lo tiền học. hcáu học ở đââu cũng được. cháu muốn họcc ngôn ngữ Turng. Ước mơ của cháu là làm ở ngân hàng. chá hay đọc truyện tranh.","Ngành: Kinh tế xây dựng (Chuyên ngành: Kinh tế và quản lý cơ sở hạ tầng, Kinh tế và quản lý đầu tư xây dựng) - Trường Đại học Giao thông Vận tải. Lĩnh vực: Tài chính - Ngân hàng - Kế toán - Kiểm toán - Bảo hiểm. Nơi học: hạ tầng. Chương trình: chuẩn. Học phí: 24-26 triệu/năm. Điều kiện riêng: Học tại hạ tầng.",,,
76d58697c5b3acc3,conditions_ok,yes | no | insufficient,"Câu hỏi: Học sinh có đáp ứng/chấp nhận được các điều kiện riêng của chương trình này không? Hồ sơ: Điểm thi thử: Toán 8.5, Văn 7.75, Địa 5, Sử 8.25. Nhà ở: Lào Cai. Giới tính: nam. Học sinh chia sẻ: Bằng của trường xịn là quan trọng nhất. Em rất thích ngành kỹ thuật hóa, sau này muốn làm kỹ sư thực phẩm. Em giao tiếp tiếng Anh ổn. Toán là môn mạnh nhất của em. Môn Địa em học kém. Học phí em có thể đóng khoảng 25 triệu một năm. Em muốn học gần nhà để tiện về thăm bố mẹ.",Ngành: Quản trị dịch vụ du lịch và lữ hành - Trường Đại học Công nghệ Tp. Hồ Chí Minh. Lĩnh vực: Du lịch - Khách sạn - Logistics - Hàng không - Dịch vụ. Nơi học: nan. Chương trình: chuẩn. Học phí: không rõ. Điều kiện riêng: không có.,,,
68b6e2247a6e287f,conditions_ok,yes | no | insufficient,"Câu hỏi: Học sinh có đáp ứng/chấp nhận được các điều kiện riêng của chương trình này không? Hồ sơ: Điểm thi: Toán 5.25, Văn 8, Lý 6.5, Địa 5. Nhà ở: Tây Ninh. Giới tính: nam. Học sinh chia sẻ: Gia dinh minh chi lo duoc hoc phi khoang 30 trieu mot nam. minh san sang lieu de vao truong mo uoc, truot thi nam sau thi lai. Uoc mo cua minh la thiet ke nha. Mon Dia minh hoc kem. Gia dinh dinh huong minh hoc giao duc tieu hoc va minh cung khong phan doi. minh muon hoc gan nha de tien ve tham bo me.","Ngành: Sư phạm công nghệ - Học viện Nông nghiệp Việt Nam. Lĩnh vực: Sư phạm - Giáo dục. Nơi học: nan. Chương trình: chuẩn. Học phí: không rõ. Điều kiện riêng: Sư phạm: không nhận thí sinh bị dị hình, dị tật, nói ngọng, nói lắp; điểm sàn của Bộ.",,,
c84de3e6bb01897d,conditions_ok,yes | no | insufficient,"Câu hỏi: Học sinh có đáp ứng/chấp nhận được các điều kiện riêng của chương trình này không? Hồ sơ: Điểm thi thử: Toán 6.25, Văn 7, Sử 6, Anh 5. Nhà ở: Tây Ninh. Giới tính: nữ. Học sinh chia sẻ: Bằng của trường xịn là quan trọng nhất. Bố mẹ bắt em học Thiết kế đồ họa nhưng em không muốn. Em từng đạt giải khuyến khích văn nghệ. Bố mẹ nói chỉ chi được tối đa 18tr/năm tiền học. Em muốn học gần nhà để tiện về thăm bố mẹ. Em không muốn làm công trường.",Ngành: Kỹ thuật cơ sở hạ tầng (Chuyên ngành Cơ sở hạ tầng kỹ thuật đô thị) - Trường Đại học Giao thông Vận tải. Lĩnh vực: Kiến trúc - Xây dựng - Giao thông - Quy hoạch. Nơi học: hạ tầng. Chương trình: chuẩn. Học phí: 24-26 triệu/năm. Điều kiện riêng: Học tại hạ tầng.,,,
2a440c73d6bef4a7,conditions_ok,yes | no | insufficient,"Câu hỏi: Học sinh có đáp ứng/chấp nhận được các điều kiện riêng của chương trình này không? Hồ sơ: Điểm thi thử: Toán 8, Văn 6.75, Lý 4.5, Anh 4.5. Nhà ở: Quảng Ninh. Giới tính: nam. Học sinh chia sẻ: Em muốn thử sức hết mình với trường thật cao. Em muốn học gần nhà để tiện về thăm bố mẹ. Em yếu môn Lý. Nhà em khó khăn, bố mẹ làm nông. Em yếu môn Anh. Em thích nghe nhạc Sơn Tùng. Nguyện vọng của em là học Du lịch. Em hay sửa xe máy cùng bố. Em không muốn đi xa gia đình.",Ngành: Ngôn ngữ Hàn Quốc - Trường Đại học Công nghệ Tp. Hồ Chí Minh. Lĩnh vực: Ngôn ngữ - Văn hóa - Quốc tế học. Nơi học: nan. Chương trình: chuẩn. Học phí: không rõ. Điều kiện riêng: không có.,,,
65ad76533bc7304a,conditions_ok,yes | no | insufficient,"Câu hỏi: Học sinh có đáp ứng/chấp nhận được các điều kiện riêng của chương trình này không? Hồ sơ: Điểm thi: Toán 3.5, Văn 5.25, Hóa 3.5, Anh 3. Nhà ở: Cần Thơ. Giới tính: nữ. Học sinh chia sẻ: Tôi là phụ huynh. Học phí cháu có thể đóng khoảng 60 triệu một năm. Nói thật là cháu không thích mấy ngành xã hội. cháu rất thích ngành khoa học cơ bản, sau này muốn làm giảng viên đại học. cháu yếu môn Hóa. Nhưng mà cháu muốn cân bằng, vừa thử sức vừa có đường lui. cháu cần trường học phí thấp để đỡ cho vợ chồng tôi. cháu muốn học kỹ thuật xây dựng. cháu yếu môn Toán. Ưu tiên của cháu là an toàn, đỗ là được.",Ngành: Vật lý kỹ thuật - Trường Đại học Điện lực. Lĩnh vực: Khoa học tự nhiên - Toán - Vật lý - Thống kê. Nơi học: nan. Chương trình: chuẩn. Học phí: không rõ. Điều kiện riêng: không có.,,,
ddeb59cc45b51214,conditions_ok,yes | no | insufficient,"Câu hỏi: Học sinh có đáp ứng/chấp nhận được các điều kiện riêng của chương trình này không? Hồ sơ: Điểm thi thử: Toán 9, Văn 8, KTPL 7.25, Địa 7.5. Nhà ở: Lào Cai. Giới tính: nam. Học sinh chia sẻ: Nhà em không cho thi lại nên phải đỗ bằng được. Mẹ em muốn em học Vật lý, còn em thì không thích lắm. Em học ở đâu cũng được. Em là lớp trưởng. Ngoài giờ học em đi dạy gia sư từ lớp 11. Em chỉ học cơ sở chính thôi.","Ngành: Công nghệ giáo dục - Trường Đại học Quốc tế Sài Gòn. Lĩnh vực: Sư phạm - Giáo dục. Nơi học: nan. Chương trình: chuẩn. Học phí: không rõ. Điều kiện riêng: Sư phạm: không nhận thí sinh bị dị hình, dị tật, nói ngọng, nói lắp; điểm sàn của Bộ.",,,
84f732239337cd86,conditions_ok,yes | no | insufficient,"Câu hỏi: Học sinh có đáp ứng/chấp nhận được các điều kiện riêng của chương trình này không? Hồ sơ: Điểm thi: Toán 5.75, Văn 7.25, Sử 6.75, Anh 5.5. Nhà ở: Đắk Lắk. Giới tính: nữ. Học sinh chia sẻ: em sợ nhất là môn tiếng anh. em muốn ngành có thu nhập cao. ước mơ của em là tự mở công ty riêng. em sợ cuộc sống ở hà nội hay sài gòn. bố mẹ dặn phải đỗ ngay năm nay.",Ngành: Quản trị kinh doanh - Học viện Chính sách và Phát triển. Lĩnh vực: Kinh tế - Kinh doanh - Quản trị - Marketing - Thương mại. Nơi học: nan. Chương trình: chất lượng cao. Học phí: 35 triệu/năm. Điều kiện riêng: không có.,,,
505f93008ba3bcb6,conditions_ok,yes | no | insufficient,"Câu hỏi: Học sinh có đáp ứng/chấp nhận được các điều kiện riêng của chương trình này không? Hồ sơ: Điểm thi thử: Toán 7, Văn 6.25, Lý 7, Sinh 6. Nhà ở: Hưng Yên. Giới tính: nam. Học sinh chia sẻ: tiếng anh e rất kém. nói thật là e học ngoại ngữ rất chán. e muốn thử một vài trường cao hơn sức mình nhưng vẫn phải có trường dự phòng. bố mẹ ko cho e đi học xa. mẹ e muốn e học kiến trúc, còn e thì ko thích lắm.",Ngành: Quản trị nhà hàng và dịch vụ ăn uống - Trường Đại học Công nghệ Tp. Hồ Chí Minh. Lĩnh vực: Du lịch - Khách sạn - Logistics - Hàng không - Dịch vụ. Nơi học: nan. Chương trình: chuẩn. Học phí: không rõ. Điều kiện riêng: không có.,,,
fc1af6fe79d7a937,conditions_ok,yes | no | insufficient,"Câu hỏi: Học sinh có đáp ứng/chấp nhận được các điều kiện riêng của chương trình này không? Hồ sơ: Điểm thi thử: Toán 7.25, Văn 7.5, Lý 4.25, Hóa 7. Nhà ở: Hưng Yên. Học sinh chia sẻ: em từng đạt giải khuyến khích văn nghệ. vs em đam mê là số 1. em thích môi trường ở thủ đô nên muốn học ở đó. em rất thích ngành quan hệ công chúng, sau này muốn làm mc. em ko dám liều, năm nay nhất định phải có trường.",Ngành: Toán tin - Trường Đại học Điện lực. Lĩnh vực: Khoa học tự nhiên - Toán - Vật lý - Thống kê. Nơi học: nan. Chương trình: chuẩn. Học phí: không rõ. Điều kiện riêng: không có.,,,
89e96e2d793823d0,conditions_ok,yes | no | insufficient,"Câu hỏi: Học sinh có đáp ứng/chấp nhận được các điều kiện riêng của chương trình này không? Hồ sơ: Điểm thi thử: Toán 8.5, Văn 8, Lý 8, Sử 8.75. Nhà ở: Phú Thọ. Giới tính: nữ. Học sinh chia sẻ: Mọi người bảo em hay xem các công trình cu đường. Em cần trường học phí thấp để đỡ ch obố mẹ. Học phí em có thể đóng khonảg 80 triệu một năm. Em khôông muốn làm kỹ sư trong nhà máy. Em định học Quan hệ công chúng vì muốn làm nhà báo. Nói thật là em không thích mấyy ngành xã hội. E mmhọc tốt môn Toán. Em muốn học gần nhà để tiện về htăm b mẹ. Em học tốt môn Sử.",Ngành: Quan hệ công chúng - Trường Đại học Quốc tế Sài Gòn. Lĩnh vực: Báo chí - Truyền thông - Quan hệ công chúng. Nơi học: nan. Chương trình: chuẩn. Học phí: không rõ. Điều kiện riêng: không có.,,,
8900bdc328f4a096,conditions_ok,yes | no | insufficient,"Câu hỏi: Học sinh có đáp ứng/chấp nhận được các điều kiện riêng của chương trình này không? Hồ sơ: Điểm thi: Toán 7.5, Văn 8, Sinh 5.25, Lý 8.25. Nhà ở: Hưng Yên. Giới tính: nam. Học sinh chia sẻ: Quan trọng nhất là được học đúng ngành mình thích. Nói thật là em không muốn đi lại nhiều. Em muốn học Xây dựng. Em giao tiếp tiếng Anh ổn. Nói thật là em học ngoại ngữ rất chán. Em muốn lên thành phố Hồ Chí Minh học.",Ngành: Y khoa - Trường Đại học Công nghệ Tp. Hồ Chí Minh. Lĩnh vực: Y - Dược - Điều dưỡng - Sức khỏe. Nơi học: nan. Chương trình: chuẩn. Học phí: không rõ. Điều kiện riêng: Khối sức khỏe: có ngưỡng điểm sàn của Bộ.,,,
fdfb617f167c1158,conditions_ok,yes | no | insufficient,"Câu hỏi: Học sinh có đáp ứng/chấp nhận được các điều kiện riêng của chương trình này không? Hồ sơ: Điểm thi: Toán 8, Văn 7.75, Hóa 9, Anh 7.75. Nhà ở: Bắc Ninh. Giới tính: nữ. Học sinh chia sẻ: Em thích môi trường ở HN nên muốn học ở đó. Quan trọng nhất là học phí rẻ. Em giao tiếp tiếng Anh ổn. Ước mơ của em là làm bác sĩ nha khoa. Nhà em không cho thi lại nên phải đỗ bằng được. Học phí em có thể đóng khoảng 40 triệu một năm. Hóa là môn mạnh nhất của em.","Ngành: Điện tử - viễn thông - Trường Đại học Điện lực. Lĩnh vực: Kỹ thuật - Công nghệ (cơ khí, điện, điện tử, ô tô, tự động hóa, vật liệu). Nơi học: nan. Chương trình: chuẩn. Học phí: không rõ. Điều kiện riêng: không có.",,,
16db877481c47144,conditions_ok,yes | no | insufficient,"Câu hỏi: Học sinh có đáp ứng/chấp nhận được các điều kiện riêng của chương trình này không? Hồ sơ: Điểm thi thử: Toán 8.75, Văn 8.25, Lý 7, Sử 9.25. Nhà ở: TP. Hồ Chí Minh. Học sinh chia sẻ: em thích nghe nhạc sơn tùng. sử là môn mạnh hnất của em. em thuộc hộ cận nghèo nên rất lo tiền học. bắc hay nam em đều đi đc. toán là môn ạnh nhất của em. em không muốn học ở phân hiệu hay cơ sở tỉnh. nguyện vọng của em là học điện - điện tử. lương cao là ưu tiê ncủa em.","Ngành: Ngành Kinh doanh quốc tế - Trường Đại học Công nghệ Tp. Hồ Chí Minh. Lĩnh vực: Kinh tế - Kinh doanh - Quản trị - Marketing - Thương mại. Nơi học: nan. Chương trình: liên kết/quốc tế. Học phí: không rõ. Điều kiện riêng: Học bằng tiếng Anh (thường cần trình độ tiếng Anh tốt, có thể yêu cầu IELTS/chứng chỉ khi nhập học) | Chương trình liên kết/quốc tế: học phí cao hơn chương trình chuẩn.",,,
5c382f1c70d72299,conditions_ok,yes | no | insufficient,"Câu hỏi: Học sinh có đáp ứng/chấp nhận được các điều kiện riêng của chương trình này không? Hồ sơ: Điểm thi: Toán 7.75, Văn 8.25, Sử 9, Địa 8.25. Nhà ở: Thái Nguyên. Học sinh chia sẻ: Ngoài giờ học mình thích đi phượt. Học phí mình có thể đóng khoảng 25 triệu một năm. mình học ngoại ngữ rất chán. mình mất gốc tiếng Anh. mình từng đạt giải khuyến khích văn nghệ.","Ngành: Kỹ thuật điện tử - viễn thông (Chuyên ngành Kỹ thuật điện tử và tin học công nghiệp) - Trường Đại học Giao thông Vận tải. Lĩnh vực: Kỹ thuật - Công nghệ (cơ khí, điện, điện tử, ô tô, tự động hóa, vật liệu). Nơi học: nan. Chương trình: chuẩn. Học phí: 24-26 triệu/năm. Điều kiện riêng: không có.",,,
6901cb900f7753bd,conditions_ok,yes | no | insufficient,"Câu hỏi: Học sinh có đáp ứng/chấp nhận được các điều kiện riêng của chương trình này không? Hồ sơ: Điểm thi thử: Toán 4.5, Văn 6.5, Anh 4.25, Địa 4. Nhà ở: Ninh Bình. Giới tính: nữ. Học sinh chia sẻ: Nhà em khó khăn, bố mẹ làm nông. Nguyện vng của em là học an toàn thông tin. Em muốn học trờng có tên tuổi để sau này dễ xin việc. Em chỉ muốn học ở thủ đô. Em không dáám liều, năm nay hất ịnh phải có trường. Ngoài giờ học em từng đ itih học sinh giỏi Lý. Em thích ăn bún chả.",Ngành: Khoa học máy tính - Trường Đại học Công nghệ - Đại học Quốc gia Hà Nội. Lĩnh vực: Công nghệ thông tin - Máy tính - Dữ liệu - AI. Nơi học: nan. Chương trình: chuẩn. Học phí: 44 triệu/năm. Điều kiện riêng: không có.,,,
e35b32af083b9d95,conditions_ok,yes | no | insufficient,"Câu hỏi: Học sinh có đáp ứng/chấp nhận được các điều kiện riêng của chương trình này không? Hồ sơ: Điểm thi thử: Toán 4.5, Văn 5.75, KTPL 3, Hóa 6.75. Nhà ở: Quảng Trị. Học sinh chia sẻ: Học phí em có thể đóng khoảng 40 triệu một năm. Em muốn học gần nhà để tiện về thăm bố mẹ. Ngoài giờ học em thích lắp mạch Arduino. Nguyện vọng của em là học Thống kê. Em không thích mấy ngành xã hội. Em có IELTS 6.5. Gia đình định hướng em học Kiến trúc và em cũng không phản đối.",Ngành: Vật lý kỹ thuật - Trường Đại học Công nghệ - Đại học Quốc gia Hà Nội. Lĩnh vực: Khoa học tự nhiên - Toán - Vật lý - Thống kê. Nơi học: nan. Chương trình: chuẩn. Học phí: 44 triệu/năm. Điều kiện riêng: không có.,,,
a072c930cf20666e,conditions_ok,yes | no | insufficient,"Câu hỏi: Học sinh có đáp ứng/chấp nhận được các điều kiện riêng của chương trình này không? Hồ sơ: Điểm thi: Toán 7.5, Văn 8.5, Lý 7.75, Sử 8.25. Nhà ở: Ninh Bình. Giới tính: nam. Học sinh chia sẻ: mình quen công trường vì bố làm thầu xây dựng. mình ở nội trú. Với mình đam mê là số 1. mình sợ trượt lắm, muốn chọn chỗ chắc ăn. mình học tốt môn Văn.",Ngành: An toàn thông tin - Trường Đại học Công nghệ Tp. Hồ Chí Minh. Lĩnh vực: Công nghệ thông tin - Máy tính - Dữ liệu - AI. Nơi học: nan. Chương trình: chuẩn. Học phí: không rõ. Điều kiện riêng: không có.,,,
88d6d8720c6b7a6c,conditions_ok,yes | no | insufficient,"Câu hỏi: Học sinh có đáp ứng/chấp nhận được các điều kiện riêng của chương trình này không? Hồ sơ: Điểm thi: Toán 5.5, Văn 6.75, KTPL 7, Sử 8. Nhà ở: Tuyên Quang. Học sinh chia sẻ: quan trọng nhất là ra trường dễ xin việc. e muốn học gần nhà để tiện về thăm bố mẹ. e muốn học hóa học. e đang học thêm ở trung tâm gần nhà. e sợ nắng nóng ngoài công trường. nguyện vọng của e là học ngành it. e chỉ cần chắc chắn đỗ, ko muốn mạo hiểm. tiếng anh của e khá tốt.",Ngành: Tâm lý học - Trường Đại học Quốc tế Sài Gòn. Lĩnh vực: Y - Dược - Điều dưỡng - Sức khỏe. Nơi học: nan. Chương trình: chuẩn. Học phí: không rõ. Điều kiện riêng: Khối sức khỏe: có ngưỡng điểm sàn của Bộ.,,,
93738f9cba318f2b,conditions_ok,yes | no | insufficient,"Câu hỏi: Học sinh có đáp ứng/chấp nhận được các điều kiện riêng của chương trình này không? Hồ sơ: Điểm thi: Toán 6.75, Văn 8, Anh 5.75, Tin 6.25. Nhà ở: Khánh Hòa. Giới tính: nam. Học sinh chia sẻ: e muốn thử sức hết mình vs trường thật cao. nhưng mà e muốn có cả phương án an toàn lẫn phương án cao. e muốn lên thành phố hồ chí minh học. nói thật là e sợ đứng trước đông người. nói thật là e ko thích viết lách.","Ngành: Cơ kỹ thuật - Trường Đại học Công nghệ - Đại học Quốc gia Hà Nội. Lĩnh vực: Kỹ thuật - Công nghệ (cơ khí, điện, điện tử, ô tô, tự động hóa, vật liệu). Nơi học: nan. Chương trình: chuẩn. Học phí: 44 triệu/năm. Điều kiện riêng: không có.",,,
0f2c2b4d8c303768,interest_fit,1 | 2 | 3 | 4 | 5 | insufficient,"Câu hỏi: Ngành này hợp với sở thích và định hướng nghề nghiệp của học sinh đến mức nào (1-5)? Hồ sơ: Điểm thi: Toán 4, Văn 7, Anh 5.25, Địa 8.25. Nhà ở: Ninh Bình. Giới tính: nam. Học sinh chia sẻ: Tôi là phụ huynh. Ước mơ của cháu là làm việc trong cơ quan nhà nước. Quan trọng nhất là học phí rẻ. Vợ chồng tôi nói chỉ chi được khoảng 18 triệu một năm tiền học. cháu ở nội trú.",Ngành: Quản trị sự kiện - Trường Đại học Công nghệ Tp. Hồ Chí Minh. Lĩnh vực: Du lịch - Khách sạn - Logistics - Hàng không - Dịch vụ. Nơi học: nan. Chương trình: chuẩn. Học phí: không rõ. Điều kiện riêng: không có.,,,
cd7de8df076f1e82,interest_fit,1 | 2 | 3 | 4 | 5 | insufficient,"Câu hỏi: Ngành này hợp với sở thích và định hướng nghề nghiệp của học sinh đến mức nào (1-5)? Hồ sơ: Điểm thi: Toán 5.5, Văn 2.75, Tin 5.25, Lý 4.75. Nhà ở: Thanh Hóa. Giới tính: nam. Học sinh chia sẻ: e rất thích ngành công nghệ thông tin, sau này muốn làm kỹ sư phần mềm. e muốn thử một vài trường cao hơn sức mình nhưng vẫn phải có trường dự phòng. kinh tế gia đình e ko khá lắm. e cần ngành ổn định, ra trường có việc ngay. môn văn e học kém. e chỉ muốn học ở hn. e thi ielts được 6.0.",Ngành: Quản trị nhà hàng và dịch vụ ăn uống - Trường Đại học Công nghệ Tp. Hồ Chí Minh. Lĩnh vực: Du lịch - Khách sạn - Logistics - Hàng không - Dịch vụ. Nơi học: nan. Chương trình: chuẩn. Học phí: không rõ. Điều kiện riêng: không có.,,,
5b2c19845d314502,interest_fit,1 | 2 | 3 | 4 | 5 | insufficient,"Câu hỏi: Ngành này hợp với sở thích và định hướng nghề nghiệp của học sinh đến mức nào (1-5)? Hồ sơ: Điểm thi: Toán 3.75, Văn 5.75, Lý 3.75, Sử 4.5. Nhà ở: Lào Cai. Giới tính: nữ. Học sinh chia sẻ: Em sợ đứng trước đông người. Em học ở đâu cũng được. Bố mẹ dặn phải đỗ ngay năm nay. Em muốn học Hóa học. Môn Sử em học kém. Em yếu môn Lý.","Ngành: Công nghệ giáo dục - Trường Đại học Quốc tế Sài Gòn. Lĩnh vực: Sư phạm - Giáo dục. Nơi học: nan. Chương trình: chuẩn. Học phí: không rõ. Điều kiện riêng: Sư phạm: không nhận thí sinh bị dị hình, dị tật, nói ngọng, nói lắp; điểm sàn của Bộ.",,,
2567e4bbc32052ea,interest_fit,1 | 2 | 3 | 4 | 5 | insufficient,"Câu hỏi: Ngành này hợp với sở thích và định hướng nghề nghiệp của học sinh đến mức nào (1-5)? Hồ sơ: Điểm thi: Toán 4.75, Văn 7.75, Lý 7.5, Anh 6.25. Nhà ở: Hưng Yên. Giới tính: nam. Học sinh chia sẻ: Tôi là phụ huynh. Nhà cháu khó khăn, vợ chồng tôi làm nông. Bắc hay Nam cháu đều đi được. cháu rất thích ngành điện - điện tử, sau này muốn làm kỹ sư điện. Nói thật là cháu không hợp ngành luật. cháu yếu môn Toán. cháu muốn ngành có thu nhập cao. cháu sợ nhất là môn tiếng Anh.",Ngành: Tâm lý học - Trường Đại học Quốc tế Sài Gòn. Lĩnh vực: Y - Dược - Điều dưỡng - Sức khỏe. Nơi học: nan. Chương trình: chuẩn. Học phí: không rõ. Điều kiện riêng: Khối sức khỏe: có ngưỡng điểm sàn của Bộ.,,,
61cbc3e1373b74fd,interest_fit,1 | 2 | 3 | 4 | 5 | insufficient,"Câu hỏi: Ngành này hợp với sở thích và định hướng nghề nghiệp của học sinh đến mức nào (1-5)? Hồ sơ: Điểm thi: Toán 1.75, Văn 3.5, KTPL 4.5, Sử 3.5. Nhà ở: Quảng Ninh. Giới tính: nữ. Học sinh chia sẻ: Địa điểm không quan trọng với em. Em chỉ cần chắc chắn đỗ, không muốn mạo hiểm.","Ngành: Công nghệ kỹ thuật cơ điện tử - Trường Đại học Công nghệ - Đại học Quốc gia Hà Nội. Lĩnh vực: Kỹ thuật - Công nghệ (cơ khí, điện, điện tử, ô tô, tự động hóa, vật liệu). Nơi học: nan. Chương trình: chuẩn. Học phí: 44 triệu/năm. Điều kiện riêng: không có.",,,
1bdd236077cc801c,interest_fit,1 | 2 | 3 | 4 | 5 | insufficient,"Câu hỏi: Ngành này hợp với sở thích và định hướng nghề nghiệp của học sinh đến mức nào (1-5)? Hồ sơ: Điểm thi: Toán 7, Văn 7.75, Anh 7, Địa 5.5. Nhà ở: Lai Châu. Giới tính: nam. Học sinh chia sẻ: Dạo này ôn thi mệt quá. Em cần ngành ổn định, ra trường có việc ngay. Em thích giảng bài cho bạn bè.",Ngành: Thú y - Trường Đại học Công nghệ Tp. Hồ Chí Minh. Lĩnh vực: Y - Dược - Điều dưỡng - Sức khỏe. Nơi học: nan. Chương trình: chuẩn. Học phí: không rõ. Điều kiện riêng: Khối sức khỏe: có ngưỡng điểm sàn của Bộ.,,,
0cdcd062b8d924b7,interest_fit,1 | 2 | 3 | 4 | 5 | insufficient,"Câu hỏi: Ngành này hợp với sở thích và định hướng nghề nghiệp của học sinh đến mức nào (1-5)? Hồ sơ: Điểm thi thử: Toán 7.25, Văn 7.75, Sử 6.25, Địa 7.75. Nhà ở: Ninh Bình. Giới tính: nữ. Học sinh chia sẻ: minh hay doc truyen tranh. minh so nhat la mon tieng Anh. Moi nguoi bao minh hay cham soc ong ba khi om. minh thich moi truong o TP.HCM nen muon hoc o do. Gia dinh minh khong lo ve hoc phi.",Ngành: Thú y công nghệ số (4) - Trường Đại học Công nghệ Tp. Hồ Chí Minh. Lĩnh vực: Y - Dược - Điều dưỡng - Sức khỏe. Nơi học: nan. Chương trình: chuẩn. Học phí: không rõ. Điều kiện riêng: Khối sức khỏe: có ngưỡng điểm sàn của Bộ.,,,
a1a8576d58c0f8bd,interest_fit,1 | 2 | 3 | 4 | 5 | insufficient,"Câu hỏi: Ngành này hợp với sở thích và định hướng nghề nghiệp của học sinh đến mức nào (1-5)? Hồ sơ: Điểm thi: Toán 4, Văn 7, Hóa 8, Sử 6.75. Nhà ở: Hà Nội. Giới tính: nữ. Học sinh chia sẻ: mình muốn học trường có tên tuổi để sau này dễ xin việc. mình thích môi trường ở TP.HCM nên muốn học ở đó. Nhà mình khó khăn, bố mẹ làm nông.",Ngành: Thiết kế thời trang - Trường Đại học Công nghệ Tp. Hồ Chí Minh. Lĩnh vực: Y - Dược - Điều dưỡng - Sức khỏe. Nơi học: nan. Chương trình: chuẩn. Học phí: không rõ. Điều kiện riêng: Khối sức khỏe: có ngưỡng điểm sàn của Bộ.,,,
24f7f1bf734ce036,interest_fit,1 | 2 | 3 | 4 | 5 | insufficient,"Câu hỏi: Ngành này hợp với sở thích và định hướng nghề nghiệp của học sinh đến mức nào (1-5)? Hồ sơ: Điểm thi: Toán 7.25, Văn 6, Hóa 6.5, Sinh 6. Nhà ở: Đồng Tháp. Giới tính: nữ. Học sinh chia sẻ: Em cần trường học phí thấp để đỡ cho bố mẹ. Học phí em có thể đóng khoảng 40 triệu một năm. Em định học Công nghệ thực phẩm vì muốn làm kỹ sư thực phẩm. Em thích môi trường ở HCM nên muốn học ở đó. Nói thật là em sợ tiêm.",Ngành: Công nghệ sinh học - Trường Đại học Công nghệ Tp. Hồ Chí Minh. Lĩnh vực: Sinh học - Hóa học - Công nghệ sinh học - Thực phẩm. Nơi học: nan. Chương trình: chuẩn. Học phí: không rõ. Điều kiện riêng: không có.,,,
1ffd26687e5f2050,interest_fit,1 | 2 | 3 | 4 | 5 | insufficient,"Câu hỏi: Ngành này hợp với sở thích và định hướng nghề nghiệp của học sinh đến mức nào (1-5)? Hồ sơ: Điểm thi: Toán 10, Văn 7.5, Sử 10, Anh 8.75. Nhà ở: Nghệ An. Giới tính: nữ. Học sinh chia sẻ: e dinh hoc cong nghe thuc pham vi muon nghien cuu sinh hoc. ngoai gio hoc e thich tranh bien, hay di thi debate. chon vua suc la chinh, them 1-2 nguyen vong thu thach. e ko muon hoc xa nha. bo me noi chi chi duoc khoang 15 trieu mot nam tien hoc. e hoc tot mon su.",Ngành: Công nghệ thực phẩm - Trường Đại học Công nghệ Tp. Hồ Chí Minh. Lĩnh vực: Sinh học - Hóa học - Công nghệ sinh học - Thực phẩm. Nơi học: nan. Chương trình: chuẩn. Học phí: không rõ. Điều kiện riêng: không có.,,,
9bfb8bdc85737350,interest_fit,1 | 2 | 3 | 4 | 5 | insufficient,"Câu hỏi: Ngành này hợp với sở thích và định hướng nghề nghiệp của học sinh đến mức nào (1-5)? Hồ sơ: Điểm thi: Toán 8.25, Văn 7, Anh 6.25, Hóa 6.25. Nhà ở: Lạng Sơn. Giới tính: nam. Học sinh chia sẻ: Ngoài giờ học mình hay kèm bài cho mình nhỏ hàng xóm. Nhà mình không cho thi lại nên phải đỗ bằng được. mình sợ nhất là môn tiếng Anh.",Ngành: Quản trị kinh doanh - Trường Đại học Giao thông Vận tải. Lĩnh vực: Kinh tế - Kinh doanh - Quản trị - Marketing - Thương mại. Nơi học: nan. Chương trình: chuẩn. Học phí: 24-26 triệu/năm. Điều kiện riêng: không có.,,,
73a28d453ac0cbf7,interest_fit,1 | 2 | 3 | 4 | 5 | insufficient,"Câu hỏi: Ngành này hợp với sở thích và định hướng nghề nghiệp của học sinh đến mức nào (1-5)? Hồ sơ: Điểm thi: Toán 8, Văn 5.25, Địa 6.25, Tin 6.25. Nhà ở: Gia Lai. Giới tính: nam. Học sinh chia sẻ: Em muốn học sư phạm tiếng Anh. Em muốn ngành có thu nhập cao. Em không thích học lý thuyết khô khan. Nói thật là em không thích viết lách. Tiếng Anh em rất kém. Nhà em có 3 anh chị em. Ưu tiên của em là an toàn, đỗ là được. Ngoài giờ học em đang bán quần áo online kiếm thêm. Nhưng mà em muốn thử một vài trường cao hơn sức mình nhưng vẫn phải có trường dự phòng.","Ngành: Kinh tế quốc tế - Học viện Chính sách và Phát triển. Lĩnh vực: Kinh tế - Kinh doanh - Quản trị - Marketing - Thương mại. Nơi học: nan. Chương trình: liên kết/quốc tế. Học phí: 28 triệu/năm. Điều kiện riêng: Học bằng tiếng Anh (thường cần trình độ tiếng Anh tốt, có thể yêu cầu IELTS/chứng chỉ khi nhập học) | Chương trình liên kết/quốc tế: học phí cao hơn chương trình chuẩn.",,,
8249cb2740004108,interest_fit,1 | 2 | 3 | 4 | 5 | insufficient,"Câu hỏi: Ngành này hợp với sở thích và định hướng nghề nghiệp của học sinh đến mức nào (1-5)? Hồ sơ: Điểm thi: Toán 8.25, Văn 8.5, Anh 5.25, Hóa 7.5. Nhà ở: Thái Nguyên. Giới tính: nam. Học sinh chia sẻ: Tôi là phụ huynnh. cháu thuộc hộ cận nghèo nên rất lo tiền họọc. cháu rất thích ngành kinh tế, sau này muốn làm marketing. cháu chỉ muốn học ở thành phố Hồ Chí Minh. cháu có nuôi ột con mèo tên Mướp. cháu chấp nậhn rủi ro, không đỗ trờng mình thích thì ôn thêm một năm.",Ngành: Quản trị kinh doanh - Trường Đại học Giao thông Vận tải. Lĩnh vực: Kinh tế - Kinh doanh - Quản trị - Marketing - Thương mại. Nơi học: nan. Chương trình: chuẩn. Học phí: 24-26 triệu/năm. Điều kiện riêng: không có.,,,
35ff8ec652ebf05c,interest_fit,1 | 2 | 3 | 4 | 5 | insufficient,"Câu hỏi: Ngành này hợp với sở thích và định hướng nghề nghiệp của học sinh đến mức nào (1-5)? Hồ sơ: Điểm thi thử: Toán 9, Văn 8, KTPL 7.25, Địa 7.5. Nhà ở: Lào Cai. Giới tính: nam. Học sinh chia sẻ: Nhà em không cho thi lại nên phải đỗ bằng được. Mẹ em muốn em học Vật lý, còn em thì không thích lắm. Em học ở đâu cũng được. Em là lớp trưởng. Ngoài giờ học em đi dạy gia sư từ lớp 11. Em chỉ học cơ sở chính thôi.",Ngành: Nghệ thuật số - Trường Đại học Công nghệ Tp. Hồ Chí Minh. Lĩnh vực: Thiết kế - Nghệ thuật - Sáng tạo số. Nơi học: nan. Chương trình: chuẩn. Học phí: không rõ. Điều kiện riêng: không có.,,,
49ea10e3a612c721,interest_fit,1 | 2 | 3 | 4 | 5 | insufficient,"Câu hỏi: Ngành này hợp với sở thích và định hướng nghề nghiệp của học sinh đến mức nào (1-5)? Hồ sơ: Điểm thi: Toán 9, Văn 8, Sử 7, Lý 8.5. Nhà ở: Lạng Sơn. Học sinh chia sẻ: Bố mẹ muốn em học khoa học cơ bản, em thấy cũng được. Em học tốt môn Lý. Em muốn lên thủ đô học. Nói thật là em không thích học thuộc luật. Mọi người bảo em viết bài cho báo tường. Em có IELTS 6.5. Em học tốt môn Toán. Nhà em có 3 anh chị em.",Ngành: Luật kinh tế - Trường Đại học Công nghệ Tp. Hồ Chí Minh. Lĩnh vực: Luật. Nơi học: nan. Chương trình: chuẩn. Học phí: không rõ. Điều kiện riêng: không có.,,,
b70e0254f86f1822,interest_fit,1 | 2 | 3 | 4 | 5 | insufficient,"Câu hỏi: Ngành này hợp với sở thích và định hướng nghề nghiệp của học sinh đến mức nào (1-5)? Hồ sơ: Điểm thi: Toán 3.25, Văn 4.5, Anh 5.25, Địa 3.5. Nhà ở: Gia Lai. Học sinh chia sẻ: Tôi là phụ huynh. Nhà cháu không cho thi lại nên phải đỗ bằng được. cháu học ở đâu cũng được. Nhưng mà cháu muốn thử sức hết mình với trường thật cao. Ngoài giờ học cháu thích giao tiếp với người nước ngoài. cháu ở nội trú. Môn Toán cháu học kém. Quan trọng nhất là trường top, có tiếng. Kinh tế nhà cháu khá thoải mái.","Ngành: Kỹ thuật cơ khí - Trường Đại học Công nghệ Tp. Hồ Chí Minh. Lĩnh vực: Kỹ thuật - Công nghệ (cơ khí, điện, điện tử, ô tô, tự động hóa, vật liệu). Nơi học: nan. Chương trình: chuẩn. Học phí: không rõ. Điều kiện riêng: không có.",,,
61f064e25ea0098d,interest_fit,1 | 2 | 3 | 4 | 5 | insufficient,"Câu hỏi: Ngành này hợp với sở thích và định hướng nghề nghiệp của học sinh đến mức nào (1-5)? Hồ sơ: Điểm thi: Toán 7.25, Văn 7.75, Sử 9.25, Lý 6.25. Nhà ở: Tây Ninh. Giới tính: nữ. Học sinh chia sẻ: Em muốn lên Hà Nội học. Sử là môn mạnh nhất của em. Nói thật là em không muốn về nông thôn làm việc. Nguyện vọng của em là học Quản trị kinh doanh.",Ngành: Vật lý kỹ thuật - Trường Đại học Công nghệ - Đại học Quốc gia Hà Nội. Lĩnh vực: Khoa học tự nhiên - Toán - Vật lý - Thống kê. Nơi học: nan. Chương trình: chuẩn. Học phí: 44 triệu/năm. Điều kiện riêng: không có.,,,
577f0a60d3a52637,interest_fit,1 | 2 | 3 | 4 | 5 | insufficient,"Câu hỏi: Ngành này hợp với sở thích và định hướng nghề nghiệp của học sinh đến mức nào (1-5)? Hồ sơ: Điểm thi thử: Toán 6.25, Văn 7, Sử 8.75, Anh 7.5. Nhà ở: Sơn La. Giới tính: nam. Học sinh chia sẻ: Học phí em có thể đóng khoảng 40 triệu một năm. Em muốn học Điều dưỡng. Em thích ăn bún chả. Em muốn thử một vài trường cao hơn sức mình nhưng vẫn phải có trường dự phòng. Em giao tiếp tiếng Anh ổn. Sử là môn mạnh nhất của em. Địa điểm không quan trọng với em. Em muốn học trường có tên tuổi để sau này dễ xin việc.",Ngành: Y khoa - Trường Đại học Công nghệ Tp. Hồ Chí Minh. Lĩnh vực: Y - Dược - Điều dưỡng - Sức khỏe. Nơi học: nan. Chương trình: chuẩn. Học phí: không rõ. Điều kiện riêng: Khối sức khỏe: có ngưỡng điểm sàn của Bộ.,,,
9ed8556666d9f386,interest_fit,1 | 2 | 3 | 4 | 5 | insufficient,"Câu hỏi: Ngành này hợp với sở thích và định hướng nghề nghiệp của học sinh đến mức nào (1-5)? Hồ sơ: Điểm thi: Toán 5.5, Văn 6.75, Anh 4, Sử 5.75. Nhà ở: Ninh Bình. Học sinh chia sẻ: Em ở nội trú. Em ưu tiên học ở gần để còn về phụ bố mẹ. Gia đình em chỉ lo được học phí khoảng 40 triệu một năm. Ước mơ của em là làm pháp chế doanh nghiệp. Mẹ em muốn em học Toán ứng dụng, còn em thì không thích lắm. Em muốn học Kế toán. Em muốn lên HCM học.",Ngành: Toán tin - Trường Đại học Điện lực. Lĩnh vực: Khoa học tự nhiên - Toán - Vật lý - Thống kê. Nơi học: nan. Chương trình: chuẩn. Học phí: không rõ. Điều kiện riêng: không có.,,,
2dd1b76ab1fd22a6,interest_fit,1 | 2 | 3 | 4 | 5 | insufficient,"Câu hỏi: Ngành này hợp với sở thích và định hướng nghề nghiệp của học sinh đến mức nào (1-5)? Hồ sơ: Điểm thi: Toán 4.75, Văn 5.5, Lý 6, Sử 6.75. Nhà ở: Hà Tĩnh. Giới tính: nam. Học sinh chia sẻ: Em không muốn học xa nhà. Gia đình em chỉ lo được học phí tầm 3.5 triệu mỗi tháng. Nguyện vọng của em là học quy hoạch. Quan trọng nhất là được học gần nhà. Em yếu môn Toán. Bố mẹ bắt em học Du lịch nhưng em không muốn. Em muốn cân bằng, vừa thử sức vừa có đường lui.",Ngành: Logistics và Quản lý chuỗi cung ứng - Trường Đại học Điện lực. Lĩnh vực: Du lịch - Khách sạn - Logistics - Hàng không - Dịch vụ. Nơi học: nan. Chương trình: chuẩn. Học phí: không rõ. Điều kiện riêng: không có.,,,
165a458909b7e41b,interest_fit,1 | 2 | 3 | 4 | 5 | insufficient,"Câu hỏi: Ngành này hợp với sở thích và định hướng nghề nghiệp của học sinh đến mức nào (1-5)? Hồ sơ: Điểm thi: Toán 6.5, Văn 6.5, Hóa 5.75, Anh 7.25. Nhà ở: Bắc Ninh. Giới tính: nam. Học sinh chia sẻ: Nhà em khó khăn, bố mẹ làm nông. Em cần trường học phí thấp để đỡ cho bố mẹ. Em sẵn sàng liều để vào trường mơ ước, trượt thì năm sau thi lại. Cuối tuần em hay đá bóng với bạn. Em muốn lên HN học. Em thích lên kế hoạch, tổ chức sự kiện ở trường.",Ngành: Công nghệ thông tin (Chương trình CLC Công nghệ thông tin Việt - Anh) - Trường Đại học Giao thông Vận tải. Lĩnh vực: Công nghệ thông tin - Máy tính - Dữ liệu - AI. Nơi học: nan. Chương trình: chất lượng cao. Học phí: 24 triệu/năm (ước tính theo mức chung của trường). Điều kiện riêng: không có.,,,
7effe27313a337e4,interest_fit,1 | 2 | 3 | 4 | 5 | insufficient,"Câu hỏi: Ngành này hợp với sở thích và định hướng nghề nghiệp của học sinh đến mức nào (1-5)? Hồ sơ: Điểm thi: Toán 7, Văn 6.75, KTPL 5.75, Sử 7.5. Nhà ở: Thanh Hóa. Giới tính: nữ. Học sinh chia sẻ: Bố mẹ dặn phải đỗ ngay năm nay. mình không thích viết lách. Gia đình mình chỉ lo được học phí tầm 2 triệu mỗi tháng. mình muốn học ngành Luật kinh tế. Quan trọng nhất là ra trường dễ xin việc. mình sợ cuộc sống ở Hà Nội hay Sài Gòn.",Ngành: Khoa học và kỹ thuật dữ liệu - Trường Đại học Công nghệ - Đại học Quốc gia Hà Nội. Lĩnh vực: Công nghệ thông tin - Máy tính - Dữ liệu - AI. Nơi học: nan. Chương trình: chuẩn. Học phí: 38 triệu/năm. Điều kiện riêng: không có.,,,
9684ee85a1930782,interest_fit,1 | 2 | 3 | 4 | 5 | insufficient,"Câu hỏi: Ngành này hợp với sở thích và định hướng nghề nghiệp của học sinh đến mức nào (1-5)? Hồ sơ: Điểm thi: Toán 7.5, Văn 7.25, Anh 7.75, Địa 8.25. Nhà ở: Đồng Nai. Giới tính: nam. Học sinh chia sẻ: Tôôi là phụ hunyh. cháu muốn tửh ộmt vài trường cao hơn sức mình nhưng vẫn phải có trường dự phòng. cháu thuộc hộ cận nghèo nên rất lo tiền học. hcáu học ở đââu cũng được. cháu muốn họcc ngôn ngữ Turng. Ước mơ của cháu là làm ở ngân hàng. chá hay đọc truyện tranh.","Ngành: Kinh tế xây dựng (Chuyên ngành: Kinh tế và quản lý cơ sở hạ tầng, Kinh tế và quản lý đầu tư xây dựng) - Trường Đại học Giao thông Vận tải. Lĩnh vực: Tài chính - Ngân hàng - Kế toán - Kiểm toán - Bảo hiểm. Nơi học: hạ tầng. Chương trình: chuẩn. Học phí: 24-26 triệu/năm. Điều kiện riêng: Học tại hạ tầng.",,,
dacadb0781a9e529,interest_fit,1 | 2 | 3 | 4 | 5 | insufficient,"Câu hỏi: Ngành này hợp với sở thích và định hướng nghề nghiệp của học sinh đến mức nào (1-5)? Hồ sơ: Điểm thi thử: Toán 8.5, Văn 7.75, Địa 5, Sử 8.25. Nhà ở: Lào Cai. Giới tính: nam. Học sinh chia sẻ: Bằng của trường xịn là quan trọng nhất. Em rất thích ngành kỹ thuật hóa, sau này muốn làm kỹ sư thực phẩm. Em giao tiếp tiếng Anh ổn. Toán là môn mạnh nhất của em. Môn Địa em học kém. Học phí em có thể đóng khoảng 25 triệu một năm. Em muốn học gần nhà để tiện về thăm bố mẹ.",Ngành: Quản trị dịch vụ du lịch và lữ hành - Trường Đại học Công nghệ Tp. Hồ Chí Minh. Lĩnh vực: Du lịch - Khách sạn - Logistics - Hàng không - Dịch vụ. Nơi học: nan. Chương trình: chuẩn. Học phí: không rõ. Điều kiện riêng: không có.,,,
2d124c77be238c86,interest_fit,1 | 2 | 3 | 4 | 5 | insufficient,"Câu hỏi: Ngành này hợp với sở thích và định hướng nghề nghiệp của học sinh đến mức nào (1-5)? Hồ sơ: Điểm thi: Toán 5.25, Văn 8, Lý 6.5, Địa 5. Nhà ở: Tây Ninh. Giới tính: nam. Học sinh chia sẻ: Gia dinh minh chi lo duoc hoc phi khoang 30 trieu mot nam. minh san sang lieu de vao truong mo uoc, truot thi nam sau thi lai. Uoc mo cua minh la thiet ke nha. Mon Dia minh hoc kem. Gia dinh dinh huong minh hoc giao duc tieu hoc va minh cung khong phan doi. minh muon hoc gan nha de tien ve tham bo me.","Ngành: Sư phạm công nghệ - Học viện Nông nghiệp Việt Nam. Lĩnh vực: Sư phạm - Giáo dục. Nơi học: nan. Chương trình: chuẩn. Học phí: không rõ. Điều kiện riêng: Sư phạm: không nhận thí sinh bị dị hình, dị tật, nói ngọng, nói lắp; điểm sàn của Bộ.",,,
3f07230b1eba9373,interest_fit,1 | 2 | 3 | 4 | 5 | insufficient,"Câu hỏi: Ngành này hợp với sở thích và định hướng nghề nghiệp của học sinh đến mức nào (1-5)? Hồ sơ: Điểm thi thử: Toán 6.25, Văn 7, Sử 6, Anh 5. Nhà ở: Tây Ninh. Giới tính: nữ. Học sinh chia sẻ: Bằng của trường xịn là quan trọng nhất. Bố mẹ bắt em học Thiết kế đồ họa nhưng em không muốn. Em từng đạt giải khuyến khích văn nghệ. Bố mẹ nói chỉ chi được tối đa 18tr/năm tiền học. Em muốn học gần nhà để tiện về thăm bố mẹ. Em không muốn làm công trường.",Ngành: Kỹ thuật cơ sở hạ tầng (Chuyên ngành Cơ sở hạ tầng kỹ thuật đô thị) - Trường Đại học Giao thông Vận tải. Lĩnh vực: Kiến trúc - Xây dựng - Giao thông - Quy hoạch. Nơi học: hạ tầng. Chương trình: chuẩn. Học phí: 24-26 triệu/năm. Điều kiện riêng: Học tại hạ tầng.,,,
6ec55fc973a9e6fc,interest_fit,1 | 2 | 3 | 4 | 5 | insufficient,"Câu hỏi: Ngành này hợp với sở thích và định hướng nghề nghiệp của học sinh đến mức nào (1-5)? Hồ sơ: Điểm thi thử: Toán 8, Văn 6.75, Lý 4.5, Anh 4.5. Nhà ở: Quảng Ninh. Giới tính: nam. Học sinh chia sẻ: Em muốn thử sức hết mình với trường thật cao. Em muốn học gần nhà để tiện về thăm bố mẹ. Em yếu môn Lý. Nhà em khó khăn, bố mẹ làm nông. Em yếu môn Anh. Em thích nghe nhạc Sơn Tùng. Nguyện vọng của em là học Du lịch. Em hay sửa xe máy cùng bố. Em không muốn đi xa gia đình.",Ngành: Ngôn ngữ Hàn Quốc - Trường Đại học Công nghệ Tp. Hồ Chí Minh. Lĩnh vực: Ngôn ngữ - Văn hóa - Quốc tế học. Nơi học: nan. Chương trình: chuẩn. Học phí: không rõ. Điều kiện riêng: không có.,,,
8c0d1a7eeb4a5c45,interest_fit,1 | 2 | 3 | 4 | 5 | insufficient,"Câu hỏi: Ngành này hợp với sở thích và định hướng nghề nghiệp của học sinh đến mức nào (1-5)? Hồ sơ: Điểm thi: Toán 3.5, Văn 5.25, Hóa 3.5, Anh 3. Nhà ở: Cần Thơ. Giới tính: nữ. Học sinh chia sẻ: Tôi là phụ huynh. Học phí cháu có thể đóng khoảng 60 triệu một năm. Nói thật là cháu không thích mấy ngành xã hội. cháu rất thích ngành khoa học cơ bản, sau này muốn làm giảng viên đại học. cháu yếu môn Hóa. Nhưng mà cháu muốn cân bằng, vừa thử sức vừa có đường lui. cháu cần trường học phí thấp để đỡ cho vợ chồng tôi. cháu muốn học kỹ thuật xây dựng. cháu yếu môn Toán. Ưu tiên của cháu là an toàn, đỗ là được.",Ngành: Vật lý kỹ thuật - Trường Đại học Điện lực. Lĩnh vực: Khoa học tự nhiên - Toán - Vật lý - Thống kê. Nơi học: nan. Chương trình: chuẩn. Học phí: không rõ. Điều kiện riêng: không có.,,,
801132396c600cac,interest_fit,1 | 2 | 3 | 4 | 5 | insufficient,"Câu hỏi: Ngành này hợp với sở thích và định hướng nghề nghiệp của học sinh đến mức nào (1-5)? Hồ sơ: Điểm thi thử: Toán 9, Văn 8, KTPL 7.25, Địa 7.5. Nhà ở: Lào Cai. Giới tính: nam. Học sinh chia sẻ: Nhà em không cho thi lại nên phải đỗ bằng được. Mẹ em muốn em học Vật lý, còn em thì không thích lắm. Em học ở đâu cũng được. Em là lớp trưởng. Ngoài giờ học em đi dạy gia sư từ lớp 11. Em chỉ học cơ sở chính thôi.","Ngành: Công nghệ giáo dục - Trường Đại học Quốc tế Sài Gòn. Lĩnh vực: Sư phạm - Giáo dục. Nơi học: nan. Chương trình: chuẩn. Học phí: không rõ. Điều kiện riêng: Sư phạm: không nhận thí sinh bị dị hình, dị tật, nói ngọng, nói lắp; điểm sàn của Bộ.",,,
9da55c30b9f09b4a,interest_fit,1 | 2 | 3 | 4 | 5 | insufficient,"Câu hỏi: Ngành này hợp với sở thích và định hướng nghề nghiệp của học sinh đến mức nào (1-5)? Hồ sơ: Điểm thi: Toán 5.75, Văn 7.25, Sử 6.75, Anh 5.5. Nhà ở: Đắk Lắk. Giới tính: nữ. Học sinh chia sẻ: em sợ nhất là môn tiếng anh. em muốn ngành có thu nhập cao. ước mơ của em là tự mở công ty riêng. em sợ cuộc sống ở hà nội hay sài gòn. bố mẹ dặn phải đỗ ngay năm nay.",Ngành: Quản trị kinh doanh - Học viện Chính sách và Phát triển. Lĩnh vực: Kinh tế - Kinh doanh - Quản trị - Marketing - Thương mại. Nơi học: nan. Chương trình: chất lượng cao. Học phí: 35 triệu/năm. Điều kiện riêng: không có.,,,
1ee62512eb921266,interest_fit,1 | 2 | 3 | 4 | 5 | insufficient,"Câu hỏi: Ngành này hợp với sở thích và định hướng nghề nghiệp của học sinh đến mức nào (1-5)? Hồ sơ: Điểm thi thử: Toán 7, Văn 6.25, Lý 7, Sinh 6. Nhà ở: Hưng Yên. Giới tính: nam. Học sinh chia sẻ: tiếng anh e rất kém. nói thật là e học ngoại ngữ rất chán. e muốn thử một vài trường cao hơn sức mình nhưng vẫn phải có trường dự phòng. bố mẹ ko cho e đi học xa. mẹ e muốn e học kiến trúc, còn e thì ko thích lắm.",Ngành: Quản trị nhà hàng và dịch vụ ăn uống - Trường Đại học Công nghệ Tp. Hồ Chí Minh. Lĩnh vực: Du lịch - Khách sạn - Logistics - Hàng không - Dịch vụ. Nơi học: nan. Chương trình: chuẩn. Học phí: không rõ. Điều kiện riêng: không có.,,,
814a479e27e04469,interest_fit,1 | 2 | 3 | 4 | 5 | insufficient,"Câu hỏi: Ngành này hợp với sở thích và định hướng nghề nghiệp của học sinh đến mức nào (1-5)? Hồ sơ: Điểm thi thử: Toán 7.25, Văn 7.5, Lý 4.25, Hóa 7. Nhà ở: Hưng Yên. Học sinh chia sẻ: em từng đạt giải khuyến khích văn nghệ. vs em đam mê là số 1. em thích môi trường ở thủ đô nên muốn học ở đó. em rất thích ngành quan hệ công chúng, sau này muốn làm mc. em ko dám liều, năm nay nhất định phải có trường.",Ngành: Toán tin - Trường Đại học Điện lực. Lĩnh vực: Khoa học tự nhiên - Toán - Vật lý - Thống kê. Nơi học: nan. Chương trình: chuẩn. Học phí: không rõ. Điều kiện riêng: không có.,,,
f4c7b360bbeaae20,interest_fit,1 | 2 | 3 | 4 | 5 | insufficient,"Câu hỏi: Ngành này hợp với sở thích và định hướng nghề nghiệp của học sinh đến mức nào (1-5)? Hồ sơ: Điểm thi thử: Toán 8.5, Văn 8, Lý 8, Sử 8.75. Nhà ở: Phú Thọ. Giới tính: nữ. Học sinh chia sẻ: Mọi người bảo em hay xem các công trình cu đường. Em cần trường học phí thấp để đỡ ch obố mẹ. Học phí em có thể đóng khonảg 80 triệu một năm. Em khôông muốn làm kỹ sư trong nhà máy. Em định học Quan hệ công chúng vì muốn làm nhà báo. Nói thật là em không thích mấyy ngành xã hội. E mmhọc tốt môn Toán. Em muốn học gần nhà để tiện về htăm b mẹ. Em học tốt môn Sử.",Ngành: Quan hệ công chúng - Trường Đại học Quốc tế Sài Gòn. Lĩnh vực: Báo chí - Truyền thông - Quan hệ công chúng. Nơi học: nan. Chương trình: chuẩn. Học phí: không rõ. Điều kiện riêng: không có.,,,
c1ed919be834e067,interest_fit,1 | 2 | 3 | 4 | 5 | insufficient,"Câu hỏi: Ngành này hợp với sở thích và định hướng nghề nghiệp của học sinh đến mức nào (1-5)? Hồ sơ: Điểm thi: Toán 7.5, Văn 8, Sinh 5.25, Lý 8.25. Nhà ở: Hưng Yên. Giới tính: nam. Học sinh chia sẻ: Quan trọng nhất là được học đúng ngành mình thích. Nói thật là em không muốn đi lại nhiều. Em muốn học Xây dựng. Em giao tiếp tiếng Anh ổn. Nói thật là em học ngoại ngữ rất chán. Em muốn lên thành phố Hồ Chí Minh học.",Ngành: Y khoa - Trường Đại học Công nghệ Tp. Hồ Chí Minh. Lĩnh vực: Y - Dược - Điều dưỡng - Sức khỏe. Nơi học: nan. Chương trình: chuẩn. Học phí: không rõ. Điều kiện riêng: Khối sức khỏe: có ngưỡng điểm sàn của Bộ.,,,
ba2126cc45419d80,interest_fit,1 | 2 | 3 | 4 | 5 | insufficient,"Câu hỏi: Ngành này hợp với sở thích và định hướng nghề nghiệp của học sinh đến mức nào (1-5)? Hồ sơ: Điểm thi: Toán 8, Văn 7.75, Hóa 9, Anh 7.75. Nhà ở: Bắc Ninh. Giới tính: nữ. Học sinh chia sẻ: Em thích môi trường ở HN nên muốn học ở đó. Quan trọng nhất là học phí rẻ. Em giao tiếp tiếng Anh ổn. Ước mơ của em là làm bác sĩ nha khoa. Nhà em không cho thi lại nên phải đỗ bằng được. Học phí em có thể đóng khoảng 40 triệu một năm. Hóa là môn mạnh nhất của em.","Ngành: Điện tử - viễn thông - Trường Đại học Điện lực. Lĩnh vực: Kỹ thuật - Công nghệ (cơ khí, điện, điện tử, ô tô, tự động hóa, vật liệu). Nơi học: nan. Chương trình: chuẩn. Học phí: không rõ. Điều kiện riêng: không có.",,,
f7dc1cb3eab9789a,interest_fit,1 | 2 | 3 | 4 | 5 | insufficient,"Câu hỏi: Ngành này hợp với sở thích và định hướng nghề nghiệp của học sinh đến mức nào (1-5)? Hồ sơ: Điểm thi thử: Toán 8.75, Văn 8.25, Lý 7, Sử 9.25. Nhà ở: TP. Hồ Chí Minh. Học sinh chia sẻ: em thích nghe nhạc sơn tùng. sử là môn mạnh hnất của em. em thuộc hộ cận nghèo nên rất lo tiền học. bắc hay nam em đều đi đc. toán là môn ạnh nhất của em. em không muốn học ở phân hiệu hay cơ sở tỉnh. nguyện vọng của em là học điện - điện tử. lương cao là ưu tiê ncủa em.","Ngành: Ngành Kinh doanh quốc tế - Trường Đại học Công nghệ Tp. Hồ Chí Minh. Lĩnh vực: Kinh tế - Kinh doanh - Quản trị - Marketing - Thương mại. Nơi học: nan. Chương trình: liên kết/quốc tế. Học phí: không rõ. Điều kiện riêng: Học bằng tiếng Anh (thường cần trình độ tiếng Anh tốt, có thể yêu cầu IELTS/chứng chỉ khi nhập học) | Chương trình liên kết/quốc tế: học phí cao hơn chương trình chuẩn.",,,
1ee2f70370a5ebc1,interest_fit,1 | 2 | 3 | 4 | 5 | insufficient,"Câu hỏi: Ngành này hợp với sở thích và định hướng nghề nghiệp của học sinh đến mức nào (1-5)? Hồ sơ: Điểm thi: Toán 7.75, Văn 8.25, Sử 9, Địa 8.25. Nhà ở: Thái Nguyên. Học sinh chia sẻ: Ngoài giờ học mình thích đi phượt. Học phí mình có thể đóng khoảng 25 triệu một năm. mình học ngoại ngữ rất chán. mình mất gốc tiếng Anh. mình từng đạt giải khuyến khích văn nghệ.","Ngành: Kỹ thuật điện tử - viễn thông (Chuyên ngành Kỹ thuật điện tử và tin học công nghiệp) - Trường Đại học Giao thông Vận tải. Lĩnh vực: Kỹ thuật - Công nghệ (cơ khí, điện, điện tử, ô tô, tự động hóa, vật liệu). Nơi học: nan. Chương trình: chuẩn. Học phí: 24-26 triệu/năm. Điều kiện riêng: không có.",,,
927de55fc8f3e85c,interest_fit,1 | 2 | 3 | 4 | 5 | insufficient,"Câu hỏi: Ngành này hợp với sở thích và định hướng nghề nghiệp của học sinh đến mức nào (1-5)? Hồ sơ: Điểm thi thử: Toán 4.5, Văn 6.5, Anh 4.25, Địa 4. Nhà ở: Ninh Bình. Giới tính: nữ. Học sinh chia sẻ: Nhà em khó khăn, bố mẹ làm nông. Nguyện vng của em là học an toàn thông tin. Em muốn học trờng có tên tuổi để sau này dễ xin việc. Em chỉ muốn học ở thủ đô. Em không dáám liều, năm nay hất ịnh phải có trường. Ngoài giờ học em từng đ itih học sinh giỏi Lý. Em thích ăn bún chả.",Ngành: Khoa học máy tính - Trường Đại học Công nghệ - Đại học Quốc gia Hà Nội. Lĩnh vực: Công nghệ thông tin - Máy tính - Dữ liệu - AI. Nơi học: nan. Chương trình: chuẩn. Học phí: 44 triệu/năm. Điều kiện riêng: không có.,,,
a1dc990096a8ceea,interest_fit,1 | 2 | 3 | 4 | 5 | insufficient,"Câu hỏi: Ngành này hợp với sở thích và định hướng nghề nghiệp của học sinh đến mức nào (1-5)? Hồ sơ: Điểm thi thử: Toán 4.5, Văn 5.75, KTPL 3, Hóa 6.75. Nhà ở: Quảng Trị. Học sinh chia sẻ: Học phí em có thể đóng khoảng 40 triệu một năm. Em muốn học gần nhà để tiện về thăm bố mẹ. Ngoài giờ học em thích lắp mạch Arduino. Nguyện vọng của em là học Thống kê. Em không thích mấy ngành xã hội. Em có IELTS 6.5. Gia đình định hướng em học Kiến trúc và em cũng không phản đối.",Ngành: Vật lý kỹ thuật - Trường Đại học Công nghệ - Đại học Quốc gia Hà Nội. Lĩnh vực: Khoa học tự nhiên - Toán - Vật lý - Thống kê. Nơi học: nan. Chương trình: chuẩn. Học phí: 44 triệu/năm. Điều kiện riêng: không có.,,,
3f7a3ac98b8e3ad9,interest_fit,1 | 2 | 3 | 4 | 5 | insufficient,"Câu hỏi: Ngành này hợp với sở thích và định hướng nghề nghiệp của học sinh đến mức nào (1-5)? Hồ sơ: Điểm thi: Toán 7.5, Văn 8.5, Lý 7.75, Sử 8.25. Nhà ở: Ninh Bình. Giới tính: nam. Học sinh chia sẻ: mình quen công trường vì bố làm thầu xây dựng. mình ở nội trú. Với mình đam mê là số 1. mình sợ trượt lắm, muốn chọn chỗ chắc ăn. mình học tốt môn Văn.",Ngành: An toàn thông tin - Trường Đại học Công nghệ Tp. Hồ Chí Minh. Lĩnh vực: Công nghệ thông tin - Máy tính - Dữ liệu - AI. Nơi học: nan. Chương trình: chuẩn. Học phí: không rõ. Điều kiện riêng: không có.,,,
c186bfa27eda191d,interest_fit,1 | 2 | 3 | 4 | 5 | insufficient,"Câu hỏi: Ngành này hợp với sở thích và định hướng nghề nghiệp của học sinh đến mức nào (1-5)? Hồ sơ: Điểm thi: Toán 5.5, Văn 6.75, KTPL 7, Sử 8. Nhà ở: Tuyên Quang. Học sinh chia sẻ: quan trọng nhất là ra trường dễ xin việc. e muốn học gần nhà để tiện về thăm bố mẹ. e muốn học hóa học. e đang học thêm ở trung tâm gần nhà. e sợ nắng nóng ngoài công trường. nguyện vọng của e là học ngành it. e chỉ cần chắc chắn đỗ, ko muốn mạo hiểm. tiếng anh của e khá tốt.",Ngành: Tâm lý học - Trường Đại học Quốc tế Sài Gòn. Lĩnh vực: Y - Dược - Điều dưỡng - Sức khỏe. Nơi học: nan. Chương trình: chuẩn. Học phí: không rõ. Điều kiện riêng: Khối sức khỏe: có ngưỡng điểm sàn của Bộ.,,,
f6a652fcea22cee2,interest_fit,1 | 2 | 3 | 4 | 5 | insufficient,"Câu hỏi: Ngành này hợp với sở thích và định hướng nghề nghiệp của học sinh đến mức nào (1-5)? Hồ sơ: Điểm thi: Toán 6.75, Văn 8, Anh 5.75, Tin 6.25. Nhà ở: Khánh Hòa. Giới tính: nam. Học sinh chia sẻ: e muốn thử sức hết mình vs trường thật cao. nhưng mà e muốn có cả phương án an toàn lẫn phương án cao. e muốn lên thành phố hồ chí minh học. nói thật là e sợ đứng trước đông người. nói thật là e ko thích viết lách.","Ngành: Cơ kỹ thuật - Trường Đại học Công nghệ - Đại học Quốc gia Hà Nội. Lĩnh vực: Kỹ thuật - Công nghệ (cơ khí, điện, điện tử, ô tô, tự động hóa, vật liệu). Nơi học: nan. Chương trình: chuẩn. Học phí: 44 triệu/năm. Điều kiện riêng: không có.",,,
dea580e308e3efa1,location_ok,yes | no | insufficient,"Câu hỏi: Nơi học của chương trình này có phù hợp với mong muốn về địa điểm của học sinh không? Hồ sơ: Điểm thi: Toán 4, Văn 7, Anh 5.25, Địa 8.25. Nhà ở: Ninh Bình. Giới tính: nam. Học sinh chia sẻ: Tôi là phụ huynh. Ước mơ của cháu là làm việc trong cơ quan nhà nước. Quan trọng nhất là học phí rẻ. Vợ chồng tôi nói chỉ chi được khoảng 18 triệu một năm tiền học. cháu ở nội trú.",Ngành: Quản trị sự kiện - Trường Đại học Công nghệ Tp. Hồ Chí Minh. Lĩnh vực: Du lịch - Khách sạn - Logistics - Hàng không - Dịch vụ. Nơi học: nan. Chương trình: chuẩn. Học phí: không rõ. Điều kiện riêng: không có.,,,
c056e4debd053c11,location_ok,yes | no | insufficient,"Câu hỏi: Nơi học của chương trình này có phù hợp với mong muốn về địa điểm của học sinh không? Hồ sơ: Điểm thi: Toán 5.5, Văn 2.75, Tin 5.25, Lý 4.75. Nhà ở: Thanh Hóa. Giới tính: nam. Học sinh chia sẻ: e rất thích ngành công nghệ thông tin, sau này muốn làm kỹ sư phần mềm. e muốn thử một vài trường cao hơn sức mình nhưng vẫn phải có trường dự phòng. kinh tế gia đình e ko khá lắm. e cần ngành ổn định, ra trường có việc ngay. môn văn e học kém. e chỉ muốn học ở hn. e thi ielts được 6.0.",Ngành: Quản trị nhà hàng và dịch vụ ăn uống - Trường Đại học Công nghệ Tp. Hồ Chí Minh. Lĩnh vực: Du lịch - Khách sạn - Logistics - Hàng không - Dịch vụ. Nơi học: nan. Chương trình: chuẩn. Học phí: không rõ. Điều kiện riêng: không có.,,,
a133e63b485ddb65,location_ok,yes | no | insufficient,"Câu hỏi: Nơi học của chương trình này có phù hợp với mong muốn về địa điểm của học sinh không? Hồ sơ: Điểm thi: Toán 3.75, Văn 5.75, Lý 3.75, Sử 4.5. Nhà ở: Lào Cai. Giới tính: nữ. Học sinh chia sẻ: Em sợ đứng trước đông người. Em học ở đâu cũng được. Bố mẹ dặn phải đỗ ngay năm nay. Em muốn học Hóa học. Môn Sử em học kém. Em yếu môn Lý.","Ngành: Công nghệ giáo dục - Trường Đại học Quốc tế Sài Gòn. Lĩnh vực: Sư phạm - Giáo dục. Nơi học: nan. Chương trình: chuẩn. Học phí: không rõ. Điều kiện riêng: Sư phạm: không nhận thí sinh bị dị hình, dị tật, nói ngọng, nói lắp; điểm sàn của Bộ.",,,
f0a502394c255749,location_ok,yes | no | insufficient,"Câu hỏi: Nơi học của chương trình này có phù hợp với mong muốn về địa điểm của học sinh không? Hồ sơ: Điểm thi: Toán 4.75, Văn 7.75, Lý 7.5, Anh 6.25. Nhà ở: Hưng Yên. Giới tính: nam. Học sinh chia sẻ: Tôi là phụ huynh. Nhà cháu khó khăn, vợ chồng tôi làm nông. Bắc hay Nam cháu đều đi được. cháu rất thích ngành điện - điện tử, sau này muốn làm kỹ sư điện. Nói thật là cháu không hợp ngành luật. cháu yếu môn Toán. cháu muốn ngành có thu nhập cao. cháu sợ nhất là môn tiếng Anh.",Ngành: Tâm lý học - Trường Đại học Quốc tế Sài Gòn. Lĩnh vực: Y - Dược - Điều dưỡng - Sức khỏe. Nơi học: nan. Chương trình: chuẩn. Học phí: không rõ. Điều kiện riêng: Khối sức khỏe: có ngưỡng điểm sàn của Bộ.,,,
1373394f862328ea,location_ok,yes | no | insufficient,"Câu hỏi: Nơi học của chương trình này có phù hợp với mong muốn về địa điểm của học sinh không? Hồ sơ: Điểm thi: Toán 1.75, Văn 3.5, KTPL 4.5, Sử 3.5. Nhà ở: Quảng Ninh. Giới tính: nữ. Học sinh chia sẻ: Địa điểm không quan trọng với em. Em chỉ cần chắc chắn đỗ, không muốn mạo hiểm.","Ngành: Công nghệ kỹ thuật cơ điện tử - Trường Đại học Công nghệ - Đại học Quốc gia Hà Nội. Lĩnh vực: Kỹ thuật - Công nghệ (cơ khí, điện, điện tử, ô tô, tự động hóa, vật liệu). Nơi học: nan. Chương trình: chuẩn. Học phí: 44 triệu/năm. Điều kiện riêng: không có.",,,
91836742d7098116,location_ok,yes | no | insufficient,"Câu hỏi: Nơi học của chương trình này có phù hợp với mong muốn về địa điểm của học sinh không? Hồ sơ: Điểm thi: Toán 7, Văn 7.75, Anh 7, Địa 5.5. Nhà ở: Lai Châu. Giới tính: nam. Học sinh chia sẻ: Dạo này ôn thi mệt quá. Em cần ngành ổn định, ra trường có việc ngay. Em thích giảng bài cho bạn bè.",Ngành: Thú y - Trường Đại học Công nghệ Tp. Hồ Chí Minh. Lĩnh vực: Y - Dược - Điều dưỡng - Sức khỏe. Nơi học: nan. Chương trình: chuẩn. Học phí: không rõ. Điều kiện riêng: Khối sức khỏe: có ngưỡng điểm sàn của Bộ.,,,
720eee3bc5b8b6f0,location_ok,yes | no | insufficient,"Câu hỏi: Nơi học của chương trình này có phù hợp với mong muốn về địa điểm của học sinh không? Hồ sơ: Điểm thi thử: Toán 7.25, Văn 7.75, Sử 6.25, Địa 7.75. Nhà ở: Ninh Bình. Giới tính: nữ. Học sinh chia sẻ: minh hay doc truyen tranh. minh so nhat la mon tieng Anh. Moi nguoi bao minh hay cham soc ong ba khi om. minh thich moi truong o TP.HCM nen muon hoc o do. Gia dinh minh khong lo ve hoc phi.",Ngành: Thú y công nghệ số (4) - Trường Đại học Công nghệ Tp. Hồ Chí Minh. Lĩnh vực: Y - Dược - Điều dưỡng - Sức khỏe. Nơi học: nan. Chương trình: chuẩn. Học phí: không rõ. Điều kiện riêng: Khối sức khỏe: có ngưỡng điểm sàn của Bộ.,,,
c7a118f88d6d7a69,location_ok,yes | no | insufficient,"Câu hỏi: Nơi học của chương trình này có phù hợp với mong muốn về địa điểm của học sinh không? Hồ sơ: Điểm thi: Toán 4, Văn 7, Hóa 8, Sử 6.75. Nhà ở: Hà Nội. Giới tính: nữ. Học sinh chia sẻ: mình muốn học trường có tên tuổi để sau này dễ xin việc. mình thích môi trường ở TP.HCM nên muốn học ở đó. Nhà mình khó khăn, bố mẹ làm nông.",Ngành: Thiết kế thời trang - Trường Đại học Công nghệ Tp. Hồ Chí Minh. Lĩnh vực: Y - Dược - Điều dưỡng - Sức khỏe. Nơi học: nan. Chương trình: chuẩn. Học phí: không rõ. Điều kiện riêng: Khối sức khỏe: có ngưỡng điểm sàn của Bộ.,,,
83e26f523331715e,location_ok,yes | no | insufficient,"Câu hỏi: Nơi học của chương trình này có phù hợp với mong muốn về địa điểm của học sinh không? Hồ sơ: Điểm thi: Toán 7.25, Văn 6, Hóa 6.5, Sinh 6. Nhà ở: Đồng Tháp. Giới tính: nữ. Học sinh chia sẻ: Em cần trường học phí thấp để đỡ cho bố mẹ. Học phí em có thể đóng khoảng 40 triệu một năm. Em định học Công nghệ thực phẩm vì muốn làm kỹ sư thực phẩm. Em thích môi trường ở HCM nên muốn học ở đó. Nói thật là em sợ tiêm.",Ngành: Công nghệ sinh học - Trường Đại học Công nghệ Tp. Hồ Chí Minh. Lĩnh vực: Sinh học - Hóa học - Công nghệ sinh học - Thực phẩm. Nơi học: nan. Chương trình: chuẩn. Học phí: không rõ. Điều kiện riêng: không có.,,,
db2de1b9ab13a1ae,location_ok,yes | no | insufficient,"Câu hỏi: Nơi học của chương trình này có phù hợp với mong muốn về địa điểm của học sinh không? Hồ sơ: Điểm thi: Toán 10, Văn 7.5, Sử 10, Anh 8.75. Nhà ở: Nghệ An. Giới tính: nữ. Học sinh chia sẻ: e dinh hoc cong nghe thuc pham vi muon nghien cuu sinh hoc. ngoai gio hoc e thich tranh bien, hay di thi debate. chon vua suc la chinh, them 1-2 nguyen vong thu thach. e ko muon hoc xa nha. bo me noi chi chi duoc khoang 15 trieu mot nam tien hoc. e hoc tot mon su.",Ngành: Công nghệ thực phẩm - Trường Đại học Công nghệ Tp. Hồ Chí Minh. Lĩnh vực: Sinh học - Hóa học - Công nghệ sinh học - Thực phẩm. Nơi học: nan. Chương trình: chuẩn. Học phí: không rõ. Điều kiện riêng: không có.,,,
2e83a5444bd70d5b,location_ok,yes | no | insufficient,"Câu hỏi: Nơi học của chương trình này có phù hợp với mong muốn về địa điểm của học sinh không? Hồ sơ: Điểm thi: Toán 8.25, Văn 7, Anh 6.25, Hóa 6.25. Nhà ở: Lạng Sơn. Giới tính: nam. Học sinh chia sẻ: Ngoài giờ học mình hay kèm bài cho mình nhỏ hàng xóm. Nhà mình không cho thi lại nên phải đỗ bằng được. mình sợ nhất là môn tiếng Anh.",Ngành: Quản trị kinh doanh - Trường Đại học Giao thông Vận tải. Lĩnh vực: Kinh tế - Kinh doanh - Quản trị - Marketing - Thương mại. Nơi học: nan. Chương trình: chuẩn. Học phí: 24-26 triệu/năm. Điều kiện riêng: không có.,,,
55c7381d4a44547a,location_ok,yes | no | insufficient,"Câu hỏi: Nơi học của chương trình này có phù hợp với mong muốn về địa điểm của học sinh không? Hồ sơ: Điểm thi: Toán 8, Văn 5.25, Địa 6.25, Tin 6.25. Nhà ở: Gia Lai. Giới tính: nam. Học sinh chia sẻ: Em muốn học sư phạm tiếng Anh. Em muốn ngành có thu nhập cao. Em không thích học lý thuyết khô khan. Nói thật là em không thích viết lách. Tiếng Anh em rất kém. Nhà em có 3 anh chị em. Ưu tiên của em là an toàn, đỗ là được. Ngoài giờ học em đang bán quần áo online kiếm thêm. Nhưng mà em muốn thử một vài trường cao hơn sức mình nhưng vẫn phải có trường dự phòng.","Ngành: Kinh tế quốc tế - Học viện Chính sách và Phát triển. Lĩnh vực: Kinh tế - Kinh doanh - Quản trị - Marketing - Thương mại. Nơi học: nan. Chương trình: liên kết/quốc tế. Học phí: 28 triệu/năm. Điều kiện riêng: Học bằng tiếng Anh (thường cần trình độ tiếng Anh tốt, có thể yêu cầu IELTS/chứng chỉ khi nhập học) | Chương trình liên kết/quốc tế: học phí cao hơn chương trình chuẩn.",,,
bf137f4b510470bb,location_ok,yes | no | insufficient,"Câu hỏi: Nơi học của chương trình này có phù hợp với mong muốn về địa điểm của học sinh không? Hồ sơ: Điểm thi: Toán 8.25, Văn 8.5, Anh 5.25, Hóa 7.5. Nhà ở: Thái Nguyên. Giới tính: nam. Học sinh chia sẻ: Tôi là phụ huynnh. cháu thuộc hộ cận nghèo nên rất lo tiền họọc. cháu rất thích ngành kinh tế, sau này muốn làm marketing. cháu chỉ muốn học ở thành phố Hồ Chí Minh. cháu có nuôi ột con mèo tên Mướp. cháu chấp nậhn rủi ro, không đỗ trờng mình thích thì ôn thêm một năm.",Ngành: Quản trị kinh doanh - Trường Đại học Giao thông Vận tải. Lĩnh vực: Kinh tế - Kinh doanh - Quản trị - Marketing - Thương mại. Nơi học: nan. Chương trình: chuẩn. Học phí: 24-26 triệu/năm. Điều kiện riêng: không có.,,,
6e53fac36e9947cf,location_ok,yes | no | insufficient,"Câu hỏi: Nơi học của chương trình này có phù hợp với mong muốn về địa điểm của học sinh không? Hồ sơ: Điểm thi thử: Toán 9, Văn 8, KTPL 7.25, Địa 7.5. Nhà ở: Lào Cai. Giới tính: nam. Học sinh chia sẻ: Nhà em không cho thi lại nên phải đỗ bằng được. Mẹ em muốn em học Vật lý, còn em thì không thích lắm. Em học ở đâu cũng được. Em là lớp trưởng. Ngoài giờ học em đi dạy gia sư từ lớp 11. Em chỉ học cơ sở chính thôi.",Ngành: Nghệ thuật số - Trường Đại học Công nghệ Tp. Hồ Chí Minh. Lĩnh vực: Thiết kế - Nghệ thuật - Sáng tạo số. Nơi học: nan. Chương trình: chuẩn. Học phí: không rõ. Điều kiện riêng: không có.,,,
dd7b784de0b5caad,location_ok,yes | no | insufficient,"Câu hỏi: Nơi học của chương trình này có phù hợp với mong muốn về địa điểm của học sinh không? Hồ sơ: Điểm thi: Toán 9, Văn 8, Sử 7, Lý 8.5. Nhà ở: Lạng Sơn. Học sinh chia sẻ: Bố mẹ muốn em học khoa học cơ bản, em thấy cũng được. Em học tốt môn Lý. Em muốn lên thủ đô học. Nói thật là em không thích học thuộc luật. Mọi người bảo em viết bài cho báo tường. Em có IELTS 6.5. Em học tốt môn Toán. Nhà em có 3 anh chị em.",Ngành: Luật kinh tế - Trường Đại học Công nghệ Tp. Hồ Chí Minh. Lĩnh vực: Luật. Nơi học: nan. Chương trình: chuẩn. Học phí: không rõ. Điều kiện riêng: không có.,,,
99071c7a4522d348,location_ok,yes | no | insufficient,"Câu hỏi: Nơi học của chương trình này có phù hợp với mong muốn về địa điểm của học sinh không? Hồ sơ: Điểm thi: Toán 3.25, Văn 4.5, Anh 5.25, Địa 3.5. Nhà ở: Gia Lai. Học sinh chia sẻ: Tôi là phụ huynh. Nhà cháu không cho thi lại nên phải đỗ bằng được. cháu học ở đâu cũng được. Nhưng mà cháu muốn thử sức hết mình với trường thật cao. Ngoài giờ học cháu thích giao tiếp với người nước ngoài. cháu ở nội trú. Môn Toán cháu học kém. Quan trọng nhất là trường top, có tiếng. Kinh tế nhà cháu khá thoải mái.","Ngành: Kỹ thuật cơ khí - Trường Đại học Công nghệ Tp. Hồ Chí Minh. Lĩnh vực: Kỹ thuật - Công nghệ (cơ khí, điện, điện tử, ô tô, tự động hóa, vật liệu). Nơi học: nan. Chương trình: chuẩn. Học phí: không rõ. Điều kiện riêng: không có.",,,
aace58a3a5c65fcb,location_ok,yes | no | insufficient,"Câu hỏi: Nơi học của chương trình này có phù hợp với mong muốn về địa điểm của học sinh không? Hồ sơ: Điểm thi: Toán 7.25, Văn 7.75, Sử 9.25, Lý 6.25. Nhà ở: Tây Ninh. Giới tính: nữ. Học sinh chia sẻ: Em muốn lên Hà Nội học. Sử là môn mạnh nhất của em. Nói thật là em không muốn về nông thôn làm việc. Nguyện vọng của em là học Quản trị kinh doanh.",Ngành: Vật lý kỹ thuật - Trường Đại học Công nghệ - Đại học Quốc gia Hà Nội. Lĩnh vực: Khoa học tự nhiên - Toán - Vật lý - Thống kê. Nơi học: nan. Chương trình: chuẩn. Học phí: 44 triệu/năm. Điều kiện riêng: không có.,,,
a98a809789a660c3,location_ok,yes | no | insufficient,"Câu hỏi: Nơi học của chương trình này có phù hợp với mong muốn về địa điểm của học sinh không? Hồ sơ: Điểm thi thử: Toán 6.25, Văn 7, Sử 8.75, Anh 7.5. Nhà ở: Sơn La. Giới tính: nam. Học sinh chia sẻ: Học phí em có thể đóng khoảng 40 triệu một năm. Em muốn học Điều dưỡng. Em thích ăn bún chả. Em muốn thử một vài trường cao hơn sức mình nhưng vẫn phải có trường dự phòng. Em giao tiếp tiếng Anh ổn. Sử là môn mạnh nhất của em. Địa điểm không quan trọng với em. Em muốn học trường có tên tuổi để sau này dễ xin việc.",Ngành: Y khoa - Trường Đại học Công nghệ Tp. Hồ Chí Minh. Lĩnh vực: Y - Dược - Điều dưỡng - Sức khỏe. Nơi học: nan. Chương trình: chuẩn. Học phí: không rõ. Điều kiện riêng: Khối sức khỏe: có ngưỡng điểm sàn của Bộ.,,,
f09a90d974593c5c,location_ok,yes | no | insufficient,"Câu hỏi: Nơi học của chương trình này có phù hợp với mong muốn về địa điểm của học sinh không? Hồ sơ: Điểm thi: Toán 5.5, Văn 6.75, Anh 4, Sử 5.75. Nhà ở: Ninh Bình. Học sinh chia sẻ: Em ở nội trú. Em ưu tiên học ở gần để còn về phụ bố mẹ. Gia đình em chỉ lo được học phí khoảng 40 triệu một năm. Ước mơ của em là làm pháp chế doanh nghiệp. Mẹ em muốn em học Toán ứng dụng, còn em thì không thích lắm. Em muốn học Kế toán. Em muốn lên HCM học.",Ngành: Toán tin - Trường Đại học Điện lực. Lĩnh vực: Khoa học tự nhiên - Toán - Vật lý - Thống kê. Nơi học: nan. Chương trình: chuẩn. Học phí: không rõ. Điều kiện riêng: không có.,,,
afe8a71e849ae056,location_ok,yes | no | insufficient,"Câu hỏi: Nơi học của chương trình này có phù hợp với mong muốn về địa điểm của học sinh không? Hồ sơ: Điểm thi: Toán 4.75, Văn 5.5, Lý 6, Sử 6.75. Nhà ở: Hà Tĩnh. Giới tính: nam. Học sinh chia sẻ: Em không muốn học xa nhà. Gia đình em chỉ lo được học phí tầm 3.5 triệu mỗi tháng. Nguyện vọng của em là học quy hoạch. Quan trọng nhất là được học gần nhà. Em yếu môn Toán. Bố mẹ bắt em học Du lịch nhưng em không muốn. Em muốn cân bằng, vừa thử sức vừa có đường lui.",Ngành: Logistics và Quản lý chuỗi cung ứng - Trường Đại học Điện lực. Lĩnh vực: Du lịch - Khách sạn - Logistics - Hàng không - Dịch vụ. Nơi học: nan. Chương trình: chuẩn. Học phí: không rõ. Điều kiện riêng: không có.,,,
cb9dc25cf59799f7,location_ok,yes | no | insufficient,"Câu hỏi: Nơi học của chương trình này có phù hợp với mong muốn về địa điểm của học sinh không? Hồ sơ: Điểm thi: Toán 6.5, Văn 6.5, Hóa 5.75, Anh 7.25. Nhà ở: Bắc Ninh. Giới tính: nam. Học sinh chia sẻ: Nhà em khó khăn, bố mẹ làm nông. Em cần trường học phí thấp để đỡ cho bố mẹ. Em sẵn sàng liều để vào trường mơ ước, trượt thì năm sau thi lại. Cuối tuần em hay đá bóng với bạn. Em muốn lên HN học. Em thích lên kế hoạch, tổ chức sự kiện ở trường.",Ngành: Công nghệ thông tin (Chương trình CLC Công nghệ thông tin Việt - Anh) - Trường Đại học Giao thông Vận tải. Lĩnh vực: Công nghệ thông tin - Máy tính - Dữ liệu - AI. Nơi học: nan. Chương trình: chất lượng cao. Học phí: 24 triệu/năm (ước tính theo mức chung của trường). Điều kiện riêng: không có.,,,
aebf793001ce2af8,location_ok,yes | no | insufficient,"Câu hỏi: Nơi học của chương trình này có phù hợp với mong muốn về địa điểm của học sinh không? Hồ sơ: Điểm thi: Toán 7, Văn 6.75, KTPL 5.75, Sử 7.5. Nhà ở: Thanh Hóa. Giới tính: nữ. Học sinh chia sẻ: Bố mẹ dặn phải đỗ ngay năm nay. mình không thích viết lách. Gia đình mình chỉ lo được học phí tầm 2 triệu mỗi tháng. mình muốn học ngành Luật kinh tế. Quan trọng nhất là ra trường dễ xin việc. mình sợ cuộc sống ở Hà Nội hay Sài Gòn.",Ngành: Khoa học và kỹ thuật dữ liệu - Trường Đại học Công nghệ - Đại học Quốc gia Hà Nội. Lĩnh vực: Công nghệ thông tin - Máy tính - Dữ liệu - AI. Nơi học: nan. Chương trình: chuẩn. Học phí: 38 triệu/năm. Điều kiện riêng: không có.,,,
a2062ed8bb9af6a7,location_ok,yes | no | insufficient,"Câu hỏi: Nơi học của chương trình này có phù hợp với mong muốn về địa điểm của học sinh không? Hồ sơ: Điểm thi: Toán 7.5, Văn 7.25, Anh 7.75, Địa 8.25. Nhà ở: Đồng Nai. Giới tính: nam. Học sinh chia sẻ: Tôôi là phụ hunyh. cháu muốn tửh ộmt vài trường cao hơn sức mình nhưng vẫn phải có trường dự phòng. cháu thuộc hộ cận nghèo nên rất lo tiền học. hcáu học ở đââu cũng được. cháu muốn họcc ngôn ngữ Turng. Ước mơ của cháu là làm ở ngân hàng. chá hay đọc truyện tranh.","Ngành: Kinh tế xây dựng (Chuyên ngành: Kinh tế và quản lý cơ sở hạ tầng, Kinh tế và quản lý đầu tư xây dựng) - Trường Đại học Giao thông Vận tải. Lĩnh vực: Tài chính - Ngân hàng - Kế toán - Kiểm toán - Bảo hiểm. Nơi học: hạ tầng. Chương trình: chuẩn. Học phí: 24-26 triệu/năm. Điều kiện riêng: Học tại hạ tầng.",,,
80c65d69e8674037,location_ok,yes | no | insufficient,"Câu hỏi: Nơi học của chương trình này có phù hợp với mong muốn về địa điểm của học sinh không? Hồ sơ: Điểm thi thử: Toán 8.5, Văn 7.75, Địa 5, Sử 8.25. Nhà ở: Lào Cai. Giới tính: nam. Học sinh chia sẻ: Bằng của trường xịn là quan trọng nhất. Em rất thích ngành kỹ thuật hóa, sau này muốn làm kỹ sư thực phẩm. Em giao tiếp tiếng Anh ổn. Toán là môn mạnh nhất của em. Môn Địa em học kém. Học phí em có thể đóng khoảng 25 triệu một năm. Em muốn học gần nhà để tiện về thăm bố mẹ.",Ngành: Quản trị dịch vụ du lịch và lữ hành - Trường Đại học Công nghệ Tp. Hồ Chí Minh. Lĩnh vực: Du lịch - Khách sạn - Logistics - Hàng không - Dịch vụ. Nơi học: nan. Chương trình: chuẩn. Học phí: không rõ. Điều kiện riêng: không có.,,,
1e9dbe28108bc351,location_ok,yes | no | insufficient,"Câu hỏi: Nơi học của chương trình này có phù hợp với mong muốn về địa điểm của học sinh không? Hồ sơ: Điểm thi: Toán 5.25, Văn 8, Lý 6.5, Địa 5. Nhà ở: Tây Ninh. Giới tính: nam. Học sinh chia sẻ: Gia dinh minh chi lo duoc hoc phi khoang 30 trieu mot nam. minh san sang lieu de vao truong mo uoc, truot thi nam sau thi lai. Uoc mo cua minh la thiet ke nha. Mon Dia minh hoc kem. Gia dinh dinh huong minh hoc giao duc tieu hoc va minh cung khong phan doi. minh muon hoc gan nha de tien ve tham bo me.","Ngành: Sư phạm công nghệ - Học viện Nông nghiệp Việt Nam. Lĩnh vực: Sư phạm - Giáo dục. Nơi học: nan. Chương trình: chuẩn. Học phí: không rõ. Điều kiện riêng: Sư phạm: không nhận thí sinh bị dị hình, dị tật, nói ngọng, nói lắp; điểm sàn của Bộ.",,,
f7d9d5f86c8420e2,location_ok,yes | no | insufficient,"Câu hỏi: Nơi học của chương trình này có phù hợp với mong muốn về địa điểm của học sinh không? Hồ sơ: Điểm thi thử: Toán 6.25, Văn 7, Sử 6, Anh 5. Nhà ở: Tây Ninh. Giới tính: nữ. Học sinh chia sẻ: Bằng của trường xịn là quan trọng nhất. Bố mẹ bắt em học Thiết kế đồ họa nhưng em không muốn. Em từng đạt giải khuyến khích văn nghệ. Bố mẹ nói chỉ chi được tối đa 18tr/năm tiền học. Em muốn học gần nhà để tiện về thăm bố mẹ. Em không muốn làm công trường.",Ngành: Kỹ thuật cơ sở hạ tầng (Chuyên ngành Cơ sở hạ tầng kỹ thuật đô thị) - Trường Đại học Giao thông Vận tải. Lĩnh vực: Kiến trúc - Xây dựng - Giao thông - Quy hoạch. Nơi học: hạ tầng. Chương trình: chuẩn. Học phí: 24-26 triệu/năm. Điều kiện riêng: Học tại hạ tầng.,,,
bdfc513795893a77,location_ok,yes | no | insufficient,"Câu hỏi: Nơi học của chương trình này có phù hợp với mong muốn về địa điểm của học sinh không? Hồ sơ: Điểm thi thử: Toán 8, Văn 6.75, Lý 4.5, Anh 4.5. Nhà ở: Quảng Ninh. Giới tính: nam. Học sinh chia sẻ: Em muốn thử sức hết mình với trường thật cao. Em muốn học gần nhà để tiện về thăm bố mẹ. Em yếu môn Lý. Nhà em khó khăn, bố mẹ làm nông. Em yếu môn Anh. Em thích nghe nhạc Sơn Tùng. Nguyện vọng của em là học Du lịch. Em hay sửa xe máy cùng bố. Em không muốn đi xa gia đình.",Ngành: Ngôn ngữ Hàn Quốc - Trường Đại học Công nghệ Tp. Hồ Chí Minh. Lĩnh vực: Ngôn ngữ - Văn hóa - Quốc tế học. Nơi học: nan. Chương trình: chuẩn. Học phí: không rõ. Điều kiện riêng: không có.,,,
b2fdcdae67be5475,location_ok,yes | no | insufficient,"Câu hỏi: Nơi học của chương trình này có phù hợp với mong muốn về địa điểm của học sinh không? Hồ sơ: Điểm thi: Toán 3.5, Văn 5.25, Hóa 3.5, Anh 3. Nhà ở: Cần Thơ. Giới tính: nữ. Học sinh chia sẻ: Tôi là phụ huynh. Học phí cháu có thể đóng khoảng 60 triệu một năm. Nói thật là cháu không thích mấy ngành xã hội. cháu rất thích ngành khoa học cơ bản, sau này muốn làm giảng viên đại học. cháu yếu môn Hóa. Nhưng mà cháu muốn cân bằng, vừa thử sức vừa có đường lui. cháu cần trường học phí thấp để đỡ cho vợ chồng tôi. cháu muốn học kỹ thuật xây dựng. cháu yếu môn Toán. Ưu tiên của cháu là an toàn, đỗ là được.",Ngành: Vật lý kỹ thuật - Trường Đại học Điện lực. Lĩnh vực: Khoa học tự nhiên - Toán - Vật lý - Thống kê. Nơi học: nan. Chương trình: chuẩn. Học phí: không rõ. Điều kiện riêng: không có.,,,
8247ecc7ad33f146,location_ok,yes | no | insufficient,"Câu hỏi: Nơi học của chương trình này có phù hợp với mong muốn về địa điểm của học sinh không? Hồ sơ: Điểm thi thử: Toán 9, Văn 8, KTPL 7.25, Địa 7.5. Nhà ở: Lào Cai. Giới tính: nam. Học sinh chia sẻ: Nhà em không cho thi lại nên phải đỗ bằng được. Mẹ em muốn em học Vật lý, còn em thì không thích lắm. Em học ở đâu cũng được. Em là lớp trưởng. Ngoài giờ học em đi dạy gia sư từ lớp 11. Em chỉ học cơ sở chính thôi.","Ngành: Công nghệ giáo dục - Trường Đại học Quốc tế Sài Gòn. Lĩnh vực: Sư phạm - Giáo dục. Nơi học: nan. Chương trình: chuẩn. Học phí: không rõ. Điều kiện riêng: Sư phạm: không nhận thí sinh bị dị hình, dị tật, nói ngọng, nói lắp; điểm sàn của Bộ.",,,
1ce099a12af0832a,location_ok,yes | no | insufficient,"Câu hỏi: Nơi học của chương trình này có phù hợp với mong muốn về địa điểm của học sinh không? Hồ sơ: Điểm thi: Toán 5.75, Văn 7.25, Sử 6.75, Anh 5.5. Nhà ở: Đắk Lắk. Giới tính: nữ. Học sinh chia sẻ: em sợ nhất là môn tiếng anh. em muốn ngành có thu nhập cao. ước mơ của em là tự mở công ty riêng. em sợ cuộc sống ở hà nội hay sài gòn. bố mẹ dặn phải đỗ ngay năm nay.",Ngành: Quản trị kinh doanh - Học viện Chính sách và Phát triển. Lĩnh vực: Kinh tế - Kinh doanh - Quản trị - Marketing - Thương mại. Nơi học: nan. Chương trình: chất lượng cao. Học phí: 35 triệu/năm. Điều kiện riêng: không có.,,,
1d59b2901e8f7880,location_ok,yes | no | insufficient,"Câu hỏi: Nơi học của chương trình này có phù hợp với mong muốn về địa điểm của học sinh không? Hồ sơ: Điểm thi thử: Toán 7, Văn 6.25, Lý 7, Sinh 6. Nhà ở: Hưng Yên. Giới tính: nam. Học sinh chia sẻ: tiếng anh e rất kém. nói thật là e học ngoại ngữ rất chán. e muốn thử một vài trường cao hơn sức mình nhưng vẫn phải có trường dự phòng. bố mẹ ko cho e đi học xa. mẹ e muốn e học kiến trúc, còn e thì ko thích lắm.",Ngành: Quản trị nhà hàng và dịch vụ ăn uống - Trường Đại học Công nghệ Tp. Hồ Chí Minh. Lĩnh vực: Du lịch - Khách sạn - Logistics - Hàng không - Dịch vụ. Nơi học: nan. Chương trình: chuẩn. Học phí: không rõ. Điều kiện riêng: không có.,,,
48efdd844cf22c0c,location_ok,yes | no | insufficient,"Câu hỏi: Nơi học của chương trình này có phù hợp với mong muốn về địa điểm của học sinh không? Hồ sơ: Điểm thi thử: Toán 7.25, Văn 7.5, Lý 4.25, Hóa 7. Nhà ở: Hưng Yên. Học sinh chia sẻ: em từng đạt giải khuyến khích văn nghệ. vs em đam mê là số 1. em thích môi trường ở thủ đô nên muốn học ở đó. em rất thích ngành quan hệ công chúng, sau này muốn làm mc. em ko dám liều, năm nay nhất định phải có trường.",Ngành: Toán tin - Trường Đại học Điện lực. Lĩnh vực: Khoa học tự nhiên - Toán - Vật lý - Thống kê. Nơi học: nan. Chương trình: chuẩn. Học phí: không rõ. Điều kiện riêng: không có.,,,
83385c724cf4e3e8,location_ok,yes | no | insufficient,"Câu hỏi: Nơi học của chương trình này có phù hợp với mong muốn về địa điểm của học sinh không? Hồ sơ: Điểm thi thử: Toán 8.5, Văn 8, Lý 8, Sử 8.75. Nhà ở: Phú Thọ. Giới tính: nữ. Học sinh chia sẻ: Mọi người bảo em hay xem các công trình cu đường. Em cần trường học phí thấp để đỡ ch obố mẹ. Học phí em có thể đóng khonảg 80 triệu một năm. Em khôông muốn làm kỹ sư trong nhà máy. Em định học Quan hệ công chúng vì muốn làm nhà báo. Nói thật là em không thích mấyy ngành xã hội. E mmhọc tốt môn Toán. Em muốn học gần nhà để tiện về htăm b mẹ. Em học tốt môn Sử.",Ngành: Quan hệ công chúng - Trường Đại học Quốc tế Sài Gòn. Lĩnh vực: Báo chí - Truyền thông - Quan hệ công chúng. Nơi học: nan. Chương trình: chuẩn. Học phí: không rõ. Điều kiện riêng: không có.,,,
a010437c58c0c80e,location_ok,yes | no | insufficient,"Câu hỏi: Nơi học của chương trình này có phù hợp với mong muốn về địa điểm của học sinh không? Hồ sơ: Điểm thi: Toán 7.5, Văn 8, Sinh 5.25, Lý 8.25. Nhà ở: Hưng Yên. Giới tính: nam. Học sinh chia sẻ: Quan trọng nhất là được học đúng ngành mình thích. Nói thật là em không muốn đi lại nhiều. Em muốn học Xây dựng. Em giao tiếp tiếng Anh ổn. Nói thật là em học ngoại ngữ rất chán. Em muốn lên thành phố Hồ Chí Minh học.",Ngành: Y khoa - Trường Đại học Công nghệ Tp. Hồ Chí Minh. Lĩnh vực: Y - Dược - Điều dưỡng - Sức khỏe. Nơi học: nan. Chương trình: chuẩn. Học phí: không rõ. Điều kiện riêng: Khối sức khỏe: có ngưỡng điểm sàn của Bộ.,,,
6a52ca27568d5650,location_ok,yes | no | insufficient,"Câu hỏi: Nơi học của chương trình này có phù hợp với mong muốn về địa điểm của học sinh không? Hồ sơ: Điểm thi: Toán 8, Văn 7.75, Hóa 9, Anh 7.75. Nhà ở: Bắc Ninh. Giới tính: nữ. Học sinh chia sẻ: Em thích môi trường ở HN nên muốn học ở đó. Quan trọng nhất là học phí rẻ. Em giao tiếp tiếng Anh ổn. Ước mơ của em là làm bác sĩ nha khoa. Nhà em không cho thi lại nên phải đỗ bằng được. Học phí em có thể đóng khoảng 40 triệu một năm. Hóa là môn mạnh nhất của em.","Ngành: Điện tử - viễn thông - Trường Đại học Điện lực. Lĩnh vực: Kỹ thuật - Công nghệ (cơ khí, điện, điện tử, ô tô, tự động hóa, vật liệu). Nơi học: nan. Chương trình: chuẩn. Học phí: không rõ. Điều kiện riêng: không có.",,,
ad13d7523db44403,location_ok,yes | no | insufficient,"Câu hỏi: Nơi học của chương trình này có phù hợp với mong muốn về địa điểm của học sinh không? Hồ sơ: Điểm thi thử: Toán 8.75, Văn 8.25, Lý 7, Sử 9.25. Nhà ở: TP. Hồ Chí Minh. Học sinh chia sẻ: em thích nghe nhạc sơn tùng. sử là môn mạnh hnất của em. em thuộc hộ cận nghèo nên rất lo tiền học. bắc hay nam em đều đi đc. toán là môn ạnh nhất của em. em không muốn học ở phân hiệu hay cơ sở tỉnh. nguyện vọng của em là học điện - điện tử. lương cao là ưu tiê ncủa em.","Ngành: Ngành Kinh doanh quốc tế - Trường Đại học Công nghệ Tp. Hồ Chí Minh. Lĩnh vực: Kinh tế - Kinh doanh - Quản trị - Marketing - Thương mại. Nơi học: nan. Chương trình: liên kết/quốc tế. Học phí: không rõ. Điều kiện riêng: Học bằng tiếng Anh (thường cần trình độ tiếng Anh tốt, có thể yêu cầu IELTS/chứng chỉ khi nhập học) | Chương trình liên kết/quốc tế: học phí cao hơn chương trình chuẩn.",,,
0c16e41a4b4e01a7,location_ok,yes | no | insufficient,"Câu hỏi: Nơi học của chương trình này có phù hợp với mong muốn về địa điểm của học sinh không? Hồ sơ: Điểm thi: Toán 7.75, Văn 8.25, Sử 9, Địa 8.25. Nhà ở: Thái Nguyên. Học sinh chia sẻ: Ngoài giờ học mình thích đi phượt. Học phí mình có thể đóng khoảng 25 triệu một năm. mình học ngoại ngữ rất chán. mình mất gốc tiếng Anh. mình từng đạt giải khuyến khích văn nghệ.","Ngành: Kỹ thuật điện tử - viễn thông (Chuyên ngành Kỹ thuật điện tử và tin học công nghiệp) - Trường Đại học Giao thông Vận tải. Lĩnh vực: Kỹ thuật - Công nghệ (cơ khí, điện, điện tử, ô tô, tự động hóa, vật liệu). Nơi học: nan. Chương trình: chuẩn. Học phí: 24-26 triệu/năm. Điều kiện riêng: không có.",,,
0886afd3aae01813,location_ok,yes | no | insufficient,"Câu hỏi: Nơi học của chương trình này có phù hợp với mong muốn về địa điểm của học sinh không? Hồ sơ: Điểm thi thử: Toán 4.5, Văn 6.5, Anh 4.25, Địa 4. Nhà ở: Ninh Bình. Giới tính: nữ. Học sinh chia sẻ: Nhà em khó khăn, bố mẹ làm nông. Nguyện vng của em là học an toàn thông tin. Em muốn học trờng có tên tuổi để sau này dễ xin việc. Em chỉ muốn học ở thủ đô. Em không dáám liều, năm nay hất ịnh phải có trường. Ngoài giờ học em từng đ itih học sinh giỏi Lý. Em thích ăn bún chả.",Ngành: Khoa học máy tính - Trường Đại học Công nghệ - Đại học Quốc gia Hà Nội. Lĩnh vực: Công nghệ thông tin - Máy tính - Dữ liệu - AI. Nơi học: nan. Chương trình: chuẩn. Học phí: 44 triệu/năm. Điều kiện riêng: không có.,,,
69cc260948ba0c3e,location_ok,yes | no | insufficient,"Câu hỏi: Nơi học của chương trình này có phù hợp với mong muốn về địa điểm của học sinh không? Hồ sơ: Điểm thi thử: Toán 4.5, Văn 5.75, KTPL 3, Hóa 6.75. Nhà ở: Quảng Trị. Học sinh chia sẻ: Học phí em có thể đóng khoảng 40 triệu một năm. Em muốn học gần nhà để tiện về thăm bố mẹ. Ngoài giờ học em thích lắp mạch Arduino. Nguyện vọng của em là học Thống kê. Em không thích mấy ngành xã hội. Em có IELTS 6.5. Gia đình định hướng em học Kiến trúc và em cũng không phản đối.",Ngành: Vật lý kỹ thuật - Trường Đại học Công nghệ - Đại học Quốc gia Hà Nội. Lĩnh vực: Khoa học tự nhiên - Toán - Vật lý - Thống kê. Nơi học: nan. Chương trình: chuẩn. Học phí: 44 triệu/năm. Điều kiện riêng: không có.,,,
c20d04b23d25a61f,location_ok,yes | no | insufficient,"Câu hỏi: Nơi học của chương trình này có phù hợp với mong muốn về địa điểm của học sinh không? Hồ sơ: Điểm thi: Toán 7.5, Văn 8.5, Lý 7.75, Sử 8.25. Nhà ở: Ninh Bình. Giới tính: nam. Học sinh chia sẻ: mình quen công trường vì bố làm thầu xây dựng. mình ở nội trú. Với mình đam mê là số 1. mình sợ trượt lắm, muốn chọn chỗ chắc ăn. mình học tốt môn Văn.",Ngành: An toàn thông tin - Trường Đại học Công nghệ Tp. Hồ Chí Minh. Lĩnh vực: Công nghệ thông tin - Máy tính - Dữ liệu - AI. Nơi học: nan. Chương trình: chuẩn. Học phí: không rõ. Điều kiện riêng: không có.,,,
f37ca06152ae7e0e,location_ok,yes | no | insufficient,"Câu hỏi: Nơi học của chương trình này có phù hợp với mong muốn về địa điểm của học sinh không? Hồ sơ: Điểm thi: Toán 5.5, Văn 6.75, KTPL 7, Sử 8. Nhà ở: Tuyên Quang. Học sinh chia sẻ: quan trọng nhất là ra trường dễ xin việc. e muốn học gần nhà để tiện về thăm bố mẹ. e muốn học hóa học. e đang học thêm ở trung tâm gần nhà. e sợ nắng nóng ngoài công trường. nguyện vọng của e là học ngành it. e chỉ cần chắc chắn đỗ, ko muốn mạo hiểm. tiếng anh của e khá tốt.",Ngành: Tâm lý học - Trường Đại học Quốc tế Sài Gòn. Lĩnh vực: Y - Dược - Điều dưỡng - Sức khỏe. Nơi học: nan. Chương trình: chuẩn. Học phí: không rõ. Điều kiện riêng: Khối sức khỏe: có ngưỡng điểm sàn của Bộ.,,,
478063de115af836,location_ok,yes | no | insufficient,"Câu hỏi: Nơi học của chương trình này có phù hợp với mong muốn về địa điểm của học sinh không? Hồ sơ: Điểm thi: Toán 6.75, Văn 8, Anh 5.75, Tin 6.25. Nhà ở: Khánh Hòa. Giới tính: nam. Học sinh chia sẻ: e muốn thử sức hết mình vs trường thật cao. nhưng mà e muốn có cả phương án an toàn lẫn phương án cao. e muốn lên thành phố hồ chí minh học. nói thật là e sợ đứng trước đông người. nói thật là e ko thích viết lách.","Ngành: Cơ kỹ thuật - Trường Đại học Công nghệ - Đại học Quốc gia Hà Nội. Lĩnh vực: Kỹ thuật - Công nghệ (cơ khí, điện, điện tử, ô tô, tự động hóa, vật liệu). Nơi học: nan. Chương trình: chuẩn. Học phí: 44 triệu/năm. Điều kiện riêng: không có.",,,
fa53c401116b2dc7,risk_tolerance,an_toan | can_bang | mao_hiem | insufficient,"Câu hỏi: Mức độ chấp nhận rủi ro của học sinh khi đặt nguyện vọng là gì? Hồ sơ: Điểm thi: Toán 4.5, Văn 6, Lý 4.75, Anh 4.5. Nhà ở: Cao Bằng. Giới tính: nam. Học sinh chia sẻ: Môn Lý em học kém. Bố mẹ nói chỉ chi được tầm 2 triệu mỗi tháng tiền học. Quan trọng nhất là được học đúng ngành mình thích. Em học ở đâu cũng được. Em muốn học Quan hệ công chúng. Em sợ nhất là môn tiếng Anh. Nguyện vọng của em là học luật quốc tế. Em yếu môn Anh. Ưu tiên của em là an toàn, đỗ là được.","Câu hỏi về hồ sơ, không gắn với ngành cụ thể.",,,
1b7e7e3dc8579e25,risk_tolerance,an_toan | can_bang | mao_hiem | insufficient,"Câu hỏi: Mức độ chấp nhận rủi ro của học sinh khi đặt nguyện vọng là gì? Hồ sơ: Điểm thi thử: Toán 8.5, Văn 8, Hóa 8.5, Địa 8. Nhà ở: An Giang. Giới tính: nam. Học sinh chia sẻ: bằng của trường xịn là quan trọng nhất. em sợ trượt lắm, muốn chọn chỗ chắc ăn. nói thật là em không thích làm thí nghiệm. em không muốn học ở phân hiệu hay cơ sở tỉnh. em thích môi trường ở hà nội nên muốn học ở đó. nói thật là em không thích ngành nông nghiệp. em hơi bị nói lắp. gia đình em chỉ lo được học phí khoảng 50 triệu một năm.","Câu hỏi về hồ sơ, không gắn với ngành cụ thể.",,,
257d3d7f5dd11e58,risk_tolerance,an_toan | can_bang | mao_hiem | insufficient,"Câu hỏi: Mức độ chấp nhận rủi ro của học sinh khi đặt nguyện vọng là gì? Hồ sơ: Điểm thi: Toán 6, Văn 6.5, Hóa 7.5, Địa 6.25. Nhà ở: Hải Phòng. Giới tính: nam. Học sinh chia sẻ: e sẵn sàng liều để vào trường mơ ước, trượt thì năm sau thi lại. nguyện vọng của e là học sư phạm tiếng anh. e sợ nhất là môn tiếng anh. e cần trường học phí thấp để đỡ cho bố mẹ. nhà e khó khăn, bố mẹ làm nông. mọi người bảo e thích trồng cây.","Câu hỏi về hồ sơ, không gắn với ngành cụ thể.",,,
259e3424c2b78fde,risk_tolerance,an_toan | can_bang | mao_hiem | insufficient,"Câu hỏi: Mức độ chấp nhận rủi ro của học sinh khi đặt nguyện vọng là gì? Hồ sơ: Điểm thi: Toán 6.25, Văn 7.75, Sử 7.75, Hóa 4.5. Nhà ở: Bắc Ninh. Giới tính: nữ. Học sinh chia sẻ: Em muốn cân bằng, vừa thử sức vừa có đường lui. Tiếng Anh của em khá tốt. Em muốn ngành có thu nhập cao. Em là lớp trưởng.","Câu hỏi về hồ sơ, không gắn với ngành cụ thể.",,,
b4dc786609c5f932,risk_tolerance,an_toan | can_bang | mao_hiem | insufficient,"Câu hỏi: Mức độ chấp nhận rủi ro của học sinh khi đặt nguyện vọng là gì? Hồ sơ: Điểm thi: Toán 3.75, Văn 6.25, Hóa 2.5, Sử 4. Nhà ở: Tuyên Quang. Giới tính: nam. Học sinh chia sẻ: môn hóa em học kém. gia đình em chỉ lo đc học phí khoảng 50 triệu một năm. ngoài giờ học em thích giảng bài cho bạn bè. ưu tiên của em là an toàn, đỗ là đc. bố mẹ không cho em đi học xa. em không thích học thuộc luật. em định học xây dựng vì muốn thiết kế nhà.","Câu hỏi về hồ sơ, không gắn với ngành cụ thể.",,,
82bfb79166d7d492,risk_tolerance,an_toan | can_bang | mao_hiem | insufficient,"Câu hỏi: Mức độ chấp nhận rủi ro của học sinh khi đặt nguyện vọng là gì? Hồ sơ: Điểm thi thử: Toán 5.75, Văn 6, Hóa 5.5, KTPL 4.75. Nhà ở: Lào Cai. Học sinh chia sẻ: Em thi IELTS được 6.0. Chọn vừa sức là chính, thêm 1-2 nguyện vọng thử thách. Mọi người bảo em thích tìm hiểu về cơ thể người. Em không muốn học xa nhà. Quan trọng nhất là được học gần nhà. Gia đình em không lo về học phí. Môn KTPL em học kém.","Câu hỏi về hồ sơ, không gắn với ngành cụ thể.",,,
1b7cb779281ed072,risk_tolerance,an_toan | can_bang | mao_hiem | insufficient,"Câu hỏi: Mức độ chấp nhận rủi ro của học sinh khi đặt nguyện vọng là gì? Hồ sơ: Điểm thi thử: Toán 6, Văn 7.25, Sử 7.25, Lý 5.5. Nhà ở: Nghệ An. Học sinh chia sẻ: Tôi là phụ huynh. cháu từng đạt giải khuyến khích văn nghệ. Vợ chồng tôi bảo học phí bao nhiêu cũng lo được. Nói thật là cháu không thích làm thí nghiệm. Ước mơ của cháu là làm họa sĩ minh họa.","Câu hỏi về hồ sơ, không gắn với ngành cụ thể.",,,
dd917ad5b7733384,risk_tolerance,an_toan | can_bang | mao_hiem | insufficient,"Câu hỏi: Mức độ chấp nhận rủi ro của học sinh khi đặt nguyện vọng là gì? Hồ sơ: Điểm thi: Toán 8.75, Văn 5.5, Hóa 7, Địa 8.25. Nhà ở: Hưng Yên. Học sinh chia sẻ: Em không thích mấy ngành nghệ thuật. Toán là môn mạnh nhất của em. Địa điểm không quan trọng với em. Em chỉ học cơ sở chính thôi. Em mất gốc tiếng Anh.","Câu hỏi về hồ sơ, không gắn với ngành cụ thể.",,,
7b3154be425ec9a7,risk_tolerance,an_toan | can_bang | mao_hiem | insufficient,"Câu hỏi: Mức độ chấp nhận rủi ro của học sinh khi đặt nguyện vọng là gì? Hồ sơ: Điểm thi thử: Toán 6.25, Văn 7.75, KTPL 5.5, Sử 5.25. Nhà ở: Bắc Ninh. Giới tính: nam. Học sinh chia sẻ: Nguệyn vọng của em là học ngành ậut kinh tế. Em chỉ muốn học ở TP.HCM. Em cần ngành ổn định, ra trưng ó việc ngay. Nhà em không cho thi lại nên hpải đỗ bằng đượ.c Tiếng Anh của em khá tốt.","Câu hỏi về hồ sơ, không gắn với ngành cụ thể.",,,
bdbb20ac93480fce,risk_tolerance,an_toan | can_bang | mao_hiem | insufficient,"Câu hỏi: Mức độ chấp nhận rủi ro của học sinh khi đặt nguyện vọng là gì? Hồ sơ: Điểm thi thử: Toán 3.75, Văn 7, Địa 4, Sử 4.25. Nhà ở: Tuyên Quang. Giới tính: nữ. Học sinh chia sẻ: mình yếu môn Địa. Nói thật là mình không thích lên hình. Bằng của trường xịn là quan trọng nhất. Môn Sử mình học kém. mình muốn lên HN học. Gia đình mình chỉ lo được học phí khoảng 40 triệu một năm. mình muốn thử sức hết mình với trường thật cao. mình yếu môn Toán. mình học tiếng Anh từ nhỏ nên khá tự tin.","Câu hỏi về hồ sơ, không gắn với ngành cụ thể.",,,
5009c5894e30378e,risk_tolerance,an_toan | can_bang | mao_hiem | insufficient,"Câu hỏi: Mức độ chấp nhận rủi ro của học sinh khi đặt nguyện vọng là gì? Hồ sơ: Điểm thi: Toán 5.75, Văn 8.25, Sử 9.5, Hóa 9. Nhà ở: TP. Hồ Chí Minh. Học sinh chia sẻ: Em muốn có cả phương án an toàn lẫn phương án cao. Em là lớp trưởng. Mọi người bảo em tham gia CLB môi trường xanh. Em thi IELTS được 6.0. Bố mẹ nói chỉ chi được không quá 50 triệu/năm tiền học. Em chỉ muốn học ở Hà Nội. Nguyện vọng của em là học sư phạm.","Câu hỏi về hồ sơ, không gắn với ngành cụ thể.",,,
bbcefbfb2145727b,risk_tolerance,an_toan | can_bang | mao_hiem | insufficient,"Câu hỏi: Mức độ chấp nhận rủi ro của học sinh khi đặt nguyện vọng là gì? Hồ sơ: Điểm thi: Toán 3.5, Văn 6.75, Lý 4.5, Địa 3.75. Nhà ở: Bắc Ninh. Giới tính: nữ. Học sinh chia sẻ: Em giao tiếp tiếng Anh ổn. Bố mẹ dặn phải đỗ ngay năm nay. Nguyện vọng của em là học sư phạm Toán. Nhà em không có điều kiện, em phải tự đi làm thêm. Em thích môi trường ở HN nên muốn học ở đó. Em cần trường học phí thấp để đỡ cho bố mẹ.","Câu hỏi về hồ sơ, không gắn với ngành cụ thể.",,,
1429cabaabee5823,risk_tolerance,an_toan | can_bang | mao_hiem | insufficient,"Câu hỏi: Mức độ chấp nhận rủi ro của học sinh khi đặt nguyện vọng là gì? Hồ sơ: Điểm thi thử: Toán 2.75, Văn 1.5, Anh 3, Sử 3.25. Nhà ở: Sơn La. Giới tính: nữ. Học sinh chia sẻ: Tôi là phụ huynh. cháu định học về đầu tư, chứng khoán vì muốn làm ở ngân hàng.","Câu hỏi về hồ sơ, không gắn với ngành cụ thể.",,,
425bc2ac5916af56,risk_tolerance,an_toan | can_bang | mao_hiem | insufficient,"Câu hỏi: Mức độ chấp nhận rủi ro của học sinh khi đặt nguyện vọng là gì? Hồ sơ: Điểm thi: Toán 2.25, Văn 2.75, Sử 2.75, Hóa 5. Nhà ở: Cần Thơ. Giới tính: nữ. Học sinh chia sẻ: bố mẹ nói chỉ chi đc khoảng 50 triệu một năm tiền học. e thích môi trường ở tp.hcm nên muốn học ở đó. e yếu môn sử. e định học quan hệ công chúng vì muốn làm biên tập viên. e muốn học xây dựng. môn văn e học kém. môn toán e học kém. e yếu môn hóa.","Câu hỏi về hồ sơ, không gắn với ngành cụ thể.",,,
2f66ca27a0292143,risk_tolerance,an_toan | can_bang | mao_hiem | insufficient,"Câu hỏi: Mức độ chấp nhận rủi ro của học sinh khi đặt nguyện vọng là gì? Hồ sơ: Điểm thi: Toán 7, Văn 6.25, Sử 6.25, Lý 9.25. Nhà ở: Đắk Lắk. Giới tính: nam. Học sinh chia sẻ: bo me muon e hoc quan tri khach san, e thay cung dc. kinh te nha e kha thoai mai. e rat thich nganh thong ke, sau nay muon lam nghien cuu khoa hoc. ly la mon manh nhat cua em. dia diem ko quan trong vs em.","Câu hỏi về hồ sơ, không gắn với ngành cụ thể.",,,
e0786a05c5a6b512,risk_tolerance,an_toan | can_bang | mao_hiem | insufficient,"Câu hỏi: Mức độ chấp nhận rủi ro của học sinh khi đặt nguyện vọng là gì? Hồ sơ: Điểm thi: Toán 5.75, Văn 7.25, Sử 6.75, Anh 5.5. Nhà ở: Đắk Lắk. Giới tính: nữ. Học sinh chia sẻ: em sợ nhất là môn tiếng anh. em muốn ngành có thu nhập cao. ước mơ của em là tự mở công ty riêng. em sợ cuộc sống ở hà nội hay sài gòn. bố mẹ dặn phải đỗ ngay năm nay.","Câu hỏi về hồ sơ, không gắn với ngành cụ thể.",,,
f3e1ad8449cad2a8,risk_tolerance,an_toan | can_bang | mao_hiem | insufficient,"Câu hỏi: Mức độ chấp nhận rủi ro của học sinh khi đặt nguyện vọng là gì? Hồ sơ: Điểm thi thử: Toán 4.5, Văn 3.5, KTPL 3.25, Sinh 3.5. Nhà ở: Nghệ An. Học sinh chia sẻ: Em rất thích ngành tự động hóa, sauu này umốn làm kỹ ư điện. Em yế umôn Sinh. Em yuế môn Toán. Em yếu mô KTPL. Kinh tế nhà em khá tthoải mi. Quan rọng nhất là ra trường dễ xin việc. Em học Tin là buồn ngủ. Em tham gia hội chữ thậập đỏ ở trường. Em không muốn học xa nhà.","Câu hỏi về hồ sơ, không gắn với ngành cụ thể.",,,
a02954e22097fa37,risk_tolerance,an_toan | can_bang | mao_hiem | insufficient,"Câu hỏi: Mức độ chấp nhận rủi ro của học sinh khi đặt nguyện vọng là gì? Hồ sơ: Điểm thi: Toán 2.25, Văn 1.75, Anh 2.5, Sử 1.75. Nhà ở: Đà Nẵng. Học sinh chia sẻ: Bắc hay Nam em đều đi được. Em muốn học công nghệ tài chính. Em chỉ cần học cái mình yêu thích, trường nào cũng được. Bố mẹ muốn em học giáo dục tiểu học, em thấy cũng được. Em là lớp trưởng. Môn Văn em học kém. Mọi người bảo em mê K-pop, tự học tiếng Hàn.","Câu hỏi về hồ sơ, không gắn với ngành cụ thể.",,,
4f5580cfba913572,risk_tolerance,an_toan | can_bang | mao_hiem | insufficient,"Câu hỏi: Mức độ chấp nhận rủi ro của học sinh khi đặt nguyện vọng là gì? Hồ sơ: Điểm thi: Toán 5.75, Văn 8.25, Lý 5, KTPL 5.75. Nhà ở: Lạng Sơn. Học sinh chia sẻ: Em yeu mon Ly. Voi em dam me la so 1. Uu tien cua e mla an toann, do la duoc. Em chi muon hoc o HN. Moi nguoi bao em thich thao lap do dien tu trong nah.","Câu hỏi về hồ sơ, không gắn với ngành cụ thể.",,,
21d1a375e05537ee,risk_tolerance,an_toan | can_bang | mao_hiem | insufficient,"Câu hỏi: Mức độ chấp nhận rủi ro của học sinh khi đặt nguyện vọng là gì? Hồ sơ: Điểm thi: Toán 5, Văn 7.75, Địa 6, CN nông nghiệp 8.5. Nhà ở: Hà Nội. Giới tính: nam. Học sinh chia sẻ: e chỉ muốn học ở tp.hcm. e chỉ cần chắc chắn đỗ, không muốn mạo hiểm. kinh tế nhà e khá thoải mái. e muốn học quản trị khách sạn. cn nông nghiệp là môn mạnh nhất của em. e thi ielts đc 6.0.","Câu hỏi về hồ sơ, không gắn với ngành cụ thể.",,,
2a5329a923a26dc6,risk_tolerance,an_toan | can_bang | mao_hiem | insufficient,"Câu hỏi: Mức độ chấp nhận rủi ro của học sinh khi đặt nguyện vọng là gì? Hồ sơ: Điểm thi: Toán 7.25, Văn 6.75, Anh 5.75, Địa 3.75. Nhà ở: Phú Thọ. Giới tính: nam. Học sinh chia sẻ: Em chỉ cần học cái mình yêu thích, trường nào cũng được. Bố mẹ nói chỉ chi được khoảng 25 triệu một năm tiền học. Môn Địa em học kém. Mọi người bảo em thích các con số, tính toán.","Câu hỏi về hồ sơ, không gắn với ngành cụ thể.",,,
dfecab5a6dd8cb60,risk_tolerance,an_toan | can_bang | mao_hiem | insufficient,"Câu hỏi: Mức độ chấp nhận rủi ro của học sinh khi đặt nguyện vọng là gì? Hồ sơ: Điểm thi: Toán 6, Văn 5.75, Địa 3.25, Anh 5. Nhà ở: Cà Mau. Giới tính: nữ. Học sinh chia sẻ: mình yếu môn Anh. mình từng đạt giải khuyến khích văn nghệ. Gia đình mình không lo về học phí. Nói thật là mình không thích học lý thuyết khô khan. Môn Địa mình học kém. Nguyện vọng của mình là học sư phạm tiếng Anh. Ước mơ của mình là làm việc cho công ty Nhật. mình nói ngọng l/n một chút.","Câu hỏi về hồ sơ, không gắn với ngành cụ thể.",,,
b61d46cf90ebb852,risk_tolerance,an_toan | can_bang | mao_hiem | insufficient,"Câu hỏi: Mức độ chấp nhận rủi ro của học sinh khi đặt nguyện vọng là gì? Hồ sơ: Điểm thi: Toán 4.5, Văn 5.5, Địa 3.25, Sử 6. Nhà ở: Cần Thơ. Giới tính: nữ. Học sinh chia sẻ: Môn Địa em học kém.","Câu hỏi về hồ sơ, không gắn với ngành cụ thể.",,,
3a8d90baf582252d,risk_tolerance,an_toan | can_bang | mao_hiem | insufficient,"Câu hỏi: Mức độ chấp nhận rủi ro của học sinh khi đặt nguyện vọng là gì? Hồ sơ: Điểm thi: Toán 4.5, Văn 5.5, Lý 4.5, KTPL 3.25. Nhà ở: Lào Cai. Học sinh chia sẻ: e muốn học trường có tên tuổi để sau này dễ xin việc. e muốn lên hcm học. e rất thích ngành dược, sau này muốn làm bác sĩ nha khoa. e yếu môn ktpl. nhà e ko có điều kiện, e phải tự đi làm thêm.","Câu hỏi về hồ sơ, không gắn với ngành cụ thể.",,,
7ae3baa03744d088,risk_tolerance,an_toan | can_bang | mao_hiem | insufficient,"Câu hỏi: Mức độ chấp nhận rủi ro của học sinh khi đặt nguyện vọng là gì? Hồ sơ: Điểm thi: Toán 5.25, Văn 7, Sinh 5.75, Lý 6. Nhà ở: Đồng Nai. Học sinh chia sẻ: mình định học Kế táon vì muốn làm kiểm toáán cho Big4. mình muốn học trường có tên tổui để sau này dễ xin việc. TTiếng An hcủa mình khá tốt. mình không thích sống ở thành phố lớn, ồn ào lắm. Học phí mình có thể đóng tầm 2 triệu ỗm tháng. mình có nuôi một con mèo tên Mướp.","Câu hỏi về hồ sơ, không gắn với ngành cụ thể.",,,
23c494b926ee7d7e,risk_tolerance,an_toan | can_bang | mao_hiem | insufficient,"Câu hỏi: Mức độ chấp nhận rủi ro của học sinh khi đặt nguyện vọng là gì? Hồ sơ: Điểm thi: Toán 5, Văn 7.25, CN nông nghiệp 7.75, Sử 8. Nhà ở: Vĩnh Long. Giới tính: nam. Học sinh chia sẻ: Kinh tế nhà em khá thoải mái. Em có IELTS 6.5. Em yếu môn Toán. Em định học ngành truyền thông vì muốn làm PR. Địa điểm không quan trọng với em.","Câu hỏi về hồ sơ, không gắn với ngành cụ thể.",,,
2eb9c96afa164429,risk_tolerance,an_toan | can_bang | mao_hiem | insufficient,"Câu hỏi: Mức độ chấp nhận rủi ro của học sinh khi đặt nguyện vọng là gì? Hồ sơ: Điểm thi: Toán 4, Văn 7.25, Sử 8, Địa 5.75. Nhà ở: Lai Châu. Giới tính: nữ. Học sinh chia sẻ: môn toán e học kém. chọn vừa sức là chính, thêm 1-2 nguyện vọng thử thách. mọi người bảo e thích đọc sách lịch sử. e ko muốn học xa nhà. nhưng mà nhà e ko cho thi lại nên phải đỗ bằng đc. học phí e có thể đóng ko quá 25 triệu/năm. e cần trường học phí thấp để đỡ cho bố mẹ.","Câu hỏi về hồ sơ, không gắn với ngành cụ thể.",,,
ab0d5f1ff3df664a,risk_tolerance,an_toan | can_bang | mao_hiem | insufficient,"Câu hỏi: Mức độ chấp nhận rủi ro của học sinh khi đặt nguyện vọng là gì? Hồ sơ: Điểm thi: Toán 3.25, Văn 5, Hóa 3.25, Lý 3.25. Nhà ở: Lai Châu. Giới tính: nam. Học sinh chia sẻ: mình muốn học gần nhà để tiện về thăm bố mẹ. Môn Hóa mình học kém. mình từng đạt giải khuyến khích văn nghệ. mình sợ trượt lắm, muốn chọn chỗ chắc ăn. mình không muốn đi xa gia đình. mình định học Điều dưỡng vì muốn làm bác sĩ nha khoa. Mẹ mình muốn mình học điện - điện tử, còn mình thì không thích lắm.","Câu hỏi về hồ sơ, không gắn với ngành cụ thể.",,,
f373a34be4a80548,risk_tolerance,an_toan | can_bang | mao_hiem | insufficient,"Câu hỏi: Mức độ chấp nhận rủi ro của học sinh khi đặt nguyện vọng là gì? Hồ sơ: Điểm thi thử: Toán 4.75, Văn 6.25, Sử 6.25, Địa 4. Nhà ở: Lào Cai. Giới tính: nam. Học sinh chia sẻ: e ko muốn đi lại nhiều. bắc hay nam e đều đi được. e muốn học uqan hệ quốcc tế.","Câu hỏi về hồ sơ, không gắn với ngành cụ thể.",,,
d43f00f101fd6fbf,risk_tolerance,an_toan | can_bang | mao_hiem | insufficient,"Câu hỏi: Mức độ chấp nhận rủi ro của học sinh khi đặt nguyện vọng là gì? Hồ sơ: Điểm thi: Toán 5.5, Văn 6.5, Hóa 7.5, Địa 5.5. Nhà ở: Khánh Hòa. Học sinh chia sẻ: Tôi là phụ huynh. cháu định theo ngành y vì muốn làm dược sĩ. Nguyện vọng của cháu là học Quản trị khách sạn. cháu từng đạt giải khuyến khích văn nghệ. cháu ghét phải đi thuyết phục người khác mua hàng. cháu thuộc hộ cận nghèo nên rất lo tiền học. Vợ chồng tôi không cho cháu đi học xa. Nhà cháu không cho thi lại nên phải đỗ bằng được.","Câu hỏi về hồ sơ, không gắn với ngành cụ thể.",,,
628b4b7397562c30,risk_tolerance,an_toan | can_bang | mao_hiem | insufficient,"Câu hỏi: Mức độ chấp nhận rủi ro của học sinh khi đặt nguyện vọng là gì? Hồ sơ: Điểm thi: Toán 3.75, Văn 3.75, Anh 3.5, Lý 4. Nhà ở: Ninh Bình. Giới tính: nam. Học sinh chia sẻ: mình yếu môn Lý. Môn Anh mình học kém. Nhà mình khó khăn, bố mẹ làm nông. mình mất gốc tiếng Anh. Nói thật là mình không thích mấy ngành nghệ thuật.","Câu hỏi về hồ sơ, không gắn với ngành cụ thể.",,,
3e2c73d70ed39224,risk_tolerance,an_toan | can_bang | mao_hiem | insufficient,"Câu hỏi: Mức độ chấp nhận rủi ro của học sinh khi đặt nguyện vọng là gì? Hồ sơ: Điểm thi: Toán 3.75, Văn 5.75, Sử 6.5, Hóa 8. Nhà ở: Đồng Nai. Giới tính: nữ. Học sinh chia sẻ: Em định học Thiết kế đồ họa vì muốn làm thiết kế UI/UX. Em không dám liều, năm nay nhất định phải có trường. Nhà em khó khăn nên học phí là điều em lo nhất. Mọi người bảo em viết bài cho báo tường. Bố mẹ không cho em đi học xa. Em thi IELTS được 6.0. Bố mẹ muốn em học Quản trị khách sạn, em thấy cũng được. Bố mẹ bảo học phí bao nhiêu cũng lo được.","Câu hỏi về hồ sơ, không gắn với ngành cụ thể.",,,
10b7a251a209fa2e,risk_tolerance,an_toan | can_bang | mao_hiem | insufficient,"Câu hỏi: Mức độ chấp nhận rủi ro của học sinh khi đặt nguyện vọng là gì? Hồ sơ: Điểm thi thử: Toán 7.75, Văn 8, KTPL 6.25, Lý 8.25. Nhà ở: Quảng Ninh. Học sinh chia sẻ: Nguyện vọng của em là học sư phạm Toán. Em không muốn đi xa gia đình. Em muốn lên Sài Gòn học. Em hay chơi cầu lông. Em thi IELTS được 6.0.","Câu hỏi về hồ sơ, không gắn với ngành cụ thể.",,,
77f16250178110ba,risk_tolerance,an_toan | can_bang | mao_hiem | insufficient,"Câu hỏi: Mức độ chấp nhận rủi ro của học sinh khi đặt nguyện vọng là gì? Hồ sơ: Điểm thi: Toán 8.75, Văn 7.25, Địa 7.25, Lý 7. Nhà ở: Thanh Hóa. Giới tính: nam. Học sinh chia sẻ: Nhà em không cho thi lại nên phải đỗ bằng ưđợc. Em hay sửa xe máy cùng bố. Ngoài giờ hc em ha yđọc các vụ án. Em ghét Toán.","Câu hỏi về hồ sơ, không gắn với ngành cụ thể.",,,
5341a277dcbb56a8,risk_tolerance,an_toan | can_bang | mao_hiem | insufficient,"Câu hỏi: Mức độ chấp nhận rủi ro của học sinh khi đặt nguyện vọng là gì? Hồ sơ: Điểm thi: Toán 3.5, Văn 5.75, Sinh 4, Anh 3.25. Nhà ở: Quảng Ngãi. Giới tính: nữ. Học sinh chia sẻ: Nguyện vọng của mình là học Quan hệ công chúng. mình yếu môn Anh. mình muốn ngành có thu nhập cao. mình định học Công nghệ sinh học vì muốn làm trong phòng thí nghiệm. mình chấp nhận rủi ro, không đỗ trường mình thích thì ôn thêm một năm. mình học ở đâu cũng được. Học phí mình có thể đóng khoảng 60 triệu một năm.","Câu hỏi về hồ sơ, không gắn với ngành cụ thể.",,,
49c8bfbbf8aed186,risk_tolerance,an_toan | can_bang | mao_hiem | insufficient,"Câu hỏi: Mức độ chấp nhận rủi ro của học sinh khi đặt nguyện vọng là gì? Hồ sơ: Điểm thi thử: Toán 4, Văn 5.5, Sử 3.5, Hóa 4.75. Nhà ở: Hà Nội. Học sinh chia sẻ: Em yếu môn Toán. Em muốn thử sức hết mình với trường thật cao. Môn Sử em học kém. Bắc hay Nam em đều đi được. Môn Hóa em học kém.","Câu hỏi về hồ sơ, không gắn với ngành cụ thể.",,,
7c39bf6eece0628d,risk_tolerance,an_toan | can_bang | mao_hiem | insufficient,"Câu hỏi: Mức độ chấp nhận rủi ro của học sinh khi đặt nguyện vọng là gì? Hồ sơ: Điểm thi: Toán 7.5, Văn 7.75, Lý 6.25, KTPL 5.25. Nhà ở: Tuyên Quang. Giới tính: nam. Học sinh chia sẻ: Nha em khong cho thi lai nen phai do bang duoc. Em tung dat giai khuyen khich van nghe. Dia diem khong quan trong voi em. Ngoai gio hoc em hay xem cac cong trinh cau duong.","Câu hỏi về hồ sơ, không gắn với ngành cụ thể.",,,
cc4ab15a04970e95,risk_tolerance,an_toan | can_bang | mao_hiem | insufficient,"Câu hỏi: Mức độ chấp nhận rủi ro của học sinh khi đặt nguyện vọng là gì? Hồ sơ: Điểm thi thử: Toán 7.5, Văn 7, Anh 5.75, Địa 7. Nhà ở: Thanh Hóa. Học sinh chia sẻ: Tôi là phụ huynh. Gia đình cháu chỉ lo được học phí khoảng 40 triệu một năm. Mọi người bảo cháu thích trồng cây. cháu ngại giao tiếp. cháu rất thích ngành Logistics, sau này muốn làm logistics.","Câu hỏi về hồ sơ, không gắn với ngành cụ thể.",,,
94f7f2beb4d9427a,risk_tolerance,an_toan | can_bang | mao_hiem | insufficient,"Câu hỏi: Mức độ chấp nhận rủi ro của học sinh khi đặt nguyện vọng là gì? Hồ sơ: Điểm thi thử: Toán 7.25, Văn 7, Hóa 6.25, Lý 4.75. Nhà ở: Lào Cai. Giới tính: nam. Học sinh chia sẻ: Em  ởnội trúú. Nhưng mà em chỉ cần hắc chắn ỗ, không muốn mạo hiểm. Em có IELTS 6.5. Em muốn lên TP.HCCM học. Chọn vừa sức là chính, thmê 1-2 nguyện vọng thử thách. Em chỉ học cơ sở chính htôi. Học phí em có thể đóng khoảng 20 triệu một năm. Quan trọng nhất là học phí rẻ. Em không hợp với máy móc.","Câu hỏi về hồ sơ, không gắn với ngành cụ thể.",,,
8c83a90a814e7b5e,risk_tolerance,an_toan | can_bang | mao_hiem | insufficient,"Câu hỏi: Mức độ chấp nhận rủi ro của học sinh khi đặt nguyện vọng là gì? Hồ sơ: Điểm thi: Toán 6.25, Văn 6.75, Anh 3.75, Hóa 5. Nhà ở: Phú Thọ. Giới tính: nam. Học sinh chia sẻ: Nhà em khó khăn nên học phí là điều em lo nhất. Em thuộc hộ cận nghèo nên rất lo tiền học. Em rất thích ngành Xây dựng, sau này muốn làm kỹ sư xây dựng. Nói thật là em không thích mấy ngành nghệ thuật.","Câu hỏi về hồ sơ, không gắn với ngành cụ thể.",,,
b9ee9342f3534eca,risk_tolerance,an_toan | can_bang | mao_hiem | insufficient,"Câu hỏi: Mức độ chấp nhận rủi ro của học sinh khi đặt nguyện vọng là gì? Hồ sơ: Điểm thi: Toán 4.75, Văn 6, Hóa 6.25, Lý 5.5. Nhà ở: Lai Châu. Giới tính: nữ. Học sinh chia sẻ: Bố mẹ nói chỉ chi được khoảng 80 triệu một năm tiền họ. Ước mơ của em là làm nghiên cứuu khoa học. Quan trọng nhất là được học ggần nhà. Em không dám liều, năm nay nhất địh phải có trường. Em không thích sống ở thàn hphốố lớn, ồn ào lắm.","Câu hỏi về hồ sơ, không gắn với ngành cụ thể.",,,
9382b74913bf9eac,risk_tolerance,an_toan | can_bang | mao_hiem | insufficient,"Câu hỏi: Mức độ chấp nhận rủi ro của học sinh khi đặt nguyện vọng là gì? Hồ sơ: Điểm thi: Toán 3.5, Văn 5.25, Hóa 3.5, Anh 3. Nhà ở: Cần Thơ. Giới tính: nữ. Học sinh chia sẻ: Tôi là phụ huynh. Học phí cháu có thể đóng khoảng 60 triệu một năm. Nói thật là cháu không thích mấy ngành xã hội. cháu rất thích ngành khoa học cơ bản, sau này muốn làm giảng viên đại học. cháu yếu môn Hóa. Nhưng mà cháu muốn cân bằng, vừa thử sức vừa có đường lui. cháu cần trường học phí thấp để đỡ cho vợ chồng tôi. cháu muốn học kỹ thuật xây dựng. cháu yếu môn Toán. Ưu tiên của cháu là an toàn, đỗ là được.","Câu hỏi về hồ sơ, không gắn với ngành cụ thể.",,,
8a0acc66b2ff7a46,top_priority,nganh_yeu_thich | truong_danh_tieng | hoc_phi_thap | gan_nha | viec_lam_thu_nhap | insufficient,"Câu hỏi: Điều học sinh coi trọng nhất khi chọn trường/ngành là gì? Hồ sơ: Điểm thi: Toán 4.5, Văn 6, Lý 4.75, Anh 4.5. Nhà ở: Cao Bằng. Giới tính: nam. Học sinh chia sẻ: Môn Lý em học kém. Bố mẹ nói chỉ chi được tầm 2 triệu mỗi tháng tiền học. Quan trọng nhất là được học đúng ngành mình thích. Em học ở đâu cũng được. Em muốn học Quan hệ công chúng. Em sợ nhất là môn tiếng Anh. Nguyện vọng của em là học luật quốc tế. Em yếu môn Anh. Ưu tiên của em là an toàn, đỗ là được.","Câu hỏi về hồ sơ, không gắn với ngành cụ thể.",,,
61719c44dd1d3bb6,top_priority,nganh_yeu_thich | truong_danh_tieng | hoc_phi_thap | gan_nha | viec_lam_thu_nhap | insufficient,"Câu hỏi: Điều học sinh coi trọng nhất khi chọn trường/ngành là gì? Hồ sơ: Điểm thi thử: Toán 8.5, Văn 8, Hóa 8.5, Địa 8. Nhà ở: An Giang. Giới tính: nam. Học sinh chia sẻ: bằng của trường xịn là quan trọng nhất. em sợ trượt lắm, muốn chọn chỗ chắc ăn. nói thật là em không thích làm thí nghiệm. em không muốn học ở phân hiệu hay cơ sở tỉnh. em thích môi trường ở hà nội nên muốn học ở đó. nói thật là em không thích ngành nông nghiệp. em hơi bị nói lắp. gia đình em chỉ lo được học phí khoảng 50 triệu một năm.","Câu hỏi về hồ sơ, không gắn với ngành cụ thể.",,,
f39bc3bf41191835,top_priority,nganh_yeu_thich | truong_danh_tieng | hoc_phi_thap | gan_nha | viec_lam_thu_nhap | insufficient,"Câu hỏi: Điều học sinh coi trọng nhất khi chọn trường/ngành là gì? Hồ sơ: Điểm thi: Toán 6, Văn 6.5, Hóa 7.5, Địa 6.25. Nhà ở: Hải Phòng. Giới tính: nam. Học sinh chia sẻ: e sẵn sàng liều để vào trường mơ ước, trượt thì năm sau thi lại. nguyện vọng của e là học sư phạm tiếng anh. e sợ nhất là môn tiếng anh. e cần trường học phí thấp để đỡ cho bố mẹ. nhà e khó khăn, bố mẹ làm nông. mọi người bảo e thích trồng cây.","Câu hỏi về hồ sơ, không gắn với ngành cụ thể.",,,
40ec2fedae4f575b,top_priority,nganh_yeu_thich | truong_danh_tieng | hoc_phi_thap | gan_nha | viec_lam_thu_nhap | insufficient,"Câu hỏi: Điều học sinh coi trọng nhất khi chọn trường/ngành là gì? Hồ sơ: Điểm thi: Toán 6.25, Văn 7.75, Sử 7.75, Hóa 4.5. Nhà ở: Bắc Ninh. Giới tính: nữ. Học sinh chia sẻ: Em muốn cân bằng, vừa thử sức vừa có đường lui. Tiếng Anh của em khá tốt. Em muốn ngành có thu nhập cao. Em là lớp trưởng.","Câu hỏi về hồ sơ, không gắn với ngành cụ thể.",,,
e130ba2562f248d4,top_priority,nganh_yeu_thich | truong_danh_tieng | hoc_phi_thap | gan_nha | viec_lam_thu_nhap | insufficient,"Câu hỏi: Điều học sinh coi trọng nhất khi chọn trường/ngành là gì? Hồ sơ: Điểm thi: Toán 3.75, Văn 6.25, Hóa 2.5, Sử 4. Nhà ở: Tuyên Quang. Giới tính: nam. Học sinh chia sẻ: môn hóa em học kém. gia đình em chỉ lo đc học phí khoảng 50 triệu một năm. ngoài giờ học em thích giảng bài cho bạn bè. ưu tiên của em là an toàn, đỗ là đc. bố mẹ không cho em đi học xa. em không thích học thuộc luật. em định học xây dựng vì muốn thiết kế nhà.","Câu hỏi về hồ sơ, không gắn với ngành cụ thể.",,,
fc98cae28d1f3dbb,top_priority,nganh_yeu_thich | truong_danh_tieng | hoc_phi_thap | gan_nha | viec_lam_thu_nhap | insufficient,"Câu hỏi: Điều học sinh coi trọng nhất khi chọn trường/ngành là gì? Hồ sơ: Điểm thi thử: Toán 5.75, Văn 6, Hóa 5.5, KTPL 4.75. Nhà ở: Lào Cai. Học sinh chia sẻ: Em thi IELTS được 6.0. Chọn vừa sức là chính, thêm 1-2 nguyện vọng thử thách. Mọi người bảo em thích tìm hiểu về cơ thể người. Em không muốn học xa nhà. Quan trọng nhất là được học gần nhà. Gia đình em không lo về học phí. Môn KTPL em học kém.","Câu hỏi về hồ sơ, không gắn với ngành cụ thể.",,,
6eac6331112cb04f,top_priority,nganh_yeu_thich | truong_danh_tieng | hoc_phi_thap | gan_nha | viec_lam_thu_nhap | insufficient,"Câu hỏi: Điều học sinh coi trọng nhất khi chọn trường/ngành là gì? Hồ sơ: Điểm thi thử: Toán 6, Văn 7.25, Sử 7.25, Lý 5.5. Nhà ở: Nghệ An. Học sinh chia sẻ: Tôi là phụ huynh. cháu từng đạt giải khuyến khích văn nghệ. Vợ chồng tôi bảo học phí bao nhiêu cũng lo được. Nói thật là cháu không thích làm thí nghiệm. Ước mơ của cháu là làm họa sĩ minh họa.","Câu hỏi về hồ sơ, không gắn với ngành cụ thể.",,,
38a745864c0d8020,top_priority,nganh_yeu_thich | truong_danh_tieng | hoc_phi_thap | gan_nha | viec_lam_thu_nhap | insufficient,"Câu hỏi: Điều học sinh coi trọng nhất khi chọn trường/ngành là gì? Hồ sơ: Điểm thi: Toán 8.75, Văn 5.5, Hóa 7, Địa 8.25. Nhà ở: Hưng Yên. Học sinh chia sẻ: Em không thích mấy ngành nghệ thuật. Toán là môn mạnh nhất của em. Địa điểm không quan trọng với em. Em chỉ học cơ sở chính thôi. Em mất gốc tiếng Anh.","Câu hỏi về hồ sơ, không gắn với ngành cụ thể.",,,
845272e58aaa7e72,top_priority,nganh_yeu_thich | truong_danh_tieng | hoc_phi_thap | gan_nha | viec_lam_thu_nhap | insufficient,"Câu hỏi: Điều học sinh coi trọng nhất khi chọn trường/ngành là gì? Hồ sơ: Điểm thi thử: Toán 6.25, Văn 7.75, KTPL 5.5, Sử 5.25. Nhà ở: Bắc Ninh. Giới tính: nam. Học sinh chia sẻ: Nguệyn vọng của em là học ngành ậut kinh tế. Em chỉ muốn học ở TP.HCM. Em cần ngành ổn định, ra trưng ó việc ngay. Nhà em không cho thi lại nên hpải đỗ bằng đượ.c Tiếng Anh của em khá tốt.","Câu hỏi về hồ sơ, không gắn với ngành cụ thể.",,,
fd4dc3154003ac2e,top_priority,nganh_yeu_thich | truong_danh_tieng | hoc_phi_thap | gan_nha | viec_lam_thu_nhap | insufficient,"Câu hỏi: Điều học sinh coi trọng nhất khi chọn trường/ngành là gì? Hồ sơ: Điểm thi thử: Toán 3.75, Văn 7, Địa 4, Sử 4.25. Nhà ở: Tuyên Quang. Giới tính: nữ. Học sinh chia sẻ: mình yếu môn Địa. Nói thật là mình không thích lên hình. Bằng của trường xịn là quan trọng nhất. Môn Sử mình học kém. mình muốn lên HN học. Gia đình mình chỉ lo được học phí khoảng 40 triệu một năm. mình muốn thử sức hết mình với trường thật cao. mình yếu môn Toán. mình học tiếng Anh từ nhỏ nên khá tự tin.","Câu hỏi về hồ sơ, không gắn với ngành cụ thể.",,,
58d8ad4ce566090b,top_priority,nganh_yeu_thich | truong_danh_tieng | hoc_phi_thap | gan_nha | viec_lam_thu_nhap | insufficient,"Câu hỏi: Điều học sinh coi trọng nhất khi chọn trường/ngành là gì? Hồ sơ: Điểm thi: Toán 5.75, Văn 8.25, Sử 9.5, Hóa 9. Nhà ở: TP. Hồ Chí Minh. Học sinh chia sẻ: Em muốn có cả phương án an toàn lẫn phương án cao. Em là lớp trưởng. Mọi người bảo em tham gia CLB môi trường xanh. Em thi IELTS được 6.0. Bố mẹ nói chỉ chi được không quá 50 triệu/năm tiền học. Em chỉ muốn học ở Hà Nội. Nguyện vọng của em là học sư phạm.","Câu hỏi về hồ sơ, không gắn với ngành cụ thể.",,,
5e33886aa2574a28,top_priority,nganh_yeu_thich | truong_danh_tieng | hoc_phi_thap | gan_nha | viec_lam_thu_nhap | insufficient,"Câu hỏi: Điều học sinh coi trọng nhất khi chọn trường/ngành là gì? Hồ sơ: Điểm thi: Toán 3.5, Văn 6.75, Lý 4.5, Địa 3.75. Nhà ở: Bắc Ninh. Giới tính: nữ. Học sinh chia sẻ: Em giao tiếp tiếng Anh ổn. Bố mẹ dặn phải đỗ ngay năm nay. Nguyện vọng của em là học sư phạm Toán. Nhà em không có điều kiện, em phải tự đi làm thêm. Em thích môi trường ở HN nên muốn học ở đó. Em cần trường học phí thấp để đỡ cho bố mẹ.","Câu hỏi về hồ sơ, không gắn với ngành cụ thể.",,,
5dc2b35e7153483e,top_priority,nganh_yeu_thich | truong_danh_tieng | hoc_phi_thap | gan_nha | viec_lam_thu_nhap | insufficient,"Câu hỏi: Điều học sinh coi trọng nhất khi chọn trường/ngành là gì? Hồ sơ: Điểm thi thử: Toán 2.75, Văn 1.5, Anh 3, Sử 3.25. Nhà ở: Sơn La. Giới tính: nữ. Học sinh chia sẻ: Tôi là phụ huynh. cháu định học về đầu tư, chứng khoán vì muốn làm ở ngân hàng.","Câu hỏi về hồ sơ, không gắn với ngành cụ thể.",,,
b5dd940516f9a729,top_priority,nganh_yeu_thich | truong_danh_tieng | hoc_phi_thap | gan_nha | viec_lam_thu_nhap | insufficient,"Câu hỏi: Điều học sinh coi trọng nhất khi chọn trường/ngành là gì? Hồ sơ: Điểm thi: Toán 2.25, Văn 2.75, Sử 2.75, Hóa 5. Nhà ở: Cần Thơ. Giới tính: nữ. Học sinh chia sẻ: bố mẹ nói chỉ chi đc khoảng 50 triệu một năm tiền học. e thích môi trường ở tp.hcm nên muốn học ở đó. e yếu môn sử. e định học quan hệ công chúng vì muốn làm biên tập viên. e muốn học xây dựng. môn văn e học kém. môn toán e học kém. e yếu môn hóa.","Câu hỏi về hồ sơ, không gắn với ngành cụ thể.",,,
81e5892390193052,top_priority,nganh_yeu_thich | truong_danh_tieng | hoc_phi_thap | gan_nha | viec_lam_thu_nhap | insufficient,"Câu hỏi: Điều học sinh coi trọng nhất khi chọn trường/ngành là gì? Hồ sơ: Điểm thi: Toán 7, Văn 6.25, Sử 6.25, Lý 9.25. Nhà ở: Đắk Lắk. Giới tính: nam. Học sinh chia sẻ: bo me muon e hoc quan tri khach san, e thay cung dc. kinh te nha e kha thoai mai. e rat thich nganh thong ke, sau nay muon lam nghien cuu khoa hoc. ly la mon manh nhat cua em. dia diem ko quan trong vs em.","Câu hỏi về hồ sơ, không gắn với ngành cụ thể.",,,
f3cd9f8d42eeed32,top_priority,nganh_yeu_thich | truong_danh_tieng | hoc_phi_thap | gan_nha | viec_lam_thu_nhap | insufficient,"Câu hỏi: Điều học sinh coi trọng nhất khi chọn trường/ngành là gì? Hồ sơ: Điểm thi: Toán 5.75, Văn 7.25, Sử 6.75, Anh 5.5. Nhà ở: Đắk Lắk. Giới tính: nữ. Học sinh chia sẻ: em sợ nhất là môn tiếng anh. em muốn ngành có thu nhập cao. ước mơ của em là tự mở công ty riêng. em sợ cuộc sống ở hà nội hay sài gòn. bố mẹ dặn phải đỗ ngay năm nay.","Câu hỏi về hồ sơ, không gắn với ngành cụ thể.",,,
cc7c446c712b5664,top_priority,nganh_yeu_thich | truong_danh_tieng | hoc_phi_thap | gan_nha | viec_lam_thu_nhap | insufficient,"Câu hỏi: Điều học sinh coi trọng nhất khi chọn trường/ngành là gì? Hồ sơ: Điểm thi thử: Toán 4.5, Văn 3.5, KTPL 3.25, Sinh 3.5. Nhà ở: Nghệ An. Học sinh chia sẻ: Em rất thích ngành tự động hóa, sauu này umốn làm kỹ ư điện. Em yế umôn Sinh. Em yuế môn Toán. Em yếu mô KTPL. Kinh tế nhà em khá tthoải mi. Quan rọng nhất là ra trường dễ xin việc. Em học Tin là buồn ngủ. Em tham gia hội chữ thậập đỏ ở trường. Em không muốn học xa nhà.","Câu hỏi về hồ sơ, không gắn với ngành cụ thể.",,,
addc8f4ca5ff4542,top_priority,nganh_yeu_thich | truong_danh_tieng | hoc_phi_thap | gan_nha | viec_lam_thu_nhap | insufficient,"Câu hỏi: Điều học sinh coi trọng nhất khi chọn trường/ngành là gì? Hồ sơ: Điểm thi: Toán 2.25, Văn 1.75, Anh 2.5, Sử 1.75. Nhà ở: Đà Nẵng. Học sinh chia sẻ: Bắc hay Nam em đều đi được. Em muốn học công nghệ tài chính. Em chỉ cần học cái mình yêu thích, trường nào cũng được. Bố mẹ muốn em học giáo dục tiểu học, em thấy cũng được. Em là lớp trưởng. Môn Văn em học kém. Mọi người bảo em mê K-pop, tự học tiếng Hàn.","Câu hỏi về hồ sơ, không gắn với ngành cụ thể.",,,
25e7952059e74b07,top_priority,nganh_yeu_thich | truong_danh_tieng | hoc_phi_thap | gan_nha | viec_lam_thu_nhap | insufficient,"Câu hỏi: Điều học sinh coi trọng nhất khi chọn trường/ngành là gì? Hồ sơ: Điểm thi: Toán 5.75, Văn 8.25, Lý 5, KTPL 5.75. Nhà ở: Lạng Sơn. Học sinh chia sẻ: Em yeu mon Ly. Voi em dam me la so 1. Uu tien cua e mla an toann, do la duoc. Em chi muon hoc o HN. Moi nguoi bao em thich thao lap do dien tu trong nah.","Câu hỏi về hồ sơ, không gắn với ngành cụ thể.",,,
4c2ea83ccf3849f7,top_priority,nganh_yeu_thich | truong_danh_tieng | hoc_phi_thap | gan_nha | viec_lam_thu_nhap | insufficient,"Câu hỏi: Điều học sinh coi trọng nhất khi chọn trường/ngành là gì? Hồ sơ: Điểm thi: Toán 5, Văn 7.75, Địa 6, CN nông nghiệp 8.5. Nhà ở: Hà Nội. Giới tính: nam. Học sinh chia sẻ: e chỉ muốn học ở tp.hcm. e chỉ cần chắc chắn đỗ, không muốn mạo hiểm. kinh tế nhà e khá thoải mái. e muốn học quản trị khách sạn. cn nông nghiệp là môn mạnh nhất của em. e thi ielts đc 6.0.","Câu hỏi về hồ sơ, không gắn với ngành cụ thể.",,,
6949f0112aecc970,top_priority,nganh_yeu_thich | truong_danh_tieng | hoc_phi_thap | gan_nha | viec_lam_thu_nhap | insufficient,"Câu hỏi: Điều học sinh coi trọng nhất khi chọn trường/ngành là gì? Hồ sơ: Điểm thi: Toán 7.25, Văn 6.75, Anh 5.75, Địa 3.75. Nhà ở: Phú Thọ. Giới tính: nam. Học sinh chia sẻ: Em chỉ cần học cái mình yêu thích, trường nào cũng được. Bố mẹ nói chỉ chi được khoảng 25 triệu một năm tiền học. Môn Địa em học kém. Mọi người bảo em thích các con số, tính toán.","Câu hỏi về hồ sơ, không gắn với ngành cụ thể.",,,
dbc28042a98a4097,top_priority,nganh_yeu_thich | truong_danh_tieng | hoc_phi_thap | gan_nha | viec_lam_thu_nhap | insufficient,"Câu hỏi: Điều học sinh coi trọng nhất khi chọn trường/ngành là gì? Hồ sơ: Điểm thi: Toán 6, Văn 5.75, Địa 3.25, Anh 5. Nhà ở: Cà Mau. Giới tính: nữ. Học sinh chia sẻ: mình yếu môn Anh. mình từng đạt giải khuyến khích văn nghệ. Gia đình mình không lo về học phí. Nói thật là mình không thích học lý thuyết khô khan. Môn Địa mình học kém. Nguyện vọng của mình là học sư phạm tiếng Anh. Ước mơ của mình là làm việc cho công ty Nhật. mình nói ngọng l/n một chút.","Câu hỏi về hồ sơ, không gắn với ngành cụ thể.",,,
d7a0faaad22f41c5,top_priority,nganh_yeu_thich | truong_danh_tieng | hoc_phi_thap | gan_nha | viec_lam_thu_nhap | insufficient,"Câu hỏi: Điều học sinh coi trọng nhất khi chọn trường/ngành là gì? Hồ sơ: Điểm thi: Toán 4.5, Văn 5.5, Địa 3.25, Sử 6. Nhà ở: Cần Thơ. Giới tính: nữ. Học sinh chia sẻ: Môn Địa em học kém.","Câu hỏi về hồ sơ, không gắn với ngành cụ thể.",,,
bf714055220c308a,top_priority,nganh_yeu_thich | truong_danh_tieng | hoc_phi_thap | gan_nha | viec_lam_thu_nhap | insufficient,"Câu hỏi: Điều học sinh coi trọng nhất khi chọn trường/ngành là gì? Hồ sơ: Điểm thi: Toán 4.5, Văn 5.5, Lý 4.5, KTPL 3.25. Nhà ở: Lào Cai. Học sinh chia sẻ: e muốn học trường có tên tuổi để sau này dễ xin việc. e muốn lên hcm học. e rất thích ngành dược, sau này muốn làm bác sĩ nha khoa. e yếu môn ktpl. nhà e ko có điều kiện, e phải tự đi làm thêm.","Câu hỏi về hồ sơ, không gắn với ngành cụ thể.",,,
5fbe2687e1ff093c,top_priority,nganh_yeu_thich | truong_danh_tieng | hoc_phi_thap | gan_nha | viec_lam_thu_nhap | insufficient,"Câu hỏi: Điều học sinh coi trọng nhất khi chọn trường/ngành là gì? Hồ sơ: Điểm thi: Toán 5.25, Văn 7, Sinh 5.75, Lý 6. Nhà ở: Đồng Nai. Học sinh chia sẻ: mình định học Kế táon vì muốn làm kiểm toáán cho Big4. mình muốn học trường có tên tổui để sau này dễ xin việc. TTiếng An hcủa mình khá tốt. mình không thích sống ở thành phố lớn, ồn ào lắm. Học phí mình có thể đóng tầm 2 triệu ỗm tháng. mình có nuôi một con mèo tên Mướp.","Câu hỏi về hồ sơ, không gắn với ngành cụ thể.",,,
90348254b95c19d7,top_priority,nganh_yeu_thich | truong_danh_tieng | hoc_phi_thap | gan_nha | viec_lam_thu_nhap | insufficient,"Câu hỏi: Điều học sinh coi trọng nhất khi chọn trường/ngành là gì? Hồ sơ: Điểm thi: Toán 5, Văn 7.25, CN nông nghiệp 7.75, Sử 8. Nhà ở: Vĩnh Long. Giới tính: nam. Học sinh chia sẻ: Kinh tế nhà em khá thoải mái. Em có IELTS 6.5. Em yếu môn Toán. Em định học ngành truyền thông vì muốn làm PR. Địa điểm không quan trọng với em.","Câu hỏi về hồ sơ, không gắn với ngành cụ thể.",,,
b9e2d1ea5963397b,top_priority,nganh_yeu_thich | truong_danh_tieng | hoc_phi_thap | gan_nha | viec_lam_thu_nhap | insufficient,"Câu hỏi: Điều học sinh coi trọng nhất khi chọn trường/ngành là gì? Hồ sơ: Điểm thi: Toán 4, Văn 7.25, Sử 8, Địa 5.75. Nhà ở: Lai Châu. Giới tính: nữ. Học sinh chia sẻ: môn toán e học kém. chọn vừa sức là chính, thêm 1-2 nguyện vọng thử thách. mọi người bảo e thích đọc sách lịch sử. e ko muốn học xa nhà. nhưng mà nhà e ko cho thi lại nên phải đỗ bằng đc. học phí e có thể đóng ko quá 25 triệu/năm. e cần trường học phí thấp để đỡ cho bố mẹ.","Câu hỏi về hồ sơ, không gắn với ngành cụ thể.",,,
e99a3052fbcce8f6,top_priority,nganh_yeu_thich | truong_danh_tieng | hoc_phi_thap | gan_nha | viec_lam_thu_nhap | insufficient,"Câu hỏi: Điều học sinh coi trọng nhất khi chọn trường/ngành là gì? Hồ sơ: Điểm thi: Toán 3.25, Văn 5, Hóa 3.25, Lý 3.25. Nhà ở: Lai Châu. Giới tính: nam. Học sinh chia sẻ: mình muốn học gần nhà để tiện về thăm bố mẹ. Môn Hóa mình học kém. mình từng đạt giải khuyến khích văn nghệ. mình sợ trượt lắm, muốn chọn chỗ chắc ăn. mình không muốn đi xa gia đình. mình định học Điều dưỡng vì muốn làm bác sĩ nha khoa. Mẹ mình muốn mình học điện - điện tử, còn mình thì không thích lắm.","Câu hỏi về hồ sơ, không gắn với ngành cụ thể.",,,
127edc8f7cb384f0,top_priority,nganh_yeu_thich | truong_danh_tieng | hoc_phi_thap | gan_nha | viec_lam_thu_nhap | insufficient,"Câu hỏi: Điều học sinh coi trọng nhất khi chọn trường/ngành là gì? Hồ sơ: Điểm thi thử: Toán 4.75, Văn 6.25, Sử 6.25, Địa 4. Nhà ở: Lào Cai. Giới tính: nam. Học sinh chia sẻ: e ko muốn đi lại nhiều. bắc hay nam e đều đi được. e muốn học uqan hệ quốcc tế.","Câu hỏi về hồ sơ, không gắn với ngành cụ thể.",,,
aa7fc919756ec724,top_priority,nganh_yeu_thich | truong_danh_tieng | hoc_phi_thap | gan_nha | viec_lam_thu_nhap | insufficient,"Câu hỏi: Điều học sinh coi trọng nhất khi chọn trường/ngành là gì? Hồ sơ: Điểm thi: Toán 5.5, Văn 6.5, Hóa 7.5, Địa 5.5. Nhà ở: Khánh Hòa. Học sinh chia sẻ: Tôi là phụ huynh. cháu định theo ngành y vì muốn làm dược sĩ. Nguyện vọng của cháu là học Quản trị khách sạn. cháu từng đạt giải khuyến khích văn nghệ. cháu ghét phải đi thuyết phục người khác mua hàng. cháu thuộc hộ cận nghèo nên rất lo tiền học. Vợ chồng tôi không cho cháu đi học xa. Nhà cháu không cho thi lại nên phải đỗ bằng được.","Câu hỏi về hồ sơ, không gắn với ngành cụ thể.",,,
4d61350321ae1ed2,top_priority,nganh_yeu_thich | truong_danh_tieng | hoc_phi_thap | gan_nha | viec_lam_thu_nhap | insufficient,"Câu hỏi: Điều học sinh coi trọng nhất khi chọn trường/ngành là gì? Hồ sơ: Điểm thi: Toán 3.75, Văn 3.75, Anh 3.5, Lý 4. Nhà ở: Ninh Bình. Giới tính: nam. Học sinh chia sẻ: mình yếu môn Lý. Môn Anh mình học kém. Nhà mình khó khăn, bố mẹ làm nông. mình mất gốc tiếng Anh. Nói thật là mình không thích mấy ngành nghệ thuật.","Câu hỏi về hồ sơ, không gắn với ngành cụ thể.",,,
7a882ef561e94f8f,top_priority,nganh_yeu_thich | truong_danh_tieng | hoc_phi_thap | gan_nha | viec_lam_thu_nhap | insufficient,"Câu hỏi: Điều học sinh coi trọng nhất khi chọn trường/ngành là gì? Hồ sơ: Điểm thi: Toán 3.75, Văn 5.75, Sử 6.5, Hóa 8. Nhà ở: Đồng Nai. Giới tính: nữ. Học sinh chia sẻ: Em định học Thiết kế đồ họa vì muốn làm thiết kế UI/UX. Em không dám liều, năm nay nhất định phải có trường. Nhà em khó khăn nên học phí là điều em lo nhất. Mọi người bảo em viết bài cho báo tường. Bố mẹ không cho em đi học xa. Em thi IELTS được 6.0. Bố mẹ muốn em học Quản trị khách sạn, em thấy cũng được. Bố mẹ bảo học phí bao nhiêu cũng lo được.","Câu hỏi về hồ sơ, không gắn với ngành cụ thể.",,,
c70529a9af930ccc,top_priority,nganh_yeu_thich | truong_danh_tieng | hoc_phi_thap | gan_nha | viec_lam_thu_nhap | insufficient,"Câu hỏi: Điều học sinh coi trọng nhất khi chọn trường/ngành là gì? Hồ sơ: Điểm thi thử: Toán 7.75, Văn 8, KTPL 6.25, Lý 8.25. Nhà ở: Quảng Ninh. Học sinh chia sẻ: Nguyện vọng của em là học sư phạm Toán. Em không muốn đi xa gia đình. Em muốn lên Sài Gòn học. Em hay chơi cầu lông. Em thi IELTS được 6.0.","Câu hỏi về hồ sơ, không gắn với ngành cụ thể.",,,
543778adf3f41a59,top_priority,nganh_yeu_thich | truong_danh_tieng | hoc_phi_thap | gan_nha | viec_lam_thu_nhap | insufficient,"Câu hỏi: Điều học sinh coi trọng nhất khi chọn trường/ngành là gì? Hồ sơ: Điểm thi: Toán 8.75, Văn 7.25, Địa 7.25, Lý 7. Nhà ở: Thanh Hóa. Giới tính: nam. Học sinh chia sẻ: Nhà em không cho thi lại nên phải đỗ bằng ưđợc. Em hay sửa xe máy cùng bố. Ngoài giờ hc em ha yđọc các vụ án. Em ghét Toán.","Câu hỏi về hồ sơ, không gắn với ngành cụ thể.",,,
7494c296635e53b5,top_priority,nganh_yeu_thich | truong_danh_tieng | hoc_phi_thap | gan_nha | viec_lam_thu_nhap | insufficient,"Câu hỏi: Điều học sinh coi trọng nhất khi chọn trường/ngành là gì? Hồ sơ: Điểm thi: Toán 3.5, Văn 5.75, Sinh 4, Anh 3.25. Nhà ở: Quảng Ngãi. Giới tính: nữ. Học sinh chia sẻ: Nguyện vọng của mình là học Quan hệ công chúng. mình yếu môn Anh. mình muốn ngành có thu nhập cao. mình định học Công nghệ sinh học vì muốn làm trong phòng thí nghiệm. mình chấp nhận rủi ro, không đỗ trường mình thích thì ôn thêm một năm. mình học ở đâu cũng được. Học phí mình có thể đóng khoảng 60 triệu một năm.","Câu hỏi về hồ sơ, không gắn với ngành cụ thể.",,,
2cee5d012771b783,top_priority,nganh_yeu_thich | truong_danh_tieng | hoc_phi_thap | gan_nha | viec_lam_thu_nhap | insufficient,"Câu hỏi: Điều học sinh coi trọng nhất khi chọn trường/ngành là gì? Hồ sơ: Điểm thi thử: Toán 4, Văn 5.5, Sử 3.5, Hóa 4.75. Nhà ở: Hà Nội. Học sinh chia sẻ: Em yếu môn Toán. Em muốn thử sức hết mình với trường thật cao. Môn Sử em học kém. Bắc hay Nam em đều đi được. Môn Hóa em học kém.","Câu hỏi về hồ sơ, không gắn với ngành cụ thể.",,,
b269dff433a87fe6,top_priority,nganh_yeu_thich | truong_danh_tieng | hoc_phi_thap | gan_nha | viec_lam_thu_nhap | insufficient,"Câu hỏi: Điều học sinh coi trọng nhất khi chọn trường/ngành là gì? Hồ sơ: Điểm thi: Toán 7.5, Văn 7.75, Lý 6.25, KTPL 5.25. Nhà ở: Tuyên Quang. Giới tính: nam. Học sinh chia sẻ: Nha em khong cho thi lai nen phai do bang duoc. Em tung dat giai khuyen khich van nghe. Dia diem khong quan trong voi em. Ngoai gio hoc em hay xem cac cong trinh cau duong.","Câu hỏi về hồ sơ, không gắn với ngành cụ thể.",,,
e4e727d702230cdf,top_priority,nganh_yeu_thich | truong_danh_tieng | hoc_phi_thap | gan_nha | viec_lam_thu_nhap | insufficient,"Câu hỏi: Điều học sinh coi trọng nhất khi chọn trường/ngành là gì? Hồ sơ: Điểm thi thử: Toán 7.5, Văn 7, Anh 5.75, Địa 7. Nhà ở: Thanh Hóa. Học sinh chia sẻ: Tôi là phụ huynh. Gia đình cháu chỉ lo được học phí khoảng 40 triệu một năm. Mọi người bảo cháu thích trồng cây. cháu ngại giao tiếp. cháu rất thích ngành Logistics, sau này muốn làm logistics.","Câu hỏi về hồ sơ, không gắn với ngành cụ thể.",,,
c7965aef682bdc70,top_priority,nganh_yeu_thich | truong_danh_tieng | hoc_phi_thap | gan_nha | viec_lam_thu_nhap | insufficient,"Câu hỏi: Điều học sinh coi trọng nhất khi chọn trường/ngành là gì? Hồ sơ: Điểm thi thử: Toán 7.25, Văn 7, Hóa 6.25, Lý 4.75. Nhà ở: Lào Cai. Giới tính: nam. Học sinh chia sẻ: Em  ởnội trúú. Nhưng mà em chỉ cần hắc chắn ỗ, không muốn mạo hiểm. Em có IELTS 6.5. Em muốn lên TP.HCCM học. Chọn vừa sức là chính, thmê 1-2 nguyện vọng thử thách. Em chỉ học cơ sở chính htôi. Học phí em có thể đóng khoảng 20 triệu một năm. Quan trọng nhất là học phí rẻ. Em không hợp với máy móc.","Câu hỏi về hồ sơ, không gắn với ngành cụ thể.",,,
f22585b99124b66e,top_priority,nganh_yeu_thich | truong_danh_tieng | hoc_phi_thap | gan_nha | viec_lam_thu_nhap | insufficient,"Câu hỏi: Điều học sinh coi trọng nhất khi chọn trường/ngành là gì? Hồ sơ: Điểm thi: Toán 6.25, Văn 6.75, Anh 3.75, Hóa 5. Nhà ở: Phú Thọ. Giới tính: nam. Học sinh chia sẻ: Nhà em khó khăn nên học phí là điều em lo nhất. Em thuộc hộ cận nghèo nên rất lo tiền học. Em rất thích ngành Xây dựng, sau này muốn làm kỹ sư xây dựng. Nói thật là em không thích mấy ngành nghệ thuật.","Câu hỏi về hồ sơ, không gắn với ngành cụ thể.",,,
f194eab8f18ff873,top_priority,nganh_yeu_thich | truong_danh_tieng | hoc_phi_thap | gan_nha | viec_lam_thu_nhap | insufficient,"Câu hỏi: Điều học sinh coi trọng nhất khi chọn trường/ngành là gì? Hồ sơ: Điểm thi: Toán 4.75, Văn 6, Hóa 6.25, Lý 5.5. Nhà ở: Lai Châu. Giới tính: nữ. Học sinh chia sẻ: Bố mẹ nói chỉ chi được khoảng 80 triệu một năm tiền họ. Ước mơ của em là làm nghiên cứuu khoa học. Quan trọng nhất là được học ggần nhà. Em không dám liều, năm nay nhất địh phải có trường. Em không thích sống ở thàn hphốố lớn, ồn ào lắm.","Câu hỏi về hồ sơ, không gắn với ngành cụ thể.",,,
afb6bdfd5d37727e,top_priority,nganh_yeu_thich | truong_danh_tieng | hoc_phi_thap | gan_nha | viec_lam_thu_nhap | insufficient,"Câu hỏi: Điều học sinh coi trọng nhất khi chọn trường/ngành là gì? Hồ sơ: Điểm thi: Toán 3.5, Văn 5.25, Hóa 3.5, Anh 3. Nhà ở: Cần Thơ. Giới tính: nữ. Học sinh chia sẻ: Tôi là phụ huynh. Học phí cháu có thể đóng khoảng 60 triệu một năm. Nói thật là cháu không thích mấy ngành xã hội. cháu rất thích ngành khoa học cơ bản, sau này muốn làm giảng viên đại học. cháu yếu môn Hóa. Nhưng mà cháu muốn cân bằng, vừa thử sức vừa có đường lui. cháu cần trường học phí thấp để đỡ cho vợ chồng tôi. cháu muốn học kỹ thuật xây dựng. cháu yếu môn Toán. Ưu tiên của cháu là an toàn, đỗ là được.","Câu hỏi về hồ sơ, không gắn với ngành cụ thể.",,,
