source,school_code,year,program_code,program_name,combos,score_raw,url,fetched_at
tuyensinh247_cutoffs,BKA,2026,BF-E19,Kỹ thuật sinh học (CT tiên tiến),A00;B00;B03;C01;C02;D07;X02,20.06,https://diemthi.tuyensinh247.com/diem-chuan/dai-hoc-bach-khoa-ha-noi-BKA.html,2026-09-29T09:23:56+00:00
tuyensinh247_cutoffs,BKA,2026,BF1,Kỹ thuật Sinh học,A00;B00;B03;C01;C02;D07;X02,24.56,https://diemthi.tuyensinh247.com/diem-chuan/dai-hoc-bach-khoa-ha-noi-BKA.html,2026-09-29T09:23:56+00:00
tuyensinh247_cutoffs,BKA,2026,CH-E11,Kỹ thuật Hóa dược (CT tiên tiến),A00;B00;B03;C01;C02;D07;X02,20.69,https://diemthi.tuyensinh247.com/diem-chuan/dai-hoc-bach-khoa-ha-noi-BKA.html,2026-09-29T09:23:56+00:00
tuyensinh247_cutoffs,BKA,2026,CH-E20,Hóa học Mỹ phẩm (CT tiên tiến),A00;B00;B03;C01;C02;D07;X02,22.56,https://diemthi.tuyensinh247.com/diem-chuan/dai-hoc-bach-khoa-ha-noi-BKA.html,2026-09-29T09:23:56+00:00
tuyensinh247_cutoffs,BKA,2026,CH1,Kỹ thuật Hóa học,A00;B00;B03;C01;C02;D07;X02,25.5,https://diemthi.tuyensinh247.com/diem-chuan/dai-hoc-bach-khoa-ha-noi-BKA.html,2026-09-29T09:23:56+00:00
tuyensinh247_cutoffs,BKA,2026,ED2,Công nghệ Giáo dục,D01,23.75,https://diemthi.tuyensinh247.com/diem-chuan/dai-hoc-bach-khoa-ha-noi-BKA.html,2026-09-29T09:23:56+00:00
tuyensinh247_cutoffs,BKA,2026,ED2,Công nghệ Giáo dục,A00;A01;B03;C01;C02;X02,24.25,https://diemthi.tuyensinh247.com/diem-chuan/dai-hoc-bach-khoa-ha-noi-BKA.html,2026-09-29T09:23:56+00:00
tuyensinh247_cutoffs,BKA,2026,ED3,Quản lý Giáo dục,A00;A01;B03;C01;C02;X02,23.7,https://diemthi.tuyensinh247.com/diem-chuan/dai-hoc-bach-khoa-ha-noi-BKA.html,2026-09-29T09:23:56+00:00
tuyensinh247_cutoffs,BKA,2026,ED5,Tâm lý học công nghiệp và tổ chức,D01,23.25,https://diemthi.tuyensinh247.com/diem-chuan/dai-hoc-bach-khoa-ha-noi-BKA.html,2026-09-29T09:23:56+00:00
tuyensinh247_cutoffs,BKA,2026,ED5,Tâm lý học công nghiệp và tổ chức,A00;A01;B03;C01;C02;X02,23.75,https://diemthi.tuyensinh247.com/diem-chuan/dai-hoc-bach-khoa-ha-noi-BKA.html,2026-09-29T09:23:56+00:00
tuyensinh247_cutoffs,BKA,2026,EE-E8,Kỹ thuật điều khiển-Tự động hóa (CT tiên tiến),A00;A01;B03;C01;C02;X02,28.75,https://diemthi.tuyensinh247.com/diem-chuan/dai-hoc-bach-khoa-ha-noi-BKA.html,2026-09-29T09:23:56+00:00
tuyensinh247_cutoffs,BKA,2026,EE-EP,Tin học công nghiệp và Tự động hóa (CT Việt - Pháp PFIEV),A00;A01;B03;C01;C02;X02,28.13,https://diemthi.tuyensinh247.com/diem-chuan/dai-hoc-bach-khoa-ha-noi-BKA.html,2026-09-29T09:23:56+00:00
tuyensinh247_cutoffs,BKA,2026,EE2,Kỹ thuật điều khiển & Tự động hóa,A00;A01;B03;C01;C02;X02,28.98,https://diemthi.tuyensinh247.com/diem-chuan/dai-hoc-bach-khoa-ha-noi-BKA.html,2026-09-29T09:23:56+00:00
tuyensinh247_cutoffs,BKA,2026,EM-E13,Phân tích Kinh doanh (CT tiên tiến),D01,23.38,https://diemthi.tuyensinh247.com/diem-chuan/dai-hoc-bach-khoa-ha-noi-BKA.html,2026-09-29T09:23:56+00:00
tuyensinh247_cutoffs,BKA,2026,EM-E14,Logistics và Quản lý chuỗi cung ứng (CT tiên tiến),D01,24.56,https://diemthi.tuyensinh247.com/diem-chuan/dai-hoc-bach-khoa-ha-noi-BKA.html,2026-09-29T09:23:56+00:00
tuyensinh247_cutoffs,BKA,2026,EM-E14,Logistics và Quản lý chuỗi cung ứng (CT tiên tiến),A01;B03;C01;C02;D07;X02,25.06,https://diemthi.tuyensinh247.com/diem-chuan/dai-hoc-bach-khoa-ha-noi-BKA.html,2026-09-29T09:23:56+00:00
tuyensinh247_cutoffs,BKA,2026,EM-E17,Kế toán (CT tiên tiến),D01,20.06,https://diemthi.tuyensinh247.com/diem-chuan/dai-hoc-bach-khoa-ha-noi-BKA.html,2026-09-29T09:23:56+00:00
tuyensinh247_cutoffs,BKA,2026,EM1,Quản lý Năng lượng,D01,24.56,https://diemthi.tuyensinh247.com/diem-chuan/dai-hoc-bach-khoa-ha-noi-BKA.html,2026-09-29T09:23:56+00:00
tuyensinh247_cutoffs,BKA,2026,EM1,Quản lý Năng lượng,A00;A01;B03;C01;C02;X02,25.06,https://diemthi.tuyensinh247.com/diem-chuan/dai-hoc-bach-khoa-ha-noi-BKA.html,2026-09-29T09:23:56+00:00
tuyensinh247_cutoffs,BKA,2026,EM2,Quản lý Công nghiệp,A00;A01;B03;C01;C02;X02,25.57,https://diemthi.tuyensinh247.com/diem-chuan/dai-hoc-bach-khoa-ha-noi-BKA.html,2026-09-29T09:23:56+00:00
tuyensinh247_cutoffs,BKA,2026,EM3,Quản trị Kinh doanh,D01,24.12,https://diemthi.tuyensinh247.com/diem-chuan/dai-hoc-bach-khoa-ha-noi-BKA.html,2026-09-29T09:23:56+00:00
tuyensinh247_cutoffs,BKA,2026,EM3,Quản trị Kinh doanh,A00;A01;B03;C01;C02;X02,24.62,https://diemthi.tuyensinh247.com/diem-chuan/dai-hoc-bach-khoa-ha-noi-BKA.html,2026-09-29T09:23:56+00:00
tuyensinh247_cutoffs,BKA,2026,EM5,Tài chính-Ngân hàng,A00;A01;B03;C01;C02;X02,24.98,https://diemthi.tuyensinh247.com/diem-chuan/dai-hoc-bach-khoa-ha-noi-BKA.html,2026-09-29T09:23:56+00:00
tuyensinh247_cutoffs,BKA,2026,ET-E16,Truyền thông số và Kỹ thuật đa phương tiện (CT tiên tiến),A00;A01;B03;C01;C02;X02,27.48,https://diemthi.tuyensinh247.com/diem-chuan/dai-hoc-bach-khoa-ha-noi-BKA.html,2026-09-29T09:23:56+00:00
tuyensinh247_cutoffs,BKA,2026,ET-E5,Kỹ thuật Y sinh (CT tiên tiến),A00;A01;B03;C01;C02;X02,26.74,https://diemthi.tuyensinh247.com/diem-chuan/dai-hoc-bach-khoa-ha-noi-BKA.html,2026-09-29T09:23:56+00:00
tuyensinh247_cutoffs,BKA,2026,ET-E9,Hệ thống nhúng thông minh và IoT (tăng cường tiếng Nhật),A00;A01;B03;C01;C02;X02,28.4,https://diemthi.tuyensinh247.com/diem-chuan/dai-hoc-bach-khoa-ha-noi-BKA.html,2026-09-29T09:23:56+00:00
tuyensinh247_cutoffs,BKA,2026,ET1,Kỹ thuật Điện tử-Viễn thông,A00;A01;B03;C01;C02;X02,28.57,https://diemthi.tuyensinh247.com/diem-chuan/dai-hoc-bach-khoa-ha-noi-BKA.html,2026-09-29T09:23:56+00:00
tuyensinh247_cutoffs,BKA,2026,ET2,Kỹ thuật Y sinh,A00;A01;B00;B03;C01;C02;X02,27.15,https://diemthi.tuyensinh247.com/diem-chuan/dai-hoc-bach-khoa-ha-noi-BKA.html,2026-09-29T09:23:56+00:00
tuyensinh247_cutoffs,BKA,2026,EV1,Kỹ thuật Môi trường,A00;B00;B03;C01;C02;D07;X02,23.72,https://diemthi.tuyensinh247.com/diem-chuan/dai-hoc-bach-khoa-ha-noi-BKA.html,2026-09-29T09:23:56+00:00
tuyensinh247_cutoffs,BKA,2026,FL1,Tiếng Anh KHKT và Công nghệ,D01,23,https://diemthi.tuyensinh247.com/diem-chuan/dai-hoc-bach-khoa-ha-noi-BKA.html,2026-09-29T09:23:56+00:00
tuyensinh247_cutoffs,BKA,2026,FL1,Tiếng Anh KHKT và Công nghệ,B03;C01;C02;X02,23.5,https://diemthi.tuyensinh247.com/diem-chuan/dai-hoc-bach-khoa-ha-noi-BKA.html,2026-09-29T09:23:56+00:00
tuyensinh247_cutoffs,BKA,2026,FL2,Tiếng Anh chuyên nghiệp quốc tế\r\n(do ĐHBK Hà Nội và ĐH Plymouth Marjon - Vương quốc Anh cấp bằng),B03;C01;C02;X02,21.25,https://diemthi.tuyensinh247.com/diem-chuan/dai-hoc-bach-khoa-ha-noi-BKA.html,2026-09-29T09:23:56+00:00
tuyensinh247_cutoffs,BKA,2026,FL3,Tiếng Trung KH&CN,D01;D04,25.5,https://diemthi.tuyensinh247.com/diem-chuan/dai-hoc-bach-khoa-ha-noi-BKA.html,2026-09-29T09:23:56+00:00
tuyensinh247_cutoffs,BKA,2026,FL4,Tiếng Hàn KH&CN,D01;DD2,22.98,https://diemthi.tuyensinh247.com/diem-chuan/dai-hoc-bach-khoa-ha-noi-BKA.html,2026-09-29T09:23:56+00:00
tuyensinh247_cutoffs,BKA,2026,FL4,Tiếng Hàn KH&CN,B03;C01;C02;X02,23.48,https://diemthi.tuyensinh247.com/diem-chuan/dai-hoc-bach-khoa-ha-noi-BKA.html,2026-09-29T09:23:56+00:00
tuyensinh247_cutoffs,BKA,2026,HE1,Kỹ thuật Nhiệt,A00;A01;B03;C01;C02;X02,26.85,https://diemthi.tuyensinh247.com/diem-chuan/dai-hoc-bach-khoa-ha-noi-BKA.html,2026-09-29T09:23:56+00:00
tuyensinh247_cutoffs,BKA,2026,IT-E15,An toàn không gian số - Cyber Security (CT tiên tiến),A00;A01;B03;C01;C02;X02,29.01,https://diemthi.tuyensinh247.com/diem-chuan/dai-hoc-bach-khoa-ha-noi-BKA.html,2026-09-29T09:23:56+00:00
tuyensinh247_cutoffs,BKA,2026,IT-E6,Công nghệ Thông tin Việt - Nhật (tăng cường tiếng Nhật),A00;A01;B03;C01;C02;X02,27.74,https://diemthi.tuyensinh247.com/diem-chuan/dai-hoc-bach-khoa-ha-noi-BKA.html,2026-09-29T09:23:56+00:00
tuyensinh247_cutoffs,BKA,2026,IT-EP,Công nghệ Thông tin Việt - Pháp (tăng cường tiếng Pháp),A00;A01;B03;C01;C02;X02,27.75,https://diemthi.tuyensinh247.com/diem-chuan/dai-hoc-bach-khoa-ha-noi-BKA.html,2026-09-29T09:23:56+00:00
tuyensinh247_cutoffs,BKA,2026,IT1,CNTT: Khoa học Máy tính,A00;A01;B03;C01;C02;X02,29.27,https://diemthi.tuyensinh247.com/diem-chuan/dai-hoc-bach-khoa-ha-noi-BKA.html,2026-09-29T09:23:56+00:00
tuyensinh247_cutoffs,BKA,2026,ME-E1,Kỹ thuật Cơ điện tử (CT tiên tiến),A00;A01;B03;C01;C02;X02,27.83,https://diemthi.tuyensinh247.com/diem-chuan/dai-hoc-bach-khoa-ha-noi-BKA.html,2026-09-29T09:23:56+00:00
tuyensinh247_cutoffs,BKA,2026,ME-GU,Cơ khí Chế tạo máy - hợp tác với trường ĐH Griffith (Úc),A00;A01;B03;C01;C02;X02,26.52,https://diemthi.tuyensinh247.com/diem-chuan/dai-hoc-bach-khoa-ha-noi-BKA.html,2026-09-29T09:23:56+00:00
tuyensinh247_cutoffs,BKA,2026,ME-LUH,Cơ điện tử - hợp tác với ĐH Leibniz Hannover (CHLB Đức),A00;A01;B03;C01;C02;X02,27.33,https://diemthi.tuyensinh247.com/diem-chuan/dai-hoc-bach-khoa-ha-noi-BKA.html,2026-09-29T09:23:56+00:00
tuyensinh247_cutoffs,BKA,2026,ME1,Kỹ thuật Cơ điện tử,A00;A01;B03;C01;C02;X02,28.47,https://diemthi.tuyensinh247.com/diem-chuan/dai-hoc-bach-khoa-ha-noi-BKA.html,2026-09-29T09:23:56+00:00
tuyensinh247_cutoffs,BKA,2026,ME2,Kỹ thuật Cơ khí,A00;A01;B03;C01;C02;X02,27.57,https://diemthi.tuyensinh247.com/diem-chuan/dai-hoc-bach-khoa-ha-noi-BKA.html,2026-09-29T09:23:56+00:00
tuyensinh247_cutoffs,BKA,2026,MI1,Toán-Tin,A00;A01;B03;C01;C02;X02,27.97,https://diemthi.tuyensinh247.com/diem-chuan/dai-hoc-bach-khoa-ha-noi-BKA.html,2026-09-29T09:23:56+00:00
tuyensinh247_cutoffs,BKA,2026,MI2,Hệ thống Thông tin quản lý,A00;A01;B03;C01;C02;X02,27.83,https://diemthi.tuyensinh247.com/diem-chuan/dai-hoc-bach-khoa-ha-noi-BKA.html,2026-09-29T09:23:56+00:00
tuyensinh247_cutoffs,BKA,2026,MS1,Kỹ thuật Vật liệu,A00;A01;B03;C01;C02;D07;X02,26.63,https://diemthi.tuyensinh247.com/diem-chuan/dai-hoc-bach-khoa-ha-noi-BKA.html,2026-09-29T09:23:56+00:00
tuyensinh247_cutoffs,BKA,2026,MS2,Kỹ thuật Vi điện tử và Công nghệ nano,A00;A01;B03;C01;C02;D07;X02,28.64,https://diemthi.tuyensinh247.com/diem-chuan/dai-hoc-bach-khoa-ha-noi-BKA.html,2026-09-29T09:23:56+00:00
tuyensinh247_cutoffs,BKA,2026,MS3,Công nghệ vật liệu Polyme và Compozit,A00;A01;B03;C01;C02;D07;X02,26.31,https://diemthi.tuyensinh247.com/diem-chuan/dai-hoc-bach-khoa-ha-noi-BKA.html,2026-09-29T09:23:56+00:00
tuyensinh247_cutoffs,BKA,2026,PH1,Vật lý Kỹ thuật,A00;A01;B03;C01;C02;X02,27.03,https://diemthi.tuyensinh247.com/diem-chuan/dai-hoc-bach-khoa-ha-noi-BKA.html,2026-09-29T09:23:56+00:00
tuyensinh247_cutoffs,BKA,2026,PH2,Kỹ thuật Hạt nhân,A00;A01;B03;C01;C02;X02,26.54,https://diemthi.tuyensinh247.com/diem-chuan/dai-hoc-bach-khoa-ha-noi-BKA.html,2026-09-29T09:23:56+00:00
tuyensinh247_cutoffs,BKA,2026,TE-E2,Kỹ thuật Ô tô (CT tiên tiến),A00;A01;B03;C01;C02;X02,26.38,https://diemthi.tuyensinh247.com/diem-chuan/dai-hoc-bach-khoa-ha-noi-BKA.html,2026-09-29T09:23:56+00:00
tuyensinh247_cutoffs,BKA,2026,TE-EP,Cơ khí Hàng không (CT Việt - Pháp PFIEV),A00;A01;B03;C01;C02;X02,26.74,https://diemthi.tuyensinh247.com/diem-chuan/dai-hoc-bach-khoa-ha-noi-BKA.html,2026-09-29T09:23:56+00:00
tuyensinh247_cutoffs,BKA,2026,TE2,Kỹ thuật Cơ khí động lực,A00;A01;B03;C01;C02;X02,27.08,https://diemthi.tuyensinh247.com/diem-chuan/dai-hoc-bach-khoa-ha-noi-BKA.html,2026-09-29T09:23:56+00:00
tuyensinh247_cutoffs,BKA,2026,TE3,Kỹ thuật Hàng không,A00;A01;B03;C01;C02;X02,27.36,https://diemthi.tuyensinh247.com/diem-chuan/dai-hoc-bach-khoa-ha-noi-BKA.html,2026-09-29T09:23:56+00:00
tuyensinh247_cutoffs,BKA,2026,TROY-IT,Khoa học Máy tính - ĐH Troy (Hoa Kỳ)\r\n(do ĐH Troy cấp bằng),D01,24.44,https://diemthi.tuyensinh247.com/diem-chuan/dai-hoc-bach-khoa-ha-noi-BKA.html,2026-09-29T09:23:56+00:00
tuyensinh247_cutoffs,BKA,2026,TX1,Công nghệ Dệt May,A00;A01;B03;C01;C02;D07;X02,23.36,https://diemthi.tuyensinh247.com/diem-chuan/dai-hoc-bach-khoa-ha-noi-BKA.html,2026-09-29T09:23:56+00:00
tuyensinh247_cutoffs,BKA,2026,BF-E12,Kỹ thuật Thực phẩm (CT tiên tiến),A00;B00;B03;C01;C02;D07;X02,20.3,https://diemthi.tuyensinh247.com/diem-chuan/dai-hoc-bach-khoa-ha-noi-BKA.html,2026-09-29T09:23:56+00:00
tuyensinh247_cutoffs,BKA,2026,BF2,Kỹ thuật Thực phẩm,A00;B00;B03;C01;C02;D07;X02,24.4,https://diemthi.tuyensinh247.com/diem-chuan/dai-hoc-bach-khoa-ha-noi-BKA.html,2026-09-29T09:23:56+00:00
tuyensinh247_cutoffs,BKA,2026,CH2,Hóa học,A00;B00;B03;C01;C02;D07;X02,24.94,https://diemthi.tuyensinh247.com/diem-chuan/dai-hoc-bach-khoa-ha-noi-BKA.html,2026-09-29T09:23:56+00:00
tuyensinh247_cutoffs,BKA,2026,ED3,Quản lý Giáo dục,D01,23.2,https://diemthi.tuyensinh247.com/diem-chuan/dai-hoc-bach-khoa-ha-noi-BKA.html,2026-09-29T09:23:56+00:00
tuyensinh247_cutoffs,BKA,2026,EE-E18,Hệ thống điện và năng lượng tái tạo (CT tiên tiến),A00;A01;B03;C01;C02;X02,27.29,https://diemthi.tuyensinh247.com/diem-chuan/dai-hoc-bach-khoa-ha-noi-BKA.html,2026-09-29T09:23:56+00:00
tuyensinh247_cutoffs,BKA,2026,EE1,Kỹ thuật điện,A00;A01;B03;C01;C02;X02,28.24,https://diemthi.tuyensinh247.com/diem-chuan/dai-hoc-bach-khoa-ha-noi-BKA.html,2026-09-29T09:23:56+00:00
tuyensinh247_cutoffs,BKA,2026,EM-E13,Phân tích Kinh doanh (CT tiên tiến),A01;B03;C01;C02;D07;X02,23.88,https://diemthi.tuyensinh247.com/diem-chuan/dai-hoc-bach-khoa-ha-noi-BKA.html,2026-09-29T09:23:56+00:00
tuyensinh247_cutoffs,BKA,2026,EM-E17,Kế toán (CT tiên tiến),A01;B03;C01;C02;D07;X02,20.56,https://diemthi.tuyensinh247.com/diem-chuan/dai-hoc-bach-khoa-ha-noi-BKA.html,2026-09-29T09:23:56+00:00
tuyensinh247_cutoffs,BKA,2026,EM2,Quản lý Công nghiệp,D01,25.07,https://diemthi.tuyensinh247.com/diem-chuan/dai-hoc-bach-khoa-ha-noi-BKA.html,2026-09-29T09:23:56+00:00
tuyensinh247_cutoffs,BKA,2026,EM5,Tài chính-Ngân hàng,D01,24.48,https://diemthi.tuyensinh247.com/diem-chuan/dai-hoc-bach-khoa-ha-noi-BKA.html,2026-09-29T09:23:56+00:00
tuyensinh247_cutoffs,BKA,2026,ET-E4,Kỹ thuật Điện tử - Viễn thông (CT tiên tiến),A00;A01;B03;C01;C02;X02,28.13,https://diemthi.tuyensinh247.com/diem-chuan/dai-hoc-bach-khoa-ha-noi-BKA.html,2026-09-29T09:23:56+00:00
tuyensinh247_cutoffs,BKA,2026,ET-LUH,Điện tử - Viễn thông - ĐH Leibniz Hannover (CHLB Đức),A00;A01;B03;C01;C02;X02,27.45,https://diemthi.tuyensinh247.com/diem-chuan/dai-hoc-bach-khoa-ha-noi-BKA.html,2026-09-29T09:23:56+00:00
tuyensinh247_cutoffs,BKA,2026,EV2,Quản lý Tài nguyên và Môi trường,A00;B00;B03;C01;C02;D07;X02,22.63,https://diemthi.tuyensinh247.com/diem-chuan/dai-hoc-bach-khoa-ha-noi-BKA.html,2026-09-29T09:23:56+00:00
tuyensinh247_cutoffs,BKA,2026,FL2,Tiếng Anh chuyên nghiệp quốc tế\r\n(do ĐHBK Hà Nội và ĐH Plymouth Marjon - Vương quốc Anh cấp bằng),D01,20.75,https://diemthi.tuyensinh247.com/diem-chuan/dai-hoc-bach-khoa-ha-noi-BKA.html,2026-09-29T09:23:56+00:00
tuyensinh247_cutoffs,BKA,2026,FL3,Tiếng Trung KH&CN,B03;C01;C02;X02,26,https://diemthi.tuyensinh247.com/diem-chuan/dai-hoc-bach-khoa-ha-noi-BKA.html,2026-09-29T09:23:56+00:00
tuyensinh247_cutoffs,BKA,2026,IT-E10,Khoa học Dữ liệu và Trí tuệ nhân tạo (CT tiên tiến),A00;A01;B03;C01;C02;X02,29.54,https://diemthi.tuyensinh247.com/diem-chuan/dai-hoc-bach-khoa-ha-noi-BKA.html,2026-09-29T09:23:56+00:00
tuyensinh247_cutoffs,BKA,2026,IT-E7,Công nghệ Thông tin Global ICT (CT tiên tiến),A00;A01;B03;C01;C02;X02,28.75,https://diemthi.tuyensinh247.com/diem-chuan/dai-hoc-bach-khoa-ha-noi-BKA.html,2026-09-29T09:23:56+00:00
tuyensinh247_cutoffs,BKA,2026,IT2,CNTT: Kỹ thuật Máy tính,A00;A01;B03;C01;C02;X02,28.91,https://diemthi.tuyensinh247.com/diem-chuan/dai-hoc-bach-khoa-ha-noi-BKA.html,2026-09-29T09:23:56+00:00
tuyensinh247_cutoffs,BKA,2026,ME-NUT,Cơ điện tử - hợp tác với ĐHCN Nagaoka (Nhật Bản),A00;A01;B03;C01;C02;X02,26.97,https://diemthi.tuyensinh247.com/diem-chuan/dai-hoc-bach-khoa-ha-noi-BKA.html,2026-09-29T09:23:56+00:00
tuyensinh247_cutoffs,BKA,2026,MI-E22,Khoa học tính toán cho các hệ thống thông minh (CT tiên tiến),A00;A01;B03;C01;C02;X02,27.97,https://diemthi.tuyensinh247.com/diem-chuan/dai-hoc-bach-khoa-ha-noi-BKA.html,2026-09-29T09:23:56+00:00
tuyensinh247_cutoffs,BKA,2026,MS-E3,Khoa học và Kỹ thuật Vật liệu (CT tiên tiến),A00;A01;B03;C01;C02;D07;X02,25.69,https://diemthi.tuyensinh247.com/diem-chuan/dai-hoc-bach-khoa-ha-noi-BKA.html,2026-09-29T09:23:56+00:00
tuyensinh247_cutoffs,BKA,2026,MS5,Kỹ thuật In,A00;A01;B03;C01;C02;D07;X02,25.45,https://diemthi.tuyensinh247.com/diem-chuan/dai-hoc-bach-khoa-ha-noi-BKA.html,2026-09-29T09:23:56+00:00
tuyensinh247_cutoffs,BKA,2026,PH3,Vật lý Y khoa,A00;A01;B03;C01;C02;X02,26.26,https://diemthi.tuyensinh247.com/diem-chuan/dai-hoc-bach-khoa-ha-noi-BKA.html,2026-09-29T09:23:56+00:00
tuyensinh247_cutoffs,BKA,2026,TE1,Kỹ thuật Ô tô,A00;A01;B03;C01;C02;X02,27.34,https://diemthi.tuyensinh247.com/diem-chuan/dai-hoc-bach-khoa-ha-noi-BKA.html,2026-09-29T09:23:56+00:00
tuyensinh247_cutoffs,BKA,2026,TROY-IT,Khoa học Máy tính - ĐH Troy (Hoa Kỳ)\r\n(do ĐH Troy cấp bằng),A00;A01;B03;C01;C02;X02,24.94,https://diemthi.tuyensinh247.com/diem-chuan/dai-hoc-bach-khoa-ha-noi-BKA.html,2026-09-29T09:23:56+00:00
tuyensinh247_cutoffs,QHI,2026,CN10,Công nghệ nông nghiệp,A00;A01;A02;X06,22,https://diemthi.tuyensinh247.com/diem-chuan/dai-hoc-cong-nghe-dai-hoc-quoc-gia-ha-noi-QHI.html,2026-09-29T09:23:58+00:00
tuyensinh247_cutoffs,QHI,2026,CN11,Kỹ thuật điều khiển và tự động hoá,A00;A01;X06,27.78,https://diemthi.tuyensinh247.com/diem-chuan/dai-hoc-cong-nghe-dai-hoc-quoc-gia-ha-noi-QHI.html,2026-09-29T09:23:58+00:00
tuyensinh247_cutoffs,QHI,2026,CN14,Hệ thống thông tin,A00;A01;X06,25.85,https://diemthi.tuyensinh247.com/diem-chuan/dai-hoc-cong-nghe-dai-hoc-quoc-gia-ha-noi-QHI.html,2026-09-29T09:23:58+00:00
tuyensinh247_cutoffs,QHI,2026,CN15,Mạng máy tính và truyền thông dữ liệu,A00;A01;X06,26,https://diemthi.tuyensinh247.com/diem-chuan/dai-hoc-cong-nghe-dai-hoc-quoc-gia-ha-noi-QHI.html,2026-09-29T09:23:58+00:00
tuyensinh247_cutoffs,QHI,2026,CN18,Thiết kế công nghiệp và Đồ họa,A00;A01;X06,23,https://diemthi.tuyensinh247.com/diem-chuan/dai-hoc-cong-nghe-dai-hoc-quoc-gia-ha-noi-QHI.html,2026-09-29T09:23:58+00:00
tuyensinh247_cutoffs,QHI,2026,CN19,Công nghệ vật liệu (CT Công nghệ vật liệu và Vi điện tử),A00;A01;X06,25.67,https://diemthi.tuyensinh247.com/diem-chuan/dai-hoc-cong-nghe-dai-hoc-quoc-gia-ha-noi-QHI.html,2026-09-29T09:23:58+00:00
tuyensinh247_cutoffs,QHI,2026,CN20,Khoa học dữ liệu (CT Khoa học và Kỹ thuật dữ liệu),A00;A01;X06,26.85,https://diemthi.tuyensinh247.com/diem-chuan/dai-hoc-cong-nghe-dai-hoc-quoc-gia-ha-noi-QHI.html,2026-09-29T09:23:58+00:00
tuyensinh247_cutoffs,QHI,2026,CN21,Công nghệ sinh học (CT Công nghệ kỹ thuật sinh học),A00;A01;A02;X06,22.48,https://diemthi.tuyensinh247.com/diem-chuan/dai-hoc-cong-nghe-dai-hoc-quoc-gia-ha-noi-QHI.html,2026-09-29T09:23:58+00:00
tuyensinh247_cutoffs,QHI,2026,CN3,Vật lý kỹ thuật,A00;A01;X06,26.85,https://diemthi.tuyensinh247.com/diem-chuan/dai-hoc-cong-nghe-dai-hoc-quoc-gia-ha-noi-QHI.html,2026-09-29T09:23:58+00:00
tuyensinh247_cutoffs,QHI,2026,CN5,Công nghệ kỹ thuật xây dựng,A00;A01;X06,22.51,https://diemthi.tuyensinh247.com/diem-chuan/dai-hoc-cong-nghe-dai-hoc-quoc-gia-ha-noi-QHI.html,2026-09-29T09:23:58+00:00
tuyensinh247_cutoffs,QHI,2026,CN6,Công nghệ kỹ thuật cơ - điện tử,A00;A01;X06,26.86,https://diemthi.tuyensinh247.com/diem-chuan/dai-hoc-cong-nghe-dai-hoc-quoc-gia-ha-noi-QHI.html,2026-09-29T09:23:58+00:00
tuyensinh247_cutoffs,QHI,2026,CN8,Khoa học máy tính,A00;A01;X06,26.86,https://diemthi.tuyensinh247.com/diem-chuan/dai-hoc-cong-nghe-dai-hoc-quoc-gia-ha-noi-QHI.html,2026-09-29T09:23:58+00:00
tuyensinh247_cutoffs,QHI,2026,CN9,Công nghệ kỹ thuật điện tử – viễn thông,A00;A01;X06,26.29,https://diemthi.tuyensinh247.com/diem-chuan/dai-hoc-cong-nghe-dai-hoc-quoc-gia-ha-noi-QHI.html,2026-09-29T09:23:58+00:00
tuyensinh247_cutoffs,QHI,2026,CN1,Công nghệ thông tin,A00;A01;X06,25,https://diemthi.tuyensinh247.com/diem-chuan/dai-hoc-cong-nghe-dai-hoc-quoc-gia-ha-noi-QHI.html,2026-09-29T09:23:58+00:00
tuyensinh247_cutoffs,QHI,2026,CN12,Trí tuệ nhân tạo,A00;A01;X06,26.26,https://diemthi.tuyensinh247.com/diem-chuan/dai-hoc-cong-nghe-dai-hoc-quoc-gia-ha-noi-QHI.html,2026-09-29T09:23:58+00:00
tuyensinh247_cutoffs,QHI,2026,CN13,Kỹ thuật năng lượng,A00;A01;X06,25.25,https://diemthi.tuyensinh247.com/diem-chuan/dai-hoc-cong-nghe-dai-hoc-quoc-gia-ha-noi-QHI.html,2026-09-29T09:23:58+00:00
tuyensinh247_cutoffs,QHI,2026,CN17,Kỹ thuật Robot,A00;A01;X06,26.05,https://diemthi.tuyensinh247.com/diem-chuan/dai-hoc-cong-nghe-dai-hoc-quoc-gia-ha-noi-QHI.html,2026-09-29T09:23:58+00:00
tuyensinh247_cutoffs,QHI,2026,CN2,Kỹ thuật máy tính,A00;A01;X06,26.63,https://diemthi.tuyensinh247.com/diem-chuan/dai-hoc-cong-nghe-dai-hoc-quoc-gia-ha-noi-QHI.html,2026-09-29T09:23:58+00:00
tuyensinh247_cutoffs,QHI,2026,CN4,Cơ kỹ thuật,A00;A01;X06,25.41,https://diemthi.tuyensinh247.com/diem-chuan/dai-hoc-cong-nghe-dai-hoc-quoc-gia-ha-noi-QHI.html,2026-09-29T09:23:58+00:00
tuyensinh247_cutoffs,QHI,2026,CN7,Công nghệ hàng không vũ trụ,A00;A01;X06,24.49,https://diemthi.tuyensinh247.com/diem-chuan/dai-hoc-cong-nghe-dai-hoc-quoc-gia-ha-noi-QHI.html,2026-09-29T09:23:58+00:00
tuyensinh247_cutoffs,QHT,2026,QHT01,Toán học,A00;A01;C01;D07;D08;X26,26.35,https://diemthi.tuyensinh247.com/diem-chuan/dai-hoc-khoa-hoc-tu-nhien-dai-hoc-quoc-gia-ha-noi-QHT.html,2026-09-29T09:24:00+00:00
tuyensinh247_cutoffs,QHT,2026,QHT02,Toán tin,A00;A01;C01;D07;D08;X26,25.69,https://diemthi.tuyensinh247.com/diem-chuan/dai-hoc-khoa-hoc-tu-nhien-dai-hoc-quoc-gia-ha-noi-QHT.html,2026-09-29T09:24:00+00:00
tuyensinh247_cutoffs,QHT,2026,QHT03,Vật lý học,A00;A01;A02;B00;C01;C02;D07;X06,24.74,https://diemthi.tuyensinh247.com/diem-chuan/dai-hoc-khoa-hoc-tu-nhien-dai-hoc-quoc-gia-ha-noi-QHT.html,2026-09-29T09:24:00+00:00
tuyensinh247_cutoffs,QHT,2026,QHT04,Khoa học vật liệu,A00;A01;A02;B00;C01;C02;D07;X06,24.8,https://diemthi.tuyensinh247.com/diem-chuan/dai-hoc-khoa-hoc-tu-nhien-dai-hoc-quoc-gia-ha-noi-QHT.html,2026-09-29T09:24:00+00:00
tuyensinh247_cutoffs,QHT,2026,QHT05,Công nghệ kỹ thuật hạt nhân,A00;A01;A02;B00;C01;C02;D07;X06,24.4,https://diemthi.tuyensinh247.com/diem-chuan/dai-hoc-khoa-hoc-tu-nhien-dai-hoc-quoc-gia-ha-noi-QHT.html,2026-09-29T09:24:00+00:00
tuyensinh247_cutoffs,QHT,2026,QHT07,Công nghệ kỹ thuật hóa học,A00;A05;A06;B00;C02;D07,24.48,https://diemthi.tuyensinh247.com/diem-chuan/dai-hoc-khoa-hoc-tu-nhien-dai-hoc-quoc-gia-ha-noi-QHT.html,2026-09-29T09:24:00+00:00
tuyensinh247_cutoffs,QHT,2026,QHT08,Sinh học,A00;A02;B00;B03;B08;D07,22,https://diemthi.tuyensinh247.com/diem-chuan/dai-hoc-khoa-hoc-tu-nhien-dai-hoc-quoc-gia-ha-noi-QHT.html,2026-09-29T09:24:00+00:00
tuyensinh247_cutoffs,QHT,2026,QHT10,Địa lý tự nhiên,A00;A01;A04;A06;A07;B00;B02;C04;D01;D10;D20;X01;X21;X25,24.2,https://diemthi.tuyensinh247.com/diem-chuan/dai-hoc-khoa-hoc-tu-nhien-dai-hoc-quoc-gia-ha-noi-QHT.html,2026-09-29T09:24:00+00:00
tuyensinh247_cutoffs,QHT,2026,QHT12,Quản lý đất đai,A00;A01;A04;A06;A07;B00;B02;C04;D01;D10;D20;X01;X21;X25,22.25,https://diemthi.tuyensinh247.com/diem-chuan/dai-hoc-khoa-hoc-tu-nhien-dai-hoc-quoc-gia-ha-noi-QHT.html,2026-09-29T09:24:00+00:00
tuyensinh247_cutoffs,QHT,2026,QHT13,Khoa học môi trường,A00;A01;A02;A11;B00;B03;C01;C02;C03;C04;D01;D07;D08;X01;X02,22.23,https://diemthi.tuyensinh247.com/diem-chuan/dai-hoc-khoa-hoc-tu-nhien-dai-hoc-quoc-gia-ha-noi-QHT.html,2026-09-29T09:24:00+00:00
tuyensinh247_cutoffs,QHT,2026,QHT16,Khí tượng và khí hậu học,A00;A01;A02;B00;B03;C01;C02;C04;D01;D07;X02;X26,23.22,https://diemthi.tuyensinh247.com/diem-chuan/dai-hoc-khoa-hoc-tu-nhien-dai-hoc-quoc-gia-ha-noi-QHT.html,2026-09-29T09:24:00+00:00
tuyensinh247_cutoffs,QHT,2026,QHT17,Hải dương học,A00;A01;A02;B00;B03;C01;C02;C04;D01;D07;X02;X26,22.4,https://diemthi.tuyensinh247.com/diem-chuan/dai-hoc-khoa-hoc-tu-nhien-dai-hoc-quoc-gia-ha-noi-QHT.html,2026-09-29T09:24:00+00:00
tuyensinh247_cutoffs,QHT,2026,QHT20,Quản lý tài nguyên và môi trường,A00;A01;A04;A07;B03;C01;C02;C03;C04;D01;D10;X01;X21;X25,22.75,https://diemthi.tuyensinh247.com/diem-chuan/dai-hoc-khoa-hoc-tu-nhien-dai-hoc-quoc-gia-ha-noi-QHT.html,2026-09-29T09:24:00+00:00
tuyensinh247_cutoffs,QHT,2026,QHT43,Hóa dược,A00;A05;A06;B00;C02;D07,23.85,https://diemthi.tuyensinh247.com/diem-chuan/dai-hoc-khoa-hoc-tu-nhien-dai-hoc-quoc-gia-ha-noi-QHT.html,2026-09-29T09:24:00+00:00
tuyensinh247_cutoffs,QHT,2026,QHT82,"Môi trường, sức khỏe và an toàn",A00;A01;A02;A11;B00;B03;C01;C02;C03;C04;D01;D07;D08;X01;X02,22.52,https://diemthi.tuyensinh247.com/diem-chuan/dai-hoc-khoa-hoc-tu-nhien-dai-hoc-quoc-gia-ha-noi-QHT.html,2026-09-29T09:24:00+00:00
tuyensinh247_cutoffs,QHT,2026,QHT91,Khoa học thông tin địa không gian,A00;A01;A04;A06;A07;B00;B02;C04;D01;D10;D20;X01;X21;X25,24.38,https://diemthi.tuyensinh247.com/diem-chuan/dai-hoc-khoa-hoc-tu-nhien-dai-hoc-quoc-gia-ha-noi-QHT.html,2026-09-29T09:24:00+00:00
tuyensinh247_cutoffs,QHT,2026,QHT93,Khoa học dữ liệu,A00;A01;C01;D07;D08;X26,26.06,https://diemthi.tuyensinh247.com/diem-chuan/dai-hoc-khoa-hoc-tu-nhien-dai-hoc-quoc-gia-ha-noi-QHT.html,2026-09-29T09:24:00+00:00
tuyensinh247_cutoffs,QHT,2026,QHT94,Kỹ thuật điện tử và tin học,A00;A01;A02;B00;C01;C02;D07;X06,24.95,https://diemthi.tuyensinh247.com/diem-chuan/dai-hoc-khoa-hoc-tu-nhien-dai-hoc-quoc-gia-ha-noi-QHT.html,2026-09-29T09:24:00+00:00
tuyensinh247_cutoffs,QHT,2026,QHT95,Quản lý phát triển đô thị và bất động sản,A00;A01;A04;A06;A07;B00;B02;C04;D01;D10;D20;X01;X21;X25,22.64,https://diemthi.tuyensinh247.com/diem-chuan/dai-hoc-khoa-hoc-tu-nhien-dai-hoc-quoc-gia-ha-noi-QHT.html,2026-09-29T09:24:00+00:00
tuyensinh247_cutoffs,QHT,2026,QHT96,Khoa học và công nghệ thực phẩm,A00;A01;A02;A11;B00;B03;C01;C02;C03;C04;D01;D07;D08;X01;X02,23.58,https://diemthi.tuyensinh247.com/diem-chuan/dai-hoc-khoa-hoc-tu-nhien-dai-hoc-quoc-gia-ha-noi-QHT.html,2026-09-29T09:24:00+00:00
tuyensinh247_cutoffs,QHT,2026,QHT98,Khoa học máy tính và thông tin,A00;A01;C01;D07;D08;X26,25.28,https://diemthi.tuyensinh247.com/diem-chuan/dai-hoc-khoa-hoc-tu-nhien-dai-hoc-quoc-gia-ha-noi-QHT.html,2026-09-29T09:24:00+00:00
tuyensinh247_cutoffs,QHT,2026,QHT99,Công nghệ Bán dẫn (thuộc ngành Khoa học vật liệu),A00;A01;A02;B00;C01;C02;D07;X06,25.43,https://diemthi.tuyensinh247.com/diem-chuan/dai-hoc-khoa-hoc-tu-nhien-dai-hoc-quoc-gia-ha-noi-QHT.html,2026-09-29T09:24:00+00:00
tuyensinh247_cutoffs,QHT,2026,QHT06,Hóa học,A00;A05;A06;B00;C02;D07,24.73,https://diemthi.tuyensinh247.com/diem-chuan/dai-hoc-khoa-hoc-tu-nhien-dai-hoc-quoc-gia-ha-noi-QHT.html,2026-09-29T09:24:00+00:00
tuyensinh247_cutoffs,QHT,2026,QHT09,Công nghệ sinh học,A00;A02;B00;B03;B08;D07,23.2,https://diemthi.tuyensinh247.com/diem-chuan/dai-hoc-khoa-hoc-tu-nhien-dai-hoc-quoc-gia-ha-noi-QHT.html,2026-09-29T09:24:00+00:00
tuyensinh247_cutoffs,QHT,2026,QHT15,Công nghệ kỹ thuật môi trường,A00;A01;A02;A11;B00;B03;C01;C02;C03;C04;D01;D07;D08;X01;X02,22.64,https://diemthi.tuyensinh247.com/diem-chuan/dai-hoc-khoa-hoc-tu-nhien-dai-hoc-quoc-gia-ha-noi-QHT.html,2026-09-29T09:24:00+00:00
tuyensinh247_cutoffs,QHT,2026,QHT18,Địa chất học,A00;A01;A04;A07;B03;C01;C02;C03;C04;D01;D10;X01;X21;X25,23.23,https://diemthi.tuyensinh247.com/diem-chuan/dai-hoc-khoa-hoc-tu-nhien-dai-hoc-quoc-gia-ha-noi-QHT.html,2026-09-29T09:24:00+00:00
tuyensinh247_cutoffs,QHT,2026,QHT81,Sinh dược học,A00;A02;B00;B03;B08;D07,22.24,https://diemthi.tuyensinh247.com/diem-chuan/dai-hoc-khoa-hoc-tu-nhien-dai-hoc-quoc-gia-ha-noi-QHT.html,2026-09-29T09:24:00+00:00
tuyensinh247_cutoffs,QHT,2026,QHT92,Tài nguyên và môi trường nước,A00;A01;A02;B00;B03;C01;C02;C04;D01;D07;X02;X26,22,https://diemthi.tuyensinh247.com/diem-chuan/dai-hoc-khoa-hoc-tu-nhien-dai-hoc-quoc-gia-ha-noi-QHT.html,2026-09-29T09:24:00+00:00
tuyensinh247_cutoffs,QHX,2026,QHX01,Báo chí,A01,22,https://diemthi.tuyensinh247.com/diem-chuan/dai-hoc-khoa-hoc-xa-hoi-va-nhan-van-dai-hoc-quoc-gia-ha-noi-QHX.html,2026-09-29T09:24:01+00:00
tuyensinh247_cutoffs,QHX,2026,QHX02,Chính trị học,D01;D09;D10;D11;D14;D15,22.7,https://diemthi.tuyensinh247.com/diem-chuan/dai-hoc-khoa-hoc-xa-hoi-va-nhan-van-dai-hoc-quoc-gia-ha-noi-QHX.html,2026-09-29T09:24:01+00:00
tuyensinh247_cutoffs,QHX,2026,QHX02,Chính trị học,C00,24.2,https://diemthi.tuyensinh247.com/diem-chuan/dai-hoc-khoa-hoc-xa-hoi-va-nhan-van-dai-hoc-quoc-gia-ha-noi-QHX.html,2026-09-29T09:24:01+00:00
tuyensinh247_cutoffs,QHX,2026,QHX03,Công tác xã hội,C00,25.17,https://diemthi.tuyensinh247.com/diem-chuan/dai-hoc-khoa-hoc-xa-hoi-va-nhan-van-dai-hoc-quoc-gia-ha-noi-QHX.html,2026-09-29T09:24:01+00:00
tuyensinh247_cutoffs,QHX,2026,QHX03,Công tác xã hội,D01;D09;D10;D11;D14;D15,23.67,https://diemthi.tuyensinh247.com/diem-chuan/dai-hoc-khoa-hoc-xa-hoi-va-nhan-van-dai-hoc-quoc-gia-ha-noi-QHX.html,2026-09-29T09:24:01+00:00
tuyensinh247_cutoffs,QHX,2026,QHX04,"Điện ảnh và nghệ thuật đại chúng (ngành Lý luận, lịch sử và phê bình điện ảnh, truyền hình) (dự kiến)",D01;D09;D10;D11;D14;D15,23.18,https://diemthi.tuyensinh247.com/diem-chuan/dai-hoc-khoa-hoc-xa-hoi-va-nhan-van-dai-hoc-quoc-gia-ha-noi-QHX.html,2026-09-29T09:24:01+00:00
tuyensinh247_cutoffs,QHX,2026,QHX05,Đông Nam Á học,D01;D09;D10;D11;D14;D15,21.5,https://diemthi.tuyensinh247.com/diem-chuan/dai-hoc-khoa-hoc-xa-hoi-va-nhan-van-dai-hoc-quoc-gia-ha-noi-QHX.html,2026-09-29T09:24:01+00:00
tuyensinh247_cutoffs,QHX,2026,QHX06,Đông phương học,D01;D09;D10;D11;D14;D15;D04,23.23,https://diemthi.tuyensinh247.com/diem-chuan/dai-hoc-khoa-hoc-xa-hoi-va-nhan-van-dai-hoc-quoc-gia-ha-noi-QHX.html,2026-09-29T09:24:01+00:00
tuyensinh247_cutoffs,QHX,2026,QHX07,Hán Nôm,D01;D09;D10;D11;D14;D15;D04;C00,22.43,https://diemthi.tuyensinh247.com/diem-chuan/dai-hoc-khoa-hoc-xa-hoi-va-nhan-van-dai-hoc-quoc-gia-ha-noi-QHX.html,2026-09-29T09:24:01+00:00
tuyensinh247_cutoffs,QHX,2026,QHX08,Hàn Quốc học,D01;D09;D10;D11;D14;D15;DD2,22.73,https://diemthi.tuyensinh247.com/diem-chuan/dai-hoc-khoa-hoc-xa-hoi-va-nhan-van-dai-hoc-quoc-gia-ha-noi-QHX.html,2026-09-29T09:24:01+00:00
tuyensinh247_cutoffs,QHX,2026,QHX09,Khoa học quản lý,D01;D09;D10;D11;D14;D15,19,https://diemthi.tuyensinh247.com/diem-chuan/dai-hoc-khoa-hoc-xa-hoi-va-nhan-van-dai-hoc-quoc-gia-ha-noi-QHX.html,2026-09-29T09:24:01+00:00
tuyensinh247_cutoffs,QHX,2026,QHX10,Lịch sử,C00,25.5,https://diemthi.tuyensinh247.com/diem-chuan/dai-hoc-khoa-hoc-xa-hoi-va-nhan-van-dai-hoc-quoc-gia-ha-noi-QHX.html,2026-09-29T09:24:01+00:00
tuyensinh247_cutoffs,QHX,2026,QHX10,Lịch sử,D01;D09;D10;D11;D14;D15,24,https://diemthi.tuyensinh247.com/diem-chuan/dai-hoc-khoa-hoc-xa-hoi-va-nhan-van-dai-hoc-quoc-gia-ha-noi-QHX.html,2026-09-29T09:24:01+00:00
tuyensinh247_cutoffs,QHX,2026,QHX11,Lưu trữ học,C00,23.57,https://diemthi.tuyensinh247.com/diem-chuan/dai-hoc-khoa-hoc-xa-hoi-va-nhan-van-dai-hoc-quoc-gia-ha-noi-QHX.html,2026-09-29T09:24:01+00:00
tuyensinh247_cutoffs,QHX,2026,QHX11,Lưu trữ học,D01;D09;D10;D11;D14;D15,22.07,https://diemthi.tuyensinh247.com/diem-chuan/dai-hoc-khoa-hoc-xa-hoi-va-nhan-van-dai-hoc-quoc-gia-ha-noi-QHX.html,2026-09-29T09:24:01+00:00
tuyensinh247_cutoffs,QHX,2026,QHX12,Ngôn ngữ học,C00,23.35,https://diemthi.tuyensinh247.com/diem-chuan/dai-hoc-khoa-hoc-xa-hoi-va-nhan-van-dai-hoc-quoc-gia-ha-noi-QHX.html,2026-09-29T09:24:01+00:00
tuyensinh247_cutoffs,QHX,2026,QHX12,Ngôn ngữ học,D01;D09;D10;D11;D14;D15,21.85,https://diemthi.tuyensinh247.com/diem-chuan/dai-hoc-khoa-hoc-xa-hoi-va-nhan-van-dai-hoc-quoc-gia-ha-noi-QHX.html,2026-09-29T09:24:01+00:00
tuyensinh247_cutoffs,QHX,2026,QHX13,Nhân học,C00,22.08,https://diemthi.tuyensinh247.com/diem-chuan/dai-hoc-khoa-hoc-xa-hoi-va-nhan-van-dai-hoc-quoc-gia-ha-noi-QHX.html,2026-09-29T09:24:01+00:00
tuyensinh247_cutoffs,QHX,2026,QHX14,Nhật Bản học,A01,21.6,https://diemthi.tuyensinh247.com/diem-chuan/dai-hoc-khoa-hoc-xa-hoi-va-nhan-van-dai-hoc-quoc-gia-ha-noi-QHX.html,2026-09-29T09:24:01+00:00
tuyensinh247_cutoffs,QHX,2026,QHX15,Quan hệ công chúng,D01;D09;D10;D11;D14;D15,24.2,https://diemthi.tuyensinh247.com/diem-chuan/dai-hoc-khoa-hoc-xa-hoi-va-nhan-van-dai-hoc-quoc-gia-ha-noi-QHX.html,2026-09-29T09:24:01+00:00
tuyensinh247_cutoffs,QHX,2026,QHX16,Quản lý thông tin,A01,19.27,https://diemthi.tuyensinh247.com/diem-chuan/dai-hoc-khoa-hoc-xa-hoi-va-nhan-van-dai-hoc-quoc-gia-ha-noi-QHX.html,2026-09-29T09:24:01+00:00
tuyensinh247_cutoffs,QHX,2026,QHX18,Quản trị khách sạn,D01;D09;D10;D11;D14;D15,21.24,https://diemthi.tuyensinh247.com/diem-chuan/dai-hoc-khoa-hoc-xa-hoi-va-nhan-van-dai-hoc-quoc-gia-ha-noi-QHX.html,2026-09-29T09:24:01+00:00
tuyensinh247_cutoffs,QHX,2026,QHX19,Quản trị văn phòng,A01,19.5,https://diemthi.tuyensinh247.com/diem-chuan/dai-hoc-khoa-hoc-xa-hoi-va-nhan-van-dai-hoc-quoc-gia-ha-noi-QHX.html,2026-09-29T09:24:01+00:00
tuyensinh247_cutoffs,QHX,2026,QHX20,Quốc tế học,A01,22,https://diemthi.tuyensinh247.com/diem-chuan/dai-hoc-khoa-hoc-xa-hoi-va-nhan-van-dai-hoc-quoc-gia-ha-noi-QHX.html,2026-09-29T09:24:01+00:00
tuyensinh247_cutoffs,QHX,2026,QHX21,Tâm lý học,D01;D09;D10;D11;D14;D15,25,https://diemthi.tuyensinh247.com/diem-chuan/dai-hoc-khoa-hoc-xa-hoi-va-nhan-van-dai-hoc-quoc-gia-ha-noi-QHX.html,2026-09-29T09:24:01+00:00
tuyensinh247_cutoffs,QHX,2026,QHX22,Thông tin - Thư viện,C00,23,https://diemthi.tuyensinh247.com/diem-chuan/dai-hoc-khoa-hoc-xa-hoi-va-nhan-van-dai-hoc-quoc-gia-ha-noi-QHX.html,2026-09-29T09:24:01+00:00
tuyensinh247_cutoffs,QHX,2026,QHX22,Thông tin - Thư viện,D01;D09;D10;D11;D14;D15,21.5,https://diemthi.tuyensinh247.com/diem-chuan/dai-hoc-khoa-hoc-xa-hoi-va-nhan-van-dai-hoc-quoc-gia-ha-noi-QHX.html,2026-09-29T09:24:01+00:00
tuyensinh247_cutoffs,QHX,2026,QHX23,Tôn giáo học,C00,20.5,https://diemthi.tuyensinh247.com/diem-chuan/dai-hoc-khoa-hoc-xa-hoi-va-nhan-van-dai-hoc-quoc-gia-ha-noi-QHX.html,2026-09-29T09:24:01+00:00
tuyensinh247_cutoffs,QHX,2026,QHX23,Tôn giáo học,D01;D09;D10;D11;D14;D15,19,https://diemthi.tuyensinh247.com/diem-chuan/dai-hoc-khoa-hoc-xa-hoi-va-nhan-van-dai-hoc-quoc-gia-ha-noi-QHX.html,2026-09-29T09:24:01+00:00
tuyensinh247_cutoffs,QHX,2026,QHX24,Triết học,C00,22.75,https://diemthi.tuyensinh247.com/diem-chuan/dai-hoc-khoa-hoc-xa-hoi-va-nhan-van-dai-hoc-quoc-gia-ha-noi-QHX.html,2026-09-29T09:24:01+00:00
tuyensinh247_cutoffs,QHX,2026,QHX24,Triết học,D01;D09;D10;D11;D14;D15,21.25,https://diemthi.tuyensinh247.com/diem-chuan/dai-hoc-khoa-hoc-xa-hoi-va-nhan-van-dai-hoc-quoc-gia-ha-noi-QHX.html,2026-09-29T09:24:01+00:00
tuyensinh247_cutoffs,QHX,2026,QHX25,Văn hóa học,D01;D09;D10;D11;D14;D15,21.98,https://diemthi.tuyensinh247.com/diem-chuan/dai-hoc-khoa-hoc-xa-hoi-va-nhan-van-dai-hoc-quoc-gia-ha-noi-QHX.html,2026-09-29T09:24:01+00:00
tuyensinh247_cutoffs,QHX,2026,QHX26,Văn học,C00,25.41,https://diemthi.tuyensinh247.com/diem-chuan/dai-hoc-khoa-hoc-xa-hoi-va-nhan-van-dai-hoc-quoc-gia-ha-noi-QHX.html,2026-09-29T09:24:01+00:00
tuyensinh247_cutoffs,QHX,2026,QHX26,Văn học,D01;D09;D10;D11;D14;D15,23.91,https://diemthi.tuyensinh247.com/diem-chuan/dai-hoc-khoa-hoc-xa-hoi-va-nhan-van-dai-hoc-quoc-gia-ha-noi-QHX.html,2026-09-29T09:24:01+00:00
tuyensinh247_cutoffs,QHX,2026,QHX27,Việt Nam học,C00,23,https://diemthi.tuyensinh247.com/diem-chuan/dai-hoc-khoa-hoc-xa-hoi-va-nhan-van-dai-hoc-quoc-gia-ha-noi-QHX.html,2026-09-29T09:24:01+00:00
tuyensinh247_cutoffs,QHX,2026,QHX27,Việt Nam học,D01;D09;D10;D11;D14;D15,21.5,https://diemthi.tuyensinh247.com/diem-chuan/dai-hoc-khoa-hoc-xa-hoi-va-nhan-van-dai-hoc-quoc-gia-ha-noi-QHX.html,2026-09-29T09:24:01+00:00
tuyensinh247_cutoffs,QHX,2026,QHX28,Xã hội học,C00,23.93,https://diemthi.tuyensinh247.com/diem-chuan/dai-hoc-khoa-hoc-xa-hoi-va-nhan-van-dai-hoc-quoc-gia-ha-noi-QHX.html,2026-09-29T09:24:01+00:00
tuyensinh247_cutoffs,QHX,2026,QHX28,Xã hội học,D01;D09;D10;D11;D14;D15,22.43,https://diemthi.tuyensinh247.com/diem-chuan/dai-hoc-khoa-hoc-xa-hoi-va-nhan-van-dai-hoc-quoc-gia-ha-noi-QHX.html,2026-09-29T09:24:01+00:00
tuyensinh247_cutoffs,QHX,2026,QHX29,Truyền thông đa phương tiện,A01,22.5,https://diemthi.tuyensinh247.com/diem-chuan/dai-hoc-khoa-hoc-xa-hoi-va-nhan-van-dai-hoc-quoc-gia-ha-noi-QHX.html,2026-09-29T09:24:01+00:00
tuyensinh247_cutoffs,QHX,2026,QHX04,"Điện ảnh và nghệ thuật đại chúng (ngành Lý luận, lịch sử và phê bình điện ảnh, truyền hình) (dự kiến)",C00,24.68,https://diemthi.tuyensinh247.com/diem-chuan/dai-hoc-khoa-hoc-xa-hoi-va-nhan-van-dai-hoc-quoc-gia-ha-noi-QHX.html,2026-09-29T09:24:01+00:00
tuyensinh247_cutoffs,QHX,2026,QHX07,Hán Nôm,C00,23.93,https://diemthi.tuyensinh247.com/diem-chuan/dai-hoc-khoa-hoc-xa-hoi-va-nhan-van-dai-hoc-quoc-gia-ha-noi-QHX.html,2026-09-29T09:24:01+00:00
tuyensinh247_cutoffs,QHX,2026,QHX13,Nhân học,D01;D09;D10;D11;D14;D15;C00,20.58,https://diemthi.tuyensinh247.com/diem-chuan/dai-hoc-khoa-hoc-xa-hoi-va-nhan-van-dai-hoc-quoc-gia-ha-noi-QHX.html,2026-09-29T09:24:01+00:00
tuyensinh247_cutoffs,QHX,2026,QHX17,Quản trị dịch vụ du lịch và lữ hành,D01;D09;D10;D11;D14;D15,22.5,https://diemthi.tuyensinh247.com/diem-chuan/dai-hoc-khoa-hoc-xa-hoi-va-nhan-van-dai-hoc-quoc-gia-ha-noi-QHX.html,2026-09-29T09:24:01+00:00
tuyensinh247_cutoffs,QHX,2026,QHX25,Văn hóa học,C00,23.48,https://diemthi.tuyensinh247.com/diem-chuan/dai-hoc-khoa-hoc-xa-hoi-va-nhan-van-dai-hoc-quoc-gia-ha-noi-QHX.html,2026-09-29T09:24:01+00:00
tuyensinh247_cutoffs,QHE,2026,7310101,Ngành Kinh tế,D01;A01;D09;D10;C01;C03;C04;X01,24.44,https://diemthi.tuyensinh247.com/diem-chuan/dai-hoc-kinh-te-dai-hoc-quoc-gia-ha-noi-QHE.html,2026-09-29T09:24:03+00:00
tuyensinh247_cutoffs,QHE,2026,7310106,Ngành Kinh tế quốc tế,D01;A01;D09;D10;C01;C03;C04;X01,25.17,https://diemthi.tuyensinh247.com/diem-chuan/dai-hoc-kinh-te-dai-hoc-quoc-gia-ha-noi-QHE.html,2026-09-29T09:24:03+00:00
tuyensinh247_cutoffs,QHE,2026,7340101,Ngành Quản trị kinh doanh,D01;A01;D09;D10;C01;C03;C04;X01,24.4,https://diemthi.tuyensinh247.com/diem-chuan/dai-hoc-kinh-te-dai-hoc-quoc-gia-ha-noi-QHE.html,2026-09-29T09:24:03+00:00
tuyensinh247_cutoffs,QHE,2026,7340201,Ngành Tài chính – Ngân hàng,D01;A01;D09;D10;C01;C03;C04;X01,24.4,https://diemthi.tuyensinh247.com/diem-chuan/dai-hoc-kinh-te-dai-hoc-quoc-gia-ha-noi-QHE.html,2026-09-29T09:24:03+00:00
tuyensinh247_cutoffs,QHE,2026,7310105,Ngành Kinh tế phát triển,D01;A01;D09;D10;C01;C03;C04;X01,24.2,https://diemthi.tuyensinh247.com/diem-chuan/dai-hoc-kinh-te-dai-hoc-quoc-gia-ha-noi-QHE.html,2026-09-29T09:24:03+00:00
tuyensinh247_cutoffs,QHE,2026,7340301,Ngành Kế toán,D01;A01;D09;D10;C01;C03;C04;X01,24.54,https://diemthi.tuyensinh247.com/diem-chuan/dai-hoc-kinh-te-dai-hoc-quoc-gia-ha-noi-QHE.html,2026-09-29T09:24:03+00:00
tuyensinh247_cutoffs,QHF,2026,7140231,Sư phạm tiếng Anh,A01;D01;D07;D08;D14;D15,28.12,https://diemthi.tuyensinh247.com/diem-chuan/dai-hoc-ngoai-ngu-dai-hoc-quoc-gia-ha-noi-QHF.html,2026-09-29T09:24:05+00:00
tuyensinh247_cutoffs,QHF,2026,7140235,Sư phạm tiếng Đức,A01;D01;D07;D08;D14;D15;D05;D41;D61,26.1,https://diemthi.tuyensinh247.com/diem-chuan/dai-hoc-ngoai-ngu-dai-hoc-quoc-gia-ha-noi-QHF.html,2026-09-29T09:24:05+00:00
tuyensinh247_cutoffs,QHF,2026,7140236,Sư phạm tiếng Nhật,A01;D01;D07;D08;D14;D15;D06;D43;D63,27.1,https://diemthi.tuyensinh247.com/diem-chuan/dai-hoc-ngoai-ngu-dai-hoc-quoc-gia-ha-noi-QHF.html,2026-09-29T09:24:05+00:00
tuyensinh247_cutoffs,QHF,2026,7140237,Sư phạm tiếng Hàn Quốc,A01;D01;D07;D08;D14;D15;DD2;DH1;DH5,27.6,https://diemthi.tuyensinh247.com/diem-chuan/dai-hoc-ngoai-ngu-dai-hoc-quoc-gia-ha-noi-QHF.html,2026-09-29T09:24:05+00:00
tuyensinh247_cutoffs,QHF,2026,7220201,Ngôn ngữ Anh,A01;D01;D07;D08;D14;D15,25.92,https://diemthi.tuyensinh247.com/diem-chuan/dai-hoc-ngoai-ngu-dai-hoc-quoc-gia-ha-noi-QHF.html,2026-09-29T09:24:05+00:00
tuyensinh247_cutoffs,QHF,2026,7220202,Ngôn ngữ Nga,A01;D01;D07;D08;D14;D15;D02;D42;D62,22.15,https://diemthi.tuyensinh247.com/diem-chuan/dai-hoc-ngoai-ngu-dai-hoc-quoc-gia-ha-noi-QHF.html,2026-09-29T09:24:05+00:00
tuyensinh247_cutoffs,QHF,2026,7220204,Ngôn ngữ Trung Quốc,A01;D01;D07;D08;D14;D15;D04;D45;D65,25.65,https://diemthi.tuyensinh247.com/diem-chuan/dai-hoc-ngoai-ngu-dai-hoc-quoc-gia-ha-noi-QHF.html,2026-09-29T09:24:05+00:00
tuyensinh247_cutoffs,QHF,2026,7220205,Ngôn ngữ Đức,A01;D01;D07;D08;D14;D15;D05;D41;D61,22.8,https://diemthi.tuyensinh247.com/diem-chuan/dai-hoc-ngoai-ngu-dai-hoc-quoc-gia-ha-noi-QHF.html,2026-09-29T09:24:05+00:00
tuyensinh247_cutoffs,QHF,2026,7220210,Ngôn ngữ Hàn Quốc,A01;D01;D07;D08;D14;D15;DD2;DH1;DH5,24.3,https://diemthi.tuyensinh247.com/diem-chuan/dai-hoc-ngoai-ngu-dai-hoc-quoc-gia-ha-noi-QHF.html,2026-09-29T09:24:05+00:00
tuyensinh247_cutoffs,QHF,2026,7220211,Ngôn ngữ Ả Rập,A01;D01;D07;D08;D14;D15,21.05,https://diemthi.tuyensinh247.com/diem-chuan/dai-hoc-ngoai-ngu-dai-hoc-quoc-gia-ha-noi-QHF.html,2026-09-29T09:24:05+00:00
tuyensinh247_cutoffs,QHF,2026,7310403,Tâm lý học giáo dục,D15;D14;D07;D01;D08;A01;D09;D10;D84;D11;D12;D13;D66,22.05,https://diemthi.tuyensinh247.com/diem-chuan/dai-hoc-ngoai-ngu-dai-hoc-quoc-gia-ha-noi-QHF.html,2026-09-29T09:24:05+00:00
tuyensinh247_cutoffs,QHF,2026,7140234,Sư phạm tiếng Trung Quốc,A01;D01;D07;D08;D14;D15;D04;D45;D65,28.11,https://diemthi.tuyensinh247.com/diem-chuan/dai-hoc-ngoai-ngu-dai-hoc-quoc-gia-ha-noi-QHF.html,2026-09-29T09:24:05+00:00
tuyensinh247_cutoffs,QHF,2026,7220101,Tiếng Việt và Văn hóa Việt Nam,A01;D01;D07;D08;D14;D15,22.26,https://diemthi.tuyensinh247.com/diem-chuan/dai-hoc-ngoai-ngu-dai-hoc-quoc-gia-ha-noi-QHF.html,2026-09-29T09:24:05+00:00
tuyensinh247_cutoffs,QHF,2026,7220203,Ngôn ngữ Pháp,A01;D01;D07;D08;D14;D15;D03;D44;D64,21.45,https://diemthi.tuyensinh247.com/diem-chuan/dai-hoc-ngoai-ngu-dai-hoc-quoc-gia-ha-noi-QHF.html,2026-09-29T09:24:05+00:00
tuyensinh247_cutoffs,QHF,2026,7220209,Ngôn ngữ Nhật,A01;D01;D07;D08;D14;D15;D06;D43;D63,23,https://diemthi.tuyensinh247.com/diem-chuan/dai-hoc-ngoai-ngu-dai-hoc-quoc-gia-ha-noi-QHF.html,2026-09-29T09:24:05+00:00
tuyensinh247_cutoffs,QHF,2026,7320107,Truyền thông quốc tế,A01;D01;D07;D08;D14;D15,24.49,https://diemthi.tuyensinh247.com/diem-chuan/dai-hoc-ngoai-ngu-dai-hoc-quoc-gia-ha-noi-QHF.html,2026-09-29T09:24:05+00:00
tuyensinh247_cutoffs,QHS,2026,QHS01,Sư phạm Toán học,A00;A01;B00;B03;C01;C02;D01,27.55,https://diemthi.tuyensinh247.com/diem-chuan/dai-hoc-giao-duc-dai-hoc-quoc-gia-ha-noi-QHS.html,2026-09-29T09:24:07+00:00
tuyensinh247_cutoffs,QHS,2026,QHS04,Sư phạm Sinh học,A02;B00;B03;B08,25.55,https://diemthi.tuyensinh247.com/diem-chuan/dai-hoc-giao-duc-dai-hoc-quoc-gia-ha-noi-QHS.html,2026-09-29T09:24:07+00:00
tuyensinh247_cutoffs,QHS,2026,QHS05,Sư phạm Khoa học Tự nhiên,A00;A02;B00,25.55,https://diemthi.tuyensinh247.com/diem-chuan/dai-hoc-giao-duc-dai-hoc-quoc-gia-ha-noi-QHS.html,2026-09-29T09:24:07+00:00
tuyensinh247_cutoffs,QHS,2026,QHS07,Sư phạm Lịch sử,A07;C00;C03;D09;D14,27.18,https://diemthi.tuyensinh247.com/diem-chuan/dai-hoc-giao-duc-dai-hoc-quoc-gia-ha-noi-QHS.html,2026-09-29T09:24:07+00:00
tuyensinh247_cutoffs,QHS,2026,QHS08,Sư phạm Lịch sử - Địa lý,A07;C00,25.28,https://diemthi.tuyensinh247.com/diem-chuan/dai-hoc-giao-duc-dai-hoc-quoc-gia-ha-noi-QHS.html,2026-09-29T09:24:07+00:00
tuyensinh247_cutoffs,QHS,2026,QHS10,Giáo dục Tiểu học,A00;B00;C00;C01;C02;C03;C04;D01;D04,27.18,https://diemthi.tuyensinh247.com/diem-chuan/dai-hoc-giao-duc-dai-hoc-quoc-gia-ha-noi-QHS.html,2026-09-29T09:24:07+00:00
tuyensinh247_cutoffs,QHS,2026,QHS11,Khoa học giáo dục và khác,A00;A01;B00;C00;C01;C02;C03;C04;D01;D04,19.5,https://diemthi.tuyensinh247.com/diem-chuan/dai-hoc-giao-duc-dai-hoc-quoc-gia-ha-noi-QHS.html,2026-09-29T09:24:07+00:00
tuyensinh247_cutoffs,QHS,2026,QHS12,Tâm lý học và tâm lý học giáo dục,A00;A01;B00;C00;C01;C02;C03;C04;D01;D04,22.25,https://diemthi.tuyensinh247.com/diem-chuan/dai-hoc-giao-duc-dai-hoc-quoc-gia-ha-noi-QHS.html,2026-09-29T09:24:07+00:00
tuyensinh247_cutoffs,QHS,2026,QHS02,Sư phạm Vật lí,A00;A01;A02;C01,26.72,https://diemthi.tuyensinh247.com/diem-chuan/dai-hoc-giao-duc-dai-hoc-quoc-gia-ha-noi-QHS.html,2026-09-29T09:24:07+00:00
tuyensinh247_cutoffs,QHS,2026,QHS03,Sư phạm Hoá học,A00;B00;C02;D07,27.16,https://diemthi.tuyensinh247.com/diem-chuan/dai-hoc-giao-duc-dai-hoc-quoc-gia-ha-noi-QHS.html,2026-09-29T09:24:07+00:00
tuyensinh247_cutoffs,QHS,2026,QHS06,Sư phạm Ngữ văn,C00;C03;C04;D01;D14;D15,27.19,https://diemthi.tuyensinh247.com/diem-chuan/dai-hoc-giao-duc-dai-hoc-quoc-gia-ha-noi-QHS.html,2026-09-29T09:24:07+00:00
tuyensinh247_cutoffs,QHS,2026,QHS09,Giáo dục Mầm non,A00;B00;C00;C01;C02;C03;C04;D01;D04,25.85,https://diemthi.tuyensinh247.com/diem-chuan/dai-hoc-giao-duc-dai-hoc-quoc-gia-ha-noi-QHS.html,2026-09-29T09:24:07+00:00
tuyensinh247_cutoffs,KHA,2026,7310101_1,Kinh tế học,,26.64,https://diemthi.tuyensinh247.com/diem-chuan/dai-hoc-kinh-te-quoc-dan-KHA.html,2026-09-29T09:24:08+00:00
tuyensinh247_cutoffs,KHA,2026,7310101_2,Kinh tế và quản lý đô thị,,25.9,https://diemthi.tuyensinh247.com/diem-chuan/dai-hoc-kinh-te-quoc-dan-KHA.html,2026-09-29T09:24:08+00:00
tuyensinh247_cutoffs,KHA,2026,7310104,Kinh tế đầu tư,,27.56,https://diemthi.tuyensinh247.com/diem-chuan/dai-hoc-kinh-te-quoc-dan-KHA.html,2026-09-29T09:24:08+00:00
tuyensinh247_cutoffs,KHA,2026,7310105,Kinh tế phát triển,,26.79,https://diemthi.tuyensinh247.com/diem-chuan/dai-hoc-kinh-te-quoc-dan-KHA.html,2026-09-29T09:24:08+00:00
tuyensinh247_cutoffs,KHA,2026,7310106,Kinh tế quốc tế,,28.3,https://diemthi.tuyensinh247.com/diem-chuan/dai-hoc-kinh-te-quoc-dan-KHA.html,2026-09-29T09:24:08+00:00
tuyensinh247_cutoffs,KHA,2026,7310108,Toán kinh tế,,27.22,https://diemthi.tuyensinh247.com/diem-chuan/dai-hoc-kinh-te-quoc-dan-KHA.html,2026-09-29T09:24:08+00:00
tuyensinh247_cutoffs,KHA,2026,7320108,Quan hệ công chúng,,27.58,https://diemthi.tuyensinh247.com/diem-chuan/dai-hoc-kinh-te-quoc-dan-KHA.html,2026-09-29T09:24:08+00:00
tuyensinh247_cutoffs,KHA,2026,7340116,Bất động sản,,25.36,https://diemthi.tuyensinh247.com/diem-chuan/dai-hoc-kinh-te-quoc-dan-KHA.html,2026-09-29T09:24:08+00:00
tuyensinh247_cutoffs,KHA,2026,7340120,Kinh doanh quốc tế,,28.5,https://diemthi.tuyensinh247.com/diem-chuan/dai-hoc-kinh-te-quoc-dan-KHA.html,2026-09-29T09:24:08+00:00
tuyensinh247_cutoffs,KHA,2026,7340122,Thương mại điện tử,,28.62,https://diemthi.tuyensinh247.com/diem-chuan/dai-hoc-kinh-te-quoc-dan-KHA.html,2026-09-29T09:24:08+00:00
tuyensinh247_cutoffs,KHA,2026,7340201,Tài chính – Ngân hàng,,27.43,https://diemthi.tuyensinh247.com/diem-chuan/dai-hoc-kinh-te-quoc-dan-KHA.html,2026-09-29T09:24:08+00:00
tuyensinh247_cutoffs,KHA,2026,7340204,Bảo hiểm,,25.35,https://diemthi.tuyensinh247.com/diem-chuan/dai-hoc-kinh-te-quoc-dan-KHA.html,2026-09-29T09:24:08+00:00
tuyensinh247_cutoffs,KHA,2026,7340205,Công nghệ tài chính (dự kiến),,27.52,https://diemthi.tuyensinh247.com/diem-chuan/dai-hoc-kinh-te-quoc-dan-KHA.html,2026-09-29T09:24:08+00:00
tuyensinh247_cutoffs,KHA,2026,7340301,Kế toán,,27.3,https://diemthi.tuyensinh247.com/diem-chuan/dai-hoc-kinh-te-quoc-dan-KHA.html,2026-09-29T09:24:08+00:00
tuyensinh247_cutoffs,KHA,2026,7340302,Kiểm toán,,28.84,https://diemthi.tuyensinh247.com/diem-chuan/dai-hoc-kinh-te-quoc-dan-KHA.html,2026-09-29T09:24:08+00:00
tuyensinh247_cutoffs,KHA,2026,7340403,Quản lý công,,25.37,https://diemthi.tuyensinh247.com/diem-chuan/dai-hoc-kinh-te-quoc-dan-KHA.html,2026-09-29T09:24:08+00:00
tuyensinh247_cutoffs,KHA,2026,7340404,Quản trị nhân lực,,27.25,https://diemthi.tuyensinh247.com/diem-chuan/dai-hoc-kinh-te-quoc-dan-KHA.html,2026-09-29T09:24:08+00:00
tuyensinh247_cutoffs,KHA,2026,7340405,Hệ thống thông tin quản lý,,28.01,https://diemthi.tuyensinh247.com/diem-chuan/dai-hoc-kinh-te-quoc-dan-KHA.html,2026-09-29T09:24:08+00:00
tuyensinh247_cutoffs,KHA,2026,7340408,Quan hệ lao động,,25.52,https://diemthi.tuyensinh247.com/diem-chuan/dai-hoc-kinh-te-quoc-dan-KHA.html,2026-09-29T09:24:08+00:00
tuyensinh247_cutoffs,KHA,2026,7340409,Quản lý dự án,,26.67,https://diemthi.tuyensinh247.com/diem-chuan/dai-hoc-kinh-te-quoc-dan-KHA.html,2026-09-29T09:24:08+00:00
tuyensinh247_cutoffs,KHA,2026,7380101,Luật,,25.52,https://diemthi.tuyensinh247.com/diem-chuan/dai-hoc-kinh-te-quoc-dan-KHA.html,2026-09-29T09:24:08+00:00
tuyensinh247_cutoffs,KHA,2026,7380109,Luật thương mại quốc tế,,26.38,https://diemthi.tuyensinh247.com/diem-chuan/dai-hoc-kinh-te-quoc-dan-KHA.html,2026-09-29T09:24:08+00:00
tuyensinh247_cutoffs,KHA,2026,7480101,Khoa học máy tính,,26.19,https://diemthi.tuyensinh247.com/diem-chuan/dai-hoc-kinh-te-quoc-dan-KHA.html,2026-09-29T09:24:08+00:00
tuyensinh247_cutoffs,KHA,2026,7480104,Hệ thống thông tin,,27.09,https://diemthi.tuyensinh247.com/diem-chuan/dai-hoc-kinh-te-quoc-dan-KHA.html,2026-09-29T09:24:08+00:00
tuyensinh247_cutoffs,KHA,2026,7480202,An toàn thông tin,,26,https://diemthi.tuyensinh247.com/diem-chuan/dai-hoc-kinh-te-quoc-dan-KHA.html,2026-09-29T09:24:08+00:00
tuyensinh247_cutoffs,KHA,2026,7510605,Logistics và Quản lý chuỗi cung ứng,,28.53,https://diemthi.tuyensinh247.com/diem-chuan/dai-hoc-kinh-te-quoc-dan-KHA.html,2026-09-29T09:24:08+00:00
tuyensinh247_cutoffs,KHA,2026,7620115,Kinh tế nông nghiệp,,24.59,https://diemthi.tuyensinh247.com/diem-chuan/dai-hoc-kinh-te-quoc-dan-KHA.html,2026-09-29T09:24:08+00:00
tuyensinh247_cutoffs,KHA,2026,7810103,Quản trị dịch vụ du lịch và lữ hành,,25.79,https://diemthi.tuyensinh247.com/diem-chuan/dai-hoc-kinh-te-quoc-dan-KHA.html,2026-09-29T09:24:08+00:00
tuyensinh247_cutoffs,KHA,2026,7810201,Quản trị khách sạn,,26.08,https://diemthi.tuyensinh247.com/diem-chuan/dai-hoc-kinh-te-quoc-dan-KHA.html,2026-09-29T09:24:08+00:00
tuyensinh247_cutoffs,KHA,2026,7850101,Quản lý tài nguyên và môi trường,,24.2,https://diemthi.tuyensinh247.com/diem-chuan/dai-hoc-kinh-te-quoc-dan-KHA.html,2026-09-29T09:24:08+00:00
tuyensinh247_cutoffs,KHA,2026,7850102,Kinh tế tài nguyên thiên nhiên,,24.38,https://diemthi.tuyensinh247.com/diem-chuan/dai-hoc-kinh-te-quoc-dan-KHA.html,2026-09-29T09:24:08+00:00
tuyensinh247_cutoffs,KHA,2026,7850103,Quản lý đất đai,,24.75,https://diemthi.tuyensinh247.com/diem-chuan/dai-hoc-kinh-te-quoc-dan-KHA.html,2026-09-29T09:24:08+00:00
tuyensinh247_cutoffs,KHA,2026,CLC1-02,(2) Ngân hàng,,25.28,https://diemthi.tuyensinh247.com/diem-chuan/dai-hoc-kinh-te-quoc-dan-KHA.html,2026-09-29T09:24:08+00:00
tuyensinh247_cutoffs,KHA,2026,CLC1-03,(3) Công nghệ thông tin và chuyển đổi số,,25.28,https://diemthi.tuyensinh247.com/diem-chuan/dai-hoc-kinh-te-quoc-dan-KHA.html,2026-09-29T09:24:08+00:00
tuyensinh247_cutoffs,KHA,2026,CLC2-01,(1) Kinh tế Đầu tư,,24.83,https://diemthi.tuyensinh247.com/diem-chuan/dai-hoc-kinh-te-quoc-dan-KHA.html,2026-09-29T09:24:08+00:00
tuyensinh247_cutoffs,KHA,2026,CLC2-02,(2) Quản trị nhân lực,,24.83,https://diemthi.tuyensinh247.com/diem-chuan/dai-hoc-kinh-te-quoc-dan-KHA.html,2026-09-29T09:24:08+00:00
tuyensinh247_cutoffs,KHA,2026,CLC2-03,(3) Quản trị kinh doanh,,24.83,https://diemthi.tuyensinh247.com/diem-chuan/dai-hoc-kinh-te-quoc-dan-KHA.html,2026-09-29T09:24:08+00:00
tuyensinh247_cutoffs,KHA,2026,CLC3-01,(1) Tài chính doanh nghiệp,,25.89,https://diemthi.tuyensinh247.com/diem-chuan/dai-hoc-kinh-te-quoc-dan-KHA.html,2026-09-29T09:24:08+00:00
tuyensinh247_cutoffs,KHA,2026,CLC3-02,(2) Marketing số,,25.89,https://diemthi.tuyensinh247.com/diem-chuan/dai-hoc-kinh-te-quoc-dan-KHA.html,2026-09-29T09:24:08+00:00
tuyensinh247_cutoffs,KHA,2026,CLC3-04,(4) Quản trị Kinh doanh quốc tế,,25.89,https://diemthi.tuyensinh247.com/diem-chuan/dai-hoc-kinh-te-quoc-dan-KHA.html,2026-09-29T09:24:08+00:00
tuyensinh247_cutoffs,KHA,2026,CLC3-05,(5) Kinh tế quốc tế,,25.89,https://diemthi.tuyensinh247.com/diem-chuan/dai-hoc-kinh-te-quoc-dan-KHA.html,2026-09-29T09:24:08+00:00
tuyensinh247_cutoffs,KHA,2026,CLC3-06,(6) Logistics và quản lý chuỗi cung ứng,,25.89,https://diemthi.tuyensinh247.com/diem-chuan/dai-hoc-kinh-te-quoc-dan-KHA.html,2026-09-29T09:24:08+00:00
tuyensinh247_cutoffs,KHA,2026,CLC3-08,(8) Kiểm toán tích hợp chứng chỉ ACCA,,25.89,https://diemthi.tuyensinh247.com/diem-chuan/dai-hoc-kinh-te-quoc-dan-KHA.html,2026-09-29T09:24:08+00:00
tuyensinh247_cutoffs,KHA,2026,EBBA,Quản trị kinh doanh (E-BBA),,25.74,https://diemthi.tuyensinh247.com/diem-chuan/dai-hoc-kinh-te-quoc-dan-KHA.html,2026-09-29T09:24:08+00:00
tuyensinh247_cutoffs,KHA,2026,EP02,Khoa học tính toán trong Tài chính và Bảo hiểm,,26.44,https://diemthi.tuyensinh247.com/diem-chuan/dai-hoc-kinh-te-quoc-dan-KHA.html,2026-09-29T09:24:08+00:00
tuyensinh247_cutoffs,KHA,2026,EP03,Phân tích dữ liệu kinh tế (EDA),,27.24,https://diemthi.tuyensinh247.com/diem-chuan/dai-hoc-kinh-te-quoc-dan-KHA.html,2026-09-29T09:24:08+00:00
tuyensinh247_cutoffs,KHA,2026,EP04,Kế toán tích hợp chứng chỉ quốc tế (ICAEW CFAB),,26.62,https://diemthi.tuyensinh247.com/diem-chuan/dai-hoc-kinh-te-quoc-dan-KHA.html,2026-09-29T09:24:08+00:00
tuyensinh247_cutoffs,KHA,2026,EP06,Phân tích kinh doanh (BA),,27.4,https://diemthi.tuyensinh247.com/diem-chuan/dai-hoc-kinh-te-quoc-dan-KHA.html,2026-09-29T09:24:08+00:00
tuyensinh247_cutoffs,KHA,2026,EP07,Quản trị điều hành thông minh (E-SOM),,25.8,https://diemthi.tuyensinh247.com/diem-chuan/dai-hoc-kinh-te-quoc-dan-KHA.html,2026-09-29T09:24:08+00:00
tuyensinh247_cutoffs,KHA,2026,EP09,Công nghệ tài chính và Ngân hàng số,,26.86,https://diemthi.tuyensinh247.com/diem-chuan/dai-hoc-kinh-te-quoc-dan-KHA.html,2026-09-29T09:24:08+00:00
tuyensinh247_cutoffs,KHA,2026,EP10,Tài chính và Đầu tư (BFI),,26.76,https://diemthi.tuyensinh247.com/diem-chuan/dai-hoc-kinh-te-quoc-dan-KHA.html,2026-09-29T09:24:08+00:00
tuyensinh247_cutoffs,KHA,2026,EP11,Quản trị khách sạn quốc tế (IHME),,24.93,https://diemthi.tuyensinh247.com/diem-chuan/dai-hoc-kinh-te-quoc-dan-KHA.html,2026-09-29T09:24:08+00:00
tuyensinh247_cutoffs,KHA,2026,EP12,Kiểm toán tích hợp chứng chỉ quốc tế (ICAEW CFAB),,28.25,https://diemthi.tuyensinh247.com/diem-chuan/dai-hoc-kinh-te-quoc-dan-KHA.html,2026-09-29T09:24:08+00:00
tuyensinh247_cutoffs,KHA,2026,EP13,Kinh tế học tài chính (FE),,25.89,https://diemthi.tuyensinh247.com/diem-chuan/dai-hoc-kinh-te-quoc-dan-KHA.html,2026-09-29T09:24:08+00:00
tuyensinh247_cutoffs,KHA,2026,EP14,Logistics và Quản lý CCU tích hợp chứng chỉ Logistic quốc tế (LSIC),,27.87,https://diemthi.tuyensinh247.com/diem-chuan/dai-hoc-kinh-te-quoc-dan-KHA.html,2026-09-29T09:24:08+00:00
tuyensinh247_cutoffs,KHA,2026,EP16,Trí tuệ nhân tạo,,25.64,https://diemthi.tuyensinh247.com/diem-chuan/dai-hoc-kinh-te-quoc-dan-KHA.html,2026-09-29T09:24:08+00:00
tuyensinh247_cutoffs,KHA,2026,EP17,Kỹ thuật phần mềm,,25,https://diemthi.tuyensinh247.com/diem-chuan/dai-hoc-kinh-te-quoc-dan-KHA.html,2026-09-29T09:24:08+00:00
tuyensinh247_cutoffs,KHA,2026,EP19,Công nghệ Marketing,,26.68,https://diemthi.tuyensinh247.com/diem-chuan/dai-hoc-kinh-te-quoc-dan-KHA.html,2026-09-29T09:24:08+00:00
tuyensinh247_cutoffs,KHA,2026,EP20,Công nghệ Logistics và Quản trị chuỗi cung ứng,,27.39,https://diemthi.tuyensinh247.com/diem-chuan/dai-hoc-kinh-te-quoc-dan-KHA.html,2026-09-29T09:24:08+00:00
tuyensinh247_cutoffs,KHA,2026,EP21,Kiểm toán nội bộ,,26.39,https://diemthi.tuyensinh247.com/diem-chuan/dai-hoc-kinh-te-quoc-dan-KHA.html,2026-09-29T09:24:08+00:00
tuyensinh247_cutoffs,KHA,2026,EP23,Kinh tế số (dự kiến),,26.51,https://diemthi.tuyensinh247.com/diem-chuan/dai-hoc-kinh-te-quoc-dan-KHA.html,2026-09-29T09:24:08+00:00
tuyensinh247_cutoffs,KHA,2026,EP24,Kinh tế Y tế,,24.42,https://diemthi.tuyensinh247.com/diem-chuan/dai-hoc-kinh-te-quoc-dan-KHA.html,2026-09-29T09:24:08+00:00
tuyensinh247_cutoffs,KHA,2026,EP26,Công nghệ môi trường và phát triển bền vững,,23.48,https://diemthi.tuyensinh247.com/diem-chuan/dai-hoc-kinh-te-quoc-dan-KHA.html,2026-09-29T09:24:08+00:00
tuyensinh247_cutoffs,KHA,2026,EP27,Quản trị công nghiệp sáng tạo,,24.08,https://diemthi.tuyensinh247.com/diem-chuan/dai-hoc-kinh-te-quoc-dan-KHA.html,2026-09-29T09:24:08+00:00
tuyensinh247_cutoffs,KHA,2026,EP28,Quản trị nhân lực quốc tế,,25.75,https://diemthi.tuyensinh247.com/diem-chuan/dai-hoc-kinh-te-quoc-dan-KHA.html,2026-09-29T09:24:08+00:00
tuyensinh247_cutoffs,KHA,2026,EP30,Toán ứng dụng (dự kiến),,25.6,https://diemthi.tuyensinh247.com/diem-chuan/dai-hoc-kinh-te-quoc-dan-KHA.html,2026-09-29T09:24:08+00:00
tuyensinh247_cutoffs,KHA,2026,EP31,Thẩm định giá,,24.1,https://diemthi.tuyensinh247.com/diem-chuan/dai-hoc-kinh-te-quoc-dan-KHA.html,2026-09-29T09:24:08+00:00
tuyensinh247_cutoffs,KHA,2026,EPMP,Quản lý công và Chính sách (E-PMP),,24.05,https://diemthi.tuyensinh247.com/diem-chuan/dai-hoc-kinh-te-quoc-dan-KHA.html,2026-09-29T09:24:08+00:00
tuyensinh247_cutoffs,KHA,2026,POHE1,Quản trị khách sạn,,25.05,https://diemthi.tuyensinh247.com/diem-chuan/dai-hoc-kinh-te-quoc-dan-KHA.html,2026-09-29T09:24:08+00:00
tuyensinh247_cutoffs,KHA,2026,POHE2,Quản trị lữ hành,,24.77,https://diemthi.tuyensinh247.com/diem-chuan/dai-hoc-kinh-te-quoc-dan-KHA.html,2026-09-29T09:24:08+00:00
tuyensinh247_cutoffs,KHA,2026,POHE4,Luật kinh doanh,,25.68,https://diemthi.tuyensinh247.com/diem-chuan/dai-hoc-kinh-te-quoc-dan-KHA.html,2026-09-29T09:24:08+00:00
tuyensinh247_cutoffs,KHA,2026,POHE5,Quản trị kinh doanh thương mại,,26.64,https://diemthi.tuyensinh247.com/diem-chuan/dai-hoc-kinh-te-quoc-dan-KHA.html,2026-09-29T09:24:08+00:00
tuyensinh247_cutoffs,KHA,2026,POHE7,Thẩm định giá,,24.96,https://diemthi.tuyensinh247.com/diem-chuan/dai-hoc-kinh-te-quoc-dan-KHA.html,2026-09-29T09:24:08+00:00
tuyensinh247_cutoffs,KHA,2026,TT1-01,(1) Kế toán,,25.25,https://diemthi.tuyensinh247.com/diem-chuan/dai-hoc-kinh-te-quoc-dan-KHA.html,2026-09-29T09:24:08+00:00
tuyensinh247_cutoffs,KHA,2026,TT1-02,(2) Kế hoạch tài chính,,25.25,https://diemthi.tuyensinh247.com/diem-chuan/dai-hoc-kinh-te-quoc-dan-KHA.html,2026-09-29T09:24:08+00:00
tuyensinh247_cutoffs,KHA,2026,TT2-01,(1) Tài chính,,26,https://diemthi.tuyensinh247.com/diem-chuan/dai-hoc-kinh-te-quoc-dan-KHA.html,2026-09-29T09:24:08+00:00
tuyensinh247_cutoffs,KHA,2026,TT2-02,(2) Kinh doanh quốc tế,,26,https://diemthi.tuyensinh247.com/diem-chuan/dai-hoc-kinh-te-quoc-dan-KHA.html,2026-09-29T09:24:08+00:00
tuyensinh247_cutoffs,KHA,2026,7220201,Ngôn ngữ Anh,,26.46,https://diemthi.tuyensinh247.com/diem-chuan/dai-hoc-kinh-te-quoc-dan-KHA.html,2026-09-29T09:24:08+00:00
tuyensinh247_cutoffs,KHA,2026,7310101_3,Kinh tế và quản lý nguồn nhân lực,,27.07,https://diemthi.tuyensinh247.com/diem-chuan/dai-hoc-kinh-te-quoc-dan-KHA.html,2026-09-29T09:24:08+00:00
tuyensinh247_cutoffs,KHA,2026,7310107,Thống kê kinh tế,,27.29,https://diemthi.tuyensinh247.com/diem-chuan/dai-hoc-kinh-te-quoc-dan-KHA.html,2026-09-29T09:24:08+00:00
tuyensinh247_cutoffs,KHA,2026,7340101,Quản trị kinh doanh,,26.85,https://diemthi.tuyensinh247.com/diem-chuan/dai-hoc-kinh-te-quoc-dan-KHA.html,2026-09-29T09:24:08+00:00
tuyensinh247_cutoffs,KHA,2026,7340115,Marketing,,27.99,https://diemthi.tuyensinh247.com/diem-chuan/dai-hoc-kinh-te-quoc-dan-KHA.html,2026-09-29T09:24:08+00:00
tuyensinh247_cutoffs,KHA,2026,7340121,Kinh doanh thương mại,,27.94,https://diemthi.tuyensinh247.com/diem-chuan/dai-hoc-kinh-te-quoc-dan-KHA.html,2026-09-29T09:24:08+00:00
tuyensinh247_cutoffs,KHA,2026,7340401,Khoa học quản lý,,26.3,https://diemthi.tuyensinh247.com/diem-chuan/dai-hoc-kinh-te-quoc-dan-KHA.html,2026-09-29T09:24:08+00:00
tuyensinh247_cutoffs,KHA,2026,7380107,Luật kinh tế,,26.62,https://diemthi.tuyensinh247.com/diem-chuan/dai-hoc-kinh-te-quoc-dan-KHA.html,2026-09-29T09:24:08+00:00
tuyensinh247_cutoffs,KHA,2026,7480201,Công nghệ thông tin,,25.68,https://diemthi.tuyensinh247.com/diem-chuan/dai-hoc-kinh-te-quoc-dan-KHA.html,2026-09-29T09:24:08+00:00
tuyensinh247_cutoffs,KHA,2026,7620114,Kinh doanh nông nghiệp,,24.75,https://diemthi.tuyensinh247.com/diem-chuan/dai-hoc-kinh-te-quoc-dan-KHA.html,2026-09-29T09:24:08+00:00
tuyensinh247_cutoffs,KHA,2026,CLC1-01,(1) Kinh tế phát triển,,25.28,https://diemthi.tuyensinh247.com/diem-chuan/dai-hoc-kinh-te-quoc-dan-KHA.html,2026-09-29T09:24:08+00:00
tuyensinh247_cutoffs,KHA,2026,CLC1-04,(4) Bảo hiểm tích hợp chứng chỉ ANZIIF,,25.28,https://diemthi.tuyensinh247.com/diem-chuan/dai-hoc-kinh-te-quoc-dan-KHA.html,2026-09-29T09:24:08+00:00
tuyensinh247_cutoffs,KHA,2026,CLC2-04,(4) Quan hệ công chúng,,24.83,https://diemthi.tuyensinh247.com/diem-chuan/dai-hoc-kinh-te-quoc-dan-KHA.html,2026-09-29T09:24:08+00:00
tuyensinh247_cutoffs,KHA,2026,CLC3-03,(3) Quản trị Marketing,,25.89,https://diemthi.tuyensinh247.com/diem-chuan/dai-hoc-kinh-te-quoc-dan-KHA.html,2026-09-29T09:24:08+00:00
tuyensinh247_cutoffs,KHA,2026,CLC3-07,(7) Thương mại điện tử,,25.89,https://diemthi.tuyensinh247.com/diem-chuan/dai-hoc-kinh-te-quoc-dan-KHA.html,2026-09-29T09:24:08+00:00
tuyensinh247_cutoffs,KHA,2026,EP01,Khởi nghiệp và phát triển kinh doanh (BBAE),,25.22,https://diemthi.tuyensinh247.com/diem-chuan/dai-hoc-kinh-te-quoc-dan-KHA.html,2026-09-29T09:24:08+00:00
tuyensinh247_cutoffs,KHA,2026,EP05,Kinh doanh số (E-BDB),,26.84,https://diemthi.tuyensinh247.com/diem-chuan/dai-hoc-kinh-te-quoc-dan-KHA.html,2026-09-29T09:24:08+00:00
tuyensinh247_cutoffs,KHA,2026,EP08,Quản trị chất lượng và Đổi mới (E-MQI),,25.12,https://diemthi.tuyensinh247.com/diem-chuan/dai-hoc-kinh-te-quoc-dan-KHA.html,2026-09-29T09:24:08+00:00
tuyensinh247_cutoffs,KHA,2026,EP15,Khoa học dữ liệu,,26.52,https://diemthi.tuyensinh247.com/diem-chuan/dai-hoc-kinh-te-quoc-dan-KHA.html,2026-09-29T09:24:08+00:00
tuyensinh247_cutoffs,KHA,2026,EP18,Quản trị giải trí và sự kiện,,25.89,https://diemthi.tuyensinh247.com/diem-chuan/dai-hoc-kinh-te-quoc-dan-KHA.html,2026-09-29T09:24:08+00:00
tuyensinh247_cutoffs,KHA,2026,EP22,Kinh tế quốc tế,,27.2,https://diemthi.tuyensinh247.com/diem-chuan/dai-hoc-kinh-te-quoc-dan-KHA.html,2026-09-29T09:24:08+00:00
tuyensinh247_cutoffs,KHA,2026,EP25,Phát triển quốc tế,,24.68,https://diemthi.tuyensinh247.com/diem-chuan/dai-hoc-kinh-te-quoc-dan-KHA.html,2026-09-29T09:24:08+00:00
tuyensinh247_cutoffs,KHA,2026,EP29,Quản trị rủi ro định lượng,,26.15,https://diemthi.tuyensinh247.com/diem-chuan/dai-hoc-kinh-te-quoc-dan-KHA.html,2026-09-29T09:24:08+00:00
tuyensinh247_cutoffs,KHA,2026,EP32,Thống kê và Trí tuệ kinh doanh,,25.54,https://diemthi.tuyensinh247.com/diem-chuan/dai-hoc-kinh-te-quoc-dan-KHA.html,2026-09-29T09:24:08+00:00
tuyensinh247_cutoffs,KHA,2026,POHE3,Truyền thông Marketing,,27.39,https://diemthi.tuyensinh247.com/diem-chuan/dai-hoc-kinh-te-quoc-dan-KHA.html,2026-09-29T09:24:08+00:00
tuyensinh247_cutoffs,KHA,2026,POHE6,Quản lý thị trường,,24.89,https://diemthi.tuyensinh247.com/diem-chuan/dai-hoc-kinh-te-quoc-dan-KHA.html,2026-09-29T09:24:08+00:00
tuyensinh247_cutoffs,KHA,2026,TT1-03,(3) Quản trị kinh doanh,,25.25,https://diemthi.tuyensinh247.com/diem-chuan/dai-hoc-kinh-te-quoc-dan-KHA.html,2026-09-29T09:24:08+00:00
tuyensinh247_cutoffs,NTH,2026,NTHCN18_KHDL,CT TH Khoa học dữ liệu cho đổi mới sáng tạo trong kinh tế và kinh doanh,A00;A01;D01;D07,34.66,https://diemthi.tuyensinh247.com/diem-chuan/dai-hoc-ngoai-thuong-co-so-phia-bac-NTH.html,2026-09-29T09:24:10+00:00
tuyensinh247_cutoffs,NTH,2026,NTHCN18_TH,CT TH Khoa học máy tính và dữ liệu trong kinh tế và kinh doanh,A00;A01;D01;D07,34.66,https://diemthi.tuyensinh247.com/diem-chuan/dai-hoc-ngoai-thuong-co-so-phia-bac-NTH.html,2026-09-29T09:24:10+00:00
tuyensinh247_cutoffs,NTH,2026,NTHKD06,CT TC Kinh doanh quốc tế,A00,28.75,https://diemthi.tuyensinh247.com/diem-chuan/dai-hoc-ngoai-thuong-co-so-phia-bac-NTH.html,2026-09-29T09:24:10+00:00
tuyensinh247_cutoffs,NTH,2026,NTHKD07,CT ĐHNNQT Kinh doanh số toàn cầu,A00,27.9,https://diemthi.tuyensinh247.com/diem-chuan/dai-hoc-ngoai-thuong-co-so-phia-bac-NTH.html,2026-09-29T09:24:10+00:00
tuyensinh247_cutoffs,NTH,2026,NTHKD07,CT ĐHNNQT Kinh doanh số toàn cầu,A01;D01;D07,26.9,https://diemthi.tuyensinh247.com/diem-chuan/dai-hoc-ngoai-thuong-co-so-phia-bac-NTH.html,2026-09-29T09:24:10+00:00
tuyensinh247_cutoffs,NTH,2026,NTHKD07_DHNN,CT ĐHNNQT Kinh doanh quốc tế theo mô hình tiên tiến Nhật Bản,A00,27.9,https://diemthi.tuyensinh247.com/diem-chuan/dai-hoc-ngoai-thuong-co-so-phia-bac-NTH.html,2026-09-29T09:24:10+00:00
tuyensinh247_cutoffs,NTH,2026,NTHKD07_DHNN,CT ĐHNNQT Kinh doanh quốc tế theo mô hình tiên tiến Nhật Bản,A01;D01;D07,26.9,https://diemthi.tuyensinh247.com/diem-chuan/dai-hoc-ngoai-thuong-co-so-phia-bac-NTH.html,2026-09-29T09:24:10+00:00
tuyensinh247_cutoffs,NTH,2026,NTHKD08,CT ĐHNNQT Kinh doanh sáng tạo và Công nghiệp văn hóa,A00,25,https://diemthi.tuyensinh247.com/diem-chuan/dai-hoc-ngoai-thuong-co-so-phia-bac-NTH.html,2026-09-29T09:24:10+00:00
tuyensinh247_cutoffs,NTH,2026,NTHKD08_DHNN,CT ĐHNNQT Quản lý công nghiệp thông minh,A00,25,https://diemthi.tuyensinh247.com/diem-chuan/dai-hoc-ngoai-thuong-co-so-phia-bac-NTH.html,2026-09-29T09:24:10+00:00
tuyensinh247_cutoffs,NTH,2026,NTHKD08_DHNN,CT ĐHNNQT Quản lý công nghiệp thông minh,A01;D01;D07,24,https://diemthi.tuyensinh247.com/diem-chuan/dai-hoc-ngoai-thuong-co-so-phia-bac-NTH.html,2026-09-29T09:24:10+00:00
tuyensinh247_cutoffs,NTH,2026,NTHKE16,CT TC Kế toán - Kiểm toán,A00,27.1,https://diemthi.tuyensinh247.com/diem-chuan/dai-hoc-ngoai-thuong-co-so-phia-bac-NTH.html,2026-09-29T09:24:10+00:00
tuyensinh247_cutoffs,NTH,2026,NTHKE16_DHNN,CT ĐHNNQT Kế toán - Kiểm toán theo định hướng ACCA,A00,27.1,https://diemthi.tuyensinh247.com/diem-chuan/dai-hoc-ngoai-thuong-co-so-phia-bac-NTH.html,2026-09-29T09:24:10+00:00
tuyensinh247_cutoffs,NTH,2026,NTHKE16_DHNN,CT ĐHNNQT Kế toán - Kiểm toán theo định hướng ACCA,A01;D01;D07,26.1,https://diemthi.tuyensinh247.com/diem-chuan/dai-hoc-ngoai-thuong-co-so-phia-bac-NTH.html,2026-09-29T09:24:10+00:00
tuyensinh247_cutoffs,NTH,2026,NTHKE16_DHNNQT,CT ĐHNNQT Kiểm toán tích hợp công nghệ,A00,27.1,https://diemthi.tuyensinh247.com/diem-chuan/dai-hoc-ngoai-thuong-co-so-phia-bac-NTH.html,2026-09-29T09:24:10+00:00
tuyensinh247_cutoffs,NTH,2026,NTHKE16_DHNNQT,CT ĐHNNQT Kiểm toán tích hợp công nghệ,A01;D01;D07,26.1,https://diemthi.tuyensinh247.com/diem-chuan/dai-hoc-ngoai-thuong-co-so-phia-bac-NTH.html,2026-09-29T09:24:10+00:00
tuyensinh247_cutoffs,NTH,2026,NTHKK23,CT TC Kinh doanh quốc tế (Cơ sở Quảng Ninh),A00;A01;D01;D07,23,https://diemthi.tuyensinh247.com/diem-chuan/dai-hoc-ngoai-thuong-co-so-phia-bac-NTH.html,2026-09-29T09:24:10+00:00
tuyensinh247_cutoffs,NTH,2026,NTHKT02,CT TC Kinh tế đối ngoại,A01;D01;D02;D03;D04;D06;D07,27.75,https://diemthi.tuyensinh247.com/diem-chuan/dai-hoc-ngoai-thuong-co-so-phia-bac-NTH.html,2026-09-29T09:24:10+00:00
tuyensinh247_cutoffs,NTH,2026,NTHKT02,CT TC Kinh tế đối ngoại,A00,28.75,https://diemthi.tuyensinh247.com/diem-chuan/dai-hoc-ngoai-thuong-co-so-phia-bac-NTH.html,2026-09-29T09:24:10+00:00
tuyensinh247_cutoffs,NTH,2026,NTHKT03,CT ĐHNNQT Logistics toàn cầu và đổi mới chuỗi cung ứng,A01;D01;D07,27.7,https://diemthi.tuyensinh247.com/diem-chuan/dai-hoc-ngoai-thuong-co-so-phia-bac-NTH.html,2026-09-29T09:24:10+00:00
tuyensinh247_cutoffs,NTH,2026,NTHKT04,CT TC Kinh tế quốc tế,A00,28,https://diemthi.tuyensinh247.com/diem-chuan/dai-hoc-ngoai-thuong-co-so-phia-bac-NTH.html,2026-09-29T09:24:10+00:00
tuyensinh247_cutoffs,NTH,2026,NTHKT04,CT TC Kinh tế quốc tế,A01;D01;D03;D07,27,https://diemthi.tuyensinh247.com/diem-chuan/dai-hoc-ngoai-thuong-co-so-phia-bac-NTH.html,2026-09-29T09:24:10+00:00
tuyensinh247_cutoffs,NTH,2026,NTHKT04_DHNN,CT ĐHNNQT Kinh tế số và Phân tích dữ liệu,A01;D01;D07,27,https://diemthi.tuyensinh247.com/diem-chuan/dai-hoc-ngoai-thuong-co-so-phia-bac-NTH.html,2026-09-29T09:24:10+00:00
tuyensinh247_cutoffs,NTH,2026,NTHLS17,CT TC Luật thương mại quốc tế,A00,25,https://diemthi.tuyensinh247.com/diem-chuan/dai-hoc-ngoai-thuong-co-so-phia-bac-NTH.html,2026-09-29T09:24:10+00:00
tuyensinh247_cutoffs,NTH,2026,NTHLS17_DHNN,CT ĐHNNQT Luật Kinh doanh quốc tế theo mô hình thực hành nghề nghiệp,A00,25,https://diemthi.tuyensinh247.com/diem-chuan/dai-hoc-ngoai-thuong-co-so-phia-bac-NTH.html,2026-09-29T09:24:10+00:00
tuyensinh247_cutoffs,NTH,2026,NTHLS17_DHNN,CT ĐHNNQT Luật Kinh doanh quốc tế theo mô hình thực hành nghề nghiệp,A01;D01;D07,24,https://diemthi.tuyensinh247.com/diem-chuan/dai-hoc-ngoai-thuong-co-so-phia-bac-NTH.html,2026-09-29T09:24:10+00:00
tuyensinh247_cutoffs,NTH,2026,NTHLS17_DHNNQT,CT ĐHNNQT Luật Kinh tế và kinh doanh số,A01;D01;D07,24,https://diemthi.tuyensinh247.com/diem-chuan/dai-hoc-ngoai-thuong-co-so-phia-bac-NTH.html,2026-09-29T09:24:10+00:00
tuyensinh247_cutoffs,NTH,2026,NTHLS17_TH,CT TH Luật dân sự và tố tụng dân sự,A00,25,https://diemthi.tuyensinh247.com/diem-chuan/dai-hoc-ngoai-thuong-co-so-phia-bac-NTH.html,2026-09-29T09:24:10+00:00
tuyensinh247_cutoffs,NTH,2026,NTHLS17_TH,CT TH Luật dân sự và tố tụng dân sự,A01;D01;D07,24,https://diemthi.tuyensinh247.com/diem-chuan/dai-hoc-ngoai-thuong-co-so-phia-bac-NTH.html,2026-09-29T09:24:10+00:00
tuyensinh247_cutoffs,NTH,2026,NTHNN20,CT TH Tiếng Trung thương mại,D01;D04,36,https://diemthi.tuyensinh247.com/diem-chuan/dai-hoc-ngoai-thuong-co-so-phia-bac-NTH.html,2026-09-29T09:24:10+00:00
tuyensinh247_cutoffs,NTH,2026,NTHNN21,CT TH Tiếng Nhật thương mại,D01;D06,32.15,https://diemthi.tuyensinh247.com/diem-chuan/dai-hoc-ngoai-thuong-co-so-phia-bac-NTH.html,2026-09-29T09:24:10+00:00
tuyensinh247_cutoffs,NTH,2026,NTHQK12,CT ĐHPTQT Kinh tế chính trị quốc tế,A00,25,https://diemthi.tuyensinh247.com/diem-chuan/dai-hoc-ngoai-thuong-co-so-phia-bac-NTH.html,2026-09-29T09:24:10+00:00
tuyensinh247_cutoffs,NTH,2026,NTHQK12,CT ĐHPTQT Kinh tế chính trị quốc tế,A01;D01;D07,24,https://diemthi.tuyensinh247.com/diem-chuan/dai-hoc-ngoai-thuong-co-so-phia-bac-NTH.html,2026-09-29T09:24:10+00:00
tuyensinh247_cutoffs,NTH,2026,NTHQK12_DHNN,CT ĐHNNQT Quản trị khách sạn,A00,25,https://diemthi.tuyensinh247.com/diem-chuan/dai-hoc-ngoai-thuong-co-so-phia-bac-NTH.html,2026-09-29T09:24:10+00:00
tuyensinh247_cutoffs,NTH,2026,NTHQT10,CT TC Quản trị kinh doanh,A00,26.6,https://diemthi.tuyensinh247.com/diem-chuan/dai-hoc-ngoai-thuong-co-so-phia-bac-NTH.html,2026-09-29T09:24:10+00:00
tuyensinh247_cutoffs,NTH,2026,NTHQT10,CT TC Quản trị kinh doanh,A01;D01;D07,25.6,https://diemthi.tuyensinh247.com/diem-chuan/dai-hoc-ngoai-thuong-co-so-phia-bac-NTH.html,2026-09-29T09:24:10+00:00
tuyensinh247_cutoffs,NTH,2026,NTHQT10_DHNN,CT ĐHNNQT Quản trị nguồn nhân lực số và phát triển tổ chức,A01;D01;D07,25.6,https://diemthi.tuyensinh247.com/diem-chuan/dai-hoc-ngoai-thuong-co-so-phia-bac-NTH.html,2026-09-29T09:24:10+00:00
tuyensinh247_cutoffs,NTH,2026,NTHTC15,CT TC Tài chính - Ngân hàng,A01;D01;D07,26,https://diemthi.tuyensinh247.com/diem-chuan/dai-hoc-ngoai-thuong-co-so-phia-bac-NTH.html,2026-09-29T09:24:10+00:00
tuyensinh247_cutoffs,NTH,2026,NTHTC15_DHNN,CT ĐHNNQT Công nghệ tài chính và Tài chính bền vững,A00,27,https://diemthi.tuyensinh247.com/diem-chuan/dai-hoc-ngoai-thuong-co-so-phia-bac-NTH.html,2026-09-29T09:24:10+00:00
tuyensinh247_cutoffs,NTH,2026,NTHTC15_DHNN,CT ĐHNNQT Công nghệ tài chính và Tài chính bền vững,A01;D01;D07,26,https://diemthi.tuyensinh247.com/diem-chuan/dai-hoc-ngoai-thuong-co-so-phia-bac-NTH.html,2026-09-29T09:24:10+00:00
tuyensinh247_cutoffs,NTH,2026,NTHTM11,CT ĐHNNQT Thương mại số thông minh và đổi mới kinh doanh,A00,27.2,https://diemthi.tuyensinh247.com/diem-chuan/dai-hoc-ngoai-thuong-co-so-phia-bac-NTH.html,2026-09-29T09:24:10+00:00
tuyensinh247_cutoffs,NTH,2026,NTHTM11_DHNN,CT ĐHNNQT Marketing số,A00,27.2,https://diemthi.tuyensinh247.com/diem-chuan/dai-hoc-ngoai-thuong-co-so-phia-bac-NTH.html,2026-09-29T09:24:10+00:00
tuyensinh247_cutoffs,NTH,2026,NTHTM11_DHNN,CT ĐHNNQT Marketing số,A01;D01;D07,26.2,https://diemthi.tuyensinh247.com/diem-chuan/dai-hoc-ngoai-thuong-co-so-phia-bac-NTH.html,2026-09-29T09:24:10+00:00
tuyensinh247_cutoffs,NTH,2026,NTSKE06,CT TC Kế toán - Kiểm toán (Cơ sở HCM),A01;D01;D07,25.85,https://diemthi.tuyensinh247.com/diem-chuan/dai-hoc-ngoai-thuong-co-so-phia-bac-NTH.html,2026-09-29T09:24:10+00:00
tuyensinh247_cutoffs,NTH,2026,NTSKT01,CT TC Kinh tế đối ngoại (Cơ sở HCM),A00,27.9,https://diemthi.tuyensinh247.com/diem-chuan/dai-hoc-ngoai-thuong-co-so-phia-bac-NTH.html,2026-09-29T09:24:10+00:00
tuyensinh247_cutoffs,NTH,2026,NTSKT02,CT ĐHNNQT Logistics toàn cầu và đổi mới chuỗi cung ứng (Cơ sở HCM),A01;D01;D07,27.5,https://diemthi.tuyensinh247.com/diem-chuan/dai-hoc-ngoai-thuong-co-so-phia-bac-NTH.html,2026-09-29T09:24:10+00:00
tuyensinh247_cutoffs,NTH,2026,NTSMT04,CT ĐHNNQT Truyền thông Marketing tích hợp (Cơ sở HCM),A00,27.65,https://diemthi.tuyensinh247.com/diem-chuan/dai-hoc-ngoai-thuong-co-so-phia-bac-NTH.html,2026-09-29T09:24:10+00:00
tuyensinh247_cutoffs,NTH,2026,NTSQT03,CT TC Quản trị kinh doanh (Cơ sở HCM),A00,26.8,https://diemthi.tuyensinh247.com/diem-chuan/dai-hoc-ngoai-thuong-co-so-phia-bac-NTH.html,2026-09-29T09:24:10+00:00
tuyensinh247_cutoffs,NTH,2026,NTSQT03,CT TC Quản trị kinh doanh (Cơ sở HCM),A01;D01;D07,25.8,https://diemthi.tuyensinh247.com/diem-chuan/dai-hoc-ngoai-thuong-co-so-phia-bac-NTH.html,2026-09-29T09:24:10+00:00
tuyensinh247_cutoffs,NTH,2026,NTSTC05,CT TC Tài chính - Ngân hàng (Cơ sở HCM),A00,27.45,https://diemthi.tuyensinh247.com/diem-chuan/dai-hoc-ngoai-thuong-co-so-phia-bac-NTH.html,2026-09-29T09:24:10+00:00
tuyensinh247_cutoffs,NTH,2026,NTHCN18,CT TH Trí tuệ nhân tạo cho đổi mới sáng tạo trong kinh tế và kinh doanh,A00;A01;D01;D07,34.66,https://diemthi.tuyensinh247.com/diem-chuan/dai-hoc-ngoai-thuong-co-so-phia-bac-NTH.html,2026-09-29T09:24:10+00:00
tuyensinh247_cutoffs,NTH,2026,NTHKD06,CT TC Kinh doanh quốc tế,A01;D01;D07,27.75,https://diemthi.tuyensinh247.com/diem-chuan/dai-hoc-ngoai-thuong-co-so-phia-bac-NTH.html,2026-09-29T09:24:10+00:00
tuyensinh247_cutoffs,NTH,2026,NTHKD08,CT ĐHNNQT Kinh doanh sáng tạo và Công nghiệp văn hóa,A01;D01;D07,24,https://diemthi.tuyensinh247.com/diem-chuan/dai-hoc-ngoai-thuong-co-so-phia-bac-NTH.html,2026-09-29T09:24:10+00:00
tuyensinh247_cutoffs,NTH,2026,NTHKE16,CT TC Kế toán - Kiểm toán,A01;D01;D07,26.1,https://diemthi.tuyensinh247.com/diem-chuan/dai-hoc-ngoai-thuong-co-so-phia-bac-NTH.html,2026-09-29T09:24:10+00:00
tuyensinh247_cutoffs,NTH,2026,NTHKK23_KT,CT TC Kế toán - Kiểm toán (Cơ sở Quảng Ninh),A00;A01;D01;D07,23,https://diemthi.tuyensinh247.com/diem-chuan/dai-hoc-ngoai-thuong-co-so-phia-bac-NTH.html,2026-09-29T09:24:10+00:00
tuyensinh247_cutoffs,NTH,2026,NTHKT03,CT ĐHNNQT Logistics toàn cầu và đổi mới chuỗi cung ứng,A00,28.7,https://diemthi.tuyensinh247.com/diem-chuan/dai-hoc-ngoai-thuong-co-so-phia-bac-NTH.html,2026-09-29T09:24:10+00:00
tuyensinh247_cutoffs,NTH,2026,NTHKT04_DHNN,CT ĐHNNQT Kinh tế số và Phân tích dữ liệu,A00,28,https://diemthi.tuyensinh247.com/diem-chuan/dai-hoc-ngoai-thuong-co-so-phia-bac-NTH.html,2026-09-29T09:24:10+00:00
tuyensinh247_cutoffs,NTH,2026,NTHLS17,CT TC Luật thương mại quốc tế,A01;D01;D07,24,https://diemthi.tuyensinh247.com/diem-chuan/dai-hoc-ngoai-thuong-co-so-phia-bac-NTH.html,2026-09-29T09:24:10+00:00
tuyensinh247_cutoffs,NTH,2026,NTHLS17_DHNNQT,CT ĐHNNQT Luật Kinh tế và kinh doanh số,A00,25,https://diemthi.tuyensinh247.com/diem-chuan/dai-hoc-ngoai-thuong-co-so-phia-bac-NTH.html,2026-09-29T09:24:10+00:00
tuyensinh247_cutoffs,NTH,2026,NTHNN19,CT TH Tiếng Anh thương mại,D01,33.88,https://diemthi.tuyensinh247.com/diem-chuan/dai-hoc-ngoai-thuong-co-so-phia-bac-NTH.html,2026-09-29T09:24:10+00:00
tuyensinh247_cutoffs,NTH,2026,NTHNN22,CT TH Tiếng Pháp thương mại,D01;D03,32.25,https://diemthi.tuyensinh247.com/diem-chuan/dai-hoc-ngoai-thuong-co-so-phia-bac-NTH.html,2026-09-29T09:24:10+00:00
tuyensinh247_cutoffs,NTH,2026,NTHQK12_DHNN,CT ĐHNNQT Quản trị khách sạn,A01;D01;D07,24,https://diemthi.tuyensinh247.com/diem-chuan/dai-hoc-ngoai-thuong-co-so-phia-bac-NTH.html,2026-09-29T09:24:10+00:00
tuyensinh247_cutoffs,NTH,2026,NTHQT10_DHNN,CT ĐHNNQT Quản trị nguồn\r\nnhân lực số và phát triển tổ chức,A00,26.6,https://diemthi.tuyensinh247.com/diem-chuan/dai-hoc-ngoai-thuong-co-so-phia-bac-NTH.html,2026-09-29T09:24:10+00:00
tuyensinh247_cutoffs,NTH,2026,NTHTC15,CT TC Tài chính - Ngân hàng,A00,27,https://diemthi.tuyensinh247.com/diem-chuan/dai-hoc-ngoai-thuong-co-so-phia-bac-NTH.html,2026-09-29T09:24:10+00:00
tuyensinh247_cutoffs,NTH,2026,NTHTM11,CT ĐHNNQT Thương mại số thông minh và đổi mới kinh doanh,A01;D01;D07,26.2,https://diemthi.tuyensinh247.com/diem-chuan/dai-hoc-ngoai-thuong-co-so-phia-bac-NTH.html,2026-09-29T09:24:10+00:00
tuyensinh247_cutoffs,NTH,2026,NTSKE06,CT TC Kế toán - Kiểm toán (Cơ sở HCM),A00,26.85,https://diemthi.tuyensinh247.com/diem-chuan/dai-hoc-ngoai-thuong-co-so-phia-bac-NTH.html,2026-09-29T09:24:10+00:00
tuyensinh247_cutoffs,NTH,2026,NTSKT01,CT TC Kinh tế đối ngoại (Cơ sở HCM),A01;D01;D06;D07,26.9,https://diemthi.tuyensinh247.com/diem-chuan/dai-hoc-ngoai-thuong-co-so-phia-bac-NTH.html,2026-09-29T09:24:10+00:00
tuyensinh247_cutoffs,NTH,2026,NTSKT02,CT ĐHNNQT Logistics toàn cầu và đổi mới chuỗi cung ứng (Cơ sở HCM),A00,28.5,https://diemthi.tuyensinh247.com/diem-chuan/dai-hoc-ngoai-thuong-co-so-phia-bac-NTH.html,2026-09-29T09:24:10+00:00
tuyensinh247_cutoffs,NTH,2026,NTSMT04,CT ĐHNNQT Truyền thông Marketing tích hợp (Cơ sở HCM),A01;D01;D07,26.65,https://diemthi.tuyensinh247.com/diem-chuan/dai-hoc-ngoai-thuong-co-so-phia-bac-NTH.html,2026-09-29T09:24:10+00:00
tuyensinh247_cutoffs,NTH,2026,NTSTC05,CT TC Tài chính - Ngân hàng (Cơ sở HCM),A01;D01;D07,26.45,https://diemthi.tuyensinh247.com/diem-chuan/dai-hoc-ngoai-thuong-co-so-phia-bac-NTH.html,2026-09-29T09:24:10+00:00
tuyensinh247_cutoffs,TMU,2026,TM01,Quản trị kinh doanh (Quản trị kinh doanh),A00,23.75,https://diemthi.tuyensinh247.com/diem-chuan/dai-hoc-thuong-mai-TMU.html,2026-09-29T09:24:12+00:00
tuyensinh247_cutoffs,TMU,2026,TM02,Quản trị kinh doanh (Quản trị kinh doanh - Chương trình định hướng chuyên sâu nghề nghiệp quốc tế - IPOP),A01;D01;D07;D09;D10;X25;X26;X27;X28,21.5,https://diemthi.tuyensinh247.com/diem-chuan/dai-hoc-thuong-mai-TMU.html,2026-09-29T09:24:12+00:00
tuyensinh247_cutoffs,TMU,2026,TM03,Quản trị kinh doanh (Khởi nghiệp và phát triển kinh doanh),A00,23,https://diemthi.tuyensinh247.com/diem-chuan/dai-hoc-thuong-mai-TMU.html,2026-09-29T09:24:12+00:00
tuyensinh247_cutoffs,TMU,2026,TM04,Quản trị khách sạn (Quản trị khách sạn),A01;D01;D07,22.5,https://diemthi.tuyensinh247.com/diem-chuan/dai-hoc-thuong-mai-TMU.html,2026-09-29T09:24:12+00:00
tuyensinh247_cutoffs,TMU,2026,TM04,Quản trị khách sạn (Quản trị khách sạn),A00,23,https://diemthi.tuyensinh247.com/diem-chuan/dai-hoc-thuong-mai-TMU.html,2026-09-29T09:24:12+00:00
tuyensinh247_cutoffs,TMU,2026,TM05,Quản trị khách sạn (Quản trị khách sạn - Chương trình định hướng chuyên sâu nghề nghiệp quốc tế - IPOP),A01;D01;D07;D09;D10;X25;X26;X27;X28,21.5,https://diemthi.tuyensinh247.com/diem-chuan/dai-hoc-thuong-mai-TMU.html,2026-09-29T09:24:12+00:00
tuyensinh247_cutoffs,TMU,2026,TM06,Quản trị dịch vụ du lịch và lữ hành (Quản trị dịch vụ du lịch và lữ hành),A01;D01;D07,22.5,https://diemthi.tuyensinh247.com/diem-chuan/dai-hoc-thuong-mai-TMU.html,2026-09-29T09:24:12+00:00
tuyensinh247_cutoffs,TMU,2026,TM06,Quản trị dịch vụ du lịch và lữ hành (Quản trị dịch vụ du lịch và lữ hành),A00,23,https://diemthi.tuyensinh247.com/diem-chuan/dai-hoc-thuong-mai-TMU.html,2026-09-29T09:24:12+00:00
tuyensinh247_cutoffs,TMU,2026,TM07,Marketing (Marketing Thương mại),A01;D01;D07,23.75,https://diemthi.tuyensinh247.com/diem-chuan/dai-hoc-thuong-mai-TMU.html,2026-09-29T09:24:12+00:00
tuyensinh247_cutoffs,TMU,2026,TM07,Marketing (Marketing Thương mại),A00,24.25,https://diemthi.tuyensinh247.com/diem-chuan/dai-hoc-thuong-mai-TMU.html,2026-09-29T09:24:12+00:00
tuyensinh247_cutoffs,TMU,2026,TM08,Marketing (Marketing thương mại - Chương trình định hướng chuyên sâu nghề nghiệp quốc tế - IPOP),A01;D01;D07;D09;D10;X25;X26;X27;X28,23.25,https://diemthi.tuyensinh247.com/diem-chuan/dai-hoc-thuong-mai-TMU.html,2026-09-29T09:24:12+00:00
tuyensinh247_cutoffs,TMU,2026,TM09,Marketing (Marketing số),A00,25,https://diemthi.tuyensinh247.com/diem-chuan/dai-hoc-thuong-mai-TMU.html,2026-09-29T09:24:12+00:00
tuyensinh247_cutoffs,TMU,2026,TM10,Marketing (Quản trị Thương hiệu),A01;D01;D07,23.5,https://diemthi.tuyensinh247.com/diem-chuan/dai-hoc-thuong-mai-TMU.html,2026-09-29T09:24:12+00:00
tuyensinh247_cutoffs,TMU,2026,TM11,Marketing (Quản trị thương hiệu - Chương trình định hướng chuyên sâu nghề nghiệp quốc tế - IPOP),A01;D01;D07;D09;D10;X25;X26;X27;X28,21.75,https://diemthi.tuyensinh247.com/diem-chuan/dai-hoc-thuong-mai-TMU.html,2026-09-29T09:24:12+00:00
tuyensinh247_cutoffs,TMU,2026,TM12,Kế toán (Kế toán doanh nghiệp),A01;D01;D07,24.5,https://diemthi.tuyensinh247.com/diem-chuan/dai-hoc-thuong-mai-TMU.html,2026-09-29T09:24:12+00:00
tuyensinh247_cutoffs,TMU,2026,TM12,Kế toán (Kế toán doanh nghiệp),A00,25,https://diemthi.tuyensinh247.com/diem-chuan/dai-hoc-thuong-mai-TMU.html,2026-09-29T09:24:12+00:00
tuyensinh247_cutoffs,TMU,2026,TM14,Kế toán (Kế toán công),A01;D01;D07,23.5,https://diemthi.tuyensinh247.com/diem-chuan/dai-hoc-thuong-mai-TMU.html,2026-09-29T09:24:12+00:00
tuyensinh247_cutoffs,TMU,2026,TM14,Kế toán (Kế toán công),A00,24,https://diemthi.tuyensinh247.com/diem-chuan/dai-hoc-thuong-mai-TMU.html,2026-09-29T09:24:12+00:00
tuyensinh247_cutoffs,TMU,2026,TM15,Kiểm toán (Kiểm toán),A00,25,https://diemthi.tuyensinh247.com/diem-chuan/dai-hoc-thuong-mai-TMU.html,2026-09-29T09:24:12+00:00
tuyensinh247_cutoffs,TMU,2026,TM16,Kiểm toán (Kiểm toán tích hợp chứng chỉ quốc tế ICAEW CFAB - Chương trình định hướng chuyên sâu nghề nghiệp quốc tế - IPOP),A01;D01;D07;D09;D10;X25;X26;X27;X28,21.5,https://diemthi.tuyensinh247.com/diem-chuan/dai-hoc-thuong-mai-TMU.html,2026-09-29T09:24:12+00:00
tuyensinh247_cutoffs,TMU,2026,TM17,Logistics và Quản lý chuỗi cung ứng (Logistics và Quản lý chuỗi cung ứng),A00,27,https://diemthi.tuyensinh247.com/diem-chuan/dai-hoc-thuong-mai-TMU.html,2026-09-29T09:24:12+00:00
tuyensinh247_cutoffs,TMU,2026,TM18,Logistics và Quản lý chuỗi cung ứng (Logistics và Xuất nhập khẩu - Chương trình định hướng chuyên sâu nghề nghiệp quốc tế - IPOP),A01;D01;D07;D09;D10;X25;X26;X27;X28,25.8,https://diemthi.tuyensinh247.com/diem-chuan/dai-hoc-thuong-mai-TMU.html,2026-09-29T09:24:12+00:00
tuyensinh247_cutoffs,TMU,2026,TM19,Kinh doanh quốc tế (Thương mại quốc tế),A00,25.75,https://diemthi.tuyensinh247.com/diem-chuan/dai-hoc-thuong-mai-TMU.html,2026-09-29T09:24:12+00:00
tuyensinh247_cutoffs,TMU,2026,TM20,Kinh doanh quốc tế (Thương mại quốc tế - Chương trình định hướng chuyên sâu nghề nghiệp quốc tế - IPOP),A01;D01;D07;D09;D10;X25;X26;X27;X28,24.75,https://diemthi.tuyensinh247.com/diem-chuan/dai-hoc-thuong-mai-TMU.html,2026-09-29T09:24:12+00:00
tuyensinh247_cutoffs,TMU,2026,TM22,Kinh tế (Quản lý kinh tế),A01;D01;D07,22.25,https://diemthi.tuyensinh247.com/diem-chuan/dai-hoc-thuong-mai-TMU.html,2026-09-29T09:24:12+00:00
tuyensinh247_cutoffs,TMU,2026,TM22,Kinh tế (Quản lý kinh tế),A00,22.75,https://diemthi.tuyensinh247.com/diem-chuan/dai-hoc-thuong-mai-TMU.html,2026-09-29T09:24:12+00:00
tuyensinh247_cutoffs,TMU,2026,TM24,Tài chính - Ngân hàng (Tài chính - Ngân hàng thương mại),A01;D01;D07,23.75,https://diemthi.tuyensinh247.com/diem-chuan/dai-hoc-thuong-mai-TMU.html,2026-09-29T09:24:12+00:00
tuyensinh247_cutoffs,TMU,2026,TM24,Tài chính - Ngân hàng (Tài chính - Ngân hàng thương mại),A00,24.25,https://diemthi.tuyensinh247.com/diem-chuan/dai-hoc-thuong-mai-TMU.html,2026-09-29T09:24:12+00:00
tuyensinh247_cutoffs,TMU,2026,TM26,Tài chính - Ngân hàng (Tài chính công),A01;D01;D07,22.5,https://diemthi.tuyensinh247.com/diem-chuan/dai-hoc-thuong-mai-TMU.html,2026-09-29T09:24:12+00:00
tuyensinh247_cutoffs,TMU,2026,TM26,Tài chính - Ngân hàng (Tài chính công),A00,23,https://diemthi.tuyensinh247.com/diem-chuan/dai-hoc-thuong-mai-TMU.html,2026-09-29T09:24:12+00:00
tuyensinh247_cutoffs,TMU,2026,TM27,Tài chính - Ngân hàng (Công nghệ tài chính ngân hàng),A00,24.2,https://diemthi.tuyensinh247.com/diem-chuan/dai-hoc-thuong-mai-TMU.html,2026-09-29T09:24:12+00:00
tuyensinh247_cutoffs,TMU,2026,TM28,Thương mại điện tử (Quản trị thương mại điện tử),A01;D01;D07,24.75,https://diemthi.tuyensinh247.com/diem-chuan/dai-hoc-thuong-mai-TMU.html,2026-09-29T09:24:12+00:00
tuyensinh247_cutoffs,TMU,2026,TM28,Thương mại điện tử (Quản trị thương mại điện tử),A00,25.25,https://diemthi.tuyensinh247.com/diem-chuan/dai-hoc-thuong-mai-TMU.html,2026-09-29T09:24:12+00:00
tuyensinh247_cutoffs,TMU,2026,TM30,Thương mại điện tử (Kinh doanh số),A01;D01;D07,25,https://diemthi.tuyensinh247.com/diem-chuan/dai-hoc-thuong-mai-TMU.html,2026-09-29T09:24:12+00:00
tuyensinh247_cutoffs,TMU,2026,TM30,Thương mại điện tử (Kinh doanh số),A00,25.5,https://diemthi.tuyensinh247.com/diem-chuan/dai-hoc-thuong-mai-TMU.html,2026-09-29T09:24:12+00:00
tuyensinh247_cutoffs,TMU,2026,TM31,Hệ thống thông tin quản lý (Quản trị Hệ thống thông tin),A00,24,https://diemthi.tuyensinh247.com/diem-chuan/dai-hoc-thuong-mai-TMU.html,2026-09-29T09:24:12+00:00
tuyensinh247_cutoffs,TMU,2026,TM32,Hệ thống thông tin quản lý (Quản trị Hệ thống thông tin - Chương trình định hướng chuyên sâu nghề nghiệp quốc tế - IPOP),A01;D01;D07;D09;D10;X25;X26;X27;X28,21.5,https://diemthi.tuyensinh247.com/diem-chuan/dai-hoc-thuong-mai-TMU.html,2026-09-29T09:24:12+00:00
tuyensinh247_cutoffs,TMU,2026,TM34,Luật kinh tế (Luật kinh tế),A01;D01;D07,22.5,https://diemthi.tuyensinh247.com/diem-chuan/dai-hoc-thuong-mai-TMU.html,2026-09-29T09:24:12+00:00
tuyensinh247_cutoffs,TMU,2026,TM34,Luật kinh tế (Luật kinh tế),A00,23,https://diemthi.tuyensinh247.com/diem-chuan/dai-hoc-thuong-mai-TMU.html,2026-09-29T09:24:12+00:00
tuyensinh247_cutoffs,TMU,2026,TM36,Luật kinh tế (Luật thương mại quốc tế),A01;D01;D07,21.5,https://diemthi.tuyensinh247.com/diem-chuan/dai-hoc-thuong-mai-TMU.html,2026-09-29T09:24:12+00:00
tuyensinh247_cutoffs,TMU,2026,TM36,Luật kinh tế (Luật thương mại quốc tế),A00,22,https://diemthi.tuyensinh247.com/diem-chuan/dai-hoc-thuong-mai-TMU.html,2026-09-29T09:24:12+00:00
tuyensinh247_cutoffs,TMU,2026,TM37,Quản trị nhân lực (Quản trị nhân lực doanh nghiệp),A01;D01;D07,23.75,https://diemthi.tuyensinh247.com/diem-chuan/dai-hoc-thuong-mai-TMU.html,2026-09-29T09:24:12+00:00
tuyensinh247_cutoffs,TMU,2026,TM38,Quản trị nhân lực (Quản trị nhân lực doanh nghiệp - Chương trình định hướng chuyên sâu nghề nghiệp quốc tế - IPOP),A01;D01;D07;D09;D10;X25;X26;X27;X28,21.5,https://diemthi.tuyensinh247.com/diem-chuan/dai-hoc-thuong-mai-TMU.html,2026-09-29T09:24:12+00:00
tuyensinh247_cutoffs,TMU,2026,TM39,Kinh tế số (Phân tích kinh doanh trong môi trường số),A01;D01;D07,23.7,https://diemthi.tuyensinh247.com/diem-chuan/dai-hoc-thuong-mai-TMU.html,2026-09-29T09:24:12+00:00
tuyensinh247_cutoffs,TMU,2026,TM40,Ngôn ngữ Trung Quốc (Tiếng Trung thương mại),A01;D01;D04;D07,25.75,https://diemthi.tuyensinh247.com/diem-chuan/dai-hoc-thuong-mai-TMU.html,2026-09-29T09:24:12+00:00
tuyensinh247_cutoffs,TMU,2026,TM41,Ngôn ngữ Trung Quốc (Tiếng Trung thương mại - Chương trình định hướng chuyên sâu nghề nghiệp quốc tế - IPOP),D04,25.3,https://diemthi.tuyensinh247.com/diem-chuan/dai-hoc-thuong-mai-TMU.html,2026-09-29T09:24:12+00:00
tuyensinh247_cutoffs,TMU,2026,TM42,Quản trị kinh doanh (Tiếng Pháp thương mại),A00,22,https://diemthi.tuyensinh247.com/diem-chuan/dai-hoc-thuong-mai-TMU.html,2026-09-29T09:24:12+00:00
tuyensinh247_cutoffs,TMU,2026,TM43,Quản trị kinh doanh (Quản trị kinh doanh) - Khởi nghiệp (Thành lập doanh nghiệp) - Chương trình đào tạo song bằng quốc tế,A01;D01;D07;D09;D10;X25;X26;X27;X28,22.5,https://diemthi.tuyensinh247.com/diem-chuan/dai-hoc-thuong-mai-TMU.html,2026-09-29T09:24:12+00:00
tuyensinh247_cutoffs,TMU,2026,TM45,Quản trị kinh doanh (Quản trị kinh doanh - Chương trình đào tạo tiến tiến),A01;D01;D07;D09;D10;X25;X26;X27;X28,22,https://diemthi.tuyensinh247.com/diem-chuan/dai-hoc-thuong-mai-TMU.html,2026-09-29T09:24:12+00:00
tuyensinh247_cutoffs,TMU,2026,TM46,Logistics và quản lý chuỗi cung ứng (Logistics và quản lý chuỗi cung ứng) - Thương mại và phân phối (Quản lý chuỗi cung ứng và phân phối) - Chương trình đào tạo song bằng quốc tế,A01;D01;D07;D09;D10;X25;X26;X27;X28,23,https://diemthi.tuyensinh247.com/diem-chuan/dai-hoc-thuong-mai-TMU.html,2026-09-29T09:24:12+00:00
tuyensinh247_cutoffs,TMU,2026,TM48,Logistics và Quản lý chuỗi cung ứng (Logistics và Quản lý vận tải đa phương thức - Chương trình định hướng chuyên sâu nghề nghiệp quốc tế - IPOP),A01;D01;D07;D09;D10;X25;X26;X27;X28,24,https://diemthi.tuyensinh247.com/diem-chuan/dai-hoc-thuong-mai-TMU.html,2026-09-29T09:24:12+00:00
tuyensinh247_cutoffs,TMU,2026,TM50,Quản trị dịch vụ du lịch và lữ hành (Quản trị sự kiện và dịch vụ giải trí - Chương trình định hướng chuyên sâu nghề nghiệp quốc tế - IPOP),A01;D01;D07;D09;D10;X25;X26;X27;X28,21.5,https://diemthi.tuyensinh247.com/diem-chuan/dai-hoc-thuong-mai-TMU.html,2026-09-29T09:24:12+00:00
tuyensinh247_cutoffs,TMU,2026,TM51,Khoa học máy tính (Ứng dụng trí tuệ nhân tạo trong kinh doanh),A01;D01;D07,21.5,https://diemthi.tuyensinh247.com/diem-chuan/dai-hoc-thuong-mai-TMU.html,2026-09-29T09:24:12+00:00
tuyensinh247_cutoffs,TMU,2026,TM01,Quản trị kinh doanh (Quản trị kinh doanh),A01;D01;D07,23.25,https://diemthi.tuyensinh247.com/diem-chuan/dai-hoc-thuong-mai-TMU.html,2026-09-29T09:24:12+00:00
tuyensinh247_cutoffs,TMU,2026,TM03,Quản trị kinh doanh (Khởi nghiệp và phát triển kinh doanh),A01;D01;D07,22.5,https://diemthi.tuyensinh247.com/diem-chuan/dai-hoc-thuong-mai-TMU.html,2026-09-29T09:24:12+00:00
tuyensinh247_cutoffs,TMU,2026,TM09,Marketing (Marketing số),A01;D01;D07,24.5,https://diemthi.tuyensinh247.com/diem-chuan/dai-hoc-thuong-mai-TMU.html,2026-09-29T09:24:12+00:00
tuyensinh247_cutoffs,TMU,2026,TM10,Marketing (Quản trị Thương hiệu),A00,24,https://diemthi.tuyensinh247.com/diem-chuan/dai-hoc-thuong-mai-TMU.html,2026-09-29T09:24:12+00:00
tuyensinh247_cutoffs,TMU,2026,TM13,Kế toán (Kế toán tích hợp chứng chỉ quốc tế ICAEW CFAB - Chương trình định hướng chuyên sâu nghề nghiệp quốc tế - IPOP),A01;D01;D07;D09;D10;X25;X26;X27;X28,21.5,https://diemthi.tuyensinh247.com/diem-chuan/dai-hoc-thuong-mai-TMU.html,2026-09-29T09:24:12+00:00
tuyensinh247_cutoffs,TMU,2026,TM15,Kiểm toán (Kiểm toán),A01;D01;D07,24.5,https://diemthi.tuyensinh247.com/diem-chuan/dai-hoc-thuong-mai-TMU.html,2026-09-29T09:24:12+00:00
tuyensinh247_cutoffs,TMU,2026,TM17,Logistics và Quản lý chuỗi cung ứng (Logistics và Quản lý chuỗi cung ứng),A01;D01;D07,26.5,https://diemthi.tuyensinh247.com/diem-chuan/dai-hoc-thuong-mai-TMU.html,2026-09-29T09:24:12+00:00
tuyensinh247_cutoffs,TMU,2026,TM19,Kinh doanh quốc tế (Thương mại quốc tế),A01;D01;D07,25.25,https://diemthi.tuyensinh247.com/diem-chuan/dai-hoc-thuong-mai-TMU.html,2026-09-29T09:24:12+00:00
tuyensinh247_cutoffs,TMU,2026,TM21,Kinh tế quốc tế (Kinh tế quốc tế),A01;D01;D07,24.25,https://diemthi.tuyensinh247.com/diem-chuan/dai-hoc-thuong-mai-TMU.html,2026-09-29T09:24:12+00:00
tuyensinh247_cutoffs,TMU,2026,TM21,Kinh tế quốc tế (Kinh tế quốc tế),A00,24.75,https://diemthi.tuyensinh247.com/diem-chuan/dai-hoc-thuong-mai-TMU.html,2026-09-29T09:24:12+00:00
tuyensinh247_cutoffs,TMU,2026,TM23,Kinh tế (Kinh tế và Quản lý đầu tư - Chương trình định hướng chuyên sâu nghề nghiệp quốc tế - IPOP),A01;D01;D07;D09;D10;X25;X26;X27;X28,21.5,https://diemthi.tuyensinh247.com/diem-chuan/dai-hoc-thuong-mai-TMU.html,2026-09-29T09:24:12+00:00
tuyensinh247_cutoffs,TMU,2026,TM25,Tài chính - Ngân hàng (Tài chính - Ngân hàng thương mại - Chương trình định hướng chuyên sâu nghề nghiệp quốc tế - IPOP),A01;D01;D07;D09;D10;X25;X26;X27;X28,21.5,https://diemthi.tuyensinh247.com/diem-chuan/dai-hoc-thuong-mai-TMU.html,2026-09-29T09:24:12+00:00
tuyensinh247_cutoffs,TMU,2026,TM27,Tài chính - Ngân hàng (Công nghệ tài chính ngân hàng),A01;D01;D07,23.7,https://diemthi.tuyensinh247.com/diem-chuan/dai-hoc-thuong-mai-TMU.html,2026-09-29T09:24:12+00:00
tuyensinh247_cutoffs,TMU,2026,TM29,Thương mại điện tử (Thương mại điện t�� - Chương trình định hướng chuyên sâu nghề nghiệp quốc tế - IPOP),A01;D01;D07;D09;D10;X25;X26;X27;X28,24.25,https://diemthi.tuyensinh247.com/diem-chuan/dai-hoc-thuong-mai-TMU.html,2026-09-29T09:24:12+00:00
tuyensinh247_cutoffs,TMU,2026,TM31,Hệ thống thông tin quản lý (Quản trị Hệ thống thông tin),A01;D01;D07,23.5,https://diemthi.tuyensinh247.com/diem-chuan/dai-hoc-thuong-mai-TMU.html,2026-09-29T09:24:12+00:00
tuyensinh247_cutoffs,TMU,2026,TM33,Ngôn ngữ Anh (Tiếng Anh thương mại),A01;D01;D07,23,https://diemthi.tuyensinh247.com/diem-chuan/dai-hoc-thuong-mai-TMU.html,2026-09-29T09:24:12+00:00
tuyensinh247_cutoffs,TMU,2026,TM35,Luật kinh tế (Luật kinh doanh - Chương trình định hướng chuyên sâu nghề nghiệp quốc tế - IPOP),A01;D01;D07;D09;D10;X25;X26;X27;X28,21.5,https://diemthi.tuyensinh247.com/diem-chuan/dai-hoc-thuong-mai-TMU.html,2026-09-29T09:24:12+00:00
tuyensinh247_cutoffs,TMU,2026,TM37,Quản trị nhân lực (Quản trị nhân lực doanh nghiệp),A00,24.25,https://diemthi.tuyensinh247.com/diem-chuan/dai-hoc-thuong-mai-TMU.html,2026-09-29T09:24:12+00:00
tuyensinh247_cutoffs,TMU,2026,TM39,Kinh tế số (Phân tích kinh doanh trong môi trường số),A00,24.2,https://diemthi.tuyensinh247.com/diem-chuan/dai-hoc-thuong-mai-TMU.html,2026-09-29T09:24:12+00:00
tuyensinh247_cutoffs,TMU,2026,TM42,Quản trị kinh doanh (Tiếng Pháp thương mại),A01;D01;D03;D07,21.5,https://diemthi.tuyensinh247.com/diem-chuan/dai-hoc-thuong-mai-TMU.html,2026-09-29T09:24:12+00:00
tuyensinh247_cutoffs,TMU,2026,TM44,Marketing (Marketing thương mại) - Thương mại sản phẩm và dịch vụ (Bán hàng) - Chương trình đào tạo song bằng quốc tế,A01;D01;D07;D09;D10;X25;X26;X27;X28,22,https://diemthi.tuyensinh247.com/diem-chuan/dai-hoc-thuong-mai-TMU.html,2026-09-29T09:24:12+00:00
tuyensinh247_cutoffs,TMU,2026,TM47,"Kế toán (Kế toán tích hợp chứng chỉ quốc tế ICAEW CFAB) - Bảo hiểm, ngân hàng, tài chính: Quan hệ khách hàng (Thương mại sản phẩm ngân hàng và dịch vụ tài chính) - Chương trình đào tạo song bằng quốc tế",A01;D01;D07;D09;D10;X25;X26;X27;X28,23,https://diemthi.tuyensinh247.com/diem-chuan/dai-hoc-thuong-mai-TMU.html,2026-09-29T09:24:12+00:00
tuyensinh247_cutoffs,TMU,2026,TM49,Kinh tế số (Phân tích dữ liệu trong kinh tế và kinh doanh - Chương trình định hướng chuyên sâu nghề nghiệp quốc tế - IPOP),A01;D01;D07;D09;D10;X25;X26;X27;X28,21.5,https://diemthi.tuyensinh247.com/diem-chuan/dai-hoc-thuong-mai-TMU.html,2026-09-29T09:24:12+00:00
tuyensinh247_cutoffs,TMU,2026,TM51,Khoa học máy tính (Ứng dụng trí tuệ nhân tạo trong kinh doanh),A00,22,https://diemthi.tuyensinh247.com/diem-chuan/dai-hoc-thuong-mai-TMU.html,2026-09-29T09:24:12+00:00
tuyensinh247_cutoffs,NHH,2026,ACT02,Kế toán,A01;D01;D07,25.83,https://diemthi.tuyensinh247.com/diem-chuan/hoc-vien-ngan-hang-NHH.html,2026-09-29T09:24:14+00:00
tuyensinh247_cutoffs,NHH,2026,ACT02,Kế toán,A00,26.33,https://diemthi.tuyensinh247.com/diem-chuan/hoc-vien-ngan-hang-NHH.html,2026-09-29T09:24:14+00:00
tuyensinh247_cutoffs,NHH,2026,ACT03,"Kế toán (Liên kết ĐH Sunderland, Anh. Cấp song bằng)",A00,21.5,https://diemthi.tuyensinh247.com/diem-chuan/hoc-vien-ngan-hang-NHH.html,2026-09-29T09:24:14+00:00
tuyensinh247_cutoffs,NHH,2026,ACT04,Kiểm toán,A00,26.56,https://diemthi.tuyensinh247.com/diem-chuan/hoc-vien-ngan-hang-NHH.html,2026-09-29T09:24:14+00:00
tuyensinh247_cutoffs,NHH,2026,ACT04,Kiểm toán,A01;D01;D07,26.06,https://diemthi.tuyensinh247.com/diem-chuan/hoc-vien-ngan-hang-NHH.html,2026-09-29T09:24:14+00:00
tuyensinh247_cutoffs,NHH,2026,ACT06,Kế toán (Định hướng Nhật bản). Học viện Ngân hàng cấp bằng,A01;D01;D07,21.58,https://diemthi.tuyensinh247.com/diem-chuan/hoc-vien-ngan-hang-NHH.html,2026-09-29T09:24:14+00:00
tuyensinh247_cutoffs,NHH,2026,ACT06,Kế toán (Định hướng Nhật bản). Học viện Ngân hàng cấp bằng,A00,22.08,https://diemthi.tuyensinh247.com/diem-chuan/hoc-vien-ngan-hang-NHH.html,2026-09-29T09:24:14+00:00
tuyensinh247_cutoffs,NHH,2026,BANK02,Ngân hàng,A01;D01;D07,25.62,https://diemthi.tuyensinh247.com/diem-chuan/hoc-vien-ngan-hang-NHH.html,2026-09-29T09:24:14+00:00
tuyensinh247_cutoffs,NHH,2026,BANK02,Ngân hàng,A00,26.12,https://diemthi.tuyensinh247.com/diem-chuan/hoc-vien-ngan-hang-NHH.html,2026-09-29T09:24:14+00:00
tuyensinh247_cutoffs,NHH,2026,BANK03,Ngân hàng số,A01;D01;D07,25.42,https://diemthi.tuyensinh247.com/diem-chuan/hoc-vien-ngan-hang-NHH.html,2026-09-29T09:24:14+00:00
tuyensinh247_cutoffs,NHH,2026,BANK03,Ngân hàng số,A00,25.92,https://diemthi.tuyensinh247.com/diem-chuan/hoc-vien-ngan-hang-NHH.html,2026-09-29T09:24:14+00:00
tuyensinh247_cutoffs,NHH,2026,BANK04,"Tài chính-Ngân hàng (Liên kết ĐH Sunderland, Anh Quốc. Cấp song bằng)",A01;D01;D07,22.6,https://diemthi.tuyensinh247.com/diem-chuan/hoc-vien-ngan-hang-NHH.html,2026-09-29T09:24:14+00:00
tuyensinh247_cutoffs,NHH,2026,BANK04,"Tài chính-Ngân hàng (Liên kết ĐH Sunderland, Anh Quốc. Cấp song bằng)",A00,23.1,https://diemthi.tuyensinh247.com/diem-chuan/hoc-vien-ngan-hang-NHH.html,2026-09-29T09:24:14+00:00
tuyensinh247_cutoffs,NHH,2026,BANK07,Chất lượng cao Ngân hàng trung ương và chính sách công,A01;D01;D07;D09,23.65,https://diemthi.tuyensinh247.com/diem-chuan/hoc-vien-ngan-hang-NHH.html,2026-09-29T09:24:14+00:00
tuyensinh247_cutoffs,NHH,2026,BANK08,"Ngân hàng Tài chính - Đại học West of England (UWE), Anh (Cấp song bằng)",A01;D01;D07,20.2,https://diemthi.tuyensinh247.com/diem-chuan/hoc-vien-ngan-hang-NHH.html,2026-09-29T09:24:14+00:00
tuyensinh247_cutoffs,NHH,2026,BUS01,Chất lượng cao Quản trị kinh doanh,A01;D01;D07;D09,23.9,https://diemthi.tuyensinh247.com/diem-chuan/hoc-vien-ngan-hang-NHH.html,2026-09-29T09:24:14+00:00
tuyensinh247_cutoffs,NHH,2026,BUS02,Quản trị kinh doanh,A01;D01;D07,25.4,https://diemthi.tuyensinh247.com/diem-chuan/hoc-vien-ngan-hang-NHH.html,2026-09-29T09:24:14+00:00
tuyensinh247_cutoffs,NHH,2026,BUS03,Quản trị du lịch,A01;D01;D07;D09,24.23,https://diemthi.tuyensinh247.com/diem-chuan/hoc-vien-ngan-hang-NHH.html,2026-09-29T09:24:14+00:00
tuyensinh247_cutoffs,NHH,2026,BUS04,"Quản trị kinh doanh (Liên kết với ĐH CityU, Hoa kỳ. Cấp song bằng)",A00,20.7,https://diemthi.tuyensinh247.com/diem-chuan/hoc-vien-ngan-hang-NHH.html,2026-09-29T09:24:14+00:00
tuyensinh247_cutoffs,NHH,2026,BUS04,"Quản trị kinh doanh (Liên kết với ĐH CityU, Hoa kỳ. Cấp song bằng)",A01;D01;D07,20.2,https://diemthi.tuyensinh247.com/diem-chuan/hoc-vien-ngan-hang-NHH.html,2026-09-29T09:24:14+00:00
tuyensinh247_cutoffs,NHH,2026,BUS07,Marketing,A01;D01;D07,25.56,https://diemthi.tuyensinh247.com/diem-chuan/hoc-vien-ngan-hang-NHH.html,2026-09-29T09:24:14+00:00
tuyensinh247_cutoffs,NHH,2026,BUS07,Marketing,A00,26.06,https://diemthi.tuyensinh247.com/diem-chuan/hoc-vien-ngan-hang-NHH.html,2026-09-29T09:24:14+00:00
tuyensinh247_cutoffs,NHH,2026,BUS09,Chất lượng cao Kinh doanh số,A01;D01;D07;D09,23.75,https://diemthi.tuyensinh247.com/diem-chuan/hoc-vien-ngan-hang-NHH.html,2026-09-29T09:24:14+00:00
tuyensinh247_cutoffs,NHH,2026,BUS10,"Quản trị kinh doanh, Hàng hải & Logistics - Đại học Genoa, CH Ý (Cấp song bằng)",A01;D01;D07,20.2,https://diemthi.tuyensinh247.com/diem-chuan/hoc-vien-ngan-hang-NHH.html,2026-09-29T09:24:14+00:00
tuyensinh247_cutoffs,NHH,2026,BUS11,"Marketing - Đại học West of England (UWE), Anh (Cấp song bằng)",A01;D01;D07,20.2,https://diemthi.tuyensinh247.com/diem-chuan/hoc-vien-ngan-hang-NHH.html,2026-09-29T09:24:14+00:00
tuyensinh247_cutoffs,NHH,2026,BUS11,"Marketing - Đại học West of England (UWE), Anh (Cấp song bằng)",A00,20.7,https://diemthi.tuyensinh247.com/diem-chuan/hoc-vien-ngan-hang-NHH.html,2026-09-29T09:24:14+00:00
tuyensinh247_cutoffs,NHH,2026,DS01,Khoa học dữ liệu trong kinh tế và kinh doanh,A00,25.5,https://diemthi.tuyensinh247.com/diem-chuan/hoc-vien-ngan-hang-NHH.html,2026-09-29T09:24:14+00:00
tuyensinh247_cutoffs,NHH,2026,ECON01,Kinh tế đầu tư,A01;D01;D07;D09,25.35,https://diemthi.tuyensinh247.com/diem-chuan/hoc-vien-ngan-hang-NHH.html,2026-09-29T09:24:14+00:00
tuyensinh247_cutoffs,NHH,2026,ECON02,Chất lượng cao Kinh tế đầu tư,A01;D01;D07;D09,23.96,https://diemthi.tuyensinh247.com/diem-chuan/hoc-vien-ngan-hang-NHH.html,2026-09-29T09:24:14+00:00
tuyensinh247_cutoffs,NHH,2026,FIN01,Chất lượng cao Tài chính,A01;D01;D07;D09,24.15,https://diemthi.tuyensinh247.com/diem-chuan/hoc-vien-ngan-hang-NHH.html,2026-09-29T09:24:14+00:00
tuyensinh247_cutoffs,NHH,2026,FIN02,Tài chính,A00,26.58,https://diemthi.tuyensinh247.com/diem-chuan/hoc-vien-ngan-hang-NHH.html,2026-09-29T09:24:14+00:00
tuyensinh247_cutoffs,NHH,2026,FIN04,Chất lượng cao Hoạch định và tư vấn tài chính,A01;D01;D07;D09,23.63,https://diemthi.tuyensinh247.com/diem-chuan/hoc-vien-ngan-hang-NHH.html,2026-09-29T09:24:14+00:00
tuyensinh247_cutoffs,NHH,2026,FIN05,Công nghệ tài chính,A01;D01;D07,25.48,https://diemthi.tuyensinh247.com/diem-chuan/hoc-vien-ngan-hang-NHH.html,2026-09-29T09:24:14+00:00
tuyensinh247_cutoffs,NHH,2026,FIN05,Công nghệ tài chính,A00,25.98,https://diemthi.tuyensinh247.com/diem-chuan/hoc-vien-ngan-hang-NHH.html,2026-09-29T09:24:14+00:00
tuyensinh247_cutoffs,NHH,2026,FL02,Chất lượng cao Ngôn ngữ Anh Tài chính – Ngân hàng,A01;D01;D07;D09,23.56,https://diemthi.tuyensinh247.com/diem-chuan/hoc-vien-ngan-hang-NHH.html,2026-09-29T09:24:14+00:00
tuyensinh247_cutoffs,NHH,2026,IB01,Kinh doanh quốc tế,A01;D01;D07;D09,26.61,https://diemthi.tuyensinh247.com/diem-chuan/hoc-vien-ngan-hang-NHH.html,2026-09-29T09:24:14+00:00
tuyensinh247_cutoffs,NHH,2026,IB04,Chất lượng cao Kinh doanh quốc tế,A01;D01;D07;D09,24.57,https://diemthi.tuyensinh247.com/diem-chuan/hoc-vien-ngan-hang-NHH.html,2026-09-29T09:24:14+00:00
tuyensinh247_cutoffs,NHH,2026,IB05,Chất lượng cao Thương mại điện tử,A01;D01;D07;D09,24.71,https://diemthi.tuyensinh247.com/diem-chuan/hoc-vien-ngan-hang-NHH.html,2026-09-29T09:24:14+00:00
tuyensinh247_cutoffs,NHH,2026,IB07,"Quản trị kinh doanh quốc tế - Đại học West of England (UWE), Anh (Cấp song bằng)",A01;D01;D07,20.2,https://diemthi.tuyensinh247.com/diem-chuan/hoc-vien-ngan-hang-NHH.html,2026-09-29T09:24:14+00:00
tuyensinh247_cutoffs,NHH,2026,IB07,"Quản trị kinh doanh quốc tế - Đại học West of England (UWE), Anh (Cấp song bằng)",A00,20.7,https://diemthi.tuyensinh247.com/diem-chuan/hoc-vien-ngan-hang-NHH.html,2026-09-29T09:24:14+00:00
tuyensinh247_cutoffs,NHH,2026,IT01,Công nghệ thông tin,A00,24.7,https://diemthi.tuyensinh247.com/diem-chuan/hoc-vien-ngan-hang-NHH.html,2026-09-29T09:24:14+00:00
tuyensinh247_cutoffs,NHH,2026,LAW01,Luật kinh tế,D01;D14,25.75,https://diemthi.tuyensinh247.com/diem-chuan/hoc-vien-ngan-hang-NHH.html,2026-09-29T09:24:14+00:00
tuyensinh247_cutoffs,NHH,2026,LAW01,Luật kinh tế,C00;C03,25.25,https://diemthi.tuyensinh247.com/diem-chuan/hoc-vien-ngan-hang-NHH.html,2026-09-29T09:24:14+00:00
tuyensinh247_cutoffs,NHH,2026,LAW03,Chất lượng cao Luật Kinh tế,C00;C03,23.8,https://diemthi.tuyensinh247.com/diem-chuan/hoc-vien-ngan-hang-NHH.html,2026-09-29T09:24:14+00:00
tuyensinh247_cutoffs,NHH,2026,LAW04,Luật học,D01;D14,24.75,https://diemthi.tuyensinh247.com/diem-chuan/hoc-vien-ngan-hang-NHH.html,2026-09-29T09:24:14+00:00
tuyensinh247_cutoffs,NHH,2026,MIS01,Hệ thống thông tin quản lý,A01;D01;D07,25.74,https://diemthi.tuyensinh247.com/diem-chuan/hoc-vien-ngan-hang-NHH.html,2026-09-29T09:24:14+00:00
tuyensinh247_cutoffs,NHH,2026,MIS01,Hệ thống thông tin quản lý,A00,26.24,https://diemthi.tuyensinh247.com/diem-chuan/hoc-vien-ngan-hang-NHH.html,2026-09-29T09:24:14+00:00
tuyensinh247_cutoffs,NHH,2026,MIS02,Chất lượng cao Hệ thống thông tin quản lý,A01;D01;D07;D09,24.33,https://diemthi.tuyensinh247.com/diem-chuan/hoc-vien-ngan-hang-NHH.html,2026-09-29T09:24:14+00:00
tuyensinh247_cutoffs,NHH,2026,ACT01,Chất lượng cao Kế toán,A01;D01;D07;D09,24.1,https://diemthi.tuyensinh247.com/diem-chuan/hoc-vien-ngan-hang-NHH.html,2026-09-29T09:24:14+00:00
tuyensinh247_cutoffs,NHH,2026,ACT03,"Kế toán (Liên kết ĐH Sunderland, Anh. Cấp song bằng)",A01;D01;D07,21,https://diemthi.tuyensinh247.com/diem-chuan/hoc-vien-ngan-hang-NHH.html,2026-09-29T09:24:14+00:00
tuyensinh247_cutoffs,NHH,2026,ACT05,Chất lượng cao Kiểm toán,A01;D01;D07;D09,24.5,https://diemthi.tuyensinh247.com/diem-chuan/hoc-vien-ngan-hang-NHH.html,2026-09-29T09:24:14+00:00
tuyensinh247_cutoffs,NHH,2026,BANK01,Chất lượng cao Ngân hàng,A01;D01;D07;D09,24.08,https://diemthi.tuyensinh247.com/diem-chuan/hoc-vien-ngan-hang-NHH.html,2026-09-29T09:24:14+00:00
tuyensinh247_cutoffs,NHH,2026,BANK06,Chất lượng cao Ngân hàng và Tài chính quốc tế,A01;D01;D07;D09,24.35,https://diemthi.tuyensinh247.com/diem-chuan/hoc-vien-ngan-hang-NHH.html,2026-09-29T09:24:14+00:00
tuyensinh247_cutoffs,NHH,2026,BANK08,"Ngân hàng Tài chính - Đại học West of England (UWE), Anh (Cấp song bằng)",A00,20.7,https://diemthi.tuyensinh247.com/diem-chuan/hoc-vien-ngan-hang-NHH.html,2026-09-29T09:24:14+00:00
tuyensinh247_cutoffs,NHH,2026,BUS02,Quản trị kinh doanh,A00,25.9,https://diemthi.tuyensinh247.com/diem-chuan/hoc-vien-ngan-hang-NHH.html,2026-09-29T09:24:14+00:00
tuyensinh247_cutoffs,NHH,2026,BUS06,Chất lượng cao Marketing số,A01;D01;D07;D09,24.27,https://diemthi.tuyensinh247.com/diem-chuan/hoc-vien-ngan-hang-NHH.html,2026-09-29T09:24:14+00:00
tuyensinh247_cutoffs,NHH,2026,BUS08,Chất lượng cao Quản trị nhân lực,A01;D01;D07;D09,23.81,https://diemthi.tuyensinh247.com/diem-chuan/hoc-vien-ngan-hang-NHH.html,2026-09-29T09:24:14+00:00
tuyensinh247_cutoffs,NHH,2026,BUS10,"Quản trị kinh doanh, Hàng hải & Logistics - Đại học Genoa, CH Ý (Cấp song bằng)",A00,20.7,https://diemthi.tuyensinh247.com/diem-chuan/hoc-vien-ngan-hang-NHH.html,2026-09-29T09:24:14+00:00
tuyensinh247_cutoffs,NHH,2026,DS01,Khoa học dữ liệu trong kinh tế và kinh doanh,A01;D01;D07,25,https://diemthi.tuyensinh247.com/diem-chuan/hoc-vien-ngan-hang-NHH.html,2026-09-29T09:24:14+00:00
tuyensinh247_cutoffs,NHH,2026,ECON03,Kinh tế quốc tế,A01;D01;D07;D09,25.32,https://diemthi.tuyensinh247.com/diem-chuan/hoc-vien-ngan-hang-NHH.html,2026-09-29T09:24:14+00:00
tuyensinh247_cutoffs,NHH,2026,FIN02,Tài chính,A01;D01;D07,26.08,https://diemthi.tuyensinh247.com/diem-chuan/hoc-vien-ngan-hang-NHH.html,2026-09-29T09:24:14+00:00
tuyensinh247_cutoffs,NHH,2026,FL01,Ngôn ngữ Anh Tài chính – Ngân hàng,A01;D01;D07;D09,25.05,https://diemthi.tuyensinh247.com/diem-chuan/hoc-vien-ngan-hang-NHH.html,2026-09-29T09:24:14+00:00
tuyensinh247_cutoffs,NHH,2026,IB02,Logistics và quản lý chuỗi cung ứng,A01;D01;D07;D09,26.28,https://diemthi.tuyensinh247.com/diem-chuan/hoc-vien-ngan-hang-NHH.html,2026-09-29T09:24:14+00:00
tuyensinh247_cutoffs,NHH,2026,IB06,Chất lượng cao Logistics và Quản lý chuỗi cung ứng,A01;D01;D07;D09,24.82,https://diemthi.tuyensinh247.com/diem-chuan/hoc-vien-ngan-hang-NHH.html,2026-09-29T09:24:14+00:00
tuyensinh247_cutoffs,NHH,2026,IT01,Công nghệ thông tin,A01;D01;D07,24.2,https://diemthi.tuyensinh247.com/diem-chuan/hoc-vien-ngan-hang-NHH.html,2026-09-29T09:24:14+00:00
tuyensinh247_cutoffs,NHH,2026,LAW03,Chất lượng cao Luật Kinh tế,D01;D14,24.3,https://diemthi.tuyensinh247.com/diem-chuan/hoc-vien-ngan-hang-NHH.html,2026-09-29T09:24:14+00:00
tuyensinh247_cutoffs,NHH,2026,LAW04,Luật học,C00;C03,24.25,https://diemthi.tuyensinh247.com/diem-chuan/hoc-vien-ngan-hang-NHH.html,2026-09-29T09:24:14+00:00
tuyensinh247_cutoffs,HTC,2026,HC0106QT,Hải quan và Logistics (Theo định hướng FIATA),A01;D01;D07;X26,24.44,https://diemthi.tuyensinh247.com/diem-chuan/hoc-vien-tai-chinh-HTC.html,2026-09-29T09:24:15+00:00
tuyensinh247_cutoffs,HTC,2026,HC0108QT,Tài chính quốc tế (Theo định hướng CMA) *,A01;D01;D07;X26,23.22,https://diemthi.tuyensinh247.com/diem-chuan/hoc-vien-tai-chinh-HTC.html,2026-09-29T09:24:15+00:00
tuyensinh247_cutoffs,HTC,2026,HC0111QT,Tài chính doanh nghiệp (Theo định hướng ACCA),A01;D01;D07;X26,23.7,https://diemthi.tuyensinh247.com/diem-chuan/hoc-vien-tai-chinh-HTC.html,2026-09-29T09:24:15+00:00
tuyensinh247_cutoffs,HTC,2026,HC0115QT,Ngân hàng (Theo định hướng ICAEW CFAB),A01;D01;D07;X26,22.98,https://diemthi.tuyensinh247.com/diem-chuan/hoc-vien-tai-chinh-HTC.html,2026-09-29T09:24:15+00:00
tuyensinh247_cutoffs,HTC,2026,HC0119QT,Đầu tư tài chính (Theo định hướng ICAEW CFAB),A01;D01;D07;X26,23,https://diemthi.tuyensinh247.com/diem-chuan/hoc-vien-tai-chinh-HTC.html,2026-09-29T09:24:15+00:00
tuyensinh247_cutoffs,HTC,2026,HC0201QT,Kế toán doanh nghiệp (Theo định hướng ACCA),A01;D01;D07;X26,23.8,https://diemthi.tuyensinh247.com/diem-chuan/hoc-vien-tai-chinh-HTC.html,2026-09-29T09:24:15+00:00
tuyensinh247_cutoffs,HTC,2026,HC0202QT,Kế toán quản trị và Kiểm soát quản lý (Theo định hướng CMA),A01;D01;D07;X26,22.25,https://diemthi.tuyensinh247.com/diem-chuan/hoc-vien-tai-chinh-HTC.html,2026-09-29T09:24:15+00:00
tuyensinh247_cutoffs,HTC,2026,HC0203QT,Kế toán công (Theo định hướng ACCA),A01;D01;D07;X26,22.12,https://diemthi.tuyensinh247.com/diem-chuan/hoc-vien-tai-chinh-HTC.html,2026-09-29T09:24:15+00:00
tuyensinh247_cutoffs,HTC,2026,HC0214,Kế toán (CTĐT Kế toán doanh nghiệp; Kế toán công; Kế toán và phân tích dữ liệu *),A00;A01;D01;D07;X06;X26,26.7,https://diemthi.tuyensinh247.com/diem-chuan/hoc-vien-tai-chinh-HTC.html,2026-09-29T09:24:15+00:00
tuyensinh247_cutoffs,HTC,2026,HC0301QT,Quản trị doanh nghiệp (Theo định hướng ICAEW CFAB),A01;D01;D07;X26,21.91,https://diemthi.tuyensinh247.com/diem-chuan/hoc-vien-tai-chinh-HTC.html,2026-09-29T09:24:15+00:00
tuyensinh247_cutoffs,HTC,2026,HC0312,Quản trị kinh doanh (CTĐT Quản trị doanh nghiệp; Quản trị kinh doanh du lịch),A00;A01;D01;D07;X06;X26,25.72,https://diemthi.tuyensinh247.com/diem-chuan/hoc-vien-tai-chinh-HTC.html,2026-09-29T09:24:15+00:00
tuyensinh247_cutoffs,HTC,2026,HC0401,Tin học tài chính kế toán,A00;A01;D01;D07;X06;X26,25.73,https://diemthi.tuyensinh247.com/diem-chuan/hoc-vien-tai-chinh-HTC.html,2026-09-29T09:24:15+00:00
tuyensinh247_cutoffs,HTC,2026,HC0613,Kinh tế (CTĐT Kinh tế và quản lý nguồn lực tài chính; Kinh tế số *),A00;A01;D01;D07;X06;X26,26,https://diemthi.tuyensinh247.com/diem-chuan/hoc-vien-tai-chinh-HTC.html,2026-09-29T09:24:15+00:00
tuyensinh247_cutoffs,HTC,2026,HC0701,Quản lý tài chính công,A00;A01;D01;D07;X06;X26,25.22,https://diemthi.tuyensinh247.com/diem-chuan/hoc-vien-tai-chinh-HTC.html,2026-09-29T09:24:15+00:00
tuyensinh247_cutoffs,HTC,2026,HC0901,Thẩm định giá và kinh doanh bất động sản,A00;A01;D01;D07;X06;X26,24.89,https://diemthi.tuyensinh247.com/diem-chuan/hoc-vien-tai-chinh-HTC.html,2026-09-29T09:24:15+00:00
tuyensinh247_cutoffs,HTC,2026,HC0901QT,Thẩm định giá và kinh doanh bất động sản (Theo định hướng ACCA),A01;D01;D07;X26,21.5,https://diemthi.tuyensinh247.com/diem-chuan/hoc-vien-tai-chinh-HTC.html,2026-09-29T09:24:15+00:00
tuyensinh247_cutoffs,HTC,2026,HC1001,Kiểm toán,A00;A01;D01;D07;X06;X26,28.07,https://diemthi.tuyensinh247.com/diem-chuan/hoc-vien-tai-chinh-HTC.html,2026-09-29T09:24:15+00:00
tuyensinh247_cutoffs,HTC,2026,HC1001QT,Kiểm toán (Theo định hướng ICAEW CFAB),A01;D01;D07;X26,24.68,https://diemthi.tuyensinh247.com/diem-chuan/hoc-vien-tai-chinh-HTC.html,2026-09-29T09:24:15+00:00
tuyensinh247_cutoffs,HTC,2026,HC1101,Marketing,A00;A01;D01;D07;X06;X26,26.29,https://diemthi.tuyensinh247.com/diem-chuan/hoc-vien-tai-chinh-HTC.html,2026-09-29T09:24:15+00:00
tuyensinh247_cutoffs,HTC,2026,HC1102QT,Digital Marketing (Theo định hướng ICDL),A01;D01;D07;X26,23.63,https://diemthi.tuyensinh247.com/diem-chuan/hoc-vien-tai-chinh-HTC.html,2026-09-29T09:24:15+00:00
tuyensinh247_cutoffs,HTC,2026,HC1201QT,Kinh tế đầu tư (Theo định hướng ACCA),A01;D01;D07;X26,24.2,https://diemthi.tuyensinh247.com/diem-chuan/hoc-vien-tai-chinh-HTC.html,2026-09-29T09:24:15+00:00
tuyensinh247_cutoffs,HTC,2026,HC1301,Trí tuệ nhân tạo trong tài chính kế toán,A00;A01;D01;D07;X06;X26,25.78,https://diemthi.tuyensinh247.com/diem-chuan/hoc-vien-tai-chinh-HTC.html,2026-09-29T09:24:15+00:00
tuyensinh247_cutoffs,HTC,2026,HC1501QT,Kinh doanh quốc tế (Theo định hướng ICAEW CFAB),A01;D01;D07;X26,25.37,https://diemthi.tuyensinh247.com/diem-chuan/hoc-vien-tai-chinh-HTC.html,2026-09-29T09:24:15+00:00
tuyensinh247_cutoffs,HTC,2026,HC1601,Kinh tế chính trị - Tài chính,A00;A01;D01;D07;X06;X26,25.61,https://diemthi.tuyensinh247.com/diem-chuan/hoc-vien-tai-chinh-HTC.html,2026-09-29T09:24:15+00:00
tuyensinh247_cutoffs,HTC,2026,HC1701,Luật kinh doanh,A00;A01;D01;D07;X06;X26,25.57,https://diemthi.tuyensinh247.com/diem-chuan/hoc-vien-tai-chinh-HTC.html,2026-09-29T09:24:15+00:00
tuyensinh247_cutoffs,HTC,2026,HCDDP,Chương trình LKĐT mỗi bên cấp Một Bằng cử nhân DDP (Dual Degree Programme),A00;A01;D01;D07;X06;X26,19,https://diemthi.tuyensinh247.com/diem-chuan/hoc-vien-tai-chinh-HTC.html,2026-09-29T09:24:15+00:00
tuyensinh247_cutoffs,HTC,2026,HC0101QT,Thuế và Quản trị thuế (Theo định hướng ACCA),A01;D01;D07;X26,22.96,https://diemthi.tuyensinh247.com/diem-chuan/hoc-vien-tai-chinh-HTC.html,2026-09-29T09:24:15+00:00
tuyensinh247_cutoffs,HTC,2026,HC0109QT,Phân tích tài chính (Theo định hướng ICAEW CFAB),A01;D01;D07;X26,22.75,https://diemthi.tuyensinh247.com/diem-chuan/hoc-vien-tai-chinh-HTC.html,2026-09-29T09:24:15+00:00
tuyensinh247_cutoffs,HTC,2026,HC0119,Tài chính - Ngân hàng (CTĐT Thuế; Hải quan và nghiệp vụ ngoại thương; Tài chính quốc tế; Phân tích tài chính; Tài chính doanh nghiệp; Ngân hàng; Đầu\r\ntư tài chính; Tài chính số *),A00;A01;D01;D07;X06;X26,26.66,https://diemthi.tuyensinh247.com/diem-chuan/hoc-vien-tai-chinh-HTC.html,2026-09-29T09:24:15+00:00
tuyensinh247_cutoffs,HTC,2026,HC0303QT,Quản trị kinh doanh khách sạn (Theo định hướng AHLEI) *,A01;D01;D07;X26,21,https://diemthi.tuyensinh247.com/diem-chuan/hoc-vien-tai-chinh-HTC.html,2026-09-29T09:24:15+00:00
tuyensinh247_cutoffs,HTC,2026,HC0512,Ngôn ngữ Anh (CTĐT Tiếng Anh tài chính kế toán; Tiếng Anh và tiếng Trung tài chính kế\r\ntoán *),A01;D01;D07;X26,25.37,https://diemthi.tuyensinh247.com/diem-chuan/hoc-vien-tai-chinh-HTC.html,2026-09-29T09:24:15+00:00
tuyensinh247_cutoffs,HTC,2026,HC0801,Tài chính bảo hiểm,A00;A01;D01;D07;X06;X26,25.52,https://diemthi.tuyensinh247.com/diem-chuan/hoc-vien-tai-chinh-HTC.html,2026-09-29T09:24:15+00:00
tuyensinh247_cutoffs,HTC,2026,HC1201,Kinh tế đầu tư,A00;A01;D01;D07;X06;X26,26.56,https://diemthi.tuyensinh247.com/diem-chuan/hoc-vien-tai-chinh-HTC.html,2026-09-29T09:24:15+00:00
tuyensinh247_cutoffs,HTC,2026,HC1412,Khoa học dữ liệu (CTĐT Khoa học dữ liệu trong tài chính; An ninh tài chính *),A00;A01;D01;D07;X06;X26,25.92,https://diemthi.tuyensinh247.com/diem-chuan/hoc-vien-tai-chinh-HTC.html,2026-09-29T09:24:15+00:00
tuyensinh247_cutoffs,HTC,2026,HC1812,Toán kinh tế (CTĐT Toán tài chính; Thống kê ứng dụng trong tài chính *),A00;A01;D01;D07;X06;X26,25.54,https://diemthi.tuyensinh247.com/diem-chuan/hoc-vien-tai-chinh-HTC.html,2026-09-29T09:24:15+00:00
tuyensinh247_cutoffs,BVH,2026,7320101,Báo chí,A00;A01;D01;X06;X26,22,https://diemthi.tuyensinh247.com/diem-chuan/hoc-vien-cong-nghe-buu-chinh-vien-thong-phia-bac-BVH.html,2026-09-29T09:24:17+00:00
tuyensinh247_cutoffs,BVH,2026,7320104CL,Truyền thông đa phương tiện (Chất lượng cao),A00;A01;D01;X06;X26,22.23,https://diemthi.tuyensinh247.com/diem-chuan/hoc-vien-cong-nghe-buu-chinh-vien-thong-phia-bac-BVH.html,2026-09-29T09:24:17+00:00
tuyensinh247_cutoffs,BVH,2026,7320104LK,"Truyền thông Đa phương tiện (Liên kết với đại học Công nghệ Queensland, Úc",A00;A01;D01;X06;X26,22.4,https://diemthi.tuyensinh247.com/diem-chuan/hoc-vien-cong-nghe-buu-chinh-vien-thong-phia-bac-BVH.html,2026-09-29T09:24:17+00:00
tuyensinh247_cutoffs,BVH,2026,7329001GA,Thiết kế đồ họa game,A00;A01;D01;X06;X26,22.9,https://diemthi.tuyensinh247.com/diem-chuan/hoc-vien-cong-nghe-buu-chinh-vien-thong-phia-bac-BVH.html,2026-09-29T09:24:17+00:00
tuyensinh247_cutoffs,BVH,2026,7329001GM,Thiết kế và phát triển Game (Chất lượng cao),A00;A01;D01;X06;X26,22.11,https://diemthi.tuyensinh247.com/diem-chuan/hoc-vien-cong-nghe-buu-chinh-vien-thong-phia-bac-BVH.html,2026-09-29T09:24:17+00:00
tuyensinh247_cutoffs,BVH,2026,7329001VH,Công nghệ công nghiệp văn hóa số (định hướng điện ảnh),A00;A01;D01;X06;X26,21.52,https://diemthi.tuyensinh247.com/diem-chuan/hoc-vien-cong-nghe-buu-chinh-vien-thong-phia-bac-BVH.html,2026-09-29T09:24:17+00:00
tuyensinh247_cutoffs,BVH,2026,7340101,Quản trị kinh doanh,A00;A01;D01;X06;X26,21.93,https://diemthi.tuyensinh247.com/diem-chuan/hoc-vien-cong-nghe-buu-chinh-vien-thong-phia-bac-BVH.html,2026-09-29T09:24:17+00:00
tuyensinh247_cutoffs,BVH,2026,7340101KT,Logistics trong kinh tế tầm thấp,A00;A01;D01;X06;X26,20.54,https://diemthi.tuyensinh247.com/diem-chuan/hoc-vien-cong-nghe-buu-chinh-vien-thong-phia-bac-BVH.html,2026-09-29T09:24:17+00:00
tuyensinh247_cutoffs,BVH,2026,7340101LG,Logistics và quản trị chuỗi cung ứng,A00;A01;D01;X06;X26,24.44,https://diemthi.tuyensinh247.com/diem-chuan/hoc-vien-cong-nghe-buu-chinh-vien-thong-phia-bac-BVH.html,2026-09-29T09:24:17+00:00
tuyensinh247_cutoffs,BVH,2026,7340115,Marketing,A00;A01;D01;X06;X26,22.75,https://diemthi.tuyensinh247.com/diem-chuan/hoc-vien-cong-nghe-buu-chinh-vien-thong-phia-bac-BVH.html,2026-09-29T09:24:17+00:00
tuyensinh247_cutoffs,BVH,2026,7340115QH,Quan hệ công chúng,A00;A01;D01;X06;X26,22.26,https://diemthi.tuyensinh247.com/diem-chuan/hoc-vien-cong-nghe-buu-chinh-vien-thong-phia-bac-BVH.html,2026-09-29T09:24:17+00:00
tuyensinh247_cutoffs,BVH,2026,7340122,Thương mại điện tử,A00;A01;D01;X06;X26,23.56,https://diemthi.tuyensinh247.com/diem-chuan/hoc-vien-cong-nghe-buu-chinh-vien-thong-phia-bac-BVH.html,2026-09-29T09:24:17+00:00
tuyensinh247_cutoffs,BVH,2026,7340205,Công nghệ tài chính (Fintech),A00;A01;D01;X06;X26,23.23,https://diemthi.tuyensinh247.com/diem-chuan/hoc-vien-cong-nghe-buu-chinh-vien-thong-phia-bac-BVH.html,2026-09-29T09:24:17+00:00
tuyensinh247_cutoffs,BVH,2026,7340205LK,"Công nghệ tài chính (Liên kết đại học Huddersfield, Vương Quốc Anh)",A00;A01;D01;X06;X26,23.5,https://diemthi.tuyensinh247.com/diem-chuan/hoc-vien-cong-nghe-buu-chinh-vien-thong-phia-bac-BVH.html,2026-09-29T09:24:17+00:00
tuyensinh247_cutoffs,BVH,2026,7340301,Kế toán,A00;A01;D01;X06;X26,22.47,https://diemthi.tuyensinh247.com/diem-chuan/hoc-vien-cong-nghe-buu-chinh-vien-thong-phia-bac-BVH.html,2026-09-29T09:24:17+00:00
tuyensinh247_cutoffs,BVH,2026,7480101,Khoa học dữ liệu,A00;A01;X06;X26,26,https://diemthi.tuyensinh247.com/diem-chuan/hoc-vien-cong-nghe-buu-chinh-vien-thong-phia-bac-BVH.html,2026-09-29T09:24:17+00:00
tuyensinh247_cutoffs,BVH,2026,7480102,Kỹ thuật dữ liệu,A00;A01;X06;X26,23.7,https://diemthi.tuyensinh247.com/diem-chuan/hoc-vien-cong-nghe-buu-chinh-vien-thong-phia-bac-BVH.html,2026-09-29T09:24:17+00:00
tuyensinh247_cutoffs,BVH,2026,7480201,Công nghệ thông tin,A00;A01;X06;X26,23,https://diemthi.tuyensinh247.com/diem-chuan/hoc-vien-cong-nghe-buu-chinh-vien-thong-phia-bac-BVH.html,2026-09-29T09:24:17+00:00
tuyensinh247_cutoffs,BVH,2026,7480201CL,Công nghệ thông tin (Chất lượng cao),A00;A01;X06;X26,21,https://diemthi.tuyensinh247.com/diem-chuan/hoc-vien-cong-nghe-buu-chinh-vien-thong-phia-bac-BVH.html,2026-09-29T09:24:17+00:00
tuyensinh247_cutoffs,BVH,2026,7480201LK,"Công nghệ thông tin Liên kết với Đại học Macquarie, Australia)",A00;A01;X06;X26,21,https://diemthi.tuyensinh247.com/diem-chuan/hoc-vien-cong-nghe-buu-chinh-vien-thong-phia-bac-BVH.html,2026-09-29T09:24:17+00:00
tuyensinh247_cutoffs,BVH,2026,7480201UD,Công nghệ thông tin (định hướng ứng dụng),A00;A01;X06;X26,20.21,https://diemthi.tuyensinh247.com/diem-chuan/hoc-vien-cong-nghe-buu-chinh-vien-thong-phia-bac-BVH.html,2026-09-29T09:24:17+00:00
tuyensinh247_cutoffs,BVH,2026,7480201VJ,Công nghệ thông tin Việt - Nhật,A00;A01;X06;X26,21.22,https://diemthi.tuyensinh247.com/diem-chuan/hoc-vien-cong-nghe-buu-chinh-vien-thong-phia-bac-BVH.html,2026-09-29T09:24:17+00:00
tuyensinh247_cutoffs,BVH,2026,7480202,An toàn thông tin,A00;A01;X06;X26,25.22,https://diemthi.tuyensinh247.com/diem-chuan/hoc-vien-cong-nghe-buu-chinh-vien-thong-phia-bac-BVH.html,2026-09-29T09:24:17+00:00
tuyensinh247_cutoffs,BVH,2026,7510301,"Công nghệ Kỹ thuật Điện, điện tử",A00;A01;X06;X26,24.87,https://diemthi.tuyensinh247.com/diem-chuan/hoc-vien-cong-nghe-buu-chinh-vien-thong-phia-bac-BVH.html,2026-09-29T09:24:17+00:00
tuyensinh247_cutoffs,BVH,2026,7510301VM,Công nghệ vi mạch bán dẫn,A00;A01;X06;X26,25.64,https://diemthi.tuyensinh247.com/diem-chuan/hoc-vien-cong-nghe-buu-chinh-vien-thong-phia-bac-BVH.html,2026-09-29T09:24:17+00:00
tuyensinh247_cutoffs,BVH,2026,7520207AT,Trí tuệ nhân tạo vạn vật (AIoT),A00;A01;X06;X26,24.47,https://diemthi.tuyensinh247.com/diem-chuan/hoc-vien-cong-nghe-buu-chinh-vien-thong-phia-bac-BVH.html,2026-09-29T09:24:17+00:00
tuyensinh247_cutoffs,BVH,2026,7520207HK,Kỹ thuật Truyền thông Hàng không vũ trụ,A00;A01;X06;X26,21.17,https://diemthi.tuyensinh247.com/diem-chuan/hoc-vien-cong-nghe-buu-chinh-vien-thong-phia-bac-BVH.html,2026-09-29T09:24:17+00:00
tuyensinh247_cutoffs,BVH,2026,7520216,Kỹ thuật Điều khiển và tự động hóa,A00;A01;X06;X26,26.91,https://diemthi.tuyensinh247.com/diem-chuan/hoc-vien-cong-nghe-buu-chinh-vien-thong-phia-bac-BVH.html,2026-09-29T09:24:17+00:00
tuyensinh247_cutoffs,BVH,2026,7320104,Truyền thông đa phương tiện,A00;A01;D01;X06;X26,24.54,https://diemthi.tuyensinh247.com/diem-chuan/hoc-vien-cong-nghe-buu-chinh-vien-thong-phia-bac-BVH.html,2026-09-29T09:24:17+00:00
tuyensinh247_cutoffs,BVH,2026,7329001,Công nghệ đa phương tiện,A00;A01;D01;X06;X26,22.75,https://diemthi.tuyensinh247.com/diem-chuan/hoc-vien-cong-nghe-buu-chinh-vien-thong-phia-bac-BVH.html,2026-09-29T09:24:17+00:00
tuyensinh247_cutoffs,BVH,2026,7329001LK,"Công nghệ Đa phương tiện (Liên kết với đại học Canberra, Australia)",A00;A01;D01;X06;X26,22.75,https://diemthi.tuyensinh247.com/diem-chuan/hoc-vien-cong-nghe-buu-chinh-vien-thong-phia-bac-BVH.html,2026-09-29T09:24:17+00:00
tuyensinh247_cutoffs,BVH,2026,7340101DM,Quản trị Đổi mới sáng tạo và khởi nghiệp,A00;A01;D01;X06;X26,22.25,https://diemthi.tuyensinh247.com/diem-chuan/hoc-vien-cong-nghe-buu-chinh-vien-thong-phia-bac-BVH.html,2026-09-29T09:24:17+00:00
tuyensinh247_cutoffs,BVH,2026,7340115CL,Marketing (Chất lượng cao),A00;A01;D01;X06;X26,21.44,https://diemthi.tuyensinh247.com/diem-chuan/hoc-vien-cong-nghe-buu-chinh-vien-thong-phia-bac-BVH.html,2026-09-29T09:24:17+00:00
tuyensinh247_cutoffs,BVH,2026,7340201DL,"Phân tích dữ liệu trong tài chính, kinh doanh",A00;A01;D01;X06;X26,20.25,https://diemthi.tuyensinh247.com/diem-chuan/hoc-vien-cong-nghe-buu-chinh-vien-thong-phia-bac-BVH.html,2026-09-29T09:24:17+00:00
tuyensinh247_cutoffs,BVH,2026,7340301CL,Kế toán (chuẩn quốc tế ACCA),A00;A01;D01;X06;X26,20.5,https://diemthi.tuyensinh247.com/diem-chuan/hoc-vien-cong-nghe-buu-chinh-vien-thong-phia-bac-BVH.html,2026-09-29T09:24:17+00:00
tuyensinh247_cutoffs,BVH,2026,7480107,Trí tuệ nhân tạo,A00;A01;X06;X26,25,https://diemthi.tuyensinh247.com/diem-chuan/hoc-vien-cong-nghe-buu-chinh-vien-thong-phia-bac-BVH.html,2026-09-29T09:24:17+00:00
tuyensinh247_cutoffs,BVH,2026,7480202CL,An toàn thông tin (Chất lượng cao),A00;A01;X06;X26,23.2,https://diemthi.tuyensinh247.com/diem-chuan/hoc-vien-cong-nghe-buu-chinh-vien-thong-phia-bac-BVH.html,2026-09-29T09:24:17+00:00
tuyensinh247_cutoffs,BVH,2026,7520207,Kỹ thuật Điện tử viễn thông,A00;A01;X06;X26,25.18,https://diemthi.tuyensinh247.com/diem-chuan/hoc-vien-cong-nghe-buu-chinh-vien-thong-phia-bac-BVH.html,2026-09-29T09:24:17+00:00
tuyensinh247_cutoffs,BVH,2026,7520216UR,UAV và Robot di động tự hành,A00;A01;X06;X26,23.14,https://diemthi.tuyensinh247.com/diem-chuan/hoc-vien-cong-nghe-buu-chinh-vien-thong-phia-bac-BVH.html,2026-09-29T09:24:17+00:00
tuyensinh247_cutoffs,DCN,2026,7220201,Ngôn ngữ Anh,D01,20.5,https://diemthi.tuyensinh247.com/diem-chuan/dai-hoc-cong-nghiep-ha-noi-DCN.html,2026-09-29T09:24:19+00:00
tuyensinh247_cutoffs,DCN,2026,7220204,Ngôn ngữ Trung Quốc,D01;D04,23.72,https://diemthi.tuyensinh247.com/diem-chuan/dai-hoc-cong-nghiep-ha-noi-DCN.html,2026-09-29T09:24:19+00:00
tuyensinh247_cutoffs,DCN,2026,7220209,Ngôn ngữ Nhật,D01;D06,18.25,https://diemthi.tuyensinh247.com/diem-chuan/dai-hoc-cong-nghiep-ha-noi-DCN.html,2026-09-29T09:24:19+00:00
tuyensinh247_cutoffs,DCN,2026,7220210,Ngôn ngữ Hàn Quốc,D01;DD2,21,https://diemthi.tuyensinh247.com/diem-chuan/dai-hoc-cong-nghiep-ha-noi-DCN.html,2026-09-29T09:24:19+00:00
tuyensinh247_cutoffs,DCN,2026,7229020,Ngôn ngữ học,D01;D14,18.25,https://diemthi.tuyensinh247.com/diem-chuan/dai-hoc-cong-nghiep-ha-noi-DCN.html,2026-09-29T09:24:19+00:00
tuyensinh247_cutoffs,DCN,2026,7310612,Trung Quốc học,D01;D04,19.75,https://diemthi.tuyensinh247.com/diem-chuan/dai-hoc-cong-nghiep-ha-noi-DCN.html,2026-09-29T09:24:19+00:00
tuyensinh247_cutoffs,DCN,2026,7340101,Quản trị kinh doanh,A01;D01;X25,19,https://diemthi.tuyensinh247.com/diem-chuan/dai-hoc-cong-nghiep-ha-noi-DCN.html,2026-09-29T09:24:19+00:00
tuyensinh247_cutoffs,DCN,2026,73401012,Phân tích dữ liệu kinh doanh,A01;D01;X25,17.25,https://diemthi.tuyensinh247.com/diem-chuan/dai-hoc-cong-nghiep-ha-noi-DCN.html,2026-09-29T09:24:19+00:00
tuyensinh247_cutoffs,DCN,2026,7340201,Tài chính - Ngân hàng,A01;D01;X25,19,https://diemthi.tuyensinh247.com/diem-chuan/dai-hoc-cong-nghiep-ha-noi-DCN.html,2026-09-29T09:24:19+00:00
tuyensinh247_cutoffs,DCN,2026,7340301,Kế toán,A01;D01;X25,19,https://diemthi.tuyensinh247.com/diem-chuan/dai-hoc-cong-nghiep-ha-noi-DCN.html,2026-09-29T09:24:19+00:00
tuyensinh247_cutoffs,DCN,2026,7340404,Quản trị nhân lực,A01;D01;X25,20.75,https://diemthi.tuyensinh247.com/diem-chuan/dai-hoc-cong-nghiep-ha-noi-DCN.html,2026-09-29T09:24:19+00:00
tuyensinh247_cutoffs,DCN,2026,7340406,Quản trị văn phòng,A01;D01;X25,17,https://diemthi.tuyensinh247.com/diem-chuan/dai-hoc-cong-nghiep-ha-noi-DCN.html,2026-09-29T09:24:19+00:00
tuyensinh247_cutoffs,DCN,2026,7420201,Công nghệ sinh học,A02;B00;B03;D08,17.35,https://diemthi.tuyensinh247.com/diem-chuan/dai-hoc-cong-nghiep-ha-noi-DCN.html,2026-09-29T09:24:19+00:00
tuyensinh247_cutoffs,DCN,2026,74801012,Trí tuệ nhân tạo,A00;A01;X06;X07,22.5,https://diemthi.tuyensinh247.com/diem-chuan/dai-hoc-cong-nghiep-ha-noi-DCN.html,2026-09-29T09:24:19+00:00
tuyensinh247_cutoffs,DCN,2026,7480102,Mạng máy tính và truyền thông dữ liệu,A00;A01;X06;X07,20.5,https://diemthi.tuyensinh247.com/diem-chuan/dai-hoc-cong-nghiep-ha-noi-DCN.html,2026-09-29T09:24:19+00:00
tuyensinh247_cutoffs,DCN,2026,7480104,Hệ thống thông tin,A00;A01;X06;X07,21,https://diemthi.tuyensinh247.com/diem-chuan/dai-hoc-cong-nghiep-ha-noi-DCN.html,2026-09-29T09:24:19+00:00
tuyensinh247_cutoffs,DCN,2026,7480108,Công nghệ kỹ thuật máy tính,A00;A01;X06;X07,22.75,https://diemthi.tuyensinh247.com/diem-chuan/dai-hoc-cong-nghiep-ha-noi-DCN.html,2026-09-29T09:24:19+00:00
tuyensinh247_cutoffs,DCN,2026,74801081,Vi mạch bán dẫn,A00;A01;X06;X07,24.68,https://diemthi.tuyensinh247.com/diem-chuan/dai-hoc-cong-nghiep-ha-noi-DCN.html,2026-09-29T09:24:19+00:00
tuyensinh247_cutoffs,DCN,2026,74802012,Công nghệ đa phương tiện,A00;A01;X06;X07,19.5,https://diemthi.tuyensinh247.com/diem-chuan/dai-hoc-cong-nghiep-ha-noi-DCN.html,2026-09-29T09:24:19+00:00
tuyensinh247_cutoffs,DCN,2026,7480202,An toàn thông tin,A00;A01;X06;X07,23.7,https://diemthi.tuyensinh247.com/diem-chuan/dai-hoc-cong-nghiep-ha-noi-DCN.html,2026-09-29T09:24:19+00:00
tuyensinh247_cutoffs,DCN,2026,75102012,Công nghệ kỹ thuật khuôn mẫu,A00;A01;X06;X07,23,https://diemthi.tuyensinh247.com/diem-chuan/dai-hoc-cong-nghiep-ha-noi-DCN.html,2026-09-29T09:24:19+00:00
tuyensinh247_cutoffs,DCN,2026,75102013,Thiết kế cơ khí và kiểu dáng công nghiệp,A00;A01;X06;X07,22.25,https://diemthi.tuyensinh247.com/diem-chuan/dai-hoc-cong-nghiep-ha-noi-DCN.html,2026-09-29T09:24:19+00:00
tuyensinh247_cutoffs,DCN,2026,7510203,Công nghệ kỹ thuật cơ điện tử,A00;A01;X06;X07,26.5,https://diemthi.tuyensinh247.com/diem-chuan/dai-hoc-cong-nghiep-ha-noi-DCN.html,2026-09-29T09:24:19+00:00
tuyensinh247_cutoffs,DCN,2026,75102033,Công nghệ kỹ thuật cơ điện tử ô tô,A00;A01;X06;X07,25.05,https://diemthi.tuyensinh247.com/diem-chuan/dai-hoc-cong-nghiep-ha-noi-DCN.html,2026-09-29T09:24:19+00:00
tuyensinh247_cutoffs,DCN,2026,7510205,Công nghệ kỹ thuật ô tô,A00;A01;X06;X07,22.75,https://diemthi.tuyensinh247.com/diem-chuan/dai-hoc-cong-nghiep-ha-noi-DCN.html,2026-09-29T09:24:19+00:00
tuyensinh247_cutoffs,DCN,2026,7510251,Kỹ thuật ô tô và năng lượng mới,A00;A01;X06;X07,23.1,https://diemthi.tuyensinh247.com/diem-chuan/dai-hoc-cong-nghiep-ha-noi-DCN.html,2026-09-29T09:24:19+00:00
tuyensinh247_cutoffs,DCN,2026,7510301,Công nghệ kỹ thuật điện; điện tử,A00;A01;X06;X07,25.14,https://diemthi.tuyensinh247.com/diem-chuan/dai-hoc-cong-nghiep-ha-noi-DCN.html,2026-09-29T09:24:19+00:00
tuyensinh247_cutoffs,DCN,2026,75103021,Công nghệ kỹ thuật điện tử y sinh,A00;A01;X06;X07,20.85,https://diemthi.tuyensinh247.com/diem-chuan/dai-hoc-cong-nghiep-ha-noi-DCN.html,2026-09-29T09:24:19+00:00
tuyensinh247_cutoffs,DCN,2026,7510303,Công nghệ kỹ thuật điều khiển và tự động hóa,A00;A01;X06;X07,27.39,https://diemthi.tuyensinh247.com/diem-chuan/dai-hoc-cong-nghiep-ha-noi-DCN.html,2026-09-29T09:24:19+00:00
tuyensinh247_cutoffs,DCN,2026,75103031,Kỹ thuật sản xuất thông minh,A00;A01;X06;X07,23.23,https://diemthi.tuyensinh247.com/diem-chuan/dai-hoc-cong-nghiep-ha-noi-DCN.html,2026-09-29T09:24:19+00:00
tuyensinh247_cutoffs,DCN,2026,7510402,Công nghệ vật liệu,A00;B00;C02;D07,20.85,https://diemthi.tuyensinh247.com/diem-chuan/dai-hoc-cong-nghiep-ha-noi-DCN.html,2026-09-29T09:24:19+00:00
tuyensinh247_cutoffs,DCN,2026,7510406,Công nghệ kỹ thuật môi trường,A00;B00;C02;D07,19.5,https://diemthi.tuyensinh247.com/diem-chuan/dai-hoc-cong-nghiep-ha-noi-DCN.html,2026-09-29T09:24:19+00:00
tuyensinh247_cutoffs,DCN,2026,75190071,Năng lượng tái tạo,A00;A01;X06;X07,21.25,https://diemthi.tuyensinh247.com/diem-chuan/dai-hoc-cong-nghiep-ha-noi-DCN.html,2026-09-29T09:24:19+00:00
tuyensinh247_cutoffs,DCN,2026,7520116,Kỹ thuật cơ khí động lực,A00;A01;X06;X07,23.75,https://diemthi.tuyensinh247.com/diem-chuan/dai-hoc-cong-nghiep-ha-noi-DCN.html,2026-09-29T09:24:19+00:00
tuyensinh247_cutoffs,DCN,2026,7520118,Kỹ thuật hệ thống công nghiệp,A00;A01;X06;X07,22.75,https://diemthi.tuyensinh247.com/diem-chuan/dai-hoc-cong-nghiep-ha-noi-DCN.html,2026-09-29T09:24:19+00:00
tuyensinh247_cutoffs,DCN,2026,7540203,Công nghệ vật liệu dệt; may,A00;A01;A02;X05,17,https://diemthi.tuyensinh247.com/diem-chuan/dai-hoc-cong-nghiep-ha-noi-DCN.html,2026-09-29T09:24:19+00:00
tuyensinh247_cutoffs,DCN,2026,7540204,Công nghệ dệt; may,A00;A01;A02;X05,17,https://diemthi.tuyensinh247.com/diem-chuan/dai-hoc-cong-nghiep-ha-noi-DCN.html,2026-09-29T09:24:19+00:00
tuyensinh247_cutoffs,DCN,2026,7810101,Du lịch,D01;D14;D15,17,https://diemthi.tuyensinh247.com/diem-chuan/dai-hoc-cong-nghiep-ha-noi-DCN.html,2026-09-29T09:24:19+00:00
tuyensinh247_cutoffs,DCN,2026,7810103,Quản trị dịch vụ du lịch và lữ hành,D01;D14;D15,17.85,https://diemthi.tuyensinh247.com/diem-chuan/dai-hoc-cong-nghiep-ha-noi-DCN.html,2026-09-29T09:24:19+00:00
tuyensinh247_cutoffs,DCN,2026,7810201,Quản trị khách sạn,D01;D14;D15,17,https://diemthi.tuyensinh247.com/diem-chuan/dai-hoc-cong-nghiep-ha-noi-DCN.html,2026-09-29T09:24:19+00:00
tuyensinh247_cutoffs,DCN,2026,7210404,Thiết kế thời trang,C01;C03;C04;D01,21.6,https://diemthi.tuyensinh247.com/diem-chuan/dai-hoc-cong-nghiep-ha-noi-DCN.html,2026-09-29T09:24:19+00:00
tuyensinh247_cutoffs,DCN,2026,7220204LK,Ngôn ngữ Trung Quốc (LK2+2 với ĐHKHKT Quảng Tây),D01;D04,24.49,https://diemthi.tuyensinh247.com/diem-chuan/dai-hoc-cong-nghiep-ha-noi-DCN.html,2026-09-29T09:24:19+00:00
tuyensinh247_cutoffs,DCN,2026,7310104,Kinh tế đầu tư,A01;D01;X25,20.5,https://diemthi.tuyensinh247.com/diem-chuan/dai-hoc-cong-nghiep-ha-noi-DCN.html,2026-09-29T09:24:19+00:00
tuyensinh247_cutoffs,DCN,2026,7340115,Marketing,A01;D01;X25,21,https://diemthi.tuyensinh247.com/diem-chuan/dai-hoc-cong-nghiep-ha-noi-DCN.html,2026-09-29T09:24:19+00:00
tuyensinh247_cutoffs,DCN,2026,7340302,Kiểm toán,A01;D01;X25,17.75,https://diemthi.tuyensinh247.com/diem-chuan/dai-hoc-cong-nghiep-ha-noi-DCN.html,2026-09-29T09:24:19+00:00
tuyensinh247_cutoffs,DCN,2026,7480101,Khoa học máy tính,A00;A01;X06;X07,22,https://diemthi.tuyensinh247.com/diem-chuan/dai-hoc-cong-nghiep-ha-noi-DCN.html,2026-09-29T09:24:19+00:00
tuyensinh247_cutoffs,DCN,2026,7480103,Kỹ thuật phần mềm,A00;A01;X06;X07,20.85,https://diemthi.tuyensinh247.com/diem-chuan/dai-hoc-cong-nghiep-ha-noi-DCN.html,2026-09-29T09:24:19+00:00
tuyensinh247_cutoffs,DCN,2026,7480201,Công nghệ thông tin,A00;A01;X06;X07,22,https://diemthi.tuyensinh247.com/diem-chuan/dai-hoc-cong-nghiep-ha-noi-DCN.html,2026-09-29T09:24:19+00:00
tuyensinh247_cutoffs,DCN,2026,7510201,Công nghệ kỹ thuật cơ khí,A00;A01;X06;X07,24.68,https://diemthi.tuyensinh247.com/diem-chuan/dai-hoc-cong-nghiep-ha-noi-DCN.html,2026-09-29T09:24:19+00:00
tuyensinh247_cutoffs,DCN,2026,75102032,Robot và trí tuệ nhân tạo,A00;A01;X06;X07,25.65,https://diemthi.tuyensinh247.com/diem-chuan/dai-hoc-cong-nghiep-ha-noi-DCN.html,2026-09-29T09:24:19+00:00
tuyensinh247_cutoffs,DCN,2026,7510206,Công nghệ kỹ thuật nhiệt,A00;A01;X06;X07,23.47,https://diemthi.tuyensinh247.com/diem-chuan/dai-hoc-cong-nghiep-ha-noi-DCN.html,2026-09-29T09:24:19+00:00
tuyensinh247_cutoffs,DCN,2026,7510302,Công nghệ kỹ thuật điện tử - viễn thông,A00;A01;X06;X07,23.47,https://diemthi.tuyensinh247.com/diem-chuan/dai-hoc-cong-nghiep-ha-noi-DCN.html,2026-09-29T09:24:19+00:00
tuyensinh247_cutoffs,DCN,2026,7510401,Công nghệ kỹ thuật hóa học,A00;B00;C02;D07,22.25,https://diemthi.tuyensinh247.com/diem-chuan/dai-hoc-cong-nghiep-ha-noi-DCN.html,2026-09-29T09:24:19+00:00
tuyensinh247_cutoffs,DCN,2026,7510605,Logistics và quản lý chuỗi cung ứng,A01;D01;X25,23.48,https://diemthi.tuyensinh247.com/diem-chuan/dai-hoc-cong-nghiep-ha-noi-DCN.html,2026-09-29T09:24:19+00:00
tuyensinh247_cutoffs,DCN,2026,7540101,Công nghệ thực phẩm,A00;B00;C02;D07,21.5,https://diemthi.tuyensinh247.com/diem-chuan/dai-hoc-cong-nghiep-ha-noi-DCN.html,2026-09-29T09:24:19+00:00
tuyensinh247_cutoffs,DCN,2026,7720203,Hóa dược,A00;B00;C02;D07,22.25,https://diemthi.tuyensinh247.com/diem-chuan/dai-hoc-cong-nghiep-ha-noi-DCN.html,2026-09-29T09:24:19+00:00
tuyensinh247_cutoffs,DCN,2026,7810202,Quản trị nhà hàng và dịch vụ ăn uống,D01;D14;D15,17,https://diemthi.tuyensinh247.com/diem-chuan/dai-hoc-cong-nghiep-ha-noi-DCN.html,2026-09-29T09:24:19+00:00
tuyensinh247_cutoffs,GHA,2026,GHA01,Ngôn ngữ Anh,D01;D09;D10,22.7,https://diemthi.tuyensinh247.com/diem-chuan/dai-hoc-giao-thong-van-tai-co-so-phia-bac-GHA.html,2026-09-29T09:24:21+00:00
tuyensinh247_cutoffs,GHA,2026,GHA03,Kinh tế (chuyên ngành: Kinh tế và\r\nquản lý đầu tư; Kinh tế bưu chính viễn\r\nthông),A00;A01;D01;C01,24.09,https://diemthi.tuyensinh247.com/diem-chuan/dai-hoc-giao-thong-van-tai-co-so-phia-bac-GHA.html,2026-09-29T09:24:21+00:00
tuyensinh247_cutoffs,GHA,2026,GHA04,Quản trị kinh doanh,A00;A01;D01;C01,24.01,https://diemthi.tuyensinh247.com/diem-chuan/dai-hoc-giao-thong-van-tai-co-so-phia-bac-GHA.html,2026-09-29T09:24:21+00:00
tuyensinh247_cutoffs,GHA,2026,GHA04QT,Quản trị kinh doanh (Chương trình CLC Quản trị kinh doanh Việt-Anh),A00;A01;D01;C01,20.85,https://diemthi.tuyensinh247.com/diem-chuan/dai-hoc-giao-thong-van-tai-co-so-phia-bac-GHA.html,2026-09-29T09:24:21+00:00
tuyensinh247_cutoffs,GHA,2026,GHA06,Kế toán (chuyên ngành Kế toán tổng\r\nhợp),A00;A01;D01;C01,24.65,https://diemthi.tuyensinh247.com/diem-chuan/dai-hoc-giao-thong-van-tai-co-so-phia-bac-GHA.html,2026-09-29T09:24:21+00:00
tuyensinh247_cutoffs,GHA,2026,GHA06QT,Kế toán (Chương trình CLC Kế toán tổng hợp Việt-Anh),A00;A01;D01;C01,21.5,https://diemthi.tuyensinh247.com/diem-chuan/dai-hoc-giao-thong-van-tai-co-so-phia-bac-GHA.html,2026-09-29T09:24:21+00:00
tuyensinh247_cutoffs,GHA,2026,GHA08,"Khai thác vận tải (Chuyên ngành: Vận tải - Thương mại quốc tế, Quy hoạch và quản lý GTVT đô thị, Vận tải - Kinh tế đường bộ và thành phố, Vận tải đường sắt)",A00;A01;D01;C01,24.83,https://diemthi.tuyensinh247.com/diem-chuan/dai-hoc-giao-thong-van-tai-co-so-phia-bac-GHA.html,2026-09-29T09:24:21+00:00
tuyensinh247_cutoffs,GHA,2026,GHA08DS,"Khai thác vận tải (Chuyên ngành: Khai thác và quản lý đường sắt tốc độ cao, Khai thác và quản lý đường sắt đô thị)",A00;A01;D01;C01,23.7,https://diemthi.tuyensinh247.com/diem-chuan/dai-hoc-giao-thong-van-tai-co-so-phia-bac-GHA.html,2026-09-29T09:24:21+00:00
tuyensinh247_cutoffs,GHA,2026,GHA10,Logistics và quản lý chuỗi cung ứng,A00;A01;D01;C01,26.44,https://diemthi.tuyensinh247.com/diem-chuan/dai-hoc-giao-thong-van-tai-co-so-phia-bac-GHA.html,2026-09-29T09:24:21+00:00
tuyensinh247_cutoffs,GHA,2026,GHA10QT,Logistics và quản lý chuỗi cung ứng (Chương trình CLC Logistics và quản lý chuỗi cung ứng Việt -Anh),A00;A01;D01;C01,25.62,https://diemthi.tuyensinh247.com/diem-chuan/dai-hoc-giao-thong-van-tai-co-so-phia-bac-GHA.html,2026-09-29T09:24:21+00:00
tuyensinh247_cutoffs,GHA,2026,GHA11QT,Kinh tế xây dựng (Chương trình CLC Kinh tế xây dựng công trình giao thông Việt - Anh),A00;A01;D01;C01;X06,21.98,https://diemthi.tuyensinh247.com/diem-chuan/dai-hoc-giao-thong-van-tai-co-so-phia-bac-GHA.html,2026-09-29T09:24:21+00:00
tuyensinh247_cutoffs,GHA,2026,GHA12,Quản lý xây dựng (Chuyên ngành Quản lý dự án),A00;A01;D01;C01;X06,23.66,https://diemthi.tuyensinh247.com/diem-chuan/dai-hoc-giao-thong-van-tai-co-so-phia-bac-GHA.html,2026-09-29T09:24:21+00:00
tuyensinh247_cutoffs,GHA,2026,GHA13,Khoa học máy tính,A00;A01;C01;X06,24.93,https://diemthi.tuyensinh247.com/diem-chuan/dai-hoc-giao-thong-van-tai-co-so-phia-bac-GHA.html,2026-09-29T09:24:21+00:00
tuyensinh247_cutoffs,GHA,2026,GHA14,Công nghệ thông tin,A00;A01;C01;X06,24.2,https://diemthi.tuyensinh247.com/diem-chuan/dai-hoc-giao-thong-van-tai-co-so-phia-bac-GHA.html,2026-09-29T09:24:21+00:00
tuyensinh247_cutoffs,GHA,2026,GHA15,Trí tuệ nhân tạo,A00;A01;C01;X06,24.41,https://diemthi.tuyensinh247.com/diem-chuan/dai-hoc-giao-thong-van-tai-co-so-phia-bac-GHA.html,2026-09-29T09:24:21+00:00
tuyensinh247_cutoffs,GHA,2026,GHA16,Kỹ thuật cơ khí (chuyên ngành: Công nghệ chế tạo cơ khí; Tự động hoá thiết kế cơ khí),A00;A01;D07;C01;X06,26.01,https://diemthi.tuyensinh247.com/diem-chuan/dai-hoc-giao-thong-van-tai-co-so-phia-bac-GHA.html,2026-09-29T09:24:21+00:00
tuyensinh247_cutoffs,GHA,2026,GHA16QT,Kỹ thuật cơ khí\r\n(Chương trình CLC Tự động hóa thiết kế cơ khí),A00;A01;C01;D07;X06,24.38,https://diemthi.tuyensinh247.com/diem-chuan/dai-hoc-giao-thong-van-tai-co-so-phia-bac-GHA.html,2026-09-29T09:24:21+00:00
tuyensinh247_cutoffs,GHA,2026,GHA18,Kỹ thuật nhiệt (chuyên ngành: Kỹ thuật nhiệt lạnh và điều hoà không khí),A00;A01;D07;C01;X06,25.45,https://diemthi.tuyensinh247.com/diem-chuan/dai-hoc-giao-thong-van-tai-co-so-phia-bac-GHA.html,2026-09-29T09:24:21+00:00
tuyensinh247_cutoffs,GHA,2026,GHA19DS,Kỹ thuật cơ khí động lực (chuyên ngành: Kỹ thuật phương tiện đường sắt tốc độ cao),A00;A01;D01;C01;X06,24.23,https://diemthi.tuyensinh247.com/diem-chuan/dai-hoc-giao-thong-van-tai-co-so-phia-bac-GHA.html,2026-09-29T09:24:21+00:00
tuyensinh247_cutoffs,GHA,2026,GHA20,Kỹ thuật ô tô,A00;A01;D07;C01;X06,24.76,https://diemthi.tuyensinh247.com/diem-chuan/dai-hoc-giao-thong-van-tai-co-so-phia-bac-GHA.html,2026-09-29T09:24:21+00:00
tuyensinh247_cutoffs,GHA,2026,GHA21,Kỹ thuật điện (chuyên ngành: Trang bị điện trong công nghiệp và GTVT; Hệ thống điện trong giao thông và công nghiệp),A00;A01;C01;X06,25.63,https://diemthi.tuyensinh247.com/diem-chuan/dai-hoc-giao-thong-van-tai-co-so-phia-bac-GHA.html,2026-09-29T09:24:21+00:00
tuyensinh247_cutoffs,GHA,2026,GHA21DS,Kỹ thuật điện (chuyên ngành: Hệ thống điện đường sắt tốc độ cao; đường sắt đô thị),A00;A01;C01;X06,24.9,https://diemthi.tuyensinh247.com/diem-chuan/dai-hoc-giao-thong-van-tai-co-so-phia-bac-GHA.html,2026-09-29T09:24:21+00:00
tuyensinh247_cutoffs,GHA,2026,GHA22BD,Kỹ thuật điện tử - viễn thông (chuyên ngành: Kỹ thuật điện tử và tin học công nghiệp),A00;A01;C01;X06,25,https://diemthi.tuyensinh247.com/diem-chuan/dai-hoc-giao-thong-van-tai-co-so-phia-bac-GHA.html,2026-09-29T09:24:21+00:00
tuyensinh247_cutoffs,GHA,2026,GHA22QT,Kỹ thuật điện tử - viễn thông (Chuyên ngành Kỹ thuật điện tử và tin học công nghiệp),A00;A01;C01;X06,23.26,https://diemthi.tuyensinh247.com/diem-chuan/dai-hoc-giao-thong-van-tai-co-so-phia-bac-GHA.html,2026-09-29T09:24:21+00:00
tuyensinh247_cutoffs,GHA,2026,GHA23DS,Kỹ thuật điều khiển và tự động hoá\r\n(chuyên ngành: Điều khiển và thông tin tín hiệu đường sắt hiện đại),A00;A01;C01;X06,25.52,https://diemthi.tuyensinh247.com/diem-chuan/dai-hoc-giao-thong-van-tai-co-so-phia-bac-GHA.html,2026-09-29T09:24:21+00:00
tuyensinh247_cutoffs,GHA,2026,GHA23TM,Kỹ thuật điều khiển và tự động hóa (Chuyên ngành Hệ thống giao thông thông minh),A00;A01;C01;X06,25.78,https://diemthi.tuyensinh247.com/diem-chuan/dai-hoc-giao-thong-van-tai-co-so-phia-bac-GHA.html,2026-09-29T09:24:21+00:00
tuyensinh247_cutoffs,GHA,2026,GHA25,Kỹ thuật môi trường,A00;B00;D01;C01;X06,22.21,https://diemthi.tuyensinh247.com/diem-chuan/dai-hoc-giao-thong-van-tai-co-so-phia-bac-GHA.html,2026-09-29T09:24:21+00:00
tuyensinh247_cutoffs,GHA,2026,GHA26,Kỹ thuật an toàn giao thông,A00;A01;D01;C01;X06,21.5,https://diemthi.tuyensinh247.com/diem-chuan/dai-hoc-giao-thong-van-tai-co-so-phia-bac-GHA.html,2026-09-29T09:24:21+00:00
tuyensinh247_cutoffs,GHA,2026,GHA28,"Kỹ thuật xây dựng (Chuyên ngành: Xây dựng dân dụng và công nghiệp, Kết cấu xây dựng, Vật liệu và công nghệ xây dựng)",A00;A01;D01;C01;D07,23.53,https://diemthi.tuyensinh247.com/diem-chuan/dai-hoc-giao-thong-van-tai-co-so-phia-bac-GHA.html,2026-09-29T09:24:21+00:00
tuyensinh247_cutoffs,GHA,2026,GHA28QT1,Kỹ thuật xây dựng (Chương trình tiên tiến Kỹ thuật xây dựng công trình giao thông),A00;A01;D01;C01;D07,21.56,https://diemthi.tuyensinh247.com/diem-chuan/dai-hoc-giao-thong-van-tai-co-so-phia-bac-GHA.html,2026-09-29T09:24:21+00:00
tuyensinh247_cutoffs,GHA,2026,GHA29,Kỹ thuật cơ sở hạ tầng (Chuyên ngành Cơ sở hạ tầng kỹ thuật đô thị),A00;A01;D01;C01;D07,22.82,https://diemthi.tuyensinh247.com/diem-chuan/dai-hoc-giao-thong-van-tai-co-so-phia-bac-GHA.html,2026-09-29T09:24:21+00:00
tuyensinh247_cutoffs,GHA,2026,GHA30,Quản lý đô thị và công trình,A00;A01;D01;C01;X06,22.76,https://diemthi.tuyensinh247.com/diem-chuan/dai-hoc-giao-thong-van-tai-co-so-phia-bac-GHA.html,2026-09-29T09:24:21+00:00
tuyensinh247_cutoffs,GHA,2026,GHA32,"Kỹ thuật xây dựng công trình giao thông (Chuyên ngành: Cầu đường bộ, Đường bộ và kỹ thuật giao thông, Cầu và kết cấu, Đường sắt và đường sắt đô thị, Xây dựng sân bay cảng hàng không, Công trình giao thông đô thị)",A00;A01;D01;C01;X06,21.31,https://diemthi.tuyensinh247.com/diem-chuan/dai-hoc-giao-thong-van-tai-co-so-phia-bac-GHA.html,2026-09-29T09:24:21+00:00
tuyensinh247_cutoffs,GHA,2026,GHA32QT1,Kỹ thuật xây dựng công trình giao thông (Chương trình CLC Cầu - Đường bộ Việt - Pháp),A00;A01;D03;C01;X06,20.16,https://diemthi.tuyensinh247.com/diem-chuan/dai-hoc-giao-thong-van-tai-co-so-phia-bac-GHA.html,2026-09-29T09:24:21+00:00
tuyensinh247_cutoffs,GHA,2026,GHA32QT2,Kỹ thuật xây dựng công trình giao thông (Chương trình CLC Cầu- Đường bộ Việt - Anh),A00;A01;D01;C01;X06,20.55,https://diemthi.tuyensinh247.com/diem-chuan/dai-hoc-giao-thong-van-tai-co-so-phia-bac-GHA.html,2026-09-29T09:24:21+00:00
tuyensinh247_cutoffs,GHA,2026,GHA33,Kỹ thuật máy tính (theo hướng chuyên sâu vi mạch-bán dẫn; bao gồm lớp kỹ sư tài năng),A00;A01;C01;X06,24.83,https://diemthi.tuyensinh247.com/diem-chuan/dai-hoc-giao-thong-van-tai-co-so-phia-bac-GHA.html,2026-09-29T09:24:21+00:00
tuyensinh247_cutoffs,GHA,2026,GHA02,Toán ứng dụng (chuyên ngành Toán tin ứng dụng),A00;A01;C01;X06,24.17,https://diemthi.tuyensinh247.com/diem-chuan/dai-hoc-giao-thong-van-tai-co-so-phia-bac-GHA.html,2026-09-29T09:24:21+00:00
tuyensinh247_cutoffs,GHA,2026,GHA05,Tài chính - Ngân hàng,A00;A01;D01;C01,24.34,https://diemthi.tuyensinh247.com/diem-chuan/dai-hoc-giao-thong-van-tai-co-so-phia-bac-GHA.html,2026-09-29T09:24:21+00:00
tuyensinh247_cutoffs,GHA,2026,GHA07,Quản trị dịch vụ du lịch và lữ hành,A00;A01;D01;C01,22.84,https://diemthi.tuyensinh247.com/diem-chuan/dai-hoc-giao-thong-van-tai-co-so-phia-bac-GHA.html,2026-09-29T09:24:21+00:00
tuyensinh247_cutoffs,GHA,2026,GHA09,"Kinh tế vận tải (Chuyên ngành: Kinh tế vận tải ô tô, Kinh tế vận tải hàng không, Kinh tế vận tải đường sắt, Kinh tế vận tải thủy bộ)",A00;A01;D01;C01,24.74,https://diemthi.tuyensinh247.com/diem-chuan/dai-hoc-giao-thong-van-tai-co-so-phia-bac-GHA.html,2026-09-29T09:24:21+00:00
tuyensinh247_cutoffs,GHA,2026,GHA11,"Kinh tế xây dựng (Chuyên ngành: Kinh tế và quản lý cơ sở hạ tầng, Kinh tế và quản lý đầu tư xây dựng)",A00;A01;D01;C01;X06,24.2,https://diemthi.tuyensinh247.com/diem-chuan/dai-hoc-giao-thong-van-tai-co-so-phia-bac-GHA.html,2026-09-29T09:24:21+00:00
tuyensinh247_cutoffs,GHA,2026,GHA12QT,Quản lý xây dựng (Chương trình CLC Quản lý xây dựng Việt - Anh),A00;A01;D01;C01;X06,20.43,https://diemthi.tuyensinh247.com/diem-chuan/dai-hoc-giao-thong-van-tai-co-so-phia-bac-GHA.html,2026-09-29T09:24:21+00:00
tuyensinh247_cutoffs,GHA,2026,GHA14QT,Công nghệ thông tin\r\n(Chương trình CLC Công nghệ thông tin Việt-Anh),A00;A01;C01;X06,22.44,https://diemthi.tuyensinh247.com/diem-chuan/dai-hoc-giao-thong-van-tai-co-so-phia-bac-GHA.html,2026-09-29T09:24:21+00:00
tuyensinh247_cutoffs,GHA,2026,GHA17,Kỹ thuật cơ điện tử,A00;A01;D07;C01;X06,26.23,https://diemthi.tuyensinh247.com/diem-chuan/dai-hoc-giao-thong-van-tai-co-so-phia-bac-GHA.html,2026-09-29T09:24:21+00:00
tuyensinh247_cutoffs,GHA,2026,GHA19,Kỹ thuật cơ khí động lực (chuyên ngành: Kỹ thuật phương tiện đường sắt; Máy xây dựng; Kỹ thuật máy động lực),A00;A01;D07;C01;X06,24.56,https://diemthi.tuyensinh247.com/diem-chuan/dai-hoc-giao-thong-van-tai-co-so-phia-bac-GHA.html,2026-09-29T09:24:21+00:00
tuyensinh247_cutoffs,GHA,2026,GHA20QT,Kỹ thuật ô tô\r\n(Chương trình CLC Kỹ thuật ô tô Việt - Anh),A00;A01;C01;D07;X06,22.79,https://diemthi.tuyensinh247.com/diem-chuan/dai-hoc-giao-thong-van-tai-co-so-phia-bac-GHA.html,2026-09-29T09:24:21+00:00
tuyensinh247_cutoffs,GHA,2026,GHA22,Kỹ thuật điện tử - viễn thông (chuyên\r\nngành: Kỹ thuật viễn thông; Kỹ thuật thông tin và truyền thông),A00;A01;C01;X06,24.87,https://diemthi.tuyensinh247.com/diem-chuan/dai-hoc-giao-thong-van-tai-co-so-phia-bac-GHA.html,2026-09-29T09:24:21+00:00
tuyensinh247_cutoffs,GHA,2026,GHA23,Kỹ thuật điều khiển và tự động hoá\r\n(chuyên ngành: Tự động hoá; Kỹ thuật điều khiển và tự động hoá giao thông),A00;A01;C01;X06,26.5,https://diemthi.tuyensinh247.com/diem-chuan/dai-hoc-giao-thong-van-tai-co-so-phia-bac-GHA.html,2026-09-29T09:24:21+00:00
tuyensinh247_cutoffs,GHA,2026,GHA24,Kỹ thuật robot (chuyên ngành Kỹ thuật robot & trí tuệ nhân tạo),A00;A01;C01;X06,25.18,https://diemthi.tuyensinh247.com/diem-chuan/dai-hoc-giao-thong-van-tai-co-so-phia-bac-GHA.html,2026-09-29T09:24:21+00:00
tuyensinh247_cutoffs,GHA,2026,GHA27,Kiến trúc,A00;A01;V00;V01,22.23,https://diemthi.tuyensinh247.com/diem-chuan/dai-hoc-giao-thong-van-tai-co-so-phia-bac-GHA.html,2026-09-29T09:24:21+00:00
tuyensinh247_cutoffs,GHA,2026,GHA28QT2,Kỹ thuật xây dựng (Chương trình CLC Xây dựng dân dụng và công nghiệp),A00;A01;D01;C01;D07,20.26,https://diemthi.tuyensinh247.com/diem-chuan/dai-hoc-giao-thong-van-tai-co-so-phia-bac-GHA.html,2026-09-29T09:24:21+00:00
tuyensinh247_cutoffs,GHA,2026,GHA31,Kỹ thuật xây dựng công trình thủy,A00;A01;D01;C01;X06,21.88,https://diemthi.tuyensinh247.com/diem-chuan/dai-hoc-giao-thong-van-tai-co-so-phia-bac-GHA.html,2026-09-29T09:24:21+00:00
tuyensinh247_cutoffs,GHA,2026,GHA32DS,Kỹ thuật xây dựng công trình giao thông (Chuyên ngành Đường sắt tốc độ cao),A00;A01;D01;C01;X06,23.96,https://diemthi.tuyensinh247.com/diem-chuan/dai-hoc-giao-thong-van-tai-co-so-phia-bac-GHA.html,2026-09-29T09:24:21+00:00
tuyensinh247_cutoffs,GHA,2026,GHA32QT3,Kỹ thuật xây dựng công trình giao thông (Chương trình CLC Công trình giao thông đô thị) (Mã tuyển sinh các năm trước: Chương trình CLC Công trình giao thông đô thị Việt-Nhật),A00;A01;D01;C01;X06,20,https://diemthi.tuyensinh247.com/diem-chuan/dai-hoc-giao-thong-van-tai-co-so-phia-bac-GHA.html,2026-09-29T09:24:21+00:00
tuyensinh247_cutoffs,XDA,2026,XDA01,Kiến trúc,V00;V02;V10,21.87,https://diemthi.tuyensinh247.com/diem-chuan/dai-hoc-xay-dung-ha-noi-XDA.html,2026-09-29T09:24:22+00:00
tuyensinh247_cutoffs,XDA,2026,XDA03,Kiến trúc cảnh quan,V00;V02;V06,19.35,https://diemthi.tuyensinh247.com/diem-chuan/dai-hoc-xay-dung-ha-noi-XDA.html,2026-09-29T09:24:22+00:00
tuyensinh247_cutoffs,XDA,2026,XDA04,Kiến trúc nội thất,V00;V02,20.2,https://diemthi.tuyensinh247.com/diem-chuan/dai-hoc-xay-dung-ha-noi-XDA.html,2026-09-29T09:24:22+00:00
tuyensinh247_cutoffs,XDA,2026,XDA06,Mỹ thuật đô thị,H00;H07,23.47,https://diemthi.tuyensinh247.com/diem-chuan/dai-hoc-xay-dung-ha-noi-XDA.html,2026-09-29T09:24:22+00:00
tuyensinh247_cutoffs,XDA,2026,XDA07,Kỹ thuật xây dựng,A00;A01;C01;D01;D07;X06,24.45,https://diemthi.tuyensinh247.com/diem-chuan/dai-hoc-xay-dung-ha-noi-XDA.html,2026-09-29T09:24:22+00:00
tuyensinh247_cutoffs,XDA,2026,XDA08,Kỹ thuật xây dựng/ Xây dựng Dân dụng và Công nghiệp,A00;A01;C01;D07;D24;D29;X06,25.15,https://diemthi.tuyensinh247.com/diem-chuan/dai-hoc-xay-dung-ha-noi-XDA.html,2026-09-29T09:24:22+00:00
tuyensinh247_cutoffs,XDA,2026,XDA10,Kỹ thuật xây dựng/ Tin học xây dựng,A00;A01;C01;D01;X06,23.96,https://diemthi.tuyensinh247.com/diem-chuan/dai-hoc-xay-dung-ha-noi-XDA.html,2026-09-29T09:24:22+00:00
tuyensinh247_cutoffs,XDA,2026,XDA11,Kỹ thuật xây dựng/ Kỹ thuật công trình biển,A00;A01;C01;D01;D07;X06,23.37,https://diemthi.tuyensinh247.com/diem-chuan/dai-hoc-xay-dung-ha-noi-XDA.html,2026-09-29T09:24:22+00:00
tuyensinh247_cutoffs,XDA,2026,XDA13,Kỹ thuật xây dựng công trình Giao thông/ Xây dựng Cầu đường,A00;A01;C01;D01;D07;X06,24,https://diemthi.tuyensinh247.com/diem-chuan/dai-hoc-xay-dung-ha-noi-XDA.html,2026-09-29T09:24:22+00:00
tuyensinh247_cutoffs,XDA,2026,XDA14,Kỹ thuật xây dựng công trình giao thông/ Đường sắt tốc độ cao và đường sắt đô thị,A00;A01;C01;D01;D07;X06,24.26,https://diemthi.tuyensinh247.com/diem-chuan/dai-hoc-xay-dung-ha-noi-XDA.html,2026-09-29T09:24:22+00:00
tuyensinh247_cutoffs,XDA,2026,XDA16,Kinh tế xây dựng,A00;A01;C01;D01;D07;X05;X06;X26,24.92,https://diemthi.tuyensinh247.com/diem-chuan/dai-hoc-xay-dung-ha-noi-XDA.html,2026-09-29T09:24:22+00:00
tuyensinh247_cutoffs,XDA,2026,XDA17,Quản lý xây dựng/ Kinh tế và quản lý đô thị,A00;A01;C01;D01;D07;X05;X06;X26,24.1,https://diemthi.tuyensinh247.com/diem-chuan/dai-hoc-xay-dung-ha-noi-XDA.html,2026-09-29T09:24:22+00:00
tuyensinh247_cutoffs,XDA,2026,XDA19,"Quản lý xây dựng/ Quản lý hạ tầng, đất đai đô thị",A00;A01;C01;D01;D07;X05;X06;X26,23.47,https://diemthi.tuyensinh247.com/diem-chuan/dai-hoc-xay-dung-ha-noi-XDA.html,2026-09-29T09:24:22+00:00
tuyensinh247_cutoffs,XDA,2026,XDA20,Quản lý xây dựng/ Kiểm toán đầu tư xây dựng,A00;A01;C01;D01;D07;X05;X06;X26,24.3,https://diemthi.tuyensinh247.com/diem-chuan/dai-hoc-xay-dung-ha-noi-XDA.html,2026-09-29T09:24:22+00:00
tuyensinh247_cutoffs,XDA,2026,XDA21,Công nghệ kỹ thuật xây dựng,A00;A01;C01;D07;X06;X26,24.42,https://diemthi.tuyensinh247.com/diem-chuan/dai-hoc-xay-dung-ha-noi-XDA.html,2026-09-29T09:24:22+00:00
tuyensinh247_cutoffs,XDA,2026,XDA22,Công nghệ kỹ thuật vật liệu xây dựng,A00;A01;A02;B00;C01;C02;D07;X06,23.72,https://diemthi.tuyensinh247.com/diem-chuan/dai-hoc-xay-dung-ha-noi-XDA.html,2026-09-29T09:24:22+00:00
tuyensinh247_cutoffs,XDA,2026,XDA23,Logistics và Quản lý chuỗi cung ứng,A00;A01;C01;D01;D07;X05;X06;X26,25.45,https://diemthi.tuyensinh247.com/diem-chuan/dai-hoc-xay-dung-ha-noi-XDA.html,2026-09-29T09:24:22+00:00
tuyensinh247_cutoffs,XDA,2026,XDA24,Logistics và Quản lý chuỗi cung ứng/ Logistics đô thị,A00;A01;C01;D01;D07;X05;X06;X26,24.75,https://diemthi.tuyensinh247.com/diem-chuan/dai-hoc-xay-dung-ha-noi-XDA.html,2026-09-29T09:24:22+00:00
tuyensinh247_cutoffs,XDA,2026,XDA26,Công nghệ thông tin,A00;A01;C01;D01;X06;X26,23.76,https://diemthi.tuyensinh247.com/diem-chuan/dai-hoc-xay-dung-ha-noi-XDA.html,2026-09-29T09:24:22+00:00
tuyensinh247_cutoffs,XDA,2026,XDA27,Công nghệ thông tin/ Công nghệ đa phương tiện,A00;A01;C01;D01;X06;X26,23.17,https://diemthi.tuyensinh247.com/diem-chuan/dai-hoc-xay-dung-ha-noi-XDA.html,2026-09-29T09:24:22+00:00
tuyensinh247_cutoffs,XDA,2026,XDA29,Khoa học máy tính,A00;A01;C01;D01;X06;X26,24.63,https://diemthi.tuyensinh247.com/diem-chuan/dai-hoc-xay-dung-ha-noi-XDA.html,2026-09-29T09:24:22+00:00
tuyensinh247_cutoffs,XDA,2026,XDA30,Khoa học dữ liệu,A00;A01;C01;D01;X06;X26,24.67,https://diemthi.tuyensinh247.com/diem-chuan/dai-hoc-xay-dung-ha-noi-XDA.html,2026-09-29T09:24:22+00:00
tuyensinh247_cutoffs,XDA,2026,XDA31,Kỹ thuật cơ khí,A00;A01;C01;X06,26.14,https://diemthi.tuyensinh247.com/diem-chuan/dai-hoc-xay-dung-ha-noi-XDA.html,2026-09-29T09:24:22+00:00
tuyensinh247_cutoffs,XDA,2026,XDA32,Kỹ thuật cơ khí/ Máy xây dựng,A00;A01;C01;X06,23.92,https://diemthi.tuyensinh247.com/diem-chuan/dai-hoc-xay-dung-ha-noi-XDA.html,2026-09-29T09:24:22+00:00
tuyensinh247_cutoffs,XDA,2026,XDA33,Kỹ thuật cơ khí/ Kỹ thuật cơ điện,A00;A01;C01;X06,25.7,https://diemthi.tuyensinh247.com/diem-chuan/dai-hoc-xay-dung-ha-noi-XDA.html,2026-09-29T09:24:22+00:00
tuyensinh247_cutoffs,XDA,2026,XDA34,Kỹ thuật cơ khí/ Kỹ thuật ô tô,A00;A01;C01;X06,24.89,https://diemthi.tuyensinh247.com/diem-chuan/dai-hoc-xay-dung-ha-noi-XDA.html,2026-09-29T09:24:22+00:00
tuyensinh247_cutoffs,XDA,2026,XDA36,Kỹ thuật điện,A00;A01;C01;X06,26.62,https://diemthi.tuyensinh247.com/diem-chuan/dai-hoc-xay-dung-ha-noi-XDA.html,2026-09-29T09:24:22+00:00
tuyensinh247_cutoffs,XDA,2026,XDA37,Kỹ thuật điều khiển và tự động hóa,A00;A01;C01;X06,28,https://diemthi.tuyensinh247.com/diem-chuan/dai-hoc-xay-dung-ha-noi-XDA.html,2026-09-29T09:24:22+00:00
tuyensinh247_cutoffs,XDA,2026,XDA39,Kỹ thuật Môi trường,A00;A01;A02;B00;C01;C02;D07;X06;X14,22.82,https://diemthi.tuyensinh247.com/diem-chuan/dai-hoc-xay-dung-ha-noi-XDA.html,2026-09-29T09:24:22+00:00
tuyensinh247_cutoffs,XDA,2026,XDA40,Quản lý dự án,A00;A01;C01;D01;D07;X05;X06;X26,24.5,https://diemthi.tuyensinh247.com/diem-chuan/dai-hoc-xay-dung-ha-noi-XDA.html,2026-09-29T09:24:22+00:00
tuyensinh247_cutoffs,XDA,2026,XDA41,CTĐT Nghệ thuật và thiết kế,H00;H07,24.1,https://diemthi.tuyensinh247.com/diem-chuan/dai-hoc-xay-dung-ha-noi-XDA.html,2026-09-29T09:24:22+00:00
tuyensinh247_cutoffs,XDA,2026,XDA43,"Kỹ thuật xây dựng (hợp tác với Đại học Mississippi, Hoa Kỳ)",A00;A01;C01;D01;D07;X06,22.4,https://diemthi.tuyensinh247.com/diem-chuan/dai-hoc-xay-dung-ha-noi-XDA.html,2026-09-29T09:24:22+00:00
tuyensinh247_cutoffs,XDA,2026,XDA44,"Khoa học Máy tính (hợp tác với Đại học Mississippi, Hoa Kỳ)",A00;A01;C01;D01;X06;X26,22.6,https://diemthi.tuyensinh247.com/diem-chuan/dai-hoc-xay-dung-ha-noi-XDA.html,2026-09-29T09:24:22+00:00
tuyensinh247_cutoffs,XDA,2026,XDA02,Kiến trúc/Kiến trúc công nghệ,V00;V02,20,https://diemthi.tuyensinh247.com/diem-chuan/dai-hoc-xay-dung-ha-noi-XDA.html,2026-09-29T09:24:22+00:00
tuyensinh247_cutoffs,XDA,2026,XDA05,Quy hoạch vùng và đô thị,V00;V01;V02,21.6,https://diemthi.tuyensinh247.com/diem-chuan/dai-hoc-xay-dung-ha-noi-XDA.html,2026-09-29T09:24:22+00:00
tuyensinh247_cutoffs,XDA,2026,XDA09,Kỹ thuật xây dựng/ Hệ thống kỹ thuật trong công trình,A00;A01;C01;D07;X06,23.94,https://diemthi.tuyensinh247.com/diem-chuan/dai-hoc-xay-dung-ha-noi-XDA.html,2026-09-29T09:24:22+00:00
tuyensinh247_cutoffs,XDA,2026,XDA12,Kỹ thuật xây dựng/ Kỹ thuật công trình thủy,A00;A01;C01;D01;D07;X06,23.02,https://diemthi.tuyensinh247.com/diem-chuan/dai-hoc-xay-dung-ha-noi-XDA.html,2026-09-29T09:24:22+00:00
tuyensinh247_cutoffs,XDA,2026,XDA15,Kỹ thuật Cấp thoát nước/ Kỹ thuật nước - Môi trường nước,A00;A01;A02;B00;C01;C02;D07;X06;X14,22.74,https://diemthi.tuyensinh247.com/diem-chuan/dai-hoc-xay-dung-ha-noi-XDA.html,2026-09-29T09:24:22+00:00
tuyensinh247_cutoffs,XDA,2026,XDA18,Quản lý xây dựng/ Kinh tế và quản lý bất động sản,A00;A01;C01;D01;D07;X05;X06;X26,23.5,https://diemthi.tuyensinh247.com/diem-chuan/dai-hoc-xay-dung-ha-noi-XDA.html,2026-09-29T09:24:22+00:00
tuyensinh247_cutoffs,XDA,2026,XDA25,Logistics và Quản lý chuỗi cung ứng/ Logistics công nghiệp,A00;A01;C01;D01;D07;X05;X06;X26,24.97,https://diemthi.tuyensinh247.com/diem-chuan/dai-hoc-xay-dung-ha-noi-XDA.html,2026-09-29T09:24:22+00:00
tuyensinh247_cutoffs,XDA,2026,XDA28,Công nghệ thông tin/ An toàn thông tin,A00;A01;C01;D01;X06;X26,24.86,https://diemthi.tuyensinh247.com/diem-chuan/dai-hoc-xay-dung-ha-noi-XDA.html,2026-09-29T09:24:22+00:00
tuyensinh247_cutoffs,XDA,2026,XDA35,Kỹ thuật cơ điện tử,A00;A01;C01;X06,26.67,https://diemthi.tuyensinh247.com/diem-chuan/dai-hoc-xay-dung-ha-noi-XDA.html,2026-09-29T09:24:22+00:00
tuyensinh247_cutoffs,XDA,2026,XDA38,Kỹ thuật vật liệu,A00;A01;A02;B00;C01;C02;D07;X06,25.3,https://diemthi.tuyensinh247.com/diem-chuan/dai-hoc-xay-dung-ha-noi-XDA.html,2026-09-29T09:24:22+00:00
tuyensinh247_cutoffs,XDA,2026,XDA42,Kỹ thuật xây dựng (Chương trình đào tạo Kỹ sư chất lượng cao - PFIEV),A00;A01;C01;D07;D24;D29;X06,23,https://diemthi.tuyensinh247.com/diem-chuan/dai-hoc-xay-dung-ha-noi-XDA.html,2026-09-29T09:24:22+00:00
tuyensinh247_cutoffs,LPH,2026,7220201,Ngôn ngữ Anh,D01,23.09,https://diemthi.tuyensinh247.com/diem-chuan/dai-hoc-luat-ha-noi-LPH.html,2026-09-29T09:24:24+00:00
tuyensinh247_cutoffs,LPH,2026,7220201,Ngôn ngữ Anh,A01,23.35,https://diemthi.tuyensinh247.com/diem-chuan/dai-hoc-luat-ha-noi-LPH.html,2026-09-29T09:24:24+00:00
tuyensinh247_cutoffs,LPH,2026,7380101,Luật,C00;D01;D02;D03;D04;D05;D06,24.12,https://diemthi.tuyensinh247.com/diem-chuan/dai-hoc-luat-ha-noi-LPH.html,2026-09-29T09:24:24+00:00
tuyensinh247_cutoffs,LPH,2026,7380101,Luật,A00,25.6,https://diemthi.tuyensinh247.com/diem-chuan/dai-hoc-luat-ha-noi-LPH.html,2026-09-29T09:24:24+00:00
tuyensinh247_cutoffs,LPH,2026,7380101,Luật,A01,24.38,https://diemthi.tuyensinh247.com/diem-chuan/dai-hoc-luat-ha-noi-LPH.html,2026-09-29T09:24:24+00:00
tuyensinh247_cutoffs,LPH,2026,7380101PH,Luật (Đào tạo tại Phân hiệu Đắk Lắk),A00,21.48,https://diemthi.tuyensinh247.com/diem-chuan/dai-hoc-luat-ha-noi-LPH.html,2026-09-29T09:24:24+00:00
tuyensinh247_cutoffs,LPH,2026,7380101PH,Luật (Đào tạo tại Phân hiệu Đắk Lắk),A01,20.26,https://diemthi.tuyensinh247.com/diem-chuan/dai-hoc-luat-ha-noi-LPH.html,2026-09-29T09:24:24+00:00
tuyensinh247_cutoffs,LPH,2026,7380107,Luật Kinh tế,A00,27.43,https://diemthi.tuyensinh247.com/diem-chuan/dai-hoc-luat-ha-noi-LPH.html,2026-09-29T09:24:24+00:00
tuyensinh247_cutoffs,LPH,2026,7380107,Luật Kinh tế,A01,26.21,https://diemthi.tuyensinh247.com/diem-chuan/dai-hoc-luat-ha-noi-LPH.html,2026-09-29T09:24:24+00:00
tuyensinh247_cutoffs,LPH,2026,7380109,Luật Thương mại quốc tế,D01,24.22,https://diemthi.tuyensinh247.com/diem-chuan/dai-hoc-luat-ha-noi-LPH.html,2026-09-29T09:24:24+00:00
tuyensinh247_cutoffs,LPH,2026,7380101PH,Luật (Đào tạo tại Phân hiệu Đắk Lắk),C00;D01;D02;D03;D04;D05;D06,20,https://diemthi.tuyensinh247.com/diem-chuan/dai-hoc-luat-ha-noi-LPH.html,2026-09-29T09:24:24+00:00
tuyensinh247_cutoffs,LPH,2026,7380107,Luật Kinh tế,C00;D01;D02;D03;D04;D05;D06,25.95,https://diemthi.tuyensinh247.com/diem-chuan/dai-hoc-luat-ha-noi-LPH.html,2026-09-29T09:24:24+00:00
tuyensinh247_cutoffs,LPH,2026,7380109,Luật Thương mại quốc tế,A01,24.48,https://diemthi.tuyensinh247.com/diem-chuan/dai-hoc-luat-ha-noi-LPH.html,2026-09-29T09:24:24+00:00
tuyensinh247_cutoffs,SPH,2026,7140114,Quản lí giáo dục,C03;D01;X01,25.65,https://diemthi.tuyensinh247.com/diem-chuan/dai-hoc-su-pham-ha-noi-SPH.html,2026-09-29T09:24:26+00:00
tuyensinh247_cutoffs,SPH,2026,7140201,Giáo dục Mầm non,M00,23.93,https://diemthi.tuyensinh247.com/diem-chuan/dai-hoc-su-pham-ha-noi-SPH.html,2026-09-29T09:24:26+00:00
tuyensinh247_cutoffs,SPH,2026,7140202,Giáo dục Tiểu học,D01,28.15,https://diemthi.tuyensinh247.com/diem-chuan/dai-hoc-su-pham-ha-noi-SPH.html,2026-09-29T09:24:26+00:00
tuyensinh247_cutoffs,SPH,2026,7140202K,Giáo dục Tiểu học - Sư phạm Tiếng Anh,D01,28.42,https://diemthi.tuyensinh247.com/diem-chuan/dai-hoc-su-pham-ha-noi-SPH.html,2026-09-29T09:24:26+00:00
tuyensinh247_cutoffs,SPH,2026,7140203,Giáo dục đặc biệt,C00;D01,26.53,https://diemthi.tuyensinh247.com/diem-chuan/dai-hoc-su-pham-ha-noi-SPH.html,2026-09-29T09:24:26+00:00
tuyensinh247_cutoffs,SPH,2026,7140205,Giáo dục chính trị,X70;X74;X78,26.83,https://diemthi.tuyensinh247.com/diem-chuan/dai-hoc-su-pham-ha-noi-SPH.html,2026-09-29T09:24:26+00:00
tuyensinh247_cutoffs,SPH,2026,7140206,Giáo dục thể chất,M02;M03,26.63,https://diemthi.tuyensinh247.com/diem-chuan/dai-hoc-su-pham-ha-noi-SPH.html,2026-09-29T09:24:26+00:00
tuyensinh247_cutoffs,SPH,2026,7140209,Sư phạm Toán học,A00;A01,28.95,https://diemthi.tuyensinh247.com/diem-chuan/dai-hoc-su-pham-ha-noi-SPH.html,2026-09-29T09:24:26+00:00
tuyensinh247_cutoffs,SPH,2026,7140209K,Sư phạm Toán học (dạy Toán bằng tiếng Anh),A01;D01,29,https://diemthi.tuyensinh247.com/diem-chuan/dai-hoc-su-pham-ha-noi-SPH.html,2026-09-29T09:24:26+00:00
tuyensinh247_cutoffs,SPH,2026,7140210,Sư phạm Tin học,A01;X06,23.96,https://diemthi.tuyensinh247.com/diem-chuan/dai-hoc-su-pham-ha-noi-SPH.html,2026-09-29T09:24:26+00:00
tuyensinh247_cutoffs,SPH,2026,7140211,Sư phạm Vật lí,A00;A01,28.77,https://diemthi.tuyensinh247.com/diem-chuan/dai-hoc-su-pham-ha-noi-SPH.html,2026-09-29T09:24:26+00:00
tuyensinh247_cutoffs,SPH,2026,7140211K,Sư phạm Vật lí (dạy Toán bằng tiếng Anh),A00;A01,28.35,https://diemthi.tuyensinh247.com/diem-chuan/dai-hoc-su-pham-ha-noi-SPH.html,2026-09-29T09:24:26+00:00
tuyensinh247_cutoffs,SPH,2026,7140212K,Sư phạm Hoá học (dạy Hóa học bằng tiếng Anh),D07,28.22,https://diemthi.tuyensinh247.com/diem-chuan/dai-hoc-su-pham-ha-noi-SPH.html,2026-09-29T09:24:26+00:00
tuyensinh247_cutoffs,SPH,2026,7140213,Sư phạm Sinh học,B00;D08,28.28,https://diemthi.tuyensinh247.com/diem-chuan/dai-hoc-su-pham-ha-noi-SPH.html,2026-09-29T09:24:26+00:00
tuyensinh247_cutoffs,SPH,2026,7140217,Sư phạm Ngữ văn,C00;D01,28.71,https://diemthi.tuyensinh247.com/diem-chuan/dai-hoc-su-pham-ha-noi-SPH.html,2026-09-29T09:24:26+00:00
tuyensinh247_cutoffs,SPH,2026,7140219,Sư phạm Địa lí,C00;C04,28.22,https://diemthi.tuyensinh247.com/diem-chuan/dai-hoc-su-pham-ha-noi-SPH.html,2026-09-29T09:24:26+00:00
tuyensinh247_cutoffs,SPH,2026,7140221,Sư phạm Âm nhạc,M02;M03,24.57,https://diemthi.tuyensinh247.com/diem-chuan/dai-hoc-su-pham-ha-noi-SPH.html,2026-09-29T09:24:26+00:00
tuyensinh247_cutoffs,SPH,2026,7140233,Sư phạm Tiếng Pháp,D01;D03,20.6,https://diemthi.tuyensinh247.com/diem-chuan/dai-hoc-su-pham-ha-noi-SPH.html,2026-09-29T09:24:26+00:00
tuyensinh247_cutoffs,SPH,2026,7140246,Sư phạm Công nghệ,A00;A01;X07;X08,23.29,https://diemthi.tuyensinh247.com/diem-chuan/dai-hoc-su-pham-ha-noi-SPH.html,2026-09-29T09:24:26+00:00
tuyensinh247_cutoffs,SPH,2026,7140249,Sư phạm Lịch sử - Địa lí,C00,27.78,https://diemthi.tuyensinh247.com/diem-chuan/dai-hoc-su-pham-ha-noi-SPH.html,2026-09-29T09:24:26+00:00
tuyensinh247_cutoffs,SPH,2026,7220101,Tiếng Việt và văn hóa Việt Nam,C00;D14,24.53,https://diemthi.tuyensinh247.com/diem-chuan/dai-hoc-su-pham-ha-noi-SPH.html,2026-09-29T09:24:26+00:00
tuyensinh247_cutoffs,SPH,2026,7220201,Ngôn ngữ Anh,D01,25.57,https://diemthi.tuyensinh247.com/diem-chuan/dai-hoc-su-pham-ha-noi-SPH.html,2026-09-29T09:24:26+00:00
tuyensinh247_cutoffs,SPH,2026,7220203,Ngôn ngữ Pháp (Tiếng Pháp ứng dụng và giao tiếp quốc tế),D01;D03,22.25,https://diemthi.tuyensinh247.com/diem-chuan/dai-hoc-su-pham-ha-noi-SPH.html,2026-09-29T09:24:26+00:00
tuyensinh247_cutoffs,SPH,2026,7220204,Ngôn ngữ Trung Quốc,D01;D04,24.93,https://diemthi.tuyensinh247.com/diem-chuan/dai-hoc-su-pham-ha-noi-SPH.html,2026-09-29T09:24:26+00:00
tuyensinh247_cutoffs,SPH,2026,7229001,Triết học (Triết học Mác Lê-nin),C00;D14;X70,24.52,https://diemthi.tuyensinh247.com/diem-chuan/dai-hoc-su-pham-ha-noi-SPH.html,2026-09-29T09:24:26+00:00
tuyensinh247_cutoffs,SPH,2026,7229030,Văn học,C00;D01,26.43,https://diemthi.tuyensinh247.com/diem-chuan/dai-hoc-su-pham-ha-noi-SPH.html,2026-09-29T09:24:26+00:00
tuyensinh247_cutoffs,SPH,2026,7310201,Chính trị học,X70;X74;X78,23.56,https://diemthi.tuyensinh247.com/diem-chuan/dai-hoc-su-pham-ha-noi-SPH.html,2026-09-29T09:24:26+00:00
tuyensinh247_cutoffs,SPH,2026,7310301,Xã hội học,C00;D14;X70,23.75,https://diemthi.tuyensinh247.com/diem-chuan/dai-hoc-su-pham-ha-noi-SPH.html,2026-09-29T09:24:26+00:00
tuyensinh247_cutoffs,SPH,2026,7310401,Tâm lý học (Tâm lý học trường học),C00;D01,24.25,https://diemthi.tuyensinh247.com/diem-chuan/dai-hoc-su-pham-ha-noi-SPH.html,2026-09-29T09:24:26+00:00
tuyensinh247_cutoffs,SPH,2026,7310403,Tâm lý học giáo dục,C00;D01,25.62,https://diemthi.tuyensinh247.com/diem-chuan/dai-hoc-su-pham-ha-noi-SPH.html,2026-09-29T09:24:26+00:00
tuyensinh247_cutoffs,SPH,2026,7310501,Địa lí học (Địa lí tài nguyên và môi trường),C04;C00;X74,25.44,https://diemthi.tuyensinh247.com/diem-chuan/dai-hoc-su-pham-ha-noi-SPH.html,2026-09-29T09:24:26+00:00
tuyensinh247_cutoffs,SPH,2026,7310630,Việt Nam học (Tuyển sinh người Việt Nam),D14;C00;X70,23,https://diemthi.tuyensinh247.com/diem-chuan/dai-hoc-su-pham-ha-noi-SPH.html,2026-09-29T09:24:26+00:00
tuyensinh247_cutoffs,SPH,2026,7420101,Sinh học,B02;B00;B08;X16,19,https://diemthi.tuyensinh247.com/diem-chuan/dai-hoc-su-pham-ha-noi-SPH.html,2026-09-29T09:24:26+00:00
tuyensinh247_cutoffs,SPH,2026,7440102,Vật lí học (vật lí bán dẫn và kỹ thuật),A00;A01;X06,23.72,https://diemthi.tuyensinh247.com/diem-chuan/dai-hoc-su-pham-ha-noi-SPH.html,2026-09-29T09:24:26+00:00
tuyensinh247_cutoffs,SPH,2026,7440112,Hóa học,A00;B00;D07,24.49,https://diemthi.tuyensinh247.com/diem-chuan/dai-hoc-su-pham-ha-noi-SPH.html,2026-09-29T09:24:26+00:00
tuyensinh247_cutoffs,SPH,2026,7440112D,Hóa học (Hóa dược),A00;B00;D07,22.35,https://diemthi.tuyensinh247.com/diem-chuan/dai-hoc-su-pham-ha-noi-SPH.html,2026-09-29T09:24:26+00:00
tuyensinh247_cutoffs,SPH,2026,7460108,Khoa học dữ liệu,X06;A01,20.88,https://diemthi.tuyensinh247.com/diem-chuan/dai-hoc-su-pham-ha-noi-SPH.html,2026-09-29T09:24:26+00:00
tuyensinh247_cutoffs,SPH,2026,7480107,Trí tuệ nhân tạo,X06;A01,20.35,https://diemthi.tuyensinh247.com/diem-chuan/dai-hoc-su-pham-ha-noi-SPH.html,2026-09-29T09:24:26+00:00
tuyensinh247_cutoffs,SPH,2026,7760103,Hỗ trợ giáo dục người khuyết tật,C00;D01,22.85,https://diemthi.tuyensinh247.com/diem-chuan/dai-hoc-su-pham-ha-noi-SPH.html,2026-09-29T09:24:26+00:00
tuyensinh247_cutoffs,SPH,2026,7810103,Quản trị dịch vụ du lịch và lữ hành,D14;C00;X70,23.77,https://diemthi.tuyensinh247.com/diem-chuan/dai-hoc-su-pham-ha-noi-SPH.html,2026-09-29T09:24:26+00:00
tuyensinh247_cutoffs,SPH,2026,7140101,Giáo dục học (Giáo dục và truyền thông),C00;D01,24.89,https://diemthi.tuyensinh247.com/diem-chuan/dai-hoc-su-pham-ha-noi-SPH.html,2026-09-29T09:24:26+00:00
tuyensinh247_cutoffs,SPH,2026,7140201K,Giáo dục Mầm non - Sư phạm Tiếng Anh,M10;ANH,22.25,https://diemthi.tuyensinh247.com/diem-chuan/dai-hoc-su-pham-ha-noi-SPH.html,2026-09-29T09:24:26+00:00
tuyensinh247_cutoffs,SPH,2026,7140204,Giáo dục công dân,X70;X74;X78,26.18,https://diemthi.tuyensinh247.com/diem-chuan/dai-hoc-su-pham-ha-noi-SPH.html,2026-09-29T09:24:26+00:00
tuyensinh247_cutoffs,SPH,2026,7140208,Giáo dục Quốc phòng và An ninh,C03;C04,25.41,https://diemthi.tuyensinh247.com/diem-chuan/dai-hoc-su-pham-ha-noi-SPH.html,2026-09-29T09:24:26+00:00
tuyensinh247_cutoffs,SPH,2026,7140210K,Sư phạm Tin học (dạy bằng Tiếng Anh),A01;X06,23.75,https://diemthi.tuyensinh247.com/diem-chuan/dai-hoc-su-pham-ha-noi-SPH.html,2026-09-29T09:24:26+00:00
tuyensinh247_cutoffs,SPH,2026,7140212,Sư phạm Hoá học,A00;B00,28.99,https://diemthi.tuyensinh247.com/diem-chuan/dai-hoc-su-pham-ha-noi-SPH.html,2026-09-29T09:24:26+00:00
tuyensinh247_cutoffs,SPH,2026,7140218,Sư phạm Lịch sử,C00;D14,28.61,https://diemthi.tuyensinh247.com/diem-chuan/dai-hoc-su-pham-ha-noi-SPH.html,2026-09-29T09:24:26+00:00
tuyensinh247_cutoffs,SPH,2026,7140222,Sư phạm Mỹ thuật,M02;M03,23.43,https://diemthi.tuyensinh247.com/diem-chuan/dai-hoc-su-pham-ha-noi-SPH.html,2026-09-29T09:24:26+00:00
tuyensinh247_cutoffs,SPH,2026,7140231,Sư phạm Tiếng Anh,D01,27.69,https://diemthi.tuyensinh247.com/diem-chuan/dai-hoc-su-pham-ha-noi-SPH.html,2026-09-29T09:24:26+00:00
tuyensinh247_cutoffs,SPH,2026,7140247,Sư phạm Khoa học tự nhiên,A00;B00,27.47,https://diemthi.tuyensinh247.com/diem-chuan/dai-hoc-su-pham-ha-noi-SPH.html,2026-09-29T09:24:26+00:00
tuyensinh247_cutoffs,SPH,2026,7229010,Lịch sử,C00;C03;D14,27.2,https://diemthi.tuyensinh247.com/diem-chuan/dai-hoc-su-pham-ha-noi-SPH.html,2026-09-29T09:24:26+00:00
tuyensinh247_cutoffs,SPH,2026,7310601,Quốc tế học (bắt đầu tuyển sinh từ 2026),D14;C00;C03,25.03,https://diemthi.tuyensinh247.com/diem-chuan/dai-hoc-su-pham-ha-noi-SPH.html,2026-09-29T09:24:26+00:00
tuyensinh247_cutoffs,SPH,2026,7420201,Công nghệ sinh học,A02;B00;B08;X16,19.6,https://diemthi.tuyensinh247.com/diem-chuan/dai-hoc-su-pham-ha-noi-SPH.html,2026-09-29T09:24:26+00:00
tuyensinh247_cutoffs,SPH,2026,7460101,Toán học,A00;A01,26.38,https://diemthi.tuyensinh247.com/diem-chuan/dai-hoc-su-pham-ha-noi-SPH.html,2026-09-29T09:24:26+00:00
tuyensinh247_cutoffs,SPH,2026,7480201,Công nghệ thông tin,A01;X06,20.25,https://diemthi.tuyensinh247.com/diem-chuan/dai-hoc-su-pham-ha-noi-SPH.html,2026-09-29T09:24:26+00:00
tuyensinh247_cutoffs,SPH,2026,7760101,Công tác xã hội,C00;D14;X70,22.95,https://diemthi.tuyensinh247.com/diem-chuan/dai-hoc-su-pham-ha-noi-SPH.html,2026-09-29T09:24:26+00:00
tuyensinh247_cutoffs,SPH,2026,7810302,Huấn luyện thể thao,M02;M03,25.5,https://diemthi.tuyensinh247.com/diem-chuan/dai-hoc-su-pham-ha-noi-SPH.html,2026-09-29T09:24:26+00:00
tuyensinh247_cutoffs,YHB,2026,7720101,Y khoa,B00,28.5,https://diemthi.tuyensinh247.com/diem-chuan/dai-hoc-y-ha-noi-YHB.html,2026-09-29T09:24:27+00:00
tuyensinh247_cutoffs,YHB,2026,7720101TH,Y khoa Phân hiệu Thanh Hóa,B00,26.25,https://diemthi.tuyensinh247.com/diem-chuan/dai-hoc-y-ha-noi-YHB.html,2026-09-29T09:24:27+00:00
tuyensinh247_cutoffs,YHB,2026,7720110,Y học dự phòng,A00;B00;D07,20.25,https://diemthi.tuyensinh247.com/diem-chuan/dai-hoc-y-ha-noi-YHB.html,2026-09-29T09:24:27+00:00
tuyensinh247_cutoffs,YHB,2026,7720115,Y học cổ truyền,A00;B00,24.7,https://diemthi.tuyensinh247.com/diem-chuan/dai-hoc-y-ha-noi-YHB.html,2026-09-29T09:24:27+00:00
tuyensinh247_cutoffs,YHB,2026,7720301,Điều dưỡng Chương trình tiên tiến,A00;B00;D07,22.99,https://diemthi.tuyensinh247.com/diem-chuan/dai-hoc-y-ha-noi-YHB.html,2026-09-29T09:24:27+00:00
tuyensinh247_cutoffs,YHB,2026,7720301TH,Điều dưỡng Phân hiệu Thanh Hóa,A00;B00;D07,19.2,https://diemthi.tuyensinh247.com/diem-chuan/dai-hoc-y-ha-noi-YHB.html,2026-09-29T09:24:27+00:00
tuyensinh247_cutoffs,YHB,2026,7720401,Dinh dưỡng,A00;B00;D07,20.5,https://diemthi.tuyensinh247.com/diem-chuan/dai-hoc-y-ha-noi-YHB.html,2026-09-29T09:24:27+00:00
tuyensinh247_cutoffs,YHB,2026,7720501,Răng-Hàm-Mặt,B00,27.57,https://diemthi.tuyensinh247.com/diem-chuan/dai-hoc-y-ha-noi-YHB.html,2026-09-29T09:24:27+00:00
tuyensinh247_cutoffs,YHB,2026,7720502,Kĩ thuật phục hình răng,A00;B00,22.85,https://diemthi.tuyensinh247.com/diem-chuan/dai-hoc-y-ha-noi-YHB.html,2026-09-29T09:24:27+00:00
tuyensinh247_cutoffs,YHB,2026,7720601TH,Kĩ thuật xét nghiệm y học Phân hiệu Thanh Hóa,A00;B00,19.35,https://diemthi.tuyensinh247.com/diem-chuan/dai-hoc-y-ha-noi-YHB.html,2026-09-29T09:24:27+00:00
tuyensinh247_cutoffs,YHB,2026,7720602,Kĩ thuật hình ảnh y học,A00;B00,23.75,https://diemthi.tuyensinh247.com/diem-chuan/dai-hoc-y-ha-noi-YHB.html,2026-09-29T09:24:27+00:00
tuyensinh247_cutoffs,YHB,2026,7720603,Kĩ thuật phục hồi chức năng,A00;B00,23.7,https://diemthi.tuyensinh247.com/diem-chuan/dai-hoc-y-ha-noi-YHB.html,2026-09-29T09:24:27+00:00
tuyensinh247_cutoffs,YHB,2026,7720603TH,Kĩ thuật phục hồi chức năng Phân hiệu Thanh Hóa,A00;B00,19.95,https://diemthi.tuyensinh247.com/diem-chuan/dai-hoc-y-ha-noi-YHB.html,2026-09-29T09:24:27+00:00
tuyensinh247_cutoffs,YHB,2026,7720609,Khúc xạ nhãn khoa,A00;B00,23.1,https://diemthi.tuyensinh247.com/diem-chuan/dai-hoc-y-ha-noi-YHB.html,2026-09-29T09:24:27+00:00
tuyensinh247_cutoffs,YHB,2026,7720701,Y tế công cộng,A01;D01;D07;D10,20.8,https://diemthi.tuyensinh247.com/diem-chuan/dai-hoc-y-ha-noi-YHB.html,2026-09-29T09:24:27+00:00
tuyensinh247_cutoffs,YHB,2026,7760101,Công tác xã hội,A01;D01;D07;D10,17.75,https://diemthi.tuyensinh247.com/diem-chuan/dai-hoc-y-ha-noi-YHB.html,2026-09-29T09:24:27+00:00
tuyensinh247_cutoffs,YHB,2026,7310401,Tâm lý học,A01;D01;D07;D10,25.3,https://diemthi.tuyensinh247.com/diem-chuan/dai-hoc-y-ha-noi-YHB.html,2026-09-29T09:24:27+00:00
tuyensinh247_cutoffs,YHB,2026,7720302,Hộ sinh,A00;B00;D07,21.8,https://diemthi.tuyensinh247.com/diem-chuan/dai-hoc-y-ha-noi-YHB.html,2026-09-29T09:24:27+00:00
tuyensinh247_cutoffs,YHB,2026,7720601,Kĩ thuật xét nghiệm y học,A00;B00,24.17,https://diemthi.tuyensinh247.com/diem-chuan/dai-hoc-y-ha-noi-YHB.html,2026-09-29T09:24:27+00:00
tuyensinh247_cutoffs,YHB,2026,7720602TH,Kĩ thuật hình ảnh y học Phân hiệu Thanh Hóa,A00;B00,19.2,https://diemthi.tuyensinh247.com/diem-chuan/dai-hoc-y-ha-noi-YHB.html,2026-09-29T09:24:27+00:00
tuyensinh247_cutoffs,NHF,2026,7220201 TM,Ngôn ngữ Anh - thương mại,D01,31.15,https://diemthi.tuyensinh247.com/diem-chuan/dai-hoc-ha-noi-NHF.html,2026-09-29T09:24:29+00:00
tuyensinh247_cutoffs,NHF,2026,7220201 TT,Ngôn ngữ Anh - CTTT,D01,32.84,https://diemthi.tuyensinh247.com/diem-chuan/dai-hoc-ha-noi-NHF.html,2026-09-29T09:24:29+00:00
tuyensinh247_cutoffs,NHF,2026,7220204,Ngôn ngữ Trung Quốc,D01;D04,34.2,https://diemthi.tuyensinh247.com/diem-chuan/dai-hoc-ha-noi-NHF.html,2026-09-29T09:24:29+00:00
tuyensinh247_cutoffs,NHF,2026,7220204 TT,Ngôn ngữ Trung Quốc - CTTT,D01;D04,33.15,https://diemthi.tuyensinh247.com/diem-chuan/dai-hoc-ha-noi-NHF.html,2026-09-29T09:24:29+00:00
tuyensinh247_cutoffs,NHF,2026,7220206,Ngôn ngữ Tây Ban Nha,D01;D10,24.6,https://diemthi.tuyensinh247.com/diem-chuan/dai-hoc-ha-noi-NHF.html,2026-09-29T09:24:29+00:00
tuyensinh247_cutoffs,NHF,2026,7220207,Ngôn ngữ Bồ Đào Nha,D01;D04;D10,23.13,https://diemthi.tuyensinh247.com/diem-chuan/dai-hoc-ha-noi-NHF.html,2026-09-29T09:24:29+00:00
tuyensinh247_cutoffs,NHF,2026,7220208 TT,Ngôn ngữ Italia - CTTT,D01;D10,22.2,https://diemthi.tuyensinh247.com/diem-chuan/dai-hoc-ha-noi-NHF.html,2026-09-29T09:24:29+00:00
tuyensinh247_cutoffs,NHF,2026,7220209,Ngôn ngữ Nhật,D01;D06,29.07,https://diemthi.tuyensinh247.com/diem-chuan/dai-hoc-ha-noi-NHF.html,2026-09-29T09:24:29+00:00
tuyensinh247_cutoffs,NHF,2026,7220210,Ngôn ngữ Hàn Quốc,D01;D04;DD2;D06,32.14,https://diemthi.tuyensinh247.com/diem-chuan/dai-hoc-ha-noi-NHF.html,2026-09-29T09:24:29+00:00
tuyensinh247_cutoffs,NHF,2026,7310111,Nghiên cứu phát triển (dạy bằng TA),D01;D14;D15,26.73,https://diemthi.tuyensinh247.com/diem-chuan/dai-hoc-ha-noi-NHF.html,2026-09-29T09:24:29+00:00
tuyensinh247_cutoffs,NHF,2026,7310206,Quan hệ quốc tế (dạy bằng TA),D01;D14;D15,30.33,https://diemthi.tuyensinh247.com/diem-chuan/dai-hoc-ha-noi-NHF.html,2026-09-29T09:24:29+00:00
tuyensinh247_cutoffs,NHF,2026,7320104,Truyền thông đa phương tiện (dạy bằng TA),D01,29.6,https://diemthi.tuyensinh247.com/diem-chuan/dai-hoc-ha-noi-NHF.html,2026-09-29T09:24:29+00:00
tuyensinh247_cutoffs,NHF,2026,7320109,Truyền thông doanh nghiệp (dạy bằng tiếng Pháp),D01;D03,22.4,https://diemthi.tuyensinh247.com/diem-chuan/dai-hoc-ha-noi-NHF.html,2026-09-29T09:24:29+00:00
tuyensinh247_cutoffs,NHF,2026,7340101,Quản trị kinh doanh (dạy bằng TA),D01,24.13,https://diemthi.tuyensinh247.com/diem-chuan/dai-hoc-ha-noi-NHF.html,2026-09-29T09:24:29+00:00
tuyensinh247_cutoffs,NHF,2026,7340115,Marketing (dạy bằng TA),D01,29.13,https://diemthi.tuyensinh247.com/diem-chuan/dai-hoc-ha-noi-NHF.html,2026-09-29T09:24:29+00:00
tuyensinh247_cutoffs,NHF,2026,7340201,Tài chính - Ngân hàng (dạy bằng TA),D01,25.73,https://diemthi.tuyensinh247.com/diem-chuan/dai-hoc-ha-noi-NHF.html,2026-09-29T09:24:29+00:00
tuyensinh247_cutoffs,NHF,2026,7340205,Công nghệ tài chính (dạy bằng TA),A01;D01,24.53,https://diemthi.tuyensinh247.com/diem-chuan/dai-hoc-ha-noi-NHF.html,2026-09-29T09:24:29+00:00
tuyensinh247_cutoffs,NHF,2026,7480201,Công nghệ thông tin (dạy bằng TA),A01;D01;X26,22,https://diemthi.tuyensinh247.com/diem-chuan/dai-hoc-ha-noi-NHF.html,2026-09-29T09:24:29+00:00
tuyensinh247_cutoffs,NHF,2026,7480201 TT,Công nghệ thông tin (dạy bằng TA) - CTTT,A01;D01;X26,22,https://diemthi.tuyensinh247.com/diem-chuan/dai-hoc-ha-noi-NHF.html,2026-09-29T09:24:29+00:00
tuyensinh247_cutoffs,NHF,2026,7810103 TT,Quản trị Dịch vụ du lịch và lữ hành (dạy bằng TA) - CTTT,D01;D10,24.47,https://diemthi.tuyensinh247.com/diem-chuan/dai-hoc-ha-noi-NHF.html,2026-09-29T09:24:29+00:00
tuyensinh247_cutoffs,NHF,2026,7220201,Ngôn ngữ Anh,D01,34.45,https://diemthi.tuyensinh247.com/diem-chuan/dai-hoc-ha-noi-NHF.html,2026-09-29T09:24:29+00:00
tuyensinh247_cutoffs,NHF,2026,7220202,Ngôn ngữ Nga,D01;D02;D03;D10,23.73,https://diemthi.tuyensinh247.com/diem-chuan/dai-hoc-ha-noi-NHF.html,2026-09-29T09:24:29+00:00
tuyensinh247_cutoffs,NHF,2026,7220203,Ngôn ngữ Pháp,D01;D03,25.67,https://diemthi.tuyensinh247.com/diem-chuan/dai-hoc-ha-noi-NHF.html,2026-09-29T09:24:29+00:00
tuyensinh247_cutoffs,NHF,2026,7220205,Ngôn ngữ Đức,D01;D05,27.33,https://diemthi.tuyensinh247.com/diem-chuan/dai-hoc-ha-noi-NHF.html,2026-09-29T09:24:29+00:00
tuyensinh247_cutoffs,NHF,2026,7220208,Ngôn ngữ Italia,D01;D10,23.2,https://diemthi.tuyensinh247.com/diem-chuan/dai-hoc-ha-noi-NHF.html,2026-09-29T09:24:29+00:00
tuyensinh247_cutoffs,NHF,2026,7220210 TT,Ngôn ngữ Hàn Quốc - CTTT,D01;D04;DD2;D06,29.46,https://diemthi.tuyensinh247.com/diem-chuan/dai-hoc-ha-noi-NHF.html,2026-09-29T09:24:29+00:00
tuyensinh247_cutoffs,NHF,2026,7310601,Quốc tế học (dạy bằng TA),D01;D14;D15,28.73,https://diemthi.tuyensinh247.com/diem-chuan/dai-hoc-ha-noi-NHF.html,2026-09-29T09:24:29+00:00
tuyensinh247_cutoffs,NHF,2026,7340301,Kế toán (dạy bằng TA),D01,23.53,https://diemthi.tuyensinh247.com/diem-chuan/dai-hoc-ha-noi-NHF.html,2026-09-29T09:24:29+00:00
tuyensinh247_cutoffs,NHF,2026,7810103,Quản trị Dịch vụ du lịch và lữ hành (dạy bằng TA),D01;D10,27.47,https://diemthi.tuyensinh247.com/diem-chuan/dai-hoc-ha-noi-NHF.html,2026-09-29T09:24:29+00:00
tuyensinh247_cutoffs,TLA,2026,TLA101,Xây dựng và quản lý công trình thủy (Kỹ thuật xây dựng công trình thủy),A00;A01;D01;D07;C01;C02;X02;X06,19.75,https://diemthi.tuyensinh247.com/diem-chuan/dai-hoc-thuy-loi-co-so-1-TLA.html,2026-09-29T09:24:31+00:00
tuyensinh247_cutoffs,TLA,2026,TLA103,Tài nguyên nước và môi trường (Thủy văn học),A00;A01;D01;D07;C01;C02;X02;X06,19.23,https://diemthi.tuyensinh247.com/diem-chuan/dai-hoc-thuy-loi-co-so-1-TLA.html,2026-09-29T09:24:31+00:00
tuyensinh247_cutoffs,TLA,2026,TLA104,Kỹ thuật xây dựng dân dụng và công nghiệp (Kỹ thuật xây dựng),A00;A01;D01;D07;C01;C02;X02;X06,20.76,https://diemthi.tuyensinh247.com/diem-chuan/dai-hoc-thuy-loi-co-so-1-TLA.html,2026-09-29T09:24:31+00:00
tuyensinh247_cutoffs,TLA,2026,TLA105,Kỹ thuật cơ khí,A00;A01;D01;D07;C01;X02;X06;X26,23.49,https://diemthi.tuyensinh247.com/diem-chuan/dai-hoc-thuy-loi-co-so-1-TLA.html,2026-09-29T09:24:31+00:00
tuyensinh247_cutoffs,TLA,2026,TLA106,Công nghệ thông tin,A00;A01;D01;D07;C01;X02;X06;X26,23.01,https://diemthi.tuyensinh247.com/diem-chuan/dai-hoc-thuy-loi-co-so-1-TLA.html,2026-09-29T09:24:31+00:00
tuyensinh247_cutoffs,TLA,2026,TLA107,Xây dựng và quản lý cấp thoát nước đô thị (Kỹ thuật cấp thoát nước),A00;A01;D01;D07;C01;C02;X02;X06,19.25,https://diemthi.tuyensinh247.com/diem-chuan/dai-hoc-thuy-loi-co-so-1-TLA.html,2026-09-29T09:24:31+00:00
tuyensinh247_cutoffs,TLA,2026,TLA109,Kỹ thuật môi trường,A00;A01;D01;D07;C01;C02;X02;X10,19.75,https://diemthi.tuyensinh247.com/diem-chuan/dai-hoc-thuy-loi-co-so-1-TLA.html,2026-09-29T09:24:31+00:00
tuyensinh247_cutoffs,TLA,2026,TLA111,Công nghệ kỹ thuật xây dựng,A00;A01;D01;D07;C01;C02;X02;X06,20.96,https://diemthi.tuyensinh247.com/diem-chuan/dai-hoc-thuy-loi-co-so-1-TLA.html,2026-09-29T09:24:31+00:00
tuyensinh247_cutoffs,TLA,2026,TLA112,Kỹ thuật điện,A00;A01;D01;D07;C01;X02;X06;X26,23.26,https://diemthi.tuyensinh247.com/diem-chuan/dai-hoc-thuy-loi-co-so-1-TLA.html,2026-09-29T09:24:31+00:00
tuyensinh247_cutoffs,TLA,2026,TLA114,Quản lý xây dựng,A00;A01;D01;D07;C01;C02;X02;X06,20.76,https://diemthi.tuyensinh247.com/diem-chuan/dai-hoc-thuy-loi-co-so-1-TLA.html,2026-09-29T09:24:31+00:00
tuyensinh247_cutoffs,TLA,2026,TLA116,Hệ thống thông tin,A00;A01;D01;D07;C01;X02;X06;X26,22.51,https://diemthi.tuyensinh247.com/diem-chuan/dai-hoc-thuy-loi-co-so-1-TLA.html,2026-09-29T09:24:31+00:00
tuyensinh247_cutoffs,TLA,2026,TLA118,Kỹ thuật hóa học,A00;D07;C02;C05;B00;X09;X10,22.01,https://diemthi.tuyensinh247.com/diem-chuan/dai-hoc-thuy-loi-co-so-1-TLA.html,2026-09-29T09:24:31+00:00
tuyensinh247_cutoffs,TLA,2026,TLA119,Công nghệ sinh học,A00;A02;B00;D08;B01;B02;B03;X14,20,https://diemthi.tuyensinh247.com/diem-chuan/dai-hoc-thuy-loi-co-so-1-TLA.html,2026-09-29T09:24:31+00:00
tuyensinh247_cutoffs,TLA,2026,TLA120,Kỹ thuật cơ điện tử,A00;A01;D01;D07;C01;X02;X06;X26,24.18,https://diemthi.tuyensinh247.com/diem-chuan/dai-hoc-thuy-loi-co-so-1-TLA.html,2026-09-29T09:24:31+00:00
tuyensinh247_cutoffs,TLA,2026,TLA121,Kỹ thuật điều khiển và tự động hóa,A00;A01;D01;D07;C01;X02;X06;X26,24.64,https://diemthi.tuyensinh247.com/diem-chuan/dai-hoc-thuy-loi-co-so-1-TLA.html,2026-09-29T09:24:31+00:00
tuyensinh247_cutoffs,TLA,2026,TLA122,Công nghệ cơ khí tự động hóa (Công nghệ chế tạo máy),A00;A01;D01;D07;C01;X02;X06;X26,22.26,https://diemthi.tuyensinh247.com/diem-chuan/dai-hoc-thuy-loi-co-so-1-TLA.html,2026-09-29T09:24:31+00:00
tuyensinh247_cutoffs,TLA,2026,TLA123,Kỹ thuật Ô tô,A00;A01;D01;D07;C01;X02;X06;X26,22.76,https://diemthi.tuyensinh247.com/diem-chuan/dai-hoc-thuy-loi-co-so-1-TLA.html,2026-09-29T09:24:31+00:00
tuyensinh247_cutoffs,TLA,2026,TLA126,Trí tuệ nhân tạo và khoa học dữ liệu,A00;A01;D01;D07;C01;X02;X06;X26,22.76,https://diemthi.tuyensinh247.com/diem-chuan/dai-hoc-thuy-loi-co-so-1-TLA.html,2026-09-29T09:24:31+00:00
tuyensinh247_cutoffs,TLA,2026,TLA127,An ninh mạng,A00;A01;D01;D07;C01;X02;X06;X26,22.76,https://diemthi.tuyensinh247.com/diem-chuan/dai-hoc-thuy-loi-co-so-1-TLA.html,2026-09-29T09:24:31+00:00
tuyensinh247_cutoffs,TLA,2026,TLA130,Chương trình Kỹ thuật xe năng lượng mới thông minh,A00;A01;D01;D07;C01;X02;X06;X26,19.75,https://diemthi.tuyensinh247.com/diem-chuan/dai-hoc-thuy-loi-co-so-1-TLA.html,2026-09-29T09:24:31+00:00
tuyensinh247_cutoffs,TLA,2026,TLA201,Chương trình tiên tiến ngành Kỹ thuật và quản lý xây dựng (*),A00;A01;D01;D07;C01;C02;X02;X06,19,https://diemthi.tuyensinh247.com/diem-chuan/dai-hoc-thuy-loi-co-so-1-TLA.html,2026-09-29T09:24:31+00:00
tuyensinh247_cutoffs,TLA,2026,TLA203,Ngôn ngữ Anh,A01;D01;D07;D08;D09;D10,21.34,https://diemthi.tuyensinh247.com/diem-chuan/dai-hoc-thuy-loi-co-so-1-TLA.html,2026-09-29T09:24:31+00:00
tuyensinh247_cutoffs,TLA,2026,TLA204,Ngôn ngữ Trung Quốc,D01;D04;D45;D55;D65;X78,23.98,https://diemthi.tuyensinh247.com/diem-chuan/dai-hoc-thuy-loi-co-so-1-TLA.html,2026-09-29T09:24:31+00:00
tuyensinh247_cutoffs,TLA,2026,TLA302,Luật kinh tế,C00;C03;C04;D01;D14;D15;X01,23.24,https://diemthi.tuyensinh247.com/diem-chuan/dai-hoc-thuy-loi-co-so-1-TLA.html,2026-09-29T09:24:31+00:00
tuyensinh247_cutoffs,TLA,2026,TLA401,Kinh tế,A00;A01;D01;D07;X02;X26,21.38,https://diemthi.tuyensinh247.com/diem-chuan/dai-hoc-thuy-loi-co-so-1-TLA.html,2026-09-29T09:24:31+00:00
tuyensinh247_cutoffs,TLA,2026,TLA402,Quản trị kinh doanh,A00;A01;D01;D07;X02;X26,21.29,https://diemthi.tuyensinh247.com/diem-chuan/dai-hoc-thuy-loi-co-so-1-TLA.html,2026-09-29T09:24:31+00:00
tuyensinh247_cutoffs,TLA,2026,TLA404,Kinh tế xây dựng,A00;A01;D01;D07;X02;X26,21.12,https://diemthi.tuyensinh247.com/diem-chuan/dai-hoc-thuy-loi-co-so-1-TLA.html,2026-09-29T09:24:31+00:00
tuyensinh247_cutoffs,TLA,2026,TLA405,Thương mại điện tử,A00;A01;D01;D07;X02;X26,22.76,https://diemthi.tuyensinh247.com/diem-chuan/dai-hoc-thuy-loi-co-so-1-TLA.html,2026-09-29T09:24:31+00:00
tuyensinh247_cutoffs,TLA,2026,TLA407,Logistics và quản lý chuỗi cung ứng,A00;A01;D01;D07;X02;X26,23.73,https://diemthi.tuyensinh247.com/diem-chuan/dai-hoc-thuy-loi-co-so-1-TLA.html,2026-09-29T09:24:31+00:00
tuyensinh247_cutoffs,TLA,2026,TLA408,Tài chính – Ngân hàng,A00;A01;D01;D07;X02;X26,22.26,https://diemthi.tuyensinh247.com/diem-chuan/dai-hoc-thuy-loi-co-so-1-TLA.html,2026-09-29T09:24:31+00:00
tuyensinh247_cutoffs,TLA,2026,TLA409,Kiểm toán,A00;A01;D01;D07;X02;X26,21.57,https://diemthi.tuyensinh247.com/diem-chuan/dai-hoc-thuy-loi-co-so-1-TLA.html,2026-09-29T09:24:31+00:00
tuyensinh247_cutoffs,TLA,2026,TLA411,Chương trình Kế toán tích hợp chứng chỉ quốc tế,A00;A01;D01;D07;X02;X26,20.08,https://diemthi.tuyensinh247.com/diem-chuan/dai-hoc-thuy-loi-co-so-1-TLA.html,2026-09-29T09:24:31+00:00
tuyensinh247_cutoffs,TLA,2026,TLA412,Chương trình Công nghệ tài chính,A00;A01;D01;D07;X02;X26,20.91,https://diemthi.tuyensinh247.com/diem-chuan/dai-hoc-thuy-loi-co-so-1-TLA.html,2026-09-29T09:24:31+00:00
tuyensinh247_cutoffs,TLA,2026,TLA414,Marketing,A00;A01;D01;D07;X02;X26,21.9,https://diemthi.tuyensinh247.com/diem-chuan/dai-hoc-thuy-loi-co-so-1-TLA.html,2026-09-29T09:24:31+00:00
tuyensinh247_cutoffs,TLA,2026,TLA102,Kỹ thuật tài nguyên nước,A00;A01;D01;D07;C01;C02;X02;X06,19.42,https://diemthi.tuyensinh247.com/diem-chuan/dai-hoc-thuy-loi-co-so-1-TLA.html,2026-09-29T09:24:31+00:00
tuyensinh247_cutoffs,TLA,2026,TLA110,Xây dựng và quản lý hạ tầng đô thị (Kỹ thuật cơ sở hạ tầng),A00;A01;D01;D07;C01;C02;X02;X06,20.3,https://diemthi.tuyensinh247.com/diem-chuan/dai-hoc-thuy-loi-co-so-1-TLA.html,2026-09-29T09:24:31+00:00
tuyensinh247_cutoffs,TLA,2026,TLA113,"Kỹ thuật xây dựng công trình giao thông (gồm các chương trình: Kỹ thuật xây dựng cầu, đường bộ; Kỹ thuật xây dựng Đường sắt tốc độ cao và đường sắt đô thị)",A00;A01;D01;D07;C01;C02;X02;X06,20.17,https://diemthi.tuyensinh247.com/diem-chuan/dai-hoc-thuy-loi-co-so-1-TLA.html,2026-09-29T09:24:31+00:00
tuyensinh247_cutoffs,TLA,2026,TLA117,Kỹ thuật phần mềm,A00;A01;D01;D07;C01;X02;X06;X26,22.26,https://diemthi.tuyensinh247.com/diem-chuan/dai-hoc-thuy-loi-co-so-1-TLA.html,2026-09-29T09:24:31+00:00
tuyensinh247_cutoffs,TLA,2026,TLA124,Kỹ thuật điện tử - viễn thông (gồm các chương trình: Kỹ thuật điện tử - viễn thông; Công nghệ bán dẫn và thiết kế vi mạch),A00;A01;D01;D07;C01;X02;X06;X26,23.5,https://diemthi.tuyensinh247.com/diem-chuan/dai-hoc-thuy-loi-co-so-1-TLA.html,2026-09-29T09:24:31+00:00
tuyensinh247_cutoffs,TLA,2026,TLA128,Kỹ thuật Robot và Điều khiển thông minh,A00;A01;D01;D07;C01;X02;X06;X26,22.21,https://diemthi.tuyensinh247.com/diem-chuan/dai-hoc-thuy-loi-co-so-1-TLA.html,2026-09-29T09:24:31+00:00
tuyensinh247_cutoffs,TLA,2026,TLA202,Chương trình tiên tiến ngành Kỹ thuật và quản lý tài nguyên nước(**),A00;A01;D01;D07;C01;C02;X02;X06,19,https://diemthi.tuyensinh247.com/diem-chuan/dai-hoc-thuy-loi-co-so-1-TLA.html,2026-09-29T09:24:31+00:00
tuyensinh247_cutoffs,TLA,2026,TLA301,Luật,C00;C03;C04;D01;D14;D15;X01,22.25,https://diemthi.tuyensinh247.com/diem-chuan/dai-hoc-thuy-loi-co-so-1-TLA.html,2026-09-29T09:24:31+00:00
tuyensinh247_cutoffs,TLA,2026,TLA403,Kế toán,A00;A01;D01;D07;X02;X26,22.12,https://diemthi.tuyensinh247.com/diem-chuan/dai-hoc-thuy-loi-co-so-1-TLA.html,2026-09-29T09:24:31+00:00
tuyensinh247_cutoffs,TLA,2026,TLA406,Quản trị dịch vụ du lịch và lữ hành,A00;A01;D01;D07;X02;X26,21.14,https://diemthi.tuyensinh247.com/diem-chuan/dai-hoc-thuy-loi-co-so-1-TLA.html,2026-09-29T09:24:31+00:00
tuyensinh247_cutoffs,TLA,2026,TLA410,Kinh tế số,A00;A01;D01;D07;X02;X26,22.11,https://diemthi.tuyensinh247.com/diem-chuan/dai-hoc-thuy-loi-co-so-1-TLA.html,2026-09-29T09:24:31+00:00
tuyensinh247_cutoffs,TLA,2026,TLA413,Kinh doanh thương mại,A00;A01;D01;D07;X02;X26,21.4,https://diemthi.tuyensinh247.com/diem-chuan/dai-hoc-thuy-loi-co-so-1-TLA.html,2026-09-29T09:24:31+00:00
tuyensinh247_cutoffs,HQT,2026,HQT01,Quan hệ quốc tế,A00;A01;D01;D03;D04;D06;D07;D09;D10;D14;D15;DD2,26.25,https://diemthi.tuyensinh247.com/diem-chuan/hoc-vien-ngoai-giao-HQT.html,2026-09-29T09:24:33+00:00
tuyensinh247_cutoffs,HQT,2026,HQT02,Ngôn ngữ Anh,A01;D01;D07;D09;D10;D14;D15,25.25,https://diemthi.tuyensinh247.com/diem-chuan/hoc-vien-ngoai-giao-HQT.html,2026-09-29T09:24:33+00:00
tuyensinh247_cutoffs,HQT,2026,HQT03,Kinh tế quốc tế,A00;A01;D01;D03;D04;D06;D07;D09;D10;DD2,25,https://diemthi.tuyensinh247.com/diem-chuan/hoc-vien-ngoai-giao-HQT.html,2026-09-29T09:24:33+00:00
tuyensinh247_cutoffs,HQT,2026,HQT04,Luật quốc tế,C00,26.57,https://diemthi.tuyensinh247.com/diem-chuan/hoc-vien-ngoai-giao-HQT.html,2026-09-29T09:24:33+00:00
tuyensinh247_cutoffs,HQT,2026,HQT05,Truyền thông quốc tế,A00;A01;D01;D03;D04;D06;D07;D09;D10;D14;D15;DD2,26,https://diemthi.tuyensinh247.com/diem-chuan/hoc-vien-ngoai-giao-HQT.html,2026-09-29T09:24:33+00:00
tuyensinh247_cutoffs,HQT,2026,HQT05,Truyền thông quốc tế,C00,27.5,https://diemthi.tuyensinh247.com/diem-chuan/hoc-vien-ngoai-giao-HQT.html,2026-09-29T09:24:33+00:00
tuyensinh247_cutoffs,HQT,2026,HQT07,Luật thương mại quốc tế,A00;A01;D01;D03;D04;D06;D07;D09;D10;D14;D15;DD2,24.87,https://diemthi.tuyensinh247.com/diem-chuan/hoc-vien-ngoai-giao-HQT.html,2026-09-29T09:24:33+00:00
tuyensinh247_cutoffs,HQT,2026,HQT07,Luật thương mại quốc tế,C00,26.37,https://diemthi.tuyensinh247.com/diem-chuan/hoc-vien-ngoai-giao-HQT.html,2026-09-29T09:24:33+00:00
tuyensinh247_cutoffs,HQT,2026,HQT08,Hàn Quốc học,C00,25.25,https://diemthi.tuyensinh247.com/diem-chuan/hoc-vien-ngoai-giao-HQT.html,2026-09-29T09:24:33+00:00
tuyensinh247_cutoffs,HQT,2026,HQT09,Hoa Kỳ học,A00;A01;D01;D07;D09;D10;D14;D15,24.5,https://diemthi.tuyensinh247.com/diem-chuan/hoc-vien-ngoai-giao-HQT.html,2026-09-29T09:24:33+00:00
tuyensinh247_cutoffs,HQT,2026,HQT09,Hoa Kỳ học,C00,26,https://diemthi.tuyensinh247.com/diem-chuan/hoc-vien-ngoai-giao-HQT.html,2026-09-29T09:24:33+00:00
tuyensinh247_cutoffs,HQT,2026,HQT10,Nhật Bản học,C00,25.25,https://diemthi.tuyensinh247.com/diem-chuan/hoc-vien-ngoai-giao-HQT.html,2026-09-29T09:24:33+00:00
tuyensinh247_cutoffs,HQT,2026,HQT11,Trung Quốc học,A00;A01;D01;D04;D07;D09;D10;D14;D15,24.5,https://diemthi.tuyensinh247.com/diem-chuan/hoc-vien-ngoai-giao-HQT.html,2026-09-29T09:24:33+00:00
tuyensinh247_cutoffs,HQT,2026,HQT01,Quan hệ quốc tế,C00,27.75,https://diemthi.tuyensinh247.com/diem-chuan/hoc-vien-ngoai-giao-HQT.html,2026-09-29T09:24:33+00:00
tuyensinh247_cutoffs,HQT,2026,HQT04,Luật quốc tế,A00;A01;D01;D03;D04;D06;D07;D09;D10;D14;D15;DD2,25.07,https://diemthi.tuyensinh247.com/diem-chuan/hoc-vien-ngoai-giao-HQT.html,2026-09-29T09:24:33+00:00
tuyensinh247_cutoffs,HQT,2026,HQT06,Kinh doanh quốc tế,A00;A01;D01;D03;D04;D06;D07;D09;D10;DD2,25.42,https://diemthi.tuyensinh247.com/diem-chuan/hoc-vien-ngoai-giao-HQT.html,2026-09-29T09:24:33+00:00
tuyensinh247_cutoffs,HQT,2026,HQT08,Hàn Quốc học,A00;A01;D01;D07;D09;D10;D14;D15;DD2,23.75,https://diemthi.tuyensinh247.com/diem-chuan/hoc-vien-ngoai-giao-HQT.html,2026-09-29T09:24:33+00:00
tuyensinh247_cutoffs,HQT,2026,HQT10,Nhật Bản học,A00;A01;D01;D06;D07;D09;D10;D14;D15,23.75,https://diemthi.tuyensinh247.com/diem-chuan/hoc-vien-ngoai-giao-HQT.html,2026-09-29T09:24:33+00:00
tuyensinh247_cutoffs,HQT,2026,HQT11,Trung Quốc học,C00,26,https://diemthi.tuyensinh247.com/diem-chuan/hoc-vien-ngoai-giao-HQT.html,2026-09-29T09:24:33+00:00
tuyensinh247_cutoffs,KMA,2026,7480202KA,An toàn thông tin (Cơ sở Hà Nội),A00;A01;X26;X06;C01,25.8,https://diemthi.tuyensinh247.com/diem-chuan/hoc-vien-ky-thuat-mat-ma-KMA.html,2026-09-29T09:24:34+00:00
tuyensinh247_cutoffs,KMA,2026,7480202KP,An toàn thông tin (Cơ sở TP.HCM),A00;A01;X26;X06;C01,23.96,https://diemthi.tuyensinh247.com/diem-chuan/hoc-vien-ky-thuat-mat-ma-KMA.html,2026-09-29T09:24:34+00:00
tuyensinh247_cutoffs,KMA,2026,7520207KA,Kỹ thuật điện tử viễn thông,A00;A01;X07;X06,24.63,https://diemthi.tuyensinh247.com/diem-chuan/hoc-vien-ky-thuat-mat-ma-KMA.html,2026-09-29T09:24:34+00:00
tuyensinh247_cutoffs,DTL,2026,7220201,Ngôn ngữ Anh,D01;D14,21.5,https://diemthi.tuyensinh247.com/diem-chuan/dai-hoc-thang-long-DTL.html,2026-09-29T09:24:36+00:00
tuyensinh247_cutoffs,DTL,2026,7220204,Ngôn ngữ Trung Quốc,D01;D04;D14,22.35,https://diemthi.tuyensinh247.com/diem-chuan/dai-hoc-thang-long-DTL.html,2026-09-29T09:24:36+00:00
tuyensinh247_cutoffs,DTL,2026,7220204,Ngôn ngữ Trung Quốc,D15,21.85,https://diemthi.tuyensinh247.com/diem-chuan/dai-hoc-thang-long-DTL.html,2026-09-29T09:24:36+00:00
tuyensinh247_cutoffs,DTL,2026,7220209,Ngôn ngữ Nhật,D15,17.25,https://diemthi.tuyensinh247.com/diem-chuan/dai-hoc-thang-long-DTL.html,2026-09-29T09:24:36+00:00
tuyensinh247_cutoffs,DTL,2026,7220210,Ngôn ngữ Hàn Quốc,D15,19.25,https://diemthi.tuyensinh247.com/diem-chuan/dai-hoc-thang-long-DTL.html,2026-09-29T09:24:36+00:00
tuyensinh247_cutoffs,DTL,2026,7220210,Ngôn ngữ Hàn Quốc,D01;DD2;D14,19.75,https://diemthi.tuyensinh247.com/diem-chuan/dai-hoc-thang-long-DTL.html,2026-09-29T09:24:36+00:00
tuyensinh247_cutoffs,DTL,2026,7310106,Kinh tế quốc tế,X25,18.5,https://diemthi.tuyensinh247.com/diem-chuan/dai-hoc-thang-long-DTL.html,2026-09-29T09:24:36+00:00
tuyensinh247_cutoffs,DTL,2026,7310106,Kinh tế quốc tế,A01;D01;D07;X01,19,https://diemthi.tuyensinh247.com/diem-chuan/dai-hoc-thang-long-DTL.html,2026-09-29T09:24:36+00:00
tuyensinh247_cutoffs,DTL,2026,7310630,Việt Nam học,C04;D15,19.95,https://diemthi.tuyensinh247.com/diem-chuan/dai-hoc-thang-long-DTL.html,2026-09-29T09:24:36+00:00
tuyensinh247_cutoffs,DTL,2026,7320104,Truyền thông đa phương tiện,C00;C03;D01;D14,23.31,https://diemthi.tuyensinh247.com/diem-chuan/dai-hoc-thang-long-DTL.html,2026-09-29T09:24:36+00:00
tuyensinh247_cutoffs,DTL,2026,7320104,Truyền thông đa phương tiện,C04;D15,22.81,https://diemthi.tuyensinh247.com/diem-chuan/dai-hoc-thang-long-DTL.html,2026-09-29T09:24:36+00:00
tuyensinh247_cutoffs,DTL,2026,7340101,Quản trị kinh doanh,A00,19.25,https://diemthi.tuyensinh247.com/diem-chuan/dai-hoc-thang-long-DTL.html,2026-09-29T09:24:36+00:00
tuyensinh247_cutoffs,DTL,2026,7340101,Quản trị kinh doanh,X01;X25,18.25,https://diemthi.tuyensinh247.com/diem-chuan/dai-hoc-thang-long-DTL.html,2026-09-29T09:24:36+00:00
tuyensinh247_cutoffs,DTL,2026,7340101A,Quản trị kinh doanh định hướng chuẩn nghề nghiệp quốc tế,A01;D01;D07;D09,16.25,https://diemthi.tuyensinh247.com/diem-chuan/dai-hoc-thang-long-DTL.html,2026-09-29T09:24:36+00:00
tuyensinh247_cutoffs,DTL,2026,7340115,Marketing,A01;D01;D07,20.1,https://diemthi.tuyensinh247.com/diem-chuan/dai-hoc-thang-long-DTL.html,2026-09-29T09:24:36+00:00
tuyensinh247_cutoffs,DTL,2026,7340115,Marketing,A00,20.6,https://diemthi.tuyensinh247.com/diem-chuan/dai-hoc-thang-long-DTL.html,2026-09-29T09:24:36+00:00
tuyensinh247_cutoffs,DTL,2026,7340122,Thương mại điện tử,A00,22.5,https://diemthi.tuyensinh247.com/diem-chuan/dai-hoc-thang-long-DTL.html,2026-09-29T09:24:36+00:00
tuyensinh247_cutoffs,DTL,2026,7340122,Thương mại điện tử,X01;X25,19.5,https://diemthi.tuyensinh247.com/diem-chuan/dai-hoc-thang-long-DTL.html,2026-09-29T09:24:36+00:00
tuyensinh247_cutoffs,DTL,2026,7340201,Tài chính - Ngân hàng,A01;D01;D07,19,https://diemthi.tuyensinh247.com/diem-chuan/dai-hoc-thang-long-DTL.html,2026-09-29T09:24:36+00:00
tuyensinh247_cutoffs,DTL,2026,7340201,Tài chính - Ngân hàng,A00,19.5,https://diemthi.tuyensinh247.com/diem-chuan/dai-hoc-thang-long-DTL.html,2026-09-29T09:24:36+00:00
tuyensinh247_cutoffs,DTL,2026,7340301,Kế toán,A01;D01;D07,18.35,https://diemthi.tuyensinh247.com/diem-chuan/dai-hoc-thang-long-DTL.html,2026-09-29T09:24:36+00:00
tuyensinh247_cutoffs,DTL,2026,7340301,Kế toán,A00,18.85,https://diemthi.tuyensinh247.com/diem-chuan/dai-hoc-thang-long-DTL.html,2026-09-29T09:24:36+00:00
tuyensinh247_cutoffs,DTL,2026,7340301A,Kế toán định hướng chứng chỉ quốc tế ACCA,A01;D01;D07;D09,16.25,https://diemthi.tuyensinh247.com/diem-chuan/dai-hoc-thang-long-DTL.html,2026-09-29T09:24:36+00:00
tuyensinh247_cutoffs,DTL,2026,7340301A,Kế toán định hướng chứng chỉ quốc tế ACCA,D10;X25,15.75,https://diemthi.tuyensinh247.com/diem-chuan/dai-hoc-thang-long-DTL.html,2026-09-29T09:24:36+00:00
tuyensinh247_cutoffs,DTL,2026,7380107,Luật kinh tế,C00;C03;D01,20.1,https://diemthi.tuyensinh247.com/diem-chuan/dai-hoc-thang-long-DTL.html,2026-09-29T09:24:36+00:00
tuyensinh247_cutoffs,DTL,2026,7380107,Luật kinh tế,C04;X01;X78,19.6,https://diemthi.tuyensinh247.com/diem-chuan/dai-hoc-thang-long-DTL.html,2026-09-29T09:24:36+00:00
tuyensinh247_cutoffs,DTL,2026,7480101,Khoa học máy tính,A00,16.5,https://diemthi.tuyensinh247.com/diem-chuan/dai-hoc-thang-long-DTL.html,2026-09-29T09:24:36+00:00
tuyensinh247_cutoffs,DTL,2026,7480104,Hệ thống thông tin,A01;D01;D07;X06;X26,16,https://diemthi.tuyensinh247.com/diem-chuan/dai-hoc-thang-long-DTL.html,2026-09-29T09:24:36+00:00
tuyensinh247_cutoffs,DTL,2026,7480104,Hệ thống thông tin,A00,16.5,https://diemthi.tuyensinh247.com/diem-chuan/dai-hoc-thang-long-DTL.html,2026-09-29T09:24:36+00:00
tuyensinh247_cutoffs,DTL,2026,7480201,Công nghệ thông tin,A00,16.5,https://diemthi.tuyensinh247.com/diem-chuan/dai-hoc-thang-long-DTL.html,2026-09-29T09:24:36+00:00
tuyensinh247_cutoffs,DTL,2026,7480207,Trí tuệ nhân tạo,A01;D01;D07;X06;X26,16,https://diemthi.tuyensinh247.com/diem-chuan/dai-hoc-thang-long-DTL.html,2026-09-29T09:24:36+00:00
tuyensinh247_cutoffs,DTL,2026,7510605,Logistics và quản lý chuỗi cung ứng,A00,21.63,https://diemthi.tuyensinh247.com/diem-chuan/dai-hoc-thang-long-DTL.html,2026-09-29T09:24:36+00:00
tuyensinh247_cutoffs,DTL,2026,7510605,Logistics và quản lý chuỗi cung ứng,X01;X25,20.63,https://diemthi.tuyensinh247.com/diem-chuan/dai-hoc-thang-long-DTL.html,2026-09-29T09:24:36+00:00
tuyensinh247_cutoffs,DTL,2026,7510605,Logistics và quản lý chuỗi cung ứng,A01;D01;D07,21.13,https://diemthi.tuyensinh247.com/diem-chuan/dai-hoc-thang-long-DTL.html,2026-09-29T09:24:36+00:00
tuyensinh247_cutoffs,DTL,2026,7720301,Điều dưỡng,B03;D07,20.75,https://diemthi.tuyensinh247.com/diem-chuan/dai-hoc-thang-long-DTL.html,2026-09-29T09:24:36+00:00
tuyensinh247_cutoffs,DTL,2026,7720301,Điều dưỡng,A00;B00,21.25,https://diemthi.tuyensinh247.com/diem-chuan/dai-hoc-thang-long-DTL.html,2026-09-29T09:24:36+00:00
tuyensinh247_cutoffs,DTL,2026,7810103,Quản trị dịch vụ du lịch và lữ hành,C04;X01,21.8,https://diemthi.tuyensinh247.com/diem-chuan/dai-hoc-thang-long-DTL.html,2026-09-29T09:24:36+00:00
tuyensinh247_cutoffs,DTL,2026,7810103,Quản trị dịch vụ du lịch và lữ hành,C01;C03;D01,22.3,https://diemthi.tuyensinh247.com/diem-chuan/dai-hoc-thang-long-DTL.html,2026-09-29T09:24:36+00:00
tuyensinh247_cutoffs,DTL,2026,7810201,Quản trị khách sạn,C01;C03;D01,22,https://diemthi.tuyensinh247.com/diem-chuan/dai-hoc-thang-long-DTL.html,2026-09-29T09:24:36+00:00
tuyensinh247_cutoffs,DTL,2026,7810201,Quản trị khách sạn,C04;X01,21.5,https://diemthi.tuyensinh247.com/diem-chuan/dai-hoc-thang-long-DTL.html,2026-09-29T09:24:36+00:00
tuyensinh247_cutoffs,DTL,2026,7220201,Ngôn ngữ Anh,D15,21,https://diemthi.tuyensinh247.com/diem-chuan/dai-hoc-thang-long-DTL.html,2026-09-29T09:24:36+00:00
tuyensinh247_cutoffs,DTL,2026,7220209,Ngôn ngữ Nhật,D01;D06;D14,17.75,https://diemthi.tuyensinh247.com/diem-chuan/dai-hoc-thang-long-DTL.html,2026-09-29T09:24:36+00:00
tuyensinh247_cutoffs,DTL,2026,7310106,Kinh tế quốc tế,A00,19.5,https://diemthi.tuyensinh247.com/diem-chuan/dai-hoc-thang-long-DTL.html,2026-09-29T09:24:36+00:00
tuyensinh247_cutoffs,DTL,2026,7310630,Việt Nam học,C00;C03;D01;D14,20.45,https://diemthi.tuyensinh247.com/diem-chuan/dai-hoc-thang-long-DTL.html,2026-09-29T09:24:36+00:00
tuyensinh247_cutoffs,DTL,2026,7340101,Quản trị kinh doanh,A01;D01;D07,18.75,https://diemthi.tuyensinh247.com/diem-chuan/dai-hoc-thang-long-DTL.html,2026-09-29T09:24:36+00:00
tuyensinh247_cutoffs,DTL,2026,7340101A,Quản trị kinh doanh định hướng chuẩn nghề nghiệp quốc tế,D10;X25,15.75,https://diemthi.tuyensinh247.com/diem-chuan/dai-hoc-thang-long-DTL.html,2026-09-29T09:24:36+00:00
tuyensinh247_cutoffs,DTL,2026,7340115,Marketing,X01;X25,19.6,https://diemthi.tuyensinh247.com/diem-chuan/dai-hoc-thang-long-DTL.html,2026-09-29T09:24:36+00:00
tuyensinh247_cutoffs,DTL,2026,7340122,Thương mại điện tử,A01;D01;D07,22,https://diemthi.tuyensinh247.com/diem-chuan/dai-hoc-thang-long-DTL.html,2026-09-29T09:24:36+00:00
tuyensinh247_cutoffs,DTL,2026,7340201,Tài chính - Ngân hàng,X01;X25,18.5,https://diemthi.tuyensinh247.com/diem-chuan/dai-hoc-thang-long-DTL.html,2026-09-29T09:24:36+00:00
tuyensinh247_cutoffs,DTL,2026,7340301,Kế toán,X01;X25,17.85,https://diemthi.tuyensinh247.com/diem-chuan/dai-hoc-thang-long-DTL.html,2026-09-29T09:24:36+00:00
tuyensinh247_cutoffs,DTL,2026,7480101,Khoa học máy tính,A01;D01;D07;X06;X26,16,https://diemthi.tuyensinh247.com/diem-chuan/dai-hoc-thang-long-DTL.html,2026-09-29T09:24:36+00:00
tuyensinh247_cutoffs,DTL,2026,7480201,Công nghệ thông tin,A01;D01;D07;X06;X26,16,https://diemthi.tuyensinh247.com/diem-chuan/dai-hoc-thang-long-DTL.html,2026-09-29T09:24:36+00:00
tuyensinh247_cutoffs,DTL,2026,7480207,Trí tuệ nhân tạo,A00,16.5,https://diemthi.tuyensinh247.com/diem-chuan/dai-hoc-thang-long-DTL.html,2026-09-29T09:24:36+00:00
tuyensinh247_cutoffs,DTL,2026,7720301,Điều dưỡng,A02;B08,20.25,https://diemthi.tuyensinh247.com/diem-chuan/dai-hoc-thang-long-DTL.html,2026-09-29T09:24:36+00:00
tuyensinh247_cutoffs,DTL,2026,7810103,Quản trị dịch vụ du lịch và lữ hành,C02,22.8,https://diemthi.tuyensinh247.com/diem-chuan/dai-hoc-thang-long-DTL.html,2026-09-29T09:24:36+00:00
tuyensinh247_cutoffs,DTL,2026,7810201,Quản trị khách sạn,C02,22.5,https://diemthi.tuyensinh247.com/diem-chuan/dai-hoc-thang-long-DTL.html,2026-09-29T09:24:36+00:00
tuyensinh247_cutoffs,MHN,2026,7220201,Ngôn ngữ Anh,D01,20.75,https://diemthi.tuyensinh247.com/diem-chuan/dai-hoc-mo-ha-noi-MHN.html,2026-09-29T09:24:38+00:00
tuyensinh247_cutoffs,MHN,2026,7340101,Quản trị kinh doanh,A00;A01;D01;X26,19.5,https://diemthi.tuyensinh247.com/diem-chuan/dai-hoc-mo-ha-noi-MHN.html,2026-09-29T09:24:38+00:00
tuyensinh247_cutoffs,MHN,2026,7340122,Thương mại điện tử,A00;A01;D01;X26,21.75,https://diemthi.tuyensinh247.com/diem-chuan/dai-hoc-mo-ha-noi-MHN.html,2026-09-29T09:24:38+00:00
tuyensinh247_cutoffs,MHN,2026,7340201,Tài chính - Ngân hàng,A00;A01;D01,19,https://diemthi.tuyensinh247.com/diem-chuan/dai-hoc-mo-ha-noi-MHN.html,2026-09-29T09:24:38+00:00
tuyensinh247_cutoffs,MHN,2026,7340301,Kế toán,A00;A01;D01;X26,19.75,https://diemthi.tuyensinh247.com/diem-chuan/dai-hoc-mo-ha-noi-MHN.html,2026-09-29T09:24:38+00:00
tuyensinh247_cutoffs,MHN,2026,7380101,Luật,D01;C01;C00;X01,21.5,https://diemthi.tuyensinh247.com/diem-chuan/dai-hoc-mo-ha-noi-MHN.html,2026-09-29T09:24:38+00:00
tuyensinh247_cutoffs,MHN,2026,7380107,Luật kinh tế,D01;C01;C00;X01,22,https://diemthi.tuyensinh247.com/diem-chuan/dai-hoc-mo-ha-noi-MHN.html,2026-09-29T09:24:38+00:00
tuyensinh247_cutoffs,MHN,2026,7380108,Luật quốc tế,D01;C01;C00;X01,20,https://diemthi.tuyensinh247.com/diem-chuan/dai-hoc-mo-ha-noi-MHN.html,2026-09-29T09:24:38+00:00
tuyensinh247_cutoffs,MHN,2026,7420201,Công nghệ sinh học,B00;A00;D07;A01,17.52,https://diemthi.tuyensinh247.com/diem-chuan/dai-hoc-mo-ha-noi-MHN.html,2026-09-29T09:24:38+00:00
tuyensinh247_cutoffs,MHN,2026,7480106,Kỹ thuật máy tính,A00;A01;D01;X26,18.5,https://diemthi.tuyensinh247.com/diem-chuan/dai-hoc-mo-ha-noi-MHN.html,2026-09-29T09:24:38+00:00
tuyensinh247_cutoffs,MHN,2026,7510302,Công nghệ kỹ thuật điện tử - viễn thông,A00;A01;D01;X26,18.75,https://diemthi.tuyensinh247.com/diem-chuan/dai-hoc-mo-ha-noi-MHN.html,2026-09-29T09:24:38+00:00
tuyensinh247_cutoffs,MHN,2026,7510303,Công nghệ kỹ thuật điều khiển và tự động hóa,A00;A01;D01;X26,20,https://diemthi.tuyensinh247.com/diem-chuan/dai-hoc-mo-ha-noi-MHN.html,2026-09-29T09:24:38+00:00
tuyensinh247_cutoffs,MHN,2026,7810103,Quản trị dịch vụ du lịch và lữ hành,D01;D09;D10,19.25,https://diemthi.tuyensinh247.com/diem-chuan/dai-hoc-mo-ha-noi-MHN.html,2026-09-29T09:24:38+00:00
tuyensinh247_cutoffs,MHN,2026,7810201,Quản trị khách sạn,D01;D09;D10,18.75,https://diemthi.tuyensinh247.com/diem-chuan/dai-hoc-mo-ha-noi-MHN.html,2026-09-29T09:24:38+00:00
tuyensinh247_cutoffs,MHN,2026,7220204,Ngôn ngữ Trung Quốc,D01;D04,24.26,https://diemthi.tuyensinh247.com/diem-chuan/dai-hoc-mo-ha-noi-MHN.html,2026-09-29T09:24:38+00:00
tuyensinh247_cutoffs,MHN,2026,7340204,Bảo hiểm,A00;A01;D01,18.5,https://diemthi.tuyensinh247.com/diem-chuan/dai-hoc-mo-ha-noi-MHN.html,2026-09-29T09:24:38+00:00
tuyensinh247_cutoffs,MHN,2026,7480201,Công nghệ thông tin,A00;A01;D01;X26,19,https://diemthi.tuyensinh247.com/diem-chuan/dai-hoc-mo-ha-noi-MHN.html,2026-09-29T09:24:38+00:00
tuyensinh247_cutoffs,MHN,2026,7540101,Công nghệ thực phẩm,B00;A00;D07;A01,17.8,https://diemthi.tuyensinh247.com/diem-chuan/dai-hoc-mo-ha-noi-MHN.html,2026-09-29T09:24:38+00:00
tuyensinh247_cutoffs,HBT,2026,BC602,"Báo chí, chuyên ngành Báo in",D01,30.35,https://diemthi.tuyensinh247.com/diem-chuan/hoc-vien-bao-chi-va-tuyen-truyen-HBT.html,2026-09-29T09:24:40+00:00
tuyensinh247_cutoffs,HBT,2026,BC603,"Báo chí, chuyên ngành Ảnh báo chí",D01,28.1,https://diemthi.tuyensinh247.com/diem-chuan/hoc-vien-bao-chi-va-tuyen-truyen-HBT.html,2026-09-29T09:24:40+00:00
tuyensinh247_cutoffs,HBT,2026,BC603,"Báo chí, chuyên ngành Ảnh báo chí",X78;D15;D14,28.85,https://diemthi.tuyensinh247.com/diem-chuan/hoc-vien-bao-chi-va-tuyen-truyen-HBT.html,2026-09-29T09:24:40+00:00
tuyensinh247_cutoffs,HBT,2026,BC604,"Báo chí, chuyên ngành Báo phát thanh",D01,30.9,https://diemthi.tuyensinh247.com/diem-chuan/hoc-vien-bao-chi-va-tuyen-truyen-HBT.html,2026-09-29T09:24:40+00:00
tuyensinh247_cutoffs,HBT,2026,BC604,"Báo chí, chuyên ngành Báo phát thanh",X78;D15;D14,31.65,https://diemthi.tuyensinh247.com/diem-chuan/hoc-vien-bao-chi-va-tuyen-truyen-HBT.html,2026-09-29T09:24:40+00:00
tuyensinh247_cutoffs,HBT,2026,BC605,"Báo chí, chuyên ngành Báo truyền hình",D01,31.83,https://diemthi.tuyensinh247.com/diem-chuan/hoc-vien-bao-chi-va-tuyen-truyen-HBT.html,2026-09-29T09:24:40+00:00
tuyensinh247_cutoffs,HBT,2026,BC605,"Báo chí, chuyên ngành Báo truyền hình",X78;D15;D14,32.83,https://diemthi.tuyensinh247.com/diem-chuan/hoc-vien-bao-chi-va-tuyen-truyen-HBT.html,2026-09-29T09:24:40+00:00
tuyensinh247_cutoffs,HBT,2026,BC606,"Báo chí, chuyên ngành Quay phim truyền hình",X78;D15;D14,30.75,https://diemthi.tuyensinh247.com/diem-chuan/hoc-vien-bao-chi-va-tuyen-truyen-HBT.html,2026-09-29T09:24:40+00:00
tuyensinh247_cutoffs,HBT,2026,BC607,"Báo chí, chuyên ngành Báo mạng điện tử",D01,31.3,https://diemthi.tuyensinh247.com/diem-chuan/hoc-vien-bao-chi-va-tuyen-truyen-HBT.html,2026-09-29T09:24:40+00:00
tuyensinh247_cutoffs,HBT,2026,BC7320104,Truyền thông đa phương tiện,D01,26.23,https://diemthi.tuyensinh247.com/diem-chuan/hoc-vien-bao-chi-va-tuyen-truyen-HBT.html,2026-09-29T09:24:40+00:00
tuyensinh247_cutoffs,HBT,2026,BC7320104,Truyền thông đa phương tiện,X78;D15;D14,27.23,https://diemthi.tuyensinh247.com/diem-chuan/hoc-vien-bao-chi-va-tuyen-truyen-HBT.html,2026-09-29T09:24:40+00:00
tuyensinh247_cutoffs,HBT,2026,BC7320105,Truyền thông đại chúng,D01,25.33,https://diemthi.tuyensinh247.com/diem-chuan/hoc-vien-bao-chi-va-tuyen-truyen-HBT.html,2026-09-29T09:24:40+00:00
tuyensinh247_cutoffs,HBT,2026,CN7229008,Chủ nghĩa xã hội khoa học,D01,22.85,https://diemthi.tuyensinh247.com/diem-chuan/hoc-vien-bao-chi-va-tuyen-truyen-HBT.html,2026-09-29T09:24:40+00:00
tuyensinh247_cutoffs,HBT,2026,CN7229008,Chủ nghĩa xã hội khoa học,C04;C03;X01,23.35,https://diemthi.tuyensinh247.com/diem-chuan/hoc-vien-bao-chi-va-tuyen-truyen-HBT.html,2026-09-29T09:24:40+00:00
tuyensinh247_cutoffs,HBT,2026,CT531,"Chính trị học, chuyên ngành Chính trị phát triển",C04;C03;X01,23.7,https://diemthi.tuyensinh247.com/diem-chuan/hoc-vien-bao-chi-va-tuyen-truyen-HBT.html,2026-09-29T09:24:40+00:00
tuyensinh247_cutoffs,HBT,2026,CT7340403,Quản lý công,D01,22.35,https://diemthi.tuyensinh247.com/diem-chuan/hoc-vien-bao-chi-va-tuyen-truyen-HBT.html,2026-09-29T09:24:40+00:00
tuyensinh247_cutoffs,HBT,2026,CT7340403,Quản lý công,C04;C03;X01,22.85,https://diemthi.tuyensinh247.com/diem-chuan/hoc-vien-bao-chi-va-tuyen-truyen-HBT.html,2026-09-29T09:24:40+00:00
tuyensinh247_cutoffs,HBT,2026,KT527,"Kinh tế, chuyên ngành Quản lý kinh tế",C04;C03;X01,24.65,https://diemthi.tuyensinh247.com/diem-chuan/hoc-vien-bao-chi-va-tuyen-truyen-HBT.html,2026-09-29T09:24:40+00:00
tuyensinh247_cutoffs,HBT,2026,KT7310102,Kinh tế chính trị,D01,23.8,https://diemthi.tuyensinh247.com/diem-chuan/hoc-vien-bao-chi-va-tuyen-truyen-HBT.html,2026-09-29T09:24:40+00:00
tuyensinh247_cutoffs,HBT,2026,LS7229010,"Lịch sử, chuyên ngành Lịch sử Đảng Cộng sản Việt Nam",D14,25.1,https://diemthi.tuyensinh247.com/diem-chuan/hoc-vien-bao-chi-va-tuyen-truyen-HBT.html,2026-09-29T09:24:40+00:00
tuyensinh247_cutoffs,HBT,2026,LS7229010,"Lịch sử, chuyên ngành Lịch sử Đảng Cộng sản Việt Nam",C03,24.6,https://diemthi.tuyensinh247.com/diem-chuan/hoc-vien-bao-chi-va-tuyen-truyen-HBT.html,2026-09-29T09:24:40+00:00
tuyensinh247_cutoffs,HBT,2026,NN7220201,Ngôn ngữ Anh,D01,24.42,https://diemthi.tuyensinh247.com/diem-chuan/hoc-vien-bao-chi-va-tuyen-truyen-HBT.html,2026-09-29T09:24:40+00:00
tuyensinh247_cutoffs,HBT,2026,NN7220201,Ngôn ngữ Anh,X78;D15;D14,25.17,https://diemthi.tuyensinh247.com/diem-chuan/hoc-vien-bao-chi-va-tuyen-truyen-HBT.html,2026-09-29T09:24:40+00:00
tuyensinh247_cutoffs,HBT,2026,NP7310205,Quản lý nhà nước,C04;C03;X01,23.48,https://diemthi.tuyensinh247.com/diem-chuan/hoc-vien-bao-chi-va-tuyen-truyen-HBT.html,2026-09-29T09:24:40+00:00
tuyensinh247_cutoffs,HBT,2026,QQ615,"Quan hệ công chúng, chuyên ngành Quan hệ công chúng chuyên nghiệp",D01,25.86,https://diemthi.tuyensinh247.com/diem-chuan/hoc-vien-bao-chi-va-tuyen-truyen-HBT.html,2026-09-29T09:24:40+00:00
tuyensinh247_cutoffs,HBT,2026,QQ616,"Quan hệ công chúng, chuyên ngành Truyền thông marketing",D01,26.23,https://diemthi.tuyensinh247.com/diem-chuan/hoc-vien-bao-chi-va-tuyen-truyen-HBT.html,2026-09-29T09:24:40+00:00
tuyensinh247_cutoffs,HBT,2026,QQ616,"Quan hệ công chúng, chuyên ngành Truyền thông marketing",X78;D15;D14,27.23,https://diemthi.tuyensinh247.com/diem-chuan/hoc-vien-bao-chi-va-tuyen-truyen-HBT.html,2026-09-29T09:24:40+00:00
tuyensinh247_cutoffs,HBT,2026,QQ618,"Quan hệ công chúng, chuyên ngành Quảng cáo",D01,25.56,https://diemthi.tuyensinh247.com/diem-chuan/hoc-vien-bao-chi-va-tuyen-truyen-HBT.html,2026-09-29T09:24:40+00:00
tuyensinh247_cutoffs,HBT,2026,QT610,"Quan hệ quốc tế, chuyên ngành Thông tin đối ngoại",D01,24.7,https://diemthi.tuyensinh247.com/diem-chuan/hoc-vien-bao-chi-va-tuyen-truyen-HBT.html,2026-09-29T09:24:40+00:00
tuyensinh247_cutoffs,HBT,2026,QT610,"Quan hệ quốc tế, chuyên ngành Thông tin đối ngoại",X78;D15;D14,25.7,https://diemthi.tuyensinh247.com/diem-chuan/hoc-vien-bao-chi-va-tuyen-truyen-HBT.html,2026-09-29T09:24:40+00:00
tuyensinh247_cutoffs,HBT,2026,QT611,"Quan hệ quốc tế, chuyên ngành Quan hệ chính trị và Truyền thông quốc tế",X78;D15;D14,26,https://diemthi.tuyensinh247.com/diem-chuan/hoc-vien-bao-chi-va-tuyen-truyen-HBT.html,2026-09-29T09:24:40+00:00
tuyensinh247_cutoffs,HBT,2026,QT614,"Quan hệ quốc tế, chuyên ngành Quan hệ quốc tế và Truyền thông toàn cầu",D01,25.25,https://diemthi.tuyensinh247.com/diem-chuan/hoc-vien-bao-chi-va-tuyen-truyen-HBT.html,2026-09-29T09:24:40+00:00
tuyensinh247_cutoffs,HBT,2026,QT7320107,Truyền thông quốc tế,D01,25.65,https://diemthi.tuyensinh247.com/diem-chuan/hoc-vien-bao-chi-va-tuyen-truyen-HBT.html,2026-09-29T09:24:40+00:00
tuyensinh247_cutoffs,HBT,2026,QT7320107,Truyền thông quốc tế,X78;D15;D14,26.65,https://diemthi.tuyensinh247.com/diem-chuan/hoc-vien-bao-chi-va-tuyen-truyen-HBT.html,2026-09-29T09:24:40+00:00
tuyensinh247_cutoffs,HBT,2026,TH533,"Chính trị học, chuyên ngành Tư tưởng Hồ Chí Minh",D01,23.21,https://diemthi.tuyensinh247.com/diem-chuan/hoc-vien-bao-chi-va-tuyen-truyen-HBT.html,2026-09-29T09:24:40+00:00
tuyensinh247_cutoffs,HBT,2026,TM7229001,Triết học,D01,22.26,https://diemthi.tuyensinh247.com/diem-chuan/hoc-vien-bao-chi-va-tuyen-truyen-HBT.html,2026-09-29T09:24:40+00:00
tuyensinh247_cutoffs,HBT,2026,TM7229001,Triết học,C04;C03;X01,22.76,https://diemthi.tuyensinh247.com/diem-chuan/hoc-vien-bao-chi-va-tuyen-truyen-HBT.html,2026-09-29T09:24:40+00:00
tuyensinh247_cutoffs,HBT,2026,TT530,"Chính trị học, chuyên ngành Công tác tư tưởng - văn hóa",C04;C03;X01,23.72,https://diemthi.tuyensinh247.com/diem-chuan/hoc-vien-bao-chi-va-tuyen-truyen-HBT.html,2026-09-29T09:24:40+00:00
tuyensinh247_cutoffs,HBT,2026,TT538,"Chính trị học, chuyên ngành Truyền thông chính sách",D01,24.2,https://diemthi.tuyensinh247.com/diem-chuan/hoc-vien-bao-chi-va-tuyen-truyen-HBT.html,2026-09-29T09:24:40+00:00
tuyensinh247_cutoffs,HBT,2026,XB801,"Xuất bản, chuyên ngành Biên tập xuất bản",D01,28.5,https://diemthi.tuyensinh247.com/diem-chuan/hoc-vien-bao-chi-va-tuyen-truyen-HBT.html,2026-09-29T09:24:40+00:00
tuyensinh247_cutoffs,HBT,2026,XB801,"Xuất bản, chuyên ngành Biên tập xuất bản",X78;D15;D14,29.5,https://diemthi.tuyensinh247.com/diem-chuan/hoc-vien-bao-chi-va-tuyen-truyen-HBT.html,2026-09-29T09:24:40+00:00
tuyensinh247_cutoffs,HBT,2026,XB802,"Xuất bản, chuyên ngành Xuất bản điện tử",D01,28.6,https://diemthi.tuyensinh247.com/diem-chuan/hoc-vien-bao-chi-va-tuyen-truyen-HBT.html,2026-09-29T09:24:40+00:00
tuyensinh247_cutoffs,HBT,2026,XD7310202,Xây dựng Đảng và chính quyền nhà nước,D01,23.15,https://diemthi.tuyensinh247.com/diem-chuan/hoc-vien-bao-chi-va-tuyen-truyen-HBT.html,2026-09-29T09:24:40+00:00
tuyensinh247_cutoffs,HBT,2026,XD7310202,Xây dựng Đảng và chính quyền nhà nước,C04;C03;X01,23.65,https://diemthi.tuyensinh247.com/diem-chuan/hoc-vien-bao-chi-va-tuyen-truyen-HBT.html,2026-09-29T09:24:40+00:00
tuyensinh247_cutoffs,HBT,2026,XH7310301,Xã hội học,C04;C03;X01,23.32,https://diemthi.tuyensinh247.com/diem-chuan/hoc-vien-bao-chi-va-tuyen-truyen-HBT.html,2026-09-29T09:24:40+00:00
tuyensinh247_cutoffs,HBT,2026,XH7760101,Công tác xã hội,D01,23.24,https://diemthi.tuyensinh247.com/diem-chuan/hoc-vien-bao-chi-va-tuyen-truyen-HBT.html,2026-09-29T09:24:40+00:00
tuyensinh247_cutoffs,HBT,2026,XH7760101,Công tác xã hội,C04;C03;X01,23.74,https://diemthi.tuyensinh247.com/diem-chuan/hoc-vien-bao-chi-va-tuyen-truyen-HBT.html,2026-09-29T09:24:40+00:00
tuyensinh247_cutoffs,HBT,2026,BC602,"Báo chí, chuyên ngành Báo in",X78;D15;D14,31.1,https://diemthi.tuyensinh247.com/diem-chuan/hoc-vien-bao-chi-va-tuyen-truyen-HBT.html,2026-09-29T09:24:40+00:00
tuyensinh247_cutoffs,HBT,2026,BC606,"Báo chí, chuyên ngành Quay phim truyền hình",D01,30.25,https://diemthi.tuyensinh247.com/diem-chuan/hoc-vien-bao-chi-va-tuyen-truyen-HBT.html,2026-09-29T09:24:40+00:00
tuyensinh247_cutoffs,HBT,2026,BC607,"Báo chí, chuyên ngành Báo mạng điện tử",X78;D15;D14,32.05,https://diemthi.tuyensinh247.com/diem-chuan/hoc-vien-bao-chi-va-tuyen-truyen-HBT.html,2026-09-29T09:24:40+00:00
tuyensinh247_cutoffs,HBT,2026,BC7320105,Truyền thông đại chúng,X78;D15;D14,26.33,https://diemthi.tuyensinh247.com/diem-chuan/hoc-vien-bao-chi-va-tuyen-truyen-HBT.html,2026-09-29T09:24:40+00:00
tuyensinh247_cutoffs,HBT,2026,CT531,"Chính trị học, chuyên ngành Chính trị phát triển",D01,23.2,https://diemthi.tuyensinh247.com/diem-chuan/hoc-vien-bao-chi-va-tuyen-truyen-HBT.html,2026-09-29T09:24:40+00:00
tuyensinh247_cutoffs,HBT,2026,KT527,"Kinh tế, chuyên ngành Quản lý kinh tế",D01,24.15,https://diemthi.tuyensinh247.com/diem-chuan/hoc-vien-bao-chi-va-tuyen-truyen-HBT.html,2026-09-29T09:24:40+00:00
tuyensinh247_cutoffs,HBT,2026,KT7310102,Kinh tế chính trị,C04;C03;X01,24.3,https://diemthi.tuyensinh247.com/diem-chuan/hoc-vien-bao-chi-va-tuyen-truyen-HBT.html,2026-09-29T09:24:40+00:00
tuyensinh247_cutoffs,HBT,2026,NP7310205,Quản lý nhà nước,D01,22.98,https://diemthi.tuyensinh247.com/diem-chuan/hoc-vien-bao-chi-va-tuyen-truyen-HBT.html,2026-09-29T09:24:40+00:00
tuyensinh247_cutoffs,HBT,2026,QQ615,"Quan hệ công chúng, chuyên ngành Quan hệ công chúng chuyên nghiệp",X78;D15;D14,26.86,https://diemthi.tuyensinh247.com/diem-chuan/hoc-vien-bao-chi-va-tuyen-truyen-HBT.html,2026-09-29T09:24:40+00:00
tuyensinh247_cutoffs,HBT,2026,QQ618,"Quan hệ công chúng, chuyên ngành Quảng cáo",X78;D15;D14,26.56,https://diemthi.tuyensinh247.com/diem-chuan/hoc-vien-bao-chi-va-tuyen-truyen-HBT.html,2026-09-29T09:24:40+00:00
tuyensinh247_cutoffs,HBT,2026,QT611,"Quan hệ quốc tế, chuyên ngành Quan hệ chính trị và Truyền thông quốc tế",D01,25,https://diemthi.tuyensinh247.com/diem-chuan/hoc-vien-bao-chi-va-tuyen-truyen-HBT.html,2026-09-29T09:24:40+00:00
tuyensinh247_cutoffs,HBT,2026,QT614,"Quan hệ quốc tế, chuyên ngành Quan hệ quốc tế và Truyền thông toàn cầu",X78;D15;D14,26.25,https://diemthi.tuyensinh247.com/diem-chuan/hoc-vien-bao-chi-va-tuyen-truyen-HBT.html,2026-09-29T09:24:40+00:00
tuyensinh247_cutoffs,HBT,2026,TH533,"Chính trị học, chuyên ngành Tư tưởng Hồ Chí Minh",C04;C03;X01,23.71,https://diemthi.tuyensinh247.com/diem-chuan/hoc-vien-bao-chi-va-tuyen-truyen-HBT.html,2026-09-29T09:24:40+00:00
tuyensinh247_cutoffs,HBT,2026,TT530,"Chính trị học, chuyên ngành Công tác tư tưởng - văn hóa",D01,23.22,https://diemthi.tuyensinh247.com/diem-chuan/hoc-vien-bao-chi-va-tuyen-truyen-HBT.html,2026-09-29T09:24:40+00:00
tuyensinh247_cutoffs,HBT,2026,TT538,"Chính trị học, chuyên ngành Truyền thông chính sách",C04;C03;X01,23.7,https://diemthi.tuyensinh247.com/diem-chuan/hoc-vien-bao-chi-va-tuyen-truyen-HBT.html,2026-09-29T09:24:40+00:00
tuyensinh247_cutoffs,HBT,2026,XB802,"Xuất bản, chuyên ngành Xuất bản điện tử",X78;D15;D14,29.6,https://diemthi.tuyensinh247.com/diem-chuan/hoc-vien-bao-chi-va-tuyen-truyen-HBT.html,2026-09-29T09:24:40+00:00
tuyensinh247_cutoffs,HBT,2026,XH7310301,Xã hội học,D01,22.82,https://diemthi.tuyensinh247.com/diem-chuan/hoc-vien-bao-chi-va-tuyen-truyen-HBT.html,2026-09-29T09:24:40+00:00
tuyensinh247_cutoffs,HCP,2026,7220201,Ngôn ngữ Anh,A01;D01;D07;D09,20.52,https://diemthi.tuyensinh247.com/diem-chuan/hoc-vien-chinh-sach-va-phat-trien-HCP.html,2026-09-29T09:24:42+00:00
tuyensinh247_cutoffs,HCP,2026,7310101DN,Kinh tế (Phân hiệu Đà Nẵng),A01;D01;D07;C14;X25;X26,17,https://diemthi.tuyensinh247.com/diem-chuan/hoc-vien-chinh-sach-va-phat-trien-HCP.html,2026-09-29T09:24:42+00:00
tuyensinh247_cutoffs,HCP,2026,7310104,Kinh tế đầu tư,A01;D01;D07;X25,19.3,https://diemthi.tuyensinh247.com/diem-chuan/hoc-vien-chinh-sach-va-phat-trien-HCP.html,2026-09-29T09:24:42+00:00
tuyensinh247_cutoffs,HCP,2026,7310105,Kinh tế phát triển,A00;A01;D01;D07,21.33,https://diemthi.tuyensinh247.com/diem-chuan/hoc-vien-chinh-sach-va-phat-trien-HCP.html,2026-09-29T09:24:42+00:00
tuyensinh247_cutoffs,HCP,2026,7310106_1,Kinh tế đối ngoại chất lượng cao,A01;D01;D07;X25,21.77,https://diemthi.tuyensinh247.com/diem-chuan/hoc-vien-chinh-sach-va-phat-trien-HCP.html,2026-09-29T09:24:42+00:00
tuyensinh247_cutoffs,HCP,2026,7310109,Kinh tế và kinh doanh số,A00;A01;D01;X25,23.24,https://diemthi.tuyensinh247.com/diem-chuan/hoc-vien-chinh-sach-va-phat-trien-HCP.html,2026-09-29T09:24:42+00:00
tuyensinh247_cutoffs,HCP,2026,7340101,Quản trị kinh doanh,A01;D01;D07;X25,20.57,https://diemthi.tuyensinh247.com/diem-chuan/hoc-vien-chinh-sach-va-phat-trien-HCP.html,2026-09-29T09:24:42+00:00
tuyensinh247_cutoffs,HCP,2026,7340101_1,Quản trị kinh doanh chất lượng cao,A01;D01;D07;X25,19.92,https://diemthi.tuyensinh247.com/diem-chuan/hoc-vien-chinh-sach-va-phat-trien-HCP.html,2026-09-29T09:24:42+00:00
tuyensinh247_cutoffs,HCP,2026,7340101_2,Quản trị dịch vụ cao cấp,A01;D01;D07;X25,19,https://diemthi.tuyensinh247.com/diem-chuan/hoc-vien-chinh-sach-va-phat-trien-HCP.html,2026-09-29T09:24:42+00:00
tuyensinh247_cutoffs,HCP,2026,7340101DN,Quản trị kinh doanh (Phân hiệu Đà Nẵng),A01;D01;D07;C14;X25;X26,17,https://diemthi.tuyensinh247.com/diem-chuan/hoc-vien-chinh-sach-va-phat-trien-HCP.html,2026-09-29T09:24:42+00:00
tuyensinh247_cutoffs,HCP,2026,7340109BN,Kinh tế số (Phân hiệu Bắc Ninh),A01;D01;D07;C14;X25;X26,17,https://diemthi.tuyensinh247.com/diem-chuan/hoc-vien-chinh-sach-va-phat-trien-HCP.html,2026-09-29T09:24:42+00:00
tuyensinh247_cutoffs,HCP,2026,7340201,Tài chính - Ngân hàng,A01;D01;D07;X25,20.98,https://diemthi.tuyensinh247.com/diem-chuan/hoc-vien-chinh-sach-va-phat-trien-HCP.html,2026-09-29T09:24:42+00:00
tuyensinh247_cutoffs,HCP,2026,7340201_1,Tài chính chất lượng cao,A01;D01;D07;X25,20.9,https://diemthi.tuyensinh247.com/diem-chuan/hoc-vien-chinh-sach-va-phat-trien-HCP.html,2026-09-29T09:24:42+00:00
tuyensinh247_cutoffs,HCP,2026,7340201DN,Tài chính - Ngân hàng (Phân hiệu Đà Nẵng),A01;D01;D07;C14;X25;X26,17,https://diemthi.tuyensinh247.com/diem-chuan/hoc-vien-chinh-sach-va-phat-trien-HCP.html,2026-09-29T09:24:42+00:00
tuyensinh247_cutoffs,HCP,2026,7340301,Kế toán,A00;A01;D01;D07,23.93,https://diemthi.tuyensinh247.com/diem-chuan/hoc-vien-chinh-sach-va-phat-trien-HCP.html,2026-09-29T09:24:42+00:00
tuyensinh247_cutoffs,HCP,2026,7340301_2,Kế toán (Định hướng ACCA),A00;A01;D01;D07,22.91,https://diemthi.tuyensinh247.com/diem-chuan/hoc-vien-chinh-sach-va-phat-trien-HCP.html,2026-09-29T09:24:42+00:00
tuyensinh247_cutoffs,HCP,2026,7340301BN,Kế toán (Phân hiệu Bắc Ninh),A01;D01;D07;C14;X25;X26,17,https://diemthi.tuyensinh247.com/diem-chuan/hoc-vien-chinh-sach-va-phat-trien-HCP.html,2026-09-29T09:24:42+00:00
tuyensinh247_cutoffs,HCP,2026,7380107,Luật Kinh tế,C00;A01;D01;X25,21.23,https://diemthi.tuyensinh247.com/diem-chuan/hoc-vien-chinh-sach-va-phat-trien-HCP.html,2026-09-29T09:24:42+00:00
tuyensinh247_cutoffs,HCP,2026,7460108,Khoa học dữ liệu,A00;A01;D01;D07,19.43,https://diemthi.tuyensinh247.com/diem-chuan/hoc-vien-chinh-sach-va-phat-trien-HCP.html,2026-09-29T09:24:42+00:00
tuyensinh247_cutoffs,HCP,2026,7310101,Kinh tế,A01;D01;D07;X25,20.52,https://diemthi.tuyensinh247.com/diem-chuan/hoc-vien-chinh-sach-va-phat-trien-HCP.html,2026-09-29T09:24:42+00:00
tuyensinh247_cutoffs,HCP,2026,7310106,Kinh tế quốc tế,A01;D01;D07;A00,21.8,https://diemthi.tuyensinh247.com/diem-chuan/hoc-vien-chinh-sach-va-phat-trien-HCP.html,2026-09-29T09:24:42+00:00
tuyensinh247_cutoffs,HCP,2026,7310205,Quản lý nhà nước,C00;C14;D01;X25,19.25,https://diemthi.tuyensinh247.com/diem-chuan/hoc-vien-chinh-sach-va-phat-trien-HCP.html,2026-09-29T09:24:42+00:00
tuyensinh247_cutoffs,HCP,2026,7340101BN,Quản trị kinh doanh (Phân hiệu Bắc Ninh),A01;D01;D07;C14;X25;X26,17,https://diemthi.tuyensinh247.com/diem-chuan/hoc-vien-chinh-sach-va-phat-trien-HCP.html,2026-09-29T09:24:42+00:00
tuyensinh247_cutoffs,HCP,2026,7340115,Marketing,A01;D01;D07;X25,19,https://diemthi.tuyensinh247.com/diem-chuan/hoc-vien-chinh-sach-va-phat-trien-HCP.html,2026-09-29T09:24:42+00:00
tuyensinh247_cutoffs,HCP,2026,7340302,Kiểm toán,A00;A01;D01;D07,22.06,https://diemthi.tuyensinh247.com/diem-chuan/hoc-vien-chinh-sach-va-phat-trien-HCP.html,2026-09-29T09:24:42+00:00
tuyensinh247_cutoffs,MDA,2026,7220201,Ngôn ngữ Anh,D01;D09;D10;A01;D07;B08;X27;D84,23,https://diemthi.tuyensinh247.com/diem-chuan/dai-hoc-mo-dia-chat-MDA.html,2026-09-29T09:24:43+00:00
tuyensinh247_cutoffs,MDA,2026,7340101,Quản trị kinh doanh,D01;C01;C04;X01;X02;C03;D04;C02,22.6,https://diemthi.tuyensinh247.com/diem-chuan/dai-hoc-mo-dia-chat-MDA.html,2026-09-29T09:24:43+00:00
tuyensinh247_cutoffs,MDA,2026,7340201,Tài chính - Ngân hàng,D01;C01;C04;X01;X02;C03;D04;C02,23.15,https://diemthi.tuyensinh247.com/diem-chuan/dai-hoc-mo-dia-chat-MDA.html,2026-09-29T09:24:43+00:00
tuyensinh247_cutoffs,MDA,2026,7340301,Kế toán,D01;C01;C04;X01;X02;C03;D04;C02,23.25,https://diemthi.tuyensinh247.com/diem-chuan/dai-hoc-mo-dia-chat-MDA.html,2026-09-29T09:24:43+00:00
tuyensinh247_cutoffs,MDA,2026,7440201,Địa chất học,C01;C02;C03;C04;D01;X02;X01,18,https://diemthi.tuyensinh247.com/diem-chuan/dai-hoc-mo-dia-chat-MDA.html,2026-09-29T09:24:43+00:00
tuyensinh247_cutoffs,MDA,2026,7440229,Quản lý và phân tích dữ liệu khoa học,A00;A01;A02;A03;A04;A10;C01;X06,18,https://diemthi.tuyensinh247.com/diem-chuan/dai-hoc-mo-dia-chat-MDA.html,2026-09-29T09:24:43+00:00
tuyensinh247_cutoffs,MDA,2026,7460108,Khoa học dữ liệu,A01;D01;B08;X25;X26;D10;D07;D09,20.5,https://diemthi.tuyensinh247.com/diem-chuan/dai-hoc-mo-dia-chat-MDA.html,2026-09-29T09:24:43+00:00
tuyensinh247_cutoffs,MDA,2026,7480201TL,Trí tuệ nhân tạo ứng dụng và bản sao số trái đất,A00;C01;A01;A02;A03;A04;X06,21.35,https://diemthi.tuyensinh247.com/diem-chuan/dai-hoc-mo-dia-chat-MDA.html,2026-09-29T09:24:43+00:00
tuyensinh247_cutoffs,MDA,2026,7480206,Địa tin học,A00;A01;A02;A03;A04;X06;C01,15.5,https://diemthi.tuyensinh247.com/diem-chuan/dai-hoc-mo-dia-chat-MDA.html,2026-09-29T09:24:43+00:00
tuyensinh247_cutoffs,MDA,2026,7510401,Công nghệ kỹ thuật hóa học,A00;A01;A02;A03;A04;A10;C01;X06,22,https://diemthi.tuyensinh247.com/diem-chuan/dai-hoc-mo-dia-chat-MDA.html,2026-09-29T09:24:43+00:00
tuyensinh247_cutoffs,MDA,2026,7510402,Công nghệ vật liệu,A00;A01;A02;A03;A04;X05;C01;X06,17.5,https://diemthi.tuyensinh247.com/diem-chuan/dai-hoc-mo-dia-chat-MDA.html,2026-09-29T09:24:43+00:00
tuyensinh247_cutoffs,MDA,2026,7510601,Quản lý công nghiệp,D01;C01;C04;C02;X01;C03;D04;X02,22.8,https://diemthi.tuyensinh247.com/diem-chuan/dai-hoc-mo-dia-chat-MDA.html,2026-09-29T09:24:43+00:00
tuyensinh247_cutoffs,MDA,2026,7520107,Kỹ thuật Robot,A00;C01;A01;A02;A03;A04;X06,21.75,https://diemthi.tuyensinh247.com/diem-chuan/dai-hoc-mo-dia-chat-MDA.html,2026-09-29T09:24:43+00:00
tuyensinh247_cutoffs,MDA,2026,7520114,Kỹ thuật cơ điện tử,A00;C01;A01;A02;A03;A04;X06,23,https://diemthi.tuyensinh247.com/diem-chuan/dai-hoc-mo-dia-chat-MDA.html,2026-09-29T09:24:43+00:00
tuyensinh247_cutoffs,MDA,2026,7520121,Kỹ thuật không gian,D01;C04;C01;C02;C03;B03;C14,20,https://diemthi.tuyensinh247.com/diem-chuan/dai-hoc-mo-dia-chat-MDA.html,2026-09-29T09:24:43+00:00
tuyensinh247_cutoffs,MDA,2026,7520130,Kỹ thuật ô tô,A00;C01;A01;A02;A03;A04;X06,21,https://diemthi.tuyensinh247.com/diem-chuan/dai-hoc-mo-dia-chat-MDA.html,2026-09-29T09:24:43+00:00
tuyensinh247_cutoffs,MDA,2026,7520201,Kỹ thuật điện,A00;C01;A01;A02;A03;A04;X06,24,https://diemthi.tuyensinh247.com/diem-chuan/dai-hoc-mo-dia-chat-MDA.html,2026-09-29T09:24:43+00:00
tuyensinh247_cutoffs,MDA,2026,7520216,Kỹ thuật điều khiển và tự động hóa,A00;C01;A01;A02;A03;A04;X06,24.75,https://diemthi.tuyensinh247.com/diem-chuan/dai-hoc-mo-dia-chat-MDA.html,2026-09-29T09:24:43+00:00
tuyensinh247_cutoffs,MDA,2026,7520216TL,Kỹ thuật điều khiển và tự động hóa phục vụ công nghiệp khai khoáng và năng lượng,A00;C01;A01;A02;A03;A04;X06,21,https://diemthi.tuyensinh247.com/diem-chuan/dai-hoc-mo-dia-chat-MDA.html,2026-09-29T09:24:43+00:00
tuyensinh247_cutoffs,MDA,2026,7520301,Kỹ thuật hoá học,A00;C02;A06;A05;D07;B00;X10;A11,22,https://diemthi.tuyensinh247.com/diem-chuan/dai-hoc-mo-dia-chat-MDA.html,2026-09-29T09:24:43+00:00
tuyensinh247_cutoffs,MDA,2026,7520320,Kỹ thuật môi trường,C01;C02;B03;C03;C04;D01;X02;X03,16.5,https://diemthi.tuyensinh247.com/diem-chuan/dai-hoc-mo-dia-chat-MDA.html,2026-09-29T09:24:43+00:00
tuyensinh247_cutoffs,MDA,2026,7520501,Kỹ thuật địa chất,C04;C01;D01;C02;C03;X02;X01,16.5,https://diemthi.tuyensinh247.com/diem-chuan/dai-hoc-mo-dia-chat-MDA.html,2026-09-29T09:24:43+00:00
tuyensinh247_cutoffs,MDA,2026,7520502,Kỹ thuật địa vật lý,A00;A01;A02;A03;A04;A10;C01;X06,16,https://diemthi.tuyensinh247.com/diem-chuan/dai-hoc-mo-dia-chat-MDA.html,2026-09-29T09:24:43+00:00
tuyensinh247_cutoffs,MDA,2026,7520503,Kỹ thuật trắc địa - bản đồ,A00;A01;A02;A04;A03;A10;C01,17,https://diemthi.tuyensinh247.com/diem-chuan/dai-hoc-mo-dia-chat-MDA.html,2026-09-29T09:24:43+00:00
tuyensinh247_cutoffs,MDA,2026,7520601TL,Kỹ thuật mỏ thông minh,A00;C01;A01;A02;A03;A04;X06,23,https://diemthi.tuyensinh247.com/diem-chuan/dai-hoc-mo-dia-chat-MDA.html,2026-09-29T09:24:43+00:00
tuyensinh247_cutoffs,MDA,2026,7520604,Kỹ thuật dầu khí,A00;A01;A02;A03;A04;A10;C01;X06,20.5,https://diemthi.tuyensinh247.com/diem-chuan/dai-hoc-mo-dia-chat-MDA.html,2026-09-29T09:24:43+00:00
tuyensinh247_cutoffs,MDA,2026,7520606,Công nghệ số trong thăm dò và khai thác tài nguyên thiên nhiên,A00;A01;A02;A03;A04;A10;C01;X06,16,https://diemthi.tuyensinh247.com/diem-chuan/dai-hoc-mo-dia-chat-MDA.html,2026-09-29T09:24:43+00:00
tuyensinh247_cutoffs,MDA,2026,7520607,Kỹ thuật tuyển khoáng,A00;A01;A02;A03;A04;X05;C01;X06,17.5,https://diemthi.tuyensinh247.com/diem-chuan/dai-hoc-mo-dia-chat-MDA.html,2026-09-29T09:24:43+00:00
tuyensinh247_cutoffs,MDA,2026,7580109,Quản lý phát triển đô thị và bất động sản,D01;C04;C01;C02;C03;B03;C14,21,https://diemthi.tuyensinh247.com/diem-chuan/dai-hoc-mo-dia-chat-MDA.html,2026-09-29T09:24:43+00:00
tuyensinh247_cutoffs,MDA,2026,7580201,Kỹ thuật xây dựng,A00;A01;A02;A03;A04;X05;C01;X06,17,https://diemthi.tuyensinh247.com/diem-chuan/dai-hoc-mo-dia-chat-MDA.html,2026-09-29T09:24:43+00:00
tuyensinh247_cutoffs,MDA,2026,7580201TL,Kỹ thuật xây dựng công trình ngầm,A00;C01;A01;A02;A03;A04;X06,21.75,https://diemthi.tuyensinh247.com/diem-chuan/dai-hoc-mo-dia-chat-MDA.html,2026-09-29T09:24:43+00:00
tuyensinh247_cutoffs,MDA,2026,7580204,Xây dựng công trình ngầm thành phố và Hệ thống tàu điện ngầm,A00;A01;A02;A03;A04;X05;C01;X06,16,https://diemthi.tuyensinh247.com/diem-chuan/dai-hoc-mo-dia-chat-MDA.html,2026-09-29T09:24:43+00:00
tuyensinh247_cutoffs,MDA,2026,7580205,Kỹ thuật xây dựng công trình giao thông,A00;A01;A02;A03;A04;X05;C01;X06,16,https://diemthi.tuyensinh247.com/diem-chuan/dai-hoc-mo-dia-chat-MDA.html,2026-09-29T09:24:43+00:00
tuyensinh247_cutoffs,MDA,2026,7580211,Địa kỹ thuật xây dựng,C04;C02;D01;C01;X02;X01;C14,18,https://diemthi.tuyensinh247.com/diem-chuan/dai-hoc-mo-dia-chat-MDA.html,2026-09-29T09:24:43+00:00
tuyensinh247_cutoffs,MDA,2026,7580302,Quản lý xây dựng,A00;A01;A02;A03;A04;X05;C01;X06,16.5,https://diemthi.tuyensinh247.com/diem-chuan/dai-hoc-mo-dia-chat-MDA.html,2026-09-29T09:24:43+00:00
tuyensinh247_cutoffs,MDA,2026,7720203,Hóa dược,A00;D07;X10;X11;B00;C02;A06;A11,21.5,https://diemthi.tuyensinh247.com/diem-chuan/dai-hoc-mo-dia-chat-MDA.html,2026-09-29T09:24:43+00:00
tuyensinh247_cutoffs,MDA,2026,7850101,Quản lý tài nguyên và môi trường,C01;C02;B03;C03;C04;D01;X01;X02,19.5,https://diemthi.tuyensinh247.com/diem-chuan/dai-hoc-mo-dia-chat-MDA.html,2026-09-29T09:24:43+00:00
tuyensinh247_cutoffs,MDA,2026,7850103,Quản lý đất đai,D01;C04;C01;X01;C03;B03;C02;X02,20,https://diemthi.tuyensinh247.com/diem-chuan/dai-hoc-mo-dia-chat-MDA.html,2026-09-29T09:24:43+00:00
tuyensinh247_cutoffs,MDA,2026,7850196,Quản lý tài nguyên khoáng sản,C04;D01;C02;X02;X01;C03,15.5,https://diemthi.tuyensinh247.com/diem-chuan/dai-hoc-mo-dia-chat-MDA.html,2026-09-29T09:24:43+00:00
tuyensinh247_cutoffs,MDA,2026,7220204,Ngôn ngữ Trung Quốc,D01;D04;C01;C03;C04;C14;B03;C02,24.6,https://diemthi.tuyensinh247.com/diem-chuan/dai-hoc-mo-dia-chat-MDA.html,2026-09-29T09:24:43+00:00
tuyensinh247_cutoffs,MDA,2026,7480201,Công nghệ thông tin,A01;D01;B08;X25;X26;D10;D07;D09,21,https://diemthi.tuyensinh247.com/diem-chuan/dai-hoc-mo-dia-chat-MDA.html,2026-09-29T09:24:43+00:00
tuyensinh247_cutoffs,MDA,2026,7510301,"Công nghệ kỹ thuật điện, điện tử",A00;C01;A01;A02;A03;A04;X06,23.75,https://diemthi.tuyensinh247.com/diem-chuan/dai-hoc-mo-dia-chat-MDA.html,2026-09-29T09:24:43+00:00
tuyensinh247_cutoffs,MDA,2026,7520103,Kỹ thuật cơ khí,A00;C01;A01;A02;A03;A04;X06,23.5,https://diemthi.tuyensinh247.com/diem-chuan/dai-hoc-mo-dia-chat-MDA.html,2026-09-29T09:24:43+00:00
tuyensinh247_cutoffs,MDA,2026,7520116,Kỹ thuật cơ khí động lực,A00;C01;A01;A02;A03;A04;X06,22.5,https://diemthi.tuyensinh247.com/diem-chuan/dai-hoc-mo-dia-chat-MDA.html,2026-09-29T09:24:43+00:00
tuyensinh247_cutoffs,MDA,2026,7520309,Kỹ thuật vật liệu,A00;A01;X06;X07;A02;C01;A04;A10,21,https://diemthi.tuyensinh247.com/diem-chuan/dai-hoc-mo-dia-chat-MDA.html,2026-09-29T09:24:43+00:00
tuyensinh247_cutoffs,MDA,2026,7520501TL,Kỹ thuật địa chất phục vụ công nghiệp đất hiếm và khoáng sản chiến lược,A00;C01;A01;A02;A03;A04;X06,21,https://diemthi.tuyensinh247.com/diem-chuan/dai-hoc-mo-dia-chat-MDA.html,2026-09-29T09:24:43+00:00
tuyensinh247_cutoffs,MDA,2026,7520505,Đá quý Đá mỹ nghệ,C01;C02;C03;C04;X01;D01;X02;X03,16,https://diemthi.tuyensinh247.com/diem-chuan/dai-hoc-mo-dia-chat-MDA.html,2026-09-29T09:24:43+00:00
tuyensinh247_cutoffs,MDA,2026,7520601,Kỹ thuật mỏ,A00;A01;A02;A03;A04;X05;C01;X06,19,https://diemthi.tuyensinh247.com/diem-chuan/dai-hoc-mo-dia-chat-MDA.html,2026-09-29T09:24:43+00:00
tuyensinh247_cutoffs,MDA,2026,7520605,Kỹ thuật khí thiên nhiên,A00;A01;A02;A03;A04;A10;C01;X06,16,https://diemthi.tuyensinh247.com/diem-chuan/dai-hoc-mo-dia-chat-MDA.html,2026-09-29T09:24:43+00:00
tuyensinh247_cutoffs,MDA,2026,7580106,Quản lý đô thị và công trình,C01;C04;D01;C02;X02;X01;C03,19,https://diemthi.tuyensinh247.com/diem-chuan/dai-hoc-mo-dia-chat-MDA.html,2026-09-29T09:24:43+00:00
tuyensinh247_cutoffs,MDA,2026,7580212,Kỹ thuật tài nguyên nước,C04;C01;C02;D01;C03;X02,16,https://diemthi.tuyensinh247.com/diem-chuan/dai-hoc-mo-dia-chat-MDA.html,2026-09-29T09:24:43+00:00
tuyensinh247_cutoffs,MDA,2026,7810105,Du lịch địa chất,C01;C02;C03;C04;D01;X02;X01,21.5,https://diemthi.tuyensinh247.com/diem-chuan/dai-hoc-mo-dia-chat-MDA.html,2026-09-29T09:24:43+00:00
tuyensinh247_cutoffs,MDA,2026,7850202,"An toàn, Vệ sinh lao động",A00;A01;A02;A03;A04;X05;C01;X06,18.5,https://diemthi.tuyensinh247.com/diem-chuan/dai-hoc-mo-dia-chat-MDA.html,2026-09-29T09:24:43+00:00
tuyensinh247_cutoffs,DDL,2026,7220201,Ngôn ngữ Anh,D01;D09;D10;D84;D14;D66;X78;X25,21,https://diemthi.tuyensinh247.com/diem-chuan/dai-hoc-dien-luc-DDL.html,2026-09-29T09:24:45+00:00
tuyensinh247_cutoffs,DDL,2026,7340115,Marketing,A00;A01;D01;D07,22,https://diemthi.tuyensinh247.com/diem-chuan/dai-hoc-dien-luc-DDL.html,2026-09-29T09:24:45+00:00
tuyensinh247_cutoffs,DDL,2026,7340120,Kinh doanh quốc tế,A00;A01;D01;D07,16,https://diemthi.tuyensinh247.com/diem-chuan/dai-hoc-dien-luc-DDL.html,2026-09-29T09:24:45+00:00
tuyensinh247_cutoffs,DDL,2026,7340122,Thương mại Điện tử,A00;A01;D01;D07,22.75,https://diemthi.tuyensinh247.com/diem-chuan/dai-hoc-dien-luc-DDL.html,2026-09-29T09:24:45+00:00
tuyensinh247_cutoffs,DDL,2026,7340205,Công nghệ tài chính,A00;A01;D01;D07,20.25,https://diemthi.tuyensinh247.com/diem-chuan/dai-hoc-dien-luc-DDL.html,2026-09-29T09:24:45+00:00
tuyensinh247_cutoffs,DDL,2026,7340301,Kế toán,A00;A01;D01;D07,21.5,https://diemthi.tuyensinh247.com/diem-chuan/dai-hoc-dien-luc-DDL.html,2026-09-29T09:24:45+00:00
tuyensinh247_cutoffs,DDL,2026,7380107,Luật kinh tế,D01;D09;D10;D84;D14;D66;X78;X25;C00,20.5,https://diemthi.tuyensinh247.com/diem-chuan/dai-hoc-dien-luc-DDL.html,2026-09-29T09:24:45+00:00
tuyensinh247_cutoffs,DDL,2026,7460108,Khoa học dữ liệu,A00;A01;D01;D07;X02;X56,20.25,https://diemthi.tuyensinh247.com/diem-chuan/dai-hoc-dien-luc-DDL.html,2026-09-29T09:24:45+00:00
tuyensinh247_cutoffs,DDL,2026,7460117,Toán tin,A00;A01;D01;D07;X02;X56,19,https://diemthi.tuyensinh247.com/diem-chuan/dai-hoc-dien-luc-DDL.html,2026-09-29T09:24:45+00:00
tuyensinh247_cutoffs,DDL,2026,7480106,Kỹ thuật máy tính,A00;A01;D01;D07,22,https://diemthi.tuyensinh247.com/diem-chuan/dai-hoc-dien-luc-DDL.html,2026-09-29T09:24:45+00:00
tuyensinh247_cutoffs,DDL,2026,7480107,Trí tuệ nhân tạo,A00;A01;D01;D07,21,https://diemthi.tuyensinh247.com/diem-chuan/dai-hoc-dien-luc-DDL.html,2026-09-29T09:24:45+00:00
tuyensinh247_cutoffs,DDL,2026,7510102,Công nghệ kỹ thuật công trình xây dựng,A00;A01;D01;D07,21.25,https://diemthi.tuyensinh247.com/diem-chuan/dai-hoc-dien-luc-DDL.html,2026-09-29T09:24:45+00:00
tuyensinh247_cutoffs,DDL,2026,7510201,Công nghệ kỹ thuật cơ khí,A00;A01;D01;D07,23.5,https://diemthi.tuyensinh247.com/diem-chuan/dai-hoc-dien-luc-DDL.html,2026-09-29T09:24:45+00:00
tuyensinh247_cutoffs,DDL,2026,7510203,Công nghệ kỹ thuật cơ điện tử,A00;A01;D01;D07,24.25,https://diemthi.tuyensinh247.com/diem-chuan/dai-hoc-dien-luc-DDL.html,2026-09-29T09:24:45+00:00
tuyensinh247_cutoffs,DDL,2026,7510301,"Công nghệ kỹ thuật điện, điện tử",A00;A01;D01;D07,24.15,https://diemthi.tuyensinh247.com/diem-chuan/dai-hoc-dien-luc-DDL.html,2026-09-29T09:24:45+00:00
tuyensinh247_cutoffs,DDL,2026,7510302,Công nghệ kỹ thuật điện tử - viễn thông,A00;A01;D01;D07,23.15,https://diemthi.tuyensinh247.com/diem-chuan/dai-hoc-dien-luc-DDL.html,2026-09-29T09:24:45+00:00
tuyensinh247_cutoffs,DDL,2026,7510402,Công nghệ vật liệu bán dẫn và vi mạch,A00;A01;A02;B00;D01;D07,21.25,https://diemthi.tuyensinh247.com/diem-chuan/dai-hoc-dien-luc-DDL.html,2026-09-29T09:24:45+00:00
tuyensinh247_cutoffs,DDL,2026,7510403,Công nghệ kỹ thuật năng lượng,A00;A01;A02;B00;D01;D07,21.5,https://diemthi.tuyensinh247.com/diem-chuan/dai-hoc-dien-luc-DDL.html,2026-09-29T09:24:45+00:00
tuyensinh247_cutoffs,DDL,2026,7510407,Công nghệ kỹ thuật hạt nhân,A00;A01;A02;B00;D01;D07,21.75,https://diemthi.tuyensinh247.com/diem-chuan/dai-hoc-dien-luc-DDL.html,2026-09-29T09:24:45+00:00
tuyensinh247_cutoffs,DDL,2026,7510601,Quản lý công nghiệp,A00;A01;D01;D07,21.5,https://diemthi.tuyensinh247.com/diem-chuan/dai-hoc-dien-luc-DDL.html,2026-09-29T09:24:45+00:00
tuyensinh247_cutoffs,DDL,2026,7510602,Quản lý năng lượng,A00;A01;D01;D07,19.75,https://diemthi.tuyensinh247.com/diem-chuan/dai-hoc-dien-luc-DDL.html,2026-09-29T09:24:45+00:00
tuyensinh247_cutoffs,DDL,2026,7520107,Kỹ thuật Robot,A00;A01;D01;D07,21.5,https://diemthi.tuyensinh247.com/diem-chuan/dai-hoc-dien-luc-DDL.html,2026-09-29T09:24:45+00:00
tuyensinh247_cutoffs,DDL,2026,7520115,Kỹ thuật nhiệt,A00;A01;D01;D07,22.75,https://diemthi.tuyensinh247.com/diem-chuan/dai-hoc-dien-luc-DDL.html,2026-09-29T09:24:45+00:00
tuyensinh247_cutoffs,DDL,2026,7520118,Kỹ thuật hệ thống công nghiệp,A00;A01;D01;D07,17.5,https://diemthi.tuyensinh247.com/diem-chuan/dai-hoc-dien-luc-DDL.html,2026-09-29T09:24:45+00:00
tuyensinh247_cutoffs,DDL,2026,7520401,Vật lý kỹ thuật,A00;A01;D01;D07;X06;C01,16.5,https://diemthi.tuyensinh247.com/diem-chuan/dai-hoc-dien-luc-DDL.html,2026-09-29T09:24:45+00:00
tuyensinh247_cutoffs,DDL,2026,7580302,Quản lý xây dựng,A00;A01;D01;D07,18,https://diemthi.tuyensinh247.com/diem-chuan/dai-hoc-dien-luc-DDL.html,2026-09-29T09:24:45+00:00
tuyensinh247_cutoffs,DDL,2026,7810201,Quản trị khách sạn,A00;A01;D01;D07,20.75,https://diemthi.tuyensinh247.com/diem-chuan/dai-hoc-dien-luc-DDL.html,2026-09-29T09:24:45+00:00
tuyensinh247_cutoffs,DDL,2026,7340101,Quản trị kinh doanh,A00;A01;D01;D07,21.25,https://diemthi.tuyensinh247.com/diem-chuan/dai-hoc-dien-luc-DDL.html,2026-09-29T09:24:45+00:00
tuyensinh247_cutoffs,DDL,2026,7340201,Tài chính - Ngân hàng,A00;A01;D01;D07,21.25,https://diemthi.tuyensinh247.com/diem-chuan/dai-hoc-dien-luc-DDL.html,2026-09-29T09:24:45+00:00
tuyensinh247_cutoffs,DDL,2026,7340302,Kiểm toán,A00;A01;D01;D07,21,https://diemthi.tuyensinh247.com/diem-chuan/dai-hoc-dien-luc-DDL.html,2026-09-29T09:24:45+00:00
tuyensinh247_cutoffs,DDL,2026,7480102,Mạng máy tính và Truyền thông dữ liệu,A00;A01;D01;D07,16,https://diemthi.tuyensinh247.com/diem-chuan/dai-hoc-dien-luc-DDL.html,2026-09-29T09:24:45+00:00
tuyensinh247_cutoffs,DDL,2026,7480201,Công nghệ thông tin,A00;A01;D01;D07,21.35,https://diemthi.tuyensinh247.com/diem-chuan/dai-hoc-dien-luc-DDL.html,2026-09-29T09:24:45+00:00
tuyensinh247_cutoffs,DDL,2026,7510205,Công nghệ kỹ thuật ô tô,A00;A01;D01;D07,23.25,https://diemthi.tuyensinh247.com/diem-chuan/dai-hoc-dien-luc-DDL.html,2026-09-29T09:24:45+00:00
tuyensinh247_cutoffs,DDL,2026,7510303,Công nghệ kỹ thuật điều khiển và tự động hoá,A00;A01;D01;D07,24.6,https://diemthi.tuyensinh247.com/diem-chuan/dai-hoc-dien-luc-DDL.html,2026-09-29T09:24:45+00:00
tuyensinh247_cutoffs,DDL,2026,7510406,Công nghệ kỹ thuật môi trường,A00;A01;A02;B00;D01;D07,18.25,https://diemthi.tuyensinh247.com/diem-chuan/dai-hoc-dien-luc-DDL.html,2026-09-29T09:24:45+00:00
tuyensinh247_cutoffs,DDL,2026,7510605,Logistic và quản lý chuỗi cung ứng,A00;A01;D01;D07,23.25,https://diemthi.tuyensinh247.com/diem-chuan/dai-hoc-dien-luc-DDL.html,2026-09-29T09:24:45+00:00
tuyensinh247_cutoffs,DDL,2026,7520117,Kỹ thuật công nghiệp,A00;A01;D01;D07,20,https://diemthi.tuyensinh247.com/diem-chuan/dai-hoc-dien-luc-DDL.html,2026-09-29T09:24:45+00:00
tuyensinh247_cutoffs,DDL,2026,7810103,Quản trị dịch vụ Du lịch và Lữ hành,A00;A01;D01;D07,20.75,https://diemthi.tuyensinh247.com/diem-chuan/dai-hoc-dien-luc-DDL.html,2026-09-29T09:24:45+00:00
tuyensinh247_cutoffs,HVN,2026,HVN01,Thú y,A00;A01;B00;B08;C03;C04;D01;D07;X01;X07,20.3,https://diemthi.tuyensinh247.com/diem-chuan/hoc-vien-nong-nghiep-viet-nam-HVN.html,2026-09-29T09:24:47+00:00
tuyensinh247_cutoffs,HVN,2026,HVN03,Nông nghiệp và cảnh quan,A00;A01;B00;B08;C03;C04;D01;D07;X01;X07;X08,16,https://diemthi.tuyensinh247.com/diem-chuan/hoc-vien-nong-nghiep-viet-nam-HVN.html,2026-09-29T09:24:47+00:00
tuyensinh247_cutoffs,HVN,2026,HVN04,Công nghệ kỹ thuật ô tô và Cơ điện tử,A00;A01;A03;B08;C01;C02;C03;D01;X02;X07;X08,20.3,https://diemthi.tuyensinh247.com/diem-chuan/hoc-vien-nong-nghiep-viet-nam-HVN.html,2026-09-29T09:24:47+00:00
tuyensinh247_cutoffs,HVN,2026,HVN07,Logistics và Quản lý chuỗi cung ứng,A00;A01;A07;B08;C02;C03;C04;D01;X01;X03;X04,21,https://diemthi.tuyensinh247.com/diem-chuan/hoc-vien-nong-nghiep-viet-nam-HVN.html,2026-09-29T09:24:47+00:00
tuyensinh247_cutoffs,HVN,2026,HVN08,Kế toán; Quản trị kinh doanh và Thương mại,A00;A01;A07;B08;C02;C03;C04;D01;X01;X03;X04,17,https://diemthi.tuyensinh247.com/diem-chuan/hoc-vien-nong-nghiep-viet-nam-HVN.html,2026-09-29T09:24:47+00:00
tuyensinh247_cutoffs,HVN,2026,HVN10,Công nghệ thực phẩm và Chế biến,A00;A01;B00;B01;B03;B08;C03;D01;D07;X07;X08,20.3,https://diemthi.tuyensinh247.com/diem-chuan/hoc-vien-nong-nghiep-viet-nam-HVN.html,2026-09-29T09:24:47+00:00
tuyensinh247_cutoffs,HVN,2026,HVN11,Kinh tế và Quản lý,A00;A01;A07;B08;C02;C03;C04;D01;X01;X03;X04,16.5,https://diemthi.tuyensinh247.com/diem-chuan/hoc-vien-nong-nghiep-viet-nam-HVN.html,2026-09-29T09:24:47+00:00
tuyensinh247_cutoffs,HVN,2026,HVN13,Luật,A01;C00;C03;C04;D01;D14;D15;X03;X04;X70;X74,20,https://diemthi.tuyensinh247.com/diem-chuan/hoc-vien-nong-nghiep-viet-nam-HVN.html,2026-09-29T09:24:47+00:00
tuyensinh247_cutoffs,HVN,2026,HVN14,Công nghệ thông tin và Kỹ thuật số,A00;A01;A03;B08;C01;C02;C03;D01;X02;X07;X08,17,https://diemthi.tuyensinh247.com/diem-chuan/hoc-vien-nong-nghiep-viet-nam-HVN.html,2026-09-29T09:24:47+00:00
tuyensinh247_cutoffs,HVN,2026,HVN16,Khoa học môi trường,A00;A01;B00;B08;C01;C02;C03;C04;D01;X03;X04,16,https://diemthi.tuyensinh247.com/diem-chuan/hoc-vien-nong-nghiep-viet-nam-HVN.html,2026-09-29T09:24:47+00:00
tuyensinh247_cutoffs,HVN,2026,HVN17,Ngôn ngữ Anh,A01;D01;D09;D10;D11;D14;D15;X25;X27;X28;X78,17,https://diemthi.tuyensinh247.com/diem-chuan/hoc-vien-nong-nghiep-viet-nam-HVN.html,2026-09-29T09:24:47+00:00
tuyensinh247_cutoffs,HVN,2026,HVN19,Sư phạm công nghệ,A00;A01;B00;B08;C01;C02;C03;D01;X03;X04;X07;X08,24.41,https://diemthi.tuyensinh247.com/diem-chuan/hoc-vien-nong-nghiep-viet-nam-HVN.html,2026-09-29T09:24:47+00:00
tuyensinh247_cutoffs,HVN,2026,HVN20,Du lịch,A00;A01;A07;B08;C02;C03;C04;D01;X01;X03;X04,21.3,https://diemthi.tuyensinh247.com/diem-chuan/hoc-vien-nong-nghiep-viet-nam-HVN.html,2026-09-29T09:24:47+00:00
tuyensinh247_cutoffs,HVN,2026,HVN21,Quản lý và phát triển du lịch,A00;A01;A07;B08;C02;C03;C04;D01;X01;X03;X04,17,https://diemthi.tuyensinh247.com/diem-chuan/hoc-vien-nong-nghiep-viet-nam-HVN.html,2026-09-29T09:24:47+00:00
tuyensinh247_cutoffs,HVN,2026,HVN23,Di sản học,A01;C00;C03;C04;D01;D14;D15;X03;X04;X70;X74,18,https://diemthi.tuyensinh247.com/diem-chuan/hoc-vien-nong-nghiep-viet-nam-HVN.html,2026-09-29T09:24:47+00:00
tuyensinh247_cutoffs,HVN,2026,HVN02,Chăn nuôi thú y - Thuỷ sản,A00;A01;B00;B08;C03;C04;D01;D07;X01;X07;X08,16,https://diemthi.tuyensinh247.com/diem-chuan/hoc-vien-nong-nghiep-viet-nam-HVN.html,2026-09-29T09:24:47+00:00
tuyensinh247_cutoffs,HVN,2026,HVN05,Kỹ thuật cơ khí,A00;A01;A03;B08;C01;C02;C03;D01;X02;X07;X08,21.5,https://diemthi.tuyensinh247.com/diem-chuan/hoc-vien-nong-nghiep-viet-nam-HVN.html,2026-09-29T09:24:47+00:00
tuyensinh247_cutoffs,HVN,2026,HVN06,Kỹ thuật điện; Điện từ và Tự động hoá,A00;A01;A03;B08;C01;C02;C03;D01;X02;X07;X08,22,https://diemthi.tuyensinh247.com/diem-chuan/hoc-vien-nong-nghiep-viet-nam-HVN.html,2026-09-29T09:24:47+00:00
tuyensinh247_cutoffs,HVN,2026,HVN09,Công nghệ sinh học và Công nghệ dược liệu,A00;A01;B00;B01;B03;B08;C02;D01;D07;X07;X08,19,https://diemthi.tuyensinh247.com/diem-chuan/hoc-vien-nong-nghiep-viet-nam-HVN.html,2026-09-29T09:24:47+00:00
tuyensinh247_cutoffs,HVN,2026,HVN12,Xã hội học,A01;C00;C03;C04;D01;D14;D15;X03;X04;X70;X74,16,https://diemthi.tuyensinh247.com/diem-chuan/hoc-vien-nong-nghiep-viet-nam-HVN.html,2026-09-29T09:24:47+00:00
tuyensinh247_cutoffs,HVN,2026,HVN15,Quản lý đất đai; Bất động sản và Môi trường,A00;A01;B00;B08;C01;C02;C03;C04;D01;X03;X04,16,https://diemthi.tuyensinh247.com/diem-chuan/hoc-vien-nong-nghiep-viet-nam-HVN.html,2026-09-29T09:24:47+00:00
tuyensinh247_cutoffs,HVN,2026,HVN18,Ngôn ngữ Trung Quốc,D01;D04;D11;D12;D13;D14;D15;D45;D55;D65,22.6,https://diemthi.tuyensinh247.com/diem-chuan/hoc-vien-nong-nghiep-viet-nam-HVN.html,2026-09-29T09:24:47+00:00
tuyensinh247_cutoffs,HVN,2026,HVN22,Quy hoạch vùng vả Đô thị,A00;A01;B00;B08;C01;C02;C03;C04;D01;X03;X04,16,https://diemthi.tuyensinh247.com/diem-chuan/hoc-vien-nong-nghiep-viet-nam-HVN.html,2026-09-29T09:24:47+00:00
tuyensinh247_cutoffs,PKA,2026,BIO2,Công Nghệ Mỹ Phẩm*,A00;A02;B00;B03;B08;D07;D08;X14;X15,18,https://diemthi.tuyensinh247.com/diem-chuan/dai-hoc-phenikaa-PKA.html,2026-09-29T09:24:49+00:00
tuyensinh247_cutoffs,PKA,2026,BMS,Khoa Học Y Sinh,A00;A02;B00;B03;B08;C02;D07;D08;X14;X15,18,https://diemthi.tuyensinh247.com/diem-chuan/dai-hoc-phenikaa-PKA.html,2026-09-29T09:24:49+00:00
tuyensinh247_cutoffs,PKA,2026,CHE2,Công Nghệ Pin Xe Điện*,A00;A01;A05;A06;A11;B00;C02;D07;X09;X10;X11,19,https://diemthi.tuyensinh247.com/diem-chuan/dai-hoc-phenikaa-PKA.html,2026-09-29T09:24:49+00:00
tuyensinh247_cutoffs,PKA,2026,DEN1,Răng - Hàm - Mặt,A00;B00;B03;B08;C02;D07,22,https://diemthi.tuyensinh247.com/diem-chuan/dai-hoc-phenikaa-PKA.html,2026-09-29T09:24:49+00:00
tuyensinh247_cutoffs,PKA,2026,EEE-AI,Kỹ Thuật Điều Khiển Và Tự Động Hóa (Robot Và Trí Tuệ Nhân Tạo),A00;A01;C01;D07;X06;X26,25.25,https://diemthi.tuyensinh247.com/diem-chuan/dai-hoc-phenikaa-PKA.html,2026-09-29T09:24:49+00:00
tuyensinh247_cutoffs,PKA,2026,EEE2,Kỹ Thuật Y Sinh (Điện Tử Y Sinh),A00;A01;D07;D08;X10;X14,20,https://diemthi.tuyensinh247.com/diem-chuan/dai-hoc-phenikaa-PKA.html,2026-09-29T09:24:49+00:00
tuyensinh247_cutoffs,PKA,2026,EEE3,Kỹ Thuật Điện Tử - Viễn Thông (Hệ Thống Nhúng Thông Minh Và Iot),A00;A01;D07;D08;X06;X26,21,https://diemthi.tuyensinh247.com/diem-chuan/dai-hoc-phenikaa-PKA.html,2026-09-29T09:24:49+00:00
tuyensinh247_cutoffs,PKA,2026,FBE1,Quản Trị Kinh Doanh,A00;A01;A02;A03;A04;A05;A06;A07;A08;A09;C01;C02;C03;C04;D01;D07;D09;D10;X01;X05;X09;X17;X21;X25,18,https://diemthi.tuyensinh247.com/diem-chuan/dai-hoc-phenikaa-PKA.html,2026-09-29T09:24:49+00:00
tuyensinh247_cutoffs,PKA,2026,FBE10,Kinh Tế Và Quản Lý Đầu Tư*,A00;A01;A02;A03;A04;A05;A06;A07;B08;C01;C02;C03;C04;D01;D07;D08;D09;D10;D11;D12;X17;X21;X25;X26,18,https://diemthi.tuyensinh247.com/diem-chuan/dai-hoc-phenikaa-PKA.html,2026-09-29T09:24:49+00:00
tuyensinh247_cutoffs,PKA,2026,FBE12,Kinh Doanh Thương Mại*,A00;A01;A02;A03;A04;A05;A06;A07;B08;C01;C02;C03;C04;D01;D07;D08;D09;D10;D11;D12;X17;X21;X25;X26,18,https://diemthi.tuyensinh247.com/diem-chuan/dai-hoc-phenikaa-PKA.html,2026-09-29T09:24:49+00:00
tuyensinh247_cutoffs,PKA,2026,FBE2,Kế Toán,A00;A01;A03;A04;A05;A06;B00;B01;B02;B04;C04;D01;D07;D10;X01;X09;X13;X25;X26,18,https://diemthi.tuyensinh247.com/diem-chuan/dai-hoc-phenikaa-PKA.html,2026-09-29T09:24:49+00:00
tuyensinh247_cutoffs,PKA,2026,FBE4,Quản Trị Nhân Lực,A00;A01;A02;A04;A05;A06;A07;A08;A09;C01;C02;C03;C04;D01;D07;D09;D10;X01;X05;X09;X17;X21;X25,18,https://diemthi.tuyensinh247.com/diem-chuan/dai-hoc-phenikaa-PKA.html,2026-09-29T09:24:49+00:00
tuyensinh247_cutoffs,PKA,2026,FBE5,Kiểm Toán,A00;A01;A03;A04;A05;A06;B00;B01;B02;B04;C04;D01;D07;D10;X01;X09;X13;X25;X26,18,https://diemthi.tuyensinh247.com/diem-chuan/dai-hoc-phenikaa-PKA.html,2026-09-29T09:24:49+00:00
tuyensinh247_cutoffs,PKA,2026,FBE7,Logistics Và Quản Lý Chuỗi Cung Ứng (Một Số Học Phần Chuyên Ngành Học Bằng Tiếng Anh),A01;A05;A07;B08;C03;D01;D07;D08;D09;D10;D11;D12;X17;X21;X25;X26;X27;X28,18,https://diemthi.tuyensinh247.com/diem-chuan/dai-hoc-phenikaa-PKA.html,2026-09-29T09:24:49+00:00
tuyensinh247_cutoffs,PKA,2026,FBE8,Marketing (Một Số Học Phần Chuyên Ngành Học Bằng Tiếng Anh),A01;B08;D01;D07;D09;D10;D08;X25;X26;X27;X28,18,https://diemthi.tuyensinh247.com/diem-chuan/dai-hoc-phenikaa-PKA.html,2026-09-29T09:24:49+00:00
tuyensinh247_cutoffs,PKA,2026,FIDT10,Quan Hệ Công Chúng*,A08;A09;C00;C01;C03;C04;D01;D04;D06;D11;D14;D66;D84;X02;X17;X21;X22;X25;X26;X70;X74;X75;X78;X79,18,https://diemthi.tuyensinh247.com/diem-chuan/dai-hoc-phenikaa-PKA.html,2026-09-29T09:24:49+00:00
tuyensinh247_cutoffs,PKA,2026,FIDT2,Quản Trị Kinh Doanh (Kinh Doanh Số),A00;A01;A02;A03;A04;A05;A06;A07;B08;C01;C02;C03;C04;D01;D07;D08;D09;D10;D11;D12;X17;X21;X25;X26;X27;D84;X01;X05;X09,18,https://diemthi.tuyensinh247.com/diem-chuan/dai-hoc-phenikaa-PKA.html,2026-09-29T09:24:49+00:00
tuyensinh247_cutoffs,PKA,2026,FIDT4,Logistics Và Quản Lý Chuỗi Cung Ứng (Logistics Số),A00;A01;A02;A03;A04;A05;A06;A07;B08;C01;C02;C03;C04;D01;D07;D08;D09;D10;D11;D12;X17;X21;X25;X26;X27;D84;X01;X05;X09,19,https://diemthi.tuyensinh247.com/diem-chuan/dai-hoc-phenikaa-PKA.html,2026-09-29T09:24:49+00:00
tuyensinh247_cutoffs,PKA,2026,FIDT5,Marketing (Công Nghệ Marketing),A00;A01;A02;A03;A04;A05;A06;A07;B08;C01;C02;C03;C04;D01;D07;D08;D09;D10;D11;D12;X17;X21;X25;X26;X27;D84;X01;X05;X09,18,https://diemthi.tuyensinh247.com/diem-chuan/dai-hoc-phenikaa-PKA.html,2026-09-29T09:24:49+00:00
tuyensinh247_cutoffs,PKA,2026,FIDT7,Công Nghệ Tài Chính,A00;A01;A02;A03;A04;A05;A06;A07;C01;C02;D01;D04;D06;D84;D07;D08;D09;D10;D11;D12;X25;X26;X27;X01,18,https://diemthi.tuyensinh247.com/diem-chuan/dai-hoc-phenikaa-PKA.html,2026-09-29T09:24:49+00:00
tuyensinh247_cutoffs,PKA,2026,FIDT8,Hệ Thống Thông Tin Quản Lý*,A00;A01;A02;A03;A04;A05;A06;A07;C01;C02;D01;D04;D07;X01;X02;X05;X07;X10;X11;X14;X25;X26;X27,18,https://diemthi.tuyensinh247.com/diem-chuan/dai-hoc-phenikaa-PKA.html,2026-09-29T09:24:49+00:00
tuyensinh247_cutoffs,PKA,2026,FLC1,Ngôn Ngữ Trung Quốc,A01;D01;D04;D09;D30;D84;X25,19,https://diemthi.tuyensinh247.com/diem-chuan/dai-hoc-phenikaa-PKA.html,2026-09-29T09:24:49+00:00
tuyensinh247_cutoffs,PKA,2026,FLE1,Ngôn Ngữ Anh,A01;D01;D09;D10;D11;D84;X25;X26,18.5,https://diemthi.tuyensinh247.com/diem-chuan/dai-hoc-phenikaa-PKA.html,2026-09-29T09:24:49+00:00
tuyensinh247_cutoffs,PKA,2026,FLJ1,Ngôn Ngữ Nhật,A07;A08;C00;C03;C04;C19;D01;D04;D06;D09;D10;D11;D12;D13;D14;D15;D66;D84;X17;X25;X70;X78,18,https://diemthi.tuyensinh247.com/diem-chuan/dai-hoc-phenikaa-PKA.html,2026-09-29T09:24:49+00:00
tuyensinh247_cutoffs,PKA,2026,FLK1,Ngôn Ngữ Hàn Quốc,A01;D01;D09;D10;D84;DD2;X25;AH1;DH1;DH5,18.5,https://diemthi.tuyensinh247.com/diem-chuan/dai-hoc-phenikaa-PKA.html,2026-09-29T09:24:49+00:00
tuyensinh247_cutoffs,PKA,2026,FOL2,Luật Kinh Doanh,A00;A01;C00;C01;C02;C03;D01;D07;D11;D12;D13;D14;D15;D42;D43;D45;D53;D55;D63;D65;X01;X02;X25;X70;X78,26,https://diemthi.tuyensinh247.com/diem-chuan/dai-hoc-phenikaa-PKA.html,2026-09-29T09:24:49+00:00
tuyensinh247_cutoffs,PKA,2026,FOL3,Luật,A00;A01;C00;C01;C02;C03;D01;D07;D11;D12;D13;D14;D15;D42;D43;D45;D53;D55;D63;D65;X01;X02;X25;X70;X78,20,https://diemthi.tuyensinh247.com/diem-chuan/dai-hoc-phenikaa-PKA.html,2026-09-29T09:24:49+00:00
tuyensinh247_cutoffs,PKA,2026,FOL5,Luật Thương Mại Quốc Tế,A00;A01;C00;C01;C02;C03;D01;D07;D11;D12;D13;D14;D15;D42;D43;D45;D53;D55;D63;D65;X01;X02;X25;X70;X78,25,https://diemthi.tuyensinh247.com/diem-chuan/dai-hoc-phenikaa-PKA.html,2026-09-29T09:24:49+00:00
tuyensinh247_cutoffs,PKA,2026,FOL6,Luật Hình Sự Và Tố Tùng Hình Sự,A00;A01;C00;C01;C02;C03;D01;D07;D11;D12;D13;D14;D15;D42;D43;D45;D53;D55;D63;D65;X01;X02;X25;X70;X78,20,https://diemthi.tuyensinh247.com/diem-chuan/dai-hoc-phenikaa-PKA.html,2026-09-29T09:24:49+00:00
tuyensinh247_cutoffs,PKA,2026,FOS2,Việt Nam Học*,A01;A07;A08;C00;C03;C19;D01;D09;D10;D14;D15;D66;D85;X17;X26;X70;X78,18,https://diemthi.tuyensinh247.com/diem-chuan/dai-hoc-phenikaa-PKA.html,2026-09-29T09:24:49+00:00
tuyensinh247_cutoffs,PKA,2026,FTME,Y Học Cổ Truyền,A00;A05;A06;B01;B00;B02;B03;B08;C02;D07,20,https://diemthi.tuyensinh247.com/diem-chuan/dai-hoc-phenikaa-PKA.html,2026-09-29T09:24:49+00:00
tuyensinh247_cutoffs,PKA,2026,FTS1,Du Lịch (Định Hướng Quản Trị Du Lịch),A00;C03;C04;D01;D09;D10;D84;X25;X79,18,https://diemthi.tuyensinh247.com/diem-chuan/dai-hoc-phenikaa-PKA.html,2026-09-29T09:24:49+00:00
tuyensinh247_cutoffs,PKA,2026,FTS2,Quản Trị Khách Sạn,A00;A01;C03;D01;D07;D09;D10;D11;D84;X25;X26,18,https://diemthi.tuyensinh247.com/diem-chuan/dai-hoc-phenikaa-PKA.html,2026-09-29T09:24:49+00:00
tuyensinh247_cutoffs,PKA,2026,FTS3,Kinh Doanh Du Lịch Số,A00;C03;D01;D09;D10;D84;X25;X22;X26;X79,18,https://diemthi.tuyensinh247.com/diem-chuan/dai-hoc-phenikaa-PKA.html,2026-09-29T09:24:49+00:00
tuyensinh247_cutoffs,PKA,2026,FTS4,Hướng Dẫn Du Lịch Quốc Tế,C00;C03;D01;D14;D15;D66;X78;X79,18,https://diemthi.tuyensinh247.com/diem-chuan/dai-hoc-phenikaa-PKA.html,2026-09-29T09:24:49+00:00
tuyensinh247_cutoffs,PKA,2026,FTS6,Du Lịch Văn Hoá,C00;C03;D01;D14;D15;D66;X78;X79,18,https://diemthi.tuyensinh247.com/diem-chuan/dai-hoc-phenikaa-PKA.html,2026-09-29T09:24:49+00:00
tuyensinh247_cutoffs,PKA,2026,FTS7,Quản Trị Nhà Hàng Và Dịch Vụ Ăn Uống,A00;A01;C03;D01;D07;D09;D10;D11;D84;X25;X26,18,https://diemthi.tuyensinh247.com/diem-chuan/dai-hoc-phenikaa-PKA.html,2026-09-29T09:24:49+00:00
tuyensinh247_cutoffs,PKA,2026,ICT-VJ,Công Nghệ Thông Tin Việt Nhật,A00;A01;A02;C01;D01;D06;D23;X06;D28;X02;X05;X46;X53,27,https://diemthi.tuyensinh247.com/diem-chuan/dai-hoc-phenikaa-PKA.html,2026-09-29T09:24:49+00:00
tuyensinh247_cutoffs,PKA,2026,ICT1,Công Nghệ Thông Tin,A00;A01;A02;A03;A04;A10;D01;D07;X05;X06;X26;X02,20,https://diemthi.tuyensinh247.com/diem-chuan/dai-hoc-phenikaa-PKA.html,2026-09-29T09:24:49+00:00
tuyensinh247_cutoffs,PKA,2026,ICT3,Khoa Học Máy Tính (Trí Tuệ Nhân Tạo Và Khoa Học Dữ Liệu),A00;A01;D07;X06;X26;X27,20,https://diemthi.tuyensinh247.com/diem-chuan/dai-hoc-phenikaa-PKA.html,2026-09-29T09:24:49+00:00
tuyensinh247_cutoffs,PKA,2026,ICT4,An Toàn Thông Tin (Một Số Học Phần Chuyên Ngành Học Bằng Tiếng Anh),A00;A01;D01;D07;X06;X26,19,https://diemthi.tuyensinh247.com/diem-chuan/dai-hoc-phenikaa-PKA.html,2026-09-29T09:24:49+00:00
tuyensinh247_cutoffs,PKA,2026,ICT5,Trí Tuệ Nhân Tạo,A00;A01;A02;A03;A04;A10;D01;D07;X02;X05;X06;X26,20,https://diemthi.tuyensinh247.com/diem-chuan/dai-hoc-phenikaa-PKA.html,2026-09-29T09:24:49+00:00
tuyensinh247_cutoffs,PKA,2026,ICT6,Khoa Học Dữ Liệu*,A00;A01;A02;A03;A04;A10;D01;D07;X02;X05;X06;X26,18,https://diemthi.tuyensinh247.com/diem-chuan/dai-hoc-phenikaa-PKA.html,2026-09-29T09:24:49+00:00
tuyensinh247_cutoffs,PKA,2026,ICT7,Hệ Thống Thông Tin*,A00;A01;A02;A03;A04;A10;D01;D07;X02;X05;X06;X26,18,https://diemthi.tuyensinh247.com/diem-chuan/dai-hoc-phenikaa-PKA.html,2026-09-29T09:24:49+00:00
tuyensinh247_cutoffs,PKA,2026,ICT8,An Ninh Mạng*,A00;A01;A02;A03;A04;A10;D01;D07;X02;X05;X06;X26,19,https://diemthi.tuyensinh247.com/diem-chuan/dai-hoc-phenikaa-PKA.html,2026-09-29T09:24:49+00:00
tuyensinh247_cutoffs,PKA,2026,MAT01,Toán Tin Ứng Dụng*,A00;A01;C01;D01;D07;X06,27,https://diemthi.tuyensinh247.com/diem-chuan/dai-hoc-phenikaa-PKA.html,2026-09-29T09:24:49+00:00
tuyensinh247_cutoffs,PKA,2026,MAT02,Toán Ứng Dụng Trong Kinh Tế Và Logistics*,A00;A01;D01;C01;D04;X26,27,https://diemthi.tuyensinh247.com/diem-chuan/dai-hoc-phenikaa-PKA.html,2026-09-29T09:24:49+00:00
tuyensinh247_cutoffs,PKA,2026,MEM1,Kỹ Thuật Cơ Điện Tử,A00;A01;A02;A03;A04;A10;C01;X05;X06;X07;X10;X14;X15;X26;X27;X54;X56,20,https://diemthi.tuyensinh247.com/diem-chuan/dai-hoc-phenikaa-PKA.html,2026-09-29T09:24:49+00:00
tuyensinh247_cutoffs,PKA,2026,MEM1-IMS,Kỹ Thuật Cơ Điện Tử (Hệ Thống Cơ Điện Tử Thông Minh),A00;A01;A02;A03;A04;A10;C01;X05;X06;X07;X10;X14;X15;X26;X27;X54;X56,19,https://diemthi.tuyensinh247.com/diem-chuan/dai-hoc-phenikaa-PKA.html,2026-09-29T09:24:49+00:00
tuyensinh247_cutoffs,PKA,2026,MEM2-IMD,Kỹ Thuật Cơ Khí (Thiết Kế Cơ Khí Thông Minh)*,A00;A01;A02;A03;A04;A10;C01;X05;X06;X07;X15;X27;X54;X56,19,https://diemthi.tuyensinh247.com/diem-chuan/dai-hoc-phenikaa-PKA.html,2026-09-29T09:24:49+00:00
tuyensinh247_cutoffs,PKA,2026,MIW,Hộ Sinh,A00;A02;B00;B03;B04;B08;D07;D08;X10;X11;X12;X15;X14,18,https://diemthi.tuyensinh247.com/diem-chuan/dai-hoc-phenikaa-PKA.html,2026-09-29T09:24:49+00:00
tuyensinh247_cutoffs,PKA,2026,MSE-IC,Chip Bán Dẫn Và Công Nghệ Đóng Gói,A00;A01;A02;A03;A04;A05;A06;A11;B00;C01;C02;C05;D01;D07;D08;X06;X07;X09,20,https://diemthi.tuyensinh247.com/diem-chuan/dai-hoc-phenikaa-PKA.html,2026-09-29T09:24:49+00:00
tuyensinh247_cutoffs,PKA,2026,MSE-TN,Khoa Học Và Công Nghệ Bán Dẫn (CTĐT Tài Năng Theo Đề Án Chính Phủ),A00;A01;A02;C01;D07,25,https://diemthi.tuyensinh247.com/diem-chuan/dai-hoc-phenikaa-PKA.html,2026-09-29T09:24:49+00:00
tuyensinh247_cutoffs,PKA,2026,MSE1,Vật Liệu Tiên Tiến Và Công Nghệ Nano,A00;A01;A02;A03;A04;A05;A06;A11;B00;C01;C02;C05;D01;D07;D08;X06;X07;X09,20,https://diemthi.tuyensinh247.com/diem-chuan/dai-hoc-phenikaa-PKA.html,2026-09-29T09:24:49+00:00
tuyensinh247_cutoffs,PKA,2026,MTT1,Kỹ Thuật Xét Nghiệm Y Học,A00;B00;B03;B08;D07;X10,19,https://diemthi.tuyensinh247.com/diem-chuan/dai-hoc-phenikaa-PKA.html,2026-09-29T09:24:49+00:00
tuyensinh247_cutoffs,PKA,2026,NUR1,Điều Dưỡng,A00;A02;B00;B03;B04;B08;D07;D08;X10;X11;X13;X15;X14,18,https://diemthi.tuyensinh247.com/diem-chuan/dai-hoc-phenikaa-PKA.html,2026-09-29T09:24:49+00:00
tuyensinh247_cutoffs,PKA,2026,PAS1,Vật Lý Thiên Văn Và Khoa Học Dữ Liệu Không Gian*,A00;A01;A02;A03;A04;A10;X05;X06,19,https://diemthi.tuyensinh247.com/diem-chuan/dai-hoc-phenikaa-PKA.html,2026-09-29T09:24:49+00:00
tuyensinh247_cutoffs,PKA,2026,RET1,Kỹ Thuật Phục Hồi Chức Năng,A00;B00;B03;B08;D07;X10,19,https://diemthi.tuyensinh247.com/diem-chuan/dai-hoc-phenikaa-PKA.html,2026-09-29T09:24:49+00:00
tuyensinh247_cutoffs,PKA,2026,RTS1,Kỹ Thuật Hình Ảnh Y Học,A00;A02;B00;B03;B08;D07;X10;C02;D08;X14,19,https://diemthi.tuyensinh247.com/diem-chuan/dai-hoc-phenikaa-PKA.html,2026-09-29T09:24:49+00:00
tuyensinh247_cutoffs,PKA,2026,VEE2,Cơ Điện Tử Ô Tô,A00;A01;A04;C01;C02;D07;X06;X27,18,https://diemthi.tuyensinh247.com/diem-chuan/dai-hoc-phenikaa-PKA.html,2026-09-29T09:24:49+00:00
tuyensinh247_cutoffs,PKA,2026,VEE3,Kỹ Thuật Phần Mềm Ô Tô,A00;A01;A04;C01;C02;D07;X06;X26,18,https://diemthi.tuyensinh247.com/diem-chuan/dai-hoc-phenikaa-PKA.html,2026-09-29T09:24:49+00:00
tuyensinh247_cutoffs,PKA,2026,BIO1,Công Nghệ Sinh Học,A00;A02;B00;B03;B08;D07;D08;X14;X15,19,https://diemthi.tuyensinh247.com/diem-chuan/dai-hoc-phenikaa-PKA.html,2026-09-29T09:24:49+00:00
tuyensinh247_cutoffs,PKA,2026,CHE1,Kỹ Thuật Hóa Học,A00;A01;A05;A06;A11;B00;C02;D07;X09;X10;X11,22.86,https://diemthi.tuyensinh247.com/diem-chuan/dai-hoc-phenikaa-PKA.html,2026-09-29T09:24:49+00:00
tuyensinh247_cutoffs,PKA,2026,EEE1,Kỹ Thuật Điều Khiển Và Tự Động Hóa,A00;A01;C01;D07;X06;X26,22,https://diemthi.tuyensinh247.com/diem-chuan/dai-hoc-phenikaa-PKA.html,2026-09-29T09:24:49+00:00
tuyensinh247_cutoffs,PKA,2026,EEE4,Kỹ Thuật Điện Tử - Viễn Thông (Thiết Kế Vi Mạch Bán Dẫn),A00;A01;D07;D08;X06;X26,21,https://diemthi.tuyensinh247.com/diem-chuan/dai-hoc-phenikaa-PKA.html,2026-09-29T09:24:49+00:00
tuyensinh247_cutoffs,PKA,2026,FBE11,Kinh Doanh Quốc Tế (Chương Trình Học Bằng Tiếng Việt)*,A00;A01;A02;A03;A04;A05;A06;A07;B08;C01;C02;C03;C04;D01;D07;D08;D09;D10;D11;D12;X17;X21;X25;X26,18,https://diemthi.tuyensinh247.com/diem-chuan/dai-hoc-phenikaa-PKA.html,2026-09-29T09:24:49+00:00
tuyensinh247_cutoffs,PKA,2026,FBE3,Tài Chính - Ngân Hàng,A00;A01;A03;A04;A05;A06;B00;B01;B02;B04;C04;D01;D07;D10;X01;X09;X13;X25;X26,18,https://diemthi.tuyensinh247.com/diem-chuan/dai-hoc-phenikaa-PKA.html,2026-09-29T09:24:49+00:00
tuyensinh247_cutoffs,PKA,2026,FBE6,Kinh Doanh Quốc Tế (Các Học Phần Chuyên Ngành Học Bằng Tiếng Anh),A01;A05;A07;B08;C03;D01;D07;D08;D09;D10;D11;D12;X17;X21;X25;X26;X27;X28,18,https://diemthi.tuyensinh247.com/diem-chuan/dai-hoc-phenikaa-PKA.html,2026-09-29T09:24:49+00:00
tuyensinh247_cutoffs,PKA,2026,FIDT1,Kinh Tế Số,A00;A01;A02;A03;A04;A05;A06;A07;B08;C01;C02;C03;C04;D01;D07;D08;D09;D10;D11;D12;X17;X21;X25;X26;X27;D84;X01;X05;X09,18,https://diemthi.tuyensinh247.com/diem-chuan/dai-hoc-phenikaa-PKA.html,2026-09-29T09:24:49+00:00
tuyensinh247_cutoffs,PKA,2026,FIDT3,Thương Mại Điện Tử,A00;A01;A02;A03;A04;A05;A06;A07;B08;C01;C02;C03;C04;D01;D07;D08;D09;D10;D11;D12;X17;X21;X25;X26;X27;D84;X01;X05;X09,18,https://diemthi.tuyensinh247.com/diem-chuan/dai-hoc-phenikaa-PKA.html,2026-09-29T09:24:49+00:00
tuyensinh247_cutoffs,PKA,2026,FIDT6,Truyền Thông Đa Phương Tiện,A08;A09;C00;C01;C03;C04;D01;D04;D06;D11;D14;D66;D84;X02;X17;X21;X22;X25;X26;X70;X74;X75;X78;X79,19,https://diemthi.tuyensinh247.com/diem-chuan/dai-hoc-phenikaa-PKA.html,2026-09-29T09:24:49+00:00
tuyensinh247_cutoffs,PKA,2026,FIDT9,Kinh Tế Quốc Tế (Phân Tích Dữ Liệu Kinh Doanh)*,A00;A01;B08;D01;D07;D08;D09;D10;D11;D12;D13;D14;D15;D66;D84;X15;X26;X27;X28;X78;X79,18,https://diemthi.tuyensinh247.com/diem-chuan/dai-hoc-phenikaa-PKA.html,2026-09-29T09:24:49+00:00
tuyensinh247_cutoffs,PKA,2026,FLF1,Ngôn Ngữ Pháp,A01;C01;C03;C04;D01;D03;D08;D10;D09;D20;D84;D89;X25;X26;X27;X37,18,https://diemthi.tuyensinh247.com/diem-chuan/dai-hoc-phenikaa-PKA.html,2026-09-29T09:24:49+00:00
tuyensinh247_cutoffs,PKA,2026,FOL1,Luật Kinh Tế,A00;A01;C00;C01;C02;C03;D01;D07;D11;D12;D13;D14;D15;D42;D43;D45;D53;D55;D63;D65;X01;X02;X25;X70;X78,20,https://diemthi.tuyensinh247.com/diem-chuan/dai-hoc-phenikaa-PKA.html,2026-09-29T09:24:49+00:00
tuyensinh247_cutoffs,PKA,2026,FOL4,Luật Quốc Tế,A00;A01;C00;C01;C02;C03;D01;D07;D11;D12;D13;D14;D15;D42;D43;D45;D53;D55;D63;D65;X01;X02;X25;X70;X78,25,https://diemthi.tuyensinh247.com/diem-chuan/dai-hoc-phenikaa-PKA.html,2026-09-29T09:24:49+00:00
tuyensinh247_cutoffs,PKA,2026,FOS1,Đông Phương Học,A01;A07;A08;C00;C03;C19;D01;D09;D10;D14;D15;D66;D85;X17;X26;X70;X78,18,https://diemthi.tuyensinh247.com/diem-chuan/dai-hoc-phenikaa-PKA.html,2026-09-29T09:24:49+00:00
tuyensinh247_cutoffs,PKA,2026,FTS5,Quản Trị Dịch Vụ Du Lịch Và Lữ Hành,A00;A01;C03;D01;D07;D09;D10;D11;D84;X25;X26,18,https://diemthi.tuyensinh247.com/diem-chuan/dai-hoc-phenikaa-PKA.html,2026-09-29T09:24:49+00:00
tuyensinh247_cutoffs,PKA,2026,HM1,Quản Lý Bệnh Viện,A00;A01;A02;B00;B03;B08;D01;D07;D08;X10;X14;X79,18,https://diemthi.tuyensinh247.com/diem-chuan/dai-hoc-phenikaa-PKA.html,2026-09-29T09:24:49+00:00
tuyensinh247_cutoffs,PKA,2026,ICT2,Kỹ Thuật Phần Mềm (Một Số Học Phần Chuyên Ngành Học Bằng Tiếng Anh),A00;A01;A02;A03;A04;A10;D01;D07;X05;X06;X26;X02,19,https://diemthi.tuyensinh247.com/diem-chuan/dai-hoc-phenikaa-PKA.html,2026-09-29T09:24:49+00:00
tuyensinh247_cutoffs,PKA,2026,ITC-TN,Khoa học máy tính (CTĐT Tài Năng Theo Đề Án Của Chính Phủ),A00;A01;D07;X06;X07;X10,25,https://diemthi.tuyensinh247.com/diem-chuan/dai-hoc-phenikaa-PKA.html,2026-09-29T09:24:49+00:00
tuyensinh247_cutoffs,PKA,2026,MED1,Y Khoa,A00;B00;B03;B08;C02;D07,23,https://diemthi.tuyensinh247.com/diem-chuan/dai-hoc-phenikaa-PKA.html,2026-09-29T09:24:49+00:00
tuyensinh247_cutoffs,PKA,2026,MEM2,Kỹ Thuật Cơ Khí,A00;A01;A02;A03;A04;A10;C01;X05;X06;X07;X15;X27;X54;X56,19,https://diemthi.tuyensinh247.com/diem-chuan/dai-hoc-phenikaa-PKA.html,2026-09-29T09:24:49+00:00
tuyensinh247_cutoffs,PKA,2026,MSE-AI,Vật Liệu Thông Minh Và Trí Tuệ Nhân Tạo,A00;A01;A02;A03;A04;A05;A06;A11;B00;C01;C02;C05;D01;D07;D08;X06;X07;X09,24,https://diemthi.tuyensinh247.com/diem-chuan/dai-hoc-phenikaa-PKA.html,2026-09-29T09:24:49+00:00
tuyensinh247_cutoffs,PKA,2026,PHA1,Dược Học,A00;B00;B08;D07;X10;X14,20,https://diemthi.tuyensinh247.com/diem-chuan/dai-hoc-phenikaa-PKA.html,2026-09-29T09:24:49+00:00
tuyensinh247_cutoffs,PKA,2026,VEE1,Kỹ Thuật Ô Tô,A00;A01;A04;C01;C02;D07;X06;X07,18,https://diemthi.tuyensinh247.com/diem-chuan/dai-hoc-phenikaa-PKA.html,2026-09-29T09:24:49+00:00
tuyensinh247_cutoffs,FBU,2025,7220201,Ngôn ngữ Anh,A01;D01;D10;X25,18.5,https://diemthi.tuyensinh247.com/diem-chuan/dai-hoc-tai-chinh-ngan-hang-ha-noi-FBU.html,2026-09-29T09:24:51+00:00
tuyensinh247_cutoffs,FBU,2025,7340101,Quản trị kinh doanh,A00;A01;C04;D01;X01;X02,23,https://diemthi.tuyensinh247.com/diem-chuan/dai-hoc-tai-chinh-ngan-hang-ha-noi-FBU.html,2026-09-29T09:24:51+00:00
tuyensinh247_cutoffs,FBU,2025,7340120,Kinh doanh quốc tế,A01;D01;D07;D09;D10;X25,18.5,https://diemthi.tuyensinh247.com/diem-chuan/dai-hoc-tai-chinh-ngan-hang-ha-noi-FBU.html,2026-09-29T09:24:51+00:00
tuyensinh247_cutoffs,FBU,2025,7340201,Tài chính - Ngân hàng,A00;A01;C04;D01;X01;X02,22,https://diemthi.tuyensinh247.com/diem-chuan/dai-hoc-tai-chinh-ngan-hang-ha-noi-FBU.html,2026-09-29T09:24:51+00:00
tuyensinh247_cutoffs,FBU,2025,7340301,Kế toán,A00;A01;C04;D01;X01;X02,23,https://diemthi.tuyensinh247.com/diem-chuan/dai-hoc-tai-chinh-ngan-hang-ha-noi-FBU.html,2026-09-29T09:24:51+00:00
tuyensinh247_cutoffs,FBU,2025,7340302,Kiểm toán,A00;A01;C04;D01;X01;X02,17,https://diemthi.tuyensinh247.com/diem-chuan/dai-hoc-tai-chinh-ngan-hang-ha-noi-FBU.html,2026-09-29T09:24:51+00:00
tuyensinh247_cutoffs,FBU,2025,7480201,Công nghệ thông tin,A00;A01;C04;D01;X01;X02,17,https://diemthi.tuyensinh247.com/diem-chuan/dai-hoc-tai-chinh-ngan-hang-ha-noi-FBU.html,2026-09-29T09:24:51+00:00
tuyensinh247_cutoffs,FBU,2025,7220204,Ngôn ngữ Tiếng Trung,C00;C04;D01;D04,24.25,https://diemthi.tuyensinh247.com/diem-chuan/dai-hoc-tai-chinh-ngan-hang-ha-noi-FBU.html,2026-09-29T09:24:51+00:00
tuyensinh247_cutoffs,FBU,2025,7340121,Kinh doanh thương mại,A00;A01;C04;D01;X01;X02,23,https://diemthi.tuyensinh247.com/diem-chuan/dai-hoc-tai-chinh-ngan-hang-ha-noi-FBU.html,2026-09-29T09:24:51+00:00
tuyensinh247_cutoffs,FBU,2025,7380107,Luật kinh tế,A00;A01;C04;D01;X01;X02,21.5,https://diemthi.tuyensinh247.com/diem-chuan/dai-hoc-tai-chinh-ngan-hang-ha-noi-FBU.html,2026-09-29T09:24:51+00:00
tuyensinh247_cutoffs,NHS,2026,7220201,Ngôn ngữ Anh,A01;D01;D07;D09;D10,21.83,https://diemthi.tuyensinh247.com/diem-chuan/dai-hoc-ngan-hang-tphcm-NHS.html,2026-09-29T09:25:05+00:00
tuyensinh247_cutoffs,NHS,2026,7220204,Ngôn ngữ Trung Quốc,A01;D01;D07;D09;D10,19,https://diemthi.tuyensinh247.com/diem-chuan/dai-hoc-ngan-hang-tphcm-NHS.html,2026-09-29T09:25:05+00:00
tuyensinh247_cutoffs,NHS,2026,7310106,Kinh tế quốc tế,A00;A01;C01;C02;D01;D07;X02;X26,22.99,https://diemthi.tuyensinh247.com/diem-chuan/dai-hoc-ngan-hang-tphcm-NHS.html,2026-09-29T09:25:05+00:00
tuyensinh247_cutoffs,NHS,2026,7340101,Quản trị kinh doanh,A00;A01;C01;C02;D01;D07;X02;X26,22.77,https://diemthi.tuyensinh247.com/diem-chuan/dai-hoc-ngan-hang-tphcm-NHS.html,2026-09-29T09:25:05+00:00
tuyensinh247_cutoffs,NHS,2026,7340101QT,Quản trị kinh doanh (Quốc tế),A00;A01;A03;A04;A06;A07;C01;C02;D01;D07;D09;D10;X02;X26,16,https://diemthi.tuyensinh247.com/diem-chuan/dai-hoc-ngan-hang-tphcm-NHS.html,2026-09-29T09:25:05+00:00
tuyensinh247_cutoffs,NHS,2026,7340101SB,Quản trị kinh doanh (Quốc tế song bằng),A00;A01;C01;C02;D01;D07;X02;X26,19.6,https://diemthi.tuyensinh247.com/diem-chuan/dai-hoc-ngan-hang-tphcm-NHS.html,2026-09-29T09:25:05+00:00
tuyensinh247_cutoffs,NHS,2026,7340115,Marketing,A00;A01;C01;C02;D01;D07;X02;X26,23.47,https://diemthi.tuyensinh247.com/diem-chuan/dai-hoc-ngan-hang-tphcm-NHS.html,2026-09-29T09:25:05+00:00
tuyensinh247_cutoffs,NHS,2026,7340120,Kinh doanh quốc tế,A00;A01;C01;C02;D01;D07;X02;X26,24.53,https://diemthi.tuyensinh247.com/diem-chuan/dai-hoc-ngan-hang-tphcm-NHS.html,2026-09-29T09:25:05+00:00
tuyensinh247_cutoffs,NHS,2026,7340122,Thương mại điện tử,A00;A01;C01;C02;D01;D07;X02;X26,23.96,https://diemthi.tuyensinh247.com/diem-chuan/dai-hoc-ngan-hang-tphcm-NHS.html,2026-09-29T09:25:05+00:00
tuyensinh247_cutoffs,NHS,2026,7340122TA,Thương mại điện tử TABP,A00;A01;C01;C02;D01;D07;X02;X26,21.5,https://diemthi.tuyensinh247.com/diem-chuan/dai-hoc-ngan-hang-tphcm-NHS.html,2026-09-29T09:25:05+00:00
tuyensinh247_cutoffs,NHS,2026,7340201EL,Tài chính - Ngân hàng chương trình tinh hoa (Elite Class),A00;A01;C01;C02;D01;D07;X02;X26,16,https://diemthi.tuyensinh247.com/diem-chuan/dai-hoc-ngan-hang-tphcm-NHS.html,2026-09-29T09:25:05+00:00
tuyensinh247_cutoffs,NHS,2026,7340201QT,Tài chính - Ngân hàng (Quốc tế),A00;A01;A03;A04;A06;A07;C01;C02;D01;D07;D09;D10;X02;X26,16,https://diemthi.tuyensinh247.com/diem-chuan/dai-hoc-ngan-hang-tphcm-NHS.html,2026-09-29T09:25:05+00:00
tuyensinh247_cutoffs,NHS,2026,7340201SB,Tài chính - Ngân hàng (Quốc tế song bằng),A00;A01;C01;C02;D01;D07;X02;X26,19.78,https://diemthi.tuyensinh247.com/diem-chuan/dai-hoc-ngan-hang-tphcm-NHS.html,2026-09-29T09:25:05+00:00
tuyensinh247_cutoffs,NHS,2026,7340201TA,Tài chính - Ngân hàng TABP,A00;A01;C01;C02;D01;D07;X02;X26,19.03,https://diemthi.tuyensinh247.com/diem-chuan/dai-hoc-ngan-hang-tphcm-NHS.html,2026-09-29T09:25:05+00:00
tuyensinh247_cutoffs,NHS,2026,7340204,Bảo hiểm,A00;A01;C01;C02;D01;D07;X02;X26,16.1,https://diemthi.tuyensinh247.com/diem-chuan/dai-hoc-ngan-hang-tphcm-NHS.html,2026-09-29T09:25:05+00:00
tuyensinh247_cutoffs,NHS,2026,7340205,Công nghệ tài chính,A00;A01;C01;C02;D01;D07;X02;X26,22.82,https://diemthi.tuyensinh247.com/diem-chuan/dai-hoc-ngan-hang-tphcm-NHS.html,2026-09-29T09:25:05+00:00
tuyensinh247_cutoffs,NHS,2026,7340301TA,Kế toán TABP,A00;A01;C01;C02;D01;D07;X02;X26,19.76,https://diemthi.tuyensinh247.com/diem-chuan/dai-hoc-ngan-hang-tphcm-NHS.html,2026-09-29T09:25:05+00:00
tuyensinh247_cutoffs,NHS,2026,7340302,Kiểm toán,A00;A01;C01;C02;D01;D07;X02;X26,24.48,https://diemthi.tuyensinh247.com/diem-chuan/dai-hoc-ngan-hang-tphcm-NHS.html,2026-09-29T09:25:05+00:00
tuyensinh247_cutoffs,NHS,2026,7340405TA,Hệ thống thông tin quản lý TABP,A00;A01;C01;C02;D01;D07;X02;X26,20.5,https://diemthi.tuyensinh247.com/diem-chuan/dai-hoc-ngan-hang-tphcm-NHS.html,2026-09-29T09:25:05+00:00
tuyensinh247_cutoffs,NHS,2026,7380101,Luật,A01;A03;D07;D09,20,https://diemthi.tuyensinh247.com/diem-chuan/dai-hoc-ngan-hang-tphcm-NHS.html,2026-09-29T09:25:05+00:00
tuyensinh247_cutoffs,NHS,2026,7380107,Luật kinh tế,A01;A03;D07;D09,21.9,https://diemthi.tuyensinh247.com/diem-chuan/dai-hoc-ngan-hang-tphcm-NHS.html,2026-09-29T09:25:05+00:00
tuyensinh247_cutoffs,NHS,2026,7460108,Khoa học dữ liệu,A00;A01;C01;C02;D01;D07;X02;X26,21.8,https://diemthi.tuyensinh247.com/diem-chuan/dai-hoc-ngan-hang-tphcm-NHS.html,2026-09-29T09:25:05+00:00
tuyensinh247_cutoffs,NHS,2026,7480107,Trí tuệ nhân tạo,A00;A01;C01;C02;D01;D07;X02;X26,20.1,https://diemthi.tuyensinh247.com/diem-chuan/dai-hoc-ngan-hang-tphcm-NHS.html,2026-09-29T09:25:05+00:00
tuyensinh247_cutoffs,NHS,2026,7510605,Logistics và Quản lý chuỗi cung ứng,A00;A01;C01;C02;D01;D07;X02;X26,23.56,https://diemthi.tuyensinh247.com/diem-chuan/dai-hoc-ngan-hang-tphcm-NHS.html,2026-09-29T09:25:05+00:00
tuyensinh247_cutoffs,NHS,2026,7810201,Quản trị khách sạn,A00;A01;C01;C02;D01;D07;X02;X26,19.25,https://diemthi.tuyensinh247.com/diem-chuan/dai-hoc-ngan-hang-tphcm-NHS.html,2026-09-29T09:25:05+00:00
tuyensinh247_cutoffs,NHS,2026,7220201DB,Ngôn ngữ Anh ĐB,A01;D01;D07;D09;D10,18.55,https://diemthi.tuyensinh247.com/diem-chuan/dai-hoc-ngan-hang-tphcm-NHS.html,2026-09-29T09:25:05+00:00
tuyensinh247_cutoffs,NHS,2026,7310106TA,Kinh tế quốc tế TABP,A00;A01;C01;C02;D01;D07;X02;X26,21,https://diemthi.tuyensinh247.com/diem-chuan/dai-hoc-ngan-hang-tphcm-NHS.html,2026-09-29T09:25:05+00:00
tuyensinh247_cutoffs,NHS,2026,7340101TA,Quản trị kinh doanh TABP,A00;A01;C01;C02;D01;D07;X02;X26,18.35,https://diemthi.tuyensinh247.com/diem-chuan/dai-hoc-ngan-hang-tphcm-NHS.html,2026-09-29T09:25:05+00:00
tuyensinh247_cutoffs,NHS,2026,7340120TA,Kinh doanh quốc tế TABP,A00;A01;C01;C02;D01;D07;X02;X26,23.23,https://diemthi.tuyensinh247.com/diem-chuan/dai-hoc-ngan-hang-tphcm-NHS.html,2026-09-29T09:25:05+00:00
tuyensinh247_cutoffs,NHS,2026,7340201,Tài chính - Ngân hàng,A00;A01;C01;C02;D01;D07;X02;X26,23.48,https://diemthi.tuyensinh247.com/diem-chuan/dai-hoc-ngan-hang-tphcm-NHS.html,2026-09-29T09:25:05+00:00
tuyensinh247_cutoffs,NHS,2026,7340301,Kế toán,A00;A01;C01;C02;D01;D07;X02;X26,23.48,https://diemthi.tuyensinh247.com/diem-chuan/dai-hoc-ngan-hang-tphcm-NHS.html,2026-09-29T09:25:05+00:00
tuyensinh247_cutoffs,NHS,2026,7340405,Hệ thống thông tin quản lý,A00;A01;C01;C02;D01;D07;X02;X26,23.2,https://diemthi.tuyensinh247.com/diem-chuan/dai-hoc-ngan-hang-tphcm-NHS.html,2026-09-29T09:25:05+00:00
tuyensinh247_cutoffs,NHS,2026,7380107TA,Luật kinh tế TABP,A00;A01;C01;C02;D01;D07,20,https://diemthi.tuyensinh247.com/diem-chuan/dai-hoc-ngan-hang-tphcm-NHS.html,2026-09-29T09:25:05+00:00
tuyensinh247_cutoffs,NHS,2026,7480201,Công nghệ thông tin,A00;A01;C01;C02;D01;D07;X02;X26,19.3,https://diemthi.tuyensinh247.com/diem-chuan/dai-hoc-ngan-hang-tphcm-NHS.html,2026-09-29T09:25:05+00:00
tuyensinh247_cutoffs,SPK,2026,7140231V,Sư phạm tiếng Anh (đào tạo bằng tiếng Việt),D01;D09;D10;X26,26.42,https://diemthi.tuyensinh247.com/diem-chuan/dai-hoc-su-pham-ky-thuat-tphcm-SPK.html,2026-09-29T09:25:07+00:00
tuyensinh247_cutoffs,SPK,2026,7210403V,Thiết kế đồ họa (đào tạo bằng tiếng Việt),V05;H06;V01;V02,23.25,https://diemthi.tuyensinh247.com/diem-chuan/dai-hoc-su-pham-ky-thuat-tphcm-SPK.html,2026-09-29T09:25:07+00:00
tuyensinh247_cutoffs,SPK,2026,7210404V,Thiết kế thời trang (đào tạo bằng tiếng Việt),H08;H06;H01,21.2,https://diemthi.tuyensinh247.com/diem-chuan/dai-hoc-su-pham-ky-thuat-tphcm-SPK.html,2026-09-29T09:25:07+00:00
tuyensinh247_cutoffs,SPK,2026,7310403V,Tâm lý học giáo dục (đào tạo bằng tiếng Việt),C00;X70;D14;X74;D01;X78,19.4,https://diemthi.tuyensinh247.com/diem-chuan/dai-hoc-su-pham-ky-thuat-tphcm-SPK.html,2026-09-29T09:25:07+00:00
tuyensinh247_cutoffs,SPK,2026,7320106V,Chương trình đào tạo Truyền thông số và Công nghệ đa phương tiện (thuộc ngành Công nghệ truyền thông) (đào tạo bằng tiếng Việt),C03;X02;D01;X26,23.75,https://diemthi.tuyensinh247.com/diem-chuan/dai-hoc-su-pham-ky-thuat-tphcm-SPK.html,2026-09-29T09:25:07+00:00
tuyensinh247_cutoffs,SPK,2026,7340101V,Quản trị kinh doanh (đào tạo bằng tiếng Việt),A00;A01;C01;D01,19.9,https://diemthi.tuyensinh247.com/diem-chuan/dai-hoc-su-pham-ky-thuat-tphcm-SPK.html,2026-09-29T09:25:07+00:00
tuyensinh247_cutoffs,SPK,2026,7340120A,Kinh doanh quốc tế (đào tạo bằng tiếng Anh),A00;A01;C01;D01,18,https://diemthi.tuyensinh247.com/diem-chuan/dai-hoc-su-pham-ky-thuat-tphcm-SPK.html,2026-09-29T09:25:07+00:00
tuyensinh247_cutoffs,SPK,2026,7340120V,Kinh doanh Quốc tế (đào tạo bằng tiếng Việt),A00;A01;C01;D01,22,https://diemthi.tuyensinh247.com/diem-chuan/dai-hoc-su-pham-ky-thuat-tphcm-SPK.html,2026-09-29T09:25:07+00:00
tuyensinh247_cutoffs,SPK,2026,7340122V,Thương mại điện tử (đào tạo bằng tiếng Việt),A00;A01;C01;D01,23.5,https://diemthi.tuyensinh247.com/diem-chuan/dai-hoc-su-pham-ky-thuat-tphcm-SPK.html,2026-09-29T09:25:07+00:00
tuyensinh247_cutoffs,SPK,2026,7340205V,Công nghệ tài chính (đào tạo bằng tiếng Việt),A00;A01;C01;D01,22.01,https://diemthi.tuyensinh247.com/diem-chuan/dai-hoc-su-pham-ky-thuat-tphcm-SPK.html,2026-09-29T09:25:07+00:00
tuyensinh247_cutoffs,SPK,2026,7340301V,Kế toán (đào tạo bằng tiếng Việt),A00;A01;C01;D01,20.5,https://diemthi.tuyensinh247.com/diem-chuan/dai-hoc-su-pham-ky-thuat-tphcm-SPK.html,2026-09-29T09:25:07+00:00
tuyensinh247_cutoffs,SPK,2026,7380101V,Luật (đào tạo bằng tiếng Việt),C00;X70;D14;D01;X74;X78,20.5,https://diemthi.tuyensinh247.com/diem-chuan/dai-hoc-su-pham-ky-thuat-tphcm-SPK.html,2026-09-29T09:25:07+00:00
tuyensinh247_cutoffs,SPK,2026,7480118V,Hệ thống nhúng và IoT (đào tạo bằng tiếng Việt),A00;A01;C01;D01,25.2,https://diemthi.tuyensinh247.com/diem-chuan/dai-hoc-su-pham-ky-thuat-tphcm-SPK.html,2026-09-29T09:25:07+00:00
tuyensinh247_cutoffs,SPK,2026,7480201A,Công nghệ thông tin (đào tạo bằng tiếng Anh),A00;A01;C01;D01;X06,21.3,https://diemthi.tuyensinh247.com/diem-chuan/dai-hoc-su-pham-ky-thuat-tphcm-SPK.html,2026-09-29T09:25:07+00:00
tuyensinh247_cutoffs,SPK,2026,7480201V,Công nghệ thông tin (đào tạo bằng tiếng Việt),A00;A01;C01;D01;X06,24.01,https://diemthi.tuyensinh247.com/diem-chuan/dai-hoc-su-pham-ky-thuat-tphcm-SPK.html,2026-09-29T09:25:07+00:00
tuyensinh247_cutoffs,SPK,2026,7480202V,An toàn thông tin (đào tạo bằng tiếng Việt),A00;A01;C01;D01;X06,24.2,https://diemthi.tuyensinh247.com/diem-chuan/dai-hoc-su-pham-ky-thuat-tphcm-SPK.html,2026-09-29T09:25:07+00:00
tuyensinh247_cutoffs,SPK,2026,7480203V,Kỹ thuật dữ liệu (đào tạo bằng tiếng Việt),A00;A01;C01;D01;X06,24.75,https://diemthi.tuyensinh247.com/diem-chuan/dai-hoc-su-pham-ky-thuat-tphcm-SPK.html,2026-09-29T09:25:07+00:00
tuyensinh247_cutoffs,SPK,2026,7510102A,Công nghệ Kỹ thuật công trình xây dựng* (đào tạo bằng tiếng Anh),A00;A01;C01;D01,20.93,https://diemthi.tuyensinh247.com/diem-chuan/dai-hoc-su-pham-ky-thuat-tphcm-SPK.html,2026-09-29T09:25:07+00:00
tuyensinh247_cutoffs,SPK,2026,7510106V,Hệ thống kỹ thuật công trình xây dựng (đào tạo bằng tiếng Việt),A00;A01;C01;D01,22.57,https://diemthi.tuyensinh247.com/diem-chuan/dai-hoc-su-pham-ky-thuat-tphcm-SPK.html,2026-09-29T09:25:07+00:00
tuyensinh247_cutoffs,SPK,2026,7510201A,Công nghệ Kỹ thuật cơ khí * (đào tạo bằng tiếng Anh),A00;A01;C01;D01,23.95,https://diemthi.tuyensinh247.com/diem-chuan/dai-hoc-su-pham-ky-thuat-tphcm-SPK.html,2026-09-29T09:25:07+00:00
tuyensinh247_cutoffs,SPK,2026,7510201V,Công nghệ Kỹ thuật cơ khí * (đào tạo bằng tiếng Việt),A00;A01;C01;D01,25.78,https://diemthi.tuyensinh247.com/diem-chuan/dai-hoc-su-pham-ky-thuat-tphcm-SPK.html,2026-09-29T09:25:07+00:00
tuyensinh247_cutoffs,SPK,2026,7510202A,Công nghệ chế tạo máy * (đào tạo bằng tiếng Anh),A00;A01;C01;D01,22.88,https://diemthi.tuyensinh247.com/diem-chuan/dai-hoc-su-pham-ky-thuat-tphcm-SPK.html,2026-09-29T09:25:07+00:00
tuyensinh247_cutoffs,SPK,2026,7510202N,Công nghệ chế tạo máy * (đào tạo Việt - Nhật),A00;A01;C01;D01,23.35,https://diemthi.tuyensinh247.com/diem-chuan/dai-hoc-su-pham-ky-thuat-tphcm-SPK.html,2026-09-29T09:25:07+00:00
tuyensinh247_cutoffs,SPK,2026,7510202V,Công nghệ chế tạo máy * (đào tạo bằng tiếng Việt),A00;A01;C01;D01,24.75,https://diemthi.tuyensinh247.com/diem-chuan/dai-hoc-su-pham-ky-thuat-tphcm-SPK.html,2026-09-29T09:25:07+00:00
tuyensinh247_cutoffs,SPK,2026,7510203A,Công nghệ Kỹ thuật cơ điện tử * (đào tạo bằng tiếng Anh),A00;A01;C01;D01,24.09,https://diemthi.tuyensinh247.com/diem-chuan/dai-hoc-su-pham-ky-thuat-tphcm-SPK.html,2026-09-29T09:25:07+00:00
tuyensinh247_cutoffs,SPK,2026,7510203V,Công nghệ Kỹ thuật cơ điện tử * (đào tạo bằng tiếng Việt),A00;A01;C01;D01,26.09,https://diemthi.tuyensinh247.com/diem-chuan/dai-hoc-su-pham-ky-thuat-tphcm-SPK.html,2026-09-29T09:25:07+00:00
tuyensinh247_cutoffs,SPK,2026,7510205N,Công nghệ Kỹ thuật ô tô * (đào tạo Việt - Nhật),A00;A01;C01;D01,23.4,https://diemthi.tuyensinh247.com/diem-chuan/dai-hoc-su-pham-ky-thuat-tphcm-SPK.html,2026-09-29T09:25:07+00:00
tuyensinh247_cutoffs,SPK,2026,7510205V,Công nghệ Kỹ thuật ô tô * (đào tạo bằng tiếng Việt),A00;A01;C01;D01,24.57,https://diemthi.tuyensinh247.com/diem-chuan/dai-hoc-su-pham-ky-thuat-tphcm-SPK.html,2026-09-29T09:25:07+00:00
tuyensinh247_cutoffs,SPK,2026,7510206V,Công nghệ Kỹ thuật nhiệt (đào tạo bằng tiếng Việt),A00;A01;C01;D01,25.1,https://diemthi.tuyensinh247.com/diem-chuan/dai-hoc-su-pham-ky-thuat-tphcm-SPK.html,2026-09-29T09:25:07+00:00
tuyensinh247_cutoffs,SPK,2026,7510208V,Năng lượng tái tạo (đào tạo bằng tiếng Việt),A00;A01;C01;D01,24.21,https://diemthi.tuyensinh247.com/diem-chuan/dai-hoc-su-pham-ky-thuat-tphcm-SPK.html,2026-09-29T09:25:07+00:00
tuyensinh247_cutoffs,SPK,2026,7510301A,"Công nghệ Kỹ thuật điện, điện tử (đào tạo bằng tiếng Anh)",A00;A01;C01;D01,24.55,https://diemthi.tuyensinh247.com/diem-chuan/dai-hoc-su-pham-ky-thuat-tphcm-SPK.html,2026-09-29T09:25:07+00:00
tuyensinh247_cutoffs,SPK,2026,7510301V,"Công nghệ Kỹ thuật điện, điện tử (đào tạo bằng tiếng Việt)",A00;A01;C01;D01,25.93,https://diemthi.tuyensinh247.com/diem-chuan/dai-hoc-su-pham-ky-thuat-tphcm-SPK.html,2026-09-29T09:25:07+00:00
tuyensinh247_cutoffs,SPK,2026,7510302N,Công nghệ Kỹ thuật điện tử - viễn thông (đào tạo Việt - Nhật),A00;A01;C01;D01,23.55,https://diemthi.tuyensinh247.com/diem-chuan/dai-hoc-su-pham-ky-thuat-tphcm-SPK.html,2026-09-29T09:25:07+00:00
tuyensinh247_cutoffs,SPK,2026,7510302V,Công nghệ Kỹ thuật điện tử - viễn thông (đào tạo bằng tiếng Việt),A00;A01;C01;D01,25.53,https://diemthi.tuyensinh247.com/diem-chuan/dai-hoc-su-pham-ky-thuat-tphcm-SPK.html,2026-09-29T09:25:07+00:00
tuyensinh247_cutoffs,SPK,2026,7510302VM,Chương trình đào tạo Kỹ thuật Thiết kế vi mạch (thuộc ngành CNKT Điện tử - viễn thông),A00;A01;C01,26.12,https://diemthi.tuyensinh247.com/diem-chuan/dai-hoc-su-pham-ky-thuat-tphcm-SPK.html,2026-09-29T09:25:07+00:00
tuyensinh247_cutoffs,SPK,2026,7510303A,Công nghệ Kỹ thuật điều khiển và tự động hóa (đào tạo bằng tiếng Anh),A00;A01;C01;D01,25.6,https://diemthi.tuyensinh247.com/diem-chuan/dai-hoc-su-pham-ky-thuat-tphcm-SPK.html,2026-09-29T09:25:07+00:00
tuyensinh247_cutoffs,SPK,2026,7510303V,Công nghệ Kỹ thuật điều khiển và tự động hóa (đào tạo bằng tiếng Việt),A00;A01;C01;D01,26.83,https://diemthi.tuyensinh247.com/diem-chuan/dai-hoc-su-pham-ky-thuat-tphcm-SPK.html,2026-09-29T09:25:07+00:00
tuyensinh247_cutoffs,SPK,2026,7510401A,Công nghệ Kỹ thuật hóa học (đào tạo bằng tiếng Anh),A00;D07;B00;C02,23.46,https://diemthi.tuyensinh247.com/diem-chuan/dai-hoc-su-pham-ky-thuat-tphcm-SPK.html,2026-09-29T09:25:07+00:00
tuyensinh247_cutoffs,SPK,2026,7510402A,Công nghệ vật liệu (đào tạo bằng tiếng Anh),A00;B00;A02;A01;D07,21.3,https://diemthi.tuyensinh247.com/diem-chuan/dai-hoc-su-pham-ky-thuat-tphcm-SPK.html,2026-09-29T09:25:07+00:00
tuyensinh247_cutoffs,SPK,2026,7510402V,Công nghệ vật liệu (đào tạo bằng tiếng Việt),A00;B00;A01;A02;D07,24.84,https://diemthi.tuyensinh247.com/diem-chuan/dai-hoc-su-pham-ky-thuat-tphcm-SPK.html,2026-09-29T09:25:07+00:00
tuyensinh247_cutoffs,SPK,2026,7510406V,Công nghệ Kỹ thuật môi trường (đào tạo bằng tiếng Việt),A00;B00;C02;D07,21.6,https://diemthi.tuyensinh247.com/diem-chuan/dai-hoc-su-pham-ky-thuat-tphcm-SPK.html,2026-09-29T09:25:07+00:00
tuyensinh247_cutoffs,SPK,2026,7510601A,Quản lý công nghiệp (đào tạo bằng tiếng Anh),A00;A01;C01;D01,21.8,https://diemthi.tuyensinh247.com/diem-chuan/dai-hoc-su-pham-ky-thuat-tphcm-SPK.html,2026-09-29T09:25:07+00:00
tuyensinh247_cutoffs,SPK,2026,7510601V,Quản lý công nghiệp (đào tạo bằng tiếng Việt),A00;A01;C01;D01,24.57,https://diemthi.tuyensinh247.com/diem-chuan/dai-hoc-su-pham-ky-thuat-tphcm-SPK.html,2026-09-29T09:25:07+00:00
tuyensinh247_cutoffs,SPK,2026,7510605BP,Logistics và quản lý chuỗi cung ứng (đào tạo cơ sở Bình Phước),A00;A01;C01;D01,23.75,https://diemthi.tuyensinh247.com/diem-chuan/dai-hoc-su-pham-ky-thuat-tphcm-SPK.html,2026-09-29T09:25:07+00:00
tuyensinh247_cutoffs,SPK,2026,7510801V,Công nghệ Kỹ thuật in (đào tạo bằng tiếng Việt),A00;A01;C01;D07,20.76,https://diemthi.tuyensinh247.com/diem-chuan/dai-hoc-su-pham-ky-thuat-tphcm-SPK.html,2026-09-29T09:25:07+00:00
tuyensinh247_cutoffs,SPK,2026,7520117V,Kỹ thuật công nghiệp (đào tạo bằng tiếng Việt),A00;A01;C01;D01,24.32,https://diemthi.tuyensinh247.com/diem-chuan/dai-hoc-su-pham-ky-thuat-tphcm-SPK.html,2026-09-29T09:25:07+00:00
tuyensinh247_cutoffs,SPK,2026,7520212A,Kỹ thuật y sinh (Điện tử y sinh) (đào tạo bằng tiếng Anh),A00;A01;C01;D01,22.65,https://diemthi.tuyensinh247.com/diem-chuan/dai-hoc-su-pham-ky-thuat-tphcm-SPK.html,2026-09-29T09:25:07+00:00
tuyensinh247_cutoffs,SPK,2026,7520401V,"Vật lý kỹ thuật (định hướng công nghệ bán dẫn và cảm biến, đo lường) (đào tạo bằng tiếng Việt)",A00;A01;A02;X06,23.7,https://diemthi.tuyensinh247.com/diem-chuan/dai-hoc-su-pham-ky-thuat-tphcm-SPK.html,2026-09-29T09:25:07+00:00
tuyensinh247_cutoffs,SPK,2026,7540101A,Công nghệ thực phẩm (đào tạo bằng tiếng Anh),A00;D07;B00;C02,18.2,https://diemthi.tuyensinh247.com/diem-chuan/dai-hoc-su-pham-ky-thuat-tphcm-SPK.html,2026-09-29T09:25:07+00:00
tuyensinh247_cutoffs,SPK,2026,7540101V,Công nghệ thực phẩm (đào tạo bằng tiếng Việt),A00;B00;C02;D07,23.3,https://diemthi.tuyensinh247.com/diem-chuan/dai-hoc-su-pham-ky-thuat-tphcm-SPK.html,2026-09-29T09:25:07+00:00
tuyensinh247_cutoffs,SPK,2026,7540209V,Công nghệ may (đào tạo bằng tiếng Việt),A00;A01;C01;D01,20.73,https://diemthi.tuyensinh247.com/diem-chuan/dai-hoc-su-pham-ky-thuat-tphcm-SPK.html,2026-09-29T09:25:07+00:00
tuyensinh247_cutoffs,SPK,2026,7580101V,Kiến trúc (đào tạo bằng tiếng Việt),H06;V02;V01;V00,21.9,https://diemthi.tuyensinh247.com/diem-chuan/dai-hoc-su-pham-ky-thuat-tphcm-SPK.html,2026-09-29T09:25:07+00:00
tuyensinh247_cutoffs,SPK,2026,7580103V,Kiến trúc nội thất (đào tạo bằng tiếng Việt),H06;V02;V01;V00,21.4,https://diemthi.tuyensinh247.com/diem-chuan/dai-hoc-su-pham-ky-thuat-tphcm-SPK.html,2026-09-29T09:25:07+00:00
tuyensinh247_cutoffs,SPK,2026,7580302A,Quản lý xây dựng (đào tạo bằng tiếng Anh),A00;A01;C01;D01,18.08,https://diemthi.tuyensinh247.com/diem-chuan/dai-hoc-su-pham-ky-thuat-tphcm-SPK.html,2026-09-29T09:25:07+00:00
tuyensinh247_cutoffs,SPK,2026,7580302V,Quản lý xây dựng (đào tạo bằng tiếng Việt),A00;A01;C01;D01,22.35,https://diemthi.tuyensinh247.com/diem-chuan/dai-hoc-su-pham-ky-thuat-tphcm-SPK.html,2026-09-29T09:25:07+00:00
tuyensinh247_cutoffs,SPK,2026,7840110V,Quản lý và vận hành hạ tầng (đào tạo bằng tiếng Việt),A00;A01;C01;D01,19,https://diemthi.tuyensinh247.com/diem-chuan/dai-hoc-su-pham-ky-thuat-tphcm-SPK.html,2026-09-29T09:25:07+00:00
tuyensinh247_cutoffs,SPK,2026,7850101V,Chương trình đào tạo Môi trường và Phát triển bền vững (thuộc ngành Quản lý tài nguyên & môi trường) (đào tạo bằng tiếng Việt),D01;D07;B08;A01;X25,18,https://diemthi.tuyensinh247.com/diem-chuan/dai-hoc-su-pham-ky-thuat-tphcm-SPK.html,2026-09-29T09:25:07+00:00
tuyensinh247_cutoffs,SPK,2026,7140246V,Sư phạm công nghệ (đào tạo bằng tiếng Việt),A00;A01;C01;X07;X08,23.59,https://diemthi.tuyensinh247.com/diem-chuan/dai-hoc-su-pham-ky-thuat-tphcm-SPK.html,2026-09-29T09:25:07+00:00
tuyensinh247_cutoffs,SPK,2026,7220201V,Ngôn ngữ Anh (đào tạo bằng tiếng Việt),D01;D09;D10;X26,21.05,https://diemthi.tuyensinh247.com/diem-chuan/dai-hoc-su-pham-ky-thuat-tphcm-SPK.html,2026-09-29T09:25:07+00:00
tuyensinh247_cutoffs,SPK,2026,7310403BP,Tâm lý học giáo dục (đào tạo cơ sở Bình Phước),C00;X70;D14;X74;D01;X78,19.1,https://diemthi.tuyensinh247.com/diem-chuan/dai-hoc-su-pham-ky-thuat-tphcm-SPK.html,2026-09-29T09:25:07+00:00
tuyensinh247_cutoffs,SPK,2026,7340122A,Thương mại điện tử (đào tạo bằng tiếng Anh),A00;A01;C01;D01,18,https://diemthi.tuyensinh247.com/diem-chuan/dai-hoc-su-pham-ky-thuat-tphcm-SPK.html,2026-09-29T09:25:07+00:00
tuyensinh247_cutoffs,SPK,2026,7340301A,Kế toán (đào tạo bằng tiếng Anh),A00;A01;C01;D01,20.5,https://diemthi.tuyensinh247.com/diem-chuan/dai-hoc-su-pham-ky-thuat-tphcm-SPK.html,2026-09-29T09:25:07+00:00
tuyensinh247_cutoffs,SPK,2026,7480108A,Công nghệ Kỹ thuật máy tính (đào tạo bằng tiếng Anh),A00;A01;C01;D01,24.3,https://diemthi.tuyensinh247.com/diem-chuan/dai-hoc-su-pham-ky-thuat-tphcm-SPK.html,2026-09-29T09:25:07+00:00
tuyensinh247_cutoffs,SPK,2026,7480108V,Công nghệ Kỹ thuật máy tính (đào tạo bằng tiếng Việt),A00;A01;C01;D01,24.97,https://diemthi.tuyensinh247.com/diem-chuan/dai-hoc-su-pham-ky-thuat-tphcm-SPK.html,2026-09-29T09:25:07+00:00
tuyensinh247_cutoffs,SPK,2026,7480201N,Công nghệ thông tin (đào tạo Việt - Nhật),A00;A01;C01;D01;X06,22,https://diemthi.tuyensinh247.com/diem-chuan/dai-hoc-su-pham-ky-thuat-tphcm-SPK.html,2026-09-29T09:25:07+00:00
tuyensinh247_cutoffs,SPK,2026,7480203A,Kỹ thuật dữ liệu (đào tạo bằng tiếng Anh),A00;A01;C01;D01;X06,20.25,https://diemthi.tuyensinh247.com/diem-chuan/dai-hoc-su-pham-ky-thuat-tphcm-SPK.html,2026-09-29T09:25:07+00:00
tuyensinh247_cutoffs,SPK,2026,7510102V,Công nghệ Kỹ thuật công trình xây dựng* (đào tạo bằng tiếng Việt),A00;A01;C01;D01,23.32,https://diemthi.tuyensinh247.com/diem-chuan/dai-hoc-su-pham-ky-thuat-tphcm-SPK.html,2026-09-29T09:25:07+00:00
tuyensinh247_cutoffs,SPK,2026,7510201TA,Chương trình đào tạo Cơ khí – Tự động Hóa (thuộc ngành Công nghệ Kỹ thuật Cơ khí) (đào tạo bằng tiếng Anh),A00;A01;C01;D01,24.75,https://diemthi.tuyensinh247.com/diem-chuan/dai-hoc-su-pham-ky-thuat-tphcm-SPK.html,2026-09-29T09:25:07+00:00
tuyensinh247_cutoffs,SPK,2026,7510205A,Công nghệ Kỹ thuật ô tô * (đào tạo bằng tiếng Anh),A00;A01;C01;D01,23,https://diemthi.tuyensinh247.com/diem-chuan/dai-hoc-su-pham-ky-thuat-tphcm-SPK.html,2026-09-29T09:25:07+00:00
tuyensinh247_cutoffs,SPK,2026,7510206A,Công nghệ Kỹ thuật nhiệt (đào tạo bằng tiếng Anh),A00;A01;C01;D01,23.55,https://diemthi.tuyensinh247.com/diem-chuan/dai-hoc-su-pham-ky-thuat-tphcm-SPK.html,2026-09-29T09:25:07+00:00
tuyensinh247_cutoffs,SPK,2026,7510209V,Robot và trí tuệ nhân tạo (đào tạo bằng tiếng Việt),A00;A01;C01;D01,25.33,https://diemthi.tuyensinh247.com/diem-chuan/dai-hoc-su-pham-ky-thuat-tphcm-SPK.html,2026-09-29T09:25:07+00:00
tuyensinh247_cutoffs,SPK,2026,7510302A,Công nghệ Kỹ thuật điện tử - viễn thông (đào tạo bằng tiếng Anh),A00;A01;C01;D01,24,https://diemthi.tuyensinh247.com/diem-chuan/dai-hoc-su-pham-ky-thuat-tphcm-SPK.html,2026-09-29T09:25:07+00:00
tuyensinh247_cutoffs,SPK,2026,7510401V,Công nghệ Kỹ thuật hóa học (đào tạo bằng tiếng Việt),A00;B00;C02;D07,25.25,https://diemthi.tuyensinh247.com/diem-chuan/dai-hoc-su-pham-ky-thuat-tphcm-SPK.html,2026-09-29T09:25:07+00:00
tuyensinh247_cutoffs,SPK,2026,7510406A,Công nghệ Kỹ thuật môi trường (đào tạo bằng tiếng Anh),A00;D07;B00;C02,21.6,https://diemthi.tuyensinh247.com/diem-chuan/dai-hoc-su-pham-ky-thuat-tphcm-SPK.html,2026-09-29T09:25:07+00:00
tuyensinh247_cutoffs,SPK,2026,7510601BP,Quản lý công nghiệp (đào tạo cơ sở Bình Phước),A00;A01;C01;D01,24.1,https://diemthi.tuyensinh247.com/diem-chuan/dai-hoc-su-pham-ky-thuat-tphcm-SPK.html,2026-09-29T09:25:07+00:00
tuyensinh247_cutoffs,SPK,2026,7510605V,Logistics và quản lý chuỗi cung ứng (đào tạo bằng tiếng Việt),A00;A01;C01;D01,23.9,https://diemthi.tuyensinh247.com/diem-chuan/dai-hoc-su-pham-ky-thuat-tphcm-SPK.html,2026-09-29T09:25:07+00:00
tuyensinh247_cutoffs,SPK,2026,7520212V,Kỹ thuật y sinh (Điện tử y sinh) (đào tạo bằng tiếng Việt),A00;A01;C01;D01,24.88,https://diemthi.tuyensinh247.com/diem-chuan/dai-hoc-su-pham-ky-thuat-tphcm-SPK.html,2026-09-29T09:25:07+00:00
tuyensinh247_cutoffs,SPK,2026,7540101DD,Chương trình đào tạo Khoa học thực phẩm & Dinh dưỡng (thuộc ngành Công nghệ thực phẩm),A00;B00;C02;D07,20.5,https://diemthi.tuyensinh247.com/diem-chuan/dai-hoc-su-pham-ky-thuat-tphcm-SPK.html,2026-09-29T09:25:07+00:00
tuyensinh247_cutoffs,SPK,2026,7549002V,Kỹ nghệ gỗ và nội thất (đào tạo bằng tiếng Việt),A00;A01;C01;D01,20,https://diemthi.tuyensinh247.com/diem-chuan/dai-hoc-su-pham-ky-thuat-tphcm-SPK.html,2026-09-29T09:25:07+00:00
tuyensinh247_cutoffs,SPK,2026,7580205V,Kỹ thuật xây dựng công trình giao thông * (đào tạo bằng tiếng Việt),A00;A01;C01;D01,22.22,https://diemthi.tuyensinh247.com/diem-chuan/dai-hoc-su-pham-ky-thuat-tphcm-SPK.html,2026-09-29T09:25:07+00:00
tuyensinh247_cutoffs,SPK,2026,7810202V,Quản trị NH và DV ăn uống (đào tạo bằng tiếng Việt),A00;A01;C02;D01;D07,18,https://diemthi.tuyensinh247.com/diem-chuan/dai-hoc-su-pham-ky-thuat-tphcm-SPK.html,2026-09-29T09:25:07+00:00
tuyensinh247_cutoffs,SPS,2026,7140101,Giáo dục học,A00;C03;D01,24.25,https://diemthi.tuyensinh247.com/diem-chuan/dai-hoc-su-pham-tphcm-SPS.html,2026-09-29T09:25:09+00:00
tuyensinh247_cutoffs,SPS,2026,7140103,Công nghệ giáo dục,A01;B08;D07,20.25,https://diemthi.tuyensinh247.com/diem-chuan/dai-hoc-su-pham-tphcm-SPS.html,2026-09-29T09:25:09+00:00
tuyensinh247_cutoffs,SPS,2026,7140103,Công nghệ giáo dục,X26,20.75,https://diemthi.tuyensinh247.com/diem-chuan/dai-hoc-su-pham-tphcm-SPS.html,2026-09-29T09:25:09+00:00
tuyensinh247_cutoffs,SPS,2026,7140114,Quản lý giáo dục,X01,23.98,https://diemthi.tuyensinh247.com/diem-chuan/dai-hoc-su-pham-tphcm-SPS.html,2026-09-29T09:25:09+00:00
tuyensinh247_cutoffs,SPS,2026,7140202,Giáo dục Tiểu học,A01,25.79,https://diemthi.tuyensinh247.com/diem-chuan/dai-hoc-su-pham-tphcm-SPS.html,2026-09-29T09:25:09+00:00
tuyensinh247_cutoffs,SPS,2026,7140202,Giáo dục Tiểu học,A00;D01,26.04,https://diemthi.tuyensinh247.com/diem-chuan/dai-hoc-su-pham-tphcm-SPS.html,2026-09-29T09:25:09+00:00
tuyensinh247_cutoffs,SPS,2026,7140202SN,Giáo dục Tiểu học dạy bằng song ngữ Việt - Anh,A00;D01,26.63,https://diemthi.tuyensinh247.com/diem-chuan/dai-hoc-su-pham-tphcm-SPS.html,2026-09-29T09:25:09+00:00
tuyensinh247_cutoffs,SPS,2026,7140203,Giáo dục Đặc biệt,C00,25.21,https://diemthi.tuyensinh247.com/diem-chuan/dai-hoc-su-pham-tphcm-SPS.html,2026-09-29T09:25:09+00:00
tuyensinh247_cutoffs,SPS,2026,7140203,Giáo dục Đặc biệt,D01,25.71,https://diemthi.tuyensinh247.com/diem-chuan/dai-hoc-su-pham-tphcm-SPS.html,2026-09-29T09:25:09+00:00
tuyensinh247_cutoffs,SPS,2026,7140203,Giáo dục Đặc biệt,X70,24.96,https://diemthi.tuyensinh247.com/diem-chuan/dai-hoc-su-pham-tphcm-SPS.html,2026-09-29T09:25:09+00:00
tuyensinh247_cutoffs,SPS,2026,7140204,Giáo dục Công dân,X01,25.01,https://diemthi.tuyensinh247.com/diem-chuan/dai-hoc-su-pham-tphcm-SPS.html,2026-09-29T09:25:09+00:00
tuyensinh247_cutoffs,SPS,2026,7140205,Giáo dục Chính trị,X01,26.04,https://diemthi.tuyensinh247.com/diem-chuan/dai-hoc-su-pham-tphcm-SPS.html,2026-09-29T09:25:09+00:00
tuyensinh247_cutoffs,SPS,2026,7140205,Giáo dục Chính trị,X70;X78,25.79,https://diemthi.tuyensinh247.com/diem-chuan/dai-hoc-su-pham-tphcm-SPS.html,2026-09-29T09:25:09+00:00
tuyensinh247_cutoffs,SPS,2026,7140209,Sư phạm Toán học,A01,28.99,https://diemthi.tuyensinh247.com/diem-chuan/dai-hoc-su-pham-tphcm-SPS.html,2026-09-29T09:25:09+00:00
tuyensinh247_cutoffs,SPS,2026,7140209,Sư phạm Toán học,X06,29.74,https://diemthi.tuyensinh247.com/diem-chuan/dai-hoc-su-pham-tphcm-SPS.html,2026-09-29T09:25:09+00:00
tuyensinh247_cutoffs,SPS,2026,7140210,Sư phạm Tin học,A01;B08;D07,25.3,https://diemthi.tuyensinh247.com/diem-chuan/dai-hoc-su-pham-tphcm-SPS.html,2026-09-29T09:25:09+00:00
tuyensinh247_cutoffs,SPS,2026,7140211,Sư phạm Vật lý,A00,29.78,https://diemthi.tuyensinh247.com/diem-chuan/dai-hoc-su-pham-tphcm-SPS.html,2026-09-29T09:25:09+00:00
tuyensinh247_cutoffs,SPS,2026,7140211,Sư phạm Vật lý,A01,29.28,https://diemthi.tuyensinh247.com/diem-chuan/dai-hoc-su-pham-tphcm-SPS.html,2026-09-29T09:25:09+00:00
tuyensinh247_cutoffs,SPS,2026,7140212,Sư phạm Hoá học,A00,29.83,https://diemthi.tuyensinh247.com/diem-chuan/dai-hoc-su-pham-tphcm-SPS.html,2026-09-29T09:25:09+00:00
tuyensinh247_cutoffs,SPS,2026,7140212,Sư phạm Hoá học,D07,29.58,https://diemthi.tuyensinh247.com/diem-chuan/dai-hoc-su-pham-tphcm-SPS.html,2026-09-29T09:25:09+00:00
tuyensinh247_cutoffs,SPS,2026,7140213,Sư phạm Sinh học,B00,27.66,https://diemthi.tuyensinh247.com/diem-chuan/dai-hoc-su-pham-tphcm-SPS.html,2026-09-29T09:25:09+00:00
tuyensinh247_cutoffs,SPS,2026,7140217,Sư phạm Ngữ văn,C00;D14,29.8,https://diemthi.tuyensinh247.com/diem-chuan/dai-hoc-su-pham-tphcm-SPS.html,2026-09-29T09:25:09+00:00
tuyensinh247_cutoffs,SPS,2026,7140217,Sư phạm Ngữ văn,D01,30.3,https://diemthi.tuyensinh247.com/diem-chuan/dai-hoc-su-pham-tphcm-SPS.html,2026-09-29T09:25:09+00:00
tuyensinh247_cutoffs,SPS,2026,7140218,Sư phạm Lịch sử,C00,29.8,https://diemthi.tuyensinh247.com/diem-chuan/dai-hoc-su-pham-tphcm-SPS.html,2026-09-29T09:25:09+00:00
tuyensinh247_cutoffs,SPS,2026,7140219,Sư phạm Địa lý,C00,27.44,https://diemthi.tuyensinh247.com/diem-chuan/dai-hoc-su-pham-tphcm-SPS.html,2026-09-29T09:25:09+00:00
tuyensinh247_cutoffs,SPS,2026,7140219,Sư phạm Địa lý,C04,28.19,https://diemthi.tuyensinh247.com/diem-chuan/dai-hoc-su-pham-tphcm-SPS.html,2026-09-29T09:25:09+00:00
tuyensinh247_cutoffs,SPS,2026,7140231,Sư phạm Tiếng Anh,D01,27.79,https://diemthi.tuyensinh247.com/diem-chuan/dai-hoc-su-pham-tphcm-SPS.html,2026-09-29T09:25:09+00:00
tuyensinh247_cutoffs,SPS,2026,7140231,Sư phạm Tiếng Anh,X79,27.29,https://diemthi.tuyensinh247.com/diem-chuan/dai-hoc-su-pham-tphcm-SPS.html,2026-09-29T09:25:09+00:00
tuyensinh247_cutoffs,SPS,2026,7140232,Sư phạm Tiếng Nga,D01,23.26,https://diemthi.tuyensinh247.com/diem-chuan/dai-hoc-su-pham-tphcm-SPS.html,2026-09-29T09:25:09+00:00
tuyensinh247_cutoffs,SPS,2026,7140232,Sư phạm Tiếng Nga,X78,22.51,https://diemthi.tuyensinh247.com/diem-chuan/dai-hoc-su-pham-tphcm-SPS.html,2026-09-29T09:25:09+00:00
tuyensinh247_cutoffs,SPS,2026,7140232,Sư phạm Tiếng Nga,D02,24.01,https://diemthi.tuyensinh247.com/diem-chuan/dai-hoc-su-pham-tphcm-SPS.html,2026-09-29T09:25:09+00:00
tuyensinh247_cutoffs,SPS,2026,7140233,Sư phạm Tiếng Pháp,D01,24.17,https://diemthi.tuyensinh247.com/diem-chuan/dai-hoc-su-pham-tphcm-SPS.html,2026-09-29T09:25:09+00:00
tuyensinh247_cutoffs,SPS,2026,7140234,Sư phạm Tiếng Trung Quốc,D01,26.87,https://diemthi.tuyensinh247.com/diem-chuan/dai-hoc-su-pham-tphcm-SPS.html,2026-09-29T09:25:09+00:00
tuyensinh247_cutoffs,SPS,2026,7140234,Sư phạm Tiếng Trung Quốc,D04,26.37,https://diemthi.tuyensinh247.com/diem-chuan/dai-hoc-su-pham-tphcm-SPS.html,2026-09-29T09:25:09+00:00
tuyensinh247_cutoffs,SPS,2026,7140246,Sư phạm công nghệ,A02,24.58,https://diemthi.tuyensinh247.com/diem-chuan/dai-hoc-su-pham-tphcm-SPS.html,2026-09-29T09:25:09+00:00
tuyensinh247_cutoffs,SPS,2026,7140247,Sư phạm khoa học tự nhiên,A00,28.15,https://diemthi.tuyensinh247.com/diem-chuan/dai-hoc-su-pham-tphcm-SPS.html,2026-09-29T09:25:09+00:00
tuyensinh247_cutoffs,SPS,2026,7140247,Sư phạm khoa học tự nhiên,A02,27.9,https://diemthi.tuyensinh247.com/diem-chuan/dai-hoc-su-pham-tphcm-SPS.html,2026-09-29T09:25:09+00:00
tuyensinh247_cutoffs,SPS,2026,7140249,Sư phạm Lịch sử - Địa lý,C00,25.88,https://diemthi.tuyensinh247.com/diem-chuan/dai-hoc-su-pham-tphcm-SPS.html,2026-09-29T09:25:09+00:00
tuyensinh247_cutoffs,SPS,2026,7140249,Sư phạm Lịch sử - Địa lý,X70;X74,25.63,https://diemthi.tuyensinh247.com/diem-chuan/dai-hoc-su-pham-tphcm-SPS.html,2026-09-29T09:25:09+00:00
tuyensinh247_cutoffs,SPS,2026,7220201,Ngôn ngữ Anh,X79,25,https://diemthi.tuyensinh247.com/diem-chuan/dai-hoc-su-pham-tphcm-SPS.html,2026-09-29T09:25:09+00:00
tuyensinh247_cutoffs,SPS,2026,7220202,Ngôn ngữ Nga,D01,19,https://diemthi.tuyensinh247.com/diem-chuan/dai-hoc-su-pham-tphcm-SPS.html,2026-09-29T09:25:09+00:00
tuyensinh247_cutoffs,SPS,2026,7220202,Ngôn ngữ Nga,D14,18.5,https://diemthi.tuyensinh247.com/diem-chuan/dai-hoc-su-pham-tphcm-SPS.html,2026-09-29T09:25:09+00:00
tuyensinh247_cutoffs,SPS,2026,7220202,Ngôn ngữ Nga,D02,19.75,https://diemthi.tuyensinh247.com/diem-chuan/dai-hoc-su-pham-tphcm-SPS.html,2026-09-29T09:25:09+00:00
tuyensinh247_cutoffs,SPS,2026,7220203,Ngôn ngữ Pháp,D01,18.5,https://diemthi.tuyensinh247.com/diem-chuan/dai-hoc-su-pham-tphcm-SPS.html,2026-09-29T09:25:09+00:00
tuyensinh247_cutoffs,SPS,2026,7220203,Ngôn ngữ Pháp,D03,19.25,https://diemthi.tuyensinh247.com/diem-chuan/dai-hoc-su-pham-tphcm-SPS.html,2026-09-29T09:25:09+00:00
tuyensinh247_cutoffs,SPS,2026,7220204,Ngôn ngữ Trung Quốc,D01,23.5,https://diemthi.tuyensinh247.com/diem-chuan/dai-hoc-su-pham-tphcm-SPS.html,2026-09-29T09:25:09+00:00
tuyensinh247_cutoffs,SPS,2026,7220204,Ngôn ngữ Trung Quốc,D04,23,https://diemthi.tuyensinh247.com/diem-chuan/dai-hoc-su-pham-tphcm-SPS.html,2026-09-29T09:25:09+00:00
tuyensinh247_cutoffs,SPS,2026,7220209,Ngôn ngữ Nhật,D01,19.5,https://diemthi.tuyensinh247.com/diem-chuan/dai-hoc-su-pham-tphcm-SPS.html,2026-09-29T09:25:09+00:00
tuyensinh247_cutoffs,SPS,2026,7220210,Ngôn ngữ Hàn Quốc,D01,22,https://diemthi.tuyensinh247.com/diem-chuan/dai-hoc-su-pham-tphcm-SPS.html,2026-09-29T09:25:09+00:00
tuyensinh247_cutoffs,SPS,2026,7220210,Ngôn ngữ Hàn Quốc,DD2;D14,21.5,https://diemthi.tuyensinh247.com/diem-chuan/dai-hoc-su-pham-tphcm-SPS.html,2026-09-29T09:25:09+00:00
tuyensinh247_cutoffs,SPS,2026,7229030,Văn học,C00;D14,24.68,https://diemthi.tuyensinh247.com/diem-chuan/dai-hoc-su-pham-tphcm-SPS.html,2026-09-29T09:25:09+00:00
tuyensinh247_cutoffs,SPS,2026,7310201,Chính trị học,X01,22.6,https://diemthi.tuyensinh247.com/diem-chuan/dai-hoc-su-pham-tphcm-SPS.html,2026-09-29T09:25:09+00:00
tuyensinh247_cutoffs,SPS,2026,7310201,Chính trị học,X70;X78,22.35,https://diemthi.tuyensinh247.com/diem-chuan/dai-hoc-su-pham-tphcm-SPS.html,2026-09-29T09:25:09+00:00
tuyensinh247_cutoffs,SPS,2026,7310401,Tâm lý học,C04,24.45,https://diemthi.tuyensinh247.com/diem-chuan/dai-hoc-su-pham-tphcm-SPS.html,2026-09-29T09:25:09+00:00
tuyensinh247_cutoffs,SPS,2026,7310401,Tâm lý học,C03;D01,24.2,https://diemthi.tuyensinh247.com/diem-chuan/dai-hoc-su-pham-tphcm-SPS.html,2026-09-29T09:25:09+00:00
tuyensinh247_cutoffs,SPS,2026,7310403,Tâm lý học giáo dục,C00,21.5,https://diemthi.tuyensinh247.com/diem-chuan/dai-hoc-su-pham-tphcm-SPS.html,2026-09-29T09:25:09+00:00
tuyensinh247_cutoffs,SPS,2026,7310403,Tâm lý học giáo dục,C03;D01,22,https://diemthi.tuyensinh247.com/diem-chuan/dai-hoc-su-pham-tphcm-SPS.html,2026-09-29T09:25:09+00:00
tuyensinh247_cutoffs,SPS,2026,7310501,Địa lý học,C00,24.45,https://diemthi.tuyensinh247.com/diem-chuan/dai-hoc-su-pham-tphcm-SPS.html,2026-09-29T09:25:09+00:00
tuyensinh247_cutoffs,SPS,2026,7310501,Địa lý học,D15;X74,24.2,https://diemthi.tuyensinh247.com/diem-chuan/dai-hoc-su-pham-tphcm-SPS.html,2026-09-29T09:25:09+00:00
tuyensinh247_cutoffs,SPS,2026,7310601,Quốc tế học,D14,20.25,https://diemthi.tuyensinh247.com/diem-chuan/dai-hoc-su-pham-tphcm-SPS.html,2026-09-29T09:25:09+00:00
tuyensinh247_cutoffs,SPS,2026,7310630,Việt Nam học,C00;D14,21.07,https://diemthi.tuyensinh247.com/diem-chuan/dai-hoc-su-pham-tphcm-SPS.html,2026-09-29T09:25:09+00:00
tuyensinh247_cutoffs,SPS,2026,7420203,Sinh học ứng dụng,B00;X16,22.61,https://diemthi.tuyensinh247.com/diem-chuan/dai-hoc-su-pham-tphcm-SPS.html,2026-09-29T09:25:09+00:00
tuyensinh247_cutoffs,SPS,2026,7420203,Sinh học ứng dụng,D08;X14,21.86,https://diemthi.tuyensinh247.com/diem-chuan/dai-hoc-su-pham-tphcm-SPS.html,2026-09-29T09:25:09+00:00
tuyensinh247_cutoffs,SPS,2026,7420203,Sinh học ứng dụng,A02,22.11,https://diemthi.tuyensinh247.com/diem-chuan/dai-hoc-su-pham-tphcm-SPS.html,2026-09-29T09:25:09+00:00
tuyensinh247_cutoffs,SPS,2026,7440102,Vật lý học,A00,25.05,https://diemthi.tuyensinh247.com/diem-chuan/dai-hoc-su-pham-tphcm-SPS.html,2026-09-29T09:25:09+00:00
tuyensinh247_cutoffs,SPS,2026,7440102,Vật lý học,A01;X07,24.55,https://diemthi.tuyensinh247.com/diem-chuan/dai-hoc-su-pham-tphcm-SPS.html,2026-09-29T09:25:09+00:00
tuyensinh247_cutoffs,SPS,2026,7440102,Vật lý học,X08,24.3,https://diemthi.tuyensinh247.com/diem-chuan/dai-hoc-su-pham-tphcm-SPS.html,2026-09-29T09:25:09+00:00
tuyensinh247_cutoffs,SPS,2026,7440112,Hoá học,B00,26.14,https://diemthi.tuyensinh247.com/diem-chuan/dai-hoc-su-pham-tphcm-SPS.html,2026-09-29T09:25:09+00:00
tuyensinh247_cutoffs,SPS,2026,7440112,Hoá học,D07;X10,25.64,https://diemthi.tuyensinh247.com/diem-chuan/dai-hoc-su-pham-tphcm-SPS.html,2026-09-29T09:25:09+00:00
tuyensinh247_cutoffs,SPS,2026,7460112,Toán ứng dụng,A00,26.44,https://diemthi.tuyensinh247.com/diem-chuan/dai-hoc-su-pham-tphcm-SPS.html,2026-09-29T09:25:09+00:00
tuyensinh247_cutoffs,SPS,2026,7460112,Toán ứng dụng,X06,26.69,https://diemthi.tuyensinh247.com/diem-chuan/dai-hoc-su-pham-tphcm-SPS.html,2026-09-29T09:25:09+00:00
tuyensinh247_cutoffs,SPS,2026,7480201,Công nghệ thông tin,A01;B08;D07,18,https://diemthi.tuyensinh247.com/diem-chuan/dai-hoc-su-pham-tphcm-SPS.html,2026-09-29T09:25:09+00:00
tuyensinh247_cutoffs,SPS,2026,7760101,Công tác xã hội,C00;D14,22.1,https://diemthi.tuyensinh247.com/diem-chuan/dai-hoc-su-pham-tphcm-SPS.html,2026-09-29T09:25:09+00:00
tuyensinh247_cutoffs,SPS,2026,7760101,Công tác xã hội,X70,21.85,https://diemthi.tuyensinh247.com/diem-chuan/dai-hoc-su-pham-tphcm-SPS.html,2026-09-29T09:25:09+00:00
tuyensinh247_cutoffs,SPS,2026,7760103,Hỗ trợ giáo dục người khuyết tật,C00,23.35,https://diemthi.tuyensinh247.com/diem-chuan/dai-hoc-su-pham-tphcm-SPS.html,2026-09-29T09:25:09+00:00
tuyensinh247_cutoffs,SPS,2026,7760103,Hỗ trợ giáo dục người khuyết tật,X70,23.1,https://diemthi.tuyensinh247.com/diem-chuan/dai-hoc-su-pham-tphcm-SPS.html,2026-09-29T09:25:09+00:00
tuyensinh247_cutoffs,SPS,2026,7810101,Du lịch,C00;D14,21.1,https://diemthi.tuyensinh247.com/diem-chuan/dai-hoc-su-pham-tphcm-SPS.html,2026-09-29T09:25:09+00:00
tuyensinh247_cutoffs,SPS,2026,7810101,Du lịch,D15,20.85,https://diemthi.tuyensinh247.com/diem-chuan/dai-hoc-su-pham-tphcm-SPS.html,2026-09-29T09:25:09+00:00
tuyensinh247_cutoffs,SPS,2026,7140101,Giáo dục học,X01,23.5,https://diemthi.tuyensinh247.com/diem-chuan/dai-hoc-su-pham-tphcm-SPS.html,2026-09-29T09:25:09+00:00
tuyensinh247_cutoffs,SPS,2026,7140114,Quản lý giáo dục,A00;C03;D01,24.73,https://diemthi.tuyensinh247.com/diem-chuan/dai-hoc-su-pham-tphcm-SPS.html,2026-09-29T09:25:09+00:00
tuyensinh247_cutoffs,SPS,2026,7140202SN,Giáo dục Tiểu học dạy bằng song ngữ Việt - Anh,A01,26.38,https://diemthi.tuyensinh247.com/diem-chuan/dai-hoc-su-pham-tphcm-SPS.html,2026-09-29T09:25:09+00:00
tuyensinh247_cutoffs,SPS,2026,7140204,Giáo dục Công dân,X70;X78,24.76,https://diemthi.tuyensinh247.com/diem-chuan/dai-hoc-su-pham-tphcm-SPS.html,2026-09-29T09:25:09+00:00
tuyensinh247_cutoffs,SPS,2026,7140209,Sư phạm Toán học,A00,29.49,https://diemthi.tuyensinh247.com/diem-chuan/dai-hoc-su-pham-tphcm-SPS.html,2026-09-29T09:25:09+00:00
tuyensinh247_cutoffs,SPS,2026,7140210,Sư phạm Tin học,X26,25.8,https://diemthi.tuyensinh247.com/diem-chuan/dai-hoc-su-pham-tphcm-SPS.html,2026-09-29T09:25:09+00:00
tuyensinh247_cutoffs,SPS,2026,7140212,Sư phạm Hoá học,B00,30.08,https://diemthi.tuyensinh247.com/diem-chuan/dai-hoc-su-pham-tphcm-SPS.html,2026-09-29T09:25:09+00:00
tuyensinh247_cutoffs,SPS,2026,7140213,Sư phạm Sinh học,D08,26.91,https://diemthi.tuyensinh247.com/diem-chuan/dai-hoc-su-pham-tphcm-SPS.html,2026-09-29T09:25:09+00:00
tuyensinh247_cutoffs,SPS,2026,7140218,Sư phạm Lịch sử,X70,29.55,https://diemthi.tuyensinh247.com/diem-chuan/dai-hoc-su-pham-tphcm-SPS.html,2026-09-29T09:25:09+00:00
tuyensinh247_cutoffs,SPS,2026,7140219,Sư phạm Địa lý,X74;D15,27.19,https://diemthi.tuyensinh247.com/diem-chuan/dai-hoc-su-pham-tphcm-SPS.html,2026-09-29T09:25:09+00:00
tuyensinh247_cutoffs,SPS,2026,7140232,Sư phạm Tiếng Nga,D14,22.76,https://diemthi.tuyensinh247.com/diem-chuan/dai-hoc-su-pham-tphcm-SPS.html,2026-09-29T09:25:09+00:00
tuyensinh247_cutoffs,SPS,2026,7140233,Sư phạm Tiếng Pháp,D03,24.92,https://diemthi.tuyensinh247.com/diem-chuan/dai-hoc-su-pham-tphcm-SPS.html,2026-09-29T09:25:09+00:00
tuyensinh247_cutoffs,SPS,2026,7140246,Sư phạm công nghệ,A01,24.33,https://diemthi.tuyensinh247.com/diem-chuan/dai-hoc-su-pham-tphcm-SPS.html,2026-09-29T09:25:09+00:00
tuyensinh247_cutoffs,SPS,2026,7140247,Sư phạm khoa học tự nhiên,B00,28.4,https://diemthi.tuyensinh247.com/diem-chuan/dai-hoc-su-pham-tphcm-SPS.html,2026-09-29T09:25:09+00:00
tuyensinh247_cutoffs,SPS,2026,7220201,Ngôn ngữ Anh,D01,25.5,https://diemthi.tuyensinh247.com/diem-chuan/dai-hoc-su-pham-tphcm-SPS.html,2026-09-29T09:25:09+00:00
tuyensinh247_cutoffs,SPS,2026,7220202,Ngôn ngữ Nga,X78,18.25,https://diemthi.tuyensinh247.com/diem-chuan/dai-hoc-su-pham-tphcm-SPS.html,2026-09-29T09:25:09+00:00
tuyensinh247_cutoffs,SPS,2026,7220209,Ngôn ngữ Nhật,D06,19.25,https://diemthi.tuyensinh247.com/diem-chuan/dai-hoc-su-pham-tphcm-SPS.html,2026-09-29T09:25:09+00:00
tuyensinh247_cutoffs,SPS,2026,7229030,Văn học,D01,25.18,https://diemthi.tuyensinh247.com/diem-chuan/dai-hoc-su-pham-tphcm-SPS.html,2026-09-29T09:25:09+00:00
tuyensinh247_cutoffs,SPS,2026,7310401,Tâm lý học,C00,23.7,https://diemthi.tuyensinh247.com/diem-chuan/dai-hoc-su-pham-tphcm-SPS.html,2026-09-29T09:25:09+00:00
tuyensinh247_cutoffs,SPS,2026,7310403,Tâm lý học giáo dục,C04,22.25,https://diemthi.tuyensinh247.com/diem-chuan/dai-hoc-su-pham-tphcm-SPS.html,2026-09-29T09:25:09+00:00
tuyensinh247_cutoffs,SPS,2026,7310501,Địa lý học,C04,25.2,https://diemthi.tuyensinh247.com/diem-chuan/dai-hoc-su-pham-tphcm-SPS.html,2026-09-29T09:25:09+00:00
tuyensinh247_cutoffs,SPS,2026,7310630,Việt Nam học,D01,21.57,https://diemthi.tuyensinh247.com/diem-chuan/dai-hoc-su-pham-tphcm-SPS.html,2026-09-29T09:25:09+00:00
tuyensinh247_cutoffs,SPS,2026,7440112,Hoá học,A00,25.89,https://diemthi.tuyensinh247.com/diem-chuan/dai-hoc-su-pham-tphcm-SPS.html,2026-09-29T09:25:09+00:00
tuyensinh247_cutoffs,SPS,2026,7460112,Toán ứng dụng,A01,25.94,https://diemthi.tuyensinh247.com/diem-chuan/dai-hoc-su-pham-tphcm-SPS.html,2026-09-29T09:25:09+00:00
tuyensinh247_cutoffs,SPS,2026,7480201,Công nghệ thông tin,X26,18.5,https://diemthi.tuyensinh247.com/diem-chuan/dai-hoc-su-pham-tphcm-SPS.html,2026-09-29T09:25:09+00:00
tuyensinh247_cutoffs,SPS,2026,7760103,Hỗ trợ giáo dục người khuyết tật,C03;D01,23.85,https://diemthi.tuyensinh247.com/diem-chuan/dai-hoc-su-pham-tphcm-SPS.html,2026-09-29T09:25:09+00:00
tuyensinh247_cutoffs,SPS,2026,7810101,Du lịch,D01,21.6,https://diemthi.tuyensinh247.com/diem-chuan/dai-hoc-su-pham-tphcm-SPS.html,2026-09-29T09:25:09+00:00
tuyensinh247_cutoffs,DMS,2026,7310101,Kinh tế,C01;C02;C03;C04;X01;D01;A00;A03;A04;X05;A01;A05;A06;X09;D07;A07;X17;D09;X21;D10;X25,21.25,https://diemthi.tuyensinh247.com/diem-chuan/dai-hoc-tai-chinh-marketing-DMS.html,2026-09-29T09:25:15+00:00
tuyensinh247_cutoffs,DMS,2026,7310102,Kinh tế chính trị,C01;C02;C03;C04;X01;D01;A00;A03;A04;X05;A01;A05;A06;X09;D07;A07;X17;D09;X21;D10;X25,18.6,https://diemthi.tuyensinh247.com/diem-chuan/dai-hoc-tai-chinh-marketing-DMS.html,2026-09-29T09:25:15+00:00
tuyensinh247_cutoffs,DMS,2026,7310108,Toán kinh tế,C01;C02;C03;C04;X01;D01;A00;A03;A04;X05;A01;A05;A06;X09;D07;A07;X17;D09;X21;D10;X25,20.45,https://diemthi.tuyensinh247.com/diem-chuan/dai-hoc-tai-chinh-marketing-DMS.html,2026-09-29T09:25:15+00:00
tuyensinh247_cutoffs,DMS,2026,7310110,Quản lý kinh tế,C01;C02;C03;C04;X01;D01;A00;A03;A04;X05;A01;A05;A06;X09;D07;A07;X17;D09;X21;D10;X25,21,https://diemthi.tuyensinh247.com/diem-chuan/dai-hoc-tai-chinh-marketing-DMS.html,2026-09-29T09:25:15+00:00
tuyensinh247_cutoffs,DMS,2026,7340101_TATP,Quản trị kinh doanh - Chương trình Tiếng Anh toàn phần (định hướng quốc tế),C01;C02;C03;C04;X01;D01;A00;A03;A04;X05;A01;A05;A06;X09;D07;A07;X17;D09;X21;D10;X25,24.25,https://diemthi.tuyensinh247.com/diem-chuan/dai-hoc-tai-chinh-marketing-DMS.html,2026-09-29T09:25:15+00:00
tuyensinh247_cutoffs,DMS,2026,7340115_TH,Marketing - Chương trình tích hợp,C01;C02;C03;C04;X01;D01;A00;A03;A04;X05;A01;A05;A06;X09;D07;A07;X17;D09;X21;D10;X25,23.33,https://diemthi.tuyensinh247.com/diem-chuan/dai-hoc-tai-chinh-marketing-DMS.html,2026-09-29T09:25:15+00:00
tuyensinh247_cutoffs,DMS,2026,7340115_ΤΑΤΡ,Marketing - Chương trình Tiếng Anh toàn phần (định hướng quốc tế),C01;C02;C03;C04;X01;D01;A00;A03;A04;X05;A01;A05;A06;X09;D07;A07;X17;D09;X21;D10;X25,23.33,https://diemthi.tuyensinh247.com/diem-chuan/dai-hoc-tai-chinh-marketing-DMS.html,2026-09-29T09:25:15+00:00
tuyensinh247_cutoffs,DMS,2026,7340116,Bất động sản,C01;C02;C03;C04;X01;D01;A00;A03;A04;X05;A01;A05;A06;X09;D07;A07;X17;D09;X21;D10;X25,22,https://diemthi.tuyensinh247.com/diem-chuan/dai-hoc-tai-chinh-marketing-DMS.html,2026-09-29T09:25:15+00:00
tuyensinh247_cutoffs,DMS,2026,7340120_TH,Kinh doanh quốc tế - Chương trình tích hợp,C01;C02;C03;C04;X01;D01;A00;A03;A04;X05;A01;A05;A06;X09;D07;A07;X17;D09;X21;D10;X25,23.09,https://diemthi.tuyensinh247.com/diem-chuan/dai-hoc-tai-chinh-marketing-DMS.html,2026-09-29T09:25:15+00:00
tuyensinh247_cutoffs,DMS,2026,7340120_ΤΑТР,Kinh doanh quốc tế - Chương trình Tiếng Anh toàn phần (định hướng quốc tế),C01;C02;C03;C04;X01;D01;A00;A03;A04;X05;A01;A05;A06;X09;D07;A07;X17;D09;X21;D10;X25,26,https://diemthi.tuyensinh247.com/diem-chuan/dai-hoc-tai-chinh-marketing-DMS.html,2026-09-29T09:25:15+00:00
tuyensinh247_cutoffs,DMS,2026,7340201_TATP,Tài chính -Ngân hàng - Chương trình Tiếng Anh toàn phần (định hướng quốc tế),C01;C02;C03;C04;X01;D01;A00;A03;A04;X05;A01;A05;A06;X09;D07;A07;X17;D09;X21;D10;X25,22.25,https://diemthi.tuyensinh247.com/diem-chuan/dai-hoc-tai-chinh-marketing-DMS.html,2026-09-29T09:25:15+00:00
tuyensinh247_cutoffs,DMS,2026,7340205_ΤΗ,Công nghệ tài chính - Chương trình tích hợp,C01;C02;C03;C04;X01;D01;A00;A03;A04;X05;A01;A05;A06;X09;D07;A07;X17;D09;X21;D10;X25,20,https://diemthi.tuyensinh247.com/diem-chuan/dai-hoc-tai-chinh-marketing-DMS.html,2026-09-29T09:25:15+00:00
tuyensinh247_cutoffs,DMS,2026,7340302_TH,Kiểm toán - Chương trình tích hợp,C01;C02;C03;C04;X01;D01;A00;A03;A04;X05;A01;A05;A06;X09;D07;A07;X17;D09;X21;D10;X25,20.85,https://diemthi.tuyensinh247.com/diem-chuan/dai-hoc-tai-chinh-marketing-DMS.html,2026-09-29T09:25:15+00:00
tuyensinh247_cutoffs,DMS,2026,7340405,Hệ thống thông tin quản lý,C01;C02;C03;C04;X01;D01;A00;A03;A04;X05;A01;A05;A06;X09;D07;A07;X17;D09;X21;D10;X25,25.41,https://diemthi.tuyensinh247.com/diem-chuan/dai-hoc-tai-chinh-marketing-DMS.html,2026-09-29T09:25:15+00:00
tuyensinh247_cutoffs,DMS,2026,7460108,Khoa học dữ liệu,C01;C02;C03;C04;X01;D01;A00;A03;A04;X05;A01;A05;A06;X09;D07;A07;X17;D09;X21;D10;X25,23.23,https://diemthi.tuyensinh247.com/diem-chuan/dai-hoc-tai-chinh-marketing-DMS.html,2026-09-29T09:25:15+00:00
tuyensinh247_cutoffs,DMS,2026,7480107,Trí tuệ nhân tạo,C01;C02;C03;C04;X01;D01;A00;A03;A04;X05;A01;A05;A06;X09;D07;A07;X17;D09;X21;D10;X25,16.5,https://diemthi.tuyensinh247.com/diem-chuan/dai-hoc-tai-chinh-marketing-DMS.html,2026-09-29T09:25:15+00:00
tuyensinh247_cutoffs,DMS,2026,7220201,Ngôn ngữ Anh,C01;C02;C03;C04;X01;D01;A00;A03;A04;X05;A01;A05;A06;X09;D07;A07;X17;D09;X21;D10;X25,22.6,https://diemthi.tuyensinh247.com/diem-chuan/dai-hoc-tai-chinh-marketing-DMS.html,2026-09-29T09:25:15+00:00
tuyensinh247_cutoffs,DMS,2026,7340101_TH,Quản trị kinh doanh - Chương trình tích hợp,C01;C02;C03;C04;X01;D01;A00;A03;A04;X05;A01;A05;A06;X09;D07;A07;X17;D09;X21;D10;X25,21.6,https://diemthi.tuyensinh247.com/diem-chuan/dai-hoc-tai-chinh-marketing-DMS.html,2026-09-29T09:25:15+00:00
tuyensinh247_cutoffs,DMS,2026,7340201 ΤΗ,Tài chính -Ngân hàng - Chương trình tích hợp,C01;C02;C03;C04;X01;D01;A00;A03;A04;X05;A01;A05;A06;X09;D07;A07;X17;D09;X21;D10;X25,20.6,https://diemthi.tuyensinh247.com/diem-chuan/dai-hoc-tai-chinh-marketing-DMS.html,2026-09-29T09:25:15+00:00
tuyensinh247_cutoffs,DMS,2026,7340301_TH,Kế toán - Chương trình tích hợp,C01;C02;C03;C04;X01;D01;A00;A03;A04;X05;A01;A05;A06;X09;D07;A07;X17;D09;X21;D10;X25,22.75,https://diemthi.tuyensinh247.com/diem-chuan/dai-hoc-tai-chinh-marketing-DMS.html,2026-09-29T09:25:15+00:00
tuyensinh247_cutoffs,DMS,2026,7380107,Luật kinh tế,C01;C02;C03;C04;X01;D01;A00;A03;A04;X05;A01;A05;A06;X09;D07;A07;X17;D09;X21;D10;X25,23.47,https://diemthi.tuyensinh247.com/diem-chuan/dai-hoc-tai-chinh-marketing-DMS.html,2026-09-29T09:25:15+00:00
tuyensinh247_cutoffs,LPS,2026,7220201,Ngôn ngữ Anh (chuyên ngành tiếng Anh pháp lý),D01;D14;X78;D15;D09;X25;D10,19.5,https://diemthi.tuyensinh247.com/diem-chuan/dai-hoc-luat-tphcm-LPS.html,2026-09-29T09:25:16+00:00
tuyensinh247_cutoffs,LPS,2026,7310109,Kinh tế số,A01;D07;D01;X25;X26;A00,16.25,https://diemthi.tuyensinh247.com/diem-chuan/dai-hoc-luat-tphcm-LPS.html,2026-09-29T09:25:16+00:00
tuyensinh247_cutoffs,LPS,2026,7340101,Quản trị kinh doanh,A01;D07;D01;X25;X26;A00,17,https://diemthi.tuyensinh247.com/diem-chuan/dai-hoc-luat-tphcm-LPS.html,2026-09-29T09:25:16+00:00
tuyensinh247_cutoffs,LPS,2026,7340102,Quản trị - Luật,A01;D07;D01;X25;X26;D11;D12;X78;X79;A00,20,https://diemthi.tuyensinh247.com/diem-chuan/dai-hoc-luat-tphcm-LPS.html,2026-09-29T09:25:16+00:00
tuyensinh247_cutoffs,LPS,2026,7340120,Kinh doanh quốc tế,A01;D07;D01;X25;X26;A00,19.75,https://diemthi.tuyensinh247.com/diem-chuan/dai-hoc-luat-tphcm-LPS.html,2026-09-29T09:25:16+00:00
tuyensinh247_cutoffs,LPS,2026,7340122,Thương mại điện tử,A01;D07;D01;X25;X26;A00,18.5,https://diemthi.tuyensinh247.com/diem-chuan/dai-hoc-luat-tphcm-LPS.html,2026-09-29T09:25:16+00:00
tuyensinh247_cutoffs,LPS,2026,7340201,Tài chính - Ngân hàng,A01;D07;D01;X25;X26;A00,18.25,https://diemthi.tuyensinh247.com/diem-chuan/dai-hoc-luat-tphcm-LPS.html,2026-09-29T09:25:16+00:00
tuyensinh247_cutoffs,LPS,2026,7380101,Luật,D01;D03;D04;D06;X78;X86;X90;X98;D11;D53;D54;D55;D12;D48;D49;D50;D14;D63;D64;D65;D15;D43;D44;D45;X25;X33;X37;X45;A01;D28;D29;D30;D07;D23;D24;D25;D09;D38;D39;D40;D10;D18;D19;D20,20,https://diemthi.tuyensinh247.com/diem-chuan/dai-hoc-luat-tphcm-LPS.html,2026-09-29T09:25:16+00:00
tuyensinh247_cutoffs,LPS,2026,7380101,Luật,C00,20.5,https://diemthi.tuyensinh247.com/diem-chuan/dai-hoc-luat-tphcm-LPS.html,2026-09-29T09:25:16+00:00
tuyensinh247_cutoffs,LPS,2026,7380101_QT,Luật - Phân hiệu tại tỉnh Quảng Trị,C00,20.5,https://diemthi.tuyensinh247.com/diem-chuan/dai-hoc-luat-tphcm-LPS.html,2026-09-29T09:25:16+00:00
tuyensinh247_cutoffs,LPS,2026,7380109,Luật thương mại quốc tế,D11;D01;X78;D12;A01;X25;D07,21.25,https://diemthi.tuyensinh247.com/diem-chuan/dai-hoc-luat-tphcm-LPS.html,2026-09-29T09:25:16+00:00
tuyensinh247_cutoffs,LPS,2026,7220204,Ngôn ngữ Trung Quốc,D01;D04;D14;D65;X78;X90;D15;D45;D09;D40;X25;X37;D10;D20,20.3,https://diemthi.tuyensinh247.com/diem-chuan/dai-hoc-luat-tphcm-LPS.html,2026-09-29T09:25:16+00:00
tuyensinh247_cutoffs,LPS,2026,7340205,Công nghệ tài chính,A01;D07;D01;X25;X26;A00,16,https://diemthi.tuyensinh247.com/diem-chuan/dai-hoc-luat-tphcm-LPS.html,2026-09-29T09:25:16+00:00
tuyensinh247_cutoffs,LPS,2026,7380101_QT,Luật - Phân hiệu tại tỉnh Quảng Trị,D01;D03;D04;D06;X78;X86;X90;X98;D11;D53;D54;D55;D12;D48;D49;D50;D14;D63;D64;D65;D15;D43;D44;D45;X25;X33;X37;X45;A01;D28;D29;D30;D07;D23;D24;D25;D09;D38;D39;D40;D10;D18;D19;D20,20,https://diemthi.tuyensinh247.com/diem-chuan/dai-hoc-luat-tphcm-LPS.html,2026-09-29T09:25:16+00:00
tuyensinh247_cutoffs,NLS,2026,7140201,Giáo dục mầm non (Đại học),M00,20,https://diemthi.tuyensinh247.com/diem-chuan/dai-hoc-nong-lam-tphcm-NLS.html,2026-09-29T09:25:18+00:00
tuyensinh247_cutoffs,NLS,2026,7140215,Sư phạm Kỹ thuật nông nghiệp,A01;B00;D08;X12;X16;X28,24,https://diemthi.tuyensinh247.com/diem-chuan/dai-hoc-nong-lam-tphcm-NLS.html,2026-09-29T09:25:18+00:00
tuyensinh247_cutoffs,NLS,2026,7220201N,Ngôn ngữ Anh (Phân hiệu Ninh Thuận),A01;C00;C03;C04;D01;D14;D15;X03;X04;X70;X74,16,https://diemthi.tuyensinh247.com/diem-chuan/dai-hoc-nong-lam-tphcm-NLS.html,2026-09-29T09:25:18+00:00
tuyensinh247_cutoffs,NLS,2026,7310101,Kinh tế,A00;A01;D01;X01;X02;X25,22,https://diemthi.tuyensinh247.com/diem-chuan/dai-hoc-nong-lam-tphcm-NLS.html,2026-09-29T09:25:18+00:00
tuyensinh247_cutoffs,NLS,2026,7310101C,"Kinh tế (Chương trình nâng cao, chuyên ngành Kinh tế Nông nghiệp)",A00;A01;D01;X01;X02;X25,22,https://diemthi.tuyensinh247.com/diem-chuan/dai-hoc-nong-lam-tphcm-NLS.html,2026-09-29T09:25:18+00:00
tuyensinh247_cutoffs,NLS,2026,7340101C,Quản trị kinh doanh (Chương trình nâng cao),A00;A01;D01;X01;X02;X25,21.3,https://diemthi.tuyensinh247.com/diem-chuan/dai-hoc-nong-lam-tphcm-NLS.html,2026-09-29T09:25:18+00:00
tuyensinh247_cutoffs,NLS,2026,7340101N,Quản trị kinh doanh (Phân hiệu Ninh Thuận),A00;A01;D01;X01;X02;X25,16,https://diemthi.tuyensinh247.com/diem-chuan/dai-hoc-nong-lam-tphcm-NLS.html,2026-09-29T09:25:18+00:00
tuyensinh247_cutoffs,NLS,2026,7340301,Kế toán,A00;A01;D01;X01;X02;X25,23.5,https://diemthi.tuyensinh247.com/diem-chuan/dai-hoc-nong-lam-tphcm-NLS.html,2026-09-29T09:25:18+00:00
tuyensinh247_cutoffs,NLS,2026,7340301N,Kế toán (Phân hiệu Ninh Thuận),A00;A01;D01;X01;X02;X25,16,https://diemthi.tuyensinh247.com/diem-chuan/dai-hoc-nong-lam-tphcm-NLS.html,2026-09-29T09:25:18+00:00
tuyensinh247_cutoffs,NLS,2026,7420201C,Công nghệ sinh học (Chương trình nâng cao),A02;B00;B03;D08;X14,23.5,https://diemthi.tuyensinh247.com/diem-chuan/dai-hoc-nong-lam-tphcm-NLS.html,2026-09-29T09:25:18+00:00
tuyensinh247_cutoffs,NLS,2026,7440301,Khoa học môi trường,A00;A01;A02;B00;D07;D08,21.55,https://diemthi.tuyensinh247.com/diem-chuan/dai-hoc-nong-lam-tphcm-NLS.html,2026-09-29T09:25:18+00:00
tuyensinh247_cutoffs,NLS,2026,7480104,Hệ thống thông tin,A00;A01;A04;D01;D07;X26,21.5,https://diemthi.tuyensinh247.com/diem-chuan/dai-hoc-nong-lam-tphcm-NLS.html,2026-09-29T09:25:18+00:00
tuyensinh247_cutoffs,NLS,2026,7480201C,Công nghệ thông tin (Chương trình nâng cao),A00;A01;D07;X06;X07;X10,20.5,https://diemthi.tuyensinh247.com/diem-chuan/dai-hoc-nong-lam-tphcm-NLS.html,2026-09-29T09:25:18+00:00
tuyensinh247_cutoffs,NLS,2026,7480201N,Công nghệ thông tin (Phân hiệu Ninh Thuận),A00;A01;D07;X06;X07;X10,16,https://diemthi.tuyensinh247.com/diem-chuan/dai-hoc-nong-lam-tphcm-NLS.html,2026-09-29T09:25:18+00:00
tuyensinh247_cutoffs,NLS,2026,7510201C,Công nghệ kỹ thuật cơ khí (Chương trình nâng cao),A00;A01;A02;C01;X06;X07,23.65,https://diemthi.tuyensinh247.com/diem-chuan/dai-hoc-nong-lam-tphcm-NLS.html,2026-09-29T09:25:18+00:00
tuyensinh247_cutoffs,NLS,2026,7510203,Công nghệ kỹ thuật cơ điện tử,A00;A01;A02;C01;X06;X07,24.15,https://diemthi.tuyensinh247.com/diem-chuan/dai-hoc-nong-lam-tphcm-NLS.html,2026-09-29T09:25:18+00:00
tuyensinh247_cutoffs,NLS,2026,7510205,Công nghệ kỹ thuật ô tô,A00;A01;A02;C01;X06;X07,22.8,https://diemthi.tuyensinh247.com/diem-chuan/dai-hoc-nong-lam-tphcm-NLS.html,2026-09-29T09:25:18+00:00
tuyensinh247_cutoffs,NLS,2026,7510206,Công nghệ kỹ thuật nhiệt,A00;A01;A02;C01;X06;X07,23.6,https://diemthi.tuyensinh247.com/diem-chuan/dai-hoc-nong-lam-tphcm-NLS.html,2026-09-29T09:25:18+00:00
tuyensinh247_cutoffs,NLS,2026,7510401,Công nghệ kỹ thuật hoá học,A00;A01;A02;B00;D08;D07,24.3,https://diemthi.tuyensinh247.com/diem-chuan/dai-hoc-nong-lam-tphcm-NLS.html,2026-09-29T09:25:18+00:00
tuyensinh247_cutoffs,NLS,2026,7510401C,Công nghệ kỹ thuật hóa học (Chương trình nâng cao),A00;A01;A02;B00;D08;D07,24.3,https://diemthi.tuyensinh247.com/diem-chuan/dai-hoc-nong-lam-tphcm-NLS.html,2026-09-29T09:25:18+00:00
tuyensinh247_cutoffs,NLS,2026,7519007N,Công nghệ kỹ thuật năng lượng tái tạo (Phân hiệu Ninh Thuận),A00;A01;A02;C01;X06;X07,16,https://diemthi.tuyensinh247.com/diem-chuan/dai-hoc-nong-lam-tphcm-NLS.html,2026-09-29T09:25:18+00:00
tuyensinh247_cutoffs,NLS,2026,7520216,Kỹ thuật điều khiển và tự động hoá,A00;A01;A02;C01;X06;X07,24.85,https://diemthi.tuyensinh247.com/diem-chuan/dai-hoc-nong-lam-tphcm-NLS.html,2026-09-29T09:25:18+00:00
tuyensinh247_cutoffs,NLS,2026,7540101,Công nghệ thực phẩm,A00;A01;A02;B00;D07;D08,23.7,https://diemthi.tuyensinh247.com/diem-chuan/dai-hoc-nong-lam-tphcm-NLS.html,2026-09-29T09:25:18+00:00
tuyensinh247_cutoffs,NLS,2026,7540101C,Công nghệ thực phẩm (Chương trình nâng cao),A00;A01;A02;B00;D07;D08,23.7,https://diemthi.tuyensinh247.com/diem-chuan/dai-hoc-nong-lam-tphcm-NLS.html,2026-09-29T09:25:18+00:00
tuyensinh247_cutoffs,NLS,2026,7540105,Công nghệ chế biến thủy sản,A00;A01;B00;D01;B03;X04,20.9,https://diemthi.tuyensinh247.com/diem-chuan/dai-hoc-nong-lam-tphcm-NLS.html,2026-09-29T09:25:18+00:00
tuyensinh247_cutoffs,NLS,2026,7540106,Đảm bảo chất lượng và An toàn thực phẩm,A00;A01;A02;B00;D07;D08,22.75,https://diemthi.tuyensinh247.com/diem-chuan/dai-hoc-nong-lam-tphcm-NLS.html,2026-09-29T09:25:18+00:00
tuyensinh247_cutoffs,NLS,2026,7549001,Công nghệ chế biến lâm sản,A00;A01;B00;C04;D01;X04,19.2,https://diemthi.tuyensinh247.com/diem-chuan/dai-hoc-nong-lam-tphcm-NLS.html,2026-09-29T09:25:18+00:00
tuyensinh247_cutoffs,NLS,2026,7620105C,Chăn nuôi (Chương trình nâng cao),A00;B00;B03;C02;D07;D08,20.8,https://diemthi.tuyensinh247.com/diem-chuan/dai-hoc-nong-lam-tphcm-NLS.html,2026-09-29T09:25:18+00:00
tuyensinh247_cutoffs,NLS,2026,7620109,Nông học,A00;B00;B03;A02;D07;D08,20.5,https://diemthi.tuyensinh247.com/diem-chuan/dai-hoc-nong-lam-tphcm-NLS.html,2026-09-29T09:25:18+00:00
tuyensinh247_cutoffs,NLS,2026,7620114,Kinh doanh nông nghiệp,A00;A01;D01;X01;X02;X25,21.6,https://diemthi.tuyensinh247.com/diem-chuan/dai-hoc-nong-lam-tphcm-NLS.html,2026-09-29T09:25:18+00:00
tuyensinh247_cutoffs,NLS,2026,7620116,Phát triển nông thôn,A00;A01;D01;X01;X02;X25,20,https://diemthi.tuyensinh247.com/diem-chuan/dai-hoc-nong-lam-tphcm-NLS.html,2026-09-29T09:25:18+00:00
tuyensinh247_cutoffs,NLS,2026,7620201,Lâm học,A00;B00;C04;X01;D01;D05,19.7,https://diemthi.tuyensinh247.com/diem-chuan/dai-hoc-nong-lam-tphcm-NLS.html,2026-09-29T09:25:18+00:00
tuyensinh247_cutoffs,NLS,2026,7620211,Quản lý tài nguyên rừng,A00;B00;C04;X01;D01;D05,19.7,https://diemthi.tuyensinh247.com/diem-chuan/dai-hoc-nong-lam-tphcm-NLS.html,2026-09-29T09:25:18+00:00
tuyensinh247_cutoffs,NLS,2026,7620301,Nuôi trồng thủy sản,B00;D07;D08;D01;B03;X04,20,https://diemthi.tuyensinh247.com/diem-chuan/dai-hoc-nong-lam-tphcm-NLS.html,2026-09-29T09:25:18+00:00
tuyensinh247_cutoffs,NLS,2026,7640101N,Thú y (Phân hiệu Ninh Thuận),A00;B00;B03;C02;D07;D08,18,https://diemthi.tuyensinh247.com/diem-chuan/dai-hoc-nong-lam-tphcm-NLS.html,2026-09-29T09:25:18+00:00
tuyensinh247_cutoffs,NLS,2026,7640101T,Thú y (Chương trình tiên tiến),A00;B00;B03;C02;D07;D08,24.6,https://diemthi.tuyensinh247.com/diem-chuan/dai-hoc-nong-lam-tphcm-NLS.html,2026-09-29T09:25:18+00:00
tuyensinh247_cutoffs,NLS,2026,7850101,Quản lý tài nguyên và môi trường,A00;A01;B00;D01;D07;D08,21.5,https://diemthi.tuyensinh247.com/diem-chuan/dai-hoc-nong-lam-tphcm-NLS.html,2026-09-29T09:25:18+00:00
tuyensinh247_cutoffs,NLS,2026,7850103,Quản lý đất đai,A00;A01;C01;C04;D01;X01,21.2,https://diemthi.tuyensinh247.com/diem-chuan/dai-hoc-nong-lam-tphcm-NLS.html,2026-09-29T09:25:18+00:00
tuyensinh247_cutoffs,NLS,2026,7850103C,Quản lý đất đai (Chương trình nâng cao),A00;A01;C01;C04;D01;X01,21.2,https://diemthi.tuyensinh247.com/diem-chuan/dai-hoc-nong-lam-tphcm-NLS.html,2026-09-29T09:25:18+00:00
tuyensinh247_cutoffs,NLS,2026,7859002,Tài nguyên và Du lịch sinh thái,A00;B00;B02;D01;D07;D08,20.5,https://diemthi.tuyensinh247.com/diem-chuan/dai-hoc-nong-lam-tphcm-NLS.html,2026-09-29T09:25:18+00:00
tuyensinh247_cutoffs,NLS,2026,7859007,Cảnh quan và kỹ thuật hoa viên,A00;B00;B02;D01;D07;D08,19,https://diemthi.tuyensinh247.com/diem-chuan/dai-hoc-nong-lam-tphcm-NLS.html,2026-09-29T09:25:18+00:00
tuyensinh247_cutoffs,NLS,2026,51140201,Giáo dục mầm non (Cao đẳng),M00,19.75,https://diemthi.tuyensinh247.com/diem-chuan/dai-hoc-nong-lam-tphcm-NLS.html,2026-09-29T09:25:18+00:00
tuyensinh247_cutoffs,NLS,2026,7220201,Ngôn ngữ Anh,A01;C00;C03;C04;D01;D14;D15;X03;X04;X70;X74,23.1,https://diemthi.tuyensinh247.com/diem-chuan/dai-hoc-nong-lam-tphcm-NLS.html,2026-09-29T09:25:18+00:00
tuyensinh247_cutoffs,NLS,2026,7340101,Quản trị kinh doanh,A00;A01;D01;X01;X02;X25,21.3,https://diemthi.tuyensinh247.com/diem-chuan/dai-hoc-nong-lam-tphcm-NLS.html,2026-09-29T09:25:18+00:00
tuyensinh247_cutoffs,NLS,2026,7340116,Bất động sản,A00;A01;C01;C04;D01;X01,19.5,https://diemthi.tuyensinh247.com/diem-chuan/dai-hoc-nong-lam-tphcm-NLS.html,2026-09-29T09:25:18+00:00
tuyensinh247_cutoffs,NLS,2026,7420201,Công nghệ sinh học,A02;B00;B03;D08;X14,23.5,https://diemthi.tuyensinh247.com/diem-chuan/dai-hoc-nong-lam-tphcm-NLS.html,2026-09-29T09:25:18+00:00
tuyensinh247_cutoffs,NLS,2026,7480201,Công nghệ thông tin,A00;A01;D07;X06;X07;X10,20.5,https://diemthi.tuyensinh247.com/diem-chuan/dai-hoc-nong-lam-tphcm-NLS.html,2026-09-29T09:25:18+00:00
tuyensinh247_cutoffs,NLS,2026,7510201,Công nghệ kỹ thuật cơ khí,A00;A01;A02;C01;X06;X07,23.65,https://diemthi.tuyensinh247.com/diem-chuan/dai-hoc-nong-lam-tphcm-NLS.html,2026-09-29T09:25:18+00:00
tuyensinh247_cutoffs,NLS,2026,7519007,Công nghệ kỹ thuật năng lượng tái tạo,A00;A01;A02;C01;X06;X07,22.5,https://diemthi.tuyensinh247.com/diem-chuan/dai-hoc-nong-lam-tphcm-NLS.html,2026-09-29T09:25:18+00:00
tuyensinh247_cutoffs,NLS,2026,7520320,Kỹ thuật môi trường,A00;A01;B00;D08;D07;X28,21.75,https://diemthi.tuyensinh247.com/diem-chuan/dai-hoc-nong-lam-tphcm-NLS.html,2026-09-29T09:25:18+00:00
tuyensinh247_cutoffs,NLS,2026,7540101T,Công nghệ thực phẩm (Chương trình tiên tiến),A00;A01;A02;B00;D07;D08,23.7,https://diemthi.tuyensinh247.com/diem-chuan/dai-hoc-nong-lam-tphcm-NLS.html,2026-09-29T09:25:18+00:00
tuyensinh247_cutoffs,NLS,2026,7620105,Chăn nuôi,A00;B00;B03;C02;D07;D08,20.8,https://diemthi.tuyensinh247.com/diem-chuan/dai-hoc-nong-lam-tphcm-NLS.html,2026-09-29T09:25:18+00:00
tuyensinh247_cutoffs,NLS,2026,7620112,Bảo vệ thực vật,A00;B00;B03;A02;D07;D08,21.2,https://diemthi.tuyensinh247.com/diem-chuan/dai-hoc-nong-lam-tphcm-NLS.html,2026-09-29T09:25:18+00:00
tuyensinh247_cutoffs,NLS,2026,7620202,Lâm nghiệp đô thị,A00;B00;C04;X01;D01;D05,19,https://diemthi.tuyensinh247.com/diem-chuan/dai-hoc-nong-lam-tphcm-NLS.html,2026-09-29T09:25:18+00:00
tuyensinh247_cutoffs,NLS,2026,7640101,Thú y,A00;B00;B03;C02;D07;D08,24.6,https://diemthi.tuyensinh247.com/diem-chuan/dai-hoc-nong-lam-tphcm-NLS.html,2026-09-29T09:25:18+00:00
tuyensinh247_cutoffs,NLS,2026,7859002N,Tài nguyên và Du lịch sinh thái (Phân hiệu Ninh Thuận),A00;B00;B02;D01;D07;D08,20.5,https://diemthi.tuyensinh247.com/diem-chuan/dai-hoc-nong-lam-tphcm-NLS.html,2026-09-29T09:25:18+00:00
tuyensinh247_cutoffs,MBS,2026,7140103,Công nghệ giáo dục,D01;A01;D07;D08;D09;D10;X25;X26;X27;X28;D11;D12;D13;D14;D15;X78;X79;X80;X81,20.5,https://diemthi.tuyensinh247.com/diem-chuan/dai-hoc-mo-tphcm-MBS.html,2026-09-29T09:25:20+00:00
tuyensinh247_cutoffs,MBS,2026,7220201C,Ngôn ngữ Anh Chương trình Tiên tiến,D01;A01;D07;D08;D09;D10;X25;X26;D11;D12;D13;D14;D15;X78;X79,22.15,https://diemthi.tuyensinh247.com/diem-chuan/dai-hoc-mo-tphcm-MBS.html,2026-09-29T09:25:20+00:00
tuyensinh247_cutoffs,MBS,2026,7220201D,Ngôn ngữ Anh - Phân hiệu Đồng Nai,D01;A01;D07;D08;D09;D10;X25;X26;D11;D12;D13;D14;D15;X78;X79,21.5,https://diemthi.tuyensinh247.com/diem-chuan/dai-hoc-mo-tphcm-MBS.html,2026-09-29T09:25:20+00:00
tuyensinh247_cutoffs,MBS,2026,7220204,Ngôn ngữ Trung Quốc,D01;D04;D11;D55;D12;D13;D60;D14;D15;D65;D45;X78;X90;X79;X91,24.3,https://diemthi.tuyensinh247.com/diem-chuan/dai-hoc-mo-tphcm-MBS.html,2026-09-29T09:25:20+00:00
tuyensinh247_cutoffs,MBS,2026,7220204C,Ngôn ngữ Trung Quốc Chương trình Tiên tiến,D01;D04;D11;D55;D12;D13;D60;D14;D15;D65;D45;X78;X90;X79;X91,21.5,https://diemthi.tuyensinh247.com/diem-chuan/dai-hoc-mo-tphcm-MBS.html,2026-09-29T09:25:20+00:00
tuyensinh247_cutoffs,MBS,2026,7220209C,Ngôn ngữ Nhật Chương trình Tiên tiến,D01;D06;D53;D11;D48;D12;D13;D14;D58;D63;D15;X78;X79;D43;X98;X99,20,https://diemthi.tuyensinh247.com/diem-chuan/dai-hoc-mo-tphcm-MBS.html,2026-09-29T09:25:20+00:00
tuyensinh247_cutoffs,MBS,2026,7220210,Ngôn ngữ Hàn Quốc,D01;DD2;D11;D12;D13;D14;DH5;D15;DH1;X78;X79;DH2;DH3;DH4;Y04;Y03,21.65,https://diemthi.tuyensinh247.com/diem-chuan/dai-hoc-mo-tphcm-MBS.html,2026-09-29T09:25:20+00:00
tuyensinh247_cutoffs,MBS,2026,7310101C,Kinh tế Chương trình Tiên tiến,A01;D07;D01;X26;D09;D10;X27;A00;X06;X10;X02,17,https://diemthi.tuyensinh247.com/diem-chuan/dai-hoc-mo-tphcm-MBS.html,2026-09-29T09:25:20+00:00
tuyensinh247_cutoffs,MBS,2026,7310104,Kinh tế đầu tư,A00;A01;X06;D07;D01;D10;X10;X26;X11;X07,20.1,https://diemthi.tuyensinh247.com/diem-chuan/dai-hoc-mo-tphcm-MBS.html,2026-09-29T09:25:20+00:00
tuyensinh247_cutoffs,MBS,2026,7310401,Tâm lý học,D01;C00;D14;D15;X01;X78;X70;X74;D02;D03;D04;D05;D06;D61;D62;D63;D64;D65;D41;D42;D43;D44;D45;X82;X86;X90;X94;X98;Y03,23.9,https://diemthi.tuyensinh247.com/diem-chuan/dai-hoc-mo-tphcm-MBS.html,2026-09-29T09:25:20+00:00
tuyensinh247_cutoffs,MBS,2026,7310620,Đông Nam Á học,D01;C00;D14;D15;X01;X78;X70;X74;D02;D03;D04;D05;D06;D61;D62;D63;D64;D65;D41;D42;D43;D44;D45;X82;X86;X90;X94;X98;Y03,20.5,https://diemthi.tuyensinh247.com/diem-chuan/dai-hoc-mo-tphcm-MBS.html,2026-09-29T09:25:20+00:00
tuyensinh247_cutoffs,MBS,2026,7320104,Truyền thông đa phương tiện,D01;C03;C04;C02;B03;C01;X02;X01;X03;X04,26.2,https://diemthi.tuyensinh247.com/diem-chuan/dai-hoc-mo-tphcm-MBS.html,2026-09-29T09:25:20+00:00
tuyensinh247_cutoffs,MBS,2026,7340101,Quản trị kinh doanh,A00;A01;X06;D07;X10;D08;X26;C01;C02;B03;D01;X02,23,https://diemthi.tuyensinh247.com/diem-chuan/dai-hoc-mo-tphcm-MBS.html,2026-09-29T09:25:20+00:00
tuyensinh247_cutoffs,MBS,2026,7340101C,Quản trị kinh doanh Chương trình Tiên tiến,A01;D07;D08;D09;D01;X27;X25;X26;X79;A00;X06;X10;X02,18.5,https://diemthi.tuyensinh247.com/diem-chuan/dai-hoc-mo-tphcm-MBS.html,2026-09-29T09:25:20+00:00
tuyensinh247_cutoffs,MBS,2026,7340101D,Quản trị kinh doanh - Phân hiệu Đồng Nai,A00;A01;D01;D07;X06;X10;X02;X26;B08;D08;C01;C02;K01,19.05,https://diemthi.tuyensinh247.com/diem-chuan/dai-hoc-mo-tphcm-MBS.html,2026-09-29T09:25:20+00:00
tuyensinh247_cutoffs,MBS,2026,7340101SQ,Quản trị kinh doanh – CTLK ĐH Southern Queensland,A01;D01;D07;D09;D08;X27;X26;D10;X25,15.75,https://diemthi.tuyensinh247.com/diem-chuan/dai-hoc-mo-tphcm-MBS.html,2026-09-29T09:25:20+00:00
tuyensinh247_cutoffs,MBS,2026,7340101SW,Quản trị kinh doanh - CTLK ĐH South Wales,A01;D01;D07;D09;D08;X27;X26;D10;X25,15.75,https://diemthi.tuyensinh247.com/diem-chuan/dai-hoc-mo-tphcm-MBS.html,2026-09-29T09:25:20+00:00
tuyensinh247_cutoffs,MBS,2026,7340115C,Marketing Chương trình Tiên tiến,A01;D07;D08;D09;D01;X27;X25;X26;X79;A00;X06;X10;X02,21.5,https://diemthi.tuyensinh247.com/diem-chuan/dai-hoc-mo-tphcm-MBS.html,2026-09-29T09:25:20+00:00
tuyensinh247_cutoffs,MBS,2026,7340120,Kinh doanh quốc tế,A00;A01;X06;D07;X10;D08;X26;C01;C02;B03;D01;X02,24.55,https://diemthi.tuyensinh247.com/diem-chuan/dai-hoc-mo-tphcm-MBS.html,2026-09-29T09:25:20+00:00
tuyensinh247_cutoffs,MBS,2026,7340120RO,Kinh doanh quốc tế - CTLK ĐH Rouen,A00;A01;C01;D07;C02;D01;C04;D10,17.75,https://diemthi.tuyensinh247.com/diem-chuan/dai-hoc-mo-tphcm-MBS.html,2026-09-29T09:25:20+00:00
tuyensinh247_cutoffs,MBS,2026,7340201,Tài chính - Ngân hàng,A00;A01;X06;D07;X10;D08;X26;C01;C02;B03;D01;X02,23.75,https://diemthi.tuyensinh247.com/diem-chuan/dai-hoc-mo-tphcm-MBS.html,2026-09-29T09:25:20+00:00
tuyensinh247_cutoffs,MBS,2026,7340201D,Tài chính - Ngân hàng - Phân hiệu Đồng Nai,A00;A01;D01;D07;X06;X10;X02;X26;B08;D08;C01;C02;K01,18.5,https://diemthi.tuyensinh247.com/diem-chuan/dai-hoc-mo-tphcm-MBS.html,2026-09-29T09:25:20+00:00
tuyensinh247_cutoffs,MBS,2026,7340201FL,Tài chính ngân hàng – CTLK ĐH Flinders,A01;D01;D07;D09;D08;X27;X26;D10;X25,15.75,https://diemthi.tuyensinh247.com/diem-chuan/dai-hoc-mo-tphcm-MBS.html,2026-09-29T09:25:20+00:00
tuyensinh247_cutoffs,MBS,2026,7340204,Bảo hiểm,A00;A01;X06;D07;X10;D08;X26;C01;C02;B03;D01;X02,20.5,https://diemthi.tuyensinh247.com/diem-chuan/dai-hoc-mo-tphcm-MBS.html,2026-09-29T09:25:20+00:00
tuyensinh247_cutoffs,MBS,2026,7340205,Công nghệ tài chính,A00;A01;X06;D07;X10;D08;X26;C01;C02;B03;D01;X02,22.5,https://diemthi.tuyensinh247.com/diem-chuan/dai-hoc-mo-tphcm-MBS.html,2026-09-29T09:25:20+00:00
tuyensinh247_cutoffs,MBS,2026,7340301,Kế toán,A00;A01;X06;D07;X10;D08;X26;C01;C02;B03;D01;X02,24.15,https://diemthi.tuyensinh247.com/diem-chuan/dai-hoc-mo-tphcm-MBS.html,2026-09-29T09:25:20+00:00
tuyensinh247_cutoffs,MBS,2026,7340301C,Kế toán Chương trình Tiên tiến,A01;D07;D08;D09;D01;X27;X25;X26;X79;A00;X06;X10;X02,16.75,https://diemthi.tuyensinh247.com/diem-chuan/dai-hoc-mo-tphcm-MBS.html,2026-09-29T09:25:20+00:00
tuyensinh247_cutoffs,MBS,2026,7340302,Kiểm toán,A00;A01;X06;D07;X10;D08;X26;C01;C02;B03;D01;X02,23.8,https://diemthi.tuyensinh247.com/diem-chuan/dai-hoc-mo-tphcm-MBS.html,2026-09-29T09:25:20+00:00
tuyensinh247_cutoffs,MBS,2026,7340302C,Kiểm toán Chương trình Tiên tiến,A01;D07;D08;D09;D01;X27;X25;X26;X79;A00;X06;X10;X02,17.7,https://diemthi.tuyensinh247.com/diem-chuan/dai-hoc-mo-tphcm-MBS.html,2026-09-29T09:25:20+00:00
tuyensinh247_cutoffs,MBS,2026,7340404,Quản trị nhân lực,A00;A01;X06;D07;X10;D08;X26;C01;C02;B03;D01;X02,23.9,https://diemthi.tuyensinh247.com/diem-chuan/dai-hoc-mo-tphcm-MBS.html,2026-09-29T09:25:20+00:00
tuyensinh247_cutoffs,MBS,2026,7340404C,Quản trị nhân lực Chương trình Tiên tiến,A01;D07;D08;D09;D01;X27;X25;X26;X79;A00;X06;X10;X02,19.7,https://diemthi.tuyensinh247.com/diem-chuan/dai-hoc-mo-tphcm-MBS.html,2026-09-29T09:25:20+00:00
tuyensinh247_cutoffs,MBS,2026,7340405C,Hệ thống thông tin quản lý Chương trình Tiên tiến,A00;A01;X06;D07;X10;B00;X26;D10;X22;X27;X28;X56;X57;D01;X02;B03;D08;X14,17,https://diemthi.tuyensinh247.com/diem-chuan/dai-hoc-mo-tphcm-MBS.html,2026-09-29T09:25:20+00:00
tuyensinh247_cutoffs,MBS,2026,7380101,Luật,D01;C03;X01;X70;D14;X78;C00;X02;X79;X87;X95;X99,23.85,https://diemthi.tuyensinh247.com/diem-chuan/dai-hoc-mo-tphcm-MBS.html,2026-09-29T09:25:20+00:00
tuyensinh247_cutoffs,MBS,2026,7380107C,Luật kinh tế Chương trình Tiên tiến,D01;D14;X78;D15;D11;X79;X80;D12;C01;C00;X70,20,https://diemthi.tuyensinh247.com/diem-chuan/dai-hoc-mo-tphcm-MBS.html,2026-09-29T09:25:20+00:00
tuyensinh247_cutoffs,MBS,2026,7420201,Công nghệ sinh học,A00;B00;X11;X12;X10;C02;A02;X07;X08;C01;B08;B03;X14;X15;X16;X27;X28,20.35,https://diemthi.tuyensinh247.com/diem-chuan/dai-hoc-mo-tphcm-MBS.html,2026-09-29T09:25:20+00:00
tuyensinh247_cutoffs,MBS,2026,7420201C,Công nghệ sinh học Chương trình Tiên tiến,A00;B00;D07;X11;X12;X10;C02;A02;X07;X08;C01;D08;B03;X14;X15;X16;X27,16.5,https://diemthi.tuyensinh247.com/diem-chuan/dai-hoc-mo-tphcm-MBS.html,2026-09-29T09:25:20+00:00
tuyensinh247_cutoffs,MBS,2026,7420203,Sinh học ứng dụng,A00;B00;D07;X11;X12;X10;C02;A02;X07;X08;C01;D08;B03;X14;X15;X16;X27,15.5,https://diemthi.tuyensinh247.com/diem-chuan/dai-hoc-mo-tphcm-MBS.html,2026-09-29T09:25:20+00:00
tuyensinh247_cutoffs,MBS,2026,7460108,Khoa học dữ liệu,C01;C02;B03;X02;D01,21.25,https://diemthi.tuyensinh247.com/diem-chuan/dai-hoc-mo-tphcm-MBS.html,2026-09-29T09:25:20+00:00
tuyensinh247_cutoffs,MBS,2026,7460112,Toán Ứng dụng,C01;C02;B03;X02;D01,22.5,https://diemthi.tuyensinh247.com/diem-chuan/dai-hoc-mo-tphcm-MBS.html,2026-09-29T09:25:20+00:00
tuyensinh247_cutoffs,MBS,2026,7480101C,Khoa học máy tính Chương trình Tiên tiến,A00;A01;X06;D07;X10;B00;X26;D10;X22;X27;X28;X56;X57;D01;X02;B03;D08;X14,17,https://diemthi.tuyensinh247.com/diem-chuan/dai-hoc-mo-tphcm-MBS.html,2026-09-29T09:25:20+00:00
tuyensinh247_cutoffs,MBS,2026,7480103,Kỹ thuật phần mềm,A00;A01;X06;D07;X10;B00;X26;D10;X22;X27;X28;X56;X57;D01;X02;B03;D08;X14,21.7,https://diemthi.tuyensinh247.com/diem-chuan/dai-hoc-mo-tphcm-MBS.html,2026-09-29T09:25:20+00:00
tuyensinh247_cutoffs,MBS,2026,7480201,Công nghệ thông tin,A00;A01;X06;D07;X10;B00;X26;D10;X22;X27;X28;X56;X57;D01;X02;B03;D08;X14,21.5,https://diemthi.tuyensinh247.com/diem-chuan/dai-hoc-mo-tphcm-MBS.html,2026-09-29T09:25:20+00:00
tuyensinh247_cutoffs,MBS,2026,7480201C,Công nghệ thông tin Chương trình Tiên tiến,A00;A01;X06;D07;X10;B00;X26;D10;X22;X27;X28;X56;X57;D01;X02;B03;D08;X14,17.75,https://diemthi.tuyensinh247.com/diem-chuan/dai-hoc-mo-tphcm-MBS.html,2026-09-29T09:25:20+00:00
tuyensinh247_cutoffs,MBS,2026,7510102,Công nghệ kỹ thuật công trình xây dựng,A00;A01;D01;D07;X06;X10;X02;X26,17,https://diemthi.tuyensinh247.com/diem-chuan/dai-hoc-mo-tphcm-MBS.html,2026-09-29T09:25:20+00:00
tuyensinh247_cutoffs,MBS,2026,7510102C,Công nghệ kỹ thuật công trình xây dựng Chương trình Tiên tiến,A00;A01;D01;D07;X06;X10;X02;X26,15,https://diemthi.tuyensinh247.com/diem-chuan/dai-hoc-mo-tphcm-MBS.html,2026-09-29T09:25:20+00:00
tuyensinh247_cutoffs,MBS,2026,7540101,Công nghệ thực phẩm,A00;B00;D07;X11;X12;X10;C02;A02;D08,21,https://diemthi.tuyensinh247.com/diem-chuan/dai-hoc-mo-tphcm-MBS.html,2026-09-29T09:25:20+00:00
tuyensinh247_cutoffs,MBS,2026,7580201,Kỹ thuật xây dựng,A00;A01;D01;D07;X06;X10;X02;X26,18.5,https://diemthi.tuyensinh247.com/diem-chuan/dai-hoc-mo-tphcm-MBS.html,2026-09-29T09:25:20+00:00
tuyensinh247_cutoffs,MBS,2026,7760101,Công tác xã hội,D01;C00;D14;D15;X01;X78;X70;X74;D02;D03;D04;D05;D06;D61;D62;D63;D64;D65;D41;D42;D43;D44;D45;X82;X86;X90;X94;X98;Y03,22.5,https://diemthi.tuyensinh247.com/diem-chuan/dai-hoc-mo-tphcm-MBS.html,2026-09-29T09:25:20+00:00
tuyensinh247_cutoffs,MBS,2026,7810101,Du lịch,A00;A01;X06;D01;C03;D09;C04;D10;X27;X56;X26,24,https://diemthi.tuyensinh247.com/diem-chuan/dai-hoc-mo-tphcm-MBS.html,2026-09-29T09:25:20+00:00
tuyensinh247_cutoffs,MBS,2026,7220201,Ngôn ngữ Anh,D01;A01;D07;D08;D09;D10;X25;X26;D11;D12;D13;D14;D15;X78;X79,25.5,https://diemthi.tuyensinh247.com/diem-chuan/dai-hoc-mo-tphcm-MBS.html,2026-09-29T09:25:20+00:00
tuyensinh247_cutoffs,MBS,2026,7220201FL,Ngôn ngữ Anh – CTLK ĐH Flinders,A01;D01;D07;D14;D15;X78,20.3,https://diemthi.tuyensinh247.com/diem-chuan/dai-hoc-mo-tphcm-MBS.html,2026-09-29T09:25:20+00:00
tuyensinh247_cutoffs,MBS,2026,7220209,Ngôn ngữ Nhật,D01;D06;D53;D11;D48;D12;D13;D14;D58;D63;D15;X78;X79;D43;X98;X99,20.9,https://diemthi.tuyensinh247.com/diem-chuan/dai-hoc-mo-tphcm-MBS.html,2026-09-29T09:25:20+00:00
tuyensinh247_cutoffs,MBS,2026,7310101,Kinh tế,A00;A01;X06;D07;D01;D10;X10;X26;X11;X07,21.3,https://diemthi.tuyensinh247.com/diem-chuan/dai-hoc-mo-tphcm-MBS.html,2026-09-29T09:25:20+00:00
tuyensinh247_cutoffs,MBS,2026,7310301,Xã hội học,D01;C00;D14;D15;X01;X78;X70;X74;D02;D03;D04;D05;D06;D61;D62;D63;D64;D65;D41;D42;D43;D44;D45;X82;X86;X90;X94;X98;Y03,22.25,https://diemthi.tuyensinh247.com/diem-chuan/dai-hoc-mo-tphcm-MBS.html,2026-09-29T09:25:20+00:00
tuyensinh247_cutoffs,MBS,2026,7340101FL,Quản trị kinh doanh – CTLK ĐH Flinders,A01;D01;D07;D09;D08;X27;X26;D10;X25,15.75,https://diemthi.tuyensinh247.com/diem-chuan/dai-hoc-mo-tphcm-MBS.html,2026-09-29T09:25:20+00:00
tuyensinh247_cutoffs,MBS,2026,7340115,Marketing,A00;A01;X06;D07;X10;D08;X26;C01;C02;B03;D01;X02,25,https://diemthi.tuyensinh247.com/diem-chuan/dai-hoc-mo-tphcm-MBS.html,2026-09-29T09:25:20+00:00
tuyensinh247_cutoffs,MBS,2026,7340120C,Kinh doanh quốc tế Chương trình Tiên tiến,A01;D07;D08;D09;D01;X27;X25;X26;X79;A00;X06;X10;X02,21.25,https://diemthi.tuyensinh247.com/diem-chuan/dai-hoc-mo-tphcm-MBS.html,2026-09-29T09:25:20+00:00
tuyensinh247_cutoffs,MBS,2026,7340201C,Tài chính - Ngân hàng Chương trình Tiên tiến,A01;D07;D08;D09;D01;X27;X25;X26;X79;A00;X06;X10;X02,17.75,https://diemthi.tuyensinh247.com/diem-chuan/dai-hoc-mo-tphcm-MBS.html,2026-09-29T09:25:20+00:00
tuyensinh247_cutoffs,MBS,2026,7340301D,Kế toán - Phân hiệu Đồng Nai,A00;A01;D01;D07;X06;X10;X02;X26;B08;D08;C01;C02;K01,19.5,https://diemthi.tuyensinh247.com/diem-chuan/dai-hoc-mo-tphcm-MBS.html,2026-09-29T09:25:20+00:00
tuyensinh247_cutoffs,MBS,2026,7340403,Quản lý công,A00;A01;X06;D07;D01;D10;X10;X26;X11;X07,19.6,https://diemthi.tuyensinh247.com/diem-chuan/dai-hoc-mo-tphcm-MBS.html,2026-09-29T09:25:20+00:00
tuyensinh247_cutoffs,MBS,2026,7340405,Hệ thống thông tin quản lý,A00;A01;X06;D07;X10;B00;X26;D10;X22;X27;X28;X56;X57;D01;X02;B03;D08;X14,21.4,https://diemthi.tuyensinh247.com/diem-chuan/dai-hoc-mo-tphcm-MBS.html,2026-09-29T09:25:20+00:00
tuyensinh247_cutoffs,MBS,2026,7380107,Luật kinh tế,D01;C03;X01;X70;D14;X78;C00;X02;X79;X87;X95;X99,23.6,https://diemthi.tuyensinh247.com/diem-chuan/dai-hoc-mo-tphcm-MBS.html,2026-09-29T09:25:20+00:00
tuyensinh247_cutoffs,MBS,2026,7480101,Khoa học máy tính,A00;A01;X06;D07;X10;B00;X26;D10;X22;X27;X28;X56;X57;D01;X02;B03;D08;X14,20.5,https://diemthi.tuyensinh247.com/diem-chuan/dai-hoc-mo-tphcm-MBS.html,2026-09-29T09:25:20+00:00
tuyensinh247_cutoffs,MBS,2026,7480107,Trí tuệ nhân tạo,A00;A01;X06;D07;X10;B00;X26;D10;X22;X27;X28;X56;X57;D01;X02;B03;D08;X14,22.5,https://diemthi.tuyensinh247.com/diem-chuan/dai-hoc-mo-tphcm-MBS.html,2026-09-29T09:25:20+00:00
tuyensinh247_cutoffs,MBS,2026,7480202,An toàn thông tin,A00;A01;X06;D07;X10;B00;X26;D10;X22;X27;X28;X56;X57;D01;X02;B03;D08;X14,21.25,https://diemthi.tuyensinh247.com/diem-chuan/dai-hoc-mo-tphcm-MBS.html,2026-09-29T09:25:20+00:00
tuyensinh247_cutoffs,MBS,2026,7510605,Logistics và quản lý chuỗi cung ứng,A00;A01;X06;D07;X10;X26;D10;X22;X27;X56;D01;X02,24.9,https://diemthi.tuyensinh247.com/diem-chuan/dai-hoc-mo-tphcm-MBS.html,2026-09-29T09:25:20+00:00
tuyensinh247_cutoffs,MBS,2026,7580302,Quản lý xây dựng,A00;A01;D01;D07;X06;X10;X02;X26,17.25,https://diemthi.tuyensinh247.com/diem-chuan/dai-hoc-mo-tphcm-MBS.html,2026-09-29T09:25:20+00:00
tuyensinh247_cutoffs,SGD,2026,7140114,Quản lý giáo dục,D01,24.34,https://diemthi.tuyensinh247.com/diem-chuan/dai-hoc-sai-gon-SGD.html,2026-09-29T09:25:22+00:00
tuyensinh247_cutoffs,SGD,2026,7140114,Quản lý giáo dục,C01,24.56,https://diemthi.tuyensinh247.com/diem-chuan/dai-hoc-sai-gon-SGD.html,2026-09-29T09:25:22+00:00
tuyensinh247_cutoffs,SGD,2026,7140201,Giáo dục mầm non,M01;M02,25.43,https://diemthi.tuyensinh247.com/diem-chuan/dai-hoc-sai-gon-SGD.html,2026-09-29T09:25:22+00:00
tuyensinh247_cutoffs,SGD,2026,7140202,Giáo dục Tiểu học,C01;B03;C02;C03;C04;X01;X02;X03;X04,25.97,https://diemthi.tuyensinh247.com/diem-chuan/dai-hoc-sai-gon-SGD.html,2026-09-29T09:25:22+00:00
tuyensinh247_cutoffs,SGD,2026,7140202,Giáo dục Tiểu học,D01,25.75,https://diemthi.tuyensinh247.com/diem-chuan/dai-hoc-sai-gon-SGD.html,2026-09-29T09:25:22+00:00
tuyensinh247_cutoffs,SGD,2026,7140205,Giáo dục chính trị,B03;C01;C02;C03;C04;X01;X02;X03;X04,25.25,https://diemthi.tuyensinh247.com/diem-chuan/dai-hoc-sai-gon-SGD.html,2026-09-29T09:25:22+00:00
tuyensinh247_cutoffs,SGD,2026,7140209,Sư phạm Toán học,C01,28.7,https://diemthi.tuyensinh247.com/diem-chuan/dai-hoc-sai-gon-SGD.html,2026-09-29T09:25:22+00:00
tuyensinh247_cutoffs,SGD,2026,7140209,Sư phạm Toán học,D01,28.48,https://diemthi.tuyensinh247.com/diem-chuan/dai-hoc-sai-gon-SGD.html,2026-09-29T09:25:22+00:00
tuyensinh247_cutoffs,SGD,2026,7140209,Sư phạm Toán học,D07,28.27,https://diemthi.tuyensinh247.com/diem-chuan/dai-hoc-sai-gon-SGD.html,2026-09-29T09:25:22+00:00
tuyensinh247_cutoffs,SGD,2026,7140209,Sư phạm Toán học,A00;A02;A03;A04;A05;A06;A07;B01;B02;B03;B08;C02;C03;C04;D09;D10;X01;X02;X03;X04;X05;X06;X07;X08;X09;X10;X11;X12;X13;X14;X15;X16;X17;X18;X19;X20;X21;X22;X23;X24;X25;X26;X27;X28;X53;X54;X55;X56;X57,28.89,https://diemthi.tuyensinh247.com/diem-chuan/dai-hoc-sai-gon-SGD.html,2026-09-29T09:25:22+00:00
tuyensinh247_cutoffs,SGD,2026,7140209,Sư phạm Toán học,A01,27.9,https://diemthi.tuyensinh247.com/diem-chuan/dai-hoc-sai-gon-SGD.html,2026-09-29T09:25:22+00:00
tuyensinh247_cutoffs,SGD,2026,7140209,Sư phạm Toán học,B00,29.18,https://diemthi.tuyensinh247.com/diem-chuan/dai-hoc-sai-gon-SGD.html,2026-09-29T09:25:22+00:00
tuyensinh247_cutoffs,SGD,2026,7140211,Sư phạm Vật lý,A01,26.55,https://diemthi.tuyensinh247.com/diem-chuan/dai-hoc-sai-gon-SGD.html,2026-09-29T09:25:22+00:00
tuyensinh247_cutoffs,SGD,2026,7140211,Sư phạm Vật lý,C01,27.35,https://diemthi.tuyensinh247.com/diem-chuan/dai-hoc-sai-gon-SGD.html,2026-09-29T09:25:22+00:00
tuyensinh247_cutoffs,SGD,2026,7140212,Sư phạm Hóa học,B00,27.72,https://diemthi.tuyensinh247.com/diem-chuan/dai-hoc-sai-gon-SGD.html,2026-09-29T09:25:22+00:00
tuyensinh247_cutoffs,SGD,2026,7140212,Sư phạm Hóa học,D07,26.81,https://diemthi.tuyensinh247.com/diem-chuan/dai-hoc-sai-gon-SGD.html,2026-09-29T09:25:22+00:00
tuyensinh247_cutoffs,SGD,2026,7140213,Sư phạm Sinh học,B00;A02;B01;B08;D08;B03;X13;X14;X15;X16,26.08,https://diemthi.tuyensinh247.com/diem-chuan/dai-hoc-sai-gon-SGD.html,2026-09-29T09:25:22+00:00
tuyensinh247_cutoffs,SGD,2026,7140217,Sư phạm Ngữ văn,C01,28.29,https://diemthi.tuyensinh247.com/diem-chuan/dai-hoc-sai-gon-SGD.html,2026-09-29T09:25:22+00:00
tuyensinh247_cutoffs,SGD,2026,7140217,Sư phạm Ngữ văn,D01,28.07,https://diemthi.tuyensinh247.com/diem-chuan/dai-hoc-sai-gon-SGD.html,2026-09-29T09:25:22+00:00
tuyensinh247_cutoffs,SGD,2026,7140219,Sư phạm Địa lý,C00;C04;D10;X21;A07;A04;A06;B02;X22;X23;X24;D15;X74;C13;X75;C11;X76;X77,26.08,https://diemthi.tuyensinh247.com/diem-chuan/dai-hoc-sai-gon-SGD.html,2026-09-29T09:25:22+00:00
tuyensinh247_cutoffs,SGD,2026,7140221,Sư phạm Âm nhạc,N01,22,https://diemthi.tuyensinh247.com/diem-chuan/dai-hoc-sai-gon-SGD.html,2026-09-29T09:25:22+00:00
tuyensinh247_cutoffs,SGD,2026,7140222,Sư phạm Mỹ thuật,H00,20.75,https://diemthi.tuyensinh247.com/diem-chuan/dai-hoc-sai-gon-SGD.html,2026-09-29T09:25:22+00:00
tuyensinh247_cutoffs,SGD,2026,7140247,Sư phạm Khoa học tự nhiên (đào tạo giáo viên THCS),B00,27,https://diemthi.tuyensinh247.com/diem-chuan/dai-hoc-sai-gon-SGD.html,2026-09-29T09:25:22+00:00
tuyensinh247_cutoffs,SGD,2026,7140247,Sư phạm Khoa học tự nhiên (đào tạo giáo viên THCS),C01,25.91,https://diemthi.tuyensinh247.com/diem-chuan/dai-hoc-sai-gon-SGD.html,2026-09-29T09:25:22+00:00
tuyensinh247_cutoffs,SGD,2026,7140247,Sư phạm Khoa học tự nhiên (đào tạo giáo viên THCS),A00;A02;B08;X13;B02;B01;X14;X15;X16;A04;X05;A03;X06;X08;X07;C02;A05;A06;X09;X11;X12;X10,26.71,https://diemthi.tuyensinh247.com/diem-chuan/dai-hoc-sai-gon-SGD.html,2026-09-29T09:25:22+00:00
tuyensinh247_cutoffs,SGD,2026,7140247,Sư phạm Khoa học tự nhiên (đào tạo giáo viên THCS),A01,25.72,https://diemthi.tuyensinh247.com/diem-chuan/dai-hoc-sai-gon-SGD.html,2026-09-29T09:25:22+00:00
tuyensinh247_cutoffs,SGD,2026,7220201,Ngôn ngữ Anh,D01;D11;D12;D13;D14;D15;X78;X79;X80;X81,25.38,https://diemthi.tuyensinh247.com/diem-chuan/dai-hoc-sai-gon-SGD.html,2026-09-29T09:25:22+00:00
tuyensinh247_cutoffs,SGD,2026,7220201C,Ngôn ngữ Anh (Chương trình đào tạo chất lượng cao),D01;D11;D12;D13;D14;D15;X78;X79;X80;X81,25.05,https://diemthi.tuyensinh247.com/diem-chuan/dai-hoc-sai-gon-SGD.html,2026-09-29T09:25:22+00:00
tuyensinh247_cutoffs,SGD,2026,7310401,Tâm lý học,D01;B03;C02;C03;C04;X01;X02;X03;X04,24.15,https://diemthi.tuyensinh247.com/diem-chuan/dai-hoc-sai-gon-SGD.html,2026-09-29T09:25:22+00:00
tuyensinh247_cutoffs,SGD,2026,7310401,Tâm lý học,C01,24.37,https://diemthi.tuyensinh247.com/diem-chuan/dai-hoc-sai-gon-SGD.html,2026-09-29T09:25:22+00:00
tuyensinh247_cutoffs,SGD,2026,7310501,Địa lý học,C00;C04;D10;X21;A07;A04;A06;B02;X22;X23;X24;D15;X74;C13;X75;C11;X76;X77,24.9,https://diemthi.tuyensinh247.com/diem-chuan/dai-hoc-sai-gon-SGD.html,2026-09-29T09:25:22+00:00
tuyensinh247_cutoffs,SGD,2026,7310601,Quốc tế học,D01,23.06,https://diemthi.tuyensinh247.com/diem-chuan/dai-hoc-sai-gon-SGD.html,2026-09-29T09:25:22+00:00
tuyensinh247_cutoffs,SGD,2026,7310601,Quốc tế học,C00,21.3,https://diemthi.tuyensinh247.com/diem-chuan/dai-hoc-sai-gon-SGD.html,2026-09-29T09:25:22+00:00
tuyensinh247_cutoffs,SGD,2026,7310630,Việt Nam học,C01,23.61,https://diemthi.tuyensinh247.com/diem-chuan/dai-hoc-sai-gon-SGD.html,2026-09-29T09:25:22+00:00
tuyensinh247_cutoffs,SGD,2026,7310630,Việt Nam học,C00,21.63,https://diemthi.tuyensinh247.com/diem-chuan/dai-hoc-sai-gon-SGD.html,2026-09-29T09:25:22+00:00
tuyensinh247_cutoffs,SGD,2026,7320201,Thông tin - Thư viện,C00,22.06,https://diemthi.tuyensinh247.com/diem-chuan/dai-hoc-sai-gon-SGD.html,2026-09-29T09:25:22+00:00
tuyensinh247_cutoffs,SGD,2026,7320201,Thông tin - Thư viện,D01,23.82,https://diemthi.tuyensinh247.com/diem-chuan/dai-hoc-sai-gon-SGD.html,2026-09-29T09:25:22+00:00
tuyensinh247_cutoffs,SGD,2026,7340101,Quân trị kinh doanh,C01,22.28,https://diemthi.tuyensinh247.com/diem-chuan/dai-hoc-sai-gon-SGD.html,2026-09-29T09:25:22+00:00
tuyensinh247_cutoffs,SGD,2026,7340101,Quân trị kinh doanh,D07,21.85,https://diemthi.tuyensinh247.com/diem-chuan/dai-hoc-sai-gon-SGD.html,2026-09-29T09:25:22+00:00
tuyensinh247_cutoffs,SGD,2026,7340101,Quân trị kinh doanh,A00,22.47,https://diemthi.tuyensinh247.com/diem-chuan/dai-hoc-sai-gon-SGD.html,2026-09-29T09:25:22+00:00
tuyensinh247_cutoffs,SGD,2026,7340101,Quân trị kinh doanh,A01,21.48,https://diemthi.tuyensinh247.com/diem-chuan/dai-hoc-sai-gon-SGD.html,2026-09-29T09:25:22+00:00
tuyensinh247_cutoffs,SGD,2026,7340101C,Quản trị kinh doanh (Chương trình đào tạo chất lưọng cao),D01,20.63,https://diemthi.tuyensinh247.com/diem-chuan/dai-hoc-sai-gon-SGD.html,2026-09-29T09:25:22+00:00
tuyensinh247_cutoffs,SGD,2026,7340101C,Quản trị kinh doanh (Chương trình đào tạo chất lưọng cao),A00,21.05,https://diemthi.tuyensinh247.com/diem-chuan/dai-hoc-sai-gon-SGD.html,2026-09-29T09:25:22+00:00
tuyensinh247_cutoffs,SGD,2026,7340101C,Quản trị kinh doanh (Chương trình đào tạo chất lưọng cao),C01,20.85,https://diemthi.tuyensinh247.com/diem-chuan/dai-hoc-sai-gon-SGD.html,2026-09-29T09:25:22+00:00
tuyensinh247_cutoffs,SGD,2026,7340101C,Quản trị kinh doanh (Chương trình đào tạo chất lưọng cao),D07,20.43,https://diemthi.tuyensinh247.com/diem-chuan/dai-hoc-sai-gon-SGD.html,2026-09-29T09:25:22+00:00
tuyensinh247_cutoffs,SGD,2026,7340120,Kinh doanh quốc tế,D01,23.14,https://diemthi.tuyensinh247.com/diem-chuan/dai-hoc-sai-gon-SGD.html,2026-09-29T09:25:22+00:00
tuyensinh247_cutoffs,SGD,2026,7340120,Kinh doanh quốc tế,A00,23.51,https://diemthi.tuyensinh247.com/diem-chuan/dai-hoc-sai-gon-SGD.html,2026-09-29T09:25:22+00:00
tuyensinh247_cutoffs,SGD,2026,7340120,Kinh doanh quốc tế,B00,23.84,https://diemthi.tuyensinh247.com/diem-chuan/dai-hoc-sai-gon-SGD.html,2026-09-29T09:25:22+00:00
tuyensinh247_cutoffs,SGD,2026,7340120,Kinh doanh quốc tế,C01,23.36,https://diemthi.tuyensinh247.com/diem-chuan/dai-hoc-sai-gon-SGD.html,2026-09-29T09:25:22+00:00
tuyensinh247_cutoffs,SGD,2026,7340201,Tài chính - Ngân hàng,D01,22.13,https://diemthi.tuyensinh247.com/diem-chuan/dai-hoc-sai-gon-SGD.html,2026-09-29T09:25:22+00:00
tuyensinh247_cutoffs,SGD,2026,7340201,Tài chính - Ngân hàng,A01,21.55,https://diemthi.tuyensinh247.com/diem-chuan/dai-hoc-sai-gon-SGD.html,2026-09-29T09:25:22+00:00
tuyensinh247_cutoffs,SGD,2026,7340201,Tài chính - Ngân hàng,B00,22.83,https://diemthi.tuyensinh247.com/diem-chuan/dai-hoc-sai-gon-SGD.html,2026-09-29T09:25:22+00:00
tuyensinh247_cutoffs,SGD,2026,7340201,Tài chính - Ngân hàng,D07,21.92,https://diemthi.tuyensinh247.com/diem-chuan/dai-hoc-sai-gon-SGD.html,2026-09-29T09:25:22+00:00
tuyensinh247_cutoffs,SGD,2026,7340301,Kế toán,D01,22.69,https://diemthi.tuyensinh247.com/diem-chuan/dai-hoc-sai-gon-SGD.html,2026-09-29T09:25:22+00:00
tuyensinh247_cutoffs,SGD,2026,7340301,Kế toán,A00,23.1,https://diemthi.tuyensinh247.com/diem-chuan/dai-hoc-sai-gon-SGD.html,2026-09-29T09:25:22+00:00
tuyensinh247_cutoffs,SGD,2026,7340301,Kế toán,B00,23.39,https://diemthi.tuyensinh247.com/diem-chuan/dai-hoc-sai-gon-SGD.html,2026-09-29T09:25:22+00:00
tuyensinh247_cutoffs,SGD,2026,7340301,Kế toán,C01,22.91,https://diemthi.tuyensinh247.com/diem-chuan/dai-hoc-sai-gon-SGD.html,2026-09-29T09:25:22+00:00
tuyensinh247_cutoffs,SGD,2026,7340301,Kế toán,D07,22.48,https://diemthi.tuyensinh247.com/diem-chuan/dai-hoc-sai-gon-SGD.html,2026-09-29T09:25:22+00:00
tuyensinh247_cutoffs,SGD,2026,7340301C,Kế toán (Chương trình đào tạo chất lượng cao),B00,21.62,https://diemthi.tuyensinh247.com/diem-chuan/dai-hoc-sai-gon-SGD.html,2026-09-29T09:25:22+00:00
tuyensinh247_cutoffs,SGD,2026,7340301C,Kế toán (Chương trình đào tạo chất lượng cao),C01,21.14,https://diemthi.tuyensinh247.com/diem-chuan/dai-hoc-sai-gon-SGD.html,2026-09-29T09:25:22+00:00
tuyensinh247_cutoffs,SGD,2026,7340301C,Kế toán (Chương trình đào tạo chất lượng cao),D01,20.92,https://diemthi.tuyensinh247.com/diem-chuan/dai-hoc-sai-gon-SGD.html,2026-09-29T09:25:22+00:00
tuyensinh247_cutoffs,SGD,2026,7340301C,Kế toán (Chương trình đào tạo chất lượng cao),A00,21.33,https://diemthi.tuyensinh247.com/diem-chuan/dai-hoc-sai-gon-SGD.html,2026-09-29T09:25:22+00:00
tuyensinh247_cutoffs,SGD,2026,7340302,Kiểm toán,B00,24.4,https://diemthi.tuyensinh247.com/diem-chuan/dai-hoc-sai-gon-SGD.html,2026-09-29T09:25:22+00:00
tuyensinh247_cutoffs,SGD,2026,7340302,Kiểm toán,C01,23.92,https://diemthi.tuyensinh247.com/diem-chuan/dai-hoc-sai-gon-SGD.html,2026-09-29T09:25:22+00:00
tuyensinh247_cutoffs,SGD,2026,7340302,Kiểm toán,D07,23.49,https://diemthi.tuyensinh247.com/diem-chuan/dai-hoc-sai-gon-SGD.html,2026-09-29T09:25:22+00:00
tuyensinh247_cutoffs,SGD,2026,7340302,Kiểm toán,A00,24.11,https://diemthi.tuyensinh247.com/diem-chuan/dai-hoc-sai-gon-SGD.html,2026-09-29T09:25:22+00:00
tuyensinh247_cutoffs,SGD,2026,7340406,Quản trị văn phòng,D01;B03;C02;C03;C04;X01;X02;X03;X04,23,https://diemthi.tuyensinh247.com/diem-chuan/dai-hoc-sai-gon-SGD.html,2026-09-29T09:25:22+00:00
tuyensinh247_cutoffs,SGD,2026,7380101,Luật,D01,23.84,https://diemthi.tuyensinh247.com/diem-chuan/dai-hoc-sai-gon-SGD.html,2026-09-29T09:25:22+00:00
tuyensinh247_cutoffs,SGD,2026,7380101,Luật,C01,24.06,https://diemthi.tuyensinh247.com/diem-chuan/dai-hoc-sai-gon-SGD.html,2026-09-29T09:25:22+00:00
tuyensinh247_cutoffs,SGD,2026,7380101,Luật,C00,22.08,https://diemthi.tuyensinh247.com/diem-chuan/dai-hoc-sai-gon-SGD.html,2026-09-29T09:25:22+00:00
tuyensinh247_cutoffs,SGD,2026,7440301,Khoa học môi trường,A00,22.15,https://diemthi.tuyensinh247.com/diem-chuan/dai-hoc-sai-gon-SGD.html,2026-09-29T09:25:22+00:00
tuyensinh247_cutoffs,SGD,2026,7440301,Khoa học môi trường,A01,21.16,https://diemthi.tuyensinh247.com/diem-chuan/dai-hoc-sai-gon-SGD.html,2026-09-29T09:25:22+00:00
tuyensinh247_cutoffs,SGD,2026,7440301,Khoa học môi trường,C01,21.96,https://diemthi.tuyensinh247.com/diem-chuan/dai-hoc-sai-gon-SGD.html,2026-09-29T09:25:22+00:00
tuyensinh247_cutoffs,SGD,2026,7440301,Khoa học môi trường,D07,21.53,https://diemthi.tuyensinh247.com/diem-chuan/dai-hoc-sai-gon-SGD.html,2026-09-29T09:25:22+00:00
tuyensinh247_cutoffs,SGD,2026,7460108,Khoa học dữ liệu,A00,23.44,https://diemthi.tuyensinh247.com/diem-chuan/dai-hoc-sai-gon-SGD.html,2026-09-29T09:25:22+00:00
tuyensinh247_cutoffs,SGD,2026,7460108,Khoa học dữ liệu,B00,23.73,https://diemthi.tuyensinh247.com/diem-chuan/dai-hoc-sai-gon-SGD.html,2026-09-29T09:25:22+00:00
tuyensinh247_cutoffs,SGD,2026,7460108,Khoa học dữ liệu,C01,23.25,https://diemthi.tuyensinh247.com/diem-chuan/dai-hoc-sai-gon-SGD.html,2026-09-29T09:25:22+00:00
tuyensinh247_cutoffs,SGD,2026,7460108,Khoa học dữ liệu,D01,23.03,https://diemthi.tuyensinh247.com/diem-chuan/dai-hoc-sai-gon-SGD.html,2026-09-29T09:25:22+00:00
tuyensinh247_cutoffs,SGD,2026,7460112,Toán ứng dụng,A00,25.89,https://diemthi.tuyensinh247.com/diem-chuan/dai-hoc-sai-gon-SGD.html,2026-09-29T09:25:22+00:00
tuyensinh247_cutoffs,SGD,2026,7460112,Toán ứng dụng,A01,24.9,https://diemthi.tuyensinh247.com/diem-chuan/dai-hoc-sai-gon-SGD.html,2026-09-29T09:25:22+00:00
tuyensinh247_cutoffs,SGD,2026,7460112,Toán ứng dụng,C01,25.7,https://diemthi.tuyensinh247.com/diem-chuan/dai-hoc-sai-gon-SGD.html,2026-09-29T09:25:22+00:00
tuyensinh247_cutoffs,SGD,2026,7460112,Toán ứng dụng,D01,25.48,https://diemthi.tuyensinh247.com/diem-chuan/dai-hoc-sai-gon-SGD.html,2026-09-29T09:25:22+00:00
tuyensinh247_cutoffs,SGD,2026,7460112,Toán ứng dụng,D07,25.27,https://diemthi.tuyensinh247.com/diem-chuan/dai-hoc-sai-gon-SGD.html,2026-09-29T09:25:22+00:00
tuyensinh247_cutoffs,SGD,2026,7480103,Kỹ thu��t phần mềm,A00,22.47,https://diemthi.tuyensinh247.com/diem-chuan/dai-hoc-sai-gon-SGD.html,2026-09-29T09:25:22+00:00
tuyensinh247_cutoffs,SGD,2026,7480103,Kỹ thuật phần mềm,A01,21.48,https://diemthi.tuyensinh247.com/diem-chuan/dai-hoc-sai-gon-SGD.html,2026-09-29T09:25:22+00:00
tuyensinh247_cutoffs,SGD,2026,7480103,Kỹ thuật phần mềm,C01,22.28,https://diemthi.tuyensinh247.com/diem-chuan/dai-hoc-sai-gon-SGD.html,2026-09-29T09:25:22+00:00
tuyensinh247_cutoffs,SGD,2026,7480103,Kỹ thuật phần mềm,D07,21.85,https://diemthi.tuyensinh247.com/diem-chuan/dai-hoc-sai-gon-SGD.html,2026-09-29T09:25:22+00:00
tuyensinh247_cutoffs,SGD,2026,7480107,Tri tuệ nhân tạo,D01,23.11,https://diemthi.tuyensinh247.com/diem-chuan/dai-hoc-sai-gon-SGD.html,2026-09-29T09:25:22+00:00
tuyensinh247_cutoffs,SGD,2026,7480107,Tri tuệ nhân tạo,B00,23.81,https://diemthi.tuyensinh247.com/diem-chuan/dai-hoc-sai-gon-SGD.html,2026-09-29T09:25:22+00:00
tuyensinh247_cutoffs,SGD,2026,7480107,Tri tuệ nhân tạo,C01,23.33,https://diemthi.tuyensinh247.com/diem-chuan/dai-hoc-sai-gon-SGD.html,2026-09-29T09:25:22+00:00
tuyensinh247_cutoffs,SGD,2026,7480107,Trí tuệ nhân tạo,D07,22.9,https://diemthi.tuyensinh247.com/diem-chuan/dai-hoc-sai-gon-SGD.html,2026-09-29T09:25:22+00:00
tuyensinh247_cutoffs,SGD,2026,7480201,Công nghệ thông tin,A01,20.11,https://diemthi.tuyensinh247.com/diem-chuan/dai-hoc-sai-gon-SGD.html,2026-09-29T09:25:22+00:00
tuyensinh247_cutoffs,SGD,2026,7480201,Công nghệ thông tin,B00,21.39,https://diemthi.tuyensinh247.com/diem-chuan/dai-hoc-sai-gon-SGD.html,2026-09-29T09:25:22+00:00
tuyensinh247_cutoffs,SGD,2026,7480201,Công nghệ thông tin,D07,20.48,https://diemthi.tuyensinh247.com/diem-chuan/dai-hoc-sai-gon-SGD.html,2026-09-29T09:25:22+00:00
tuyensinh247_cutoffs,SGD,2026,7480201,Công nghệ thông tin,D01,20.69,https://diemthi.tuyensinh247.com/diem-chuan/dai-hoc-sai-gon-SGD.html,2026-09-29T09:25:22+00:00
tuyensinh247_cutoffs,SGD,2026,7480201,Công nghệ thông tin,A00,21.1,https://diemthi.tuyensinh247.com/diem-chuan/dai-hoc-sai-gon-SGD.html,2026-09-29T09:25:22+00:00
tuyensinh247_cutoffs,SGD,2026,7480201C,Công nghệ thông tin (Chương trình đào tạo chất lượng cao),D07,16.85,https://diemthi.tuyensinh247.com/diem-chuan/dai-hoc-sai-gon-SGD.html,2026-09-29T09:25:22+00:00
tuyensinh247_cutoffs,SGD,2026,7480201C,Công nghệ thông tin (Chương trình đào tạo chất lượng cao),D01,17.06,https://diemthi.tuyensinh247.com/diem-chuan/dai-hoc-sai-gon-SGD.html,2026-09-29T09:25:22+00:00
tuyensinh247_cutoffs,SGD,2026,7480201C,Công nghệ thông tin (Chương trình đào tạo chất lượng cao),A00,17.47,https://diemthi.tuyensinh247.com/diem-chuan/dai-hoc-sai-gon-SGD.html,2026-09-29T09:25:22+00:00
tuyensinh247_cutoffs,SGD,2026,7480201C,Công nghệ thông tin (Chương trình đào tạo chất lượng cao),B00,17.76,https://diemthi.tuyensinh247.com/diem-chuan/dai-hoc-sai-gon-SGD.html,2026-09-29T09:25:22+00:00
tuyensinh247_cutoffs,SGD,2026,7480201C,Công nghệ thông tin (Chương trình đào tạo chất lượng cao),C01,15.3,https://diemthi.tuyensinh247.com/diem-chuan/dai-hoc-sai-gon-SGD.html,2026-09-29T09:25:22+00:00
tuyensinh247_cutoffs,SGD,2026,7510301,"Công nghệ kỹ thuật điện, điện tử",A01,23.48,https://diemthi.tuyensinh247.com/diem-chuan/dai-hoc-sai-gon-SGD.html,2026-09-29T09:25:22+00:00
tuyensinh247_cutoffs,SGD,2026,7510301,"Công nghệ kỹ thuật điện, điện tử",D01,24.06,https://diemthi.tuyensinh247.com/diem-chuan/dai-hoc-sai-gon-SGD.html,2026-09-29T09:25:22+00:00
tuyensinh247_cutoffs,SGD,2026,7510301,"Công nghệ kỹ thuật điện, điện tử",C01,24.27,https://diemthi.tuyensinh247.com/diem-chuan/dai-hoc-sai-gon-SGD.html,2026-09-29T09:25:22+00:00
tuyensinh247_cutoffs,SGD,2026,7510302,Công nghệ kỹ thuật điện tử - viễn thông,A00,23.62,https://diemthi.tuyensinh247.com/diem-chuan/dai-hoc-sai-gon-SGD.html,2026-09-29T09:25:22+00:00
tuyensinh247_cutoffs,SGD,2026,7510302,Công nghệ kỹ thuật điện tử - viễn thông,C01,24.41,https://diemthi.tuyensinh247.com/diem-chuan/dai-hoc-sai-gon-SGD.html,2026-09-29T09:25:22+00:00
tuyensinh247_cutoffs,SGD,2026,7510302,Công nghệ kỹ thuật điện tử - viễn thông,D01,24.2,https://diemthi.tuyensinh247.com/diem-chuan/dai-hoc-sai-gon-SGD.html,2026-09-29T09:25:22+00:00
tuyensinh247_cutoffs,SGD,2026,7510302,Công nghệ kỹ thuật điện tử - viễn thông,A02;A03;A04;A05;A06;A07;B01;B02;B03;B08;C02;C03;C04;D09;D10;X01;X02;X03;X04;X05;X06;X07;X08;X09;X10;X11;X12;X13;X14;X15;X16;X17;X18;X19;X20;X21;X22;X23;X24;X25;X26;X27;X28;X53;X54;X55;X56;X57,22.63,https://diemthi.tuyensinh247.com/diem-chuan/dai-hoc-sai-gon-SGD.html,2026-09-29T09:25:22+00:00
tuyensinh247_cutoffs,SGD,2026,7510406,Công nghệ kỹ thuật môi trường,B00,22.09,https://diemthi.tuyensinh247.com/diem-chuan/dai-hoc-sai-gon-SGD.html,2026-09-29T09:25:22+00:00
tuyensinh247_cutoffs,SGD,2026,7510406,Công nghệ kỹ thuật môi trường,A01,20.81,https://diemthi.tuyensinh247.com/diem-chuan/dai-hoc-sai-gon-SGD.html,2026-09-29T09:25:22+00:00
tuyensinh247_cutoffs,SGD,2026,7510406,Công nghệ kỹ thuật môi trường,C01,21.61,https://diemthi.tuyensinh247.com/diem-chuan/dai-hoc-sai-gon-SGD.html,2026-09-29T09:25:22+00:00
tuyensinh247_cutoffs,SGD,2026,7510406,Công nghệ kỹ thuật môi trường,D01,21.39,https://diemthi.tuyensinh247.com/diem-chuan/dai-hoc-sai-gon-SGD.html,2026-09-29T09:25:22+00:00
tuyensinh247_cutoffs,SGD,2026,7520201,Kỹ thuật điện,A01,23.06,https://diemthi.tuyensinh247.com/diem-chuan/dai-hoc-sai-gon-SGD.html,2026-09-29T09:25:22+00:00
tuyensinh247_cutoffs,SGD,2026,7520201,Kỹ thuật điện,A00,24.05,https://diemthi.tuyensinh247.com/diem-chuan/dai-hoc-sai-gon-SGD.html,2026-09-29T09:25:22+00:00
tuyensinh247_cutoffs,SGD,2026,7520201,Kỹ thuật điện,C01,23.85,https://diemthi.tuyensinh247.com/diem-chuan/dai-hoc-sai-gon-SGD.html,2026-09-29T09:25:22+00:00
tuyensinh247_cutoffs,SGD,2026,7520201,Kỹ thuật điện,D01,23.64,https://diemthi.tuyensinh247.com/diem-chuan/dai-hoc-sai-gon-SGD.html,2026-09-29T09:25:22+00:00
tuyensinh247_cutoffs,SGD,2026,7520201,Kỹ thuật điện,D07,23.42,https://diemthi.tuyensinh247.com/diem-chuan/dai-hoc-sai-gon-SGD.html,2026-09-29T09:25:22+00:00
tuyensinh247_cutoffs,SGD,2026,7520207,Kỹ thuật điện từ - viễn thông (Thiết kế vi mạch),C01,22.33,https://diemthi.tuyensinh247.com/diem-chuan/dai-hoc-sai-gon-SGD.html,2026-09-29T09:25:22+00:00
tuyensinh247_cutoffs,SGD,2026,7520207,Kỹ thuật điện từ - viễn thông (Thiết kế vi mạch),D01,22.11,https://diemthi.tuyensinh247.com/diem-chuan/dai-hoc-sai-gon-SGD.html,2026-09-29T09:25:22+00:00
tuyensinh247_cutoffs,SGD,2026,7520207,Kỹ thuật điện từ - viễn thông (Thiết kế vi mạch),A00,22.74,https://diemthi.tuyensinh247.com/diem-chuan/dai-hoc-sai-gon-SGD.html,2026-09-29T09:25:22+00:00
tuyensinh247_cutoffs,SGD,2026,7810101,Du lịch,D01,24.58,https://diemthi.tuyensinh247.com/diem-chuan/dai-hoc-sai-gon-SGD.html,2026-09-29T09:25:22+00:00
tuyensinh247_cutoffs,SGD,2026,7810101,Du lịch,C00,22.82,https://diemthi.tuyensinh247.com/diem-chuan/dai-hoc-sai-gon-SGD.html,2026-09-29T09:25:22+00:00
tuyensinh247_cutoffs,SGD,2026,7810101,Du lịch,C01,24.8,https://diemthi.tuyensinh247.com/diem-chuan/dai-hoc-sai-gon-SGD.html,2026-09-29T09:25:22+00:00
tuyensinh247_cutoffs,SGD,2026,7810202,Quản trị nhà hàng và dịch vụ ăn uống,A00,23.1,https://diemthi.tuyensinh247.com/diem-chuan/dai-hoc-sai-gon-SGD.html,2026-09-29T09:25:22+00:00
tuyensinh247_cutoffs,SGD,2026,7810202,Quản trị nhà hàng và dịch vụ ăn uống,A01,22.11,https://diemthi.tuyensinh247.com/diem-chuan/dai-hoc-sai-gon-SGD.html,2026-09-29T09:25:22+00:00
tuyensinh247_cutoffs,SGD,2026,7810202,Quản trị nhà hàng và dịch vụ ăn uống,C01,22.91,https://diemthi.tuyensinh247.com/diem-chuan/dai-hoc-sai-gon-SGD.html,2026-09-29T09:25:22+00:00
tuyensinh247_cutoffs,SGD,2026,7810202,Quản trị nhà hàng và dịch vụ ăn uống,D07,22.48,https://diemthi.tuyensinh247.com/diem-chuan/dai-hoc-sai-gon-SGD.html,2026-09-29T09:25:22+00:00
tuyensinh247_cutoffs,SGD,2026,7140205,Giáo dục chính trị,D01,25.03,https://diemthi.tuyensinh247.com/diem-chuan/dai-hoc-sai-gon-SGD.html,2026-09-29T09:25:22+00:00
tuyensinh247_cutoffs,SGD,2026,7140211,Sư phạm Vật lý,A00;A02;A03;A04;X05;X06;X07;X08,27.54,https://diemthi.tuyensinh247.com/diem-chuan/dai-hoc-sai-gon-SGD.html,2026-09-29T09:25:22+00:00
tuyensinh247_cutoffs,SGD,2026,7140212,Sư phạm Hóa học,A00;C02;A05;A06;X09;X10;X11;X12,27.43,https://diemthi.tuyensinh247.com/diem-chuan/dai-hoc-sai-gon-SGD.html,2026-09-29T09:25:22+00:00
tuyensinh247_cutoffs,SGD,2026,7140217,Sư phạm Ngữ văn,C00,26.31,https://diemthi.tuyensinh247.com/diem-chuan/dai-hoc-sai-gon-SGD.html,2026-09-29T09:25:22+00:00
tuyensinh247_cutoffs,SGD,2026,7140218,Sư phạm Lịch sử,C00;C03;C07;C10;C12;D14;X70;X71;X72;X73,26.8,https://diemthi.tuyensinh247.com/diem-chuan/dai-hoc-sai-gon-SGD.html,2026-09-29T09:25:22+00:00
tuyensinh247_cutoffs,SGD,2026,7140231,Sư phạm Tiếng Anh,D01;D11;D12;D13;D14;D15;X78;X79;X80;X81,27.5,https://diemthi.tuyensinh247.com/diem-chuan/dai-hoc-sai-gon-SGD.html,2026-09-29T09:25:22+00:00
tuyensinh247_cutoffs,SGD,2026,7140247,Sư phạm Khoa học tự nhiên (đào tạo giáo viên THCS),D07,26.09,https://diemthi.tuyensinh247.com/diem-chuan/dai-hoc-sai-gon-SGD.html,2026-09-29T09:25:22+00:00
tuyensinh247_cutoffs,SGD,2026,7140249,Sư phạm Lịch sử - Địa l�� (đào tạo giáo viên THCS),C00;C03;D14;X70;C07;C10;C12;X71;X72;X73;C04;D15;X74;C13;C09;C11;X75;X76;X77,25.59,https://diemthi.tuyensinh247.com/diem-chuan/dai-hoc-sai-gon-SGD.html,2026-09-29T09:25:22+00:00
tuyensinh247_cutoffs,SGD,2026,7229010,Lịch sử,C00;C03;C07;C10;C12;D14;X70;X71;X72;X73,25.48,https://diemthi.tuyensinh247.com/diem-chuan/dai-hoc-sai-gon-SGD.html,2026-09-29T09:25:22+00:00
tuyensinh247_cutoffs,SGD,2026,7310601,Quốc tế học,C01,23.8,https://diemthi.tuyensinh247.com/diem-chuan/dai-hoc-sai-gon-SGD.html,2026-09-29T09:25:22+00:00
tuyensinh247_cutoffs,SGD,2026,7310630,Việt Nam học,D01,23.39,https://diemthi.tuyensinh247.com/diem-chuan/dai-hoc-sai-gon-SGD.html,2026-09-29T09:25:22+00:00
tuyensinh247_cutoffs,SGD,2026,7320201,Thông tin - Thư viện,C01,24.04,https://diemthi.tuyensinh247.com/diem-chuan/dai-hoc-sai-gon-SGD.html,2026-09-29T09:25:22+00:00
tuyensinh247_cutoffs,SGD,2026,7340101,Quân trị kinh doanh,D01,22.06,https://diemthi.tuyensinh247.com/diem-chuan/dai-hoc-sai-gon-SGD.html,2026-09-29T09:25:22+00:00
tuyensinh247_cutoffs,SGD,2026,7340101,Quân trị kinh doanh,B00,22.76,https://diemthi.tuyensinh247.com/diem-chuan/dai-hoc-sai-gon-SGD.html,2026-09-29T09:25:22+00:00
tuyensinh247_cutoffs,SGD,2026,7340101C,Quản trị kinh doanh (Chương trình đào tạo chất lưọng cao),A01,20.05,https://diemthi.tuyensinh247.com/diem-chuan/dai-hoc-sai-gon-SGD.html,2026-09-29T09:25:22+00:00
tuyensinh247_cutoffs,SGD,2026,7340101C,Quản trị kinh doanh (Chương trình đào tạo chất lưọng cao),B00,21.33,https://diemthi.tuyensinh247.com/diem-chuan/dai-hoc-sai-gon-SGD.html,2026-09-29T09:25:22+00:00
tuyensinh247_cutoffs,SGD,2026,7340120,Kinh doanh quốc tế,D07,22.93,https://diemthi.tuyensinh247.com/diem-chuan/dai-hoc-sai-gon-SGD.html,2026-09-29T09:25:22+00:00
tuyensinh247_cutoffs,SGD,2026,7340120,Kinh doanh quốc tế,A01,22.56,https://diemthi.tuyensinh247.com/diem-chuan/dai-hoc-sai-gon-SGD.html,2026-09-29T09:25:22+00:00
tuyensinh247_cutoffs,SGD,2026,7340201,Tài chính - Ngân hàng,A00,22.54,https://diemthi.tuyensinh247.com/diem-chuan/dai-hoc-sai-gon-SGD.html,2026-09-29T09:25:22+00:00
tuyensinh247_cutoffs,SGD,2026,7340201,Tài chính - Ngân hàng,C01,22.35,https://diemthi.tuyensinh247.com/diem-chuan/dai-hoc-sai-gon-SGD.html,2026-09-29T09:25:22+00:00
tuyensinh247_cutoffs,SGD,2026,7340301,Kế toán,A01,22.11,https://diemthi.tuyensinh247.com/diem-chuan/dai-hoc-sai-gon-SGD.html,2026-09-29T09:25:22+00:00
tuyensinh247_cutoffs,SGD,2026,7340301C,Kế toán (Chương trình đào tạo chất lượng cao),A01,20.34,https://diemthi.tuyensinh247.com/diem-chuan/dai-hoc-sai-gon-SGD.html,2026-09-29T09:25:22+00:00
tuyensinh247_cutoffs,SGD,2026,7340301C,Kế toán (Chương trình đào tạo chất lượng cao),D07,20.71,https://diemthi.tuyensinh247.com/diem-chuan/dai-hoc-sai-gon-SGD.html,2026-09-29T09:25:22+00:00
tuyensinh247_cutoffs,SGD,2026,7340302,Kiểm toán,A01,23.12,https://diemthi.tuyensinh247.com/diem-chuan/dai-hoc-sai-gon-SGD.html,2026-09-29T09:25:22+00:00
tuyensinh247_cutoffs,SGD,2026,7340302,Kiểm toán,D01,23.7,https://diemthi.tuyensinh247.com/diem-chuan/dai-hoc-sai-gon-SGD.html,2026-09-29T09:25:22+00:00
tuyensinh247_cutoffs,SGD,2026,7340406,Quản trị văn phòng,C01,23.22,https://diemthi.tuyensinh247.com/diem-chuan/dai-hoc-sai-gon-SGD.html,2026-09-29T09:25:22+00:00
tuyensinh247_cutoffs,SGD,2026,7440301,Khoa học môi trường,B00,22.44,https://diemthi.tuyensinh247.com/diem-chuan/dai-hoc-sai-gon-SGD.html,2026-09-29T09:25:22+00:00
tuyensinh247_cutoffs,SGD,2026,7440301,Khoa học môi trường,D01,21.74,https://diemthi.tuyensinh247.com/diem-chuan/dai-hoc-sai-gon-SGD.html,2026-09-29T09:25:22+00:00
tuyensinh247_cutoffs,SGD,2026,7460108,Khoa học dữ liệu,A01,22.45,https://diemthi.tuyensinh247.com/diem-chuan/dai-hoc-sai-gon-SGD.html,2026-09-29T09:25:22+00:00
tuyensinh247_cutoffs,SGD,2026,7460108,Khoa học dữ liệu,D07,22.82,https://diemthi.tuyensinh247.com/diem-chuan/dai-hoc-sai-gon-SGD.html,2026-09-29T09:25:22+00:00
tuyensinh247_cutoffs,SGD,2026,7460112,Toán ứng dụng,B00,26.18,https://diemthi.tuyensinh247.com/diem-chuan/dai-hoc-sai-gon-SGD.html,2026-09-29T09:25:22+00:00
tuyensinh247_cutoffs,SGD,2026,7480103,Kỹ thuật phần mềm,D01,22.06,https://diemthi.tuyensinh247.com/diem-chuan/dai-hoc-sai-gon-SGD.html,2026-09-29T09:25:22+00:00
tuyensinh247_cutoffs,SGD,2026,7480103,Kỹ thuật phần mềm,B00,22.76,https://diemthi.tuyensinh247.com/diem-chuan/dai-hoc-sai-gon-SGD.html,2026-09-29T09:25:22+00:00
tuyensinh247_cutoffs,SGD,2026,7480107,Tri tuệ nhân tạo,A00,23.52,https://diemthi.tuyensinh247.com/diem-chuan/dai-hoc-sai-gon-SGD.html,2026-09-29T09:25:22+00:00
tuyensinh247_cutoffs,SGD,2026,7480107,Trí tuệ nhân tạo,A01,22.53,https://diemthi.tuyensinh247.com/diem-chuan/dai-hoc-sai-gon-SGD.html,2026-09-29T09:25:22+00:00
tuyensinh247_cutoffs,SGD,2026,7480201,Công nghệ thông tin,C01,20.91,https://diemthi.tuyensinh247.com/diem-chuan/dai-hoc-sai-gon-SGD.html,2026-09-29T09:25:22+00:00
tuyensinh247_cutoffs,SGD,2026,7480201C,Công nghệ thông tin (Chương trình đào tạo chất lượng cao),A01,16.48,https://diemthi.tuyensinh247.com/diem-chuan/dai-hoc-sai-gon-SGD.html,2026-09-29T09:25:22+00:00
tuyensinh247_cutoffs,SGD,2026,7510301,"Công nghệ kỹ thuật điện, điện tử",D07,23.12,https://diemthi.tuyensinh247.com/diem-chuan/dai-hoc-sai-gon-SGD.html,2026-09-29T09:25:22+00:00
tuyensinh247_cutoffs,SGD,2026,7510301,"Công nghệ kỹ thuật điện, điện tử",A00,24.47,https://diemthi.tuyensinh247.com/diem-chuan/dai-hoc-sai-gon-SGD.html,2026-09-29T09:25:22+00:00
tuyensinh247_cutoffs,SGD,2026,7510301,"Công nghệ kỹ thuật điện, điện tử",B00,24.76,https://diemthi.tuyensinh247.com/diem-chuan/dai-hoc-sai-gon-SGD.html,2026-09-29T09:25:22+00:00
tuyensinh247_cutoffs,SGD,2026,7510302,Công nghệ kỹ thuật điện tử - viễn thông,B00,24.9,https://diemthi.tuyensinh247.com/diem-chuan/dai-hoc-sai-gon-SGD.html,2026-09-29T09:25:22+00:00
tuyensinh247_cutoffs,SGD,2026,7510302,Công nghệ kỹ thuật điện tử - viễn thông,D07,23.98,https://diemthi.tuyensinh247.com/diem-chuan/dai-hoc-sai-gon-SGD.html,2026-09-29T09:25:22+00:00
tuyensinh247_cutoffs,SGD,2026,7510406,Công nghệ kỹ thuật môi trường,A00,21.8,https://diemthi.tuyensinh247.com/diem-chuan/dai-hoc-sai-gon-SGD.html,2026-09-29T09:25:22+00:00
tuyensinh247_cutoffs,SGD,2026,7510406,Công nghệ kỹ thuật môi trường,D07,21.18,https://diemthi.tuyensinh247.com/diem-chuan/dai-hoc-sai-gon-SGD.html,2026-09-29T09:25:22+00:00
tuyensinh247_cutoffs,SGD,2026,7520201,Kỹ thuật điện,B00,24.34,https://diemthi.tuyensinh247.com/diem-chuan/dai-hoc-sai-gon-SGD.html,2026-09-29T09:25:22+00:00
tuyensinh247_cutoffs,SGD,2026,7520207,Kỹ thuật điện từ - viễn thông (Thiết kế vi mạch),B00,24.03,https://diemthi.tuyensinh247.com/diem-chuan/dai-hoc-sai-gon-SGD.html,2026-09-29T09:25:22+00:00
tuyensinh247_cutoffs,SGD,2026,7520207,Kỹ thuật điện từ - viễn thông (Thiết kế vi mạch),A01,21.75,https://diemthi.tuyensinh247.com/diem-chuan/dai-hoc-sai-gon-SGD.html,2026-09-29T09:25:22+00:00
tuyensinh247_cutoffs,SGD,2026,7810202,Quản trị nhà hàng và dịch vụ ăn uống,B00,23.39,https://diemthi.tuyensinh247.com/diem-chuan/dai-hoc-sai-gon-SGD.html,2026-09-29T09:25:22+00:00
tuyensinh247_cutoffs,SGD,2026,7810202,Quản trị nhà hàng và dịch vụ ăn uống,D01,22.69,https://diemthi.tuyensinh247.com/diem-chuan/dai-hoc-sai-gon-SGD.html,2026-09-29T09:25:22+00:00
tuyensinh247_cutoffs,YDS,2026,7310401,Tâm lý học,A00,25.25,https://diemthi.tuyensinh247.com/diem-chuan/dai-hoc-y-duoc-tphcm-YDS.html,2026-09-29T09:25:24+00:00
tuyensinh247_cutoffs,YDS,2026,7310401,Tâm lý học,D01,23.48,https://diemthi.tuyensinh247.com/diem-chuan/dai-hoc-y-duoc-tphcm-YDS.html,2026-09-29T09:25:24+00:00
tuyensinh247_cutoffs,YDS,2026,7720101,Y khoa,B00,27.95,https://diemthi.tuyensinh247.com/diem-chuan/dai-hoc-y-duoc-tphcm-YDS.html,2026-09-29T09:25:24+00:00
tuyensinh247_cutoffs,YDS,2026,7720110,Y học dự phòng,B08,20,https://diemthi.tuyensinh247.com/diem-chuan/dai-hoc-y-duoc-tphcm-YDS.html,2026-09-29T09:25:24+00:00
tuyensinh247_cutoffs,YDS,2026,7720115,Y học cồ truyền,B00,23.63,https://diemthi.tuyensinh247.com/diem-chuan/dai-hoc-y-duoc-tphcm-YDS.html,2026-09-29T09:25:24+00:00
tuyensinh247_cutoffs,YDS,2026,7720115,Y học cồ truyền,D07,22.25,https://diemthi.tuyensinh247.com/diem-chuan/dai-hoc-y-duoc-tphcm-YDS.html,2026-09-29T09:25:24+00:00
tuyensinh247_cutoffs,YDS,2026,7720201,Dược học,A00;B00,24,https://diemthi.tuyensinh247.com/diem-chuan/dai-hoc-y-duoc-tphcm-YDS.html,2026-09-29T09:25:24+00:00
tuyensinh247_cutoffs,YDS,2026,7720201,Dược học,D07,22.5,https://diemthi.tuyensinh247.com/diem-chuan/dai-hoc-y-duoc-tphcm-YDS.html,2026-09-29T09:25:24+00:00
tuyensinh247_cutoffs,YDS,2026,7720202,Công nghệ dược phẩm,D07,21.75,https://diemthi.tuyensinh247.com/diem-chuan/dai-hoc-y-duoc-tphcm-YDS.html,2026-09-29T09:25:24+00:00
tuyensinh247_cutoffs,YDS,2026,7720203,Hóa dược,A00;B00,24.8,https://diemthi.tuyensinh247.com/diem-chuan/dai-hoc-y-duoc-tphcm-YDS.html,2026-09-29T09:25:24+00:00
tuyensinh247_cutoffs,YDS,2026,7720301,Điều dưỡng,D07,21,https://diemthi.tuyensinh247.com/diem-chuan/dai-hoc-y-duoc-tphcm-YDS.html,2026-09-29T09:25:24+00:00
tuyensinh247_cutoffs,YDS,2026,772030103,Điều dưỡng chuyên ngành gây mê hồi sức,A00;B00,23,https://diemthi.tuyensinh247.com/diem-chuan/dai-hoc-y-duoc-tphcm-YDS.html,2026-09-29T09:25:24+00:00
tuyensinh247_cutoffs,YDS,2026,7720302,Hộ sinh,A00;B00,20.6,https://diemthi.tuyensinh247.com/diem-chuan/dai-hoc-y-duoc-tphcm-YDS.html,2026-09-29T09:25:24+00:00
tuyensinh247_cutoffs,YDS,2026,7720302,Hộ sinh,D07,19.25,https://diemthi.tuyensinh247.com/diem-chuan/dai-hoc-y-duoc-tphcm-YDS.html,2026-09-29T09:25:24+00:00
tuyensinh247_cutoffs,YDS,2026,7720401,Dinh dưỡng,A00;B00,21.7,https://diemthi.tuyensinh247.com/diem-chuan/dai-hoc-y-duoc-tphcm-YDS.html,2026-09-29T09:25:24+00:00
tuyensinh247_cutoffs,YDS,2026,7720501,Răng - Hàm - Mặt,B00,27.11,https://diemthi.tuyensinh247.com/diem-chuan/dai-hoc-y-duoc-tphcm-YDS.html,2026-09-29T09:25:24+00:00
tuyensinh247_cutoffs,YDS,2026,7720502,Kỹ thuật phục hình răng,A00;B00,22.75,https://diemthi.tuyensinh247.com/diem-chuan/dai-hoc-y-duoc-tphcm-YDS.html,2026-09-29T09:25:24+00:00
tuyensinh247_cutoffs,YDS,2026,7720601,Kỹ thuật xét nghiệm y học,D07,21.85,https://diemthi.tuyensinh247.com/diem-chuan/dai-hoc-y-duoc-tphcm-YDS.html,2026-09-29T09:25:24+00:00
tuyensinh247_cutoffs,YDS,2026,7720602,Kỹ thuật hình ảnh y học,A00;B00,22.6,https://diemthi.tuyensinh247.com/diem-chuan/dai-hoc-y-duoc-tphcm-YDS.html,2026-09-29T09:25:24+00:00
tuyensinh247_cutoffs,YDS,2026,7720602,Kỹ thuật hình ảnh y học,D07,21.25,https://diemthi.tuyensinh247.com/diem-chuan/dai-hoc-y-duoc-tphcm-YDS.html,2026-09-29T09:25:24+00:00
tuyensinh247_cutoffs,YDS,2026,7720603,Kỹ thuật phục hồi chức năng,D07,21.6,https://diemthi.tuyensinh247.com/diem-chuan/dai-hoc-y-duoc-tphcm-YDS.html,2026-09-29T09:25:24+00:00
tuyensinh247_cutoffs,YDS,2026,7720701,Y tế công cộng,A00;B00,19,https://diemthi.tuyensinh247.com/diem-chuan/dai-hoc-y-duoc-tphcm-YDS.html,2026-09-29T09:25:24+00:00
tuyensinh247_cutoffs,YDS,2026,7760101,Công tác xã hội,B00,19.75,https://diemthi.tuyensinh247.com/diem-chuan/dai-hoc-y-duoc-tphcm-YDS.html,2026-09-29T09:25:24+00:00
tuyensinh247_cutoffs,YDS,2026,7760101,Công tác xã hội,A00,20,https://diemthi.tuyensinh247.com/diem-chuan/dai-hoc-y-duoc-tphcm-YDS.html,2026-09-29T09:25:24+00:00
tuyensinh247_cutoffs,YDS,2026,7760101,Công tác xã hội,D01,18.25,https://diemthi.tuyensinh247.com/diem-chuan/dai-hoc-y-duoc-tphcm-YDS.html,2026-09-29T09:25:24+00:00
tuyensinh247_cutoffs,YDS,2026,7310401,Tâm lý học,B00,24.98,https://diemthi.tuyensinh247.com/diem-chuan/dai-hoc-y-duoc-tphcm-YDS.html,2026-09-29T09:25:24+00:00
tuyensinh247_cutoffs,YDS,2026,7720110,Y học dự phòng,A00;B00,20.75,https://diemthi.tuyensinh247.com/diem-chuan/dai-hoc-y-duoc-tphcm-YDS.html,2026-09-29T09:25:24+00:00
tuyensinh247_cutoffs,YDS,2026,7720115,Y học cồ truyền,B08,22.45,https://diemthi.tuyensinh247.com/diem-chuan/dai-hoc-y-duoc-tphcm-YDS.html,2026-09-29T09:25:24+00:00
tuyensinh247_cutoffs,YDS,2026,7720202,Công nghệ dược phẩm,A00;B00,23,https://diemthi.tuyensinh247.com/diem-chuan/dai-hoc-y-duoc-tphcm-YDS.html,2026-09-29T09:25:24+00:00
tuyensinh247_cutoffs,YDS,2026,7720203,Hóa dược,D07,23.5,https://diemthi.tuyensinh247.com/diem-chuan/dai-hoc-y-duoc-tphcm-YDS.html,2026-09-29T09:25:24+00:00
tuyensinh247_cutoffs,YDS,2026,7720301,Điều dưỡng,A00;B00,22.25,https://diemthi.tuyensinh247.com/diem-chuan/dai-hoc-y-duoc-tphcm-YDS.html,2026-09-29T09:25:24+00:00
tuyensinh247_cutoffs,YDS,2026,772030103,Điều dưỡng chuyên ngành gây mê hồi sức,D07,21.75,https://diemthi.tuyensinh247.com/diem-chuan/dai-hoc-y-duoc-tphcm-YDS.html,2026-09-29T09:25:24+00:00
tuyensinh247_cutoffs,YDS,2026,7720401,Dinh dưỡng,D07,20.25,https://diemthi.tuyensinh247.com/diem-chuan/dai-hoc-y-duoc-tphcm-YDS.html,2026-09-29T09:25:24+00:00
tuyensinh247_cutoffs,YDS,2026,7720601,Kỹ thuật xét nghiệm y học,A00;B00,23.35,https://diemthi.tuyensinh247.com/diem-chuan/dai-hoc-y-duoc-tphcm-YDS.html,2026-09-29T09:25:24+00:00
tuyensinh247_cutoffs,YDS,2026,7720603,Kỹ thuật phục hồi chức năng,A00;B00,23.1,https://diemthi.tuyensinh247.com/diem-chuan/dai-hoc-y-duoc-tphcm-YDS.html,2026-09-29T09:25:24+00:00
tuyensinh247_cutoffs,YDS,2026,7720701,Y tế công cộng,B08,18.85,https://diemthi.tuyensinh247.com/diem-chuan/dai-hoc-y-duoc-tphcm-YDS.html,2026-09-29T09:25:24+00:00
tuyensinh247_cutoffs,DKC,2026,7210205,Thanh nhạc,C00;D01;D14;D15;X78;N05,15,https://diemthi.tuyensinh247.com/diem-chuan/dai-hoc-cong-nghe-tphcm-DKC.html,2026-09-29T09:25:25+00:00
tuyensinh247_cutoffs,DKC,2026,7210403,Thiết kế đồ họa,A01;C00;C01;C03;C04;D01;D09;D10;H01;V00;X01;X25,15,https://diemthi.tuyensinh247.com/diem-chuan/dai-hoc-cong-nghe-tphcm-DKC.html,2026-09-29T09:25:25+00:00
tuyensinh247_cutoffs,DKC,2026,7210404,Thiết kế thời trang,A01;C00;C01;C03;C04;D01;D09;D10;H01;V00;X01;X25,15,https://diemthi.tuyensinh247.com/diem-chuan/dai-hoc-cong-nghe-tphcm-DKC.html,2026-09-29T09:25:25+00:00
tuyensinh247_cutoffs,DKC,2026,7220201,Ngôn ngữ Anh,A01;AH3;C00;C01;C03;C04;D01;D03;D04;D06;D11;D14;D15;D28;D29;D30;D43;D44;D45;D53;D54;D55;D63;D64;D65;DD2;DH1;DH3;DH5;X25;X33;X37;X45;X49;X78;X79;X86;X87;X90;X91;X98;X99;Y03;Y04,15,https://diemthi.tuyensinh247.com/diem-chuan/dai-hoc-cong-nghe-tphcm-DKC.html,2026-09-29T09:25:25+00:00
tuyensinh247_cutoffs,DKC,2026,7220201E,Ngôn ngữ Anh (tiếng Anh),A01;AH3;C00;C01;C03;C04;D01;D03;D04;D06;D11;D14;D15;D28;D29;D30;D43;D44;D45;D53;D54;D55;D63;D64;D65;DD2;DH1;DH3;DH5;X25;X33;X37;X45;X49;X78;X79;X86;X87;X90;X91;X98;X99;Y03;Y04,15,https://diemthi.tuyensinh247.com/diem-chuan/dai-hoc-cong-nghe-tphcm-DKC.html,2026-09-29T09:25:25+00:00
tuyensinh247_cutoffs,DKC,2026,7220209,Ngôn ngữ Nhật,A01;AH3;C00;C01;C03;C04;D01;D03;D04;D06;D11;D14;D15;D28;D29;D30;D43;D44;D45;D53;D54;D55;D63;D64;D65;DD2;DH1;DH3;DH5;X25;X33;X37;X45;X49;X78;X79;X86;X87;X90;X91;X98;X99;Y03;Y04,15,https://diemthi.tuyensinh247.com/diem-chuan/dai-hoc-cong-nghe-tphcm-DKC.html,2026-09-29T09:25:25+00:00
tuyensinh247_cutoffs,DKC,2026,7220210,Ngôn ngữ Hàn Quốc,A01;AH3;C00;C01;C03;C04;D01;D03;D04;D06;D11;D14;D15;D28;D29;D30;D43;D44;D45;D53;D54;D55;D63;D64;D65;DD2;DH1;DH3;DH5;X25;X33;X37;X45;X49;X78;X79;X86;X87;X90;X91;X98;X99;Y03;Y04,15,https://diemthi.tuyensinh247.com/diem-chuan/dai-hoc-cong-nghe-tphcm-DKC.html,2026-09-29T09:25:25+00:00
tuyensinh247_cutoffs,DKC,2026,7310401,Tâm lý học,A00;A01;C00;C03;C04;D01;D09;D10;D14;D15;X78;X01,15,https://diemthi.tuyensinh247.com/diem-chuan/dai-hoc-cong-nghe-tphcm-DKC.html,2026-09-29T09:25:25+00:00
tuyensinh247_cutoffs,DKC,2026,7320104,Truyền thông đa phương tiện,A00;A01;C00;C03;C04;D01;D09;D10;D14;D15;X78;X01,15,https://diemthi.tuyensinh247.com/diem-chuan/dai-hoc-cong-nghe-tphcm-DKC.html,2026-09-29T09:25:25+00:00
tuyensinh247_cutoffs,DKC,2026,7320108,Quan hệ công chúng,A00;A01;C00;C03;C04;D01;D09;D10;D14;D15;X78;X01,15,https://diemthi.tuyensinh247.com/diem-chuan/dai-hoc-cong-nghe-tphcm-DKC.html,2026-09-29T09:25:25+00:00
tuyensinh247_cutoffs,DKC,2026,7320108E,Quan hệ công chúng (tiếng Anh),A00;A01;C00;C03;C04;D01;D09;D10;D14;D15;X78;X01,15,https://diemthi.tuyensinh247.com/diem-chuan/dai-hoc-cong-nghe-tphcm-DKC.html,2026-09-29T09:25:25+00:00
tuyensinh247_cutoffs,DKC,2026,7340101E,Quản trị kinh doanh (tiếng Anh),A00;A01;C00;C03;C04;D01;D09;D10;D14;D15;X78;X01,15,https://diemthi.tuyensinh247.com/diem-chuan/dai-hoc-cong-nghe-tphcm-DKC.html,2026-09-29T09:25:25+00:00
tuyensinh247_cutoffs,DKC,2026,7340101I1,Quản trị và pháp chế doanh nghiệp,A00;A01;C00;C03;C04;D01;D09;D10;D14;D15;X78;X01,15,https://diemthi.tuyensinh247.com/diem-chuan/dai-hoc-cong-nghe-tphcm-DKC.html,2026-09-29T09:25:25+00:00
tuyensinh247_cutoffs,DKC,2026,7340114E,Digital Marketing (tiếng Anh),A00;A01;C00;C03;C04;D01;D09;D10;D14;D15;X78;X01,15,https://diemthi.tuyensinh247.com/diem-chuan/dai-hoc-cong-nghe-tphcm-DKC.html,2026-09-29T09:25:25+00:00
tuyensinh247_cutoffs,DKC,2026,7340115,Marketing,A00;A01;C00;C03;C04;D01;D09;D10;D14;D15;X78;X01,15,https://diemthi.tuyensinh247.com/diem-chuan/dai-hoc-cong-nghe-tphcm-DKC.html,2026-09-29T09:25:25+00:00
tuyensinh247_cutoffs,DKC,2026,7340115E,Marketing (tiếng Anh),A00;A01;C00;C03;C04;D01;D09;D10;D14;D15;X78;X01,15,https://diemthi.tuyensinh247.com/diem-chuan/dai-hoc-cong-nghe-tphcm-DKC.html,2026-09-29T09:25:25+00:00
tuyensinh247_cutoffs,DKC,2026,7340116,Bất động sản,A00;A01;C00;C03;C04;D01;D09;D10;D14;D15;X78;X01,15,https://diemthi.tuyensinh247.com/diem-chuan/dai-hoc-cong-nghe-tphcm-DKC.html,2026-09-29T09:25:25+00:00
tuyensinh247_cutoffs,DKC,2026,7340120,Kinh doanh quốc tế,A00;A01;C00;C03;C04;D01;D09;D10;D14;D15;X78;X01,15,https://diemthi.tuyensinh247.com/diem-chuan/dai-hoc-cong-nghe-tphcm-DKC.html,2026-09-29T09:25:25+00:00
tuyensinh247_cutoffs,DKC,2026,7340121,Kinh doanh thương mại,A00;A01;C00;C03;C04;D01;D09;D10;D14;D15;X78;X01,15,https://diemthi.tuyensinh247.com/diem-chuan/dai-hoc-cong-nghe-tphcm-DKC.html,2026-09-29T09:25:25+00:00
tuyensinh247_cutoffs,DKC,2026,7340122,Thương mại điện tử,A00;A01;C00;C03;C04;D01;D09;D10;D14;D15;X78;X01,15,https://diemthi.tuyensinh247.com/diem-chuan/dai-hoc-cong-nghe-tphcm-DKC.html,2026-09-29T09:25:25+00:00
tuyensinh247_cutoffs,DKC,2026,7340205,Công nghệ tài chính,A00;A01;C00;C03;C04;D01;D09;D10;D14;D15;X78;X01,15,https://diemthi.tuyensinh247.com/diem-chuan/dai-hoc-cong-nghe-tphcm-DKC.html,2026-09-29T09:25:25+00:00
tuyensinh247_cutoffs,DKC,2026,7340301,Kế toán,A00;A01;C00;C03;C04;D01;D09;D10;D14;D15;X78;X01,15,https://diemthi.tuyensinh247.com/diem-chuan/dai-hoc-cong-nghe-tphcm-DKC.html,2026-09-29T09:25:25+00:00
tuyensinh247_cutoffs,DKC,2026,7340412,Quản trị sự kiện,A00;A01;C00;C03;C04;D01;D09;D10;D14;D15;X78;X01,15,https://diemthi.tuyensinh247.com/diem-chuan/dai-hoc-cong-nghe-tphcm-DKC.html,2026-09-29T09:25:25+00:00
tuyensinh247_cutoffs,DKC,2026,7380101,Luật,A00;A01;C00;C03;C04;D01;D09;D10;D14;D15;X78;X01,20,https://diemthi.tuyensinh247.com/diem-chuan/dai-hoc-cong-nghe-tphcm-DKC.html,2026-09-29T09:25:25+00:00
tuyensinh247_cutoffs,DKC,2026,7420201,Công nghệ sinh học,A00;B01;B02;B03;X13;C01;C02;C03;C04;D01;X01;X14,15,https://diemthi.tuyensinh247.com/diem-chuan/dai-hoc-cong-nghe-tphcm-DKC.html,2026-09-29T09:25:25+00:00
tuyensinh247_cutoffs,DKC,2026,7420207,Công nghệ thẩm mỹ,A00;B01;B02;B03;X13;C01;C02;C03;C04;D01;X01;X14,15,https://diemthi.tuyensinh247.com/diem-chuan/dai-hoc-cong-nghe-tphcm-DKC.html,2026-09-29T09:25:25+00:00
tuyensinh247_cutoffs,DKC,2026,7480101,Khoa học máy tính,A00;A01;C01;C02;C03;C04;D01;D09;D10;X01;X02;X03,15,https://diemthi.tuyensinh247.com/diem-chuan/dai-hoc-cong-nghe-tphcm-DKC.html,2026-09-29T09:25:25+00:00
tuyensinh247_cutoffs,DKC,2026,7480106,Kỹ thuật máy tính,A00;A01;C01;C02;C03;C04;D01;D09;D10;X01;X02;X03,15,https://diemthi.tuyensinh247.com/diem-chuan/dai-hoc-cong-nghe-tphcm-DKC.html,2026-09-29T09:25:25+00:00
tuyensinh247_cutoffs,DKC,2026,7480201,Công nghệ thông tin,A00;A01;C01;C02;C03;C04;D01;D09;D10;X01;X02;X03,15,https://diemthi.tuyensinh247.com/diem-chuan/dai-hoc-cong-nghe-tphcm-DKC.html,2026-09-29T09:25:25+00:00
tuyensinh247_cutoffs,DKC,2026,7480201E,Công nghệ thông tin (tiếng Anh),A00;A01;C01;C02;C03;C04;D01;D09;D10;X01;X02;X03,15,https://diemthi.tuyensinh247.com/diem-chuan/dai-hoc-cong-nghe-tphcm-DKC.html,2026-09-29T09:25:25+00:00
tuyensinh247_cutoffs,DKC,2026,7480202,An toàn thông tin,A00;A01;C01;C02;C03;C04;D01;D09;D10;X01;X02;X03,15,https://diemthi.tuyensinh247.com/diem-chuan/dai-hoc-cong-nghe-tphcm-DKC.html,2026-09-29T09:25:25+00:00
tuyensinh247_cutoffs,DKC,2026,7510205,Công nghệ kỹ thuật ô tô,A00;A01;C01;C02;C03;C04;D01;D09;D10;X01;X02;X03,15,https://diemthi.tuyensinh247.com/diem-chuan/dai-hoc-cong-nghe-tphcm-DKC.html,2026-09-29T09:25:25+00:00
tuyensinh247_cutoffs,DKC,2026,7510205E,Công nghệ kỹ thuật ô tô (tiếng Anh),A00;A01;C01;C02;C03;C04;D01;D09;D10;X01;X02;X03,15,https://diemthi.tuyensinh247.com/diem-chuan/dai-hoc-cong-nghe-tphcm-DKC.html,2026-09-29T09:25:25+00:00
tuyensinh247_cutoffs,DKC,2026,7510605,Logistics và quản lý chuỗi cung ứng,A00;A01;C00;C03;C04;D01;D09;D10;D14;D15;X78;X01,15,https://diemthi.tuyensinh247.com/diem-chuan/dai-hoc-cong-nghe-tphcm-DKC.html,2026-09-29T09:25:25+00:00
tuyensinh247_cutoffs,DKC,2026,7510605E,Logistics và quản lý chuỗi cung ứng (tiếng Anh),A00;A01;C00;C03;C04;D01;D09;D10;D14;D15;X78;X01,15,https://diemthi.tuyensinh247.com/diem-chuan/dai-hoc-cong-nghe-tphcm-DKC.html,2026-09-29T09:25:25+00:00
tuyensinh247_cutoffs,DKC,2026,7520114,Kỹ thuật cơ điện tử,A00;A01;C01;C02;C03;C04;D01;D09;D10;X01;X02;X03,15,https://diemthi.tuyensinh247.com/diem-chuan/dai-hoc-cong-nghe-tphcm-DKC.html,2026-09-29T09:25:25+00:00
tuyensinh247_cutoffs,DKC,2026,7520114E,Kỹ thuật cơ điện tử (tiếng Anh),A00;A01;C01;C02;C03;C04;D01;D09;D10;X01;X02;X03,15,https://diemthi.tuyensinh247.com/diem-chuan/dai-hoc-cong-nghe-tphcm-DKC.html,2026-09-29T09:25:25+00:00
tuyensinh247_cutoffs,DKC,2026,7520141I1,Công nghệ ô tô thông minh,A00;A01;C01;C02;C03;C04;D01;D09;D10;X01;X02;X03,15,https://diemthi.tuyensinh247.com/diem-chuan/dai-hoc-cong-nghe-tphcm-DKC.html,2026-09-29T09:25:25+00:00
tuyensinh247_cutoffs,DKC,2026,7520201,Kỹ thuật điện,A00;A01;C01;C02;C03;C04;D01;D09;D10;X01;X02;X03,15,https://diemthi.tuyensinh247.com/diem-chuan/dai-hoc-cong-nghe-tphcm-DKC.html,2026-09-29T09:25:25+00:00
tuyensinh247_cutoffs,DKC,2026,7520207,Kỹ thuật điện tử - viễn thông,A00;A01;C01;C02;C03;C04;D01;D09;D10;X01;X02;X03,15,https://diemthi.tuyensinh247.com/diem-chuan/dai-hoc-cong-nghe-tphcm-DKC.html,2026-09-29T09:25:25+00:00
tuyensinh247_cutoffs,DKC,2026,7520216,Kỹ thuật điều khiển và tự động hóa,A00;A01;C01;C02;C03;C04;D01;D09;D10;X01;X02;X03,15,https://diemthi.tuyensinh247.com/diem-chuan/dai-hoc-cong-nghe-tphcm-DKC.html,2026-09-29T09:25:25+00:00
tuyensinh247_cutoffs,DKC,2026,7540101,Công nghệ thực phẩm,A00;B01;B02;B03;X13;C01;C02;C03;C04;D01;X01;X14,15,https://diemthi.tuyensinh247.com/diem-chuan/dai-hoc-cong-nghe-tphcm-DKC.html,2026-09-29T09:25:25+00:00
tuyensinh247_cutoffs,DKC,2026,7580101,Kiến trúc,A01;C00;C01;C03;C04;D01;D09;D10;H01;V00;X01;X25,15,https://diemthi.tuyensinh247.com/diem-chuan/dai-hoc-cong-nghe-tphcm-DKC.html,2026-09-29T09:25:25+00:00
tuyensinh247_cutoffs,DKC,2026,7580201,Kỹ thuật xây dựng,A00;A01;C01;C02;C03;C04;D01;D09;D10;X01;X02;X03,15,https://diemthi.tuyensinh247.com/diem-chuan/dai-hoc-cong-nghe-tphcm-DKC.html,2026-09-29T09:25:25+00:00
tuyensinh247_cutoffs,DKC,2026,7580302,Quản lý xây dựng,A00;A01;C01;C02;C03;C04;D01;D09;D10;X01;X02;X03,15,https://diemthi.tuyensinh247.com/diem-chuan/dai-hoc-cong-nghe-tphcm-DKC.html,2026-09-29T09:25:25+00:00
tuyensinh247_cutoffs,DKC,2026,7640101I1,Thú y công nghệ số,A00;B01;B02;B03;X13;C01;C02;C03;C04;D01;X01;X14,15,https://diemthi.tuyensinh247.com/diem-chuan/dai-hoc-cong-nghe-tphcm-DKC.html,2026-09-29T09:25:25+00:00
tuyensinh247_cutoffs,DKC,2026,7720101,Y khoa,A00;B00;B03;C02;D07;D08,22,https://diemthi.tuyensinh247.com/diem-chuan/dai-hoc-cong-nghe-tphcm-DKC.html,2026-09-29T09:25:25+00:00
tuyensinh247_cutoffs,DKC,2026,7720601,Kỹ thuật xét nghiệm y học,A00;B00;B03;C02;D07;D08,18,https://diemthi.tuyensinh247.com/diem-chuan/dai-hoc-cong-nghe-tphcm-DKC.html,2026-09-29T09:25:25+00:00
tuyensinh247_cutoffs,DKC,2026,7810103,Quản trị dịch vụ du lịch và lữ hành,A00;A01;C00;C03;C04;D01;D09;D10;D14;D15;X78;X01,15,https://diemthi.tuyensinh247.com/diem-chuan/dai-hoc-cong-nghe-tphcm-DKC.html,2026-09-29T09:25:25+00:00
tuyensinh247_cutoffs,DKC,2026,7810202,Quản trị nhà hàng và dịch vụ ăn uống,A00;A01;C00;C03;C04;D01;D09;D10;D14;D15;X78;X01,15,https://diemthi.tuyensinh247.com/diem-chuan/dai-hoc-cong-nghe-tphcm-DKC.html,2026-09-29T09:25:25+00:00
tuyensinh247_cutoffs,DKC,2026,7810301,Quản lý thể dục thể thao,A00;A01;C00;C03;C04;D01;D09;D10;D14;D15;X78;X01,15,https://diemthi.tuyensinh247.com/diem-chuan/dai-hoc-cong-nghe-tphcm-DKC.html,2026-09-29T09:25:25+00:00
tuyensinh247_cutoffs,DKC,2026,WE7340101,"Quản trị kinh doanh - Trường Đại học West of England (UWE Bristol), Vương Quốc Anh",A00;A01;C00;C03;C04;D01;D09;D10;D14;D15;X78;X01,15,https://diemthi.tuyensinh247.com/diem-chuan/dai-hoc-cong-nghe-tphcm-DKC.html,2026-09-29T09:25:25+00:00
tuyensinh247_cutoffs,DKC,2026,WE7340115,"Marketing - Trường Đại học West of England (UWE Bristol), Vương Quốc Anh",A00;A01;C00;C03;C04;D01;D09;D10;D14;D15;X78;X01,15,https://diemthi.tuyensinh247.com/diem-chuan/dai-hoc-cong-nghe-tphcm-DKC.html,2026-09-29T09:25:25+00:00
tuyensinh247_cutoffs,DKC,2026,7210302,"Công nghệ điện ảnh, truyền hình",A01;C00;C01;C03;C04;D01;D09;D10;H01;V00;X01;X25,15,https://diemthi.tuyensinh247.com/diem-chuan/dai-hoc-cong-nghe-tphcm-DKC.html,2026-09-29T09:25:25+00:00
tuyensinh247_cutoffs,DKC,2026,7210408,Digital Art (Nghệ thuật số),A01;C00;C01;C03;C04;D01;D09;D10;H01;V00;X01;X25,15,https://diemthi.tuyensinh247.com/diem-chuan/dai-hoc-cong-nghe-tphcm-DKC.html,2026-09-29T09:25:25+00:00
tuyensinh247_cutoffs,DKC,2026,7220204,Ngôn ngữ Trung Quốc,A01;AH3;C00;C01;C03;C04;D01;D03;D04;D06;D11;D14;D15;D28;D29;D30;D43;D44;D45;D53;D54;D55;D63;D64;D65;DD2;DH1;DH3;DH5;X25;X33;X37;X45;X49;X78;X79;X86;X87;X90;X91;X98;X99;Y03;Y04,15,https://diemthi.tuyensinh247.com/diem-chuan/dai-hoc-cong-nghe-tphcm-DKC.html,2026-09-29T09:25:25+00:00
tuyensinh247_cutoffs,DKC,2026,7310109,Kinh tế số,A00;A01;C00;C03;C04;D01;D09;D10;D14;D15;X78;X01,15,https://diemthi.tuyensinh247.com/diem-chuan/dai-hoc-cong-nghe-tphcm-DKC.html,2026-09-29T09:25:25+00:00
tuyensinh247_cutoffs,DKC,2026,7320104E,Truyền thông đa phương tiện (tiếng Anh),A00;A01;C00;C03;C04;D01;D09;D10;D14;D15;X78;X01,15,https://diemthi.tuyensinh247.com/diem-chuan/dai-hoc-cong-nghe-tphcm-DKC.html,2026-09-29T09:25:25+00:00
tuyensinh247_cutoffs,DKC,2026,7340101,Quản trị kinh doanh,A00;A01;C00;C03;C04;D01;D09;D10;D14;D15;X78;X01,15,https://diemthi.tuyensinh247.com/diem-chuan/dai-hoc-cong-nghe-tphcm-DKC.html,2026-09-29T09:25:25+00:00
tuyensinh247_cutoffs,DKC,2026,7340114,Digital Marketing,A00;A01;C00;C03;C04;D01;D09;D10;D14;D15;X78;X01,15,https://diemthi.tuyensinh247.com/diem-chuan/dai-hoc-cong-nghe-tphcm-DKC.html,2026-09-29T09:25:25+00:00
tuyensinh247_cutoffs,DKC,2026,7340115I1,Marketing và truyền thông sáng tạo,A00;A01;C00;C03;C04;D01;D09;D10;D14;D15;X78;X01,15,https://diemthi.tuyensinh247.com/diem-chuan/dai-hoc-cong-nghe-tphcm-DKC.html,2026-09-29T09:25:25+00:00
tuyensinh247_cutoffs,DKC,2026,7340120E,Kinh doanh quốc tế (tiếng Anh),A00;A01;C00;C03;C04;D01;D09;D10;D14;D15;X78;X01,15,https://diemthi.tuyensinh247.com/diem-chuan/dai-hoc-cong-nghe-tphcm-DKC.html,2026-09-29T09:25:25+00:00
tuyensinh247_cutoffs,DKC,2026,7340201,Tài chính - Ngân hàng,A00;A01;C00;C03;C04;D01;D09;D10;D14;D15;X78;X01,15,https://diemthi.tuyensinh247.com/diem-chuan/dai-hoc-cong-nghe-tphcm-DKC.html,2026-09-29T09:25:25+00:00
tuyensinh247_cutoffs,DKC,2026,7340404,Quản trị nhân lực,A00;A01;C00;C03;C04;D01;D09;D10;D14;D15;X78;X01,15,https://diemthi.tuyensinh247.com/diem-chuan/dai-hoc-cong-nghe-tphcm-DKC.html,2026-09-29T09:25:25+00:00
tuyensinh247_cutoffs,DKC,2026,7340405,Hệ thống thông tin quản lý,A00;A01;C00;C03;C04;D01;D09;D10;D14;D15;X78;X01,15,https://diemthi.tuyensinh247.com/diem-chuan/dai-hoc-cong-nghe-tphcm-DKC.html,2026-09-29T09:25:25+00:00
tuyensinh247_cutoffs,DKC,2026,7380107,Luật kinh tế,A00;A01;C00;C03;C04;D01;D09;D10;D14;D15;X78;X01,20,https://diemthi.tuyensinh247.com/diem-chuan/dai-hoc-cong-nghe-tphcm-DKC.html,2026-09-29T09:25:25+00:00
tuyensinh247_cutoffs,DKC,2026,7460108,Khoa học dữ liệu,A00;A01;C01;C02;C03;C04;D01;D09;D10;X01;X02;X03,15,https://diemthi.tuyensinh247.com/diem-chuan/dai-hoc-cong-nghe-tphcm-DKC.html,2026-09-29T09:25:25+00:00
tuyensinh247_cutoffs,DKC,2026,7480107,Trí tuệ nhân tạo,A00;A01;C01;C02;C03;C04;D01;D09;D10;X01;X02;X03,15,https://diemthi.tuyensinh247.com/diem-chuan/dai-hoc-cong-nghe-tphcm-DKC.html,2026-09-29T09:25:25+00:00
tuyensinh247_cutoffs,DKC,2026,7480208,An ninh mạng,A00;A01;C01;C02;C03;C04;D01;D09;D10;X01;X02;X03,15,https://diemthi.tuyensinh247.com/diem-chuan/dai-hoc-cong-nghe-tphcm-DKC.html,2026-09-29T09:25:25+00:00
tuyensinh247_cutoffs,DKC,2026,7510209,Robot và trí tuệ nhân tạo,A00;A01;C01;C02;C03;C04;D01;D09;D10;X01;X02;X03,15,https://diemthi.tuyensinh247.com/diem-chuan/dai-hoc-cong-nghe-tphcm-DKC.html,2026-09-29T09:25:25+00:00
tuyensinh247_cutoffs,DKC,2026,7520103,Kỹ thuật cơ khí,A00;A01;C01;C02;C03;C04;D01;D09;D10;X01;X02;X03,15,https://diemthi.tuyensinh247.com/diem-chuan/dai-hoc-cong-nghe-tphcm-DKC.html,2026-09-29T09:25:25+00:00
tuyensinh247_cutoffs,DKC,2026,7520141,Công nghệ ô tô điện,A00;A01;C01;C02;C03;C04;D01;D09;D10;X01;X02;X03,15,https://diemthi.tuyensinh247.com/diem-chuan/dai-hoc-cong-nghe-tphcm-DKC.html,2026-09-29T09:25:25+00:00
tuyensinh247_cutoffs,DKC,2026,7580108,Thiết kế nội thất,A01;C00;C01;C03;C04;D01;D09;D10;H01;V00;X01;X25,15,https://diemthi.tuyensinh247.com/diem-chuan/dai-hoc-cong-nghe-tphcm-DKC.html,2026-09-29T09:25:25+00:00
tuyensinh247_cutoffs,DKC,2026,7640101,Thú y,A00;B01;B02;B03;X13;C01;C02;C03;C04;D01;X01;X14,15,https://diemthi.tuyensinh247.com/diem-chuan/dai-hoc-cong-nghe-tphcm-DKC.html,2026-09-29T09:25:25+00:00
tuyensinh247_cutoffs,DKC,2026,7720201,Dược học,A00;B00;B03;C02;D07;D08,20,https://diemthi.tuyensinh247.com/diem-chuan/dai-hoc-cong-nghe-tphcm-DKC.html,2026-09-29T09:25:25+00:00
tuyensinh247_cutoffs,DKC,2026,7720301,Điều dưỡng,A00;B00;B03;C02;D07;D08,18,https://diemthi.tuyensinh247.com/diem-chuan/dai-hoc-cong-nghe-tphcm-DKC.html,2026-09-29T09:25:25+00:00
tuyensinh247_cutoffs,DKC,2026,7810201,Quản trị khách sạn,A00;A01;C00;C03;C04;D01;D09;D10;D14;D15;X78;X01,15,https://diemthi.tuyensinh247.com/diem-chuan/dai-hoc-cong-nghe-tphcm-DKC.html,2026-09-29T09:25:25+00:00
tuyensinh247_cutoffs,DKC,2026,LU7340101,"Quản trị kinh doanh - Trường Đại học Lincoln, Hoa Kỳ",A00;A01;C00;C03;C04;D01;D09;D10;D14;D15;X78;X01,15,https://diemthi.tuyensinh247.com/diem-chuan/dai-hoc-cong-nghe-tphcm-DKC.html,2026-09-29T09:25:25+00:00
tuyensinh247_cutoffs,DVL,2025,7210205,Thanh nhạc,N00,18,https://diemthi.tuyensinh247.com/diem-chuan/dai-hoc-van-lang-DVL.html,2026-09-29T09:25:27+00:00
tuyensinh247_cutoffs,DVL,2025,7210234,"Diễn viên kịch, điện ảnh - truyền hình",S00,18,https://diemthi.tuyensinh247.com/diem-chuan/dai-hoc-van-lang-DVL.html,2026-09-29T09:25:27+00:00
tuyensinh247_cutoffs,DVL,2025,7210235,"Đạo diễn điện ảnh, truyền hình",S00,18,https://diemthi.tuyensinh247.com/diem-chuan/dai-hoc-van-lang-DVL.html,2026-09-29T09:25:27+00:00
tuyensinh247_cutoffs,DVL,2025,7210302,"Công nghệ điện ảnh, truyền hình",A00;A01;C00;C01;D01;X78,15,https://diemthi.tuyensinh247.com/diem-chuan/dai-hoc-van-lang-DVL.html,2026-09-29T09:25:27+00:00
tuyensinh247_cutoffs,DVL,2025,7210402,Thiết kế công nghiệp,H01;H04;H06;H07;H08,15,https://diemthi.tuyensinh247.com/diem-chuan/dai-hoc-van-lang-DVL.html,2026-09-29T09:25:27+00:00
tuyensinh247_cutoffs,DVL,2025,7210403,Thiết kế đồ họa,H01;H04;H06;H07;H08,15,https://diemthi.tuyensinh247.com/diem-chuan/dai-hoc-van-lang-DVL.html,2026-09-29T09:25:27+00:00
tuyensinh247_cutoffs,DVL,2025,7210409,Thiết kế Mỹ thuật số,H01;H04;H06;H07;H08,15,https://diemthi.tuyensinh247.com/diem-chuan/dai-hoc-van-lang-DVL.html,2026-09-29T09:25:27+00:00
tuyensinh247_cutoffs,DVL,2025,7220201,Ngôn ngữ Anh,D01;D14;D15;X78,15,https://diemthi.tuyensinh247.com/diem-chuan/dai-hoc-van-lang-DVL.html,2026-09-29T09:25:27+00:00
tuyensinh247_cutoffs,DVL,2025,7220210,Ngôn ngữ Hàn Quốc,D01;D14;D15;DD2;X78,15,https://diemthi.tuyensinh247.com/diem-chuan/dai-hoc-van-lang-DVL.html,2026-09-29T09:25:27+00:00
tuyensinh247_cutoffs,DVL,2025,7229030,Văn học,C00;C03;C04;D01;D14;D15;X78,15,https://diemthi.tuyensinh247.com/diem-chuan/dai-hoc-van-lang-DVL.html,2026-09-29T09:25:27+00:00
tuyensinh247_cutoffs,DVL,2025,7310401,Tâm lý học,B03;B08;C02;D01,15,https://diemthi.tuyensinh247.com/diem-chuan/dai-hoc-van-lang-DVL.html,2026-09-29T09:25:27+00:00
tuyensinh247_cutoffs,DVL,2025,7310608,Đông phương học,C00;C03;C04;D01;D14;D15;X78,15,https://diemthi.tuyensinh247.com/diem-chuan/dai-hoc-van-lang-DVL.html,2026-09-29T09:25:27+00:00
tuyensinh247_cutoffs,DVL,2025,7320104,Truyền thông đa phương tiện,A00;A01;C00;C01;D01;X78,15,https://diemthi.tuyensinh247.com/diem-chuan/dai-hoc-van-lang-DVL.html,2026-09-29T09:25:27+00:00
tuyensinh247_cutoffs,DVL,2025,7320108,Quan hệ công chúng,A00;A01;C00;C01;D01;X78,15,https://diemthi.tuyensinh247.com/diem-chuan/dai-hoc-van-lang-DVL.html,2026-09-29T09:25:27+00:00
tuyensinh247_cutoffs,DVL,2025,7340101,Quản trị kinh doanh,A00;A01;C01;D01;D07;D10;X25,15,https://diemthi.tuyensinh247.com/diem-chuan/dai-hoc-van-lang-DVL.html,2026-09-29T09:25:27+00:00
tuyensinh247_cutoffs,DVL,2025,7340116,Bất động sản,A00;A01;C01;D01;D07;D10;X25,15,https://diemthi.tuyensinh247.com/diem-chuan/dai-hoc-van-lang-DVL.html,2026-09-29T09:25:27+00:00
tuyensinh247_cutoffs,DVL,2025,7340120,Kinh doanh quốc tế,A00;A01;C01;D01;D07;D10;X25,15,https://diemthi.tuyensinh247.com/diem-chuan/dai-hoc-van-lang-DVL.html,2026-09-29T09:25:27+00:00
tuyensinh247_cutoffs,DVL,2025,7340122,Thương mại điện tử,A00;A01;C01;D01;D07;D10;X25,15,https://diemthi.tuyensinh247.com/diem-chuan/dai-hoc-van-lang-DVL.html,2026-09-29T09:25:27+00:00
tuyensinh247_cutoffs,DVL,2025,7340201,Tài chính - Ngân hàng,A00;A01;C01;D01;D07;D10;X25,15,https://diemthi.tuyensinh247.com/diem-chuan/dai-hoc-van-lang-DVL.html,2026-09-29T09:25:27+00:00
tuyensinh247_cutoffs,DVL,2025,7340205,Công nghệ tài chính,A00;A01;C01;D01;D07;D10;X25,15,https://diemthi.tuyensinh247.com/diem-chuan/dai-hoc-van-lang-DVL.html,2026-09-29T09:25:27+00:00
tuyensinh247_cutoffs,DVL,2025,7380101,Luật,C00;D01;D09;D10;D14;D15;X25,15,https://diemthi.tuyensinh247.com/diem-chuan/dai-hoc-van-lang-DVL.html,2026-09-29T09:25:27+00:00
tuyensinh247_cutoffs,DVL,2025,7380107,Luật kinh tế,C00;D01;D09;D10;D14;D15;X25,15,https://diemthi.tuyensinh247.com/diem-chuan/dai-hoc-van-lang-DVL.html,2026-09-29T09:25:27+00:00
tuyensinh247_cutoffs,DVL,2025,7420205,Công nghệ sinh học y dược,A02;B00;B08;X14;X66,15,https://diemthi.tuyensinh247.com/diem-chuan/dai-hoc-van-lang-DVL.html,2026-09-29T09:25:27+00:00
tuyensinh247_cutoffs,DVL,2025,7420207,Công nghệ thẩm mỹ,A02;B00;B08;X14;X66,15,https://diemthi.tuyensinh247.com/diem-chuan/dai-hoc-van-lang-DVL.html,2026-09-29T09:25:27+00:00
tuyensinh247_cutoffs,DVL,2025,7480103,Kỹ thuật phần mềm,A00;A01;C01;D01;X02;X06;X26,15,https://diemthi.tuyensinh247.com/diem-chuan/dai-hoc-van-lang-DVL.html,2026-09-29T09:25:27+00:00
tuyensinh247_cutoffs,DVL,2025,7480104,Hệ thống thông tin,A00;A01;C01;D01;X02;X06;X26,15,https://diemthi.tuyensinh247.com/diem-chuan/dai-hoc-van-lang-DVL.html,2026-09-29T09:25:27+00:00
tuyensinh247_cutoffs,DVL,2025,7510205,Công nghệ kỹ thuật ô tô,A00;A01;C01;D01;X26,15,https://diemthi.tuyensinh247.com/diem-chuan/dai-hoc-van-lang-DVL.html,2026-09-29T09:25:27+00:00
tuyensinh247_cutoffs,DVL,2025,7510301,"Công nghệ kỹ thuật điện, điện tử",A00;A01;C01;D01;X26,15,https://diemthi.tuyensinh247.com/diem-chuan/dai-hoc-van-lang-DVL.html,2026-09-29T09:25:27+00:00
tuyensinh247_cutoffs,DVL,2025,7510605,Logistics và quản lý chuỗi cung ứng,A00;A01;C01;D01;X02;X06;X26,15,https://diemthi.tuyensinh247.com/diem-chuan/dai-hoc-van-lang-DVL.html,2026-09-29T09:25:27+00:00
tuyensinh247_cutoffs,DVL,2025,7520114,Kỹ thuật cơ điện tử,A00;A01;C01;D01;X26,15,https://diemthi.tuyensinh247.com/diem-chuan/dai-hoc-van-lang-DVL.html,2026-09-29T09:25:27+00:00
tuyensinh247_cutoffs,DVL,2025,7520120,Kỹ thuật hàng không,A00;A01;C01;D01;X26,15,https://diemthi.tuyensinh247.com/diem-chuan/dai-hoc-van-lang-DVL.html,2026-09-29T09:25:27+00:00
tuyensinh247_cutoffs,DVL,2025,7540101,Công nghệ thực phẩm,A02;B00;B08;X14;X66,15,https://diemthi.tuyensinh247.com/diem-chuan/dai-hoc-van-lang-DVL.html,2026-09-29T09:25:27+00:00
tuyensinh247_cutoffs,DVL,2025,7580101,Kiến trúc,H02;V00;V01,15,https://diemthi.tuyensinh247.com/diem-chuan/dai-hoc-van-lang-DVL.html,2026-09-29T09:25:27+00:00
tuyensinh247_cutoffs,DVL,2025,7580201,Kỹ thuật xây dựng,A00;A01;D01;X06;X26,15,https://diemthi.tuyensinh247.com/diem-chuan/dai-hoc-van-lang-DVL.html,2026-09-29T09:25:27+00:00
tuyensinh247_cutoffs,DVL,2025,7580302,Quản lý xây dựng,A00;A01;D01;X06;X26,15,https://diemthi.tuyensinh247.com/diem-chuan/dai-hoc-van-lang-DVL.html,2026-09-29T09:25:27+00:00
tuyensinh247_cutoffs,DVL,2025,7720201,Dược học,A00;B00;D07;X09;X10,19,https://diemthi.tuyensinh247.com/diem-chuan/dai-hoc-van-lang-DVL.html,2026-09-29T09:25:27+00:00
tuyensinh247_cutoffs,DVL,2025,7720301,Điều dưỡng,A00;B00;D07;X09;X10,17,https://diemthi.tuyensinh247.com/diem-chuan/dai-hoc-van-lang-DVL.html,2026-09-29T09:25:27+00:00
tuyensinh247_cutoffs,DVL,2025,7720601,Kỹ thuật xét nghiệm y học,A00;B00;D07;X09;X10,15,https://diemthi.tuyensinh247.com/diem-chuan/dai-hoc-van-lang-DVL.html,2026-09-29T09:25:27+00:00
tuyensinh247_cutoffs,DVL,2025,7810101,Du lịch,D01;D09;D10;D14;D15;X26,15,https://diemthi.tuyensinh247.com/diem-chuan/dai-hoc-van-lang-DVL.html,2026-09-29T09:25:27+00:00
tuyensinh247_cutoffs,DVL,2025,7810103,Quản trị dịch vụ du lịch và lữ hành,D01;D09;D10;D14;D15;X26,15,https://diemthi.tuyensinh247.com/diem-chuan/dai-hoc-van-lang-DVL.html,2026-09-29T09:25:27+00:00
tuyensinh247_cutoffs,DVL,2025,7810202,Quản trị nhà hàng và Dịch vụ ăn uống,D01;D09;D10;D14;D15;X26,15,https://diemthi.tuyensinh247.com/diem-chuan/dai-hoc-van-lang-DVL.html,2026-09-29T09:25:27+00:00
tuyensinh247_cutoffs,DVL,2025,7210208,Piano,N00,18,https://diemthi.tuyensinh247.com/diem-chuan/dai-hoc-van-lang-DVL.html,2026-09-29T09:25:27+00:00
tuyensinh247_cutoffs,DVL,2025,7210404,Thiết kế thời trang,H01;H04;H06;H07;H08,15,https://diemthi.tuyensinh247.com/diem-chuan/dai-hoc-van-lang-DVL.html,2026-09-29T09:25:27+00:00
tuyensinh247_cutoffs,DVL,2025,7220204,Ngôn ngữ Trung Quốc,D01;D04;D14;D15;X78,15,https://diemthi.tuyensinh247.com/diem-chuan/dai-hoc-van-lang-DVL.html,2026-09-29T09:25:27+00:00
tuyensinh247_cutoffs,DVL,2025,7310106,Kinh tế quốc tế,A00;A01;C01;D01;D07;D10;X25,15,https://diemthi.tuyensinh247.com/diem-chuan/dai-hoc-van-lang-DVL.html,2026-09-29T09:25:27+00:00
tuyensinh247_cutoffs,DVL,2025,7320106,Công nghệ truyền thông,A00;A01;C00;C01;D01;X78,15,https://diemthi.tuyensinh247.com/diem-chuan/dai-hoc-van-lang-DVL.html,2026-09-29T09:25:27+00:00
tuyensinh247_cutoffs,DVL,2025,7340115,Marketing,A00;A01;C01;D01;D07;D10;X25,15,https://diemthi.tuyensinh247.com/diem-chuan/dai-hoc-van-lang-DVL.html,2026-09-29T09:25:27+00:00
tuyensinh247_cutoffs,DVL,2025,7340121,Kinh doanh thương mại,A00;A01;C01;D01;D07;D10;X25,15,https://diemthi.tuyensinh247.com/diem-chuan/dai-hoc-van-lang-DVL.html,2026-09-29T09:25:27+00:00
tuyensinh247_cutoffs,DVL,2025,7340301,Kế toán,A00;A01;C01;D01;D07;D10;X25,15,https://diemthi.tuyensinh247.com/diem-chuan/dai-hoc-van-lang-DVL.html,2026-09-29T09:25:27+00:00
tuyensinh247_cutoffs,DVL,2025,7420201,Công nghệ sinh học,A02;B00;B08;X14;X66,15,https://diemthi.tuyensinh247.com/diem-chuan/dai-hoc-van-lang-DVL.html,2026-09-29T09:25:27+00:00
tuyensinh247_cutoffs,DVL,2025,7460108,Khoa học dữ liệu,A00;A01;C01;D01;X02;X06;X26,15,https://diemthi.tuyensinh247.com/diem-chuan/dai-hoc-van-lang-DVL.html,2026-09-29T09:25:27+00:00
tuyensinh247_cutoffs,DVL,2025,7480102,Mạng máy tính và truyền thông dữ liệu,A00;A01;C01;D01;X02;X06;X26,15,https://diemthi.tuyensinh247.com/diem-chuan/dai-hoc-van-lang-DVL.html,2026-09-29T09:25:27+00:00
tuyensinh247_cutoffs,DVL,2025,7480201,Công nghệ thông tin,A00;A01;C01;D01;X02;X06;X26,15,https://diemthi.tuyensinh247.com/diem-chuan/dai-hoc-van-lang-DVL.html,2026-09-29T09:25:27+00:00
tuyensinh247_cutoffs,DVL,2025,7510406,Công nghệ kỹ thuật môi trường,A00;A01;B00;D01;D07,15,https://diemthi.tuyensinh247.com/diem-chuan/dai-hoc-van-lang-DVL.html,2026-09-29T09:25:27+00:00
tuyensinh247_cutoffs,DVL,2025,7520115,Kỹ thuật nhiệt,A00;A01;C01;D01;X26,15,https://diemthi.tuyensinh247.com/diem-chuan/dai-hoc-van-lang-DVL.html,2026-09-29T09:25:27+00:00
tuyensinh247_cutoffs,DVL,2025,7580108,Thiết kế nội thất,H01;H04;H06;H07;H08,15,https://diemthi.tuyensinh247.com/diem-chuan/dai-hoc-van-lang-DVL.html,2026-09-29T09:25:27+00:00
tuyensinh247_cutoffs,DVL,2025,7720101,Y khoa,A00;B00;D07;X09;X10,20.5,https://diemthi.tuyensinh247.com/diem-chuan/dai-hoc-van-lang-DVL.html,2026-09-29T09:25:27+00:00
tuyensinh247_cutoffs,DVL,2025,7720501,Răng - Hàm - Mặt,A00;B00;D07;X09;X10,20.5,https://diemthi.tuyensinh247.com/diem-chuan/dai-hoc-van-lang-DVL.html,2026-09-29T09:25:27+00:00
tuyensinh247_cutoffs,DVL,2025,7810201,Quản trị khách sạn,D01;D09;D10;D14;D15;X26,15,https://diemthi.tuyensinh247.com/diem-chuan/dai-hoc-van-lang-DVL.html,2026-09-29T09:25:27+00:00
tuyensinh247_cutoffs,UEF,2026,7380109,Luật thương mại quốc tế,C01;C03;C04;D01;X01;X02,20,https://diemthi.tuyensinh247.com/diem-chuan/dai-hoc-kinh-te-tai-chinh-tphcm-UEF.html,2026-09-29T09:25:29+00:00
tuyensinh247_cutoffs,UEF,2026,7220201,Ngôn ngữ Anh,D01;D11;D14;D15;X78;X79,15,https://diemthi.tuyensinh247.com/diem-chuan/dai-hoc-kinh-te-tai-chinh-tphcm-UEF.html,2026-09-29T09:25:29+00:00
tuyensinh247_cutoffs,UEF,2026,7220204,Ngôn ngữ Trung Quốc,D01;D11;D14;D15;X78;X79,15,https://diemthi.tuyensinh247.com/diem-chuan/dai-hoc-kinh-te-tai-chinh-tphcm-UEF.html,2026-09-29T09:25:29+00:00
tuyensinh247_cutoffs,UEF,2026,7220210,Ngôn ngữ Hàn Quốc,D01;D11;D14;D15;X78;X79,15,https://diemthi.tuyensinh247.com/diem-chuan/dai-hoc-kinh-te-tai-chinh-tphcm-UEF.html,2026-09-29T09:25:29+00:00
tuyensinh247_cutoffs,UEF,2026,7310106,Kinh tế quốc tế,C01;C03;C04;D01;X01;X02,15,https://diemthi.tuyensinh247.com/diem-chuan/dai-hoc-kinh-te-tai-chinh-tphcm-UEF.html,2026-09-29T09:25:29+00:00
tuyensinh247_cutoffs,UEF,2026,7310109,Kinh tế số,C01;C03;C04;D01;X01;X02,15,https://diemthi.tuyensinh247.com/diem-chuan/dai-hoc-kinh-te-tai-chinh-tphcm-UEF.html,2026-09-29T09:25:29+00:00
tuyensinh247_cutoffs,UEF,2026,7310401,Tâm lý học,C01;C03;C04;D01;X01;X02,15,https://diemthi.tuyensinh247.com/diem-chuan/dai-hoc-kinh-te-tai-chinh-tphcm-UEF.html,2026-09-29T09:25:29+00:00
tuyensinh247_cutoffs,UEF,2026,7320104,Truyền thông đa phương tiện,C01;C03;C04;D01;X01;X02,15,https://diemthi.tuyensinh247.com/diem-chuan/dai-hoc-kinh-te-tai-chinh-tphcm-UEF.html,2026-09-29T09:25:29+00:00
tuyensinh247_cutoffs,UEF,2026,7320108,Quan hệ công chúng,C01;C03;C04;D01;X01;X02,15,https://diemthi.tuyensinh247.com/diem-chuan/dai-hoc-kinh-te-tai-chinh-tphcm-UEF.html,2026-09-29T09:25:29+00:00
tuyensinh247_cutoffs,UEF,2026,7340101,Quản trị kinh doanh,C01;C03;C04;D01;X01;X02,15,https://diemthi.tuyensinh247.com/diem-chuan/dai-hoc-kinh-te-tai-chinh-tphcm-UEF.html,2026-09-29T09:25:29+00:00
tuyensinh247_cutoffs,UEF,2026,7340101E,Quản trị kinh doanh (Chương trình Tài năng UEF),C01;C03;C04;D01;X01;X02,15,https://diemthi.tuyensinh247.com/diem-chuan/dai-hoc-kinh-te-tai-chinh-tphcm-UEF.html,2026-09-29T09:25:29+00:00
tuyensinh247_cutoffs,UEF,2026,7340115,Marketing,C01;C03;C04;D01;X01;X02,15,https://diemthi.tuyensinh247.com/diem-chuan/dai-hoc-kinh-te-tai-chinh-tphcm-UEF.html,2026-09-29T09:25:29+00:00
tuyensinh247_cutoffs,UEF,2026,7340115E,Marketing (Chương trình Tài năng UEF),C01;C03;C04;D01;X01;X02,15,https://diemthi.tuyensinh247.com/diem-chuan/dai-hoc-kinh-te-tai-chinh-tphcm-UEF.html,2026-09-29T09:25:29+00:00
tuyensinh247_cutoffs,UEF,2026,7340120,Kinh doanh quốc tế,C01;C03;C04;D01;X01;X02,15,https://diemthi.tuyensinh247.com/diem-chuan/dai-hoc-kinh-te-tai-chinh-tphcm-UEF.html,2026-09-29T09:25:29+00:00
tuyensinh247_cutoffs,UEF,2026,7340120E,Kinh doanh quốc tế (Chương trình Tài năng UEF),C01;C03;C04;D01;X01;X02,15,https://diemthi.tuyensinh247.com/diem-chuan/dai-hoc-kinh-te-tai-chinh-tphcm-UEF.html,2026-09-29T09:25:29+00:00
tuyensinh247_cutoffs,UEF,2026,7340201,Tài chính - ngân hàng,C01;C03;C04;D01;X01;X02,15,https://diemthi.tuyensinh247.com/diem-chuan/dai-hoc-kinh-te-tai-chinh-tphcm-UEF.html,2026-09-29T09:25:29+00:00
tuyensinh247_cutoffs,UEF,2026,7340201E,Tài chính - ngân hàng (Chương trình Tài năng UEF),C01;C03;C04;D01;X01;X02,15,https://diemthi.tuyensinh247.com/diem-chuan/dai-hoc-kinh-te-tai-chinh-tphcm-UEF.html,2026-09-29T09:25:29+00:00
tuyensinh247_cutoffs,UEF,2026,7340206,Tài chính quốc tế,C01;C03;C04;D01;X01;X02,15,https://diemthi.tuyensinh247.com/diem-chuan/dai-hoc-kinh-te-tai-chinh-tphcm-UEF.html,2026-09-29T09:25:29+00:00
tuyensinh247_cutoffs,UEF,2026,7340301,Kế toán,C01;C03;C04;D01;X01;X02,15,https://diemthi.tuyensinh247.com/diem-chuan/dai-hoc-kinh-te-tai-chinh-tphcm-UEF.html,2026-09-29T09:25:29+00:00
tuyensinh247_cutoffs,UEF,2026,7340404,Quản trị nhân lực,C01;C03;C04;D01;X01;X02,15,https://diemthi.tuyensinh247.com/diem-chuan/dai-hoc-kinh-te-tai-chinh-tphcm-UEF.html,2026-09-29T09:25:29+00:00
tuyensinh247_cutoffs,UEF,2026,7340412,Quản trị sự kiện,C01;C03;C04;D01;X01;X02,15,https://diemthi.tuyensinh247.com/diem-chuan/dai-hoc-kinh-te-tai-chinh-tphcm-UEF.html,2026-09-29T09:25:29+00:00
tuyensinh247_cutoffs,UEF,2026,7380101,Luật,C01;C03;C04;D01;X01;X02,20,https://diemthi.tuyensinh247.com/diem-chuan/dai-hoc-kinh-te-tai-chinh-tphcm-UEF.html,2026-09-29T09:25:29+00:00
tuyensinh247_cutoffs,UEF,2026,7380108,Luật quốc tế,C01;C03;C04;D01;X01;X02,20,https://diemthi.tuyensinh247.com/diem-chuan/dai-hoc-kinh-te-tai-chinh-tphcm-UEF.html,2026-09-29T09:25:29+00:00
tuyensinh247_cutoffs,UEF,2026,7460108,Khoa học dữ liệu,C01;C03;C04;D01;X01;X02,15,https://diemthi.tuyensinh247.com/diem-chuan/dai-hoc-kinh-te-tai-chinh-tphcm-UEF.html,2026-09-29T09:25:29+00:00
tuyensinh247_cutoffs,UEF,2026,7480201,Công nghệ thông tin,C01;C03;C04;D01;X01;X02,15,https://diemthi.tuyensinh247.com/diem-chuan/dai-hoc-kinh-te-tai-chinh-tphcm-UEF.html,2026-09-29T09:25:29+00:00
tuyensinh247_cutoffs,UEF,2026,7480208,An ninh mạng (dự kiến),C01;C03;C04;D01;X01;X02,15,https://diemthi.tuyensinh247.com/diem-chuan/dai-hoc-kinh-te-tai-chinh-tphcm-UEF.html,2026-09-29T09:25:29+00:00
tuyensinh247_cutoffs,UEF,2026,7510605,Logistics và quản lý chuỗi cung ứng,C01;C03;C04;D01;X01;X02,15,https://diemthi.tuyensinh247.com/diem-chuan/dai-hoc-kinh-te-tai-chinh-tphcm-UEF.html,2026-09-29T09:25:29+00:00
tuyensinh247_cutoffs,UEF,2026,7810201,Quản trị khách sạn,C01;C03;C04;D01;X01;X02,15,https://diemthi.tuyensinh247.com/diem-chuan/dai-hoc-kinh-te-tai-chinh-tphcm-UEF.html,2026-09-29T09:25:29+00:00
tuyensinh247_cutoffs,UEF,2026,7810202,Quản trị nhà hàng và dịch vụ ăn uống,C01;C03;C04;D01;X01;X02,15,https://diemthi.tuyensinh247.com/diem-chuan/dai-hoc-kinh-te-tai-chinh-tphcm-UEF.html,2026-09-29T09:25:29+00:00
tuyensinh247_cutoffs,UEF,2026,7210403,Thiết kế đồ họa,C01;C03;C04;D01;X01;X02,15,https://diemthi.tuyensinh247.com/diem-chuan/dai-hoc-kinh-te-tai-chinh-tphcm-UEF.html,2026-09-29T09:25:29+00:00
tuyensinh247_cutoffs,UEF,2026,7220209,Ngôn ngữ Nhật (*),D01;D11;D14;D15;X78;X79,15,https://diemthi.tuyensinh247.com/diem-chuan/dai-hoc-kinh-te-tai-chinh-tphcm-UEF.html,2026-09-29T09:25:29+00:00
tuyensinh247_cutoffs,UEF,2026,7310206,Quan hệ quốc tế,D01;D11;D14;D15;X78;X79,15,https://diemthi.tuyensinh247.com/diem-chuan/dai-hoc-kinh-te-tai-chinh-tphcm-UEF.html,2026-09-29T09:25:29+00:00
tuyensinh247_cutoffs,UEF,2026,7320106,Công nghệ truyền thông (Truyền thông số),C01;C03;C04;D01;X01;X02,15,https://diemthi.tuyensinh247.com/diem-chuan/dai-hoc-kinh-te-tai-chinh-tphcm-UEF.html,2026-09-29T09:25:29+00:00
tuyensinh247_cutoffs,UEF,2026,7340114,Digital Marketing,C01;C03;C04;D01;X01;X02,15,https://diemthi.tuyensinh247.com/diem-chuan/dai-hoc-kinh-te-tai-chinh-tphcm-UEF.html,2026-09-29T09:25:29+00:00
tuyensinh247_cutoffs,UEF,2026,7340116,Bất động sản,C01;C03;C04;D01;X01;X02,15,https://diemthi.tuyensinh247.com/diem-chuan/dai-hoc-kinh-te-tai-chinh-tphcm-UEF.html,2026-09-29T09:25:29+00:00
tuyensinh247_cutoffs,UEF,2026,7340121,Kinh doanh thương mại,C01;C03;C04;D01;X01;X02,15,https://diemthi.tuyensinh247.com/diem-chuan/dai-hoc-kinh-te-tai-chinh-tphcm-UEF.html,2026-09-29T09:25:29+00:00
tuyensinh247_cutoffs,UEF,2026,7340122,Thương mại điện tử,C01;C03;C04;D01;X01;X02,15,https://diemthi.tuyensinh247.com/diem-chuan/dai-hoc-kinh-te-tai-chinh-tphcm-UEF.html,2026-09-29T09:25:29+00:00
tuyensinh247_cutoffs,UEF,2026,7340205,Công nghệ tài chính (Fintech),C01;C03;C04;D01;X01;X02,15,https://diemthi.tuyensinh247.com/diem-chuan/dai-hoc-kinh-te-tai-chinh-tphcm-UEF.html,2026-09-29T09:25:29+00:00
tuyensinh247_cutoffs,UEF,2026,7340302,Kiểm toán,C01;C03;C04;D01;X01;X02,15,https://diemthi.tuyensinh247.com/diem-chuan/dai-hoc-kinh-te-tai-chinh-tphcm-UEF.html,2026-09-29T09:25:29+00:00
tuyensinh247_cutoffs,UEF,2026,7380107,Luật kinh tế,C01;C03;C04;D01;X01;X02,20,https://diemthi.tuyensinh247.com/diem-chuan/dai-hoc-kinh-te-tai-chinh-tphcm-UEF.html,2026-09-29T09:25:29+00:00
tuyensinh247_cutoffs,UEF,2026,7480103,Kỹ thuật phần mềm,C01;C03;C04;D01;X01;X02,15,https://diemthi.tuyensinh247.com/diem-chuan/dai-hoc-kinh-te-tai-chinh-tphcm-UEF.html,2026-09-29T09:25:29+00:00
tuyensinh247_cutoffs,UEF,2026,7810103,Quản trị dịch vụ du lịch và lữ hành,C01;C03;C04;D01;X01;X02,15,https://diemthi.tuyensinh247.com/diem-chuan/dai-hoc-kinh-te-tai-chinh-tphcm-UEF.html,2026-09-29T09:25:29+00:00
tuyensinh247_cutoffs,HSU,2025,7210403,Thiết kế Đồ họa,A01;D01;C10,15,https://diemthi.tuyensinh247.com/diem-chuan/dai-hoc-hoa-sen-HSU.html,2026-09-29T09:25:30+00:00
tuyensinh247_cutoffs,HSU,2025,7210404,Thiết kế Thời trang,A01;D01;C10,15,https://diemthi.tuyensinh247.com/diem-chuan/dai-hoc-hoa-sen-HSU.html,2026-09-29T09:25:30+00:00
tuyensinh247_cutoffs,HSU,2025,7210408,Nghệ thuật số,A01;D01;C10,15,https://diemthi.tuyensinh247.com/diem-chuan/dai-hoc-hoa-sen-HSU.html,2026-09-29T09:25:30+00:00
tuyensinh247_cutoffs,HSU,2025,7220201,Ngôn ngữ Anh,D01;D09;D15;C00,15,https://diemthi.tuyensinh247.com/diem-chuan/dai-hoc-hoa-sen-HSU.html,2026-09-29T09:25:30+00:00
tuyensinh247_cutoffs,HSU,2025,7220210,Ngôn ngữ Hàn Quốc,A01;D01;D09;C00,15,https://diemthi.tuyensinh247.com/diem-chuan/dai-hoc-hoa-sen-HSU.html,2026-09-29T09:25:30+00:00
tuyensinh247_cutoffs,HSU,2025,7310113,Kinh tế thể thao,A00;A01;D01;D03;D09,17,https://diemthi.tuyensinh247.com/diem-chuan/dai-hoc-hoa-sen-HSU.html,2026-09-29T09:25:30+00:00
tuyensinh247_cutoffs,HSU,2025,7320104,Truyền thông đa phương tiện,A00;A01;D01;C00,15,https://diemthi.tuyensinh247.com/diem-chuan/dai-hoc-hoa-sen-HSU.html,2026-09-29T09:25:30+00:00
tuyensinh247_cutoffs,HSU,2025,7320108,Quan hệ công chúng,A00;A01;D01;C00,15,https://diemthi.tuyensinh247.com/diem-chuan/dai-hoc-hoa-sen-HSU.html,2026-09-29T09:25:30+00:00
tuyensinh247_cutoffs,HSU,2025,7340101,Quản trị kinh doanh,A00;A01;D01;D03;D09,15,https://diemthi.tuyensinh247.com/diem-chuan/dai-hoc-hoa-sen-HSU.html,2026-09-29T09:25:30+00:00
tuyensinh247_cutoffs,HSU,2025,7340115,Marketing,A00;A01;D01;D03;D09,15,https://diemthi.tuyensinh247.com/diem-chuan/dai-hoc-hoa-sen-HSU.html,2026-09-29T09:25:30+00:00
tuyensinh247_cutoffs,HSU,2025,7340120,Kinh doanh Quốc tế,A00;A01;D01;D03;D09,15,https://diemthi.tuyensinh247.com/diem-chuan/dai-hoc-hoa-sen-HSU.html,2026-09-29T09:25:30+00:00
tuyensinh247_cutoffs,HSU,2025,7340201,Tài chính – Ngân hàng,A00;A01;D01;D03;D09,15,https://diemthi.tuyensinh247.com/diem-chuan/dai-hoc-hoa-sen-HSU.html,2026-09-29T09:25:30+00:00
tuyensinh247_cutoffs,HSU,2025,7340205,Công nghệ tài chính,A00;A01;D01;D03;D09,17,https://diemthi.tuyensinh247.com/diem-chuan/dai-hoc-hoa-sen-HSU.html,2026-09-29T09:25:30+00:00
tuyensinh247_cutoffs,HSU,2025,7340404,Quản trị Nhân lực,A00;A01;D01;D03;D09,15,https://diemthi.tuyensinh247.com/diem-chuan/dai-hoc-hoa-sen-HSU.html,2026-09-29T09:25:30+00:00
tuyensinh247_cutoffs,HSU,2025,7340410,Quản trị công nghệ truyền thông,A00;A01;D01;D03;D09,15,https://diemthi.tuyensinh247.com/diem-chuan/dai-hoc-hoa-sen-HSU.html,2026-09-29T09:25:30+00:00
tuyensinh247_cutoffs,HSU,2025,7340412,Quản trị sự kiện,A00;A01;D01;D03;D09,15,https://diemthi.tuyensinh247.com/diem-chuan/dai-hoc-hoa-sen-HSU.html,2026-09-29T09:25:30+00:00
tuyensinh247_cutoffs,HSU,2025,7380107,Luật Kinh tế,A00;A01;D01;C00,15,https://diemthi.tuyensinh247.com/diem-chuan/dai-hoc-hoa-sen-HSU.html,2026-09-29T09:25:30+00:00
tuyensinh247_cutoffs,HSU,2025,7480103,Kỹ thuật phần mềm,A00;A01;D01;D03;D07,15,https://diemthi.tuyensinh247.com/diem-chuan/dai-hoc-hoa-sen-HSU.html,2026-09-29T09:25:30+00:00
tuyensinh247_cutoffs,HSU,2025,7480201,Công nghệ thông tin,A00;A01;D01;D03;D07,15,https://diemthi.tuyensinh247.com/diem-chuan/dai-hoc-hoa-sen-HSU.html,2026-09-29T09:25:30+00:00
tuyensinh247_cutoffs,HSU,2025,7510605,Logistics & Quản lý chuỗi cung ứng,A00;A01;D01;C00,15,https://diemthi.tuyensinh247.com/diem-chuan/dai-hoc-hoa-sen-HSU.html,2026-09-29T09:25:30+00:00
tuyensinh247_cutoffs,HSU,2025,7580108,Thiết kế Nội thất,A00;A01;D01;D09,15,https://diemthi.tuyensinh247.com/diem-chuan/dai-hoc-hoa-sen-HSU.html,2026-09-29T09:25:30+00:00
tuyensinh247_cutoffs,HSU,2025,7810103,Quản trị dịch vụ Du lịch & Lữ hành,A00;A01;D01;C00,15,https://diemthi.tuyensinh247.com/diem-chuan/dai-hoc-hoa-sen-HSU.html,2026-09-29T09:25:30+00:00
tuyensinh247_cutoffs,HSU,2025,7810201,Quản trị khách sạn,A00;A01;D01;C00,15,https://diemthi.tuyensinh247.com/diem-chuan/dai-hoc-hoa-sen-HSU.html,2026-09-29T09:25:30+00:00
tuyensinh247_cutoffs,HSU,2025,7810202,Quản trị nhà hàng & Dịch vụ ăn uống,A00;A01;D01;C00,15,https://diemthi.tuyensinh247.com/diem-chuan/dai-hoc-hoa-sen-HSU.html,2026-09-29T09:25:30+00:00
tuyensinh247_cutoffs,HSU,2025,7220204,Ngôn ngữ Trung Quốc,A01;D01;D04;C00,15,https://diemthi.tuyensinh247.com/diem-chuan/dai-hoc-hoa-sen-HSU.html,2026-09-29T09:25:30+00:00
tuyensinh247_cutoffs,HSU,2025,7310401,Tâm lý học,A01;D01;D08;C00,15,https://diemthi.tuyensinh247.com/diem-chuan/dai-hoc-hoa-sen-HSU.html,2026-09-29T09:25:30+00:00
tuyensinh247_cutoffs,HSU,2025,7340114,Digital Marketing,A00;A01;D01;D03;D09,15,https://diemthi.tuyensinh247.com/diem-chuan/dai-hoc-hoa-sen-HSU.html,2026-09-29T09:25:30+00:00
tuyensinh247_cutoffs,HSU,2025,7340122,Thương mại điện tử,A00;A01;D01;D03;D09,15,https://diemthi.tuyensinh247.com/diem-chuan/dai-hoc-hoa-sen-HSU.html,2026-09-29T09:25:30+00:00
tuyensinh247_cutoffs,HSU,2025,7340301,Kế toán,A00;A01;D01;D03;D09,15,https://diemthi.tuyensinh247.com/diem-chuan/dai-hoc-hoa-sen-HSU.html,2026-09-29T09:25:30+00:00
tuyensinh247_cutoffs,HSU,2025,7380101,Luật,A00;A01;D01;C00,15,https://diemthi.tuyensinh247.com/diem-chuan/dai-hoc-hoa-sen-HSU.html,2026-09-29T09:25:30+00:00
tuyensinh247_cutoffs,HSU,2025,7480107,Trí tuệ nhân tạo,A00;A01;D01;D03;D07,16,https://diemthi.tuyensinh247.com/diem-chuan/dai-hoc-hoa-sen-HSU.html,2026-09-29T09:25:30+00:00
tuyensinh247_cutoffs,BVS,2026,7320104,Truyền thông đa phương tiện,A00;A01;D01;X06;X26,24,https://diemthi.tuyensinh247.com/diem-chuan/hoc-vien-cong-nghe-buu-chinh-vien-thong-phia-nam-BVS.html,2026-09-29T09:25:32+00:00
tuyensinh247_cutoffs,BVS,2026,7340101,Quản trị kinh doanh,A00;A01;D01;X06;X26,16.6,https://diemthi.tuyensinh247.com/diem-chuan/hoc-vien-cong-nghe-buu-chinh-vien-thong-phia-nam-BVS.html,2026-09-29T09:25:32+00:00
tuyensinh247_cutoffs,BVS,2026,7340115,Marketing,A00;A01;D01;X06;X26,16.75,https://diemthi.tuyensinh247.com/diem-chuan/hoc-vien-cong-nghe-buu-chinh-vien-thong-phia-nam-BVS.html,2026-09-29T09:25:32+00:00
tuyensinh247_cutoffs,BVS,2026,7340205,Công nghệ tài chính(Fintech),A00;A01;D01;X06;X26,17,https://diemthi.tuyensinh247.com/diem-chuan/hoc-vien-cong-nghe-buu-chinh-vien-thong-phia-nam-BVS.html,2026-09-29T09:25:32+00:00
tuyensinh247_cutoffs,BVS,2026,7340301,Kế toán,A00;A01;D01;X06;X26,16.5,https://diemthi.tuyensinh247.com/diem-chuan/hoc-vien-cong-nghe-buu-chinh-vien-thong-phia-nam-BVS.html,2026-09-29T09:25:32+00:00
tuyensinh247_cutoffs,BVS,2026,7480102,Kỹ thuật dữ liệu,A00;A01;X06;X26,17.5,https://diemthi.tuyensinh247.com/diem-chuan/hoc-vien-cong-nghe-buu-chinh-vien-thong-phia-nam-BVS.html,2026-09-29T09:25:32+00:00
tuyensinh247_cutoffs,BVS,2026,7480201,Công nghệ thông tin,A00;A01;X06;X26,17,https://diemthi.tuyensinh247.com/diem-chuan/hoc-vien-cong-nghe-buu-chinh-vien-thong-phia-nam-BVS.html,2026-09-29T09:25:32+00:00
tuyensinh247_cutoffs,BVS,2026,7480201CL,Công nghệ thông tin (Chất lượng cao),A00;A01;X06;X26,16.6,https://diemthi.tuyensinh247.com/diem-chuan/hoc-vien-cong-nghe-buu-chinh-vien-thong-phia-nam-BVS.html,2026-09-29T09:25:32+00:00
tuyensinh247_cutoffs,BVS,2026,7480202CL,An toàn thông tin (Chất lượng cao),A00;A01;X06;X26,20,https://diemthi.tuyensinh247.com/diem-chuan/hoc-vien-cong-nghe-buu-chinh-vien-thong-phia-nam-BVS.html,2026-09-29T09:25:32+00:00
tuyensinh247_cutoffs,BVS,2026,7510301,"Công nghệ Kỹ thuật Điện, điện tử",A00;A01;X06;X26,19.05,https://diemthi.tuyensinh247.com/diem-chuan/hoc-vien-cong-nghe-buu-chinh-vien-thong-phia-nam-BVS.html,2026-09-29T09:25:32+00:00
tuyensinh247_cutoffs,BVS,2026,7510301VM,Công nghệ vi mạch bán dẫn,A00;A01;X06;X26,22.75,https://diemthi.tuyensinh247.com/diem-chuan/hoc-vien-cong-nghe-buu-chinh-vien-thong-phia-nam-BVS.html,2026-09-29T09:25:32+00:00
tuyensinh247_cutoffs,BVS,2026,7520208,Công nghệ Internet vạn vật (IoT),A00;A01;X06;X26,17,https://diemthi.tuyensinh247.com/diem-chuan/hoc-vien-cong-nghe-buu-chinh-vien-thong-phia-nam-BVS.html,2026-09-29T09:25:32+00:00
tuyensinh247_cutoffs,BVS,2026,7520216,Kỹ thuật Điều khiển và tự động hóa,A00;A01;X06;X26,18.5,https://diemthi.tuyensinh247.com/diem-chuan/hoc-vien-cong-nghe-buu-chinh-vien-thong-phia-nam-BVS.html,2026-09-29T09:25:32+00:00
tuyensinh247_cutoffs,BVS,2026,7329001,Công nghệ đa phương tiện,A00;A01;D01;X06;X26,20,https://diemthi.tuyensinh247.com/diem-chuan/hoc-vien-cong-nghe-buu-chinh-vien-thong-phia-nam-BVS.html,2026-09-29T09:25:32+00:00
tuyensinh247_cutoffs,BVS,2026,7340115CL,Marketing (Chất lượng cao),A00;A01;D01;X06;X26,17.25,https://diemthi.tuyensinh247.com/diem-chuan/hoc-vien-cong-nghe-buu-chinh-vien-thong-phia-nam-BVS.html,2026-09-29T09:25:32+00:00
tuyensinh247_cutoffs,BVS,2026,7480107,Trí tuệ nhân tạo,A00;A01;X06;X26,17,https://diemthi.tuyensinh247.com/diem-chuan/hoc-vien-cong-nghe-buu-chinh-vien-thong-phia-nam-BVS.html,2026-09-29T09:25:32+00:00
tuyensinh247_cutoffs,BVS,2026,7480202,An toàn thông tin,A00;A01;X06;X26,23.22,https://diemthi.tuyensinh247.com/diem-chuan/hoc-vien-cong-nghe-buu-chinh-vien-thong-phia-nam-BVS.html,2026-09-29T09:25:32+00:00
tuyensinh247_cutoffs,BVS,2026,7520207,Kỹ thuật Điện tử viễn thông,A00;A01;X06;X26,16.6,https://diemthi.tuyensinh247.com/diem-chuan/hoc-vien-cong-nghe-buu-chinh-vien-thong-phia-nam-BVS.html,2026-09-29T09:25:32+00:00
tuyensinh247_cutoffs,KTS,2026,7580201,Kỹ thuật xây dựng,A00;A01;C01,20.5,https://diemthi.tuyensinh247.com/diem-chuan/dai-hoc-kien-truc-tphcm-KTS.html,2026-09-29T09:25:34+00:00
tuyensinh247_cutoffs,KTS,2026,7580201DL,Kỹ thuật xây dựng (CS: Đà Lạt),A00;A01;C01,20.5,https://diemthi.tuyensinh247.com/diem-chuan/dai-hoc-kien-truc-tphcm-KTS.html,2026-09-29T09:25:34+00:00
tuyensinh247_cutoffs,KTS,2026,7580201QT,Kỹ thuật xây dựng (Chương trình Định hướng Quốc tế),A00;A01;C01,20.5,https://diemthi.tuyensinh247.com/diem-chuan/dai-hoc-kien-truc-tphcm-KTS.html,2026-09-29T09:25:34+00:00
tuyensinh247_cutoffs,KTS,2026,7580210,Kỹ thuật cơ sở hạ tầng,A01;D01;D07,17.5,https://diemthi.tuyensinh247.com/diem-chuan/dai-hoc-kien-truc-tphcm-KTS.html,2026-09-29T09:25:34+00:00
tuyensinh247_cutoffs,KTS,2026,7580302,Quản lý xây dựng,A00;A01;C01,21.35,https://diemthi.tuyensinh247.com/diem-chuan/dai-hoc-kien-truc-tphcm-KTS.html,2026-09-29T09:25:34+00:00
tuyensinh247_cutoffs,KTS,2026,7580201CT,Kỹ thuật xây dựng (CS: Cần Thơ),A00;A01;C01,20.5,https://diemthi.tuyensinh247.com/diem-chuan/dai-hoc-kien-truc-tphcm-KTS.html,2026-09-29T09:25:34+00:00
tuyensinh247_cutoffs,KTS,2026,7580210QT,Kỹ thuật cơ sở hạ tầng (Chương trình Định hướng Quốc tế),A01;D01;D07,16,https://diemthi.tuyensinh247.com/diem-chuan/dai-hoc-kien-truc-tphcm-KTS.html,2026-09-29T09:25:34+00:00
tuyensinh247_cutoffs,NTS,2026,NTSKE06,CT TC Kế toán - Kiểm toán (Cơ sở HCM),A01;D01;D07,25.85,https://diemthi.tuyensinh247.com/diem-chuan/dai-hoc-ngoai-thuong-co-so-phia-nam-NTS.html,2026-09-29T09:25:36+00:00
tuyensinh247_cutoffs,NTS,2026,NTSKT01,CT TC Kinh tế đối ngoại (Cơ sở HCM),A00,27.9,https://diemthi.tuyensinh247.com/diem-chuan/dai-hoc-ngoai-thuong-co-so-phia-nam-NTS.html,2026-09-29T09:25:36+00:00
tuyensinh247_cutoffs,NTS,2026,NTSKT02,CT ĐHNNQT Logistics toàn cầu và đổi mới chuỗi cung ứng (Cơ sở HCM),A00,28.5,https://diemthi.tuyensinh247.com/diem-chuan/dai-hoc-ngoai-thuong-co-so-phia-nam-NTS.html,2026-09-29T09:25:36+00:00
tuyensinh247_cutoffs,NTS,2026,NTSKT02,CT ĐHNNQT Logistics toàn cầu và đổi mới chuỗi cung ứng (Cơ sở HCM),A01;D01;D07,27.5,https://diemthi.tuyensinh247.com/diem-chuan/dai-hoc-ngoai-thuong-co-so-phia-nam-NTS.html,2026-09-29T09:25:36+00:00
tuyensinh247_cutoffs,NTS,2026,NTSMT04,CT ĐHNNQT Truyền thông Marketing tích hợp (Cơ sở HCM),A00,27.65,https://diemthi.tuyensinh247.com/diem-chuan/dai-hoc-ngoai-thuong-co-so-phia-nam-NTS.html,2026-09-29T09:25:36+00:00
tuyensinh247_cutoffs,NTS,2026,NTSQT03,CT TC Quản trị kinh doanh (Cơ sở HCM),A00,26.8,https://diemthi.tuyensinh247.com/diem-chuan/dai-hoc-ngoai-thuong-co-so-phia-nam-NTS.html,2026-09-29T09:25:36+00:00
tuyensinh247_cutoffs,NTS,2026,NTSQT03,CT TC Quản trị kinh doanh (Cơ sở HCM),A01;D01;D07,25.8,https://diemthi.tuyensinh247.com/diem-chuan/dai-hoc-ngoai-thuong-co-so-phia-nam-NTS.html,2026-09-29T09:25:36+00:00
tuyensinh247_cutoffs,NTS,2026,NTSTC05,CT TC Tài chính - Ngân hàng (Cơ sở HCM),A01;D01;D07,26.45,https://diemthi.tuyensinh247.com/diem-chuan/dai-hoc-ngoai-thuong-co-so-phia-nam-NTS.html,2026-09-29T09:25:36+00:00
tuyensinh247_cutoffs,NTS,2026,NTSKE06,CT TC Kế toán - Kiểm toán (Cơ sở HCM),A00,26.85,https://diemthi.tuyensinh247.com/diem-chuan/dai-hoc-ngoai-thuong-co-so-phia-nam-NTS.html,2026-09-29T09:25:36+00:00
tuyensinh247_cutoffs,NTS,2026,NTSKT01,CT TC Kinh tế đối ngoại (Cơ sở HCM),A01;D01;D06;D07,26.9,https://diemthi.tuyensinh247.com/diem-chuan/dai-hoc-ngoai-thuong-co-so-phia-nam-NTS.html,2026-09-29T09:25:36+00:00
tuyensinh247_cutoffs,NTS,2026,NTSMT04,CT ĐHNNQT Truyền thông Marketing tích hợp (Cơ sở HCM),A01;D01;D07,26.65,https://diemthi.tuyensinh247.com/diem-chuan/dai-hoc-ngoai-thuong-co-so-phia-nam-NTS.html,2026-09-29T09:25:36+00:00
tuyensinh247_cutoffs,NTS,2026,NTSTC05,CT TC Tài chính - Ngân hàng (Cơ sở HCM),A00,27.45,https://diemthi.tuyensinh247.com/diem-chuan/dai-hoc-ngoai-thuong-co-so-phia-nam-NTS.html,2026-09-29T09:25:36+00:00
tuyensinh247_cutoffs,DCT,2026,7220201,Ngôn ngữ Anh,D01;A01;D09;D14,22.5,https://diemthi.tuyensinh247.com/diem-chuan/dai-hoc-cong-thuong-tphcm-DCT.html,2026-09-29T09:25:37+00:00
tuyensinh247_cutoffs,DCT,2026,7340101,Quản trị kinh doanh,D01;A01;C01;A00,20.5,https://diemthi.tuyensinh247.com/diem-chuan/dai-hoc-cong-thuong-tphcm-DCT.html,2026-09-29T09:25:37+00:00
tuyensinh247_cutoffs,DCT,2026,7340115,Marketing,D01;A01;C01;A00,21.75,https://diemthi.tuyensinh247.com/diem-chuan/dai-hoc-cong-thuong-tphcm-DCT.html,2026-09-29T09:25:37+00:00
tuyensinh247_cutoffs,DCT,2026,7340122,Thương mại điện tử,D01;A01;C01;A00,21.75,https://diemthi.tuyensinh247.com/diem-chuan/dai-hoc-cong-thuong-tphcm-DCT.html,2026-09-29T09:25:37+00:00
tuyensinh247_cutoffs,DCT,2026,7340123,Kinh doanh thời trang và dệt may,D01;A01;C01;A00,18,https://diemthi.tuyensinh247.com/diem-chuan/dai-hoc-cong-thuong-tphcm-DCT.html,2026-09-29T09:25:37+00:00
tuyensinh247_cutoffs,DCT,2026,7340129,Quản trị kinh doanh thực phẩm,D01;B00;C02;D07,19,https://diemthi.tuyensinh247.com/diem-chuan/dai-hoc-cong-thuong-tphcm-DCT.html,2026-09-29T09:25:37+00:00
tuyensinh247_cutoffs,DCT,2026,7340205,Công nghệ tài chính,D01;A01;C01;A00,19.5,https://diemthi.tuyensinh247.com/diem-chuan/dai-hoc-cong-thuong-tphcm-DCT.html,2026-09-29T09:25:37+00:00
tuyensinh247_cutoffs,DCT,2026,7340301,Kế toán,D01;A01;C01;A00,21,https://diemthi.tuyensinh247.com/diem-chuan/dai-hoc-cong-thuong-tphcm-DCT.html,2026-09-29T09:25:37+00:00
tuyensinh247_cutoffs,DCT,2026,7380101,Luật,D01;C03;X01;C00,21.25,https://diemthi.tuyensinh247.com/diem-chuan/dai-hoc-cong-thuong-tphcm-DCT.html,2026-09-29T09:25:37+00:00
tuyensinh247_cutoffs,DCT,2026,7380107,Luật kinh tế,D01;C03;X01;C00,21.75,https://diemthi.tuyensinh247.com/diem-chuan/dai-hoc-cong-thuong-tphcm-DCT.html,2026-09-29T09:25:37+00:00
tuyensinh247_cutoffs,DCT,2026,7420201,Công nghệ sinh học,B00;B08;A00;D07,19.5,https://diemthi.tuyensinh247.com/diem-chuan/dai-hoc-cong-thuong-tphcm-DCT.html,2026-09-29T09:25:37+00:00
tuyensinh247_cutoffs,DCT,2026,7460108,Khoa học dữ liệu,D01;A00;C01;X26,19,https://diemthi.tuyensinh247.com/diem-chuan/dai-hoc-cong-thuong-tphcm-DCT.html,2026-09-29T09:25:37+00:00
tuyensinh247_cutoffs,DCT,2026,7480201,Công nghệ thông tin,D01;A00;C01;X26,20,https://diemthi.tuyensinh247.com/diem-chuan/dai-hoc-cong-thuong-tphcm-DCT.html,2026-09-29T09:25:37+00:00
tuyensinh247_cutoffs,DCT,2026,7480202,An toàn thông tin,D01;A00;C01;X26,19.5,https://diemthi.tuyensinh247.com/diem-chuan/dai-hoc-cong-thuong-tphcm-DCT.html,2026-09-29T09:25:37+00:00
tuyensinh247_cutoffs,DCT,2026,7510202,Công nghệ chế tạo máy,D01;A01;C01;A00,20.5,https://diemthi.tuyensinh247.com/diem-chuan/dai-hoc-cong-thuong-tphcm-DCT.html,2026-09-29T09:25:37+00:00
tuyensinh247_cutoffs,DCT,2026,7510203,Công nghệ kỹ thuật cơ điện tử,D01;A01;C01;A00,22,https://diemthi.tuyensinh247.com/diem-chuan/dai-hoc-cong-thuong-tphcm-DCT.html,2026-09-29T09:25:37+00:00
tuyensinh247_cutoffs,DCT,2026,7510301,Công nghệ kỹ thuật điện - điện tử,D01;A01;C01;A00,22,https://diemthi.tuyensinh247.com/diem-chuan/dai-hoc-cong-thuong-tphcm-DCT.html,2026-09-29T09:25:37+00:00
tuyensinh247_cutoffs,DCT,2026,7510303,Công nghệ kỹ thuật điều khiển và TĐH,D01;A01;C01;A00,23,https://diemthi.tuyensinh247.com/diem-chuan/dai-hoc-cong-thuong-tphcm-DCT.html,2026-09-29T09:25:37+00:00
tuyensinh247_cutoffs,DCT,2026,7510402,Công nghệ vật liệu,B00;B08;A00;D07,19,https://diemthi.tuyensinh247.com/diem-chuan/dai-hoc-cong-thuong-tphcm-DCT.html,2026-09-29T09:25:37+00:00
tuyensinh247_cutoffs,DCT,2026,7510406,Công nghệ kỹ thuật môi trường,B00;A01;A00;D07,18.5,https://diemthi.tuyensinh247.com/diem-chuan/dai-hoc-cong-thuong-tphcm-DCT.html,2026-09-29T09:25:37+00:00
tuyensinh247_cutoffs,DCT,2026,7510605,Logistics và quản lý chuỗi cung ứng,D01;A01;C01;A00,22.5,https://diemthi.tuyensinh247.com/diem-chuan/dai-hoc-cong-thuong-tphcm-DCT.html,2026-09-29T09:25:37+00:00
tuyensinh247_cutoffs,DCT,2026,7520115,Kỹ thuật nhiệt,D01;A01;C01;A00,21.25,https://diemthi.tuyensinh247.com/diem-chuan/dai-hoc-cong-thuong-tphcm-DCT.html,2026-09-29T09:25:37+00:00
tuyensinh247_cutoffs,DCT,2026,7540101,Công nghệ thực phẩm,B00;B08;A00;D07,22,https://diemthi.tuyensinh247.com/diem-chuan/dai-hoc-cong-thuong-tphcm-DCT.html,2026-09-29T09:25:37+00:00
tuyensinh247_cutoffs,DCT,2026,7540106,Đảm bảo chất lượng và an toàn thực phẩm,B00;B08;A00;D07,18,https://diemthi.tuyensinh247.com/diem-chuan/dai-hoc-cong-thuong-tphcm-DCT.html,2026-09-29T09:25:37+00:00
tuyensinh247_cutoffs,DCT,2026,7540204,Công nghệ dệt; may,D01;A01;C01;A00,18,https://diemthi.tuyensinh247.com/diem-chuan/dai-hoc-cong-thuong-tphcm-DCT.html,2026-09-29T09:25:37+00:00
tuyensinh247_cutoffs,DCT,2026,7810103,Quản trị dịch vụ du lịch và lữ hành,D01;C03;D15;C00,21.75,https://diemthi.tuyensinh247.com/diem-chuan/dai-hoc-cong-thuong-tphcm-DCT.html,2026-09-29T09:25:37+00:00
tuyensinh247_cutoffs,DCT,2026,7810201,Quản trị khách sạn,D01;C03;D15;C00,21.5,https://diemthi.tuyensinh247.com/diem-chuan/dai-hoc-cong-thuong-tphcm-DCT.html,2026-09-29T09:25:37+00:00
tuyensinh247_cutoffs,DCT,2026,7810202,Quản trị nhà hàng và dịch vụ ăn uống,D01;C03;D15;C00,21,https://diemthi.tuyensinh247.com/diem-chuan/dai-hoc-cong-thuong-tphcm-DCT.html,2026-09-29T09:25:37+00:00
tuyensinh247_cutoffs,DCT,2026,7819010,Khoa học chế biến món ăn,B00;A01;C02;D07,19.5,https://diemthi.tuyensinh247.com/diem-chuan/dai-hoc-cong-thuong-tphcm-DCT.html,2026-09-29T09:25:37+00:00
tuyensinh247_cutoffs,DCT,2026,7850101,Quản lý tài nguyên và môi trường,B00;A01;A00;D07,18,https://diemthi.tuyensinh247.com/diem-chuan/dai-hoc-cong-thuong-tphcm-DCT.html,2026-09-29T09:25:37+00:00
tuyensinh247_cutoffs,DCT,2026,CU7220204,Ngôn ngữ Trung Quốc (Chuyên ngành Hán ngữ ứng dụng) - LK với ĐH Văn hóa Trung Quốc; Đài Loan,A00;A01;B00;B08;C00;C01;C02;C03;D01;D07;D09;D14;D15;X01;X26,19.5,https://diemthi.tuyensinh247.com/diem-chuan/dai-hoc-cong-thuong-tphcm-DCT.html,2026-09-29T09:25:37+00:00
tuyensinh247_cutoffs,DCT,2026,CU7340120,Kinh doanh quốc tế - LK với ĐH Văn hóa Trung Quốc; Đài Loan,A00;A01;B00;B08;C00;C01;C02;C03;D01;D07;D09;D14;D15;X01;X26,16,https://diemthi.tuyensinh247.com/diem-chuan/dai-hoc-cong-thuong-tphcm-DCT.html,2026-09-29T09:25:37+00:00
tuyensinh247_cutoffs,DCT,2026,LK7340101,Quản trị kinh doanh - Chương trình liên kết với Đại học Shinawatra; Thái Lan,A00;A01;B00;B08;C00;C01;C02;C03;D01;D07;D09;D14;D15;X01;X26,16,https://diemthi.tuyensinh247.com/diem-chuan/dai-hoc-cong-thuong-tphcm-DCT.html,2026-09-29T09:25:37+00:00
tuyensinh247_cutoffs,DCT,2026,7220204,Ngôn ngữ Trung Quốc,D01;A01;D09;D14,22.5,https://diemthi.tuyensinh247.com/diem-chuan/dai-hoc-cong-thuong-tphcm-DCT.html,2026-09-29T09:25:37+00:00
tuyensinh247_cutoffs,DCT,2026,7340120,Kinh doanh quốc tế,D01;A01;C01;A00,21.5,https://diemthi.tuyensinh247.com/diem-chuan/dai-hoc-cong-thuong-tphcm-DCT.html,2026-09-29T09:25:37+00:00
tuyensinh247_cutoffs,DCT,2026,7340201,Tài chính ngân hàng,D01;A01;C01;A00,21,https://diemthi.tuyensinh247.com/diem-chuan/dai-hoc-cong-thuong-tphcm-DCT.html,2026-09-29T09:25:37+00:00
tuyensinh247_cutoffs,DCT,2026,7480107,Trí tuệ nhân tạo,D01;A00;C01;X26,20.5,https://diemthi.tuyensinh247.com/diem-chuan/dai-hoc-cong-thuong-tphcm-DCT.html,2026-09-29T09:25:37+00:00
tuyensinh247_cutoffs,DCT,2026,7510401,Công nghệ kỹ thuật hóa học,B00;B08;A00;D07,20.25,https://diemthi.tuyensinh247.com/diem-chuan/dai-hoc-cong-thuong-tphcm-DCT.html,2026-09-29T09:25:37+00:00
tuyensinh247_cutoffs,DCT,2026,7510601,Quản lý Công nghiệp,D01;A01;C01;A00,20.5,https://diemthi.tuyensinh247.com/diem-chuan/dai-hoc-cong-thuong-tphcm-DCT.html,2026-09-29T09:25:37+00:00
tuyensinh247_cutoffs,DCT,2026,7540105,Công nghệ chế biến thủy sản,B00;B08;A00;D07,16,https://diemthi.tuyensinh247.com/diem-chuan/dai-hoc-cong-thuong-tphcm-DCT.html,2026-09-29T09:25:37+00:00
tuyensinh247_cutoffs,DCT,2026,7810101,Du lịch,D01;C03;D15;C00,21.75,https://diemthi.tuyensinh247.com/diem-chuan/dai-hoc-cong-thuong-tphcm-DCT.html,2026-09-29T09:25:37+00:00
tuyensinh247_cutoffs,DCT,2026,7819009,Khoa học dinh dưỡng và ẩm thực,B00;A01;C02;D07,19.5,https://diemthi.tuyensinh247.com/diem-chuan/dai-hoc-cong-thuong-tphcm-DCT.html,2026-09-29T09:25:37+00:00
tuyensinh247_cutoffs,DCT,2026,BL7220204,Ngôn ngữ Trung Quốc - Chương trình liên kết Đại học Ngôn ngữ và Văn hoá Bắc Kinh; Trung Quốc (BLCU),A00;A01;B00;B08;C00;C01;C02;C03;D01;D07;D09;D14;D15;X01;X26,20,https://diemthi.tuyensinh247.com/diem-chuan/dai-hoc-cong-thuong-tphcm-DCT.html,2026-09-29T09:25:37+00:00
tuyensinh247_cutoffs,DCT,2026,LK7220204,Ngôn ngữ Trung Quốc - Chương trình liên kết với Đại học Lỗ Đông; Trung Quốc,A00;A01;B00;B08;C00;C01;C02;C03;D01;D07;D09;D14;D15;X01;X26,16,https://diemthi.tuyensinh247.com/diem-chuan/dai-hoc-cong-thuong-tphcm-DCT.html,2026-09-29T09:25:37+00:00
tuyensinh247_cutoffs,HIU,2025,7140114,Quản lý Giáo dục,A00;A01;C00;D01;D14;D15,15,https://diemthi.tuyensinh247.com/diem-chuan/dai-hoc-quoc-te-hong-bang-HIU.html,2026-09-29T09:25:39+00:00
tuyensinh247_cutoffs,HIU,2025,7220201,Ngôn ngữ Anh,C00;C04;C14;D01;D14;D15;X02,15,https://diemthi.tuyensinh247.com/diem-chuan/dai-hoc-quoc-te-hong-bang-HIU.html,2026-09-29T09:25:39+00:00
tuyensinh247_cutoffs,HIU,2025,7220204,Ngôn ngữ Trung Quốc,C00;C04;C14;D01;D04;D14;D15,15,https://diemthi.tuyensinh247.com/diem-chuan/dai-hoc-quoc-te-hong-bang-HIU.html,2026-09-29T09:25:39+00:00
tuyensinh247_cutoffs,HIU,2025,7220210,Ngôn ngữ Hàn Quốc,C00;C04;C14;D01;D04;D14;D15,15,https://diemthi.tuyensinh247.com/diem-chuan/dai-hoc-quoc-te-hong-bang-HIU.html,2026-09-29T09:25:39+00:00
tuyensinh247_cutoffs,HIU,2025,7310206,Quan hệ quốc tế,C00;C20;D01;D14;D15;X71,15,https://diemthi.tuyensinh247.com/diem-chuan/dai-hoc-quoc-te-hong-bang-HIU.html,2026-09-29T09:25:39+00:00
tuyensinh247_cutoffs,HIU,2025,7310401,Tâm lý học,C00;C20;D01;D14;D15;X71,15,https://diemthi.tuyensinh247.com/diem-chuan/dai-hoc-quoc-te-hong-bang-HIU.html,2026-09-29T09:25:39+00:00
tuyensinh247_cutoffs,HIU,2025,7320104,Truyền thông đa phương tiện,C00;C20;D01;D14;D15;X71,15,https://diemthi.tuyensinh247.com/diem-chuan/dai-hoc-quoc-te-hong-bang-HIU.html,2026-09-29T09:25:39+00:00
tuyensinh247_cutoffs,HIU,2025,7320108,Quan hệ công chúng,C00;C20;D01;D14;D15;X71,15,https://diemthi.tuyensinh247.com/diem-chuan/dai-hoc-quoc-te-hong-bang-HIU.html,2026-09-29T09:25:39+00:00
tuyensinh247_cutoffs,HIU,2025,7340114,Digital Marketing,A00;A01;C00;C03;C04;D01;X26,15,https://diemthi.tuyensinh247.com/diem-chuan/dai-hoc-quoc-te-hong-bang-HIU.html,2026-09-29T09:25:39+00:00
tuyensinh247_cutoffs,HIU,2025,7340120,Kinh doanh quốc tế,A00;A01;C00;C03;C04;D01;X26,15,https://diemthi.tuyensinh247.com/diem-chuan/dai-hoc-quoc-te-hong-bang-HIU.html,2026-09-29T09:25:39+00:00
tuyensinh247_cutoffs,HIU,2025,7340201,Tài chính - Ngân hàng,A00;A01;C00;C03;C04;D01;X26,15,https://diemthi.tuyensinh247.com/diem-chuan/dai-hoc-quoc-te-hong-bang-HIU.html,2026-09-29T09:25:39+00:00
tuyensinh247_cutoffs,HIU,2025,7340205,Công nghệ tài chính,A00;A01;C00;C03;C04;D01;X26,15,https://diemthi.tuyensinh247.com/diem-chuan/dai-hoc-quoc-te-hong-bang-HIU.html,2026-09-29T09:25:39+00:00
tuyensinh247_cutoffs,HIU,2025,7340301,Kế toán,A00;A01;C00;C03;C04;D01;X26,15,https://diemthi.tuyensinh247.com/diem-chuan/dai-hoc-quoc-te-hong-bang-HIU.html,2026-09-29T09:25:39+00:00
tuyensinh247_cutoffs,HIU,2025,7380101,Luật,A08;C00;C14;C20;D01;D15,15,https://diemthi.tuyensinh247.com/diem-chuan/dai-hoc-quoc-te-hong-bang-HIU.html,2026-09-29T09:25:39+00:00
tuyensinh247_cutoffs,HIU,2025,7380107,Luật kinh tế,A08;C00;C14;C20;D01;D15,15,https://diemthi.tuyensinh247.com/diem-chuan/dai-hoc-quoc-te-hong-bang-HIU.html,2026-09-29T09:25:39+00:00
tuyensinh247_cutoffs,HIU,2025,7480201,Công nghệ thông tin,A00;A01;D07;X06;X10;X26,15,https://diemthi.tuyensinh247.com/diem-chuan/dai-hoc-quoc-te-hong-bang-HIU.html,2026-09-29T09:25:39+00:00
tuyensinh247_cutoffs,HIU,2025,7510605,Logistics và quản lý chuỗi cung ứng,A00;A01;C02;D01;X06;X26,15,https://diemthi.tuyensinh247.com/diem-chuan/dai-hoc-quoc-te-hong-bang-HIU.html,2026-09-29T09:25:39+00:00
tuyensinh247_cutoffs,HIU,2025,7520114,Kỹ thuật cơ điện tử,A00;A01;C02;D01;X06;X26,15,https://diemthi.tuyensinh247.com/diem-chuan/dai-hoc-quoc-te-hong-bang-HIU.html,2026-09-29T09:25:39+00:00
tuyensinh247_cutoffs,HIU,2025,7520212,Kỹ thuật y sinh,A00;B00;D07;D08;X10;X14,15,https://diemthi.tuyensinh247.com/diem-chuan/dai-hoc-quoc-te-hong-bang-HIU.html,2026-09-29T09:25:39+00:00
tuyensinh247_cutoffs,HIU,2025,7580101,Kiến trúc,A00;A01;V00;V01;X06;X10,15,https://diemthi.tuyensinh247.com/diem-chuan/dai-hoc-quoc-te-hong-bang-HIU.html,2026-09-29T09:25:39+00:00
tuyensinh247_cutoffs,HIU,2025,7720101,Y khoa,A00;A02;B00;D07;D08;X14,20.5,https://diemthi.tuyensinh247.com/diem-chuan/dai-hoc-quoc-te-hong-bang-HIU.html,2026-09-29T09:25:39+00:00
tuyensinh247_cutoffs,HIU,2025,7720201,Dược học,A00;B00;D07;D08;X10;X14,19,https://diemthi.tuyensinh247.com/diem-chuan/dai-hoc-quoc-te-hong-bang-HIU.html,2026-09-29T09:25:39+00:00
tuyensinh247_cutoffs,HIU,2025,7720301,Điều dưỡng,A00;B00;D07;D08;X10;X14,17,https://diemthi.tuyensinh247.com/diem-chuan/dai-hoc-quoc-te-hong-bang-HIU.html,2026-09-29T09:25:39+00:00
tuyensinh247_cutoffs,HIU,2025,7720401,Dinh dưỡng,A00;B00;D07;D08;X10;X14,15,https://diemthi.tuyensinh247.com/diem-chuan/dai-hoc-quoc-te-hong-bang-HIU.html,2026-09-29T09:25:39+00:00
tuyensinh247_cutoffs,HIU,2025,7720501,Răng - Hàm - Mặt,A00;A02;B00;D07;D08;X14,20.5,https://diemthi.tuyensinh247.com/diem-chuan/dai-hoc-quoc-te-hong-bang-HIU.html,2026-09-29T09:25:39+00:00
tuyensinh247_cutoffs,HIU,2025,7720601,Kỹ thuật xét nghiệm y học,A00;B00;D07;D08;X10;X14,17,https://diemthi.tuyensinh247.com/diem-chuan/dai-hoc-quoc-te-hong-bang-HIU.html,2026-09-29T09:25:39+00:00
tuyensinh247_cutoffs,HIU,2025,7720603,Kỹ thuật Phục hồi chức năng,A00;B00;D07;D08;X10;X14,17,https://diemthi.tuyensinh247.com/diem-chuan/dai-hoc-quoc-te-hong-bang-HIU.html,2026-09-29T09:25:39+00:00
tuyensinh247_cutoffs,HIU,2025,7720701,Y tế công cộng,A00;B00;D07;D08;X10;X14,15,https://diemthi.tuyensinh247.com/diem-chuan/dai-hoc-quoc-te-hong-bang-HIU.html,2026-09-29T09:25:39+00:00
tuyensinh247_cutoffs,HIU,2025,7810201,Quản trị khách sạn,C00;C20;D01;D14;D15;X71,15,https://diemthi.tuyensinh247.com/diem-chuan/dai-hoc-quoc-te-hong-bang-HIU.html,2026-09-29T09:25:39+00:00
tuyensinh247_cutoffs,HIU,2025,7210403,Thiết kế đồ họa,A00;A01;H01;X06;X26,15,https://diemthi.tuyensinh247.com/diem-chuan/dai-hoc-quoc-te-hong-bang-HIU.html,2026-09-29T09:25:39+00:00
tuyensinh247_cutoffs,HIU,2025,7220209,Ngôn ngữ Nhật,C00;C04;C14;D01;D04;D14;D15,15,https://diemthi.tuyensinh247.com/diem-chuan/dai-hoc-quoc-te-hong-bang-HIU.html,2026-09-29T09:25:39+00:00
tuyensinh247_cutoffs,HIU,2025,7310630,Việt Nam học,C00;C20;D01;D14;D15;X71,15,https://diemthi.tuyensinh247.com/diem-chuan/dai-hoc-quoc-te-hong-bang-HIU.html,2026-09-29T09:25:39+00:00
tuyensinh247_cutoffs,HIU,2025,7340101,Quản trị kinh doanh,A00;A01;C00;C03;C04;D01;X26,15,https://diemthi.tuyensinh247.com/diem-chuan/dai-hoc-quoc-te-hong-bang-HIU.html,2026-09-29T09:25:39+00:00
tuyensinh247_cutoffs,HIU,2025,7340122,Thương mại điện tử,A00;A01;C00;C03;C04;D01;X26,15,https://diemthi.tuyensinh247.com/diem-chuan/dai-hoc-quoc-te-hong-bang-HIU.html,2026-09-29T09:25:39+00:00
tuyensinh247_cutoffs,HIU,2025,7340412,Quản trị sự kiện,A00;A01;C00;C03;C04;D01;X26,15,https://diemthi.tuyensinh247.com/diem-chuan/dai-hoc-quoc-te-hong-bang-HIU.html,2026-09-29T09:25:39+00:00
tuyensinh247_cutoffs,HIU,2025,7420201,Công nghệ sinh học,A00;A02;B00;D07;D08;X14,15,https://diemthi.tuyensinh247.com/diem-chuan/dai-hoc-quoc-te-hong-bang-HIU.html,2026-09-29T09:25:39+00:00
tuyensinh247_cutoffs,HIU,2025,7720115,Y học cổ truyền,A00;A02;B00;D07;D08;X14,19,https://diemthi.tuyensinh247.com/diem-chuan/dai-hoc-quoc-te-hong-bang-HIU.html,2026-09-29T09:25:39+00:00
tuyensinh247_cutoffs,HIU,2025,7720302,Hộ sinh,A00;B00;D07;D08;X10;X14,17,https://diemthi.tuyensinh247.com/diem-chuan/dai-hoc-quoc-te-hong-bang-HIU.html,2026-09-29T09:25:39+00:00
tuyensinh247_cutoffs,HIU,2025,7720602,Kỹ thuật hình ảnh y học,A00;B00;D07;D08;X10;X14,17,https://diemthi.tuyensinh247.com/diem-chuan/dai-hoc-quoc-te-hong-bang-HIU.html,2026-09-29T09:25:39+00:00
tuyensinh247_cutoffs,HIU,2025,7810103,Quản trị dịch vụ du lịch và lữ hành,C00;C20;D01;D14;D15;X71,15,https://diemthi.tuyensinh247.com/diem-chuan/dai-hoc-quoc-te-hong-bang-HIU.html,2026-09-29T09:25:39+00:00
tuyensinh247_cutoffs,SIU,2025,7140103,Công nghệ giáo dục,A00;A01;X06;X10;X02;D07,15,https://diemthi.tuyensinh247.com/diem-chuan/dai-hoc-quoc-te-sai-gon-SIU.html,2026-09-29T09:25:41+00:00
tuyensinh247_cutoffs,SIU,2025,7310401,Tâm lý học,A08;B00;C00;D01;D14;D15,16,https://diemthi.tuyensinh247.com/diem-chuan/dai-hoc-quoc-te-sai-gon-SIU.html,2026-09-29T09:25:41+00:00
tuyensinh247_cutoffs,SIU,2025,7310608,Đông phương học,C00;D01;D14;D15;D63;D65,15,https://diemthi.tuyensinh247.com/diem-chuan/dai-hoc-quoc-te-sai-gon-SIU.html,2026-09-29T09:25:41+00:00
tuyensinh247_cutoffs,SIU,2025,7320104,Truyền thông đa phương tiện,A00;A01;C00;D01;D09;D10,16,https://diemthi.tuyensinh247.com/diem-chuan/dai-hoc-quoc-te-sai-gon-SIU.html,2026-09-29T09:25:41+00:00
tuyensinh247_cutoffs,SIU,2025,7320108,Quan hệ công chúng,A00;A01;C00;C03;C19;D01,16,https://diemthi.tuyensinh247.com/diem-chuan/dai-hoc-quoc-te-sai-gon-SIU.html,2026-09-29T09:25:41+00:00
tuyensinh247_cutoffs,SIU,2025,7340101,Quản trị kinh doanh,A00;A01;A07;A09;C14;D01,15,https://diemthi.tuyensinh247.com/diem-chuan/dai-hoc-quoc-te-sai-gon-SIU.html,2026-09-29T09:25:41+00:00
tuyensinh247_cutoffs,SIU,2025,7340122,Thương mại điện tử,A00;A01;A07;X02;C14;D01,15,https://diemthi.tuyensinh247.com/diem-chuan/dai-hoc-quoc-te-sai-gon-SIU.html,2026-09-29T09:25:41+00:00
tuyensinh247_cutoffs,SIU,2025,7380107,Luật kinh tế,A00;A01;C00;C20;D01;D66,18,https://diemthi.tuyensinh247.com/diem-chuan/dai-hoc-quoc-te-sai-gon-SIU.html,2026-09-29T09:25:41+00:00
tuyensinh247_cutoffs,SIU,2025,7480101,Khoa học máy tính,A00;A01;X06;X10;X02;D07,16,https://diemthi.tuyensinh247.com/diem-chuan/dai-hoc-quoc-te-sai-gon-SIU.html,2026-09-29T09:25:41+00:00
tuyensinh247_cutoffs,SIU,2025,7510605,Logistics và quản lý chuỗi cung ứng,A00;A01;A07;C14;D01;D66,16,https://diemthi.tuyensinh247.com/diem-chuan/dai-hoc-quoc-te-sai-gon-SIU.html,2026-09-29T09:25:41+00:00
tuyensinh247_cutoffs,SIU,2025,7810201,Quản trị khách sạn,A00;A01;A07;A09;C00;D01,15,https://diemthi.tuyensinh247.com/diem-chuan/dai-hoc-quoc-te-sai-gon-SIU.html,2026-09-29T09:25:41+00:00
tuyensinh247_cutoffs,SIU,2025,7220201,Ngôn ngữ Anh,A01;D01;D14;D09;D15;D66,16,https://diemthi.tuyensinh247.com/diem-chuan/dai-hoc-quoc-te-sai-gon-SIU.html,2026-09-29T09:25:41+00:00
tuyensinh247_cutoffs,SIU,2025,7340301,Kế toán,A00;A01;C01;C14;D01;D07,15,https://diemthi.tuyensinh247.com/diem-chuan/dai-hoc-quoc-te-sai-gon-SIU.html,2026-09-29T09:25:41+00:00
tuyensinh247_cutoffs,SIU,2025,7480201,Công nghệ thông tin,A00;A01;X06;X02;D01;D07,16,https://diemthi.tuyensinh247.com/diem-chuan/dai-hoc-quoc-te-sai-gon-SIU.html,2026-09-29T09:25:41+00:00
